description,ghg_category,scenario,industry,item_type,amount,language
商務差旅住宿預訂 (3137 晚),6,travel,Business Services,Accommodation,38959.76,zh
購買工業用 硫酸 298 liters,1,raw_materials,Manufacturing,Chemical,1002575.9,zh
電力供應合約 (12 months，9797 kWh),3,energy,Utilities,Electricity,1873370.59,zh
建造 辦公大樓 (20782 平方公尺),2,equipment,Real Estate,Building,373284820.87,zh
倉庫液化石油氣供應 (quarterly),3,energy,Utilities,Fuel,2637846.94,zh
採購電力 5578 度（台電）,3,energy,Utilities,Electricity,4862126.78,zh
再生能源設施建設 (9011 MW),2,equipment,Energy,Power Generation,35422981.7,zh
事業廢棄物清運處理 (annual),5,waste,Environmental Services,Waste Disposal,1128331.97,zh
採購 5168 kg 鋼板用於製造,1,raw_materials,Manufacturing,Metal,4245181.86,zh
天然氣供應合約 (3530 立方公尺),3,energy,Utilities,Fuel,432836.29,zh
聘請 IT顧問 (14 個月),1,services,Professional Services,Consulting,994789.59,zh
天然氣供應合約 (6018 立方公尺),3,energy,Utilities,Fuel,1279446.63,zh
汽油採購供車隊使用 (3861 公升),3,energy,Utilities,Fuel,2923294.1,zh
採購 3482 tons 大豆作為食品原料,1,raw_materials,Food & Beverage,Agricultural,2425181.35,zh
購買工業用 丙酮 7875 liters,1,raw_materials,Manufacturing,Chemical,1774741.1,zh
購買 銅線 312 kg 供生產使用,1,raw_materials,Manufacturing,Metal,868221.64,zh
太陽能板安裝 (容量 6905 kW),2,equipment,Energy,Power Generation,67484632.09,zh
購買工業用 乙醇 5784 liters,1,raw_materials,Manufacturing,Chemical,838894.68,zh
有害廢棄物處理合約 (2899 噸),5,waste,Environmental Services,Waste Disposal,457763.15,zh
商務差旅住宿預訂 (4922 晚),6,travel,Business Services,Accommodation,731424.96,zh
購買有機 玉米 1933 tons,1,raw_materials,Food & Beverage,Agricultural,2461879.84,zh
總部一般廢棄物清運服務,5,waste,Environmental Services,Waste Disposal,114804.25,zh
辦公室租賃 (21977 坪，區域辦公室),8,leased_assets,Real Estate,Office Lease,7082276.0,zh
工業用 CNC 機床 (7742 台) 含安裝,2,equipment,Manufacturing,Machinery,49552273.55,zh
員工交通津貼補助 (annual),7,commute,HR Services,Commute Allowance,1555982.24,zh
管理專業服務合約,1,services,Professional Services,Consulting,1551767.92,zh
再生能源電力採購 (4588 MWh),3,energy,Utilities,Electricity,2047253.97,zh
購置 輸送系統 (industrial grade),2,equipment,IT Infrastructure,Hardware,1655255.14,zh
太陽能板安裝 (容量 1638 kW),2,equipment,Energy,Power Generation,101507593.43,zh
購買 不鏽鋼 9585 kg 供生產使用,1,raw_materials,Manufacturing,Metal,4041731.61,zh
採購 1002 kg 鋼板用於製造,1,raw_materials,Manufacturing,Metal,1715150.03,zh
工業用 CNC 機床 (9388 台) 含安裝,2,equipment,Manufacturing,Machinery,27994691.42,zh
設施維護服務 (12 months),1,services,Facility Management,Maintenance,659378.91,zh
工業用 CNC 機床 (9257 台) 含安裝,2,equipment,Manufacturing,Machinery,35554115.42,zh
再生能源設施建設 (2771 MW),2,equipment,Energy,Power Generation,99084705.52,zh
購買 銅線 8715 kg 供生產使用,1,raw_materials,Manufacturing,Metal,1363050.13,zh
事業廢棄物清運處理 (annual),5,waste,Environmental Services,Waste Disposal,1321212.35,zh
倉庫設施用電 (quarterly),3,energy,Utilities,Electricity,1457542.34,zh
配送中心建築合約 (區域辦公室),2,equipment,Real Estate,Building,456899248.27,zh
購買工業用 氫氧化鈉 737 liters,1,raw_materials,Manufacturing,Chemical,1336974.09,zh
永續諮詢服務 (6 months),1,services,Professional Services,Consulting,481124.59,zh
8984 名員工通勤補貼,7,commute,HR Services,Commute Allowance,654296.12,zh
雲端 管理服務 - 6 months合約,1,services,IT Services,Software,564969.74,zh
購買 不鏽鋼 3921 kg 供生產使用,1,raw_materials,Manufacturing,Metal,2596478.54,zh
冷凍倉儲租賃 (4854 立方公尺),4,logistics,Logistics,Warehousing,126641.0,zh
electronics自動化組裝線,2,equipment,Manufacturing,Production Line,41618864.58,zh
採購 甲苯 溶劑 470 liters,1,raw_materials,Manufacturing,Chemical,406835.72,zh
完整 electronics生產線安裝,2,equipment,Manufacturing,Production Line,37661017.24,zh
採購 6529 個 電容用於組裝,1,raw_materials,Electronics,Electronic Components,5968338.26,zh
有害廢棄物處理合約 (1050 噸),5,waste,Environmental Services,Waste Disposal,267038.1,zh
倉儲服務 (485 平方公尺，quarterly),4,logistics,Logistics,Warehousing,768173.16,zh
管理專業服務合約,1,services,Professional Services,Consulting,1013805.25,zh
永續運輸服務 - 東西,4,logistics,Logistics,Freight,1657386.21,zh
購買 PCB 電路板 元件 949 個,1,raw_materials,Electronics,Electronic Components,4815143.6,zh
完整 electronics生產線安裝,2,equipment,Manufacturing,Production Line,83602640.14,zh
總部一般廢棄物清運服務,5,waste,Environmental Services,Waste Disposal,1477281.18,zh
分公司液化石油氣供應 (6 months),3,energy,Utilities,Fuel,2887068.51,zh
有害廢棄物處理合約 (9875 噸),5,waste,Environmental Services,Waste Disposal,478236.73,zh
天然氣供應合約 (395 立方公尺),3,energy,Utilities,Fuel,2194937.84,zh
辦公場所清潔維護合約,1,services,Facility Management,Maintenance,1101888.89,zh
市區區域配送月度運輸服務,4,logistics,Logistics,Freight,3030820.93,zh
永續諮詢服務 (6 months),1,services,Professional Services,Consulting,1702405.05,zh
事業廢棄物清運處理 (annual),5,waste,Environmental Services,Waste Disposal,644228.59,zh
車隊採購 - 9332 輛 載貨車輛,2,equipment,Transportation,Vehicle,5797187.61,zh
共同工作空間會員 (9904 個座位),8,leased_assets,Real Estate,Office Lease,938339.84,zh
國際航空差旅 (跨境，6 months),6,travel,Business Services,Air Travel,838277.97,zh
太陽能板安裝 (容量 7657 kW),2,equipment,Energy,Power Generation,136906303.12,zh
倉儲服務 (9013 平方公尺，12 months),4,logistics,Logistics,Warehousing,1959591.45,zh
IT專業服務合約,1,services,Professional Services,Consulting,60933.87,zh
總部第三方倉儲 - 2609 坪,4,logistics,Logistics,Warehousing,384831.52,zh
東西區域配送月度運輸服務,4,logistics,Logistics,Freight,47146.04,zh
採購 7904 tons 大豆作為食品原料,1,raw_materials,Food & Beverage,Agricultural,2920854.99,zh
汽油採購供車隊使用 (9403 公升),3,energy,Utilities,Fuel,2891927.72,zh
再生能源設施建設 (7023 MW),2,equipment,Energy,Power Generation,43013949.3,zh
automotive parts自動化組裝線,2,equipment,Manufacturing,Production Line,73254473.39,zh
採購 164 tons 大豆作為食品原料,1,raw_materials,Food & Beverage,Agricultural,2640816.6,zh
資源回收處理服務合約 (quarterly),5,waste,Environmental Services,Waste Disposal,335238.24,zh
完整 automotive parts生產線安裝,2,equipment,Manufacturing,Production Line,79690148.12,zh
雲端 IT服務 - annual合約,1,services,IT Services,Software,264830.47,zh
企業住宿合約 - 首爾,6,travel,Business Services,Accommodation,401734.69,zh
採購 2892 kg 不鏽鋼用於製造,1,raw_materials,Manufacturing,Metal,1086866.09,zh
堆高機採購 (industrial grade),2,equipment,Transportation,Vehicle,6931765.66,zh
跨境區域配送月度運輸服務,4,logistics,Logistics,Freight,1125356.39,zh
工廠第三方倉儲 - 9651 坪,4,logistics,Logistics,Warehousing,1159343.12,zh
工廠一般廢棄物清運服務,5,waste,Environmental Services,Waste Disposal,79927.5,zh
冷凍倉儲租賃 (2054 立方公尺),4,logistics,Logistics,Warehousing,2695422.31,zh
商務艙機票至新加坡,6,travel,Business Services,Air Travel,816105.76,zh
購買有機 大豆 3336 tons,1,raw_materials,Food & Beverage,Agricultural,2633056.16,zh
辦公場所清潔維護合約,1,services,Facility Management,Maintenance,233515.24,zh
有害廢棄物處理合約 (2906 噸),5,waste,Environmental Services,Waste Disposal,351806.17,zh
物流服務合約 - 東西線 (6 months),4,logistics,Logistics,Freight,752338.71,zh
事業廢棄物清運處理 (6 months),5,waste,Environmental Services,Waste Disposal,538069.59,zh
購買 微晶片 元件 782 個,1,raw_materials,Electronics,Electronic Components,2496455.15,zh
辦公場所清潔維護合約,1,services,Facility Management,Maintenance,309080.0,zh
商務差旅租車服務 (quarterly),6,travel,Business Services,Ground Transportation,124819.28,zh
機場接駁服務合約,6,travel,Business Services,Ground Transportation,13540.59,zh
購買 電容 元件 3123 個,1,raw_materials,Electronics,Electronic Components,4247584.95,zh
天然氣供應合約 (198 立方公尺),3,energy,Utilities,Fuel,1260515.42,zh
冷凍倉儲租賃 (4999 立方公尺),4,logistics,Logistics,Warehousing,221785.87,zh
8727 名員工通勤補貼,7,commute,HR Services,Commute Allowance,198466.98,zh
採購 包裝機用於生產設施,2,equipment,Manufacturing,Machinery,29346432.84,zh
完整 consumer goods生產線安裝,2,equipment,Manufacturing,Production Line,18354023.26,zh
採購 7791 個 電阻用於組裝,1,raw_materials,Electronics,Electronic Components,6886858.3,zh
採購電力 8830 度（地方公用事業）,3,energy,Utilities,Electricity,942373.76,zh
採購 9735 kg 鋁合金用於製造,1,raw_materials,Manufacturing,Metal,4701922.07,zh
IT 基礎設施升級 - 機械手臂 (235 台),2,equipment,IT Infrastructure,Hardware,331991.79,zh
購買工業用 乙醇 608 liters,1,raw_materials,Manufacturing,Chemical,414487.74,zh
採購 乙醇 溶劑 7551 liters,1,raw_materials,Manufacturing,Chemical,203162.0,zh
聘請 永續顧問 (24 個月),1,services,Professional Services,Consulting,1322824.62,zh
購買 鋁合金 1697 kg 供生產使用,1,raw_materials,Manufacturing,Metal,3393445.05,zh
車隊採購 - 2660 輛 載貨車輛,2,equipment,Transportation,Vehicle,24399750.64,zh
財務運輸服務 - 市區,4,logistics,Logistics,Freight,2255245.35,zh
機械手臂發電系統 - 2820 MW,2,equipment,Energy,Power Generation,175301513.98,zh
機場接駁服務合約,6,travel,Business Services,Ground Transportation,339089.71,zh
太陽能板安裝 (容量 2242 kW),2,equipment,Energy,Power Generation,180736337.28,zh
購買 鋼板 2870 kg 供生產使用,1,raw_materials,Manufacturing,Metal,3858726.06,zh
分公司設施用電 (annual),3,energy,Utilities,Electricity,2301886.07,zh
車隊採購 - 7000 輛 載貨車輛,2,equipment,Transportation,Vehicle,11424341.11,zh
CRM軟體訂閱 (8581 授權，6 months),1,services,IT Services,Software,790330.77,zh
事業廢棄物清運處理 (quarterly),5,waste,Environmental Services,Waste Disposal,1256646.25,zh
研發部門商務旅遊套裝 (12 months),6,travel,Business Services,Air Travel,95905.3,zh
完整 automotive parts生產線安裝,2,equipment,Manufacturing,Production Line,98315700.52,zh
汽油採購供車隊使用 (7384 公升),3,energy,Utilities,Fuel,272729.62,zh
採購 3220 kg 鋼板用於製造,1,raw_materials,Manufacturing,Metal,4889612.61,zh
聘請 永續顧問 (6 個月),1,services,Professional Services,Consulting,274277.25,zh
分公司第三方倉儲 - 8770 坪,4,logistics,Logistics,Warehousing,363653.43,zh
雲端 管理服務 - quarterly合約,1,services,IT Services,Software,656443.88,zh
購置 包裝機 (industrial grade),2,equipment,IT Infrastructure,Hardware,5250662.56,zh
汽油採購供車隊使用 (6177 公升),3,energy,Utilities,Fuel,2873351.95,zh
購買工業用 氫氧化鈉 4910 liters,1,raw_materials,Manufacturing,Chemical,1354616.41,zh
商務差旅租車服務 (12 months),6,travel,Business Services,Ground Transportation,62733.86,zh
國際航空差旅 (東西，annual),6,travel,Business Services,Air Travel,1720649.86,zh
辦公大樓建築合約 (總部),2,equipment,Real Estate,Building,498940210.77,zh
採購 1406 個 LED 模組用於組裝,1,raw_materials,Electronics,Electronic Components,4851019.95,zh
購置 射出成型機 - industrial grade,2,equipment,Manufacturing,Machinery,13615985.99,zh
總部設施用電 (6 months),3,energy,Utilities,Electricity,3176926.98,zh
工廠倉庫租賃 (1605 平方公尺),8,leased_assets,Real Estate,Office Lease,9188945.16,zh
公司交通車服務 (6 months),7,commute,HR Services,Shuttle Service,524854.87,zh
事業廢棄物清運處理 (6 months),5,waste,Environmental Services,Waste Disposal,1273568.24,zh
分公司第三方倉儲 - 5620 坪,4,logistics,Logistics,Warehousing,2174573.37,zh
電力供應合約 (6 months，9936 kWh),3,energy,Utilities,Electricity,3228067.15,zh
管理專業服務合約,1,services,Professional Services,Consulting,1247993.06,zh
事業廢棄物清運處理 (annual),5,waste,Environmental Services,Waste Disposal,1121321.4,zh
consumer goods自動化組裝線,2,equipment,Manufacturing,Production Line,6113579.41,zh
市區區域配送月度運輸服務,4,logistics,Logistics,Freight,3445603.2,zh
購買 不鏽鋼 2916 kg 供生產使用,1,raw_materials,Manufacturing,Metal,1163244.58,zh
區域辦公室大樓管理服務 (32 個月),1,services,Facility Management,Maintenance,612697.23,zh
倉庫液化石油氣供應 (annual),3,energy,Utilities,Fuel,2203237.7,zh
購買 鋁合金 8363 kg 供生產使用,1,raw_materials,Manufacturing,Metal,4860244.6,zh
購買 電容 元件 9079 個,1,raw_materials,Electronics,Electronic Components,2495035.02,zh
資源回收處理服務合約 (quarterly),5,waste,Environmental Services,Waste Disposal,1047366.9,zh
車隊採購 - 3980 輛 電動廂型車,2,equipment,Transportation,Vehicle,21939599.19,zh
採購 硫酸 溶劑 4140 liters,1,raw_materials,Manufacturing,Chemical,1407191.48,zh
總部設施用電 (quarterly),3,energy,Utilities,Electricity,1597047.39,zh
購買 不鏽鋼 2636 kg 供生產使用,1,raw_materials,Manufacturing,Metal,2042923.23,zh
分公司大樓管理服務 (16 個月),1,services,Facility Management,Maintenance,894447.93,zh
購買 鈦金屬 1133 kg 供生產使用,1,raw_materials,Manufacturing,Metal,2450468.44,zh
倉庫一般廢棄物清運服務,5,waste,Environmental Services,Waste Disposal,780595.57,zh
雲端 財務服務 - 12 months合約,1,services,IT Services,Software,835446.75,zh
事業廢棄物清運處理 (annual),5,waste,Environmental Services,Waste Disposal,33660.71,zh
購買有機 小麥 2140 tons,1,raw_materials,Food & Beverage,Agricultural,645819.56,zh
購置 包裝機 - industrial grade,2,equipment,Manufacturing,Machinery,38591056.27,zh
鋼板原料採購 - 5328 kg,1,raw_materials,Manufacturing,Metal,4864673.98,zh
採購電力 1632 度（再生能源供應商）,3,energy,Utilities,Electricity,4058280.37,zh
公司交通車服務 (quarterly),7,commute,HR Services,Shuttle Service,977919.86,zh
倉儲服務 (8831 平方公尺，12 months),4,logistics,Logistics,Warehousing,1737879.23,zh
有害廢棄物處理合約 (7886 噸),5,waste,Environmental Services,Waste Disposal,979236.3,zh
電力供應合約 (6 months，2022 kWh),3,energy,Utilities,Electricity,438240.41,zh
Collaboration軟體訂閱 (427 授權，quarterly),1,services,IT Services,Software,585746.46,zh
員工商務差旅 (9562 趟，舊金山),6,travel,Business Services,Air Travel,51682.49,zh
電力供應合約 (6 months，8189 kWh),3,energy,Utilities,Electricity,4695399.7,zh
採購 7964 tons 大豆作為食品原料,1,raw_materials,Food & Beverage,Agricultural,1733349.03,zh
公司交通車服務 (12 months),7,commute,HR Services,Shuttle Service,1257463.83,zh
商務差旅住宿預訂 (9434 晚),6,travel,Business Services,Accommodation,553900.46,zh
法律諮詢服務 (6 months),1,services,Professional Services,Consulting,78556.5,zh
再生能源電力採購 (2216 MWh),3,energy,Utilities,Electricity,2086333.85,zh
購置 包裝機 (industrial grade),2,equipment,IT Infrastructure,Hardware,4910852.43,zh
汽油採購供車隊使用 (9544 公升),3,energy,Utilities,Fuel,789291.07,zh
工業用 輸送系統 (9286 台) 含安裝,2,equipment,Manufacturing,Machinery,11548674.45,zh
倉庫一般廢棄物清運服務,5,waste,Environmental Services,Waste Disposal,1162572.81,zh
汽油採購供車隊使用 (8311 公升),3,energy,Utilities,Fuel,1558853.65,zh
購置 射出成型機 (industrial grade),2,equipment,IT Infrastructure,Hardware,6410765.49,zh
商務差旅住宿預訂 (6836 晚),6,travel,Business Services,Accommodation,249014.59,zh
工廠設施用電 (annual),3,energy,Utilities,Electricity,4731506.36,zh
辦公大樓建築合約 (分公司),2,equipment,Real Estate,Building,409054435.27,zh
購買 7882 輛 電動廂型車用於物流運營,2,equipment,Transportation,Vehicle,9739536.62,zh
辦公室租賃 (29162 坪，區域辦公室),8,leased_assets,Real Estate,Office Lease,895210.16,zh
區域辦公室一般廢棄物清運服務,5,waste,Environmental Services,Waste Disposal,274277.53,zh
電力供應合約 (quarterly，7839 kWh),3,energy,Utilities,Electricity,692334.24,zh
天然氣供應合約 (4276 立方公尺),3,energy,Utilities,Fuel,2938398.57,zh
購買有機 大豆 2076 tons,1,raw_materials,Food & Beverage,Agricultural,746413.13,zh
辦公場所清潔維護合約,1,services,Facility Management,Maintenance,607116.29,zh
區域辦公室設施用電 (annual),3,energy,Utilities,Electricity,4942507.18,zh
購買 LED 模組 元件 3658 個,1,raw_materials,Electronics,Electronic Components,1275091.34,zh
購買 鈦金屬 8927 kg 供生產使用,1,raw_materials,Manufacturing,Metal,658078.24,zh
Analytics SaaS 訂閱 (6201 使用者),1,services,IT Services,Software,156824.89,zh
天然氣供應合約 (1365 立方公尺),3,energy,Utilities,Fuel,1112244.93,zh
consumer goods製造產線 (產能 5019 件/日),2,equipment,Manufacturing,Production Line,15619290.8,zh
購買 LED 模組 元件 3998 個,1,raw_materials,Electronics,Electronic Components,1967262.16,zh
永續運輸服務 - 區域,4,logistics,Logistics,Freight,2003653.4,zh
商務艙機票至舊金山,6,travel,Business Services,Air Travel,1826228.82,zh
購買 微晶片 元件 802 個,1,raw_materials,Electronics,Electronic Components,2327581.3,zh
購買工業用 乙醇 8006 liters,1,raw_materials,Manufacturing,Chemical,1553506.17,zh
購買 9166 輛 電動廂型車用於物流運營,2,equipment,Transportation,Vehicle,2003949.38,zh
採購 3874 kg 鋁合金用於製造,1,raw_materials,Manufacturing,Metal,3597271.31,zh
購買 不鏽鋼 8315 kg 供生產使用,1,raw_materials,Manufacturing,Metal,1593926.41,zh
區域辦公室第三方倉儲 - 4493 坪,4,logistics,Logistics,Warehousing,2836557.71,zh
區域辦公室液化石油氣供應 (annual),3,energy,Utilities,Fuel,502378.61,zh
採購 射出成型機用於生產設施,2,equipment,Manufacturing,Machinery,32841412.56,zh
財務專業服務合約,1,services,Professional Services,Consulting,352487.63,zh
國際航空差旅 (南北，quarterly),6,travel,Business Services,Air Travel,167637.21,zh
採購 8662 kg 鋁合金用於製造,1,raw_materials,Manufacturing,Metal,1393402.41,zh
購買有機 糖 6780 tons,1,raw_materials,Food & Beverage,Agricultural,1299976.78,zh
永續諮詢服務 (quarterly),1,services,Professional Services,Consulting,1511463.98,zh
再生能源設施建設 (4732 MW),2,equipment,Energy,Power Generation,79018132.81,zh
研發部門住宿費用 (6 months),6,travel,Business Services,Accommodation,284987.9,zh
電力供應合約 (quarterly，7186 kWh),3,energy,Utilities,Electricity,1072561.23,zh
採購 4234 tons 稻米作為食品原料,1,raw_materials,Food & Beverage,Agricultural,2531684.21,zh
設施維護服務 (quarterly),1,services,Facility Management,Maintenance,599432.08,zh
汽油採購供車隊使用 (5935 公升),3,energy,Utilities,Fuel,1918737.28,zh
IT 基礎設施升級 - 機械手臂 (3818 台),2,equipment,IT Infrastructure,Hardware,3565656.81,zh
購買工業用 甲苯 1356 liters,1,raw_materials,Manufacturing,Chemical,120545.14,zh
採購 5274 個 LED 模組用於組裝,1,raw_materials,Electronics,Electronic Components,230840.96,zh
汽油採購供車隊使用 (3188 公升),3,energy,Utilities,Fuel,744799.25,zh
員工商務差旅 (3150 趟，舊金山),6,travel,Business Services,Air Travel,485656.17,zh
大眾運輸月票計畫 (6 months),7,commute,HR Services,Commute Allowance,950403.7,zh
採購 2372 kg 銅線用於製造,1,raw_materials,Manufacturing,Metal,3558952.52,zh
採購 9078 個 LED 模組用於組裝,1,raw_materials,Electronics,Electronic Components,2938087.15,zh
資源回收處理服務合約 (12 months),5,waste,Environmental Services,Waste Disposal,1069969.33,zh
IT諮詢服務 (12 months),1,services,Professional Services,Consulting,1416283.34,zh
員工停車費報支 (quarterly),7,commute,HR Services,Commute Allowance,679580.65,zh
購買工業用 氫氧化鈉 8025 liters,1,raw_materials,Manufacturing,Chemical,493423.62,zh
事業廢棄物清運處理 (6 months),5,waste,Environmental Services,Waste Disposal,592301.12,zh
冷凍倉儲租賃 (5126 立方公尺),4,logistics,Logistics,Warehousing,1453129.16,zh
企業住宿合約 - 倫敦,6,travel,Business Services,Accommodation,671263.47,zh
鋁合金原料採購 - 8583 kg,1,raw_materials,Manufacturing,Metal,814217.17,zh
堆高機採購 (industrial grade),2,equipment,Transportation,Vehicle,6788412.68,zh
車隊採購 - 1503 輛 貨車,2,equipment,Transportation,Vehicle,16099033.01,zh
總部液化石油氣供應 (quarterly),3,energy,Utilities,Fuel,2955328.87,zh
財務諮詢服務 (12 months),1,services,Professional Services,Consulting,904043.3,zh
electronics製造產線 (產能 218 件/日),2,equipment,Manufacturing,Production Line,15324990.99,zh
市區區域配送月度運輸服務,4,logistics,Logistics,Freight,2244048.19,zh
Collaboration SaaS 訂閱 (8761 使用者),1,services,IT Services,Software,210704.23,zh
製造廠建築合約 (倉庫),2,equipment,Real Estate,Building,271788806.99,zh
電力供應合約 (6 months，2864 kWh),3,energy,Utilities,Electricity,4301513.42,zh
設施維護服務 (12 months),1,services,Facility Management,Maintenance,655070.67,zh
包裝機發電系統 - 4594 MW,2,equipment,Energy,Power Generation,184396874.62,zh
大眾運輸月票計畫 (6 months),7,commute,HR Services,Commute Allowance,1878314.28,zh
新建 配送中心開發專案,2,equipment,Real Estate,Building,395567984.0,zh
採購電力 5254 度（再生能源供應商）,3,energy,Utilities,Electricity,103076.22,zh
機械手臂發電系統 - 3655 MW,2,equipment,Energy,Power Generation,118259935.98,zh
設施維護服務 (annual),1,services,Facility Management,Maintenance,451837.21,zh
總部液化石油氣供應 (12 months),3,energy,Utilities,Fuel,430983.15,zh
雲端 IT服務 - annual合約,1,services,IT Services,Software,624580.41,zh
區域辦公室第三方倉儲 - 993 坪,4,logistics,Logistics,Warehousing,391635.14,zh
採購 8377 台 射出成型機用於資料中心,2,equipment,IT Infrastructure,Hardware,2689714.46,zh
辦公場所清潔維護合約,1,services,Facility Management,Maintenance,1335088.48,zh
辦公場所清潔維護合約,1,services,Facility Management,Maintenance,1175699.14,zh
商務差旅租車服務 (annual),6,travel,Business Services,Ground Transportation,130268.63,zh
天然氣供應合約 (9606 立方公尺),3,energy,Utilities,Fuel,752928.01,zh
總部大樓管理服務 (24 個月),1,services,Facility Management,Maintenance,1128181.32,zh
員工停車費報支 (12 months),7,commute,HR Services,Commute Allowance,995720.01,zh
購買 PCB 電路板 元件 2805 個,1,raw_materials,Electronics,Electronic Components,6426930.51,zh
倉儲服務 (6413 平方公尺，6 months),4,logistics,Logistics,Warehousing,1674380.81,zh
新建 製造廠開發專案,2,equipment,Real Estate,Building,190410300.16,zh
倉儲服務 (6873 平方公尺，quarterly),4,logistics,Logistics,Warehousing,133048.57,zh
採購 4492 個 微晶片用於組裝,1,raw_materials,Electronics,Electronic Components,6609628.87,zh
採購 7188 個 LED 模組用於組裝,1,raw_materials,Electronics,Electronic Components,695376.34,zh
鋼板原料採購 - 9178 kg,1,raw_materials,Manufacturing,Metal,3289580.09,zh
購置 機械手臂 (industrial grade),2,equipment,IT Infrastructure,Hardware,2644228.79,zh
分公司設施用電 (6 months),3,energy,Utilities,Electricity,4488314.89,zh
共同工作空間會員 (9661 個座位),8,leased_assets,Real Estate,Office Lease,5378640.93,zh
購買工業用 氫氧化鈉 3779 liters,1,raw_materials,Manufacturing,Chemical,862622.08,zh
資源回收處理服務合約 (quarterly),5,waste,Environmental Services,Waste Disposal,343637.4,zh
設備租賃 (射出成型機，12 個月),8,leased_assets,Equipment Services,Equipment Lease,1515472.95,zh
分公司倉庫租賃 (35353 平方公尺),8,leased_assets,Real Estate,Office Lease,189275.43,zh
聘請 法律顧問 (13 個月),1,services,Professional Services,Consulting,935993.18,zh
IT諮詢服務 (quarterly),1,services,Professional Services,Consulting,1790111.73,zh
委外物流配送服務 (區域),4,logistics,Logistics,Freight,2553930.15,zh
採購 1848 tons 大豆作為食品原料,1,raw_materials,Food & Beverage,Agricultural,2139143.43,zh
員工交通津貼補助 (quarterly),7,commute,HR Services,Commute Allowance,637223.84,zh
委外物流配送服務 (跨境),4,logistics,Logistics,Freight,4444418.43,zh
雲端 IT服務 - annual合約,1,services,IT Services,Software,644024.15,zh
電力供應合約 (annual，5295 kWh),3,energy,Utilities,Electricity,270750.71,zh
再生能源電力採購 (5951 MWh),3,energy,Utilities,Electricity,1985267.83,zh
CRM SaaS 訂閱 (3270 使用者),1,services,IT Services,Software,907563.21,zh
購買有機 糖 4760 tons,1,raw_materials,Food & Beverage,Agricultural,1771900.4,zh
資源回收處理服務合約 (6 months),5,waste,Environmental Services,Waste Disposal,108957.08,zh
採購 4751 tons 糖作為食品原料,1,raw_materials,Food & Beverage,Agricultural,1406770.77,zh
鋼板原料採購 - 7337 kg,1,raw_materials,Manufacturing,Metal,4393377.72,zh
分公司設施用電 (6 months),3,energy,Utilities,Electricity,1851616.51,zh
永續運輸服務 - 市區,4,logistics,Logistics,Freight,623014.42,zh
物流服務合約 - 南北線 (6 months),4,logistics,Logistics,Freight,3404780.55,zh
資源回收處理服務合約 (annual),5,waste,Environmental Services,Waste Disposal,54139.81,zh
購買有機 糖 5134 tons,1,raw_materials,Food & Beverage,Agricultural,2863762.96,zh
倉庫大樓管理服務 (13 個月),1,services,Facility Management,Maintenance,1127888.05,zh
辦公場所清潔維護合約,1,services,Facility Management,Maintenance,675605.45,zh
事業廢棄物清運處理 (12 months),5,waste,Environmental Services,Waste Disposal,801819.68,zh
機場接駁服務合約,6,travel,Business Services,Ground Transportation,199050.3,zh
分公司大樓管理服務 (27 個月),1,services,Facility Management,Maintenance,981754.27,zh
購買有機 玉米 7106 tons,1,raw_materials,Food & Beverage,Agricultural,627565.87,zh
購買 鈦金屬 4726 kg 供生產使用,1,raw_materials,Manufacturing,Metal,1158229.5,zh
8337 名員工通勤補貼,7,commute,HR Services,Commute Allowance,1724757.43,zh
委外物流配送服務 (跨境),4,logistics,Logistics,Freight,1335901.72,zh
採購 射出成型機用於生產設施,2,equipment,Manufacturing,Machinery,46198438.22,zh
員工接駁車合約 - 區域,7,commute,HR Services,Shuttle Service,1048564.22,zh
汽油採購供車隊使用 (33 公升),3,energy,Utilities,Fuel,226672.99,zh
電力供應合約 (quarterly，681 kWh),3,energy,Utilities,Electricity,3165053.18,zh
採購 射出成型機用於生產設施,2,equipment,Manufacturing,Machinery,16995651.83,zh
採購 3735 個 電容用於組裝,1,raw_materials,Electronics,Electronic Components,6056779.51,zh
配送中心建築合約 (總部),2,equipment,Real Estate,Building,335709093.26,zh
資源回收處理服務合約 (12 months),5,waste,Environmental Services,Waste Disposal,393694.21,zh
倉庫設施用電 (12 months),3,energy,Utilities,Electricity,623385.03,zh
購買 258 輛 貨車用於物流運營,2,equipment,Transportation,Vehicle,13619803.91,zh
包裝機發電系統 - 5657 MW,2,equipment,Energy,Power Generation,165550342.88,zh
購買 鈦金屬 9341 kg 供生產使用,1,raw_materials,Manufacturing,Metal,3179045.54,zh
工廠第三方倉儲 - 6090 坪,4,logistics,Logistics,Warehousing,2729191.21,zh
物流服務合約 - 跨境線 (6 months),4,logistics,Logistics,Freight,3183929.89,zh
機場接駁服務合約,6,travel,Business Services,Ground Transportation,424774.82,zh
倉儲服務 (499 平方公尺，annual),4,logistics,Logistics,Warehousing,1290509.33,zh
雲端 法律服務 - 12 months合約,1,services,IT Services,Software,839503.67,zh
倉庫一般廢棄物清運服務,5,waste,Environmental Services,Waste Disposal,169391.92,zh
Collaboration軟體訂閱 (6170 授權，6 months),1,services,IT Services,Software,431762.72,zh
辦公場所清潔維護合約,1,services,Facility Management,Maintenance,961195.08,zh
IT 基礎設施升級 - 機械手臂 (674 台),2,equipment,IT Infrastructure,Hardware,4607610.19,zh
永續諮詢服務 (6 months),1,services,Professional Services,Consulting,1393223.55,zh
員工接駁車合約 - 跨境,7,commute,HR Services,Shuttle Service,1484321.18,zh
工廠大樓管理服務 (18 個月),1,services,Facility Management,Maintenance,1294269.47,zh
事業廢棄物清運處理 (annual),5,waste,Environmental Services,Waste Disposal,1253899.71,zh
電動廂型車採購 (industrial grade),2,equipment,Transportation,Vehicle,25949545.92,zh
採購 5701 kg 鋁合金用於製造,1,raw_materials,Manufacturing,Metal,1754385.89,zh
購買工業用 甲苯 4987 liters,1,raw_materials,Manufacturing,Chemical,1051551.56,zh
物流服務合約 - 市區線 (annual),4,logistics,Logistics,Freight,2998557.72,zh
IT專業服務合約,1,services,Professional Services,Consulting,282883.0,zh
購買 微晶片 元件 7444 個,1,raw_materials,Electronics,Electronic Components,1862438.66,zh
有害廢棄物處理合約 (9525 噸),5,waste,Environmental Services,Waste Disposal,256344.73,zh
採購 5133 tons 小麥作為食品原料,1,raw_materials,Food & Beverage,Agricultural,222956.61,zh
採購 6208 kg 鋁合金用於製造,1,raw_materials,Manufacturing,Metal,2647049.95,zh
汽油採購供車隊使用 (8117 公升),3,energy,Utilities,Fuel,1204353.98,zh
有害廢棄物處理合約 (6576 噸),5,waste,Environmental Services,Waste Disposal,126799.57,zh
倉儲服務 (6629 平方公尺，12 months),4,logistics,Logistics,Warehousing,647352.44,zh
IT諮詢服務 (annual),1,services,Professional Services,Consulting,829744.65,zh
公司交通車服務 (12 months),7,commute,HR Services,Shuttle Service,1095096.44,zh
建造 製造廠 (15880 平方公尺),2,equipment,Real Estate,Building,447743798.32,zh
購買工業用 丙酮 1398 liters,1,raw_materials,Manufacturing,Chemical,1054074.75,zh
事業廢棄物清運處理 (annual),5,waste,Environmental Services,Waste Disposal,33520.92,zh
購買工業用 乙醇 9040 liters,1,raw_materials,Manufacturing,Chemical,1742716.17,zh
9684 名員工通勤補貼,7,commute,HR Services,Commute Allowance,396611.48,zh
委外物流配送服務 (跨境),4,logistics,Logistics,Freight,3050876.85,zh
購買 4224 輛 電動廂型車用於物流運營,2,equipment,Transportation,Vehicle,12243447.28,zh
倉庫大樓管理服務 (22 個月),1,services,Facility Management,Maintenance,729762.45,zh
雲端 IT服務 - 12 months合約,1,services,IT Services,Software,422477.51,zh
物流服務合約 - 東西線 (6 months),4,logistics,Logistics,Freight,3177145.83,zh
分公司一般廢棄物清運服務,5,waste,Environmental Services,Waste Disposal,1121083.12,zh
採購 3370 個 微晶片用於組裝,1,raw_materials,Electronics,Electronic Components,6551849.82,zh
採購 乙醇 溶劑 8143 liters,1,raw_materials,Manufacturing,Chemical,1868785.09,zh
國際航空差旅 (東西，6 months),6,travel,Business Services,Air Travel,473357.0,zh
工廠一般廢棄物清運服務,5,waste,Environmental Services,Waste Disposal,468577.41,zh
再生能源電力採購 (2249 MWh),3,energy,Utilities,Electricity,3352070.6,zh
汽油採購供車隊使用 (753 公升),3,energy,Utilities,Fuel,1155601.67,zh
購買 電阻 元件 8534 個,1,raw_materials,Electronics,Electronic Components,1868506.84,zh
購買工業用 甲苯 4935 liters,1,raw_materials,Manufacturing,Chemical,39550.14,zh
購置 輸送系統 (industrial grade),2,equipment,IT Infrastructure,Hardware,8827980.16,zh
Collaboration SaaS 訂閱 (5436 使用者),1,services,IT Services,Software,900300.76,zh
購買有機 糖 2727 tons,1,raw_materials,Food & Beverage,Agricultural,1706712.4,zh
採購 7520 個 PCB 電路板用於組裝,1,raw_materials,Electronics,Electronic Components,267344.75,zh
資源回收處理服務合約 (annual),5,waste,Environmental Services,Waste Disposal,674468.22,zh
聘請 永續顧問 (12 個月),1,services,Professional Services,Consulting,723492.34,zh
天然氣供應合約 (5396 立方公尺),3,energy,Utilities,Fuel,599066.5,zh
購買 鋁合金 9044 kg 供生產使用,1,raw_materials,Manufacturing,Metal,3701778.99,zh
物流服務合約 - 區域線 (quarterly),4,logistics,Logistics,Freight,3222720.74,zh
企業住宿合約 - 舊金山,6,travel,Business Services,Accommodation,73025.84,zh
總部大樓管理服務 (31 個月),1,services,Facility Management,Maintenance,533939.52,zh
倉庫一般廢棄物清運服務,5,waste,Environmental Services,Waste Disposal,878787.52,zh
分公司第三方倉儲 - 9263 坪,4,logistics,Logistics,Warehousing,945196.95,zh
倉儲服務 (1681 平方公尺，6 months),4,logistics,Logistics,Warehousing,710448.64,zh
購買工業用 氫氧化鈉 1203 liters,1,raw_materials,Manufacturing,Chemical,121051.17,zh
分公司一般廢棄物清運服務,5,waste,Environmental Services,Waste Disposal,510706.43,zh
公司交通車服務 (12 months),7,commute,HR Services,Shuttle Service,668224.56,zh
財務運輸服務 - 南北,4,logistics,Logistics,Freight,3012365.0,zh
東西區域配送月度運輸服務,4,logistics,Logistics,Freight,2060207.76,zh
工業用 機械手臂 (2188 台) 含安裝,2,equipment,Manufacturing,Machinery,32177552.42,zh
採購 3159 kg 銅線用於製造,1,raw_materials,Manufacturing,Metal,2936872.63,zh
資源回收處理服務合約 (quarterly),5,waste,Environmental Services,Waste Disposal,1482794.41,zh
倉庫第三方倉儲 - 6528 坪,4,logistics,Logistics,Warehousing,685025.31,zh
購買 7336 輛 載貨車輛用於物流運營,2,equipment,Transportation,Vehicle,16805320.76,zh
採購 5852 tons 糖作為食品原料,1,raw_materials,Food & Beverage,Agricultural,1950174.56,zh
倉儲服務 (9596 平方公尺，6 months),4,logistics,Logistics,Warehousing,2218640.06,zh
雲端 永續服務 - annual合約,1,services,IT Services,Software,234674.56,zh
跨境區域配送月度運輸服務,4,logistics,Logistics,Freight,3552309.92,zh
商務差旅租車服務 (quarterly),6,travel,Business Services,Ground Transportation,378320.11,zh
事業廢棄物清運處理 (annual),5,waste,Environmental Services,Waste Disposal,992181.66,zh
辦公場所清潔維護合約,1,services,Facility Management,Maintenance,115003.8,zh
建造 配送中心 (15544 平方公尺),2,equipment,Real Estate,Building,27938427.63,zh
採購 1363 tons 小麥作為食品原料,1,raw_materials,Food & Beverage,Agricultural,2022027.61,zh
製造廠建築合約 (倉庫),2,equipment,Real Estate,Building,38156886.62,zh
總部設施用電 (quarterly),3,energy,Utilities,Electricity,99133.76,zh
倉庫一般廢棄物清運服務,5,waste,Environmental Services,Waste Disposal,1474312.48,zh
辦公場所清潔維護合約,1,services,Facility Management,Maintenance,152044.78,zh
購買有機 糖 1037 tons,1,raw_materials,Food & Beverage,Agricultural,2028164.61,zh
太陽能板安裝 (容量 8594 kW),2,equipment,Energy,Power Generation,64748119.2,zh
採購 丙酮 溶劑 7442 liters,1,raw_materials,Manufacturing,Chemical,148748.27,zh
完整 electronics生產線安裝,2,equipment,Manufacturing,Production Line,9160438.37,zh
採購 丙酮 溶劑 5989 liters,1,raw_materials,Manufacturing,Chemical,1114574.4,zh
聘請 財務顧問 (35 個月),1,services,Professional Services,Consulting,1356313.14,zh
工業用 機械手臂 (6306 台) 含安裝,2,equipment,Manufacturing,Machinery,35189402.23,zh
辦公設備租賃 (6 months),8,leased_assets,Equipment Services,Equipment Lease,2758504.2,zh
採購 硫酸 溶劑 584 liters,1,raw_materials,Manufacturing,Chemical,1238738.46,zh
工業用 機械手臂 (4450 台) 含安裝,2,equipment,Manufacturing,Machinery,22177616.85,zh
區域辦公室液化石油氣供應 (6 months),3,energy,Utilities,Fuel,1990221.29,zh
雲端 IT服務 - quarterly合約,1,services,IT Services,Software,257359.61,zh
完整 consumer goods生產線安裝,2,equipment,Manufacturing,Production Line,50158102.79,zh
商務差旅住宿預訂 (2681 晚),6,travel,Business Services,Accommodation,291623.51,zh
consumer goods自動化組裝線,2,equipment,Manufacturing,Production Line,33040902.75,zh
購買 LED 模組 元件 3861 個,1,raw_materials,Electronics,Electronic Components,7581983.96,zh
倉儲服務 (9972 平方公尺，12 months),4,logistics,Logistics,Warehousing,1884429.98,zh
採購 4432 個 電容用於組裝,1,raw_materials,Electronics,Electronic Components,6636678.4,zh
永續諮詢服務 (12 months),1,services,Professional Services,Consulting,725558.03,zh
銅線原料採購 - 561 kg,1,raw_materials,Manufacturing,Metal,3783860.18,zh
商務差旅住宿預訂 (8998 晚),6,travel,Business Services,Accommodation,18191.61,zh
採購 7287 個 電容用於組裝,1,raw_materials,Electronics,Electronic Components,3065890.63,zh
雲端 管理服務 - 12 months合約,1,services,IT Services,Software,83111.56,zh
電力供應合約 (6 months，6081 kWh),3,energy,Utilities,Electricity,4762231.68,zh
ERP SaaS 訂閱 (5830 使用者),1,services,IT Services,Software,151511.02,zh
分公司設施用電 (annual),3,energy,Utilities,Electricity,1843688.78,zh
研發部門住宿費用 (12 months),6,travel,Business Services,Accommodation,697862.83,zh
工廠設施用電 (12 months),3,energy,Utilities,Electricity,127607.3,zh
區域辦公室設施用電 (12 months),3,energy,Utilities,Electricity,3489257.65,zh
機械手臂發電系統 - 1011 MW,2,equipment,Energy,Power Generation,113446007.16,zh
汽油採購供車隊使用 (9775 公升),3,energy,Utilities,Fuel,218242.5,zh
採購 5209 kg 不鏽鋼用於製造,1,raw_materials,Manufacturing,Metal,3643285.81,zh
委外物流配送服務 (區域),4,logistics,Logistics,Freight,4630981.84,zh
再生能源電力採購 (1373 MWh),3,energy,Utilities,Electricity,4774527.64,zh
Analytics軟體訂閱 (2165 授權，annual),1,services,IT Services,Software,346437.37,zh
大眾運輸月票計畫 (annual),7,commute,HR Services,Commute Allowance,85960.46,zh
工業機械租賃 (quarterly),8,leased_assets,Equipment Services,Equipment Lease,1237439.08,zh
採購電力 4177 度（地方公用事業）,3,energy,Utilities,Electricity,2037928.34,zh
electronics自動化組裝線,2,equipment,Manufacturing,Production Line,86907088.98,zh
採購 丙酮 溶劑 7125 liters,1,raw_materials,Manufacturing,Chemical,566946.82,zh
工廠第三方倉儲 - 3968 坪,4,logistics,Logistics,Warehousing,1774066.3,zh
設施維護服務 (annual),1,services,Facility Management,Maintenance,1061151.09,zh
分公司大樓管理服務 (24 個月),1,services,Facility Management,Maintenance,1082741.94,zh
冷凍倉儲租賃 (2218 立方公尺),4,logistics,Logistics,Warehousing,2122045.4,zh
購買 電阻 元件 4862 個,1,raw_materials,Electronics,Electronic Components,4596985.0,zh
區域區域配送月度運輸服務,4,logistics,Logistics,Freight,1195551.66,zh
購買 鋁合金 7529 kg 供生產使用,1,raw_materials,Manufacturing,Metal,133541.91,zh
購買 4951 輛 堆高機用於物流運營,2,equipment,Transportation,Vehicle,20137660.31,zh
倉儲服務 (5379 平方公尺，6 months),4,logistics,Logistics,Warehousing,848590.75,zh
車隊採購 - 5210 輛 堆高機,2,equipment,Transportation,Vehicle,15492262.39,zh
柴油燃料採購 (9775 公升),3,energy,Utilities,Fuel,1015425.05,zh
購買有機 玉米 968 tons,1,raw_materials,Food & Beverage,Agricultural,156903.29,zh
倉庫液化石油氣供應 (12 months),3,energy,Utilities,Fuel,1600656.52,zh
購買有機 玉米 1272 tons,1,raw_materials,Food & Beverage,Agricultural,2018270.48,zh
再生能源電力採購 (404 MWh),3,energy,Utilities,Electricity,3974592.52,zh
機場接駁服務合約,6,travel,Business Services,Ground Transportation,66492.1,zh
資源回收處理服務合約 (annual),5,waste,Environmental Services,Waste Disposal,151298.34,zh
採購 7415 tons 大豆作為食品原料,1,raw_materials,Food & Beverage,Agricultural,1647100.98,zh
商務艙機票至倫敦,6,travel,Business Services,Air Travel,353850.22,zh
倉儲服務 (5372 平方公尺，quarterly),4,logistics,Logistics,Warehousing,2977249.03,zh
永續諮詢服務 (annual),1,services,Professional Services,Consulting,1110026.75,zh
購買 微晶片 元件 7440 個,1,raw_materials,Electronics,Electronic Components,934929.45,zh
採購 5453 tons 玉米作為食品原料,1,raw_materials,Food & Beverage,Agricultural,165315.4,zh
貨車採購 (industrial grade),2,equipment,Transportation,Vehicle,26479456.48,zh
工業用 CNC 機床 (2641 台) 含安裝,2,equipment,Manufacturing,Machinery,46788678.18,zh
聘請 財務顧問 (11 個月),1,services,Professional Services,Consulting,701451.15,zh
購買 銅線 8767 kg 供生產使用,1,raw_materials,Manufacturing,Metal,363123.09,zh
雲端 法律服務 - 6 months合約,1,services,IT Services,Software,304078.37,zh
購置 射出成型機 (industrial grade),2,equipment,IT Infrastructure,Hardware,5742449.17,zh
IT專業服務合約,1,services,Professional Services,Consulting,1313424.08,zh
購置 輸送系統 - industrial grade,2,equipment,Manufacturing,Machinery,38745999.46,zh
購買 LED 模組 元件 5206 個,1,raw_materials,Electronics,Electronic Components,936158.93,zh
採購 1454 個 電容用於組裝,1,raw_materials,Electronics,Electronic Components,1691003.96,zh
製造廠建築合約 (區域辦公室),2,equipment,Real Estate,Building,279124598.55,zh
柴油燃料採購 (5809 公升),3,energy,Utilities,Fuel,528669.53,zh
資源回收處理服務合約 (12 months),5,waste,Environmental Services,Waste Disposal,37601.21,zh
IT專業服務合約,1,services,Professional Services,Consulting,579045.51,zh
購買工業用 硫酸 3662 liters,1,raw_materials,Manufacturing,Chemical,1656371.99,zh
設施維護服務 (annual),1,services,Facility Management,Maintenance,1050825.64,zh
購買有機 稻米 3314 tons,1,raw_materials,Food & Beverage,Agricultural,2313847.17,zh
物流服務合約 - 跨境線 (12 months),4,logistics,Logistics,Freight,2204166.23,zh
企業計程車/叫車帳號 (quarterly),6,travel,Business Services,Ground Transportation,339281.82,zh
永續運輸服務 - 東西,4,logistics,Logistics,Freight,2776670.94,zh
購買 不鏽鋼 8638 kg 供生產使用,1,raw_materials,Manufacturing,Metal,2326688.02,zh
採購 9622 個 LED 模組用於組裝,1,raw_materials,Electronics,Electronic Components,7070959.0,zh
電力供應合約 (6 months，2690 kWh),3,energy,Utilities,Electricity,4034451.42,zh
汽油採購供車隊使用 (9274 公升),3,energy,Utilities,Fuel,814323.06,zh
採購 機械手臂用於生產設施,2,equipment,Manufacturing,Machinery,32114200.68,zh
採購 778 kg 鈦金屬用於製造,1,raw_materials,Manufacturing,Metal,4095286.76,zh
IT 基礎設施升級 - 包裝機 (6747 台),2,equipment,IT Infrastructure,Hardware,9863135.71,zh
Collaboration軟體訂閱 (6122 授權，6 months),1,services,IT Services,Software,77296.99,zh
財務運輸服務 - 跨境,4,logistics,Logistics,Freight,791765.82,zh
採購 7485 個 電阻用於組裝,1,raw_materials,Electronics,Electronic Components,2659470.89,zh
企業計程車/叫車帳號 (annual),6,travel,Business Services,Ground Transportation,141167.12,zh
永續諮詢服務 (annual),1,services,Professional Services,Consulting,1979010.35,zh
electronics製造產線 (產能 8214 件/日),2,equipment,Manufacturing,Production Line,79931382.61,zh
採購 5352 台 包裝機用於資料中心,2,equipment,IT Infrastructure,Hardware,3692440.48,zh
分公司液化石油氣供應 (quarterly),3,energy,Utilities,Fuel,89043.04,zh
採購 8039 個 電阻用於組裝,1,raw_materials,Electronics,Electronic Components,726137.83,zh
事業廢棄物清運處理 (12 months),5,waste,Environmental Services,Waste Disposal,1280834.1,zh
辦公場所清潔維護合約,1,services,Facility Management,Maintenance,1058956.33,zh
區域辦公室一般廢棄物清運服務,5,waste,Environmental Services,Waste Disposal,278994.53,zh
購買 電容 元件 6246 個,1,raw_materials,Electronics,Electronic Components,5817783.72,zh
購置 射出成型機 - industrial grade,2,equipment,Manufacturing,Machinery,23159471.06,zh
電力供應合約 (6 months，7560 kWh),3,energy,Utilities,Electricity,4731442.08,zh
有害廢棄物處理合約 (8773 噸),5,waste,Environmental Services,Waste Disposal,1269551.71,zh
員工接駁車合約 - 南北,7,commute,HR Services,Shuttle Service,437334.58,zh
冷凍倉儲租賃 (749 立方公尺),4,logistics,Logistics,Warehousing,2688254.89,zh
CRM軟體訂閱 (7921 授權，annual),1,services,IT Services,Software,307214.71,zh
公司交通車服務 (6 months),7,commute,HR Services,Shuttle Service,526811.85,zh
電力供應合約 (annual，3095 kWh),3,energy,Utilities,Electricity,1007551.84,zh
雲端 管理服務 - 12 months合約,1,services,IT Services,Software,922135.2,zh
雲端 管理服務 - quarterly合約,1,services,IT Services,Software,922792.97,zh
採購 7171 tons 大豆作為食品原料,1,raw_materials,Food & Beverage,Agricultural,1894453.89,zh
IT運輸服務 - 東西,4,logistics,Logistics,Freight,1793977.4,zh
企業住宿合約 - 新加坡,6,travel,Business Services,Accommodation,648357.33,zh
區域辦公室一般廢棄物清運服務,5,waste,Environmental Services,Waste Disposal,311473.89,zh
堆高機採購 (industrial grade),2,equipment,Transportation,Vehicle,16219194.93,zh
採購 硫酸 溶劑 8781 liters,1,raw_materials,Manufacturing,Chemical,1758848.81,zh
分公司第三方倉儲 - 68 坪,4,logistics,Logistics,Warehousing,2720511.82,zh
車隊採購 - 4644 輛 堆高機,2,equipment,Transportation,Vehicle,12614118.78,zh
資源回收處理服務合約 (12 months),5,waste,Environmental Services,Waste Disposal,418596.73,zh
鈦金屬原料採購 - 2909 kg,1,raw_materials,Manufacturing,Metal,1323707.57,zh
區域辦公室一般廢棄物清運服務,5,waste,Environmental Services,Waste Disposal,1444464.14,zh
採購 760 台 輸送系統用於資料中心,2,equipment,IT Infrastructure,Hardware,537843.36,zh
配送中心建築合約 (工廠),2,equipment,Real Estate,Building,405920918.72,zh
工業用 機械手臂 (262 台) 含安裝,2,equipment,Manufacturing,Machinery,42536831.04,zh
CRM軟體訂閱 (3139 授權，12 months),1,services,IT Services,Software,684145.73,zh
購買工業用 丙酮 8472 liters,1,raw_materials,Manufacturing,Chemical,252966.26,zh
建造 製造廠 (7642 平方公尺),2,equipment,Real Estate,Building,403549393.12,zh
再生能源電力採購 (8864 MWh),3,energy,Utilities,Electricity,1275164.5,zh
太陽能板安裝 (容量 9125 kW),2,equipment,Energy,Power Generation,172065503.98,zh
通勤廂型車租賃 (4502 輛),7,commute,HR Services,Shuttle Service,1164947.27,zh
購買工業用 丙酮 1446 liters,1,raw_materials,Manufacturing,Chemical,1710818.65,zh
採購 577 台 輸送系統用於資料中心,2,equipment,IT Infrastructure,Hardware,9150679.27,zh
購買 7167 輛 堆高機用於物流運營,2,equipment,Transportation,Vehicle,12328650.71,zh
工業機械租賃 (quarterly),8,leased_assets,Equipment Services,Equipment Lease,862196.06,zh
IT運輸服務 - 市區,4,logistics,Logistics,Freight,3786823.17,zh
車隊採購 - 9417 輛 載貨車輛,2,equipment,Transportation,Vehicle,23607909.75,zh
購買有機 大豆 787 tons,1,raw_materials,Food & Beverage,Agricultural,1628685.39,zh
IT 硬體租賃合約 (510 台),8,leased_assets,Equipment Services,Equipment Lease,1989418.31,zh
聘請 永續顧問 (9 個月),1,services,Professional Services,Consulting,1936488.55,zh
採購電力 5555 度（地方公用事業）,3,energy,Utilities,Electricity,3612996.48,zh
購買 8888 輛 載貨車輛用於物流運營,2,equipment,Transportation,Vehicle,3116972.6,zh
分公司液化石油氣供應 (6 months),3,energy,Utilities,Fuel,1453576.18,zh
柴油燃料採購 (6699 公升),3,energy,Utilities,Fuel,1009752.05,zh
完整 consumer goods生產線安裝,2,equipment,Manufacturing,Production Line,7021496.29,zh
購置 CNC 機床 - industrial grade,2,equipment,Manufacturing,Machinery,17206496.99,zh
研發部門商務旅遊套裝 (quarterly),6,travel,Business Services,Air Travel,536281.84,zh
員工交通津貼補助 (quarterly),7,commute,HR Services,Commute Allowance,238208.83,zh
商務差旅住宿預訂 (231 晚),6,travel,Business Services,Accommodation,491094.61,zh
購買 鈦金屬 6415 kg 供生產使用,1,raw_materials,Manufacturing,Metal,384456.95,zh
購買 電容 元件 9092 個,1,raw_materials,Electronics,Electronic Components,6108170.83,zh
聘請 法律顧問 (9 個月),1,services,Professional Services,Consulting,775597.87,zh
工業用 射出成型機 (3762 台) 含安裝,2,equipment,Manufacturing,Machinery,9702365.62,zh
購買 電阻 元件 5564 個,1,raw_materials,Electronics,Electronic Components,3434026.46,zh
區域辦公室設施用電 (6 months),3,energy,Utilities,Electricity,284938.15,zh
有害廢棄物處理合約 (6582 噸),5,waste,Environmental Services,Waste Disposal,1346871.37,zh
企業住宿合約 - 首爾,6,travel,Business Services,Accommodation,588201.18,zh
購買 PCB 電路板 元件 1317 個,1,raw_materials,Electronics,Electronic Components,6353334.05,zh
事業廢棄物清運處理 (6 months),5,waste,Environmental Services,Waste Disposal,1083797.23,zh
採購 8384 tons 玉米作為食品原料,1,raw_materials,Food & Beverage,Agricultural,1864594.69,zh
辦公室租賃 (46880 坪，工廠),8,leased_assets,Real Estate,Office Lease,1712781.02,zh
完整 electronics生產線安裝,2,equipment,Manufacturing,Production Line,24247626.78,zh
配送中心建築合約 (區域辦公室),2,equipment,Real Estate,Building,403216677.64,zh
設施維護服務 (annual),1,services,Facility Management,Maintenance,436041.11,zh
總部設施用電 (quarterly),3,energy,Utilities,Electricity,2872328.95,zh
員工接駁車合約 - 市區,7,commute,HR Services,Shuttle Service,339145.22,zh
工業用 CNC 機床 (6691 台) 含安裝,2,equipment,Manufacturing,Machinery,46094540.1,zh
車隊採購 - 2945 輛 載貨車輛,2,equipment,Transportation,Vehicle,22311630.44,zh
購買 PCB 電路板 元件 5599 個,1,raw_materials,Electronics,Electronic Components,6757368.31,zh
採購電力 7688 度（地方公用事業）,3,energy,Utilities,Electricity,4914926.17,zh
再生能源電力採購 (4402 MWh),3,energy,Utilities,Electricity,2722409.1,zh
汽油採購供車隊使用 (8719 公升),3,energy,Utilities,Fuel,2273998.1,zh
冷凍倉儲租賃 (4777 立方公尺),4,logistics,Logistics,Warehousing,2878668.19,zh
購買有機 小麥 9817 tons,1,raw_materials,Food & Beverage,Agricultural,799967.81,zh
完整 electronics生產線安裝,2,equipment,Manufacturing,Production Line,92960503.41,zh
採購 2143 個 電容用於組裝,1,raw_materials,Electronics,Electronic Components,6835643.38,zh
汽油採購供車隊使用 (4529 公升),3,energy,Utilities,Fuel,1270298.85,zh
員工商務差旅 (6620 趟，倫敦),6,travel,Business Services,Air Travel,1377759.94,zh
IT 硬體租賃合約 (5036 台),8,leased_assets,Equipment Services,Equipment Lease,2494810.14,zh
倉儲服務 (1035 平方公尺，quarterly),4,logistics,Logistics,Warehousing,1791052.96,zh
商務差旅租車服務 (12 months),6,travel,Business Services,Ground Transportation,89376.94,zh
總部第三方倉儲 - 9940 坪,4,logistics,Logistics,Warehousing,2576885.49,zh
財務諮詢服務 (quarterly),1,services,Professional Services,Consulting,1848554.76,zh
太陽能板安裝 (容量 1289 kW),2,equipment,Energy,Power Generation,156998284.33,zh
雲端 管理服務 - quarterly合約,1,services,IT Services,Software,981131.59,zh
天然氣供應合約 (8657 立方公尺),3,energy,Utilities,Fuel,1501778.87,zh
資源回收處理服務合約 (6 months),5,waste,Environmental Services,Waste Disposal,1157899.93,zh
管理諮詢服務 (quarterly),1,services,Professional Services,Consulting,1134758.14,zh
採購 丙酮 溶劑 762 liters,1,raw_materials,Manufacturing,Chemical,810708.09,zh
商務差旅住宿預訂 (8622 晚),6,travel,Business Services,Accommodation,671291.2,zh
IT 基礎設施升級 - 射出成型機 (9737 台),2,equipment,IT Infrastructure,Hardware,8897597.31,zh
通勤廂型車租賃 (1279 輛),7,commute,HR Services,Shuttle Service,159299.93,zh
總部設施用電 (quarterly),3,energy,Utilities,Electricity,2411434.23,zh
商務差旅租車服務 (annual),6,travel,Business Services,Ground Transportation,132112.34,zh
採購 8292 kg 鋁合金用於製造,1,raw_materials,Manufacturing,Metal,2955878.38,zh
市區區域配送月度運輸服務,4,logistics,Logistics,Freight,880667.89,zh
通勤廂型車租賃 (6420 輛),7,commute,HR Services,Shuttle Service,118137.75,zh
太陽能板安裝 (容量 9264 kW),2,equipment,Energy,Power Generation,52208689.11,zh
太陽能板安裝 (容量 9007 kW),2,equipment,Energy,Power Generation,175627698.38,zh
採購 射出成型機用於生產設施,2,equipment,Manufacturing,Machinery,39661681.73,zh
區域辦公室大樓管理服務 (14 個月),1,services,Facility Management,Maintenance,902670.91,zh
不鏽鋼原料採購 - 7869 kg,1,raw_materials,Manufacturing,Metal,3368231.8,zh
區域辦公室設施用電 (12 months),3,energy,Utilities,Electricity,1675135.57,zh
採購電力 656 度（地方公用事業）,3,energy,Utilities,Electricity,3930513.74,zh
倉庫設施用電 (6 months),3,energy,Utilities,Electricity,3904412.23,zh
汽油採購供車隊使用 (8391 公升),3,energy,Utilities,Fuel,2574298.69,zh
永續運輸服務 - 區域,4,logistics,Logistics,Freight,3140355.39,zh
購買 鋼板 9013 kg 供生產使用,1,raw_materials,Manufacturing,Metal,703197.57,zh
資源回收處理服務合約 (annual),5,waste,Environmental Services,Waste Disposal,1383027.97,zh
IT 基礎設施升級 - 射出成型機 (3730 台),2,equipment,IT Infrastructure,Hardware,1266040.38,zh
辦公場所清潔維護合約,1,services,Facility Management,Maintenance,1486310.44,zh
貨車採購 (industrial grade),2,equipment,Transportation,Vehicle,8864004.02,zh
倉儲服務 (4480 平方公尺，12 months),4,logistics,Logistics,Warehousing,398996.74,zh
工廠一般廢棄物清運服務,5,waste,Environmental Services,Waste Disposal,922716.38,zh
法律運輸服務 - 南北,4,logistics,Logistics,Freight,877628.71,zh
採購 476 台 機械手臂用於資料中心,2,equipment,IT Infrastructure,Hardware,3253908.75,zh
柴油燃料採購 (4215 公升),3,energy,Utilities,Fuel,293834.87,zh
貨車採購 (industrial grade),2,equipment,Transportation,Vehicle,4782375.19,zh
採購 包裝機用於生產設施,2,equipment,Manufacturing,Machinery,35385580.7,zh
有害廢棄物處理合約 (7505 噸),5,waste,Environmental Services,Waste Disposal,563908.94,zh
總部設施用電 (annual),3,energy,Utilities,Electricity,2664706.69,zh
製造廠建築合約 (倉庫),2,equipment,Real Estate,Building,86856618.36,zh
購買 電阻 元件 8192 個,1,raw_materials,Electronics,Electronic Components,2320710.74,zh
IT 硬體租賃合約 (3749 台),8,leased_assets,Equipment Services,Equipment Lease,2186593.1,zh
倉儲服務 (9108 平方公尺，12 months),4,logistics,Logistics,Warehousing,2409194.26,zh
物流服務合約 - 南北線 (6 months),4,logistics,Logistics,Freight,1496148.74,zh
electronics自動化組裝線,2,equipment,Manufacturing,Production Line,48447267.5,zh
分公司大樓管理服務 (33 個月),1,services,Facility Management,Maintenance,352439.74,zh
再生能源電力採購 (320 MWh),3,energy,Utilities,Electricity,4906253.02,zh
購買 微晶片 元件 9379 個,1,raw_materials,Electronics,Electronic Components,4547255.47,zh
機場接駁服務合約,6,travel,Business Services,Ground Transportation,199755.89,zh
採購 硫酸 溶劑 9251 liters,1,raw_materials,Manufacturing,Chemical,1534698.78,zh
柴油燃料採購 (6756 公升),3,energy,Utilities,Fuel,2360958.61,zh
雲端 永續服務 - quarterly合約,1,services,IT Services,Software,652830.97,zh
採購 氫氧化鈉 溶劑 3241 liters,1,raw_materials,Manufacturing,Chemical,1411228.38,zh
商務差旅租車服務 (quarterly),6,travel,Business Services,Ground Transportation,199441.11,zh
員工商務差旅 (2751 趟，舊金山),6,travel,Business Services,Air Travel,599362.71,zh
雲端 法律服務 - annual合約,1,services,IT Services,Software,255715.94,zh
電力供應合約 (annual，8687 kWh),3,energy,Utilities,Electricity,1040783.42,zh
冷凍倉儲租賃 (79 立方公尺),4,logistics,Logistics,Warehousing,229611.1,zh
IT專業服務合約,1,services,Professional Services,Consulting,440721.31,zh
採購 氫氧化鈉 溶劑 5480 liters,1,raw_materials,Manufacturing,Chemical,125395.87,zh
辦公設備租賃 (annual),8,leased_assets,Equipment Services,Equipment Lease,1880538.56,zh
商務差旅住宿預訂 (530 晚),6,travel,Business Services,Accommodation,304183.42,zh
企業計程車/叫車帳號 (annual),6,travel,Business Services,Ground Transportation,444635.94,zh
購買 鋼板 7941 kg 供生產使用,1,raw_materials,Manufacturing,Metal,3456341.98,zh
設施維護服務 (annual),1,services,Facility Management,Maintenance,205516.91,zh
倉庫液化石油氣供應 (quarterly),3,energy,Utilities,Fuel,2085231.67,zh
柴油燃料採購 (8035 公升),3,energy,Utilities,Fuel,1224523.22,zh
資源回收處理服務合約 (annual),5,waste,Environmental Services,Waste Disposal,1251641.23,zh
工廠液化石油氣供應 (quarterly),3,energy,Utilities,Fuel,248670.02,zh
汽油採購供車隊使用 (7514 公升),3,energy,Utilities,Fuel,139105.24,zh
分公司設施用電 (6 months),3,energy,Utilities,Electricity,2917296.69,zh
IT運輸服務 - 市區,4,logistics,Logistics,Freight,2912490.93,zh
管理專業服務合約,1,services,Professional Services,Consulting,1647329.83,zh
再生能源電力採購 (2457 MWh),3,energy,Utilities,Electricity,923188.58,zh
設備租賃 (CNC 機床，30 個月),8,leased_assets,Equipment Services,Equipment Lease,2497116.96,zh
購買 微晶片 元件 5906 個,1,raw_materials,Electronics,Electronic Components,7707099.28,zh
採購 8642 kg 鋼板用於製造,1,raw_materials,Manufacturing,Metal,1160381.69,zh
Analytics SaaS 訂閱 (7405 使用者),1,services,IT Services,Software,251946.08,zh
IT 基礎設施升級 - 機械手臂 (6741 台),2,equipment,IT Infrastructure,Hardware,9344286.6,zh
建造 配送中心 (4194 平方公尺),2,equipment,Real Estate,Building,52013769.0,zh
Analytics SaaS 訂閱 (2908 使用者),1,services,IT Services,Software,568400.08,zh
電動廂型車採購 (industrial grade),2,equipment,Transportation,Vehicle,11040595.88,zh
有害廢棄物處理合約 (9441 噸),5,waste,Environmental Services,Waste Disposal,1212463.85,zh
採購 丙酮 溶劑 8235 liters,1,raw_materials,Manufacturing,Chemical,1100140.11,zh
有害廢棄物處理合約 (391 噸),5,waste,Environmental Services,Waste Disposal,39455.2,zh
採購 568 個 PCB 電路板用於組裝,1,raw_materials,Electronics,Electronic Components,7471332.07,zh
設施維護服務 (annual),1,services,Facility Management,Maintenance,832344.29,zh
新建 倉庫開發專案,2,equipment,Real Estate,Building,62314273.41,zh
冷凍倉儲租賃 (8345 立方公尺),4,logistics,Logistics,Warehousing,2120537.53,zh
工業用 包裝機 (4159 台) 含安裝,2,equipment,Manufacturing,Machinery,41011585.99,zh
採購 458 台 CNC 機床用於資料中心,2,equipment,IT Infrastructure,Hardware,2644255.49,zh
採購 3844 個 電容用於組裝,1,raw_materials,Electronics,Electronic Components,6192641.39,zh
採購 6730 tons 小麥作為食品原料,1,raw_materials,Food & Beverage,Agricultural,64307.96,zh
南北區域配送月度運輸服務,4,logistics,Logistics,Freight,2136753.0,zh
Analytics SaaS 訂閱 (7978 使用者),1,services,IT Services,Software,971242.57,zh
建造 辦公大樓 (4487 平方公尺),2,equipment,Real Estate,Building,315358654.67,zh
IT 硬體租賃合約 (8883 台),8,leased_assets,Equipment Services,Equipment Lease,1820698.19,zh
汽油採購供車隊使用 (28 公升),3,energy,Utilities,Fuel,300752.93,zh
再生能源電力採購 (9132 MWh),3,energy,Utilities,Electricity,2563102.01,zh
倉庫建築合約 (倉庫),2,equipment,Real Estate,Building,158051477.58,zh
總部一般廢棄物清運服務,5,waste,Environmental Services,Waste Disposal,890379.28,zh
資源回收處理服務合約 (annual),5,waste,Environmental Services,Waste Disposal,348716.77,zh
有害廢棄物處理合約 (2019 噸),5,waste,Environmental Services,Waste Disposal,244240.18,zh
IT運輸服務 - 南北,4,logistics,Logistics,Freight,4866873.02,zh
冷凍倉儲租賃 (6584 立方公尺),4,logistics,Logistics,Warehousing,2367930.2,zh
委外物流配送服務 (區域),4,logistics,Logistics,Freight,1375954.47,zh
有害廢棄物處理合約 (795 噸),5,waste,Environmental Services,Waste Disposal,733478.74,zh
Security SaaS 訂閱 (8355 使用者),1,services,IT Services,Software,146687.52,zh
鋼板原料採購 - 5862 kg,1,raw_materials,Manufacturing,Metal,3076898.9,zh
太陽能板安裝 (容量 5927 kW),2,equipment,Energy,Power Generation,49369212.85,zh
工業用 輸送系統 (9425 台) 含安裝,2,equipment,Manufacturing,Machinery,9965821.82,zh
柴油燃料採購 (9882 公升),3,energy,Utilities,Fuel,2711542.39,zh
有害廢棄物處理合約 (3259 噸),5,waste,Environmental Services,Waste Disposal,970636.8,zh
購買工業用 丙酮 444 liters,1,raw_materials,Manufacturing,Chemical,1654012.1,zh
汽油採購供車隊使用 (30 公升),3,energy,Utilities,Fuel,423177.2,zh
electronics自動化組裝線,2,equipment,Manufacturing,Production Line,21947611.42,zh
購買工業用 甲苯 2981 liters,1,raw_materials,Manufacturing,Chemical,84890.72,zh
商務差旅租車服務 (quarterly),6,travel,Business Services,Ground Transportation,127923.07,zh
公司交通車服務 (annual),7,commute,HR Services,Shuttle Service,375457.11,zh
採購 硫酸 溶劑 7530 liters,1,raw_materials,Manufacturing,Chemical,1296501.92,zh
企業計程車/叫車帳號 (annual),6,travel,Business Services,Ground Transportation,483622.11,zh
雲端 永續服務 - annual合約,1,services,IT Services,Software,386693.41,zh
倉儲服務 (2846 平方公尺，annual),4,logistics,Logistics,Warehousing,1114358.36,zh
ERP SaaS 訂閱 (9706 使用者),1,services,IT Services,Software,534565.84,zh
辦公場所清潔維護合約,1,services,Facility Management,Maintenance,190239.95,zh
鋼板原料採購 - 7291 kg,1,raw_materials,Manufacturing,Metal,3072848.7,zh
採購 8210 kg 鋁合金用於製造,1,raw_materials,Manufacturing,Metal,4908094.64,zh
車隊採購 - 196 輛 貨車,2,equipment,Transportation,Vehicle,8251307.06,zh
總部液化石油氣供應 (quarterly),3,energy,Utilities,Fuel,1229117.64,zh
採購 2250 台 機械手臂用於資料中心,2,equipment,IT Infrastructure,Hardware,7858122.08,zh
採購 7619 kg 鈦金屬用於製造,1,raw_materials,Manufacturing,Metal,4210530.21,zh
IT 基礎設施升級 - 輸送系統 (6550 台),2,equipment,IT Infrastructure,Hardware,911878.84,zh
聘請 永續顧問 (20 個月),1,services,Professional Services,Consulting,662351.17,zh
冷凍倉儲租賃 (1626 立方公尺),4,logistics,Logistics,Warehousing,709573.13,zh
採購 8570 個 PCB 電路板用於組裝,1,raw_materials,Electronics,Electronic Components,6510745.55,zh
雲端 永續服務 - quarterly合約,1,services,IT Services,Software,571570.4,zh
再生能源電力採購 (6541 MWh),3,energy,Utilities,Electricity,3240473.01,zh
採購 3887 kg 不鏽鋼用於製造,1,raw_materials,Manufacturing,Metal,4476946.14,zh
倉儲服務 (1801 平方公尺，annual),4,logistics,Logistics,Warehousing,1035486.4,zh
辦公場所清潔維護合約,1,services,Facility Management,Maintenance,928051.7,zh
物流服務合約 - 市區線 (6 months),4,logistics,Logistics,Freight,559803.47,zh
電力供應合約 (quarterly，4219 kWh),3,energy,Utilities,Electricity,3358029.1,zh
採購 1711 個 微晶片用於組裝,1,raw_materials,Electronics,Electronic Components,4188405.1,zh
CRM SaaS 訂閱 (778 使用者),1,services,IT Services,Software,558903.01,zh
再生能源設施建設 (7365 MW),2,equipment,Energy,Power Generation,41229903.94,zh
IT 基礎設施升級 - 輸送系統 (1129 台),2,equipment,IT Infrastructure,Hardware,8610947.43,zh
採購 機械手臂用於生產設施,2,equipment,Manufacturing,Machinery,35558612.88,zh
採購 氫氧化鈉 溶劑 9081 liters,1,raw_materials,Manufacturing,Chemical,898524.89,zh
採購 輸送系統用於生產設施,2,equipment,Manufacturing,Machinery,9824826.32,zh
聘請 管理顧問 (26 個月),1,services,Professional Services,Consulting,1130994.28,zh
採購 4414 tons 糖作為食品原料,1,raw_materials,Food & Beverage,Agricultural,1779596.79,zh
天然氣供應合約 (6473 立方公尺),3,energy,Utilities,Fuel,2173471.28,zh
貨車採購 (industrial grade),2,equipment,Transportation,Vehicle,18057117.58,zh
委外物流配送服務 (南北),4,logistics,Logistics,Freight,3181323.68,zh
再生能源電力採購 (5146 MWh),3,energy,Utilities,Electricity,2137380.01,zh
購買工業用 甲苯 2947 liters,1,raw_materials,Manufacturing,Chemical,200219.04,zh
設施維護服務 (quarterly),1,services,Facility Management,Maintenance,998933.09,zh
購買工業用 甲苯 2976 liters,1,raw_materials,Manufacturing,Chemical,1106064.98,zh
天然氣供應合約 (1179 立方公尺),3,energy,Utilities,Fuel,2071133.11,zh
購買工業用 乙醇 9436 liters,1,raw_materials,Manufacturing,Chemical,1191892.91,zh
購買工業用 乙醇 6408 liters,1,raw_materials,Manufacturing,Chemical,1413419.88,zh
購買 電容 元件 4558 個,1,raw_materials,Electronics,Electronic Components,3604375.45,zh
購買 電阻 元件 1827 個,1,raw_materials,Electronics,Electronic Components,7966418.7,zh
購買工業用 氫氧化鈉 4289 liters,1,raw_materials,Manufacturing,Chemical,50604.16,zh
再生能源設施建設 (4222 MW),2,equipment,Energy,Power Generation,11822286.08,zh
分公司液化石油氣供應 (quarterly),3,energy,Utilities,Fuel,1382500.02,zh
再生能源電力採購 (4041 MWh),3,energy,Utilities,Electricity,876628.83,zh
物流服務合約 - 東西線 (6 months),4,logistics,Logistics,Freight,1841938.59,zh
再生能源電力採購 (3740 MWh),3,energy,Utilities,Electricity,1172922.93,zh
事業廢棄物清運處理 (6 months),5,waste,Environmental Services,Waste Disposal,1291681.43,zh
購買 電容 元件 8106 個,1,raw_materials,Electronics,Electronic Components,2044372.04,zh
員工商務差旅 (3665 趟，東京),6,travel,Business Services,Air Travel,83138.05,zh
設施維護服務 (quarterly),1,services,Facility Management,Maintenance,971005.55,zh
electronics製造產線 (產能 799 件/日),2,equipment,Manufacturing,Production Line,84355607.86,zh
有害廢棄物處理合約 (9718 噸),5,waste,Environmental Services,Waste Disposal,714747.17,zh
製造廠建築合約 (分公司),2,equipment,Real Estate,Building,392199088.81,zh
再生能源電力採購 (4398 MWh),3,energy,Utilities,Electricity,3587097.5,zh
區域辦公室一般廢棄物清運服務,5,waste,Environmental Services,Waste Disposal,666989.92,zh
購買 鋁合金 978 kg 供生產使用,1,raw_materials,Manufacturing,Metal,1776522.25,zh
設施維護服務 (12 months),1,services,Facility Management,Maintenance,190706.76,zh
採購電力 1127 度（台電）,3,energy,Utilities,Electricity,4983539.42,zh
工業機械租賃 (quarterly),8,leased_assets,Equipment Services,Equipment Lease,591237.89,zh
工業用 包裝機 (3384 台) 含安裝,2,equipment,Manufacturing,Machinery,36753814.35,zh
總部倉庫租賃 (44021 平方公尺),8,leased_assets,Real Estate,Office Lease,9603562.73,zh
倉儲服務 (3279 平方公尺，6 months),4,logistics,Logistics,Warehousing,1060077.33,zh
採購 甲苯 溶劑 9206 liters,1,raw_materials,Manufacturing,Chemical,1768796.68,zh
再生能源電力採購 (5333 MWh),3,energy,Utilities,Electricity,3562308.06,zh
鋼板原料採購 - 9847 kg,1,raw_materials,Manufacturing,Metal,4909784.22,zh
電力供應合約 (12 months，4125 kWh),3,energy,Utilities,Electricity,3020863.35,zh
購置 機械手臂 - industrial grade,2,equipment,Manufacturing,Machinery,12511820.97,zh
冷凍倉儲租賃 (4393 立方公尺),4,logistics,Logistics,Warehousing,336354.45,zh
區域辦公室大樓管理服務 (16 個月),1,services,Facility Management,Maintenance,1147706.11,zh
採購 甲苯 溶劑 941 liters,1,raw_materials,Manufacturing,Chemical,848468.47,zh
企業住宿合約 - 東京,6,travel,Business Services,Accommodation,349081.84,zh
天然氣供應合約 (4279 立方公尺),3,energy,Utilities,Fuel,341580.53,zh
採購 3687 個 電阻用於組裝,1,raw_materials,Electronics,Electronic Components,7961988.4,zh
購買工業用 甲苯 3363 liters,1,raw_materials,Manufacturing,Chemical,966391.43,zh
聘請 永續顧問 (29 個月),1,services,Professional Services,Consulting,1703097.99,zh
雲端 永續服務 - quarterly合約,1,services,IT Services,Software,993641.92,zh
購買有機 大豆 3706 tons,1,raw_materials,Food & Beverage,Agricultural,2905174.62,zh
完整 consumer goods生產線安裝,2,equipment,Manufacturing,Production Line,85838797.12,zh
雲端 法律服務 - 6 months合約,1,services,IT Services,Software,977218.41,zh
倉庫設施用電 (quarterly),3,energy,Utilities,Electricity,4810656.36,zh
採購 甲苯 溶劑 4495 liters,1,raw_materials,Manufacturing,Chemical,1072467.33,zh
automotive parts製造產線 (產能 7519 件/日),2,equipment,Manufacturing,Production Line,59026461.82,zh
分公司設施用電 (12 months),3,energy,Utilities,Electricity,907932.96,zh
IT 基礎設施升級 - 包裝機 (7372 台),2,equipment,IT Infrastructure,Hardware,1858415.58,zh
委外物流配送服務 (南北),4,logistics,Logistics,Freight,2104149.71,zh
管理部門住宿費用 (12 months),6,travel,Business Services,Accommodation,461615.41,zh
購買 1924 輛 載貨車輛用於物流運營,2,equipment,Transportation,Vehicle,8999211.67,zh
採購 9005 台 包裝機用於資料中心,2,equipment,IT Infrastructure,Hardware,7571498.85,zh
工廠大樓管理服務 (28 個月),1,services,Facility Management,Maintenance,1114104.69,zh
機械手臂發電系統 - 7941 MW,2,equipment,Energy,Power Generation,179518841.8,zh
IT諮詢服務 (6 months),1,services,Professional Services,Consulting,425528.14,zh
工廠設施用電 (12 months),3,energy,Utilities,Electricity,4072049.14,zh
天然氣供應合約 (6127 立方公尺),3,energy,Utilities,Fuel,1978881.21,zh
設施維護服務 (quarterly),1,services,Facility Management,Maintenance,1498270.89,zh
electronics製造產線 (產能 6854 件/日),2,equipment,Manufacturing,Production Line,85044551.02,zh
柴油燃料採購 (8082 公升),3,energy,Utilities,Fuel,1765544.33,zh
購買 不鏽鋼 4715 kg 供生產使用,1,raw_materials,Manufacturing,Metal,881825.6,zh
銅線原料採購 - 2480 kg,1,raw_materials,Manufacturing,Metal,1522038.35,zh
工業機械租賃 (quarterly),8,leased_assets,Equipment Services,Equipment Lease,536321.05,zh
貨車採購 (industrial grade),2,equipment,Transportation,Vehicle,26824994.91,zh
Security軟體訂閱 (2513 授權，quarterly),1,services,IT Services,Software,839671.39,zh
倉庫一般廢棄物清運服務,5,waste,Environmental Services,Waste Disposal,618462.28,zh
採購 9687 kg 鋁合金用於製造,1,raw_materials,Manufacturing,Metal,3359568.4,zh
consumer goods自動化組裝線,2,equipment,Manufacturing,Production Line,45484291.38,zh
總部一般廢棄物清運服務,5,waste,Environmental Services,Waste Disposal,897477.45,zh
採購 6364 kg 不鏽鋼用於製造,1,raw_materials,Manufacturing,Metal,1440098.03,zh
倉儲服務 (5769 平方公尺，6 months),4,logistics,Logistics,Warehousing,1102313.24,zh
購買有機 稻米 2317 tons,1,raw_materials,Food & Beverage,Agricultural,2932137.51,zh
辦公設備租賃 (12 months),8,leased_assets,Equipment Services,Equipment Lease,35909.16,zh
採購電力 9452 度（國家電網）,3,energy,Utilities,Electricity,2684701.95,zh
商務差旅租車服務 (annual),6,travel,Business Services,Ground Transportation,59923.23,zh
冷凍倉儲租賃 (8729 立方公尺),4,logistics,Logistics,Warehousing,775805.05,zh
採購電力 4070 度（再生能源供應商）,3,energy,Utilities,Electricity,251675.38,zh
分公司液化石油氣供應 (6 months),3,energy,Utilities,Fuel,1591592.6,zh
商務差旅住宿預訂 (7387 晚),6,travel,Business Services,Accommodation,472864.05,zh
採購 9599 台 射出成型機用於資料中心,2,equipment,IT Infrastructure,Hardware,8804085.98,zh
國際航空差旅 (跨境，6 months),6,travel,Business Services,Air Travel,1947142.57,zh
購買 3767 輛 載貨車輛用於物流運營,2,equipment,Transportation,Vehicle,18609513.94,zh
automotive parts自動化組裝線,2,equipment,Manufacturing,Production Line,45604515.59,zh
管理專業服務合約,1,services,Professional Services,Consulting,997751.87,zh
事業廢棄物清運處理 (6 months),5,waste,Environmental Services,Waste Disposal,1237961.68,zh
冷凍倉儲租賃 (6255 立方公尺),4,logistics,Logistics,Warehousing,2604131.14,zh
ERP SaaS 訂閱 (8825 使用者),1,services,IT Services,Software,771820.46,zh
consumer goods自動化組裝線,2,equipment,Manufacturing,Production Line,79414765.93,zh
柴油燃料採購 (9627 公升),3,energy,Utilities,Fuel,1758481.71,zh
Analytics軟體訂閱 (9475 授權，annual),1,services,IT Services,Software,214335.95,zh
太陽能板安裝 (容量 9115 kW),2,equipment,Energy,Power Generation,181584261.06,zh
購買工業用 氫氧化鈉 5795 liters,1,raw_materials,Manufacturing,Chemical,1954077.53,zh
建造 配送中心 (30866 平方公尺),2,equipment,Real Estate,Building,63967088.95,zh
購置 包裝機 - industrial grade,2,equipment,Manufacturing,Machinery,29505861.19,zh
採購 4624 tons 稻米作為食品原料,1,raw_materials,Food & Beverage,Agricultural,554032.63,zh
柴油燃料採購 (7383 公升),3,energy,Utilities,Fuel,601532.27,zh
設施維護服務 (12 months),1,services,Facility Management,Maintenance,609854.43,zh
購置 射出成型機 - industrial grade,2,equipment,Manufacturing,Machinery,22664764.51,zh
辦公大樓建築合約 (總部),2,equipment,Real Estate,Building,91937762.02,zh
配送中心建築合約 (工廠),2,equipment,Real Estate,Building,322807862.38,zh
企業住宿合約 - 首爾,6,travel,Business Services,Accommodation,354241.55,zh
採購 CNC 機床用於生產設施,2,equipment,Manufacturing,Machinery,20289324.68,zh
consumer goods製造產線 (產能 7911 件/日),2,equipment,Manufacturing,Production Line,8241786.59,zh
IT專業服務合約,1,services,Professional Services,Consulting,1916817.17,zh
採購 8528 kg 銅線用於製造,1,raw_materials,Manufacturing,Metal,4467252.92,zh
商務差旅租車服務 (annual),6,travel,Business Services,Ground Transportation,33458.79,zh
汽油採購供車隊使用 (1811 公升),3,energy,Utilities,Fuel,1487689.41,zh
分公司大樓管理服務 (36 個月),1,services,Facility Management,Maintenance,897755.43,zh
製造廠建築合約 (總部),2,equipment,Real Estate,Building,194950586.17,zh
購買 1008 輛 貨車用於物流運營,2,equipment,Transportation,Vehicle,24391705.42,zh
貨車採購 (industrial grade),2,equipment,Transportation,Vehicle,7532186.69,zh
雲端 永續服務 - 6 months合約,1,services,IT Services,Software,302357.31,zh
購買有機 大豆 8094 tons,1,raw_materials,Food & Beverage,Agricultural,314941.2,zh
物流服務合約 - 南北線 (6 months),4,logistics,Logistics,Freight,2223016.58,zh
事業廢棄物清運處理 (12 months),5,waste,Environmental Services,Waste Disposal,737390.18,zh
購買工業用 丙酮 5854 liters,1,raw_materials,Manufacturing,Chemical,1910149.79,zh
採購 6994 tons 大豆作為食品原料,1,raw_materials,Food & Beverage,Agricultural,2144275.96,zh
商務差旅租車服務 (annual),6,travel,Business Services,Ground Transportation,316894.11,zh
建造 倉庫 (41357 平方公尺),2,equipment,Real Estate,Building,138723994.64,zh
購買有機 稻米 5892 tons,1,raw_materials,Food & Beverage,Agricultural,1240571.54,zh
採購 5273 個 微晶片用於組裝,1,raw_materials,Electronics,Electronic Components,2697429.77,zh
完整 consumer goods生產線安裝,2,equipment,Manufacturing,Production Line,82911329.52,zh
委外物流配送服務 (東西),4,logistics,Logistics,Freight,3933575.97,zh
聘請 管理顧問 (14 個月),1,services,Professional Services,Consulting,122568.58,zh
採購 硫酸 溶劑 2598 liters,1,raw_materials,Manufacturing,Chemical,1004143.63,zh
商務差旅住宿預訂 (7061 晚),6,travel,Business Services,Accommodation,626975.25,zh
採購 1632 個 微晶片用於組裝,1,raw_materials,Electronics,Electronic Components,5111641.87,zh
商務差旅租車服務 (12 months),6,travel,Business Services,Ground Transportation,152301.99,zh
採購 甲苯 溶劑 6795 liters,1,raw_materials,Manufacturing,Chemical,1692939.8,zh
法律運輸服務 - 跨境,4,logistics,Logistics,Freight,4954992.83,zh
機場接駁服務合約,6,travel,Business Services,Ground Transportation,451807.54,zh
再生能源電力採購 (3849 MWh),3,energy,Utilities,Electricity,4916326.82,zh
購買 LED 模組 元件 3507 個,1,raw_materials,Electronics,Electronic Components,7968516.98,zh
永續專業服務合約,1,services,Professional Services,Consulting,1222620.06,zh
購買工業用 丙酮 7786 liters,1,raw_materials,Manufacturing,Chemical,224405.86,zh
法律專業服務合約,1,services,Professional Services,Consulting,417638.0,zh
工廠大樓管理服務 (22 個月),1,services,Facility Management,Maintenance,516476.74,zh
總部第三方倉儲 - 8644 坪,4,logistics,Logistics,Warehousing,168014.93,zh
倉庫一般廢棄物清運服務,5,waste,Environmental Services,Waste Disposal,56542.76,zh
電力供應合約 (quarterly，6131 kWh),3,energy,Utilities,Electricity,2488527.03,zh
事業廢棄物清運處理 (12 months),5,waste,Environmental Services,Waste Disposal,1161872.46,zh
車隊採購 - 6807 輛 貨車,2,equipment,Transportation,Vehicle,4593632.59,zh
輸送系統發電系統 - 1571 MW,2,equipment,Energy,Power Generation,32275221.3,zh
營運部門住宿費用 (6 months),6,travel,Business Services,Accommodation,536858.32,zh
太陽能板安裝 (容量 2748 kW),2,equipment,Energy,Power Generation,85810612.85,zh
柴油燃料採購 (6617 公升),3,energy,Utilities,Fuel,2400406.39,zh
鋁合金原料採購 - 2397 kg,1,raw_materials,Manufacturing,Metal,2756354.9,zh
採購 4616 個 微晶片用於組裝,1,raw_materials,Electronics,Electronic Components,7087725.76,zh
冷凍倉儲租賃 (6541 立方公尺),4,logistics,Logistics,Warehousing,1211304.97,zh
冷凍倉儲租賃 (645 立方公尺),4,logistics,Logistics,Warehousing,1507222.9,zh
購置 包裝機 - industrial grade,2,equipment,Manufacturing,Machinery,29574352.33,zh
總部大樓管理服務 (11 個月),1,services,Facility Management,Maintenance,694565.69,zh
辦公場所清潔維護合約,1,services,Facility Management,Maintenance,168260.76,zh
委外物流配送服務 (南北),4,logistics,Logistics,Freight,111775.05,zh
採購 CNC 機床用於生產設施,2,equipment,Manufacturing,Machinery,34750597.18,zh
管理運輸服務 - 市區,4,logistics,Logistics,Freight,1840610.1,zh
聘請 管理顧問 (24 個月),1,services,Professional Services,Consulting,1609972.18,zh
銅線原料採購 - 5252 kg,1,raw_materials,Manufacturing,Metal,4979263.04,zh
再生能源設施建設 (8250 MW),2,equipment,Energy,Power Generation,139312368.15,zh
天然氣供應合約 (1171 立方公尺),3,energy,Utilities,Fuel,2979273.4,zh
公司交通車服務 (annual),7,commute,HR Services,Shuttle Service,1292305.74,zh
採購 7178 kg 鋼板用於製造,1,raw_materials,Manufacturing,Metal,1171790.54,zh
Security SaaS 訂閱 (1795 使用者),1,services,IT Services,Software,20304.21,zh
商務艙機票至倫敦,6,travel,Business Services,Air Travel,482048.2,zh
員工停車費報支 (12 months),7,commute,HR Services,Commute Allowance,525707.04,zh
採購 310 個 微晶片用於組裝,1,raw_materials,Electronics,Electronic Components,5185645.75,zh
建造 配送中心 (39087 平方公尺),2,equipment,Real Estate,Building,385730945.68,zh
再生能源電力採購 (7189 MWh),3,energy,Utilities,Electricity,4730242.86,zh
再生能源設施建設 (2194 MW),2,equipment,Energy,Power Generation,63552554.22,zh
商務差旅租車服務 (6 months),6,travel,Business Services,Ground Transportation,196313.82,zh
採購電力 5907 度（國家電網）,3,energy,Utilities,Electricity,3608245.06,zh
物流服務合約 - 跨境線 (quarterly),4,logistics,Logistics,Freight,1986045.94,zh
購買 不鏽鋼 1206 kg 供生產使用,1,raw_materials,Manufacturing,Metal,2697502.9,zh
再生能源設施建設 (9550 MW),2,equipment,Energy,Power Generation,135576662.73,zh
購買工業用 甲苯 8765 liters,1,raw_materials,Manufacturing,Chemical,668948.77,zh
電力供應合約 (6 months，8674 kWh),3,energy,Utilities,Electricity,4169371.75,zh
工廠第三方倉儲 - 4887 坪,4,logistics,Logistics,Warehousing,542770.41,zh
國際航空差旅 (跨境，quarterly),6,travel,Business Services,Air Travel,1417341.78,zh
工廠一般廢棄物清運服務,5,waste,Environmental Services,Waste Disposal,167579.81,zh
採購電力 7385 度（國家電網）,3,energy,Utilities,Electricity,3188035.17,zh
貨車採購 (industrial grade),2,equipment,Transportation,Vehicle,9049849.25,zh
IT 基礎設施升級 - 射出成型機 (6749 台),2,equipment,IT Infrastructure,Hardware,8162614.81,zh
購買有機 玉米 3369 tons,1,raw_materials,Food & Beverage,Agricultural,1797897.21,zh
通勤廂型車租賃 (9549 輛),7,commute,HR Services,Shuttle Service,1421082.4,zh
IT專業服務合約,1,services,Professional Services,Consulting,286454.87,zh
射出成型機發電系統 - 9078 MW,2,equipment,Energy,Power Generation,178959233.13,zh
購買 574 輛 電動廂型車用於物流運營,2,equipment,Transportation,Vehicle,17654750.37,zh
2391 名員工通勤補貼,7,commute,HR Services,Commute Allowance,1940032.29,zh
物流服務合約 - 區域線 (annual),4,logistics,Logistics,Freight,2378189.22,zh
倉儲服務 (4661 平方公尺，annual),4,logistics,Logistics,Warehousing,2918106.76,zh
天然氣供應合約 (7713 立方公尺),3,energy,Utilities,Fuel,1537754.15,zh
企業住宿合約 - 舊金山,6,travel,Business Services,Accommodation,135695.89,zh
辦公場所清潔維護合約,1,services,Facility Management,Maintenance,69493.29,zh
銅線原料採購 - 4675 kg,1,raw_materials,Manufacturing,Metal,605735.39,zh
採購 7416 個 LED 模組用於組裝,1,raw_materials,Electronics,Electronic Components,5974917.65,zh
汽油採購供車隊使用 (5354 公升),3,energy,Utilities,Fuel,901286.66,zh
採購 2406 個 電容用於組裝,1,raw_materials,Electronics,Electronic Components,304822.62,zh
汽油採購供車隊使用 (3591 公升),3,energy,Utilities,Fuel,1553280.38,zh
企業計程車/叫車帳號 (6 months),6,travel,Business Services,Ground Transportation,41117.52,zh
物流服務合約 - 東西線 (6 months),4,logistics,Logistics,Freight,3129027.4,zh
完整 consumer goods生產線安裝,2,equipment,Manufacturing,Production Line,10740774.42,zh
工廠液化石油氣供應 (12 months),3,energy,Utilities,Fuel,823541.18,zh
車隊採購 - 3426 輛 貨車,2,equipment,Transportation,Vehicle,12223603.36,zh
商務差旅租車服務 (annual),6,travel,Business Services,Ground Transportation,398584.12,zh
6120 名員工通勤補貼,7,commute,HR Services,Commute Allowance,532463.24,zh
商務差旅住宿預訂 (9417 晚),6,travel,Business Services,Accommodation,171897.67,zh
包裝機發電系統 - 2655 MW,2,equipment,Energy,Power Generation,170911371.74,zh
員工停車費報支 (annual),7,commute,HR Services,Commute Allowance,1812722.66,zh
天然氣供應合約 (8359 立方公尺),3,energy,Utilities,Fuel,1913378.68,zh
採購 4961 tons 稻米作為食品原料,1,raw_materials,Food & Beverage,Agricultural,112165.63,zh
區域辦公室液化石油氣供應 (12 months),3,energy,Utilities,Fuel,960264.3,zh
購買 鈦金屬 9168 kg 供生產使用,1,raw_materials,Manufacturing,Metal,663154.59,zh
有害廢棄物處理合約 (7967 噸),5,waste,Environmental Services,Waste Disposal,972907.12,zh
採購電力 8406 度（國家電網）,3,energy,Utilities,Electricity,4654515.57,zh
事業廢棄物清運處理 (6 months),5,waste,Environmental Services,Waste Disposal,1330939.29,zh
法律專業服務合約,1,services,Professional Services,Consulting,138524.57,zh
設施維護服務 (6 months),1,services,Facility Management,Maintenance,292495.0,zh
員工交通津貼補助 (6 months),7,commute,HR Services,Commute Allowance,342651.6,zh
辦公場所清潔維護合約,1,services,Facility Management,Maintenance,40193.52,zh
辦公場所清潔維護合約,1,services,Facility Management,Maintenance,1370889.82,zh
貨車採購 (industrial grade),2,equipment,Transportation,Vehicle,23323575.99,zh
購買有機 糖 9509 tons,1,raw_materials,Food & Beverage,Agricultural,1078066.03,zh
再生能源電力採購 (7701 MWh),3,energy,Utilities,Electricity,2288664.89,zh
倉儲服務 (3640 平方公尺，6 months),4,logistics,Logistics,Warehousing,1152930.4,zh
採購 5982 台 包裝機用於資料中心,2,equipment,IT Infrastructure,Hardware,7930111.45,zh
辦公場所清潔維護合約,1,services,Facility Management,Maintenance,1187726.97,zh
採購 93 kg 銅線用於製造,1,raw_materials,Manufacturing,Metal,1431773.11,zh
工業用 機械手臂 (1943 台) 含安裝,2,equipment,Manufacturing,Machinery,38597709.33,zh
新建 辦公大樓開發專案,2,equipment,Real Estate,Building,383725489.82,zh
商務差旅住宿預訂 (6759 晚),6,travel,Business Services,Accommodation,436938.54,zh
購買工業用 丙酮 5435 liters,1,raw_materials,Manufacturing,Chemical,1403551.18,zh
太陽能板安裝 (容量 3636 kW),2,equipment,Energy,Power Generation,156305247.89,zh
國際航空差旅 (市區，6 months),6,travel,Business Services,Air Travel,1695291.33,zh
購買工業用 硫酸 1284 liters,1,raw_materials,Manufacturing,Chemical,1867799.45,zh
雲端 財務服務 - annual合約,1,services,IT Services,Software,986432.63,zh
物流服務合約 - 南北線 (annual),4,logistics,Logistics,Freight,550032.08,zh
機場接駁服務合約,6,travel,Business Services,Ground Transportation,423413.04,zh
天然氣供應合約 (7936 立方公尺),3,energy,Utilities,Fuel,2941511.41,zh
雲端 永續服務 - 6 months合約,1,services,IT Services,Software,292048.44,zh
購買 電容 元件 6041 個,1,raw_materials,Electronics,Electronic Components,4412229.03,zh
資源回收處理服務合約 (6 months),5,waste,Environmental Services,Waste Disposal,397516.75,zh
管理諮詢服務 (12 months),1,services,Professional Services,Consulting,1946683.9,zh
財務諮詢服務 (6 months),1,services,Professional Services,Consulting,604682.03,zh
購置 機械手臂 (industrial grade),2,equipment,IT Infrastructure,Hardware,1694991.75,zh
consumer goods自動化組裝線,2,equipment,Manufacturing,Production Line,97416428.39,zh
區域辦公室一般廢棄物清運服務,5,waste,Environmental Services,Waste Disposal,1498965.68,zh
工業用 CNC 機床 (9148 台) 含安裝,2,equipment,Manufacturing,Machinery,6412057.38,zh
購買 銅線 1970 kg 供生產使用,1,raw_materials,Manufacturing,Metal,722089.65,zh
設施維護服務 (quarterly),1,services,Facility Management,Maintenance,238397.96,zh
商務差旅租車服務 (12 months),6,travel,Business Services,Ground Transportation,357038.45,zh
法律諮詢服務 (12 months),1,services,Professional Services,Consulting,1643900.68,zh
天然氣供應合約 (7035 立方公尺),3,energy,Utilities,Fuel,1702729.3,zh
公司交通車服務 (12 months),7,commute,HR Services,Shuttle Service,1379077.69,zh
購買有機 玉米 2431 tons,1,raw_materials,Food & Beverage,Agricultural,412963.23,zh
研發部門住宿費用 (annual),6,travel,Business Services,Accommodation,125607.86,zh
新建 配送中心開發專案,2,equipment,Real Estate,Building,185350801.03,zh
IT 基礎設施升級 - 包裝機 (4403 台),2,equipment,IT Infrastructure,Hardware,1630252.75,zh
工廠大樓管理服務 (35 個月),1,services,Facility Management,Maintenance,274285.35,zh
鈦金屬原料採購 - 9795 kg,1,raw_materials,Manufacturing,Metal,3160489.52,zh
鋁合金原料採購 - 2789 kg,1,raw_materials,Manufacturing,Metal,3491717.44,zh
採購 機械手臂用於生產設施,2,equipment,Manufacturing,Machinery,26742700.1,zh
包裝機發電系統 - 1934 MW,2,equipment,Energy,Power Generation,86575948.75,zh
採購 7389 tons 大豆作為食品原料,1,raw_materials,Food & Beverage,Agricultural,1309256.16,zh
Security SaaS 訂閱 (2907 使用者),1,services,IT Services,Software,353507.18,zh
有害廢棄物處理合約 (9893 噸),5,waste,Environmental Services,Waste Disposal,36979.98,zh
採購電力 4012 度（再生能源供應商）,3,energy,Utilities,Electricity,2275947.51,zh
商務艙機票至新加坡,6,travel,Business Services,Air Travel,1988052.71,zh
採購 機械手臂用於生產設施,2,equipment,Manufacturing,Machinery,16523815.59,zh
不鏽鋼原料採購 - 1866 kg,1,raw_materials,Manufacturing,Metal,2874711.86,zh
區域辦公室設施用電 (quarterly),3,energy,Utilities,Electricity,1956754.51,zh
再生能源電力採購 (9260 MWh),3,energy,Utilities,Electricity,2891342.32,zh
雲端 IT服務 - annual合約,1,services,IT Services,Software,860522.74,zh
總部大樓管理服務 (24 個月),1,services,Facility Management,Maintenance,1073366.22,zh
分公司大樓管理服務 (28 個月),1,services,Facility Management,Maintenance,820246.91,zh
Security軟體訂閱 (3113 授權，annual),1,services,IT Services,Software,119447.08,zh
再生能源電力採購 (4927 MWh),3,energy,Utilities,Electricity,2826850.77,zh
設施維護服務 (quarterly),1,services,Facility Management,Maintenance,1306385.86,zh
聘請 財務顧問 (14 個月),1,services,Professional Services,Consulting,169590.81,zh
購買 鋼板 792 kg 供生產使用,1,raw_materials,Manufacturing,Metal,4768633.73,zh
購買 LED 模組 元件 5698 個,1,raw_materials,Electronics,Electronic Components,1351895.65,zh
購買工業用 氫氧化鈉 5226 liters,1,raw_materials,Manufacturing,Chemical,1812979.5,zh
完整 electronics生產線安裝,2,equipment,Manufacturing,Production Line,33249769.0,zh
區域辦公室液化石油氣供應 (6 months),3,energy,Utilities,Fuel,570818.15,zh
倉儲服務 (5928 平方公尺，6 months),4,logistics,Logistics,Warehousing,1491947.19,zh
商務差旅租車服務 (annual),6,travel,Business Services,Ground Transportation,231200.56,zh
工業用 輸送系統 (2424 台) 含安裝,2,equipment,Manufacturing,Machinery,42753816.86,zh
分公司第三方倉儲 - 9171 坪,4,logistics,Logistics,Warehousing,1710948.43,zh
事業廢棄物清運處理 (6 months),5,waste,Environmental Services,Waste Disposal,709870.02,zh
設備租賃 (機械手臂，21 個月),8,leased_assets,Equipment Services,Equipment Lease,601039.85,zh
購買 LED 模組 元件 1914 個,1,raw_materials,Electronics,Electronic Components,7803806.35,zh
天然氣供應合約 (1122 立方公尺),3,energy,Utilities,Fuel,884993.78,zh
採購 7679 kg 鋼板用於製造,1,raw_materials,Manufacturing,Metal,2110763.13,zh
購買 微晶片 元件 6853 個,1,raw_materials,Electronics,Electronic Components,6158176.37,zh
區域區域配送月度運輸服務,4,logistics,Logistics,Freight,4090357.4,zh
採購 3479 個 LED 模組用於組裝,1,raw_materials,Electronics,Electronic Components,5834785.95,zh
工廠大樓管理服務 (22 個月),1,services,Facility Management,Maintenance,1077355.38,zh
辦公設備租賃 (6 months),8,leased_assets,Equipment Services,Equipment Lease,2056374.84,zh
採購 5599 個 微晶片用於組裝,1,raw_materials,Electronics,Electronic Components,1958056.67,zh
電力供應合約 (12 months，2318 kWh),3,energy,Utilities,Electricity,3654531.17,zh
太陽能板安裝 (容量 5939 kW),2,equipment,Energy,Power Generation,9768133.22,zh
採購 5151 tons 稻米作為食品原料,1,raw_materials,Food & Beverage,Agricultural,1731018.91,zh
再生能源電力採購 (3612 MWh),3,energy,Utilities,Electricity,3281549.2,zh
採購電力 3252 度（台電）,3,energy,Utilities,Electricity,3064433.67,zh
天然氣供應合約 (9153 立方公尺),3,energy,Utilities,Fuel,1094589.72,zh
採購 乙醇 溶劑 9500 liters,1,raw_materials,Manufacturing,Chemical,1178041.8,zh
永續專業服務合約,1,services,Professional Services,Consulting,1922165.86,zh
採購 826 tons 稻米作為食品原料,1,raw_materials,Food & Beverage,Agricultural,1588034.29,zh
財務專業服務合約,1,services,Professional Services,Consulting,1670330.63,zh
購買 7819 輛 載貨車輛用於物流運營,2,equipment,Transportation,Vehicle,16413018.7,zh
委外物流配送服務 (東西),4,logistics,Logistics,Freight,3175104.57,zh
購買有機 稻米 6688 tons,1,raw_materials,Food & Beverage,Agricultural,414839.44,zh
分公司一般廢棄物清運服務,5,waste,Environmental Services,Waste Disposal,93134.12,zh
有害廢棄物處理合約 (8831 噸),5,waste,Environmental Services,Waste Disposal,961350.82,zh
國際航空差旅 (跨境，12 months),6,travel,Business Services,Air Travel,717664.14,zh
商務差旅租車服務 (6 months),6,travel,Business Services,Ground Transportation,21849.69,zh
倉儲服務 (2144 平方公尺，6 months),4,logistics,Logistics,Warehousing,1971910.8,zh
電力供應合約 (12 months，9957 kWh),3,energy,Utilities,Electricity,3980070.23,zh
購買 銅線 8128 kg 供生產使用,1,raw_materials,Manufacturing,Metal,1261251.89,zh
事業廢棄物清運處理 (quarterly),5,waste,Environmental Services,Waste Disposal,729955.83,zh
企業住宿合約 - 上海,6,travel,Business Services,Accommodation,550924.22,zh
電動廂型車採購 (industrial grade),2,equipment,Transportation,Vehicle,15488287.04,zh
建造 倉庫 (39252 平方公尺),2,equipment,Real Estate,Building,304830530.04,zh
電力供應合約 (annual，8558 kWh),3,energy,Utilities,Electricity,3301040.15,zh
汽油採購供車隊使用 (213 公升),3,energy,Utilities,Fuel,1781499.21,zh
資源回收處理服務合約 (annual),5,waste,Environmental Services,Waste Disposal,1238241.46,zh
購買 銅線 6415 kg 供生產使用,1,raw_materials,Manufacturing,Metal,1586797.95,zh
聘請 法律顧問 (9 個月),1,services,Professional Services,Consulting,550840.91,zh
採購 7853 kg 鋁合金用於製造,1,raw_materials,Manufacturing,Metal,1707375.84,zh
購買 鋼板 2472 kg 供生產使用,1,raw_materials,Manufacturing,Metal,1216468.26,zh
南北區域配送月度運輸服務,4,logistics,Logistics,Freight,4566557.13,zh
設施維護服務 (annual),1,services,Facility Management,Maintenance,910077.53,zh
研發部門商務旅遊套裝 (annual),6,travel,Business Services,Air Travel,1065539.8,zh
管理專業服務合約,1,services,Professional Services,Consulting,499773.23,zh
ERP SaaS 訂閱 (77 使用者),1,services,IT Services,Software,176385.89,zh
聘請 財務顧問 (20 個月),1,services,Professional Services,Consulting,1544398.25,zh
electronics自動化組裝線,2,equipment,Manufacturing,Production Line,67528853.86,zh
聘請 永續顧問 (14 個月),1,services,Professional Services,Consulting,722500.29,zh
財務專業服務合約,1,services,Professional Services,Consulting,878939.96,zh
輸送系統發電系統 - 5152 MW,2,equipment,Energy,Power Generation,108968635.92,zh
建造 配送中心 (20618 平方公尺),2,equipment,Real Estate,Building,122815565.69,zh
銅線原料採購 - 5140 kg,1,raw_materials,Manufacturing,Metal,1638579.68,zh
採購 乙醇 溶劑 6818 liters,1,raw_materials,Manufacturing,Chemical,1830578.06,zh
企業住宿合約 - 舊金山,6,travel,Business Services,Accommodation,741755.52,zh
雲端 永續服務 - 6 months合約,1,services,IT Services,Software,530142.3,zh
採購 1097 tons 糖作為食品原料,1,raw_materials,Food & Beverage,Agricultural,2397432.33,zh
IT 基礎設施升級 - 射出成型機 (6945 台),2,equipment,IT Infrastructure,Hardware,6452556.42,zh
購買 PCB 電路板 元件 1353 個,1,raw_materials,Electronics,Electronic Components,1323987.82,zh
購買有機 大豆 694 tons,1,raw_materials,Food & Beverage,Agricultural,2375590.77,zh
國際航空差旅 (東西，12 months),6,travel,Business Services,Air Travel,1093212.1,zh
總部設施用電 (quarterly),3,energy,Utilities,Electricity,3125884.7,zh
太陽能板安裝 (容量 9797 kW),2,equipment,Energy,Power Generation,30777644.52,zh
IT運輸服務 - 南北,4,logistics,Logistics,Freight,4460251.43,zh
倉儲服務 (7108 平方公尺，quarterly),4,logistics,Logistics,Warehousing,1012479.99,zh
有害廢棄物處理合約 (3958 噸),5,waste,Environmental Services,Waste Disposal,495963.49,zh
銅線原料採購 - 6061 kg,1,raw_materials,Manufacturing,Metal,4033428.57,zh
雲端 永續服務 - 12 months合約,1,services,IT Services,Software,827044.2,zh
ERP軟體訂閱 (1397 授權，annual),1,services,IT Services,Software,507334.86,zh
委外物流配送服務 (東西),4,logistics,Logistics,Freight,3792561.48,zh
IT專業服務合約,1,services,Professional Services,Consulting,1830252.69,zh
員工交通津貼補助 (quarterly),7,commute,HR Services,Commute Allowance,1376010.79,zh
永續諮詢服務 (annual),1,services,Professional Services,Consulting,1189970.49,zh
工廠液化石油氣供應 (12 months),3,energy,Utilities,Fuel,2841748.64,zh
太陽能板安裝 (容量 2658 kW),2,equipment,Energy,Power Generation,43197277.54,zh
倉庫設施用電 (6 months),3,energy,Utilities,Electricity,662394.55,zh
Security軟體訂閱 (7917 授權，annual),1,services,IT Services,Software,926904.58,zh
區域辦公室設施用電 (annual),3,energy,Utilities,Electricity,193190.19,zh
Collaboration SaaS 訂閱 (7659 使用者),1,services,IT Services,Software,824844.3,zh
區域辦公室大樓管理服務 (30 個月),1,services,Facility Management,Maintenance,1332347.91,zh
銅線原料採購 - 3795 kg,1,raw_materials,Manufacturing,Metal,3418980.18,zh
電力供應合約 (12 months，8942 kWh),3,energy,Utilities,Electricity,4213442.55,zh
聘請 法律顧問 (32 個月),1,services,Professional Services,Consulting,1793550.33,zh
柴油燃料採購 (2950 公升),3,energy,Utilities,Fuel,842394.8,zh
採購電力 546 度（台電）,3,energy,Utilities,Electricity,4905471.81,zh
再生能源設施建設 (9521 MW),2,equipment,Energy,Power Generation,130383398.39,zh
永續運輸服務 - 東西,4,logistics,Logistics,Freight,1889534.54,zh
購買 鋼板 5089 kg 供生產使用,1,raw_materials,Manufacturing,Metal,1831525.84,zh
購買工業用 氫氧化鈉 7196 liters,1,raw_materials,Manufacturing,Chemical,349168.93,zh
採購 2338 個 電容用於組裝,1,raw_materials,Electronics,Electronic Components,3753471.41,zh
鈦金屬原料採購 - 2864 kg,1,raw_materials,Manufacturing,Metal,1802538.8,zh
設施維護服務 (annual),1,services,Facility Management,Maintenance,1310103.24,zh
設施維護服務 (6 months),1,services,Facility Management,Maintenance,63882.73,zh
CRM SaaS 訂閱 (4386 使用者),1,services,IT Services,Software,28382.26,zh
資源回收處理服務合約 (12 months),5,waste,Environmental Services,Waste Disposal,560683.59,zh
倉儲服務 (1991 平方公尺，12 months),4,logistics,Logistics,Warehousing,1804460.13,zh
雲端 管理服務 - annual合約,1,services,IT Services,Software,585481.44,zh
購買有機 稻米 1634 tons,1,raw_materials,Food & Beverage,Agricultural,226760.13,zh
購買 9172 輛 電動廂型車用於物流運營,2,equipment,Transportation,Vehicle,8944481.38,zh
太陽能板安裝 (容量 169 kW),2,equipment,Energy,Power Generation,168428107.23,zh
區域辦公室大樓管理服務 (20 個月),1,services,Facility Management,Maintenance,215855.11,zh
IT諮詢服務 (quarterly),1,services,Professional Services,Consulting,1672685.16,zh
共同工作空間會員 (8723 個座位),8,leased_assets,Real Estate,Office Lease,5795041.78,zh
管理運輸服務 - 東西,4,logistics,Logistics,Freight,2145815.06,zh
採購 8804 kg 銅線用於製造,1,raw_materials,Manufacturing,Metal,2603037.09,zh
區域辦公室一般廢棄物清運服務,5,waste,Environmental Services,Waste Disposal,594906.9,zh
完整 consumer goods生產線安裝,2,equipment,Manufacturing,Production Line,43519554.63,zh
採購 5682 tons 大豆作為食品原料,1,raw_materials,Food & Beverage,Agricultural,2425155.34,zh
購買工業用 乙醇 3279 liters,1,raw_materials,Manufacturing,Chemical,589650.41,zh
購買 電容 元件 7061 個,1,raw_materials,Electronics,Electronic Components,534048.66,zh
市區區域配送月度運輸服務,4,logistics,Logistics,Freight,3303526.64,zh
貨車採購 (industrial grade),2,equipment,Transportation,Vehicle,18120698.44,zh
天然氣供應合約 (697 立方公尺),3,energy,Utilities,Fuel,2076082.98,zh
ERP SaaS 訂閱 (5148 使用者),1,services,IT Services,Software,201274.99,zh
IT 硬體租賃合約 (9712 台),8,leased_assets,Equipment Services,Equipment Lease,239538.9,zh
automotive parts製造產線 (產能 9776 件/日),2,equipment,Manufacturing,Production Line,47838160.95,zh
天然氣供應合約 (1486 立方公尺),3,energy,Utilities,Fuel,416495.51,zh
購買 銅線 7543 kg 供生產使用,1,raw_materials,Manufacturing,Metal,3889925.94,zh
總部大樓管理服務 (33 個月),1,services,Facility Management,Maintenance,262880.15,zh
採購 3316 tons 稻米作為食品原料,1,raw_materials,Food & Beverage,Agricultural,2544762.5,zh
商務差旅住宿預訂 (9791 晚),6,travel,Business Services,Accommodation,205439.77,zh
工廠設施用電 (quarterly),3,energy,Utilities,Electricity,1648392.71,zh
貨車採購 (industrial grade),2,equipment,Transportation,Vehicle,29077996.05,zh
資源回收處理服務合約 (quarterly),5,waste,Environmental Services,Waste Disposal,1091029.66,zh
分公司一般廢棄物清運服務,5,waste,Environmental Services,Waste Disposal,884904.43,zh
區域辦公室一般廢棄物清運服務,5,waste,Environmental Services,Waste Disposal,89504.03,zh
automotive parts製造產線 (產能 7204 件/日),2,equipment,Manufacturing,Production Line,69924485.92,zh
採購 6081 台 輸送系統用於資料中心,2,equipment,IT Infrastructure,Hardware,7793435.61,zh
CRM軟體訂閱 (5636 授權，quarterly),1,services,IT Services,Software,304149.63,zh
辦公場所清潔維護合約,1,services,Facility Management,Maintenance,1211983.63,zh
法律運輸服務 - 跨境,4,logistics,Logistics,Freight,3130179.89,zh
採購 6738 kg 不鏽鋼用於製造,1,raw_materials,Manufacturing,Metal,4697107.83,zh
採購電力 4249 度（國家電網）,3,energy,Utilities,Electricity,4870589.28,zh
採購 乙醇 溶劑 3381 liters,1,raw_materials,Manufacturing,Chemical,1278300.23,zh
資源回收處理服務合約 (12 months),5,waste,Environmental Services,Waste Disposal,99760.19,zh
採購 4930 個 PCB 電路板用於組裝,1,raw_materials,Electronics,Electronic Components,2428675.42,zh
購買有機 小麥 3533 tons,1,raw_materials,Food & Beverage,Agricultural,1155967.18,zh
財務運輸服務 - 跨境,4,logistics,Logistics,Freight,4463192.78,zh
辦公設備租賃 (quarterly),8,leased_assets,Equipment Services,Equipment Lease,1304215.86,zh
工廠大樓管理服務 (20 個月),1,services,Facility Management,Maintenance,1393383.76,zh
採購 4192 tons 稻米作為食品原料,1,raw_materials,Food & Beverage,Agricultural,2503420.29,zh
總部第三方倉儲 - 1230 坪,4,logistics,Logistics,Warehousing,579999.87,zh
有害廢棄物處理合約 (8534 噸),5,waste,Environmental Services,Waste Disposal,939571.73,zh
設施維護服務 (12 months),1,services,Facility Management,Maintenance,1359063.92,zh
工業用 包裝機 (3605 台) 含安裝,2,equipment,Manufacturing,Machinery,44369157.34,zh
國際航空差旅 (區域，quarterly),6,travel,Business Services,Air Travel,1113176.12,zh
市區區域配送月度運輸服務,4,logistics,Logistics,Freight,2415994.44,zh
購買 鈦金屬 2368 kg 供生產使用,1,raw_materials,Manufacturing,Metal,298013.38,zh
天然氣供應合約 (4762 立方公尺),3,energy,Utilities,Fuel,2882826.44,zh
電力供應合約 (quarterly，7028 kWh),3,energy,Utilities,Electricity,3930231.84,zh
分公司設施用電 (12 months),3,energy,Utilities,Electricity,4924897.22,zh
柴油燃料採購 (9715 公升),3,energy,Utilities,Fuel,1202437.9,zh
採購 9460 個 電阻用於組裝,1,raw_materials,Electronics,Electronic Components,1293714.83,zh
再生能源電力採購 (1890 MWh),3,energy,Utilities,Electricity,4826013.62,zh
採購 4626 tons 玉米作為食品原料,1,raw_materials,Food & Beverage,Agricultural,119891.78,zh
大眾運輸月票計畫 (6 months),7,commute,HR Services,Commute Allowance,860325.45,zh
採購 679 台 包裝機用於資料中心,2,equipment,IT Infrastructure,Hardware,2711400.11,zh
工業用 CNC 機床 (6545 台) 含安裝,2,equipment,Manufacturing,Machinery,1679702.3,zh
通勤廂型車租賃 (1363 輛),7,commute,HR Services,Shuttle Service,249917.72,zh
電力供應合約 (quarterly，1652 kWh),3,energy,Utilities,Electricity,1246032.68,zh
東西區域配送月度運輸服務,4,logistics,Logistics,Freight,2623920.11,zh
總部第三方倉儲 - 438 坪,4,logistics,Logistics,Warehousing,2205382.78,zh
採購 2926 kg 不鏽鋼用於製造,1,raw_materials,Manufacturing,Metal,1313834.13,zh
區域辦公室一般廢棄物清運服務,5,waste,Environmental Services,Waste Disposal,1366393.0,zh
倉庫液化石油氣供應 (12 months),3,energy,Utilities,Fuel,2626479.38,zh
汽油採購供車隊使用 (7171 公升),3,energy,Utilities,Fuel,1346055.74,zh
Collaboration SaaS 訂閱 (8582 使用者),1,services,IT Services,Software,924045.86,zh
法律專業服務合約,1,services,Professional Services,Consulting,518639.53,zh
汽油採購供車隊使用 (1419 公升),3,energy,Utilities,Fuel,2535254.86,zh
輸送系統發電系統 - 8592 MW,2,equipment,Energy,Power Generation,50143767.2,zh
設施維護服務 (6 months),1,services,Facility Management,Maintenance,389876.21,zh
工業用 CNC 機床 (677 台) 含安裝,2,equipment,Manufacturing,Machinery,15307596.94,zh
天然氣供應合約 (5116 立方公尺),3,energy,Utilities,Fuel,2990184.33,zh
Collaboration SaaS 訂閱 (9655 使用者),1,services,IT Services,Software,34002.28,zh
聘請 永續顧問 (8 個月),1,services,Professional Services,Consulting,1107162.91,zh
製造廠建築合約 (工廠),2,equipment,Real Estate,Building,114050633.99,zh
IT專業服務合約,1,services,Professional Services,Consulting,1914258.6,zh
委外物流配送服務 (東西),4,logistics,Logistics,Freight,2443728.96,zh
電力供應合約 (6 months，724 kWh),3,energy,Utilities,Electricity,380456.89,zh
商務差旅租車服務 (quarterly),6,travel,Business Services,Ground Transportation,68176.83,zh
冷凍倉儲租賃 (6019 立方公尺),4,logistics,Logistics,Warehousing,2795248.81,zh
資源回收處理服務合約 (annual),5,waste,Environmental Services,Waste Disposal,164961.67,zh
汽油採購供車隊使用 (9504 公升),3,energy,Utilities,Fuel,2218751.07,zh
設施維護服務 (6 months),1,services,Facility Management,Maintenance,745644.78,zh
設施維護服務 (annual),1,services,Facility Management,Maintenance,1136487.89,zh
完整 automotive parts生產線安裝,2,equipment,Manufacturing,Production Line,71234322.23,zh
採購 氫氧化鈉 溶劑 7214 liters,1,raw_materials,Manufacturing,Chemical,1362453.25,zh
建造 配送中心 (5662 平方公尺),2,equipment,Real Estate,Building,223409593.05,zh
設施維護服務 (annual),1,services,Facility Management,Maintenance,1010621.82,zh
採購 4130 台 包裝機用於資料中心,2,equipment,IT Infrastructure,Hardware,6055391.01,zh
車隊採購 - 4139 輛 堆高機,2,equipment,Transportation,Vehicle,11877740.01,zh
事業廢棄物清運處理 (6 months),5,waste,Environmental Services,Waste Disposal,1326347.19,zh
柴油燃料採購 (7862 公升),3,energy,Utilities,Fuel,2698584.03,zh
購買有機 大豆 6650 tons,1,raw_materials,Food & Beverage,Agricultural,247770.8,zh
汽油採購供車隊使用 (5209 公升),3,energy,Utilities,Fuel,2937255.69,zh
資源回收處理服務合約 (6 months),5,waste,Environmental Services,Waste Disposal,89513.89,zh
柴油燃料採購 (4079 公升),3,energy,Utilities,Fuel,1328323.17,zh
建造 倉庫 (24317 平方公尺),2,equipment,Real Estate,Building,77889065.44,zh
雲端 管理服務 - annual合約,1,services,IT Services,Software,246396.52,zh
完整 consumer goods生產線安裝,2,equipment,Manufacturing,Production Line,58180180.52,zh
工程部門住宿費用 (annual),6,travel,Business Services,Accommodation,604995.72,zh
購買 9171 輛 堆高機用於物流運營,2,equipment,Transportation,Vehicle,7116198.84,zh
太陽能板安裝 (容量 9626 kW),2,equipment,Energy,Power Generation,144269545.03,zh
採購 6755 tons 糖作為食品原料,1,raw_materials,Food & Beverage,Agricultural,2373079.08,zh
再生能源電力採購 (6168 MWh),3,energy,Utilities,Electricity,3581041.41,zh
聘請 IT顧問 (14 個月),1,services,Professional Services,Consulting,1379459.93,zh
工廠液化石油氣供應 (12 months),3,energy,Utilities,Fuel,853032.15,zh
區域辦公室設施用電 (12 months),3,energy,Utilities,Electricity,3992657.96,zh
汽油採購供車隊使用 (5119 公升),3,energy,Utilities,Fuel,1539410.4,zh
再生能源設施建設 (4976 MW),2,equipment,Energy,Power Generation,123496231.15,zh
採購 4381 tons 玉米作為食品原料,1,raw_materials,Food & Beverage,Agricultural,2400517.35,zh
Collaboration SaaS 訂閱 (967 使用者),1,services,IT Services,Software,125260.28,zh
物流服務合約 - 市區線 (annual),4,logistics,Logistics,Freight,858461.13,zh
辦公場所清潔維護合約,1,services,Facility Management,Maintenance,75576.18,zh
配送中心建築合約 (區域辦公室),2,equipment,Real Estate,Building,435360801.34,zh
完整 electronics生產線安裝,2,equipment,Manufacturing,Production Line,95995372.81,zh
工業用 CNC 機床 (3041 台) 含安裝,2,equipment,Manufacturing,Machinery,10140746.87,zh
再生能源設施建設 (7841 MW),2,equipment,Energy,Power Generation,69647420.5,zh
車隊採購 - 9373 輛 載貨車輛,2,equipment,Transportation,Vehicle,9371208.28,zh
倉儲服務 (6851 平方公尺，6 months),4,logistics,Logistics,Warehousing,1617372.81,zh
物流服務合約 - 市區線 (12 months),4,logistics,Logistics,Freight,3818523.61,zh
物流服務合約 - 跨境線 (annual),4,logistics,Logistics,Freight,1217610.46,zh
倉儲服務 (7569 平方公尺，annual),4,logistics,Logistics,Warehousing,1024783.02,zh
資源回收處理服務合約 (6 months),5,waste,Environmental Services,Waste Disposal,1181066.93,zh
汽油採購供車隊使用 (6105 公升),3,energy,Utilities,Fuel,1186892.31,zh
有害廢棄物處理合約 (3090 噸),5,waste,Environmental Services,Waste Disposal,642800.14,zh
事業廢棄物清運處理 (6 months),5,waste,Environmental Services,Waste Disposal,1155010.96,zh
再生能源電力採購 (83 MWh),3,energy,Utilities,Electricity,4754744.08,zh
完整 automotive parts生產線安裝,2,equipment,Manufacturing,Production Line,98533374.91,zh
購買工業用 甲苯 9703 liters,1,raw_materials,Manufacturing,Chemical,691837.59,zh
電力供應合約 (12 months，2025 kWh),3,energy,Utilities,Electricity,4608172.02,zh
建造 製造廠 (39039 平方公尺),2,equipment,Real Estate,Building,128826255.55,zh
柴油燃料採購 (9856 公升),3,energy,Utilities,Fuel,1974318.05,zh
永續諮詢服務 (12 months),1,services,Professional Services,Consulting,1779413.03,zh
總部第三方倉儲 - 7474 坪,4,logistics,Logistics,Warehousing,1543208.76,zh
管理專業服務合約,1,services,Professional Services,Consulting,141728.59,zh
採購 乙醇 溶劑 5413 liters,1,raw_materials,Manufacturing,Chemical,275140.25,zh
電力供應合約 (annual，7305 kWh),3,energy,Utilities,Electricity,3101768.89,zh
工業用 CNC 機床 (2880 台) 含安裝,2,equipment,Manufacturing,Machinery,19499523.16,zh
資源回收處理服務合約 (annual),5,waste,Environmental Services,Waste Disposal,1488051.04,zh
新建 倉庫開發專案,2,equipment,Real Estate,Building,398195800.07,zh
天然氣供應合約 (5848 立方公尺),3,energy,Utilities,Fuel,1545406.29,zh
設施維護服務 (12 months),1,services,Facility Management,Maintenance,727364.91,zh
機場接駁服務合約,6,travel,Business Services,Ground Transportation,337485.77,zh
設施維護服務 (annual),1,services,Facility Management,Maintenance,1262068.47,zh
購買 微晶片 元件 4637 個,1,raw_materials,Electronics,Electronic Components,1201515.41,zh
建造 配送中心 (15296 平方公尺),2,equipment,Real Estate,Building,195982201.42,zh
完整 consumer goods生產線安裝,2,equipment,Manufacturing,Production Line,9038786.36,zh
太陽能板安裝 (容量 9291 kW),2,equipment,Energy,Power Generation,193470605.76,zh
商務差旅租車服務 (quarterly),6,travel,Business Services,Ground Transportation,393204.31,zh
採購 3471 kg 鋁合金用於製造,1,raw_materials,Manufacturing,Metal,1143186.41,zh
委外物流配送服務 (東西),4,logistics,Logistics,Freight,4131977.38,zh
物流服務合約 - 南北線 (6 months),4,logistics,Logistics,Freight,1036761.39,zh
分公司第三方倉儲 - 6699 坪,4,logistics,Logistics,Warehousing,1089714.31,zh
採購 8745 個 LED 模組用於組裝,1,raw_materials,Electronics,Electronic Components,3858282.48,zh
雲端 IT服務 - quarterly合約,1,services,IT Services,Software,77415.75,zh
柴油燃料採購 (1103 公升),3,energy,Utilities,Fuel,749053.81,zh
財務諮詢服務 (quarterly),1,services,Professional Services,Consulting,200411.79,zh
IT 基礎設施升級 - 輸送系統 (7171 台),2,equipment,IT Infrastructure,Hardware,6593471.41,zh
法律專業服務合約,1,services,Professional Services,Consulting,1368119.43,zh
通勤廂型車租賃 (504 輛),7,commute,HR Services,Shuttle Service,1053106.18,zh
總部設施用電 (6 months),3,energy,Utilities,Electricity,3158048.81,zh
採購 811 台 射出成型機用於資料中心,2,equipment,IT Infrastructure,Hardware,8581517.7,zh
區域辦公室液化石油氣供應 (annual),3,energy,Utilities,Fuel,932779.85,zh
國際航空差旅 (南北，annual),6,travel,Business Services,Air Travel,1337069.08,zh
購置 輸送系統 (industrial grade),2,equipment,IT Infrastructure,Hardware,1870400.17,zh
電力供應合約 (6 months，3865 kWh),3,energy,Utilities,Electricity,2396019.9,zh
商務差旅租車服務 (6 months),6,travel,Business Services,Ground Transportation,371141.97,zh
大眾運輸月票計畫 (6 months),7,commute,HR Services,Commute Allowance,706263.07,zh
IT諮詢服務 (12 months),1,services,Professional Services,Consulting,198499.79,zh
採購 5833 個 電阻用於組裝,1,raw_materials,Electronics,Electronic Components,196809.94,zh
採購電力 7890 度（台電）,3,energy,Utilities,Electricity,1086173.14,zh
購買 PCB 電路板 元件 5390 個,1,raw_materials,Electronics,Electronic Components,1700129.71,zh
天然氣供應合約 (4183 立方公尺),3,energy,Utilities,Fuel,1238133.34,zh
區域辦公室設施用電 (12 months),3,energy,Utilities,Electricity,1978644.99,zh
企業住宿合約 - 舊金山,6,travel,Business Services,Accommodation,534311.4,zh
完整 consumer goods生產線安裝,2,equipment,Manufacturing,Production Line,70020600.87,zh
採購 8667 個 PCB 電路板用於組裝,1,raw_materials,Electronics,Electronic Components,940483.74,zh
區域區域配送月度運輸服務,4,logistics,Logistics,Freight,283157.61,zh
總部液化石油氣供應 (6 months),3,energy,Utilities,Fuel,2865588.26,zh
電力供應合約 (quarterly，9007 kWh),3,energy,Utilities,Electricity,1811953.86,zh
資源回收處理服務合約 (quarterly),5,waste,Environmental Services,Waste Disposal,608881.78,zh
工業用 射出成型機 (2663 台) 含安裝,2,equipment,Manufacturing,Machinery,36490296.51,zh
鋁合金原料採購 - 1187 kg,1,raw_materials,Manufacturing,Metal,3681735.58,zh
IT 基礎設施升級 - 輸送系統 (8437 台),2,equipment,IT Infrastructure,Hardware,1005041.28,zh
太陽能板安裝 (容量 5342 kW),2,equipment,Energy,Power Generation,50339376.28,zh
再生能源設施建設 (5595 MW),2,equipment,Energy,Power Generation,10156958.3,zh
銅線原料採購 - 8243 kg,1,raw_materials,Manufacturing,Metal,4470667.02,zh
建造 倉庫 (32909 平方公尺),2,equipment,Real Estate,Building,378090952.49,zh
管理專業服務合約,1,services,Professional Services,Consulting,130714.0,zh
設施維護服務 (annual),1,services,Facility Management,Maintenance,617506.59,zh
工業用 包裝機 (5377 台) 含安裝,2,equipment,Manufacturing,Machinery,21921311.84,zh
工業機械租賃 (6 months),8,leased_assets,Equipment Services,Equipment Lease,2112396.83,zh
有害廢棄物處理合約 (9260 噸),5,waste,Environmental Services,Waste Disposal,1210907.96,zh
採購電力 8393 度（地方公用事業）,3,energy,Utilities,Electricity,3782745.16,zh
倉儲服務 (8577 平方公尺，6 months),4,logistics,Logistics,Warehousing,177507.48,zh
物流服務合約 - 南北線 (12 months),4,logistics,Logistics,Freight,4951256.83,zh
資源回收處理服務合約 (quarterly),5,waste,Environmental Services,Waste Disposal,209835.44,zh
辦公大樓建築合約 (分公司),2,equipment,Real Estate,Building,342595823.21,zh
柴油燃料採購 (2439 公升),3,energy,Utilities,Fuel,2068748.03,zh
完整 consumer goods生產線安裝,2,equipment,Manufacturing,Production Line,89512710.21,zh
購買 微晶片 元件 1852 個,1,raw_materials,Electronics,Electronic Components,4446802.51,zh
冷凍倉儲租賃 (5528 立方公尺),4,logistics,Logistics,Warehousing,2604857.8,zh
鋁合金原料採購 - 8534 kg,1,raw_materials,Manufacturing,Metal,2902110.98,zh
柴油燃料採購 (8756 公升),3,energy,Utilities,Fuel,1035736.01,zh
再生能源電力採購 (5288 MWh),3,energy,Utilities,Electricity,3516791.35,zh
新建 倉庫開發專案,2,equipment,Real Estate,Building,346210057.6,zh
購買 9687 輛 電動廂型車用於物流運營,2,equipment,Transportation,Vehicle,27602616.34,zh
射出成型機發電系統 - 3832 MW,2,equipment,Energy,Power Generation,93018320.44,zh
電力供應合約 (annual，4991 kWh),3,energy,Utilities,Electricity,3843560.73,zh
國際航空差旅 (市區，6 months),6,travel,Business Services,Air Travel,1590592.98,zh
東西區域配送月度運輸服務,4,logistics,Logistics,Freight,3715875.23,zh
automotive parts自動化組裝線,2,equipment,Manufacturing,Production Line,51245896.42,zh
資源回收處理服務合約 (6 months),5,waste,Environmental Services,Waste Disposal,775148.94,zh
IT 基礎設施升級 - 輸送系統 (2968 台),2,equipment,IT Infrastructure,Hardware,9726928.3,zh
車隊採購 - 3405 輛 堆高機,2,equipment,Transportation,Vehicle,3141144.22,zh
採購 8786 台 射出成型機用於資料中心,2,equipment,IT Infrastructure,Hardware,2620521.9,zh
財務諮詢服務 (annual),1,services,Professional Services,Consulting,1680592.05,zh
雲端 法律服務 - 6 months合約,1,services,IT Services,Software,971211.53,zh
購買 PCB 電路板 元件 6529 個,1,raw_materials,Electronics,Electronic Components,2842927.51,zh
有害廢棄物處理合約 (1748 噸),5,waste,Environmental Services,Waste Disposal,159418.9,zh
Security軟體訂閱 (2383 授權，6 months),1,services,IT Services,Software,21731.67,zh
聘請 管理顧問 (29 個月),1,services,Professional Services,Consulting,1253158.09,zh
設施維護服務 (12 months),1,services,Facility Management,Maintenance,1178082.45,zh
購買 455 輛 堆高機用於物流運營,2,equipment,Transportation,Vehicle,21673309.93,zh
分公司一般廢棄物清運服務,5,waste,Environmental Services,Waste Disposal,748823.42,zh
總部第三方倉儲 - 2567 坪,4,logistics,Logistics,Warehousing,1790301.12,zh
汽油採購供車隊使用 (5950 公升),3,energy,Utilities,Fuel,2866306.16,zh
採購 9389 個 電阻用於組裝,1,raw_materials,Electronics,Electronic Components,537357.84,zh
永續專業服務合約,1,services,Professional Services,Consulting,543051.39,zh
工廠設施用電 (quarterly),3,energy,Utilities,Electricity,1750140.26,zh
工業用 包裝機 (8125 台) 含安裝,2,equipment,Manufacturing,Machinery,23488892.07,zh
財務運輸服務 - 市區,4,logistics,Logistics,Freight,4262918.34,zh
企業住宿合約 - 首爾,6,travel,Business Services,Accommodation,245687.91,zh
購買工業用 甲苯 1411 liters,1,raw_materials,Manufacturing,Chemical,857457.46,zh
採購 9598 tons 玉米作為食品原料,1,raw_materials,Food & Beverage,Agricultural,797684.31,zh
IT 硬體租賃合約 (1603 台),8,leased_assets,Equipment Services,Equipment Lease,2305179.46,zh
購買有機 糖 1559 tons,1,raw_materials,Food & Beverage,Agricultural,1152519.72,zh
公司交通車服務 (6 months),7,commute,HR Services,Shuttle Service,1018506.48,zh
倉儲服務 (1841 平方公尺，quarterly),4,logistics,Logistics,Warehousing,578767.34,zh
採購 3016 台 機械手臂用於資料中心,2,equipment,IT Infrastructure,Hardware,5458756.83,zh
冷凍倉儲租賃 (1982 立方公尺),4,logistics,Logistics,Warehousing,2605701.91,zh
車隊採購 - 4795 輛 堆高機,2,equipment,Transportation,Vehicle,26503164.51,zh
採購 2108 tons 玉米作為食品原料,1,raw_materials,Food & Beverage,Agricultural,1904895.46,zh
工業用 機械手臂 (248 台) 含安裝,2,equipment,Manufacturing,Machinery,22264257.56,zh
購買有機 玉米 8925 tons,1,raw_materials,Food & Beverage,Agricultural,2673647.03,zh
購買工業用 甲苯 2891 liters,1,raw_materials,Manufacturing,Chemical,210638.28,zh
購置 輸送系統 - industrial grade,2,equipment,Manufacturing,Machinery,41139520.34,zh
企業住宿合約 - 舊金山,6,travel,Business Services,Accommodation,393567.15,zh
分公司一般廢棄物清運服務,5,waste,Environmental Services,Waste Disposal,79362.51,zh
IT 基礎設施升級 - 機械手臂 (526 台),2,equipment,IT Infrastructure,Hardware,9150634.61,zh
購買 鋼板 6738 kg 供生產使用,1,raw_materials,Manufacturing,Metal,3548859.21,zh
太陽能板安裝 (容量 8056 kW),2,equipment,Energy,Power Generation,91997522.67,zh
車隊採購 - 2337 輛 電動廂型車,2,equipment,Transportation,Vehicle,25736607.26,zh
倉庫一般廢棄物清運服務,5,waste,Environmental Services,Waste Disposal,1233711.18,zh
辦公場所清潔維護合約,1,services,Facility Management,Maintenance,335203.02,zh
倉庫大樓管理服務 (12 個月),1,services,Facility Management,Maintenance,475761.3,zh
鋼板原料採購 - 545 kg,1,raw_materials,Manufacturing,Metal,2675136.54,zh
公司交通車服務 (annual),7,commute,HR Services,Shuttle Service,1085728.39,zh
太陽能板安裝 (容量 3720 kW),2,equipment,Energy,Power Generation,114828070.69,zh
採購 2940 tons 大豆作為食品原料,1,raw_materials,Food & Beverage,Agricultural,2100677.26,zh
員工接駁車合約 - 區域,7,commute,HR Services,Shuttle Service,832007.49,zh
聘請 IT顧問 (35 個月),1,services,Professional Services,Consulting,1569614.18,zh
採購 包裝機用於生產設施,2,equipment,Manufacturing,Machinery,33803886.43,zh
倉儲服務 (1229 平方公尺，12 months),4,logistics,Logistics,Warehousing,773251.5,zh
員工接駁車合約 - 跨境,7,commute,HR Services,Shuttle Service,487446.35,zh
採購 機械手臂用於生產設施,2,equipment,Manufacturing,Machinery,29171884.81,zh
設施維護服務 (quarterly),1,services,Facility Management,Maintenance,1442490.36,zh
採購電力 1764 度（再生能源供應商）,3,energy,Utilities,Electricity,828396.02,zh
天然氣供應合約 (51 立方公尺),3,energy,Utilities,Fuel,1770503.76,zh
購買 電容 元件 4879 個,1,raw_materials,Electronics,Electronic Components,2622290.27,zh
採購 9217 個 微晶片用於組裝,1,raw_materials,Electronics,Electronic Components,7112753.0,zh
採購 5796 tons 稻米作為食品原料,1,raw_materials,Food & Beverage,Agricultural,2950360.52,zh
完整 consumer goods生產線安裝,2,equipment,Manufacturing,Production Line,67654346.96,zh
採購電力 3015 度（國家電網）,3,energy,Utilities,Electricity,3232191.6,zh
工廠一般廢棄物清運服務,5,waste,Environmental Services,Waste Disposal,434073.27,zh
設施維護服務 (6 months),1,services,Facility Management,Maintenance,1172026.85,zh
有害廢棄物處理合約 (5767 噸),5,waste,Environmental Services,Waste Disposal,927102.71,zh
機場接駁服務合約,6,travel,Business Services,Ground Transportation,322555.69,zh
財務諮詢服務 (quarterly),1,services,Professional Services,Consulting,1084820.02,zh
工業用 射出成型機 (9755 台) 含安裝,2,equipment,Manufacturing,Machinery,36167301.74,zh
購買 鋁合金 4894 kg 供生產使用,1,raw_materials,Manufacturing,Metal,1483607.9,zh
IT 基礎設施升級 - 輸送系統 (8382 台),2,equipment,IT Infrastructure,Hardware,9021715.94,zh
工廠第三方倉儲 - 1440 坪,4,logistics,Logistics,Warehousing,1231550.16,zh
ERP軟體訂閱 (2706 授權，quarterly),1,services,IT Services,Software,407737.45,zh
CRM軟體訂閱 (4830 授權，6 months),1,services,IT Services,Software,75024.69,zh
機場接駁服務合約,6,travel,Business Services,Ground Transportation,280767.64,zh
採購 輸送系統用於生產設施,2,equipment,Manufacturing,Machinery,36744129.49,zh
設施維護服務 (quarterly),1,services,Facility Management,Maintenance,362898.7,zh
區域辦公室液化石油氣供應 (12 months),3,energy,Utilities,Fuel,540841.29,zh
載貨車輛採購 (industrial grade),2,equipment,Transportation,Vehicle,29723817.36,zh
電動廂型車採購 (industrial grade),2,equipment,Transportation,Vehicle,7129942.29,zh
分公司一般廢棄物清運服務,5,waste,Environmental Services,Waste Disposal,758045.14,zh
購置 輸送系統 - industrial grade,2,equipment,Manufacturing,Machinery,9303107.08,zh
工廠液化石油氣供應 (12 months),3,energy,Utilities,Fuel,2289211.81,zh
倉庫設施用電 (12 months),3,energy,Utilities,Electricity,575251.7,zh
總部第三方倉儲 - 4469 坪,4,logistics,Logistics,Warehousing,2916270.55,zh
總部倉庫租賃 (13601 平方公尺),8,leased_assets,Real Estate,Office Lease,8123800.84,zh
雲端 永續服務 - 12 months合約,1,services,IT Services,Software,522342.43,zh
購買 不鏽鋼 5864 kg 供生產使用,1,raw_materials,Manufacturing,Metal,550495.66,zh
採購 乙醇 溶劑 2719 liters,1,raw_materials,Manufacturing,Chemical,1749827.99,zh
汽油採購供車隊使用 (6365 公升),3,energy,Utilities,Fuel,2103028.25,zh
倉庫液化石油氣供應 (annual),3,energy,Utilities,Fuel,757925.38,zh
有害廢棄物處理合約 (1515 噸),5,waste,Environmental Services,Waste Disposal,514816.0,zh
採購 8042 kg 鋼板用於製造,1,raw_materials,Manufacturing,Metal,3190984.65,zh
購買工業用 甲苯 3108 liters,1,raw_materials,Manufacturing,Chemical,515863.37,zh
購買有機 稻米 8848 tons,1,raw_materials,Food & Beverage,Agricultural,1834481.51,zh
鋁合金原料採購 - 9001 kg,1,raw_materials,Manufacturing,Metal,3864115.33,zh
購置 CNC 機床 (industrial grade),2,equipment,IT Infrastructure,Hardware,3181086.6,zh
電力供應合約 (annual，4758 kWh),3,energy,Utilities,Electricity,3108662.75,zh
委外物流配送服務 (南北),4,logistics,Logistics,Freight,3340311.18,zh
IT 基礎設施升級 - 射出成型機 (2280 台),2,equipment,IT Infrastructure,Hardware,3652678.65,zh
5186 名員工通勤補貼,7,commute,HR Services,Commute Allowance,1697926.04,zh
財務諮詢服務 (12 months),1,services,Professional Services,Consulting,1495549.69,zh
IT 基礎設施升級 - 包裝機 (8081 台),2,equipment,IT Infrastructure,Hardware,4592957.77,zh
包裝機發電系統 - 8515 MW,2,equipment,Energy,Power Generation,51013279.31,zh
consumer goods製造產線 (產能 3590 件/日),2,equipment,Manufacturing,Production Line,51009424.0,zh
員工接駁車合約 - 區域,7,commute,HR Services,Shuttle Service,655097.92,zh
再生能源電力採購 (6145 MWh),3,energy,Utilities,Electricity,2950745.31,zh
購買工業用 丙酮 7971 liters,1,raw_materials,Manufacturing,Chemical,1967455.02,zh
商務差旅住宿預訂 (5172 晚),6,travel,Business Services,Accommodation,221297.34,zh
太陽能板安裝 (容量 6869 kW),2,equipment,Energy,Power Generation,151430963.33,zh
購買 LED 模組 元件 9211 個,1,raw_materials,Electronics,Electronic Components,1236212.33,zh
製造廠建築合約 (分公司),2,equipment,Real Estate,Building,175350091.52,zh
有害廢棄物處理合約 (7355 噸),5,waste,Environmental Services,Waste Disposal,755567.89,zh
商業不動產租賃合約 (12 months),8,leased_assets,Real Estate,Office Lease,8969302.74,zh
工業用 包裝機 (9660 台) 含安裝,2,equipment,Manufacturing,Machinery,6298762.14,zh
辦公場所清潔維護合約,1,services,Facility Management,Maintenance,877470.68,zh
再生能源設施建設 (252 MW),2,equipment,Energy,Power Generation,70005705.83,zh
倉庫液化石油氣供應 (quarterly),3,energy,Utilities,Fuel,2240628.11,zh
天然氣供應合約 (9215 立方公尺),3,energy,Utilities,Fuel,1779405.21,zh
事業廢棄物清運處理 (annual),5,waste,Environmental Services,Waste Disposal,1021548.66,zh
再生能源電力採購 (8565 MWh),3,energy,Utilities,Electricity,3930068.42,zh
銅線原料採購 - 5099 kg,1,raw_materials,Manufacturing,Metal,3711202.15,zh
區域辦公室大樓管理服務 (19 個月),1,services,Facility Management,Maintenance,826028.65,zh
汽油採購供車隊使用 (2788 公升),3,energy,Utilities,Fuel,2244952.25,zh
區域辦公室設施用電 (annual),3,energy,Utilities,Electricity,1153341.87,zh
太陽能板安裝 (容量 2575 kW),2,equipment,Energy,Power Generation,6814203.44,zh
採購 硫酸 溶劑 6225 liters,1,raw_materials,Manufacturing,Chemical,1461079.87,zh
設施維護服務 (6 months),1,services,Facility Management,Maintenance,647463.01,zh
公司交通車服務 (annual),7,commute,HR Services,Shuttle Service,837999.92,zh
國際航空差旅 (南北，quarterly),6,travel,Business Services,Air Travel,1139927.08,zh
倉儲服務 (1862 平方公尺，quarterly),4,logistics,Logistics,Warehousing,1437358.22,zh
再生能源電力採購 (4246 MWh),3,energy,Utilities,Electricity,3345479.88,zh
electronics自動化組裝線,2,equipment,Manufacturing,Production Line,88514323.15,zh
辦公場所清潔維護合約,1,services,Facility Management,Maintenance,342277.12,zh
automotive parts自動化組裝線,2,equipment,Manufacturing,Production Line,30169441.05,zh
有害廢棄物處理合約 (9655 噸),5,waste,Environmental Services,Waste Disposal,1183110.13,zh
採購 射出成型機用於生產設施,2,equipment,Manufacturing,Machinery,38845745.18,zh
automotive parts製造產線 (產能 3375 件/日),2,equipment,Manufacturing,Production Line,95459117.4,zh
永續諮詢服務 (6 months),1,services,Professional Services,Consulting,379591.03,zh
鋼板原料採購 - 7602 kg,1,raw_materials,Manufacturing,Metal,539308.41,zh
員工停車費報支 (annual),7,commute,HR Services,Commute Allowance,1417457.47,zh
聘請 IT顧問 (20 個月),1,services,Professional Services,Consulting,1699609.77,zh
鈦金屬原料採購 - 7923 kg,1,raw_materials,Manufacturing,Metal,2278506.57,zh
採購 8929 個 電阻用於組裝,1,raw_materials,Electronics,Electronic Components,3087168.97,zh
Security SaaS 訂閱 (9884 使用者),1,services,IT Services,Software,843241.49,zh
electronics自動化組裝線,2,equipment,Manufacturing,Production Line,22785774.06,zh
再生能源設施建設 (6866 MW),2,equipment,Energy,Power Generation,79320485.28,zh
倉庫建築合約 (工廠),2,equipment,Real Estate,Building,196733645.79,zh
鋼板原料採購 - 1378 kg,1,raw_materials,Manufacturing,Metal,2739191.31,zh
再生能源電力採購 (342 MWh),3,energy,Utilities,Electricity,2841258.28,zh
工廠一般廢棄物清運服務,5,waste,Environmental Services,Waste Disposal,731318.26,zh
射出成型機發電系統 - 7728 MW,2,equipment,Energy,Power Generation,127000445.91,zh
再生能源設施建設 (7049 MW),2,equipment,Energy,Power Generation,199643920.72,zh
IT 基礎設施升級 - CNC 機床 (6913 台),2,equipment,IT Infrastructure,Hardware,6682784.9,zh
區域辦公室液化石油氣供應 (6 months),3,energy,Utilities,Fuel,2793536.85,zh
辦公室租賃 (7539 坪，工廠),8,leased_assets,Real Estate,Office Lease,8451991.31,zh
採購 8778 tons 小麥作為食品原料,1,raw_materials,Food & Beverage,Agricultural,2532305.06,zh
貨車採購 (industrial grade),2,equipment,Transportation,Vehicle,21823017.71,zh
工廠一般廢棄物清運服務,5,waste,Environmental Services,Waste Disposal,1146217.56,zh
鈦金屬原料採購 - 3044 kg,1,raw_materials,Manufacturing,Metal,1370735.09,zh
委外物流配送服務 (區域),4,logistics,Logistics,Freight,393929.98,zh
業務部門商務旅遊套裝 (6 months),6,travel,Business Services,Air Travel,847923.44,zh
購買工業用 氫氧化鈉 2189 liters,1,raw_materials,Manufacturing,Chemical,1684376.08,zh
購置 機械手臂 - industrial grade,2,equipment,Manufacturing,Machinery,39092847.71,zh
再生能源設施建設 (2664 MW),2,equipment,Energy,Power Generation,50277475.07,zh
車隊採購 - 8852 輛 電動廂型車,2,equipment,Transportation,Vehicle,4440253.95,zh
機場接駁服務合約,6,travel,Business Services,Ground Transportation,276164.5,zh
購買有機 糖 8567 tons,1,raw_materials,Food & Beverage,Agricultural,393378.05,zh
汽油採購供車隊使用 (4587 公升),3,energy,Utilities,Fuel,2756808.28,zh
市區區域配送月度運輸服務,4,logistics,Logistics,Freight,4027988.49,zh
永續諮詢服務 (12 months),1,services,Professional Services,Consulting,1325658.69,zh
CRM軟體訂閱 (1955 授權，12 months),1,services,IT Services,Software,934756.14,zh
採購電力 5982 度（國家電網）,3,energy,Utilities,Electricity,4828732.81,zh
採購電力 9106 度（地方公用事業）,3,energy,Utilities,Electricity,321616.67,zh
採購 氫氧化鈉 溶劑 7713 liters,1,raw_materials,Manufacturing,Chemical,987149.17,zh
聘請 管理顧問 (18 個月),1,services,Professional Services,Consulting,94465.78,zh
冷凍倉儲租賃 (1477 立方公尺),4,logistics,Logistics,Warehousing,883795.25,zh
工業用 輸送系統 (9071 台) 含安裝,2,equipment,Manufacturing,Machinery,24988854.88,zh
consumer goods製造產線 (產能 3405 件/日),2,equipment,Manufacturing,Production Line,99119863.12,zh
天然氣供應合約 (8285 立方公尺),3,energy,Utilities,Fuel,417444.77,zh
再生能源電力採購 (4367 MWh),3,energy,Utilities,Electricity,976349.35,zh
電力供應合約 (annual，609 kWh),3,energy,Utilities,Electricity,1771048.75,zh
採購 2959 kg 銅線用於製造,1,raw_materials,Manufacturing,Metal,2514094.38,zh
車隊採購 - 5531 輛 堆高機,2,equipment,Transportation,Vehicle,22935064.12,zh
購買工業用 硫酸 2932 liters,1,raw_materials,Manufacturing,Chemical,556580.17,zh
永續專業服務合約,1,services,Professional Services,Consulting,1436129.5,zh
Collaboration SaaS 訂閱 (9057 使用者),1,services,IT Services,Software,169603.08,zh
Collaboration軟體訂閱 (369 授權，6 months),1,services,IT Services,Software,493211.54,zh
採購 8141 個 微晶片用於組裝,1,raw_materials,Electronics,Electronic Components,4471025.17,zh
購買 微晶片 元件 6578 個,1,raw_materials,Electronics,Electronic Components,2943850.99,zh
採購 乙醇 溶劑 2893 liters,1,raw_materials,Manufacturing,Chemical,7464.79,zh
採購 9577 台 CNC 機床用於資料中心,2,equipment,IT Infrastructure,Hardware,9188014.75,zh
商務差旅租車服務 (annual),6,travel,Business Services,Ground Transportation,64383.71,zh
新建 製造廠開發專案,2,equipment,Real Estate,Building,481598260.98,zh
研發部門商務旅遊套裝 (6 months),6,travel,Business Services,Air Travel,1332779.86,zh
採購 324 個 電容用於組裝,1,raw_materials,Electronics,Electronic Components,3186810.33,zh
輸送系統發電系統 - 6980 MW,2,equipment,Energy,Power Generation,6999556.81,zh
雲端 永續服務 - quarterly合約,1,services,IT Services,Software,196360.88,zh
採購 射出成型機用於生產設施,2,equipment,Manufacturing,Machinery,29628592.56,zh
員工接駁車合約 - 市區,7,commute,HR Services,Shuttle Service,453148.81,zh
車隊採購 - 7637 輛 堆高機,2,equipment,Transportation,Vehicle,13185274.78,zh
倉庫設施用電 (6 months),3,energy,Utilities,Electricity,4505537.57,zh
ERP軟體訂閱 (836 授權，quarterly),1,services,IT Services,Software,594101.12,zh
冷凍倉儲租賃 (5914 立方公尺),4,logistics,Logistics,Warehousing,2196923.59,zh
再生能源電力採購 (711 MWh),3,energy,Utilities,Electricity,3387509.55,zh
新建 辦公大樓開發專案,2,equipment,Real Estate,Building,261943386.54,zh
事業廢棄物清運處理 (6 months),5,waste,Environmental Services,Waste Disposal,262883.24,zh
購買 電阻 元件 6181 個,1,raw_materials,Electronics,Electronic Components,2194976.84,zh
辦公場所清潔維護合約,1,services,Facility Management,Maintenance,1022095.12,zh
electronics製造產線 (產能 3037 件/日),2,equipment,Manufacturing,Production Line,55138134.57,zh
太陽能板安裝 (容量 9709 kW),2,equipment,Energy,Power Generation,152727019.13,zh
再生能源電力採購 (3432 MWh),3,energy,Utilities,Electricity,316336.03,zh
銅線原料採購 - 6732 kg,1,raw_materials,Manufacturing,Metal,647495.51,zh
購買有機 糖 2093 tons,1,raw_materials,Food & Beverage,Agricultural,2604840.96,zh
南北區域配送月度運輸服務,4,logistics,Logistics,Freight,574068.53,zh
Security軟體訂閱 (6333 授權，6 months),1,services,IT Services,Software,523182.21,zh
員工交通津貼補助 (6 months),7,commute,HR Services,Commute Allowance,495315.73,zh
Security SaaS 訂閱 (3688 使用者),1,services,IT Services,Software,639920.99,zh
採購 9039 kg 鋼板用於製造,1,raw_materials,Manufacturing,Metal,4593482.23,zh
柴油燃料採購 (3711 公升),3,energy,Utilities,Fuel,1618197.09,zh
工廠設施用電 (annual),3,energy,Utilities,Electricity,554510.04,zh
工業機械租賃 (6 months),8,leased_assets,Equipment Services,Equipment Lease,2301802.59,zh
建造 製造廠 (675 平方公尺),2,equipment,Real Estate,Building,482239794.41,zh
automotive parts自動化組裝線,2,equipment,Manufacturing,Production Line,80274494.83,zh
辦公設備租賃 (quarterly),8,leased_assets,Equipment Services,Equipment Lease,1632346.78,zh
採購 甲苯 溶劑 1069 liters,1,raw_materials,Manufacturing,Chemical,22004.48,zh
再生能源電力採購 (3260 MWh),3,energy,Utilities,Electricity,1548216.3,zh
完整 consumer goods生產線安裝,2,equipment,Manufacturing,Production Line,24449821.77,zh
通勤廂型車租賃 (4719 輛),7,commute,HR Services,Shuttle Service,641046.08,zh
倉庫一般廢棄物清運服務,5,waste,Environmental Services,Waste Disposal,1434535.53,zh
辦公場所清潔維護合約,1,services,Facility Management,Maintenance,1488964.09,zh
購買工業用 乙醇 8339 liters,1,raw_materials,Manufacturing,Chemical,1865708.82,zh
購買 鈦金屬 573 kg 供生產使用,1,raw_materials,Manufacturing,Metal,1580322.42,zh
採購 6262 tons 大豆作為食品原料,1,raw_materials,Food & Beverage,Agricultural,2999000.8,zh
有害廢棄物處理合約 (1999 噸),5,waste,Environmental Services,Waste Disposal,618070.82,zh
資源回收處理服務合約 (quarterly),5,waste,Environmental Services,Waste Disposal,31277.57,zh
業務部門商務旅遊套裝 (6 months),6,travel,Business Services,Air Travel,1291996.93,zh
設備租賃 (CNC 機床，29 個月),8,leased_assets,Equipment Services,Equipment Lease,686943.6,zh
購買工業用 甲苯 8037 liters,1,raw_materials,Manufacturing,Chemical,1750864.17,zh
工業機械租賃 (quarterly),8,leased_assets,Equipment Services,Equipment Lease,631234.02,zh
CNC 機床發電系統 - 1802 MW,2,equipment,Energy,Power Generation,171320923.81,zh
雲端 IT服務 - quarterly合約,1,services,IT Services,Software,973357.84,zh
ERP軟體訂閱 (3652 授權，quarterly),1,services,IT Services,Software,583692.53,zh
總部液化石油氣供應 (12 months),3,energy,Utilities,Fuel,2775600.27,zh
柴油燃料採購 (8422 公升),3,energy,Utilities,Fuel,2447809.47,zh
購買 LED 模組 元件 977 個,1,raw_materials,Electronics,Electronic Components,6990945.41,zh
物流服務合約 - 市區線 (12 months),4,logistics,Logistics,Freight,522851.2,zh
購置 機械手臂 - industrial grade,2,equipment,Manufacturing,Machinery,8419445.73,zh
共同工作空間會員 (6365 個座位),8,leased_assets,Real Estate,Office Lease,4859466.14,zh
採購 4809 tons 糖作為食品原料,1,raw_materials,Food & Beverage,Agricultural,478687.25,zh
倉儲服務 (7911 平方公尺，quarterly),4,logistics,Logistics,Warehousing,830935.31,zh
購買有機 玉米 3520 tons,1,raw_materials,Food & Beverage,Agricultural,1240055.65,zh
事業廢棄物清運處理 (quarterly),5,waste,Environmental Services,Waste Disposal,1376866.13,zh
建造 倉庫 (22435 平方公尺),2,equipment,Real Estate,Building,298880558.09,zh
有害廢棄物處理合約 (2029 噸),5,waste,Environmental Services,Waste Disposal,780786.61,zh
冷凍倉儲租賃 (10 立方公尺),4,logistics,Logistics,Warehousing,960413.67,zh
車隊採購 - 9644 輛 電動廂型車,2,equipment,Transportation,Vehicle,8865397.46,zh
工程部門住宿費用 (12 months),6,travel,Business Services,Accommodation,424119.28,zh
採購 9623 tons 玉米作為食品原料,1,raw_materials,Food & Beverage,Agricultural,1394738.55,zh
射出成型機發電系統 - 5508 MW,2,equipment,Energy,Power Generation,179587538.19,zh
資源回收處理服務合約 (annual),5,waste,Environmental Services,Waste Disposal,349749.53,zh
購買工業用 乙醇 7097 liters,1,raw_materials,Manufacturing,Chemical,573760.33,zh
辦公場所清潔維護合約,1,services,Facility Management,Maintenance,541581.1,zh
企業計程車/叫車帳號 (6 months),6,travel,Business Services,Ground Transportation,389656.03,zh
採購 4997 kg 銅線用於製造,1,raw_materials,Manufacturing,Metal,4240927.8,zh
大眾運輸月票計畫 (quarterly),7,commute,HR Services,Commute Allowance,711599.58,zh
柴油燃料採購 (4720 公升),3,energy,Utilities,Fuel,388865.43,zh
雲端 永續服務 - annual合約,1,services,IT Services,Software,954755.41,zh
採購 4589 tons 玉米作為食品原料,1,raw_materials,Food & Beverage,Agricultural,359781.0,zh
再生能源設施建設 (9165 MW),2,equipment,Energy,Power Generation,102279300.22,zh
購置 輸送系統 - industrial grade,2,equipment,Manufacturing,Machinery,49064961.28,zh
採購電力 382 度（再生能源供應商）,3,energy,Utilities,Electricity,4800792.54,zh
採購 7723 kg 鋼板用於製造,1,raw_materials,Manufacturing,Metal,3747216.31,zh
事業廢棄物清運處理 (annual),5,waste,Environmental Services,Waste Disposal,1085884.42,zh
工業機械租賃 (annual),8,leased_assets,Equipment Services,Equipment Lease,2611130.26,zh
採購 硫酸 溶劑 7158 liters,1,raw_materials,Manufacturing,Chemical,370525.25,zh
企業住宿合約 - 新加坡,6,travel,Business Services,Accommodation,699763.32,zh
IT諮詢服務 (annual),1,services,Professional Services,Consulting,360228.4,zh
有害廢棄物處理合約 (3715 噸),5,waste,Environmental Services,Waste Disposal,1353728.19,zh
倉庫設施用電 (quarterly),3,energy,Utilities,Electricity,4290910.8,zh
倉庫設施用電 (annual),3,energy,Utilities,Electricity,2079563.68,zh
管理運輸服務 - 市區,4,logistics,Logistics,Freight,719039.01,zh
冷凍倉儲租賃 (3002 立方公尺),4,logistics,Logistics,Warehousing,2018742.27,zh
有害廢棄物處理合約 (892 噸),5,waste,Environmental Services,Waste Disposal,522697.66,zh
柴油燃料採購 (9588 公升),3,energy,Utilities,Fuel,739536.89,zh
國際航空差旅 (區域，12 months),6,travel,Business Services,Air Travel,887681.32,zh
完整 automotive parts生產線安裝,2,equipment,Manufacturing,Production Line,14330483.42,zh
資源回收處理服務合約 (12 months),5,waste,Environmental Services,Waste Disposal,776627.58,zh
採購 3511 kg 鋼板用於製造,1,raw_materials,Manufacturing,Metal,2113614.82,zh
購買 4722 輛 堆高機用於物流運營,2,equipment,Transportation,Vehicle,12899903.99,zh
倉庫設施用電 (12 months),3,energy,Utilities,Electricity,2528450.46,zh
IT 基礎設施升級 - 機械手臂 (3727 台),2,equipment,IT Infrastructure,Hardware,9456599.23,zh
資源回收處理服務合約 (annual),5,waste,Environmental Services,Waste Disposal,1211206.33,zh
建造 倉庫 (7353 平方公尺),2,equipment,Real Estate,Building,147722556.32,zh
購置 射出成型機 (industrial grade),2,equipment,IT Infrastructure,Hardware,4290375.48,zh
購買 LED 模組 元件 406 個,1,raw_materials,Electronics,Electronic Components,1353566.36,zh
商務差旅租車服務 (6 months),6,travel,Business Services,Ground Transportation,206462.67,zh
企業住宿合約 - 舊金山,6,travel,Business Services,Accommodation,596029.26,zh
雲端 管理服務 - quarterly合約,1,services,IT Services,Software,372437.34,zh
電力供應合約 (6 months，6730 kWh),3,energy,Utilities,Electricity,3029744.9,zh
天然氣供應合約 (1238 立方公尺),3,energy,Utilities,Fuel,294591.72,zh
總部一般廢棄物清運服務,5,waste,Environmental Services,Waste Disposal,771780.09,zh
雲端 法律服務 - quarterly合約,1,services,IT Services,Software,341400.08,zh
冷凍倉儲租賃 (4076 立方公尺),4,logistics,Logistics,Warehousing,33794.19,zh
委外物流配送服務 (區域),4,logistics,Logistics,Freight,939229.19,zh
購買 鋁合金 6814 kg 供生產使用,1,raw_materials,Manufacturing,Metal,636489.57,zh
商務差旅住宿預訂 (2501 晚),6,travel,Business Services,Accommodation,777503.19,zh
汽油採購供車隊使用 (5337 公升),3,energy,Utilities,Fuel,1870481.17,zh
Analytics SaaS 訂閱 (2384 使用者),1,services,IT Services,Software,133721.17,zh
購買有機 玉米 4709 tons,1,raw_materials,Food & Beverage,Agricultural,711438.6,zh
Collaboration軟體訂閱 (7398 授權，annual),1,services,IT Services,Software,714336.29,zh
公司交通車服務 (annual),7,commute,HR Services,Shuttle Service,911514.81,zh
購買工業用 丙酮 4867 liters,1,raw_materials,Manufacturing,Chemical,49087.19,zh
企業住宿合約 - 新加坡,6,travel,Business Services,Accommodation,250922.32,zh
電力供應合約 (annual，4115 kWh),3,energy,Utilities,Electricity,1321667.47,zh
員工商務差旅 (1325 趟，首爾),6,travel,Business Services,Air Travel,681166.42,zh
採購 6172 kg 鋼板用於製造,1,raw_materials,Manufacturing,Metal,4187681.75,zh
工業用 射出成型機 (9737 台) 含安裝,2,equipment,Manufacturing,Machinery,28674232.52,zh
通勤廂型車租賃 (8508 輛),7,commute,HR Services,Shuttle Service,1284880.79,zh
購置 機械手臂 (industrial grade),2,equipment,IT Infrastructure,Hardware,6965772.34,zh
採購 硫酸 溶劑 4813 liters,1,raw_materials,Manufacturing,Chemical,639797.02,zh
設施維護服務 (12 months),1,services,Facility Management,Maintenance,1019962.31,zh
區域辦公室設施用電 (12 months),3,energy,Utilities,Electricity,4859342.3,zh
車隊採購 - 5891 輛 電動廂型車,2,equipment,Transportation,Vehicle,4284392.57,zh
事業廢棄物清運處理 (quarterly),5,waste,Environmental Services,Waste Disposal,1404122.99,zh
CNC 機床發電系統 - 7761 MW,2,equipment,Energy,Power Generation,141497601.64,zh
財務運輸服務 - 市區,4,logistics,Logistics,Freight,1713709.43,zh
商務差旅住宿預訂 (5451 晚),6,travel,Business Services,Accommodation,356132.8,zh
不鏽鋼原料採購 - 2486 kg,1,raw_materials,Manufacturing,Metal,1645296.87,zh
購買 鈦金屬 4559 kg 供生產使用,1,raw_materials,Manufacturing,Metal,1794065.7,zh
分公司一般廢棄物清運服務,5,waste,Environmental Services,Waste Disposal,759104.69,zh
設施維護服務 (annual),1,services,Facility Management,Maintenance,618625.92,zh
總部一般廢棄物清運服務,5,waste,Environmental Services,Waste Disposal,76042.02,zh
總部設施用電 (12 months),3,energy,Utilities,Electricity,3111964.72,zh
倉儲服務 (4355 平方公尺，12 months),4,logistics,Logistics,Warehousing,2093038.34,zh
雲端 財務服務 - quarterly合約,1,services,IT Services,Software,371837.45,zh
採購 7080 kg 不鏽鋼用於製造,1,raw_materials,Manufacturing,Metal,1660475.32,zh
分公司大樓管理服務 (12 個月),1,services,Facility Management,Maintenance,68265.28,zh
設備租賃 (CNC 機床，24 個月),8,leased_assets,Equipment Services,Equipment Lease,1036254.9,zh
國際航空差旅 (跨境，annual),6,travel,Business Services,Air Travel,146840.58,zh
購買有機 糖 1728 tons,1,raw_materials,Food & Beverage,Agricultural,591030.69,zh
員工商務差旅 (9320 趟，新加坡),6,travel,Business Services,Air Travel,42984.52,zh
倉庫建築合約 (分公司),2,equipment,Real Estate,Building,388300731.52,zh
購買有機 大豆 7829 tons,1,raw_materials,Food & Beverage,Agricultural,2335698.9,zh
商務艙機票至舊金山,6,travel,Business Services,Air Travel,354948.97,zh
柴油燃料採購 (8666 公升),3,energy,Utilities,Fuel,705237.77,zh
採購 9437 個 電容用於組裝,1,raw_materials,Electronics,Electronic Components,3837209.55,zh
事業廢棄物清運處理 (annual),5,waste,Environmental Services,Waste Disposal,773463.43,zh
公司交通車服務 (quarterly),7,commute,HR Services,Shuttle Service,1465579.04,zh
雲端 管理服務 - annual合約,1,services,IT Services,Software,281430.36,zh
堆高機採購 (industrial grade),2,equipment,Transportation,Vehicle,11984561.91,zh
機場接駁服務合約,6,travel,Business Services,Ground Transportation,358466.43,zh
採購 8493 tons 糖作為食品原料,1,raw_materials,Food & Beverage,Agricultural,1951708.15,zh
採購電力 5496 度（台電）,3,energy,Utilities,Electricity,2931038.43,zh
聘請 管理顧問 (24 個月),1,services,Professional Services,Consulting,1706898.1,zh
區域辦公室設施用電 (annual),3,energy,Utilities,Electricity,4898640.2,zh
採購 丙酮 溶劑 6157 liters,1,raw_materials,Manufacturing,Chemical,645012.09,zh
汽油採購供車隊使用 (2784 公升),3,energy,Utilities,Fuel,197374.33,zh
汽油採購供車隊使用 (5187 公升),3,energy,Utilities,Fuel,2414312.66,zh
雲端 財務服務 - 6 months合約,1,services,IT Services,Software,897275.28,zh
購買工業用 甲苯 7752 liters,1,raw_materials,Manufacturing,Chemical,849908.32,zh
IT 基礎設施升級 - 射出成型機 (5347 台),2,equipment,IT Infrastructure,Hardware,1002706.88,zh
倉儲服務 (9114 平方公尺，6 months),4,logistics,Logistics,Warehousing,1683240.29,zh
太陽能板安裝 (容量 5827 kW),2,equipment,Energy,Power Generation,42819641.11,zh
聘請 財務顧問 (19 個月),1,services,Professional Services,Consulting,1712476.3,zh
資源回收處理服務合約 (annual),5,waste,Environmental Services,Waste Disposal,570923.61,zh
採購 CNC 機床用於生產設施,2,equipment,Manufacturing,Machinery,21781486.23,zh
採購 1170 tons 小麥作為食品原料,1,raw_materials,Food & Beverage,Agricultural,1231380.04,zh
雲端 財務服務 - quarterly合約,1,services,IT Services,Software,950478.82,zh
商務艙機票至倫敦,6,travel,Business Services,Air Travel,197488.95,zh
Analytics SaaS 訂閱 (4622 使用者),1,services,IT Services,Software,486040.68,zh
Collaboration軟體訂閱 (2370 授權，quarterly),1,services,IT Services,Software,410246.53,zh
區域辦公室液化石油氣供應 (quarterly),3,energy,Utilities,Fuel,1304920.4,zh
採購 5745 tons 稻米作為食品原料,1,raw_materials,Food & Beverage,Agricultural,1826731.35,zh
委外物流配送服務 (市區),4,logistics,Logistics,Freight,2734042.38,zh
採購 包裝機用於生產設施,2,equipment,Manufacturing,Machinery,20820084.91,zh
購買 銅線 4173 kg 供生產使用,1,raw_materials,Manufacturing,Metal,2493019.27,zh
工廠第三方倉儲 - 9185 坪,4,logistics,Logistics,Warehousing,2314150.0,zh
事業廢棄物清運處理 (12 months),5,waste,Environmental Services,Waste Disposal,705170.85,zh
公司交通車服務 (12 months),7,commute,HR Services,Shuttle Service,879785.32,zh
事業廢棄物清運處理 (quarterly),5,waste,Environmental Services,Waste Disposal,393526.53,zh
商務差旅租車服務 (quarterly),6,travel,Business Services,Ground Transportation,64133.63,zh
電力供應合約 (6 months，5820 kWh),3,energy,Utilities,Electricity,1559545.43,zh
有害廢棄物處理合約 (7908 噸),5,waste,Environmental Services,Waste Disposal,865738.6,zh
委外物流配送服務 (東西),4,logistics,Logistics,Freight,2465954.11,zh
財務諮詢服務 (12 months),1,services,Professional Services,Consulting,1886984.05,zh
有害廢棄物處理合約 (3201 噸),5,waste,Environmental Services,Waste Disposal,1217462.11,zh
工業用 機械手臂 (1061 台) 含安裝,2,equipment,Manufacturing,Machinery,5398269.93,zh
委外物流配送服務 (市區),4,logistics,Logistics,Freight,2213149.35,zh
購買工業用 氫氧化鈉 7280 liters,1,raw_materials,Manufacturing,Chemical,1571439.2,zh
採購 488 tons 玉米作為食品原料,1,raw_materials,Food & Beverage,Agricultural,1251246.59,zh
採購 6168 kg 鋼板用於製造,1,raw_materials,Manufacturing,Metal,4197100.03,zh
聘請 財務顧問 (7 個月),1,services,Professional Services,Consulting,235697.63,zh
IT諮詢服務 (12 months),1,services,Professional Services,Consulting,761345.8,zh
員工交通津貼補助 (annual),7,commute,HR Services,Commute Allowance,1483879.36,zh
採購 7244 台 CNC 機床用於資料中心,2,equipment,IT Infrastructure,Hardware,5639656.52,zh
資源回收處理服務合約 (annual),5,waste,Environmental Services,Waste Disposal,1230534.38,zh
事業廢棄物清運處理 (annual),5,waste,Environmental Services,Waste Disposal,1196522.19,zh
商務差旅住宿預訂 (932 晚),6,travel,Business Services,Accommodation,155746.97,zh
財務運輸服務 - 市區,4,logistics,Logistics,Freight,1047584.52,zh
冷凍倉儲租賃 (7098 立方公尺),4,logistics,Logistics,Warehousing,989910.28,zh
倉儲服務 (7196 平方公尺，12 months),4,logistics,Logistics,Warehousing,1845595.69,zh
區域辦公室液化石油氣供應 (12 months),3,energy,Utilities,Fuel,720221.38,zh
員工商務差旅 (4237 趟，東京),6,travel,Business Services,Air Travel,1653287.42,zh
IT專業服務合約,1,services,Professional Services,Consulting,716066.41,zh
倉儲服務 (7565 平方公尺，quarterly),4,logistics,Logistics,Warehousing,346446.16,zh
採購電力 7356 度（地方公用事業）,3,energy,Utilities,Electricity,3823246.32,zh
資源回收處理服務合約 (annual),5,waste,Environmental Services,Waste Disposal,1195461.94,zh
區域辦公室液化石油氣供應 (quarterly),3,energy,Utilities,Fuel,1520357.35,zh
企業住宿合約 - 新加坡,6,travel,Business Services,Accommodation,22959.64,zh
資源回收處理服務合約 (annual),5,waste,Environmental Services,Waste Disposal,554202.72,zh
資源回收處理服務合約 (annual),5,waste,Environmental Services,Waste Disposal,1425975.75,zh
分公司液化石油氣供應 (quarterly),3,energy,Utilities,Fuel,1050525.28,zh
採購 8161 個 電容用於組裝,1,raw_materials,Electronics,Electronic Components,7462824.01,zh
機場接駁服務合約,6,travel,Business Services,Ground Transportation,403775.2,zh
柴油燃料採購 (4577 公升),3,energy,Utilities,Fuel,2387663.45,zh
商務差旅住宿預訂 (7847 晚),6,travel,Business Services,Accommodation,688551.0,zh
資源回收處理服務合約 (quarterly),5,waste,Environmental Services,Waste Disposal,1310461.77,zh
購買 銅線 4416 kg 供生產使用,1,raw_materials,Manufacturing,Metal,2935900.76,zh
採購 硫酸 溶劑 2018 liters,1,raw_materials,Manufacturing,Chemical,200651.97,zh
委外物流配送服務 (區域),4,logistics,Logistics,Freight,3153003.91,zh
法律運輸服務 - 跨境,4,logistics,Logistics,Freight,4755754.37,zh
建造 配送中心 (6726 平方公尺),2,equipment,Real Estate,Building,347634958.5,zh
汽油採購供車隊使用 (7179 公升),3,energy,Utilities,Fuel,1009263.92,zh
倉庫設施用電 (annual),3,energy,Utilities,Electricity,331262.03,zh
完整 automotive parts生產線安裝,2,equipment,Manufacturing,Production Line,29389853.0,zh
管理諮詢服務 (quarterly),1,services,Professional Services,Consulting,1597304.88,zh
採購 2797 tons 小麥作為食品原料,1,raw_materials,Food & Beverage,Agricultural,2829835.78,zh
柴油燃料採購 (5140 公升),3,energy,Utilities,Fuel,1404841.62,zh
委外物流配送服務 (南北),4,logistics,Logistics,Freight,2001876.9,zh
倉儲服務 (3013 平方公尺，6 months),4,logistics,Logistics,Warehousing,1450865.66,zh
柴油燃料採購 (248 公升),3,energy,Utilities,Fuel,2178746.62,zh
大眾運輸月票計畫 (12 months),7,commute,HR Services,Commute Allowance,938048.74,zh
汽油採購供車隊使用 (7114 公升),3,energy,Utilities,Fuel,2126345.42,zh
委外物流配送服務 (區域),4,logistics,Logistics,Freight,552872.3,zh
倉庫液化石油氣供應 (12 months),3,energy,Utilities,Fuel,468303.19,zh
倉儲服務 (2218 平方公尺，6 months),4,logistics,Logistics,Warehousing,1374609.03,zh
區域辦公室一般廢棄物清運服務,5,waste,Environmental Services,Waste Disposal,1436360.67,zh
柴油燃料採購 (8660 公升),3,energy,Utilities,Fuel,1137923.92,zh
員工交通津貼補助 (6 months),7,commute,HR Services,Commute Allowance,278682.36,zh
大眾運輸月票計畫 (annual),7,commute,HR Services,Commute Allowance,1168045.5,zh
事業廢棄物清運處理 (quarterly),5,waste,Environmental Services,Waste Disposal,136526.26,zh
營運部門住宿費用 (12 months),6,travel,Business Services,Accommodation,370574.61,zh
輸送系統發電系統 - 3903 MW,2,equipment,Energy,Power Generation,104313458.2,zh
Security SaaS 訂閱 (7332 使用者),1,services,IT Services,Software,179075.79,zh
IT 基礎設施升級 - 射出成型機 (2026 台),2,equipment,IT Infrastructure,Hardware,8137625.34,zh
商務差旅租車服務 (quarterly),6,travel,Business Services,Ground Transportation,201871.21,zh
鋁合金原料採購 - 8014 kg,1,raw_materials,Manufacturing,Metal,3373212.0,zh
購買 LED 模組 元件 2074 個,1,raw_materials,Electronics,Electronic Components,7031566.35,zh
採購 4937 tons 糖作為食品原料,1,raw_materials,Food & Beverage,Agricultural,526005.74,zh
電力供應合約 (6 months，5102 kWh),3,energy,Utilities,Electricity,278995.47,zh
汽油採購供車隊使用 (5532 公升),3,energy,Utilities,Fuel,2279028.57,zh
有害廢棄物處理合約 (5883 噸),5,waste,Environmental Services,Waste Disposal,830481.11,zh
採購電力 5906 度（再生能源供應商）,3,energy,Utilities,Electricity,1108270.25,zh
Collaboration軟體訂閱 (3405 授權，12 months),1,services,IT Services,Software,847812.42,zh
車隊採購 - 5585 輛 載貨車輛,2,equipment,Transportation,Vehicle,7551471.17,zh
雲端 管理服務 - 6 months合約,1,services,IT Services,Software,710754.37,zh
再生能源電力採購 (2044 MWh),3,energy,Utilities,Electricity,3394490.92,zh
資源回收處理服務合約 (annual),5,waste,Environmental Services,Waste Disposal,885935.76,zh
車隊採購 - 1560 輛 貨車,2,equipment,Transportation,Vehicle,1615158.78,zh
商務差旅住宿預訂 (5546 晚),6,travel,Business Services,Accommodation,505407.77,zh
物流服務合約 - 東西線 (quarterly),4,logistics,Logistics,Freight,4937550.59,zh
購買有機 大豆 7225 tons,1,raw_materials,Food & Beverage,Agricultural,193064.45,zh
資源回收處理服務合約 (annual),5,waste,Environmental Services,Waste Disposal,53937.87,zh
購買工業用 甲苯 4763 liters,1,raw_materials,Manufacturing,Chemical,1650959.78,zh
車隊採購 - 8770 輛 貨車,2,equipment,Transportation,Vehicle,10569717.02,zh
採購 4101 個 PCB 電路板用於組裝,1,raw_materials,Electronics,Electronic Components,3540601.22,zh
再生能源電力採購 (1441 MWh),3,energy,Utilities,Electricity,1771364.51,zh
購買 2881 輛 貨車用於物流運營,2,equipment,Transportation,Vehicle,12546577.89,zh
購置 CNC 機床 (industrial grade),2,equipment,IT Infrastructure,Hardware,7565381.48,zh
委外物流配送服務 (南北),4,logistics,Logistics,Freight,2428259.89,zh
資源回收處理服務合約 (12 months),5,waste,Environmental Services,Waste Disposal,1130442.82,zh
市區區域配送月度運輸服務,4,logistics,Logistics,Freight,1932285.6,zh
購買 5086 輛 貨車用於物流運營,2,equipment,Transportation,Vehicle,11896383.83,zh
物流服務合約 - 跨境線 (annual),4,logistics,Logistics,Freight,735976.38,zh
完整 electronics生產線安裝,2,equipment,Manufacturing,Production Line,67315179.32,zh
管理專業服務合約,1,services,Professional Services,Consulting,890597.06,zh
購買工業用 丙酮 2347 liters,1,raw_materials,Manufacturing,Chemical,318969.11,zh
automotive parts製造產線 (產能 8879 件/日),2,equipment,Manufacturing,Production Line,94298801.09,zh
購置 CNC 機床 - industrial grade,2,equipment,Manufacturing,Machinery,5847806.48,zh
採購 氫氧化鈉 溶劑 6714 liters,1,raw_materials,Manufacturing,Chemical,1310862.52,zh
製造廠建築合約 (總部),2,equipment,Real Estate,Building,466770005.73,zh
商務差旅租車服務 (6 months),6,travel,Business Services,Ground Transportation,297268.0,zh
柴油燃料採購 (5054 公升),3,energy,Utilities,Fuel,1421856.03,zh
consumer goods自動化組裝線,2,equipment,Manufacturing,Production Line,53141632.75,zh
商務艙機票至舊金山,6,travel,Business Services,Air Travel,821472.18,zh
採購 丙酮 溶劑 8836 liters,1,raw_materials,Manufacturing,Chemical,1211300.5,zh
員工商務差旅 (5726 趟，舊金山),6,travel,Business Services,Air Travel,1122144.29,zh
辦公場所清潔維護合約,1,services,Facility Management,Maintenance,236754.36,zh
營運部門住宿費用 (annual),6,travel,Business Services,Accommodation,434956.59,zh
IT 基礎設施升級 - CNC 機床 (9149 台),2,equipment,IT Infrastructure,Hardware,9949011.92,zh
倉儲服務 (1750 平方公尺，6 months),4,logistics,Logistics,Warehousing,2093449.53,zh
採購 8438 台 射出成型機用於資料中心,2,equipment,IT Infrastructure,Hardware,5200860.85,zh
雲端 法律服務 - quarterly合約,1,services,IT Services,Software,158580.12,zh
辦公場所清潔維護合約,1,services,Facility Management,Maintenance,1402872.38,zh
倉庫建築合約 (倉庫),2,equipment,Real Estate,Building,325009343.97,zh
總部一般廢棄物清運服務,5,waste,Environmental Services,Waste Disposal,567403.61,zh
冷凍倉儲租賃 (1243 立方公尺),4,logistics,Logistics,Warehousing,870896.36,zh
Security SaaS 訂閱 (3888 使用者),1,services,IT Services,Software,456864.94,zh
購買有機 稻米 8331 tons,1,raw_materials,Food & Beverage,Agricultural,1974934.37,zh
貨車採購 (industrial grade),2,equipment,Transportation,Vehicle,29569038.39,zh
consumer goods自動化組裝線,2,equipment,Manufacturing,Production Line,42169535.22,zh
採購 6701 台 CNC 機床用於資料中心,2,equipment,IT Infrastructure,Hardware,4529446.19,zh
購買 3509 輛 堆高機用於物流運營,2,equipment,Transportation,Vehicle,15024223.6,zh
雲端 財務服務 - annual合約,1,services,IT Services,Software,483355.25,zh
雲端 財務服務 - annual合約,1,services,IT Services,Software,79246.55,zh
工業用 CNC 機床 (7747 台) 含安裝,2,equipment,Manufacturing,Machinery,27817213.61,zh
採購 7592 tons 小麥作為食品原料,1,raw_materials,Food & Beverage,Agricultural,1506998.68,zh
購置 CNC 機床 (industrial grade),2,equipment,IT Infrastructure,Hardware,2786180.28,zh
IT專業服務合約,1,services,Professional Services,Consulting,944842.81,zh
區域辦公室第三方倉儲 - 1119 坪,4,logistics,Logistics,Warehousing,290943.84,zh
員工商務差旅 (6434 趟，新加坡),6,travel,Business Services,Air Travel,1104372.46,zh
Security軟體訂閱 (3901 授權，annual),1,services,IT Services,Software,27491.94,zh
購買 電阻 元件 3330 個,1,raw_materials,Electronics,Electronic Components,22606.84,zh
採購 1911 個 微晶片用於組裝,1,raw_materials,Electronics,Electronic Components,5267547.11,zh
有害廢棄物處理合約 (1086 噸),5,waste,Environmental Services,Waste Disposal,917151.71,zh
雲端 管理服務 - 12 months合約,1,services,IT Services,Software,48209.32,zh
設施維護服務 (quarterly),1,services,Facility Management,Maintenance,241438.18,zh
區域辦公室第三方倉儲 - 5123 坪,4,logistics,Logistics,Warehousing,2791743.51,zh
總部液化石油氣供應 (annual),3,energy,Utilities,Fuel,1615820.13,zh
再生能源設施建設 (5425 MW),2,equipment,Energy,Power Generation,191268257.13,zh
冷凍倉儲租賃 (1446 立方公尺),4,logistics,Logistics,Warehousing,2721599.02,zh
區域辦公室大樓管理服務 (16 個月),1,services,Facility Management,Maintenance,873634.11,zh
電力供應合約 (annual，4356 kWh),3,energy,Utilities,Electricity,144538.89,zh
再生能源電力採購 (7072 MWh),3,energy,Utilities,Electricity,2019135.27,zh
雲端 管理服務 - annual合約,1,services,IT Services,Software,946221.45,zh
員工商務差旅 (8549 趟，首爾),6,travel,Business Services,Air Travel,1523476.09,zh
購買有機 小麥 1399 tons,1,raw_materials,Food & Beverage,Agricultural,1926505.29,zh
商務差旅租車服務 (annual),6,travel,Business Services,Ground Transportation,72246.0,zh
法律專業服務合約,1,services,Professional Services,Consulting,1350441.11,zh
汽油採購供車隊使用 (8443 公升),3,energy,Utilities,Fuel,1720156.71,zh
倉庫建築合約 (分公司),2,equipment,Real Estate,Building,132726066.04,zh
採購 86 個 電阻用於組裝,1,raw_materials,Electronics,Electronic Components,2521026.41,zh
財務專業服務合約,1,services,Professional Services,Consulting,260702.3,zh
採購 82 個 微晶片用於組裝,1,raw_materials,Electronics,Electronic Components,6733623.48,zh
購置 射出成型機 - industrial grade,2,equipment,Manufacturing,Machinery,10322718.26,zh
購買工業用 氫氧化鈉 7741 liters,1,raw_materials,Manufacturing,Chemical,1633720.69,zh
工業用 射出成型機 (1764 台) 含安裝,2,equipment,Manufacturing,Machinery,47834834.97,zh
車隊採購 - 1989 輛 貨車,2,equipment,Transportation,Vehicle,5274036.53,zh
採購 輸送系統用於生產設施,2,equipment,Manufacturing,Machinery,44142933.2,zh
IT諮詢服務 (annual),1,services,Professional Services,Consulting,362559.64,zh
國際航空差旅 (市區，annual),6,travel,Business Services,Air Travel,505745.01,zh
購置 輸送系統 (industrial grade),2,equipment,IT Infrastructure,Hardware,5459684.49,zh
資源回收處理服務合約 (6 months),5,waste,Environmental Services,Waste Disposal,1415317.02,zh
採購 305 kg 不鏽鋼用於製造,1,raw_materials,Manufacturing,Metal,2852764.74,zh
有害廢棄物處理合約 (6602 噸),5,waste,Environmental Services,Waste Disposal,1175470.09,zh
採購 6544 台 包裝機用於資料中心,2,equipment,IT Infrastructure,Hardware,9506361.84,zh
採購電力 6367 度（地方公用事業）,3,energy,Utilities,Electricity,4055014.2,zh
有害廢棄物處理合約 (3329 噸),5,waste,Environmental Services,Waste Disposal,1437903.72,zh
南北區域配送月度運輸服務,4,logistics,Logistics,Freight,1467722.48,zh
購買有機 小麥 4664 tons,1,raw_materials,Food & Beverage,Agricultural,1825105.55,zh
辦公設備租賃 (12 months),8,leased_assets,Equipment Services,Equipment Lease,2533162.68,zh
太陽能板安裝 (容量 1690 kW),2,equipment,Energy,Power Generation,164384783.61,zh
商務艙機票至新加坡,6,travel,Business Services,Air Travel,1224794.11,zh
採購 9245 tons 糖作為食品原料,1,raw_materials,Food & Beverage,Agricultural,2318040.63,zh
IT 基礎設施升級 - CNC 機床 (8175 台),2,equipment,IT Infrastructure,Hardware,731739.23,zh
購買 微晶片 元件 8830 個,1,raw_materials,Electronics,Electronic Components,665867.9,zh
採購 9137 個 PCB 電路板用於組裝,1,raw_materials,Electronics,Electronic Components,6581228.54,zh
東西區域配送月度運輸服務,4,logistics,Logistics,Freight,2154483.57,zh
工業用 機械手臂 (1429 台) 含安裝,2,equipment,Manufacturing,Machinery,34472522.21,zh
ERP軟體訂閱 (7136 授權，6 months),1,services,IT Services,Software,159563.86,zh
購買 3132 輛 堆高機用於物流運營,2,equipment,Transportation,Vehicle,14102717.02,zh
冷凍倉儲租賃 (9523 立方公尺),4,logistics,Logistics,Warehousing,413188.1,zh
機場接駁服務合約,6,travel,Business Services,Ground Transportation,293861.9,zh
商務艙機票至舊金山,6,travel,Business Services,Air Travel,1284627.25,zh
天然氣供應合約 (7702 立方公尺),3,energy,Utilities,Fuel,384823.2,zh
購買有機 糖 5309 tons,1,raw_materials,Food & Beverage,Agricultural,1469826.47,zh
永續運輸服務 - 南北,4,logistics,Logistics,Freight,1934125.23,zh
堆高機採購 (industrial grade),2,equipment,Transportation,Vehicle,12547405.26,zh
機械手臂發電系統 - 2741 MW,2,equipment,Energy,Power Generation,78275346.25,zh
冷凍倉儲租賃 (35 立方公尺),4,logistics,Logistics,Warehousing,542265.83,zh
商務差旅住宿預訂 (5337 晚),6,travel,Business Services,Accommodation,230276.08,zh
市區區域配送月度運輸服務,4,logistics,Logistics,Freight,1021939.2,zh
再生能源電力採購 (4445 MWh),3,energy,Utilities,Electricity,3477783.3,zh
財務專業服務合約,1,services,Professional Services,Consulting,1751860.03,zh
IT諮詢服務 (12 months),1,services,Professional Services,Consulting,907258.56,zh
射出成型機發電系統 - 4753 MW,2,equipment,Energy,Power Generation,123561701.2,zh
設施維護服務 (6 months),1,services,Facility Management,Maintenance,1173678.37,zh
東西區域配送月度運輸服務,4,logistics,Logistics,Freight,1708371.08,zh
總部第三方倉儲 - 527 坪,4,logistics,Logistics,Warehousing,2343922.87,zh
工業機械租賃 (6 months),8,leased_assets,Equipment Services,Equipment Lease,2885644.09,zh
總部液化石油氣供應 (quarterly),3,energy,Utilities,Fuel,391468.34,zh
購買有機 糖 1349 tons,1,raw_materials,Food & Beverage,Agricultural,1548849.76,zh
採購電力 2466 度（台電）,3,energy,Utilities,Electricity,1743517.36,zh
購買 2772 輛 貨車用於物流運營,2,equipment,Transportation,Vehicle,16530703.01,zh
不鏽鋼原料採購 - 625 kg,1,raw_materials,Manufacturing,Metal,1742607.62,zh
柴油燃料採購 (7516 公升),3,energy,Utilities,Fuel,2409385.24,zh
採購 8772 台 CNC 機床用於資料中心,2,equipment,IT Infrastructure,Hardware,4693268.14,zh
CRM SaaS 訂閱 (8726 使用者),1,services,IT Services,Software,152665.65,zh
ERP SaaS 訂閱 (8325 使用者),1,services,IT Services,Software,104718.41,zh
採購 5251 個 電阻用於組裝,1,raw_materials,Electronics,Electronic Components,6741670.47,zh
採購 乙醇 溶劑 1408 liters,1,raw_materials,Manufacturing,Chemical,760535.55,zh
購買 PCB 電路板 元件 7191 個,1,raw_materials,Electronics,Electronic Components,3351214.27,zh
倉庫液化石油氣供應 (6 months),3,energy,Utilities,Fuel,327236.01,zh
購買工業用 硫酸 5619 liters,1,raw_materials,Manufacturing,Chemical,1142155.27,zh
建造 配送中心 (10006 平方公尺),2,equipment,Real Estate,Building,18072463.33,zh
採購 5863 個 PCB 電路板用於組裝,1,raw_materials,Electronics,Electronic Components,2398224.51,zh
永續專業服務合約,1,services,Professional Services,Consulting,899479.18,zh
國際航空差旅 (南北，12 months),6,travel,Business Services,Air Travel,750683.42,zh
冷凍倉儲租賃 (8889 立方公尺),4,logistics,Logistics,Warehousing,808056.48,zh
區域辦公室液化石油氣供應 (12 months),3,energy,Utilities,Fuel,1515520.67,zh
倉儲服務 (7426 平方公尺，annual),4,logistics,Logistics,Warehousing,345533.69,zh
射出成型機發電系統 - 3758 MW,2,equipment,Energy,Power Generation,7633344.81,zh
分公司設施用電 (6 months),3,energy,Utilities,Electricity,1387256.38,zh
委外物流配送服務 (市區),4,logistics,Logistics,Freight,4079296.7,zh
員工商務差旅 (3983 趟，倫敦),6,travel,Business Services,Air Travel,139589.68,zh
Collaboration軟體訂閱 (9186 授權，6 months),1,services,IT Services,Software,405287.23,zh
公司交通車服務 (annual),7,commute,HR Services,Shuttle Service,346646.02,zh
購買 電阻 元件 1797 個,1,raw_materials,Electronics,Electronic Components,1526909.43,zh
electronics製造產線 (產能 3679 件/日),2,equipment,Manufacturing,Production Line,33040833.05,zh
CRM SaaS 訂閱 (8164 使用者),1,services,IT Services,Software,522358.76,zh
國際航空差旅 (市區，12 months),6,travel,Business Services,Air Travel,1152869.35,zh
建造 配送中心 (2950 平方公尺),2,equipment,Real Estate,Building,259476085.01,zh
購買工業用 丙酮 9253 liters,1,raw_materials,Manufacturing,Chemical,1521509.0,zh
委外物流配送服務 (東西),4,logistics,Logistics,Freight,3453405.59,zh
有害廢棄物處理合約 (9885 噸),5,waste,Environmental Services,Waste Disposal,1430476.09,zh
IT專業服務合約,1,services,Professional Services,Consulting,1104571.2,zh
採購 CNC 機床用於生產設施,2,equipment,Manufacturing,Machinery,4416066.16,zh
辦公場所清潔維護合約,1,services,Facility Management,Maintenance,159000.8,zh
管理運輸服務 - 跨境,4,logistics,Logistics,Freight,3026691.34,zh
automotive parts製造產線 (產能 8280 件/日),2,equipment,Manufacturing,Production Line,73654680.98,zh
購置 輸送系統 - industrial grade,2,equipment,Manufacturing,Machinery,37144767.07,zh
設施維護服務 (annual),1,services,Facility Management,Maintenance,384332.29,zh
購買有機 玉米 5039 tons,1,raw_materials,Food & Beverage,Agricultural,853109.54,zh
汽油採購供車隊使用 (6334 公升),3,energy,Utilities,Fuel,2549042.92,zh
分公司大樓管理服務 (6 個月),1,services,Facility Management,Maintenance,1298083.6,zh
再生能源電力採購 (5771 MWh),3,energy,Utilities,Electricity,4310552.81,zh
購買 鋼板 8332 kg 供生產使用,1,raw_materials,Manufacturing,Metal,1571010.65,zh
工業用 機械手臂 (2234 台) 含安裝,2,equipment,Manufacturing,Machinery,34987056.75,zh
天然氣供應合約 (2833 立方公尺),3,energy,Utilities,Fuel,1216912.02,zh
購買 LED 模組 元件 1607 個,1,raw_materials,Electronics,Electronic Components,288668.06,zh
購置 機械手臂 (industrial grade),2,equipment,IT Infrastructure,Hardware,9400248.45,zh
委外物流配送服務 (區域),4,logistics,Logistics,Freight,2369190.91,zh
物流服務合約 - 東西線 (quarterly),4,logistics,Logistics,Freight,2169240.46,zh
採購 甲苯 溶劑 6281 liters,1,raw_materials,Manufacturing,Chemical,1563050.51,zh
完整 electronics生產線安裝,2,equipment,Manufacturing,Production Line,33797431.06,zh
倉庫液化石油氣供應 (12 months),3,energy,Utilities,Fuel,323974.04,zh
資源回收處理服務合約 (annual),5,waste,Environmental Services,Waste Disposal,794109.14,zh
採購 甲苯 溶劑 2318 liters,1,raw_materials,Manufacturing,Chemical,1097146.52,zh
資源回收處理服務合約 (quarterly),5,waste,Environmental Services,Waste Disposal,1280650.07,zh
採購 4343 台 機械手臂用於資料中心,2,equipment,IT Infrastructure,Hardware,3041799.82,zh
柴油燃料採購 (8872 公升),3,energy,Utilities,Fuel,229474.11,zh
電力供應合約 (6 months，8791 kWh),3,energy,Utilities,Electricity,2093581.78,zh
採購 4450 個 PCB 電路板用於組裝,1,raw_materials,Electronics,Electronic Components,4187442.56,zh
倉儲服務 (210 平方公尺，6 months),4,logistics,Logistics,Warehousing,2349151.26,zh
購買有機 玉米 9060 tons,1,raw_materials,Food & Beverage,Agricultural,2906695.77,zh
再生能源電力採購 (6174 MWh),3,energy,Utilities,Electricity,4933193.25,zh
購買 鋁合金 6838 kg 供生產使用,1,raw_materials,Manufacturing,Metal,2596683.09,zh
CRM軟體訂閱 (6133 授權，annual),1,services,IT Services,Software,132249.02,zh
有害廢棄物處理合約 (9374 噸),5,waste,Environmental Services,Waste Disposal,1126040.33,zh
建造 辦公大樓 (26940 平方公尺),2,equipment,Real Estate,Building,452764229.46,zh
分公司一般廢棄物清運服務,5,waste,Environmental Services,Waste Disposal,271844.63,zh
購買 9559 輛 電動廂型車用於物流運營,2,equipment,Transportation,Vehicle,1775887.55,zh
柴油燃料採購 (6663 公升),3,energy,Utilities,Fuel,693958.92,zh
倉庫設施用電 (annual),3,energy,Utilities,Electricity,2520560.42,zh
購買 3023 輛 堆高機用於物流運營,2,equipment,Transportation,Vehicle,3512799.04,zh
財務運輸服務 - 跨境,4,logistics,Logistics,Freight,1153472.72,zh
分公司設施用電 (12 months),3,energy,Utilities,Electricity,4598622.99,zh
