category,code,name,is_fixed_asset,ghg_category,description
機械及設備,3,機械及設備,True,2,機械設備通常為固定資產，屬於 Category 2
機械及設備,01,工業機械及設備,True,2,機械設備通常為固定資產，屬於 Category 2
機械及設備,01,鋼鐵煉製機械及設備,True,2,機械設備通常為固定資產，屬於 Category 2
機械及設備,01,熔煉機械及設備,True,2,機械設備通常為固定資產，屬於 Category 2
機械及設備,,煉鐵鼓風爐,True,2,機械設備通常為固定資產，屬於 Category 2
機械及設備,,原料分配機,True,2,機械設備通常為固定資產，屬於 Category 2
機械及設備,,熱風爐,True,2,機械設備通常為固定資產，屬於 Category 2
機械及設備,,除塵器,True,2,機械設備通常為固定資產，屬於 Category 2
機械及設備,,離水器,True,2,機械設備通常為固定資產，屬於 Category 2
機械及設備,,燒結機,True,2,機械設備通常為固定資產，屬於 Category 2
機械及設備,,混合機,True,2,機械設備通常為固定資產，屬於 Category 2
機械及設備,,電氣製銑爐,True,2,機械設備通常為固定資產，屬於 Category 2
機械及設備,,混銑爐,True,2,機械設備通常為固定資產，屬於 Category 2
機械及設備,,加料用吊斗,True,2,機械設備通常為固定資產，屬於 Category 2
機械及設備,,電弧爐,True,2,機械設備通常為固定資產，屬於 Category 2
機械及設備,,廢鐵大桶,True,2,機械設備通常為固定資產，屬於 Category 2
機械及設備,,鑄桶,True,2,機械設備通常為固定資產，屬於 Category 2
機械及設備,,鋼錠模,True,2,機械設備通常為固定資產，屬於 Category 2
機械及設備,,脫模推桿,True,2,機械設備通常為固定資產，屬於 Category 2
機械及設備,,乾燥爐,True,2,機械設備通常為固定資產，屬於 Category 2
機械及設備,,退火爐,True,2,機械設備通常為固定資產，屬於 Category 2
機械及設備,,攪拌機,True,2,機械設備通常為固定資產，屬於 Category 2
機械及設備,,低週波爐,True,2,機械設備通常為固定資產，屬於 Category 2
機械及設備,,廢鐵打包機,True,2,機械設備通常為固定資產，屬於 Category 2
機械及設備,,電渣重熔系統(Ｅ‧Ｓ‧Ｒ),True,2,機械設備通常為固定資產，屬於 Category 2
機械及設備,,主原料操作系統,True,2,機械設備通常為固定資產，屬於 Category 2
機械及設備,,吹管制作設備,True,2,機械設備通常為固定資產，屬於 Category 2
機械及設備,,啟動桿頭,True,2,機械設備通常為固定資產，屬於 Category 2
機械及設備,,噴補裝置,True,2,機械設備通常為固定資產，屬於 Category 2
機械及設備,,復軌設備,True,2,機械設備通常為固定資產，屬於 Category 2
機械及設備,,測氧設備,True,2,機械設備通常為固定資產，屬於 Category 2
機械及設備,,澆鑄粉添加設備,True,2,機械設備通常為固定資產，屬於 Category 2
機械及設備,,無渣出鋼設備,True,2,機械設備通常為固定資產，屬於 Category 2
機械及設備,,焰切機,True,2,機械設備通常為固定資產，屬於 Category 2
機械及設備,,燃料噴吹系統,True,2,機械設備通常為固定資產，屬於 Category 2
機械及設備,,燒結礦冷卻機,True,2,機械設備通常為固定資產，屬於 Category 2
機械及設備,,出鋼口設備,True,2,機械設備通常為固定資產，屬於 Category 2
機械及設備,,盛桶,True,2,機械設備通常為固定資產，屬於 Category 2
機械及設備,,真空管處理設備,True,2,機械設備通常為固定資產，屬於 Category 2
機械及設備,,破渣設備,True,2,機械設備通常為固定資產，屬於 Category 2
機械及設備,,緩衝器,True,2,機械設備通常為固定資產，屬於 Category 2
機械及設備,,處理劑製造設備,True,2,機械設備通常為固定資產，屬於 Category 2
機械及設備,,輥筒檢測器設備,True,2,機械設備通常為固定資產，屬於 Category 2
機械及設備,,轉爐出鋼設備,True,2,機械設備通常為固定資產，屬於 Category 2
機械及設備,,轉爐本體,True,2,機械設備通常為固定資產，屬於 Category 2
機械及設備,,連鑄機,True,2,機械設備通常為固定資產，屬於 Category 2
機械及設備,,出鐵間,True,2,機械設備通常為固定資產，屬於 Category 2
機械及設備,,配料間設備,True,2,機械設備通常為固定資產，屬於 Category 2
機械及設備,,鋼胚豎放機,True,2,機械設備通常為固定資產，屬於 Category 2
機械及設備,,鑄模振動系統,True,2,機械設備通常為固定資產，屬於 Category 2
機械及設備,,鑄模校準台,True,2,機械設備通常為固定資產，屬於 Category 2
機械及設備,,除渣設備,True,2,機械設備通常為固定資產，屬於 Category 2
機械及設備,,集料設備,True,2,機械設備通常為固定資產，屬於 Category 2
機械及設備,,驅動設備,True,2,機械設備通常為固定資產，屬於 Category 2
機械及設備,,高爐,True,2,機械設備通常為固定資產，屬於 Category 2
機械及設備,,副測管設備,True,2,機械設備通常為固定資產，屬於 Category 2
機械及設備,,加水調整站,True,2,機械設備通常為固定資產，屬於 Category 2
機械及設備,,取樣設備,True,2,機械設備通常為固定資產，屬於 Category 2
機械及設備,,吹射處理設備,True,2,機械設備通常為固定資產，屬於 Category 2
機械及設備,,吹氧管維護設備,True,2,機械設備通常為固定資產，屬於 Category 2
機械及設備,,顎碎機,True,2,機械設備通常為固定資產，屬於 Category 2
機械及設備,,天車,True,2,機械設備通常為固定資產，屬於 Category 2
機械及設備,,高週波感應爐,True,2,機械設備通常為固定資產，屬於 Category 2
機械及設備,02,軋鋼設備,True,2,機械設備通常為固定資產，屬於 Category 2
機械及設備,,粗軋機,True,2,機械設備通常為固定資產，屬於 Category 2
機械及設備,,精軋機,True,2,機械設備通常為固定資產，屬於 Category 2
機械及設備,,加熱爐,True,2,機械設備通常為固定資產，屬於 Category 2
機械及設備,,冷卻床,True,2,機械設備通常為固定資產，屬於 Category 2
機械及設備,,熱剪機,True,2,機械設備通常為固定資產，屬於 Category 2
機械及設備,,導向溝,True,2,機械設備通常為固定資產，屬於 Category 2
機械及設備,,繞線機,True,2,機械設備通常為固定資產，屬於 Category 2
機械及設備,,剪切機,True,2,機械設備通常為固定資產，屬於 Category 2
機械及設備,,填補檯,True,2,機械設備通常為固定資產，屬於 Category 2
機械及設備,,軋鋼輥,True,2,機械設備通常為固定資產，屬於 Category 2
機械及設備,,鋼捲機,True,2,機械設備通常為固定資產，屬於 Category 2
機械及設備,,鋼捲準備站設備,True,2,機械設備通常為固定資產，屬於 Category 2
機械及設備,,工輥彎曲系統,True,2,機械設備通常為固定資產，屬於 Category 2
機械及設備,,廢品收集機,True,2,機械設備通常為固定資產，屬於 Category 2
機械及設備,,廢料咬碎機,True,2,機械設備通常為固定資產，屬於 Category 2
機械及設備,,張力整平機,True,2,機械設備通常為固定資產，屬於 Category 2
機械及設備,,伸長率計,True,2,機械設備通常為固定資產，屬於 Category 2
機械及設備,,拉緊系統,True,2,機械設備通常為固定資產，屬於 Category 2
機械及設備,,挺峰設備,True,2,機械設備通常為固定資產，屬於 Category 2
機械及設備,,整平機,True,2,機械設備通常為固定資產，屬於 Category 2
機械及設備,,盤捲機,True,2,機械設備通常為固定資產，屬於 Category 2
機械及設備,,刨平機,True,2,機械設備通常為固定資產，屬於 Category 2
機械及設備,,粗整系統,True,2,機械設備通常為固定資產，屬於 Category 2
機械及設備,,翻倒機,True,2,機械設備通常為固定資產，屬於 Category 2
機械及設備,,翻面器,True,2,機械設備通常為固定資產，屬於 Category 2
機械及設備,,自動厚度控制系統,True,2,機械設備通常為固定資產，屬於 Category 2
機械及設備,,側導器,True,2,機械設備通常為固定資產，屬於 Category 2
機械及設備,,虹型器,True,2,機械設備通常為固定資產，屬於 Category 2
機械及設備,,解捲機,True,2,機械設備通常為固定資產，屬於 Category 2
機械及設備,,調質軋延機,True,2,機械設備通常為固定資產，屬於 Category 2
機械及設備,,軋輥平衡系統,True,2,機械設備通常為固定資產，屬於 Category 2
機械及設備,,四重精軋機,True,2,機械設備通常為固定資產，屬於 Category 2
機械及設備,,邊緣護角設備,True,2,機械設備通常為固定資產，屬於 Category 2
機械及設備,,酸液再生設備,True,2,機械設備通常為固定資產，屬於 Category 2
機械及設備,,重捲機,True,2,機械設備通常為固定資產，屬於 Category 2
機械及設備,,固定台,True,2,機械設備通常為固定資產，屬於 Category 2
機械及設備,,鋼帶緊定器,True,2,機械設備通常為固定資產，屬於 Category 2
機械及設備,,偵測器,True,2,機械設備通常為固定資產，屬於 Category 2
機械及設備,03,螺栓及抽線設備,True,2,機械設備通常為固定資產，屬於 Category 2
機械及設備,,螺釘加熱爐,True,2,機械設備通常為固定資產，屬於 Category 2
機械及設備,,缺線轉轍機,True,2,機械設備通常為固定資產，屬於 Category 2
機械及設備,,抽線機,True,2,機械設備通常為固定資產，屬於 Category 2
機械及設備,,絞線機,True,2,機械設備通常為固定資產，屬於 Category 2
機械及設備,,伸線機,True,2,機械設備通常為固定資產，屬於 Category 2
機械及設備,,盤元再成型機,True,2,機械設備通常為固定資產，屬於 Category 2
機械及設備,,邊迴機,True,2,機械設備通常為固定資產，屬於 Category 2
機械及設備,04,原物料貯槽設備,True,2,機械設備通常為固定資產，屬於 Category 2
機械及設備,,沉澱槽,True,2,機械設備通常為固定資產，屬於 Category 2
機械及設備,,油料儲存槽,True,2,機械設備通常為固定資產，屬於 Category 2
機械及設備,,石灰泥儲存桶,True,2,機械設備通常為固定資產，屬於 Category 2
機械及設備,,硫酸儲存桶,True,2,機械設備通常為固定資產，屬於 Category 2
機械及設備,,石灰窯,True,2,機械設備通常為固定資產，屬於 Category 2
機械及設備,,酸槽,True,2,機械設備通常為固定資產，屬於 Category 2
機械及設備,,儲料倉,True,2,機械設備通常為固定資產，屬於 Category 2
機械及設備,,儲槽,True,2,機械設備通常為固定資產，屬於 Category 2
機械及設備,,儲煤倉,True,2,機械設備通常為固定資產，屬於 Category 2
機械及設備,,公用儲槽,True,2,機械設備通常為固定資產，屬於 Category 2
機械及設備,,墊料倉,True,2,機械設備通常為固定資產，屬於 Category 2
機械及設備,,拌料倉,True,2,機械設備通常為固定資產，屬於 Category 2
機械及設備,,拌煤倉,True,2,機械設備通常為固定資產，屬於 Category 2
機械及設備,05,浮選、研磨機械,True,2,機械設備通常為固定資產，屬於 Category 2
機械及設備,,取樣機,True,2,機械設備通常為固定資產，屬於 Category 2
機械及設備,,研磨設備,True,2,機械設備通常為固定資產，屬於 Category 2
機械及設備,,篩選機,True,2,機械設備通常為固定資產，屬於 Category 2
機械及設備,,磨床,True,2,機械設備通常為固定資產，屬於 Category 2
機械及設備,,軋輥車床,True,2,機械設備通常為固定資產，屬於 Category 2
機械及設備,,鋼胚研磨機,True,2,機械設備通常為固定資產，屬於 Category 2
機械及設備,,取樣站,True,2,機械設備通常為固定資產，屬於 Category 2
機械及設備,,拌料設備,True,2,機械設備通常為固定資產，屬於 Category 2
機械及設備,,棍磨機,True,2,機械設備通常為固定資產，屬於 Category 2
機械及設備,,溢煤設備,True,2,機械設備通常為固定資產，屬於 Category 2
機械及設備,,焦碳破碎機,True,2,機械設備通常為固定資產，屬於 Category 2
機械及設備,,石料回收設備,True,2,機械設備通常為固定資產，屬於 Category 2
機械及設備,,破碎機,True,2,機械設備通常為固定資產，屬於 Category 2
機械及設備,06,熱處理設備,True,2,機械設備通常為固定資產，屬於 Category 2
機械及設備,,保溫蓋,True,2,機械設備通常為固定資產，屬於 Category 2
機械及設備,,噴砂機,True,2,機械設備通常為固定資產，屬於 Category 2
機械及設備,,廢熱回收設備,True,2,機械設備通常為固定資產，屬於 Category 2
機械及設備,,模組液面控制系統,True,2,機械設備通常為固定資產，屬於 Category 2
機械及設備,,橫推桿,True,2,機械設備通常為固定資產，屬於 Category 2
機械及設備,,正常化爐,True,2,機械設備通常為固定資產，屬於 Category 2
機械及設備,,淬火設備,True,2,機械設備通常為固定資產，屬於 Category 2
機械及設備,,煉焦爐,True,2,機械設備通常為固定資產，屬於 Category 2
機械及設備,,熱篩選機,True,2,機械設備通常為固定資產，屬於 Category 2
機械及設備,,熱間排渣機,True,2,機械設備通常為固定資產，屬於 Category 2
機械及設備,,轉爐保溫器,True,2,機械設備通常為固定資產，屬於 Category 2
機械及設備,,出爐台,True,2,機械設備通常為固定資產，屬於 Category 2
機械及設備,,轉爐傾轉設備,True,2,機械設備通常為固定資產，屬於 Category 2
機械及設備,,轉爐頂底吹設備,True,2,機械設備通常為固定資產，屬於 Category 2
機械及設備,,鋼板冷卻噴霧設備,True,2,機械設備通常為固定資產，屬於 Category 2
機械及設備,,鋼桶旋轉台,True,2,機械設備通常為固定資產，屬於 Category 2
機械及設備,,鋼液保溫設備,True,2,機械設備通常為固定資產，屬於 Category 2
機械及設備,,鍋爐,True,2,機械設備通常為固定資產，屬於 Category 2
機械及設備,,閥門,True,2,機械設備通常為固定資產，屬於 Category 2
機械及設備,,電磁攪拌機,True,2,機械設備通常為固定資產，屬於 Category 2
機械及設備,,鋁線添加機,True,2,機械設備通常為固定資產，屬於 Category 2
機械及設備,,預熱器,True,2,機械設備通常為固定資產，屬於 Category 2
機械及設備,,分鋼槽,True,2,機械設備通常為固定資產，屬於 Category 2
機械及設備,,點火罩,True,2,機械設備通常為固定資產，屬於 Category 2
機械及設備,,分鋼槽預熱站,True,2,機械設備通常為固定資產，屬於 Category 2
機械及設備,,升溫設備,True,2,機械設備通常為固定資產，屬於 Category 2
機械及設備,,加熱器,True,2,機械設備通常為固定資產，屬於 Category 2
機械及設備,,合添加機,True,2,機械設備通常為固定資產，屬於 Category 2
機械及設備,,吹付機,True,2,機械設備通常為固定資產，屬於 Category 2
機械及設備,,吹氧管交換設備,True,2,機械設備通常為固定資產，屬於 Category 2
機械及設備,07,表面處理設備,True,2,機械設備通常為固定資產，屬於 Category 2
機械及設備,,導引機,True,2,機械設備通常為固定資產，屬於 Category 2
機械及設備,,打凹器,True,2,機械設備通常為固定資產，屬於 Category 2
機械及設備,,打樣器,True,2,機械設備通常為固定資產，屬於 Category 2
機械及設備,,打號台,True,2,機械設備通常為固定資產，屬於 Category 2
機械及設備,,打邊機,True,2,機械設備通常為固定資產，屬於 Category 2
機械及設備,,扣剪機,True,2,機械設備通常為固定資產，屬於 Category 2
機械及設備,,毛邊刮除機,True,2,機械設備通常為固定資產，屬於 Category 2
機械及設備,,液剪機,True,2,機械設備通常為固定資產，屬於 Category 2
機械及設備,,焰切機,True,2,機械設備通常為固定資產，屬於 Category 2
機械及設備,,分段剪機,True,2,機械設備通常為固定資產，屬於 Category 2
機械及設備,,端切機,True,2,機械設備通常為固定資產，屬於 Category 2
機械及設備,,端壓機,True,2,機械設備通常為固定資產，屬於 Category 2
機械及設備,,脫脂系統,True,2,機械設備通常為固定資產，屬於 Category 2
機械及設備,,表面檢驗機,True,2,機械設備通常為固定資產，屬於 Category 2
機械及設備,,試片打取器,True,2,機械設備通常為固定資產，屬於 Category 2
機械及設備,,護膜解捲機,True,2,機械設備通常為固定資產，屬於 Category 2
機械及設備,,貼板機,True,2,機械設備通常為固定資產，屬於 Category 2
機械及設備,,邊切機,True,2,機械設備通常為固定資產，屬於 Category 2
機械及設備,,酸洗設備,True,2,機械設備通常為固定資產，屬於 Category 2
機械及設備,,刷洗設備,True,2,機械設備通常為固定資產，屬於 Category 2
機械及設備,,重捲切條設備,True,2,機械設備通常為固定資產，屬於 Category 2
機械及設備,,鋼胚表面處理設備,True,2,機械設備通常為固定資產，屬於 Category 2
機械及設備,,除氧化物系統,True,2,機械設備通常為固定資產，屬於 Category 2
機械及設備,,除鏽系統,True,2,機械設備通常為固定資產，屬於 Category 2
機械及設備,,電解清洗設備,True,2,機械設備通常為固定資產，屬於 Category 2
機械及設備,,預脫脂系統,True,2,機械設備通常為固定資產，屬於 Category 2
機械及設備,,剪切機,True,2,機械設備通常為固定資產，屬於 Category 2
機械及設備,,剪碎機,True,2,機械設備通常為固定資產，屬於 Category 2
機械及設備,,噴號設備,True,2,機械設備通常為固定資產，屬於 Category 2
機械及設備,,塗料循環系統,True,2,機械設備通常為固定資產，屬於 Category 2
機械及設備,,塗覆機,True,2,機械設備通常為固定資產，屬於 Category 2
機械及設備,,壓床,True,2,機械設備通常為固定資產，屬於 Category 2
機械及設備,,塗油機,True,2,機械設備通常為固定資產，屬於 Category 2
機械及設備,,分切機,True,2,機械設備通常為固定資產，屬於 Category 2
機械及設備,08,包裝機械及設備,True,2,機械設備通常為固定資產，屬於 Category 2
機械及設備,,剝捲機,True,2,機械設備通常為固定資產，屬於 Category 2
機械及設備,,包捲機,True,2,機械設備通常為固定資產，屬於 Category 2
機械及設備,,鋼帶打印機,True,2,機械設備通常為固定資產，屬於 Category 2
機械及設備,,包裝機,True,2,機械設備通常為固定資產，屬於 Category 2
機械及設備,,鋼捲展開機,True,2,機械設備通常為固定資產，屬於 Category 2
機械及設備,,剪帶器,True,2,機械設備通常為固定資產，屬於 Category 2
機械及設備,,包紮機,True,2,機械設備通常為固定資產，屬於 Category 2
機械及設備,,壓擠機,True,2,機械設備通常為固定資產，屬於 Category 2
機械及設備,,拆裝機,True,2,機械設備通常為固定資產，屬於 Category 2
機械及設備,,測量輥,True,2,機械設備通常為固定資產，屬於 Category 2
機械及設備,,綁帶機,True,2,機械設備通常為固定資產，屬於 Category 2
機械及設備,,翻轉機,True,2,機械設備通常為固定資產，屬於 Category 2
機械及設備,09,量測及稱重設備,True,2,機械設備通常為固定資產，屬於 Category 2
機械及設備,,剖面量測計,True,2,機械設備通常為固定資產，屬於 Category 2
機械及設備,,測溫顯像設備,True,2,機械設備通常為固定資產，屬於 Category 2
機械及設備,,測磚儀,True,2,機械設備通常為固定資產，屬於 Category 2
機械及設備,,熱偵測器,True,2,機械設備通常為固定資產，屬於 Category 2
機械及設備,,珈瑪射線測厚計,True,2,機械設備通常為固定資產，屬於 Category 2
機械及設備,,皮帶稱重機,True,2,機械設備通常為固定資產，屬於 Category 2
機械及設備,,直徑測定器,True,2,機械設備通常為固定資產，屬於 Category 2
機械及設備,,稱重機,True,2,機械設備通常為固定資產，屬於 Category 2
機械及設備,,紅外線偵測系統,True,2,機械設備通常為固定資產，屬於 Category 2
機械及設備,,自動控寬設備,True,2,機械設備通常為固定資產，屬於 Category 2
機械及設備,,超音波探傷機,True,2,機械設備通常為固定資產，屬於 Category 2
機械及設備,,平面磨床,True,2,機械設備通常為固定資產，屬於 Category 2
機械及設備,,輥筒檢測器,True,2,機械設備通常為固定資產，屬於 Category 2
機械及設備,,量測儀器,True,2,機械設備通常為固定資產，屬於 Category 2
機械及設備,,鋼帶中心校準設備,True,2,機械設備通常為固定資產，屬於 Category 2
機械及設備,,超音波檢查儀,True,2,機械設備通常為固定資產，屬於 Category 2
機械及設備,,鋼液流量設備,True,2,機械設備通常為固定資產，屬於 Category 2
機械及設備,,鋼液測氧系統,True,2,機械設備通常為固定資產，屬於 Category 2
機械及設備,,Ｘ光測厚計,True,2,機械設備通常為固定資產，屬於 Category 2
機械及設備,,張力偵測器,True,2,機械設備通常為固定資產，屬於 Category 2
機械及設備,,最終檢驗台,True,2,機械設備通常為固定資產，屬於 Category 2
機械及設備,,檢驗設備,True,2,機械設備通常為固定資產，屬於 Category 2
機械及設備,,流量量測設備,True,2,機械設備通常為固定資產，屬於 Category 2
機械及設備,,洩漏偵測器,True,2,機械設備通常為固定資產，屬於 Category 2
機械及設備,,測溫取樣設備,True,2,機械設備通常為固定資產，屬於 Category 2
機械及設備,10,公用設備,True,2,機械設備通常為固定資產，屬於 Category 2
機械及設備,,不斷電供應器,True,2,機械設備通常為固定資產，屬於 Category 2
機械及設備,,氧氣供應設備,True,2,機械設備通常為固定資產，屬於 Category 2
機械及設備,,氧氣壓縮機,True,2,機械設備通常為固定資產，屬於 Category 2
機械及設備,,汽化系統,True,2,機械設備通常為固定資產，屬於 Category 2
機械及設備,,油壓設備,True,2,機械設備通常為固定資產，屬於 Category 2
機械及設備,,沼氣防爆系統,True,2,機械設備通常為固定資產，屬於 Category 2
機械及設備,,消音器,True,2,機械設備通常為固定資產，屬於 Category 2
機械及設備,,液壓系統,True,2,機械設備通常為固定資產，屬於 Category 2
機械及設備,,淨油機,True,2,機械設備通常為固定資產，屬於 Category 2
機械及設備,,清洗設備,True,2,機械設備通常為固定資產，屬於 Category 2
機械及設備,,主空氣系統閥,True,2,機械設備通常為固定資產，屬於 Category 2
機械及設備,,潤滑系統,True,2,機械設備通常為固定資產，屬於 Category 2
機械及設備,,煤粉增壓吹射系統,True,2,機械設備通常為固定資產，屬於 Category 2
機械及設備,,熱交換器,True,2,機械設備通常為固定資產，屬於 Category 2
機械及設備,,燃油泵,True,2,機械設備通常為固定資產，屬於 Category 2
機械及設備,,爐門修護機,True,2,機械設備通常為固定資產，屬於 Category 2
機械及設備,,爐頂壓發電設備,True,2,機械設備通常為固定資產，屬於 Category 2
機械及設備,,真空泵系統,True,2,機械設備通常為固定資產，屬於 Category 2
機械及設備,,空氣加熱器,True,2,機械設備通常為固定資產，屬於 Category 2
機械及設備,,功因改善設備,True,2,機械設備通常為固定資產，屬於 Category 2
機械及設備,,空氣壓縮器,True,2,機械設備通常為固定資產，屬於 Category 2
機械及設備,,軋延油系統,True,2,機械設備通常為固定資產，屬於 Category 2
機械及設備,,輔助油壓系統,True,2,機械設備通常為固定資產，屬於 Category 2
機械及設備,,輸配電設備,True,2,機械設備通常為固定資產，屬於 Category 2
機械及設備,,送風機,True,2,機械設備通常為固定資產，屬於 Category 2
機械及設備,,透平機,True,2,機械設備通常為固定資產，屬於 Category 2
機械及設備,,鐵件分離器,True,2,機械設備通常為固定資產，屬於 Category 2
機械及設備,,鐵渣清除設備,True,2,機械設備通常為固定資產，屬於 Category 2
機械及設備,,降壓設備,True,2,機械設備通常為固定資產，屬於 Category 2
機械及設備,,離心機,True,2,機械設備通常為固定資產，屬於 Category 2
機械及設備,,加油脂系統,True,2,機械設備通常為固定資產，屬於 Category 2
機械及設備,,電池組,True,2,機械設備通常為固定資產，屬於 Category 2
機械及設備,,動力供給系統,True,2,機械設備通常為固定資產，屬於 Category 2
機械及設備,,墊料系統,True,2,機械設備通常為固定資產，屬於 Category 2
機械及設備,,廢氣噴水系統,True,2,機械設備通常為固定資產，屬於 Category 2
機械及設備,,排水系統,True,2,機械設備通常為固定資產，屬於 Category 2
機械及設備,,旋轉閥,True,2,機械設備通常為固定資產，屬於 Category 2
機械及設備,11,集塵及排氣設備,True,2,機械設備通常為固定資產，屬於 Category 2
機械及設備,,保護性氣體生產設備,True,2,機械設備通常為固定資產，屬於 Category 2
機械及設備,,排氣機,True,2,機械設備通常為固定資產，屬於 Category 2
機械及設備,,次集塵設備,True,2,機械設備通常為固定資產，屬於 Category 2
機械及設備,,氣壓系統,True,2,機械設備通常為固定資產，屬於 Category 2
機械及設備,,氣密風扇,True,2,機械設備通常為固定資產，屬於 Category 2
機械及設備,,氣體儲槽,True,2,機械設備通常為固定資產，屬於 Category 2
機械及設備,,氣體發生系統,True,2,機械設備通常為固定資產，屬於 Category 2
機械及設備,,水清洗系統,True,2,機械設備通常為固定資產，屬於 Category 2
機械及設備,,焦爐氣壓縮機,True,2,機械設備通常為固定資產，屬於 Category 2
機械及設備,,煤粉收集器,True,2,機械設備通常為固定資產，屬於 Category 2
機械及設備,,燃燒空氣設備,True,2,機械設備通常為固定資產，屬於 Category 2
機械及設備,,冷卻風車,True,2,機械設備通常為固定資產，屬於 Category 2
機械及設備,,燃燒空氣風扇,True,2,機械設備通常為固定資產，屬於 Category 2
機械及設備,,爐氣清淨設備,True,2,機械設備通常為固定資產，屬於 Category 2
機械及設備,,煙囪,True,2,機械設備通常為固定資產，屬於 Category 2
機械及設備,,空氣導管,True,2,機械設備通常為固定資產，屬於 Category 2
機械及設備,,蒸氣排出設備,True,2,機械設備通常為固定資產，屬於 Category 2
機械及設備,,通風系統,True,2,機械設備通常為固定資產，屬於 Category 2
機械及設備,,除濕系統,True,2,機械設備通常為固定資產，屬於 Category 2
機械及設備,,集塵機,True,2,機械設備通常為固定資產，屬於 Category 2
機械及設備,,靜電除塵器,True,2,機械設備通常為固定資產，屬於 Category 2
機械及設備,12,儀錶及控制設備,True,2,機械設備通常為固定資產，屬於 Category 2
機械及設備,,儀錶控制系統,True,2,機械設備通常為固定資產，屬於 Category 2
機械及設備,,可程式控制器,True,2,機械設備通常為固定資產，屬於 Category 2
機械及設備,,控制檯,True,2,機械設備通常為固定資產，屬於 Category 2
機械及設備,,溫度控制設備,True,2,機械設備通常為固定資產，屬於 Category 2
機械及設備,,酸液比例控制系統,True,2,機械設備通常為固定資產，屬於 Category 2
機械及設備,,電氣控制系統,True,2,機械設備通常為固定資產，屬於 Category 2
機械及設備,13,輸送設備,True,2,機械設備通常為固定資產，屬於 Category 2
機械及設備,,反轉設備,True,2,機械設備通常為固定資產，屬於 Category 2
機械及設備,,吊鉤交換機,True,2,機械設備通常為固定資產，屬於 Category 2
機械及設備,,壓下輥輪台,True,2,機械設備通常為固定資產，屬於 Category 2
機械及設備,,導槽,True,2,機械設備通常為固定資產，屬於 Category 2
機械及設備,,導焦車,True,2,機械設備通常為固定資產，屬於 Category 2
機械及設備,,廢料處理設備,True,2,機械設備通常為固定資產，屬於 Category 2
機械及設備,,作業台,True,2,機械設備通常為固定資產，屬於 Category 2
機械及設備,,推焦車,True,2,機械設備通常為固定資產，屬於 Category 2
機械及設備,,換輥設備,True,2,機械設備通常為固定資產，屬於 Category 2
機械及設備,,昇舉檯,True,2,機械設備通常為固定資產，屬於 Category 2
機械及設備,,上鉤機,True,2,機械設備通常為固定資產，屬於 Category 2
機械及設備,,下鉤機,True,2,機械設備通常為固定資產，屬於 Category 2
機械及設備,,傳送滑道,True,2,機械設備通常為固定資產，屬於 Category 2
機械及設備,,昇降梯,True,2,機械設備通常為固定資產，屬於 Category 2
機械及設備,,橫移設備,True,2,機械設備通常為固定資產，屬於 Category 2
機械及設備,,淬火機車,True,2,機械設備通常為固定資產，屬於 Category 2
機械及設備,,渣車,True,2,機械設備通常為固定資產，屬於 Category 2
機械及設備,,準備站,True,2,機械設備通常為固定資產，屬於 Category 2
機械及設備,,台車,True,2,機械設備通常為固定資產，屬於 Category 2
機械及設備,,環圈車,True,2,機械設備通常為固定資產，屬於 Category 2
機械及設備,,盛桶移轉車,True,2,機械設備通常為固定資產，屬於 Category 2
機械及設備,,盤捲車,True,2,機械設備通常為固定資產，屬於 Category 2
機械及設備,,穩定輥,True,2,機械設備通常為固定資產，屬於 Category 2
機械及設備,,穿帶板,True,2,機械設備通常為固定資產，屬於 Category 2
機械及設備,,輥筒,True,2,機械設備通常為固定資產，屬於 Category 2
機械及設備,,輥筒更換裝置,True,2,機械設備通常為固定資產，屬於 Category 2
機械及設備,,輥輪床,True,2,機械設備通常為固定資產，屬於 Category 2
機械及設備,,輸送車,True,2,機械設備通常為固定資產，屬於 Category 2
機械及設備,,轉向輥輪,True,2,機械設備通常為固定資產，屬於 Category 2
機械及設備,,轉轍器,True,2,機械設備通常為固定資產，屬於 Category 2
機械及設備,,轉送塔,True,2,機械設備通常為固定資產，屬於 Category 2
機械及設備,,進料滑軌,True,2,機械設備通常為固定資產，屬於 Category 2
機械及設備,,鋼帶拖車,True,2,機械設備通常為固定資產，屬於 Category 2
機械及設備,,鋼捲拖架,True,2,機械設備通常為固定資產，屬於 Category 2
機械及設備,,鋼板送出設備,True,2,機械設備通常為固定資產，屬於 Category 2
機械及設備,,鋼液吊送設備,True,2,機械設備通常為固定資產，屬於 Category 2
機械及設備,,鋼胚剔退車,True,2,機械設備通常為固定資產，屬於 Category 2
機械及設備,,鋼胚抽取器,True,2,機械設備通常為固定資產，屬於 Category 2
機械及設備,,分道器,True,2,機械設備通常為固定資產，屬於 Category 2
機械及設備,,鋼胚推入器,True,2,機械設備通常為固定資產，屬於 Category 2
機械及設備,,魚雷運銑車,True,2,機械設備通常為固定資產，屬於 Category 2
機械及設備,,前卸載機,True,2,機械設備通常為固定資產，屬於 Category 2
機械及設備,,剔退台設備,True,2,機械設備通常為固定資產，屬於 Category 2
機械及設備,,加料設備,True,2,機械設備通常為固定資產，屬於 Category 2
機械及設備,14,蒸發、冷凝設備,True,2,機械設備通常為固定資產，屬於 Category 2
機械及設備,,冷凝器,True,2,機械設備通常為固定資產，屬於 Category 2
機械及設備,,冷卻系統,True,2,機械設備通常為固定資產，屬於 Category 2
機械及設備,,層流系統,True,2,機械設備通常為固定資產，屬於 Category 2
機械及設備,,空氣冷卻機,True,2,機械設備通常為固定資產，屬於 Category 2
機械及設備,,過濾器,True,2,機械設備通常為固定資產，屬於 Category 2
機械及設備,15,副產品製造設備,True,2,機械設備通常為固定資產，屬於 Category 2
機械及設備,,儲槽,True,2,機械設備通常為固定資產，屬於 Category 2
機械及設備,,氨筒槽,True,2,機械設備通常為固定資產，屬於 Category 2
機械及設備,,氨裂解爐,True,2,機械設備通常為固定資產，屬於 Category 2
機械及設備,,淨化器,True,2,機械設備通常為固定資產，屬於 Category 2
機械及設備,,煤氣浮頂槽,True,2,機械設備通常為固定資產，屬於 Category 2
機械及設備,,輕油蒸餾塔,True,2,機械設備通常為固定資產，屬於 Category 2
機械及設備,,分離槽,True,2,機械設備通常為固定資產，屬於 Category 2
機械及設備,,收集槽,True,2,機械設備通常為固定資產，屬於 Category 2
機械及設備,,渣處理系統,True,2,機械設備通常為固定資產，屬於 Category 2
機械及設備,,冷凍機,True,2,機械設備通常為固定資產，屬於 Category 2
機械及設備,,初冷塔,True,2,機械設備通常為固定資產，屬於 Category 2
機械及設備,,反洗過濾器,True,2,機械設備通常為固定資產，屬於 Category 2
機械及設備,,氨洗滌塔,True,2,機械設備通常為固定資產，屬於 Category 2
機械及設備,02,金銀煉製機械及設備,True,2,機械設備通常為固定資產，屬於 Category 2
機械及設備,01,熔化機械及設備,True,2,機械設備通常為固定資產，屬於 Category 2
機械及設備,,反射爐,True,2,機械設備通常為固定資產，屬於 Category 2
機械及設備,,吹灰爐,True,2,機械設備通常為固定資產，屬於 Category 2
機械及設備,,坩堝爐,True,2,機械設備通常為固定資產，屬於 Category 2
機械及設備,,陽極模,True,2,機械設備通常為固定資產，屬於 Category 2
機械及設備,,錐形模,True,2,機械設備通常為固定資產，屬於 Category 2
機械及設備,,金條模,True,2,機械設備通常為固定資產，屬於 Category 2
機械及設備,,銀錠模,True,2,機械設備通常為固定資產，屬於 Category 2
機械及設備,,沉澱池,True,2,機械設備通常為固定資產，屬於 Category 2
機械及設備,,壓碎機,True,2,機械設備通常為固定資產，屬於 Category 2
機械及設備,02,分銀機械及設備,True,2,機械設備通常為固定資產，屬於 Category 2
機械及設備,,分金爐,True,2,機械設備通常為固定資產，屬於 Category 2
機械及設備,,洗滌槽,True,2,機械設備通常為固定資產，屬於 Category 2
機械及設備,,銀沉澱池,True,2,機械設備通常為固定資產，屬於 Category 2
機械及設備,,電解槽,True,2,機械設備通常為固定資產，屬於 Category 2
機械及設備,,鐵箱,True,2,機械設備通常為固定資產，屬於 Category 2
機械及設備,,壓力表,True,2,機械設備通常為固定資產，屬於 Category 2
機械及設備,03,銅煉製機械及設備,True,2,機械設備通常為固定資產，屬於 Category 2
機械及設備,01,熔化機械及設備,True,2,機械設備通常為固定資產，屬於 Category 2
機械及設備,,煉銅鼓風爐,True,2,機械設備通常為固定資產，屬於 Category 2
機械及設備,,水池,True,2,機械設備通常為固定資產，屬於 Category 2
機械及設備,,煙囪,True,2,機械設備通常為固定資產，屬於 Category 2
機械及設備,,袋瀘收塵器,True,2,機械設備通常為固定資產，屬於 Category 2
機械及設備,,試驗反射爐,True,2,機械設備通常為固定資產，屬於 Category 2
機械及設備,,磨碾機,True,2,機械設備通常為固定資產，屬於 Category 2
機械及設備,,卡車地磅,True,2,機械設備通常為固定資產，屬於 Category 2
機械及設備,,精礦及熔劑皮帶輸送機,True,2,機械設備通常為固定資產，屬於 Category 2
機械及設備,,精鐮沖碎機,True,2,機械設備通常為固定資產，屬於 Category 2
機械及設備,,精礦礦倉,True,2,機械設備通常為固定資產，屬於 Category 2
機械及設備,,磅秤,True,2,機械設備通常為固定資產，屬於 Category 2
機械及設備,,輸送帶電磁吸鐵器,True,2,機械設備通常為固定資產，屬於 Category 2
機械及設備,,吊車,True,2,機械設備通常為固定資產，屬於 Category 2
機械及設備,,震動篩,True,2,機械設備通常為固定資產，屬於 Category 2
機械及設備,,衝擊鎚磨機,True,2,機械設備通常為固定資產，屬於 Category 2
機械及設備,,杓子提升機,True,2,機械設備通常為固定資產，屬於 Category 2
機械及設備,,混合機,True,2,機械設備通常為固定資產，屬於 Category 2
機械及設備,,熔劑碎運設備,True,2,機械設備通常為固定資產，屬於 Category 2
機械及設備,,焙燒給料倉,True,2,機械設備通常為固定資產，屬於 Category 2
機械及設備,,旋轉給礦箱,True,2,機械設備通常為固定資產，屬於 Category 2
機械及設備,,焙燒爐,True,2,機械設備通常為固定資產，屬於 Category 2
機械及設備,,焙燒爐加熱設備,True,2,機械設備通常為固定資產，屬於 Category 2
機械及設備,,空氣預熱器,True,2,機械設備通常為固定資產，屬於 Category 2
機械及設備,,渦錐器,True,2,機械設備通常為固定資產，屬於 Category 2
機械及設備,,冷卻塔,True,2,機械設備通常為固定資產，屬於 Category 2
機械及設備,,連接導管及保溫設備,True,2,機械設備通常為固定資產，屬於 Category 2
機械及設備,,混合器,True,2,機械設備通常為固定資產，屬於 Category 2
機械及設備,,乾式靜電收塵室,True,2,機械設備通常為固定資產，屬於 Category 2
機械及設備,,靜電收塵室基礎,True,2,機械設備通常為固定資產，屬於 Category 2
機械及設備,,排氣風扇,True,2,機械設備通常為固定資產，屬於 Category 2
機械及設備,,鏈條輸送機,True,2,機械設備通常為固定資產，屬於 Category 2
機械及設備,,加料管,True,2,機械設備通常為固定資產，屬於 Category 2
機械及設備,,電爐,True,2,機械設備通常為固定資產，屬於 Category 2
機械及設備,,煙罩,True,2,機械設備通常為固定資產，屬於 Category 2
機械及設備,,高位槽,True,2,機械設備通常為固定資產，屬於 Category 2
機械及設備,,封口機,True,2,機械設備通常為固定資產，屬於 Category 2
機械及設備,,排碴池篩板,True,2,機械設備通常為固定資產，屬於 Category 2
機械及設備,,集水槽,True,2,機械設備通常為固定資產，屬於 Category 2
機械及設備,,排碴池,True,2,機械設備通常為固定資產，屬於 Category 2
機械及設備,,鑌銅池,True,2,機械設備通常為固定資產，屬於 Category 2
機械及設備,,集塵器,True,2,機械設備通常為固定資產，屬於 Category 2
機械及設備,,煙塵儲槽,True,2,機械設備通常為固定資產，屬於 Category 2
機械及設備,,抓式起重機,True,2,機械設備通常為固定資產，屬於 Category 2
機械及設備,,冷卻水泵,True,2,機械設備通常為固定資產，屬於 Category 2
機械及設備,,運貨昇降機,True,2,機械設備通常為固定資產，屬於 Category 2
機械及設備,,吹煉爐,True,2,機械設備通常為固定資產，屬於 Category 2
機械及設備,,吹煉爐基礎,True,2,機械設備通常為固定資產，屬於 Category 2
機械及設備,,輪機鼓風機,True,2,機械設備通常為固定資產，屬於 Category 2
機械及設備,,輪機鼓風機基礎,True,2,機械設備通常為固定資產，屬於 Category 2
機械及設備,,吊煲,True,2,機械設備通常為固定資產，屬於 Category 2
機械及設備,,加料斗,True,2,機械設備通常為固定資產，屬於 Category 2
機械及設備,,冷卻槽,True,2,機械設備通常為固定資產，屬於 Category 2
機械及設備,,吹煉爐操作工具,True,2,機械設備通常為固定資產，屬於 Category 2
機械及設備,,衝孔機,True,2,機械設備通常為固定資產，屬於 Category 2
機械及設備,,鑽磚機,True,2,機械設備通常為固定資產，屬於 Category 2
機械及設備,,雙層導管裝備,True,2,機械設備通常為固定資產，屬於 Category 2
機械及設備,,乾式靜電收塵器,True,2,機械設備通常為固定資產，屬於 Category 2
機械及設備,,冷卻風扇及導管,True,2,機械設備通常為固定資產，屬於 Category 2
機械及設備,,靜電收塵器基礎,True,2,機械設備通常為固定資產，屬於 Category 2
機械及設備,,精煉爐,True,2,機械設備通常為固定資產，屬於 Category 2
機械及設備,,精煉爐基礎,True,2,機械設備通常為固定資產，屬於 Category 2
機械及設備,,壓風機,True,2,機械設備通常為固定資產，屬於 Category 2
機械及設備,,自動澆灌設備,True,2,機械設備通常為固定資產，屬於 Category 2
機械及設備,,鑄銅機,True,2,機械設備通常為固定資產，屬於 Category 2
機械及設備,,鑄銅機基礎,True,2,機械設備通常為固定資產，屬於 Category 2
機械及設備,,管線,True,2,機械設備通常為固定資產，屬於 Category 2
機械及設備,,壼車,True,2,機械設備通常為固定資產，屬於 Category 2
機械及設備,,鑄造機用石墨模,True,2,機械設備通常為固定資產，屬於 Category 2
機械及設備,02,電解精煉設備,True,2,機械設備通常為固定資產，屬於 Category 2
機械及設備,,加熱槽,True,2,機械設備通常為固定資產，屬於 Category 2
機械及設備,,澱泥槽,True,2,機械設備通常為固定資產，屬於 Category 2
機械及設備,,聚液槽,True,2,機械設備通常為固定資產，屬於 Category 2
機械及設備,,鉛製電解槽,True,2,機械設備通常為固定資產，屬於 Category 2
機械及設備,,離心分離機,True,2,機械設備通常為固定資產，屬於 Category 2
機械及設備,,混凝土電解槽,True,2,機械設備通常為固定資產，屬於 Category 2
機械及設備,,洗槽,True,2,機械設備通常為固定資產，屬於 Category 2
機械及設備,,電解槽操作工具,True,2,機械設備通常為固定資產，屬於 Category 2
機械及設備,,電解槽電壓測定器,True,2,機械設備通常為固定資產，屬於 Category 2
機械及設備,,電解槽電流測定器,True,2,機械設備通常為固定資產，屬於 Category 2
機械及設備,,直流電導電系統,True,2,機械設備通常為固定資產，屬於 Category 2
機械及設備,,鋁陽極,True,2,機械設備通常為固定資產，屬於 Category 2
機械及設備,,母片,True,2,機械設備通常為固定資產，屬於 Category 2
機械及設備,,電解槽支架及基礎,True,2,機械設備通常為固定資產，屬於 Category 2
機械及設備,,電解液儲存槽,True,2,機械設備通常為固定資產，屬於 Category 2
機械及設備,,電解液高位槽,True,2,機械設備通常為固定資產，屬於 Category 2
機械及設備,,離心泵,True,2,機械設備通常為固定資產，屬於 Category 2
機械及設備,,電解液過濾器,True,2,機械設備通常為固定資產，屬於 Category 2
機械及設備,,石墨熱交換器,True,2,機械設備通常為固定資產，屬於 Category 2
機械及設備,,添加劑泵,True,2,機械設備通常為固定資產，屬於 Category 2
機械及設備,,分配槽,True,2,機械設備通常為固定資產，屬於 Category 2
機械及設備,,陽極泥收集槽及溜槽,True,2,機械設備通常為固定資產，屬於 Category 2
機械及設備,,直立式泵,True,2,機械設備通常為固定資產，屬於 Category 2
機械及設備,,旋轉式壓風機,True,2,機械設備通常為固定資產，屬於 Category 2
機械及設備,,盤式過瀘器,True,2,機械設備通常為固定資產，屬於 Category 2
機械及設備,,壓力槽,True,2,機械設備通常為固定資產，屬於 Category 2
機械及設備,,壓濾器,True,2,機械設備通常為固定資產，屬於 Category 2
機械及設備,,桌式乾燥機,True,2,機械設備通常為固定資產，屬於 Category 2
機械及設備,,始極片剝離架,True,2,機械設備通常為固定資產，屬於 Category 2
機械及設備,,始極片處理工具,True,2,機械設備通常為固定資產，屬於 Category 2
機械及設備,,剪板機,True,2,機械設備通常為固定資產，屬於 Category 2
機械及設備,,鉚釘機,True,2,機械設備通常為固定資產，屬於 Category 2
機械及設備,,陰極導電棒磨光機,True,2,機械設備通常為固定資產，屬於 Category 2
機械及設備,,走樑機,True,2,機械設備通常為固定資產，屬於 Category 2
機械及設備,,導電棒裝運筐,True,2,機械設備通常為固定資產，屬於 Category 2
機械及設備,,儲運掛架,True,2,機械設備通常為固定資產，屬於 Category 2
機械及設備,,儲存槽,True,2,機械設備通常為固定資產，屬於 Category 2
機械及設備,,陽極排列機,True,2,機械設備通常為固定資產，屬於 Category 2
機械及設備,,陰極洗滌機,True,2,機械設備通常為固定資產，屬於 Category 2
機械及設備,,工作台,True,2,機械設備通常為固定資產，屬於 Category 2
機械及設備,,壓力均衡槽,True,2,機械設備通常為固定資產，屬於 Category 2
機械及設備,,直流電整流器,True,2,機械設備通常為固定資產，屬於 Category 2
機械及設備,,管線,True,2,機械設備通常為固定資產，屬於 Category 2
機械及設備,,脫銅模覆蓋及排氣管裝置,True,2,機械設備通常為固定資產，屬於 Category 2
機械及設備,,耐酸泵,True,2,機械設備通常為固定資產，屬於 Category 2
機械及設備,,油泵,True,2,機械設備通常為固定資產，屬於 Category 2
機械及設備,,重油輸油泵,True,2,機械設備通常為固定資產，屬於 Category 2
機械及設備,,電解回收機,True,2,機械設備通常為固定資產，屬於 Category 2
機械及設備,,廢極洗滌機,True,2,機械設備通常為固定資產，屬於 Category 2
機械及設備,,鉛陽極板,True,2,機械設備通常為固定資產，屬於 Category 2
機械及設備,,蒸餾系統,True,2,機械設備通常為固定資產，屬於 Category 2
機械及設備,03,沉澱銅設備,True,2,機械設備通常為固定資產，屬於 Category 2
機械及設備,,沉澱池,True,2,機械設備通常為固定資產，屬於 Category 2
機械及設備,,沉澱銅泥烘焙槽,True,2,機械設備通常為固定資產，屬於 Category 2
機械及設備,,切鐵機,True,2,機械設備通常為固定資產，屬於 Category 2
機械及設備,,給水槽,True,2,機械設備通常為固定資產，屬於 Category 2
機械及設備,04,排氣製酸機械及設備,True,2,機械設備通常為固定資產，屬於 Category 2
機械及設備,,洗滌冷卻器,True,2,機械設備通常為固定資產，屬於 Category 2
機械及設備,,洗滌冷卻塔基礎,True,2,機械設備通常為固定資產，屬於 Category 2
機械及設備,,二氧化硫離析塔基礎,True,2,機械設備通常為固定資產，屬於 Category 2
機械及設備,,離析風扇,True,2,機械設備通常為固定資產，屬於 Category 2
機械及設備,,濕式靜電收塵器,True,2,機械設備通常為固定資產，屬於 Category 2
機械及設備,,濕式靜電收塵器基礎,True,2,機械設備通常為固定資產，屬於 Category 2
機械及設備,,氣體導管及管件,True,2,機械設備通常為固定資產，屬於 Category 2
機械及設備,,密閉水槽,True,2,機械設備通常為固定資產，屬於 Category 2
機械及設備,,６０米排氣煙囪,True,2,機械設備通常為固定資產，屬於 Category 2
機械及設備,,６０米排氣煙囪基礎,True,2,機械設備通常為固定資產，屬於 Category 2
機械及設備,,空氣過濾器,True,2,機械設備通常為固定資產，屬於 Category 2
機械及設備,,乾燥塔,True,2,機械設備通常為固定資產，屬於 Category 2
機械及設備,,乾燥塔基礎,True,2,機械設備通常為固定資產，屬於 Category 2
機械及設備,,吸收塔,True,2,機械設備通常為固定資產，屬於 Category 2
機械及設備,,吸收塔基礎,True,2,機械設備通常為固定資產，屬於 Category 2
機械及設備,,冷卻塔,True,2,機械設備通常為固定資產，屬於 Category 2
機械及設備,,水位槽,True,2,機械設備通常為固定資產，屬於 Category 2
機械及設備,,轉化塔,True,2,機械設備通常為固定資產，屬於 Category 2
機械及設備,,轉化塔基礎,True,2,機械設備通常為固定資產，屬於 Category 2
機械及設備,,熱交換器,True,2,機械設備通常為固定資產，屬於 Category 2
機械及設備,,預熱器,True,2,機械設備通常為固定資產，屬於 Category 2
機械及設備,,排氣風扇,True,2,機械設備通常為固定資產，屬於 Category 2
機械及設備,,輕柴油燃燒設備,True,2,機械設備通常為固定資產，屬於 Category 2
機械及設備,,管線,True,2,機械設備通常為固定資產，屬於 Category 2
機械及設備,,蒸煮鍋,True,2,機械設備通常為固定資產，屬於 Category 2
機械及設備,05,公用設備,True,2,機械設備通常為固定資產，屬於 Category 2
機械及設備,,供電系統,True,2,機械設備通常為固定資產，屬於 Category 2
機械及設備,,接地系統,True,2,機械設備通常為固定資產，屬於 Category 2
機械及設備,,儀表系統,True,2,機械設備通常為固定資產，屬於 Category 2
機械及設備,,照明系統,True,2,機械設備通常為固定資產，屬於 Category 2
機械及設備,,空調系統,True,2,機械設備通常為固定資產，屬於 Category 2
機械及設備,,６９瓩變電設備,True,2,機械設備通常為固定資產，屬於 Category 2
機械及設備,,柴油發電機,True,2,機械設備通常為固定資產，屬於 Category 2
機械及設備,,海水泵,True,2,機械設備通常為固定資產，屬於 Category 2
機械及設備,,海水泵引水道及沉箱,True,2,機械設備通常為固定資產，屬於 Category 2
機械及設備,,海水管線,True,2,機械設備通常為固定資產，屬於 Category 2
機械及設備,,海水管線支架基礎,True,2,機械設備通常為固定資產，屬於 Category 2
機械及設備,,飲水系統,True,2,機械設備通常為固定資產，屬於 Category 2
機械及設備,,循環用水冷卻塔,True,2,機械設備通常為固定資產，屬於 Category 2
機械及設備,,循環用水冷卻塔基礎及水池,True,2,機械設備通常為固定資產，屬於 Category 2
機械及設備,,蒸汽鍋爐,True,2,機械設備通常為固定資產，屬於 Category 2
機械及設備,,油槽,True,2,機械設備通常為固定資產，屬於 Category 2
機械及設備,,油泵,True,2,機械設備通常為固定資產，屬於 Category 2
機械及設備,,丙烷輸送泵,True,2,機械設備通常為固定資產，屬於 Category 2
機械及設備,,空氣壓縮機,True,2,機械設備通常為固定資產，屬於 Category 2
機械及設備,,空氣乾燥機,True,2,機械設備通常為固定資產，屬於 Category 2
機械及設備,06,銅加工機械及設備,True,2,機械設備通常為固定資產，屬於 Category 2
機械及設備,,自動厚度儀,True,2,機械設備通常為固定資產，屬於 Category 2
機械及設備,,螢光分析儀,True,2,機械設備通常為固定資產，屬於 Category 2
機械及設備,04,鋁煉製暨加工機械及設備,True,2,機械設備通常為固定資產，屬於 Category 2
機械及設備,01,原物料貯槽設備,True,2,機械設備通常為固定資產，屬於 Category 2
機械及設備,,蓄水槽,True,2,機械設備通常為固定資產，屬於 Category 2
機械及設備,,貯油槽,True,2,機械設備通常為固定資產，屬於 Category 2
機械及設備,,濾油器,True,2,機械設備通常為固定資產，屬於 Category 2
機械及設備,,熱油器,True,2,機械設備通常為固定資產，屬於 Category 2
機械及設備,,貯礦倉,True,2,機械設備通常為固定資產，屬於 Category 2
機械及設備,,鹼液槽,True,2,機械設備通常為固定資產，屬於 Category 2
機械及設備,,鋁酸液槽,True,2,機械設備通常為固定資產，屬於 Category 2
機械及設備,,石油焦貯槽,True,2,機械設備通常為固定資產，屬於 Category 2
機械及設備,,氣動輸送鋁氧系統,True,2,機械設備通常為固定資產，屬於 Category 2
機械及設備,,高溫鋁合金熔解,True,2,機械設備通常為固定資產，屬於 Category 2
機械及設備,02,浮選、研磨機械及設備,True,2,機械設備通常為固定資產，屬於 Category 2
機械及設備,,給礦漏斗,True,2,機械設備通常為固定資產，屬於 Category 2
機械及設備,,錘碎機,True,2,機械設備通常為固定資產，屬於 Category 2
機械及設備,,轉輪篩,True,2,機械設備通常為固定資產，屬於 Category 2
機械及設備,,振動篩,True,2,機械設備通常為固定資產，屬於 Category 2
機械及設備,,回轉篩,True,2,機械設備通常為固定資產，屬於 Category 2
機械及設備,,搖篩機,True,2,機械設備通常為固定資產，屬於 Category 2
機械及設備,,標準篩,True,2,機械設備通常為固定資產，屬於 Category 2
機械及設備,,球磨機,True,2,機械設備通常為固定資產，屬於 Category 2
機械及設備,,試藥加給,True,2,機械設備通常為固定資產，屬於 Category 2
機械及設備,,調節器,True,2,機械設備通常為固定資產，屬於 Category 2
機械及設備,,浮選機,True,2,機械設備通常為固定資產，屬於 Category 2
機械及設備,,高速採樣器,True,2,機械設備通常為固定資產，屬於 Category 2
機械及設備,03,混合分離機械及設備,True,2,機械設備通常為固定資產，屬於 Category 2
機械及設備,,混合機,True,2,機械設備通常為固定資產，屬於 Category 2
機械及設備,,混合槽,True,2,機械設備通常為固定資產，屬於 Category 2
機械及設備,,攪拌槽,True,2,機械設備通常為固定資產，屬於 Category 2
機械及設備,,克氏濾機,True,2,機械設備通常為固定資產，屬於 Category 2
機械及設備,,壓濾機,True,2,機械設備通常為固定資產，屬於 Category 2
機械及設備,,過濾槽,True,2,機械設備通常為固定資產，屬於 Category 2
機械及設備,,離心機,True,2,機械設備通常為固定資產，屬於 Category 2
機械及設備,,水份分離機,True,2,機械設備通常為固定資產，屬於 Category 2
機械及設備,04,蒸煮、析出設備,True,2,機械設備通常為固定資產，屬於 Category 2
機械及設備,,蒸煮鍋,True,2,機械設備通常為固定資產，屬於 Category 2
機械及設備,,稀釋槽,True,2,機械設備通常為固定資產，屬於 Category 2
機械及設備,05,鍛燒、烘焙設備,True,2,機械設備通常為固定資產，屬於 Category 2
機械及設備,,高溫空氣爐,True,2,機械設備通常為固定資產，屬於 Category 2
機械及設備,,焙燒爐,True,2,機械設備通常為固定資產，屬於 Category 2
機械及設備,,加熱爐,True,2,機械設備通常為固定資產，屬於 Category 2
機械及設備,,乾燥爐,True,2,機械設備通常為固定資產，屬於 Category 2
機械及設備,,陰極塊加熱器,True,2,機械設備通常為固定資產，屬於 Category 2
機械及設備,,冷卻用帶輸送機,True,2,機械設備通常為固定資產，屬於 Category 2
機械及設備,,壓力釜,True,2,機械設備通常為固定資產，屬於 Category 2
機械及設備,06,蒸發、冷凝設備,True,2,機械設備通常為固定資產，屬於 Category 2
機械及設備,,真空蒸發槽,True,2,機械設備通常為固定資產，屬於 Category 2
機械及設備,,預熱器,True,2,機械設備通常為固定資產，屬於 Category 2
機械及設備,,冷凝器,True,2,機械設備通常為固定資產，屬於 Category 2
機械及設備,,減熱器,True,2,機械設備通常為固定資產，屬於 Category 2
機械及設備,07,電解鋁設備,True,2,機械設備通常為固定資產，屬於 Category 2
機械及設備,,電解爐,True,2,機械設備通常為固定資產，屬於 Category 2
機械及設備,,打爐機,True,2,機械設備通常為固定資產，屬於 Category 2
機械及設備,,爐浴汲出桶,True,2,機械設備通常為固定資產，屬於 Category 2
機械及設備,,鋁液搬運桶,True,2,機械設備通常為固定資產，屬於 Category 2
機械及設備,,空氣壓縮機,True,2,機械設備通常為固定資產，屬於 Category 2
機械及設備,,全自動陽極成型機,True,2,機械設備通常為固定資產，屬於 Category 2
機械及設備,,真空汲出罐,True,2,機械設備通常為固定資產，屬於 Category 2
機械及設備,,檢驗陽極炭塊特殊設備,True,2,機械設備通常為固定資產，屬於 Category 2
機械及設備,,連棒機,True,2,機械設備通常為固定資產，屬於 Category 2
機械及設備,08,熔融鑄錠設備,True,2,機械設備通常為固定資產，屬於 Category 2
機械及設備,,熔鋁油爐,True,2,機械設備通常為固定資產，屬於 Category 2
機械及設備,,熔鋁電爐,True,2,機械設備通常為固定資產，屬於 Category 2
機械及設備,,熔鋁坩堝爐,True,2,機械設備通常為固定資產，屬於 Category 2
機械及設備,,鑄錠機,True,2,機械設備通常為固定資產，屬於 Category 2
機械及設備,,鑄錠模,True,2,機械設備通常為固定資產，屬於 Category 2
機械及設備,,刨皮機,True,2,機械設備通常為固定資產，屬於 Category 2
機械及設備,,打包機,True,2,機械設備通常為固定資產，屬於 Category 2
機械及設備,,焙燒爐油設備,True,2,機械設備通常為固定資產，屬於 Category 2
機械及設備,09,回收處理設備,True,2,機械設備通常為固定資產，屬於 Category 2
機械及設備,,靜電集塵器,True,2,機械設備通常為固定資產，屬於 Category 2
機械及設備,,收塵器,True,2,機械設備通常為固定資產，屬於 Category 2
機械及設備,,袋濾器,True,2,機械設備通常為固定資產，屬於 Category 2
機械及設備,,除塵器,True,2,機械設備通常為固定資產，屬於 Category 2
機械及設備,,氯氣回收裝置,True,2,機械設備通常為固定資產，屬於 Category 2
機械及設備,,廢氣過濾器,True,2,機械設備通常為固定資產，屬於 Category 2
機械及設備,10,熱處理設備,True,2,機械設備通常為固定資產，屬於 Category 2
機械及設備,,軋錠加熱爐,True,2,機械設備通常為固定資產，屬於 Category 2
機械及設備,,軟燒爐,True,2,機械設備通常為固定資產，屬於 Category 2
機械及設備,,時效爐,True,2,機械設備通常為固定資產，屬於 Category 2
機械及設備,,熱處理爐,True,2,機械設備通常為固定資產，屬於 Category 2
機械及設備,,熱浸鍍鋅試驗用坩堝爐,True,2,機械設備通常為固定資產，屬於 Category 2
機械及設備,,鹽浴爐,True,2,機械設備通常為固定資產，屬於 Category 2
機械及設備,,加熱還原爐,True,2,機械設備通常為固定資產，屬於 Category 2
機械及設備,,低溫鹽浴爐,True,2,機械設備通常為固定資產，屬於 Category 2
機械及設備,,中溫鹹浴爐,True,2,機械設備通常為固定資產，屬於 Category 2
機械及設備,11,軋片設備,True,2,機械設備通常為固定資產，屬於 Category 2
機械及設備,,三重熱軋機,True,2,機械設備通常為固定資產，屬於 Category 2
機械及設備,,四重捲軋機,True,2,機械設備通常為固定資產，屬於 Category 2
機械及設備,,二重粗軋機,True,2,機械設備通常為固定資產，屬於 Category 2
機械及設備,,二重平軋機,True,2,機械設備通常為固定資產，屬於 Category 2
機械及設備,,捲片機,True,2,機械設備通常為固定資產，屬於 Category 2
機械及設備,,冷軋機,True,2,機械設備通常為固定資產，屬於 Category 2
機械及設備,12,軋箔設備,True,2,機械設備通常為固定資產，屬於 Category 2
機械及設備,C719,粗箔機,True,2,機械設備通常為固定資產，屬於 Category 2
機械及設備,,精箔機,True,2,機械設備通常為固定資產，屬於 Category 2
機械及設備,,分箔機,True,2,機械設備通常為固定資產，屬於 Category 2
機械及設備,13,擠拉設備,True,2,機械設備通常為固定資產，屬於 Category 2
機械及設備,,擠壓機,True,2,機械設備通常為固定資產，屬於 Category 2
機械及設備,,鋁形拉直機,True,2,機械設備通常為固定資產，屬於 Category 2
機械及設備,,拉管機,True,2,機械設備通常為固定資產，屬於 Category 2
機械及設備,,拉線機,True,2,機械設備通常為固定資產，屬於 Category 2
機械及設備,,拉力機,True,2,機械設備通常為固定資產，屬於 Category 2
機械及設備,14,鋁片加工設備,True,2,機械設備通常為固定資產，屬於 Category 2
機械及設備,,分條機,True,2,機械設備通常為固定資產，屬於 Category 2
機械及設備,,波紋機,True,2,機械設備通常為固定資產，屬於 Category 2
機械及設備,,平整機,True,2,機械設備通常為固定資產，屬於 Category 2
機械及設備,,自動剪刀機,True,2,機械設備通常為固定資產，屬於 Category 2
機械及設備,,鋁片拉平機,True,2,機械設備通常為固定資產，屬於 Category 2
機械及設備,,圓鋸機,True,2,機械設備通常為固定資產，屬於 Category 2
機械及設備,15,鋁箔加工設備,True,2,機械設備通常為固定資產，屬於 Category 2
機械及設備,,背級機,True,2,機械設備通常為固定資產，屬於 Category 2
機械及設備,,鋁箔再捲機,True,2,機械設備通常為固定資產，屬於 Category 2
機械及設備,,鋁箔分條機,True,2,機械設備通常為固定資產，屬於 Category 2
機械及設備,,剪箔機,True,2,機械設備通常為固定資產，屬於 Category 2
機械及設備,,壓花機,True,2,機械設備通常為固定資產，屬於 Category 2
機械及設備,16,表面處理設備,True,2,機械設備通常為固定資產，屬於 Category 2
機械及設備,,陽極處理整流器,True,2,機械設備通常為固定資產，屬於 Category 2
機械及設備,,陽極處理槽,True,2,機械設備通常為固定資產，屬於 Category 2
機械及設備,17,其他鋁煉製暨加工機械及設備,True,2,機械設備通常為固定資產，屬於 Category 2
機械及設備,,不斷電供應系統,True,2,機械設備通常為固定資產，屬於 Category 2
機械及設備,,水供應系統,True,2,機械設備通常為固定資產，屬於 Category 2
機械及設備,,油壓設備,True,2,機械設備通常為固定資產，屬於 Category 2
機械及設備,,潤滑系統,True,2,機械設備通常為固定資產，屬於 Category 2
機械及設備,,秤量機,True,2,機械設備通常為固定資產，屬於 Category 2
機械及設備,,絕緣變壓器,True,2,機械設備通常為固定資產，屬於 Category 2
機械及設備,,屋外變電站,True,2,機械設備通常為固定資產，屬於 Category 2
機械及設備,,油壓接線端子器,True,2,機械設備通常為固定資產，屬於 Category 2
機械及設備,,中央控制系統,True,2,機械設備通常為固定資產，屬於 Category 2
機械及設備,,壓縮機,True,2,機械設備通常為固定資產，屬於 Category 2
機械及設備,,排風機,True,2,機械設備通常為固定資產，屬於 Category 2
機械及設備,,控制盤,True,2,機械設備通常為固定資產，屬於 Category 2
機械及設備,05,肥料製造機械及設備,True,2,機械設備通常為固定資產，屬於 Category 2
機械及設備,01,空氣液化分離機械及設備,True,2,機械設備通常為固定資產，屬於 Category 2
機械及設備,,空氣壓縮機,True,2,機械設備通常為固定資產，屬於 Category 2
機械及設備,,空氣過濾器,True,2,機械設備通常為固定資產，屬於 Category 2
機械及設備,,反應槽,True,2,機械設備通常為固定資產，屬於 Category 2
機械及設備,,澄清池,True,2,機械設備通常為固定資產，屬於 Category 2
機械及設備,,分油器,True,2,機械設備通常為固定資產，屬於 Category 2
機械及設備,,空氣清淨器,True,2,機械設備通常為固定資產，屬於 Category 2
機械及設備,,鹼液儲槽,True,2,機械設備通常為固定資產，屬於 Category 2
機械及設備,,鹼液調配槽,True,2,機械設備通常為固定資產，屬於 Category 2
機械及設備,,乾燥器,True,2,機械設備通常為固定資產，屬於 Category 2
機械及設備,,熱交換器,True,2,機械設備通常為固定資產，屬於 Category 2
機械及設備,,空氣液化器,True,2,機械設備通常為固定資產，屬於 Category 2
機械及設備,,膨脹機,True,2,機械設備通常為固定資產，屬於 Category 2
機械及設備,,空氣分離器,True,2,機械設備通常為固定資產，屬於 Category 2
機械及設備,,氧壓機,True,2,機械設備通常為固定資產，屬於 Category 2
機械及設備,,熱風乾燥機,True,2,機械設備通常為固定資產，屬於 Category 2
機械及設備,,冷卻水池,True,2,機械設備通常為固定資產，屬於 Category 2
機械及設備,,冷卻水塔,True,2,機械設備通常為固定資產，屬於 Category 2
機械及設備,,淨水器,True,2,機械設備通常為固定資產，屬於 Category 2
機械及設備,,氧氣充填台,True,2,機械設備通常為固定資產，屬於 Category 2
機械及設備,,氧瓶耐壓試驗機,True,2,機械設備通常為固定資產，屬於 Category 2
機械及設備,,液氧槽,True,2,機械設備通常為固定資產，屬於 Category 2
機械及設備,,鹼液泵,True,2,機械設備通常為固定資產，屬於 Category 2
機械及設備,,鹼液加熱槽,True,2,機械設備通常為固定資產，屬於 Category 2
機械及設備,,液氣蒸發桶,True,2,機械設備通常為固定資產，屬於 Category 2
機械及設備,,氨氣測定器,True,2,機械設備通常為固定資產，屬於 Category 2
機械及設備,02,碎磨機械及設備,True,2,機械設備通常為固定資產，屬於 Category 2
機械及設備,,壓碎機,True,2,機械設備通常為固定資產，屬於 Category 2
機械及設備,,錘磨機,True,2,機械設備通常為固定資產，屬於 Category 2
機械及設備,,雷蒙碾磨機,True,2,機械設備通常為固定資產，屬於 Category 2
機械及設備,,離心式自動研磨機,True,2,機械設備通常為固定資產，屬於 Category 2
機械及設備,,標準比壓（流）器,True,2,機械設備通常為固定資產，屬於 Category 2
機械及設備,,電壓（流）電源供應器,True,2,機械設備通常為固定資產，屬於 Category 2
機械及設備,03,乾燥機械及設備,True,2,機械設備通常為固定資產，屬於 Category 2
機械及設備,,迴轉乾燥機,True,2,機械設備通常為固定資產，屬於 Category 2
機械及設備,,給煤機,True,2,機械設備通常為固定資產，屬於 Category 2
機械及設備,,乾燥爐,True,2,機械設備通常為固定資產，屬於 Category 2
機械及設備,,供燃料油機,True,2,機械設備通常為固定資產，屬於 Category 2
機械及設備,,工作台,True,2,機械設備通常為固定資產，屬於 Category 2
機械及設備,,磁性分離器,True,2,機械設備通常為固定資產，屬於 Category 2
機械及設備,,變速器,True,2,機械設備通常為固定資產，屬於 Category 2
機械及設備,,秤量機,True,2,機械設備通常為固定資產，屬於 Category 2
機械及設備,04,氮化設備,True,2,機械設備通常為固定資產，屬於 Category 2
機械及設備,,佛氏肥料爐,True,2,機械設備通常為固定資產，屬於 Category 2
機械及設備,,粉電石儲糟,True,2,機械設備通常為固定資產，屬於 Category 2
機械及設備,,磁力心離機,True,2,機械設備通常為固定資產，屬於 Category 2
機械及設備,,精密瓦特表,True,2,機械設備通常為固定資產，屬於 Category 2
機械及設備,,標準負擔,True,2,機械設備通常為固定資產，屬於 Category 2
機械及設備,05,水化冷卻機械及設備,True,2,機械設備通常為固定資產，屬於 Category 2
機械及設備,,肥料儲槽,True,2,機械設備通常為固定資產，屬於 Category 2
機械及設備,,水化機,True,2,機械設備通常為固定資產，屬於 Category 2
機械及設備,,旋轉冷卻機,True,2,機械設備通常為固定資產，屬於 Category 2
機械及設備,,儲油槽,True,2,機械設備通常為固定資產，屬於 Category 2
機械及設備,,懸浮式冷卻機,True,2,機械設備通常為固定資產，屬於 Category 2
機械及設備,,迴旋被覆機,True,2,機械設備通常為固定資產，屬於 Category 2
機械及設備,06,混合、調整機械及設備,True,2,機械設備通常為固定資產，屬於 Category 2
機械及設備,,混合機,True,2,機械設備通常為固定資產，屬於 Category 2
機械及設備,,肥料成份調整槽,True,2,機械設備通常為固定資產，屬於 Category 2
機械及設備,,肥料散裝儲槽,True,2,機械設備通常為固定資產，屬於 Category 2
機械及設備,,硝酸錏液再熱器,True,2,機械設備通常為固定資產，屬於 Category 2
機械及設備,,混合槽,True,2,機械設備通常為固定資產，屬於 Category 2
機械及設備,,攪拌器,True,2,機械設備通常為固定資產，屬於 Category 2
機械及設備,,管線,True,2,機械設備通常為固定資產，屬於 Category 2
機械及設備,07,粒化機械及設備,True,2,機械設備通常為固定資產，屬於 Category 2
機械及設備,,空氣儲槽,True,2,機械設備通常為固定資產，屬於 Category 2
機械及設備,,糖蜜槽,True,2,機械設備通常為固定資產，屬於 Category 2
機械及設備,,完全水化槽,True,2,機械設備通常為固定資產，屬於 Category 2
機械及設備,,攪拌機,True,2,機械設備通常為固定資產，屬於 Category 2
機械及設備,,混合機,True,2,機械設備通常為固定資產，屬於 Category 2
機械及設備,,壓印機,True,2,機械設備通常為固定資產，屬於 Category 2
機械及設備,,粒化機,True,2,機械設備通常為固定資產，屬於 Category 2
機械及設備,,燃燒爐,True,2,機械設備通常為固定資產，屬於 Category 2
機械及設備,,袋式收塵器,True,2,機械設備通常為固定資產，屬於 Category 2
機械及設備,,預粒化機,True,2,機械設備通常為固定資產，屬於 Category 2
機械及設備,,裡粒塔,True,2,機械設備通常為固定資產，屬於 Category 2
機械及設備,,製粒塔,True,2,機械設備通常為固定資產，屬於 Category 2
機械及設備,,溶解槽,True,2,機械設備通常為固定資產，屬於 Category 2
機械及設備,,汽化器,True,2,機械設備通常為固定資產，屬於 Category 2
機械及設備,08,反應機械及設備,True,2,機械設備通常為固定資產，屬於 Category 2
機械及設備,,磷礦粉末貯存槽,True,2,機械設備通常為固定資產，屬於 Category 2
機械及設備,,連續混合機,True,2,機械設備通常為固定資產，屬於 Category 2
機械及設備,,連續反應窖,True,2,機械設備通常為固定資產，屬於 Category 2
機械及設備,,給料機,True,2,機械設備通常為固定資產，屬於 Category 2
機械及設備,,反應器,True,2,機械設備通常為固定資產，屬於 Category 2
機械及設備,,震動機,True,2,機械設備通常為固定資產，屬於 Category 2
機械及設備,09,集塵除霧機械及設備,True,2,機械設備通常為固定資產，屬於 Category 2
機械及設備,,空氣分離機,True,2,機械設備通常為固定資產，屬於 Category 2
機械及設備,,旋風集塵器,True,2,機械設備通常為固定資產，屬於 Category 2
機械及設備,,霧沫去除器,True,2,機械設備通常為固定資產，屬於 Category 2
機械及設備,,多管集塵器,True,2,機械設備通常為固定資產，屬於 Category 2
機械及設備,,再冷器,True,2,機械設備通常為固定資產，屬於 Category 2
機械及設備,10,電爐設備,True,2,機械設備通常為固定資產，屬於 Category 2
機械及設備,,電爐,True,2,機械設備通常為固定資產，屬於 Category 2
機械及設備,,冷卻槽,True,2,機械設備通常為固定資產，屬於 Category 2
機械及設備,11,尿素合成機械及設備,True,2,機械設備通常為固定資產，屬於 Category 2
機械及設備,,尿素合成反應器,True,2,機械設備通常為固定資產，屬於 Category 2
機械及設備,,蒸發器,True,2,機械設備通常為固定資產，屬於 Category 2
機械及設備,,二氧化碳壓縮機,True,2,機械設備通常為固定資產，屬於 Category 2
機械及設備,,胺基甲酸胺分解器,True,2,機械設備通常為固定資產，屬於 Category 2
機械及設備,,尿素輸送機,True,2,機械設備通常為固定資產，屬於 Category 2
機械及設備,,尿素傾料機,True,2,機械設備通常為固定資產，屬於 Category 2
機械及設備,,環雙脲設備,True,2,機械設備通常為固定資產，屬於 Category 2
機械及設備,12,氣體回收機械及設備,True,2,機械設備通常為固定資產，屬於 Category 2
機械及設備,,蒸餾塔,True,2,機械設備通常為固定資產，屬於 Category 2
機械及設備,,吸收塔,True,2,機械設備通常為固定資產，屬於 Category 2
機械及設備,,釋氣塔,True,2,機械設備通常為固定資產，屬於 Category 2
機械及設備,,氨壓縮機,True,2,機械設備通常為固定資產，屬於 Category 2
機械及設備,,氨蒸發器,True,2,機械設備通常為固定資產，屬於 Category 2
機械及設備,13,結晶機械及設備,True,2,機械設備通常為固定資產，屬於 Category 2
機械及設備,,離心機,True,2,機械設備通常為固定資產，屬於 Category 2
機械及設備,,空氣乾燥機,True,2,機械設備通常為固定資產，屬於 Category 2
機械及設備,14,包裝機械及設備,True,2,機械設備通常為固定資產，屬於 Category 2
機械及設備,,包裝槽,True,2,機械設備通常為固定資產，屬於 Category 2
機械及設備,,裝袋機,True,2,機械設備通常為固定資產，屬於 Category 2
機械及設備,,縫袋機,True,2,機械設備通常為固定資產，屬於 Category 2
機械及設備,,裹粉機,True,2,機械設備通常為固定資產，屬於 Category 2
機械及設備,,聚氯乙烯熱封機,True,2,機械設備通常為固定資產，屬於 Category 2
機械及設備,,包裝機,True,2,機械設備通常為固定資產，屬於 Category 2
機械及設備,,打包機,True,2,機械設備通常為固定資產，屬於 Category 2
機械及設備,,攪拌機,True,2,機械設備通常為固定資產，屬於 Category 2
機械及設備,,成型機,True,2,機械設備通常為固定資產，屬於 Category 2
機械及設備,,標籤上糊器,True,2,機械設備通常為固定資產，屬於 Category 2
機械及設備,,漏斗,True,2,機械設備通常為固定資產，屬於 Category 2
機械及設備,,去濕器,True,2,機械設備通常為固定資產，屬於 Category 2
機械及設備,,濃縮器,True,2,機械設備通常為固定資產，屬於 Category 2
機械及設備,15,肥料製造輔助機械及設備,True,2,機械設備通常為固定資產，屬於 Category 2
機械及設備,,鋼架結構,True,2,機械設備通常為固定資產，屬於 Category 2
機械及設備,,機器墊礎,True,2,機械設備通常為固定資產，屬於 Category 2
機械及設備,,施肥機,True,2,機械設備通常為固定資產，屬於 Category 2
機械及設備,,鬆土機,True,2,機械設備通常為固定資產，屬於 Category 2
機械及設備,16,複合肥料製造輔助機械及設備,True,2,機械設備通常為固定資產，屬於 Category 2
機械及設備,,氣閘,True,2,機械設備通常為固定資產，屬於 Category 2
機械及設備,,蒸氣過熱消除器,True,2,機械設備通常為固定資產，屬於 Category 2
機械及設備,,抽水器,True,2,機械設備通常為固定資產，屬於 Category 2
機械及設備,,尿素攪拌器,True,2,機械設備通常為固定資產，屬於 Category 2
機械及設備,,氨化製粒機,True,2,機械設備通常為固定資產，屬於 Category 2
機械及設備,,馬達,True,2,機械設備通常為固定資產，屬於 Category 2
機械及設備,,噴燃器,True,2,機械設備通常為固定資產，屬於 Category 2
機械及設備,,燃燒室,True,2,機械設備通常為固定資產，屬於 Category 2
機械及設備,,尿素溶槽,True,2,機械設備通常為固定資產，屬於 Category 2
機械及設備,,液氨預冷器,True,2,機械設備通常為固定資產，屬於 Category 2
機械及設備,,震動篩,True,2,機械設備通常為固定資產，屬於 Category 2
機械及設備,,旋風分離器,True,2,機械設備通常為固定資產，屬於 Category 2
機械及設備,,洗滌塔,True,2,機械設備通常為固定資產，屬於 Category 2
機械及設備,,煙囪,True,2,機械設備通常為固定資產，屬於 Category 2
機械及設備,,氨化洗滌溢水桶,True,2,機械設備通常為固定資產，屬於 Category 2
機械及設備,,洗滌水受槽,True,2,機械設備通常為固定資產，屬於 Category 2
機械及設備,,凝結水受槽,True,2,機械設備通常為固定資產，屬於 Category 2
機械及設備,,水汽分離器,True,2,機械設備通常為固定資產，屬於 Category 2
機械及設備,,乾燥機,True,2,機械設備通常為固定資產，屬於 Category 2
機械及設備,,冷卻機,True,2,機械設備通常為固定資產，屬於 Category 2
機械及設備,,儲槽,True,2,機械設備通常為固定資產，屬於 Category 2
機械及設備,,卸料旋臂,True,2,機械設備通常為固定資產，屬於 Category 2
機械及設備,,震動器,True,2,機械設備通常為固定資產，屬於 Category 2
機械及設備,,抽風機,True,2,機械設備通常為固定資產，屬於 Category 2
機械及設備,,送風機,True,2,機械設備通常為固定資產，屬於 Category 2
機械及設備,,儀錶設備,True,2,機械設備通常為固定資產，屬於 Category 2
機械及設備,,秤量斗卸料閘,True,2,機械設備通常為固定資產，屬於 Category 2
機械及設備,,控制板,True,2,機械設備通常為固定資產，屬於 Category 2
機械及設備,,裹粉劑加料器,True,2,機械設備通常為固定資產，屬於 Category 2
機械及設備,,空氣壓縮機,True,2,機械設備通常為固定資產，屬於 Category 2
機械及設備,,成品帶輸機,True,2,機械設備通常為固定資產，屬於 Category 2
機械及設備,,成品斗輸機,True,2,機械設備通常為固定資產，屬於 Category 2
機械及設備,,打散機,True,2,機械設備通常為固定資產，屬於 Category 2
機械及設備,,鏈碎機,True,2,機械設備通常為固定資產，屬於 Category 2
機械及設備,,粉碎機,True,2,機械設備通常為固定資產，屬於 Category 2
機械及設備,,原料秤量盤,True,2,機械設備通常為固定資產，屬於 Category 2
機械及設備,,設備基礎,True,2,機械設備通常為固定資產，屬於 Category 2
機械及設備,,鋼架結構,True,2,機械設備通常為固定資產，屬於 Category 2
機械及設備,,管線,True,2,機械設備通常為固定資產，屬於 Category 2
機械及設備,,廢氣處理設備氣道,True,2,機械設備通常為固定資產，屬於 Category 2
機械及設備,,ＤＡＰ粉碎機,True,2,機械設備通常為固定資產，屬於 Category 2
機械及設備,,重油加油器,True,2,機械設備通常為固定資產，屬於 Category 2
機械及設備,,蒸汽渦爐,True,2,機械設備通常為固定資產，屬於 Category 2
機械及設備,,除氧槽,True,2,機械設備通常為固定資產，屬於 Category 2
機械及設備,,蒸汽分配槽,True,2,機械設備通常為固定資產，屬於 Category 2
機械及設備,,安培表,True,2,機械設備通常為固定資產，屬於 Category 2
機械及設備,,震動輸進機,True,2,機械設備通常為固定資產，屬於 Category 2
機械及設備,,熱封機,True,2,機械設備通常為固定資產，屬於 Category 2
機械及設備,,卸氨台,True,2,機械設備通常為固定資產，屬於 Category 2
機械及設備,,勻壓槽,True,2,機械設備通常為固定資產，屬於 Category 2
機械及設備,,氨吸收槽,True,2,機械設備通常為固定資產，屬於 Category 2
機械及設備,,凝液槽,True,2,機械設備通常為固定資產，屬於 Category 2
機械及設備,,迴旋去液槽,True,2,機械設備通常為固定資產，屬於 Category 2
機械及設備,,惰氣加熱套管,True,2,機械設備通常為固定資產，屬於 Category 2
機械及設備,,原料混合機,True,2,機械設備通常為固定資產，屬於 Category 2
機械及設備,17,廢熱鍋爐儲水處理機械及設備,True,2,機械設備通常為固定資產，屬於 Category 2
機械及設備,,泵,True,2,機械設備通常為固定資產，屬於 Category 2
機械及設備,,冷凝器,True,2,機械設備通常為固定資產，屬於 Category 2
機械及設備,,熱交換器,True,2,機械設備通常為固定資產，屬於 Category 2
機械及設備,,冷卻器,True,2,機械設備通常為固定資產，屬於 Category 2
機械及設備,,冷凝水沸昇槽,True,2,機械設備通常為固定資產，屬於 Category 2
機械及設備,,排風機,True,2,機械設備通常為固定資產，屬於 Category 2
機械及設備,,攪拌器,True,2,機械設備通常為固定資產，屬於 Category 2
機械及設備,,預熱器,True,2,機械設備通常為固定資產，屬於 Category 2
機械及設備,,除氣槽,True,2,機械設備通常為固定資產，屬於 Category 2
機械及設備,,濾水槽,True,2,機械設備通常為固定資產，屬於 Category 2
機械及設備,,貯槽,True,2,機械設備通常為固定資產，屬於 Category 2
機械及設備,,洗滌器,True,2,機械設備通常為固定資產，屬於 Category 2
機械及設備,,中和槽,True,2,機械設備通常為固定資產，屬於 Category 2
機械及設備,,廢熱鍋爐,True,2,機械設備通常為固定資產，屬於 Category 2
機械及設備,,給水槽,True,2,機械設備通常為固定資產，屬於 Category 2
機械及設備,,計量槽,True,2,機械設備通常為固定資產，屬於 Category 2
機械及設備,,軟化水槽,True,2,機械設備通常為固定資產，屬於 Category 2
機械及設備,,離子交換器,True,2,機械設備通常為固定資產，屬於 Category 2
機械及設備,,袪氣器,True,2,機械設備通常為固定資產，屬於 Category 2
機械及設備,,脫氣器,True,2,機械設備通常為固定資產，屬於 Category 2
機械及設備,,稀釋器,True,2,機械設備通常為固定資產，屬於 Category 2
機械及設備,,吸氣槽,True,2,機械設備通常為固定資產，屬於 Category 2
機械及設備,,地下槽,True,2,機械設備通常為固定資產，屬於 Category 2
機械及設備,18,三聚氰胺製造機械及設備,True,2,機械設備通常為固定資產，屬於 Category 2
機械及設備,,融鹽加熱器,True,2,機械設備通常為固定資產，屬於 Category 2
機械及設備,,尿素飼料器,True,2,機械設備通常為固定資產，屬於 Category 2
機械及設備,,氨加料器,True,2,機械設備通常為固定資產，屬於 Category 2
機械及設備,,反應器,True,2,機械設備通常為固定資產，屬於 Category 2
機械及設備,,飽和器,True,2,機械設備通常為固定資產，屬於 Category 2
機械及設備,,高壓吸收器,True,2,機械設備通常為固定資產，屬於 Category 2
機械及設備,,脫餾器,True,2,機械設備通常為固定資產，屬於 Category 2
機械及設備,,低壓吸收器,True,2,機械設備通常為固定資產，屬於 Category 2
機械及設備,,過濾器,True,2,機械設備通常為固定資產，屬於 Category 2
機械及設備,,結晶器,True,2,機械設備通常為固定資產，屬於 Category 2
機械及設備,,離心機,True,2,機械設備通常為固定資產，屬於 Category 2
機械及設備,,乾燥輸送機,True,2,機械設備通常為固定資產，屬於 Category 2
機械及設備,,包裝機,True,2,機械設備通常為固定資產，屬於 Category 2
機械及設備,,成品輸送機,True,2,機械設備通常為固定資產，屬於 Category 2
機械及設備,,蒸汽冷凝器,True,2,機械設備通常為固定資產，屬於 Category 2
機械及設備,,解媒裝填器,True,2,機械設備通常為固定資產，屬於 Category 2
機械及設備,,氨氣壓縮機,True,2,機械設備通常為固定資產，屬於 Category 2
機械及設備,,氮氣壓縮機,True,2,機械設備通常為固定資產，屬於 Category 2
機械及設備,,儀錶空氣壓縮機,True,2,機械設備通常為固定資產，屬於 Category 2
機械及設備,,預中和器,True,2,機械設備通常為固定資產，屬於 Category 2
機械及設備,,輔助蒸汽發生器,True,2,機械設備通常為固定資產，屬於 Category 2
機械及設備,,冷卻水器,True,2,機械設備通常為固定資產，屬於 Category 2
機械及設備,,管線及管架,True,2,機械設備通常為固定資產，屬於 Category 2
機械及設備,,儀錶控制系統,True,2,機械設備通常為固定資產，屬於 Category 2
機械及設備,,電源設備,True,2,機械設備通常為固定資產，屬於 Category 2
機械及設備,,變速器,True,2,機械設備通常為固定資產，屬於 Category 2
機械及設備,,磁性連接器,True,2,機械設備通常為固定資產，屬於 Category 2
機械及設備,,乙醇胺再生塔,True,2,機械設備通常為固定資產，屬於 Category 2
機械及設備,,濾水器,True,2,機械設備通常為固定資產，屬於 Category 2
機械及設備,,螺旋輸送機,True,2,機械設備通常為固定資產，屬於 Category 2
機械及設備,,帶輸機,True,2,機械設備通常為固定資產，屬於 Category 2
機械及設備,,磁性分離板,True,2,機械設備通常為固定資產，屬於 Category 2
機械及設備,,加料機,True,2,機械設備通常為固定資產，屬於 Category 2
機械及設備,,斗升機,True,2,機械設備通常為固定資產，屬於 Category 2
機械及設備,,馬達震動器,True,2,機械設備通常為固定資產，屬於 Category 2
機械及設備,,第１５變電站設備,True,2,機械設備通常為固定資產，屬於 Category 2
機械及設備,,管路淨水槽,True,2,機械設備通常為固定資產，屬於 Category 2
機械及設備,,鍋爐,True,2,機械設備通常為固定資產，屬於 Category 2
機械及設備,,儀錶空氣管線,True,2,機械設備通常為固定資產，屬於 Category 2
機械及設備,,馬達控制中心設備,True,2,機械設備通常為固定資產，屬於 Category 2
機械及設備,,斷路器,True,2,機械設備通常為固定資產，屬於 Category 2
機械及設備,,混合機,True,2,機械設備通常為固定資產，屬於 Category 2
機械及設備,,粉碎機,True,2,機械設備通常為固定資產，屬於 Category 2
機械及設備,,乾燥機,True,2,機械設備通常為固定資產，屬於 Category 2
機械及設備,,熱風系統,True,2,機械設備通常為固定資產，屬於 Category 2
機械及設備,,振動篩機,True,2,機械設備通常為固定資產，屬於 Category 2
機械及設備,,皮帶輸送機,True,2,機械設備通常為固定資產，屬於 Category 2
機械及設備,,造粒機,True,2,機械設備通常為固定資產，屬於 Category 2
機械及設備,,磷酸泵,True,2,機械設備通常為固定資產，屬於 Category 2
機械及設備,,壓榨機,True,2,機械設備通常為固定資產，屬於 Category 2
機械及設備,,滌氣器,True,2,機械設備通常為固定資產，屬於 Category 2
機械及設備,,減速馬達,True,2,機械設備通常為固定資產，屬於 Category 2
機械及設備,,成型機,True,2,機械設備通常為固定資產，屬於 Category 2
機械及設備,,氨化槽,True,2,機械設備通常為固定資產，屬於 Category 2
機械及設備,,氨水冷卻器,True,2,機械設備通常為固定資產，屬於 Category 2
機械及設備,,遠心分離機,True,2,機械設備通常為固定資產，屬於 Category 2
機械及設備,,加氯器,True,2,機械設備通常為固定資產，屬於 Category 2
機械及設備,,抽砂機,True,2,機械設備通常為固定資產，屬於 Category 2
機械及設備,,水錶,True,2,機械設備通常為固定資產，屬於 Category 2
機械及設備,,空氣過濾器,True,2,機械設備通常為固定資產，屬於 Category 2
機械及設備,,淨水器,True,2,機械設備通常為固定資產，屬於 Category 2
機械及設備,06,酸（硫、硝、鹽酸）機械及設備,True,2,機械設備通常為固定資產，屬於 Category 2
機械及設備,01,壓碎、乾燥機械及設備,True,2,機械設備通常為固定資產，屬於 Category 2
機械及設備,,壓碎機,True,2,機械設備通常為固定資產，屬於 Category 2
機械及設備,,單層振動篩,True,2,機械設備通常為固定資產，屬於 Category 2
機械及設備,,迴轉乾燥機,True,2,機械設備通常為固定資產，屬於 Category 2
機械及設備,,乾燥機熱風爐,True,2,機械設備通常為固定資產，屬於 Category 2
機械及設備,,噴射器,True,2,機械設備通常為固定資產，屬於 Category 2
機械及設備,,儲槽,True,2,機械設備通常為固定資產，屬於 Category 2
機械及設備,,焚硫池,True,2,機械設備通常為固定資產，屬於 Category 2
機械及設備,,過濾器,True,2,機械設備通常為固定資產，屬於 Category 2
機械及設備,,燃油器,True,2,機械設備通常為固定資產，屬於 Category 2
機械及設備,02,焚礦設備,True,2,機械設備通常為固定資產，屬於 Category 2
機械及設備,,焚礦爐,True,2,機械設備通常為固定資產，屬於 Category 2
機械及設備,,淋洗塔,True,2,機械設備通常為固定資產，屬於 Category 2
機械及設備,,儲槽,True,2,機械設備通常為固定資產，屬於 Category 2
機械及設備,,調節槽,True,2,機械設備通常為固定資產，屬於 Category 2
機械及設備,,蒸汽管線,True,2,機械設備通常為固定資產，屬於 Category 2
機械及設備,,氣道,True,2,機械設備通常為固定資產，屬於 Category 2
機械及設備,03,集塵及除霧設備,True,2,機械設備通常為固定資產，屬於 Category 2
機械及設備,,除塵室,True,2,機械設備通常為固定資產，屬於 Category 2
機械及設備,,電氣除塵室,True,2,機械設備通常為固定資產，屬於 Category 2
機械及設備,,滌洗室,True,2,機械設備通常為固定資產，屬於 Category 2
機械及設備,,儲槽,True,2,機械設備通常為固定資產，屬於 Category 2
機械及設備,,水槽,True,2,機械設備通常為固定資產，屬於 Category 2
機械及設備,,離子交換器,True,2,機械設備通常為固定資產，屬於 Category 2
機械及設備,,祛氣器,True,2,機械設備通常為固定資產，屬於 Category 2
機械及設備,,除氣器,True,2,機械設備通常為固定資產，屬於 Category 2
機械及設備,,鼓風機,True,2,機械設備通常為固定資產，屬於 Category 2
機械及設備,,泵浦,True,2,機械設備通常為固定資產，屬於 Category 2
機械及設備,,汽鼓,True,2,機械設備通常為固定資產，屬於 Category 2
機械及設備,,蒸汽透平,True,2,機械設備通常為固定資產，屬於 Category 2
機械及設備,,藥品加料箱,True,2,機械設備通常為固定資產，屬於 Category 2
機械及設備,,蒸發器,True,2,機械設備通常為固定資產，屬於 Category 2
機械及設備,,冷凝器,True,2,機械設備通常為固定資產，屬於 Category 2
機械及設備,04,反應設備,True,2,機械設備通常為固定資產，屬於 Category 2
機械及設備,,氣體混合室,True,2,機械設備通常為固定資產，屬於 Category 2
機械及設備,,硫酸塔,True,2,機械設備通常為固定資產，屬於 Category 2
機械及設備,,酸槽,True,2,機械設備通常為固定資產，屬於 Category 2
機械及設備,,脫硝塔,True,2,機械設備通常為固定資產，屬於 Category 2
機械及設備,,捕硝塔,True,2,機械設備通常為固定資產，屬於 Category 2
機械及設備,,皮帶運輸機,True,2,機械設備通常為固定資產，屬於 Category 2
機械及設備,,乾燥機,True,2,機械設備通常為固定資產，屬於 Category 2
機械及設備,,斗升機,True,2,機械設備通常為固定資產，屬於 Category 2
機械及設備,,排氣機,True,2,機械設備通常為固定資產，屬於 Category 2
機械及設備,,加料斗,True,2,機械設備通常為固定資產，屬於 Category 2
機械及設備,05,循環及冷卻設備,True,2,機械設備通常為固定資產，屬於 Category 2
機械及設備,,硫酸冷卻槽,True,2,機械設備通常為固定資產，屬於 Category 2
機械及設備,,循環酸槽,True,2,機械設備通常為固定資產，屬於 Category 2
機械及設備,,塔頂分酸器,True,2,機械設備通常為固定資產，屬於 Category 2
機械及設備,,貯酸槽,True,2,機械設備通常為固定資產，屬於 Category 2
機械及設備,,燃燒爐,True,2,機械設備通常為固定資產，屬於 Category 2
機械及設備,06,壓縮機械及設備,True,2,機械設備通常為固定資產，屬於 Category 2
機械及設備,,空氣吸入過瀘器,True,2,機械設備通常為固定資產，屬於 Category 2
機械及設備,,空氣中間冷卻器,True,2,機械設備通常為固定資產，屬於 Category 2
機械及設備,,空氣壓縮機,True,2,機械設備通常為固定資產，屬於 Category 2
機械及設備,,透平機,True,2,機械設備通常為固定資產，屬於 Category 2
機械及設備,,壓縮空氣過濾器,True,2,機械設備通常為固定資產，屬於 Category 2
機械及設備,,冷凝滌氣器,True,2,機械設備通常為固定資產，屬於 Category 2
機械及設備,,透平油冷卻器,True,2,機械設備通常為固定資產，屬於 Category 2
機械及設備,07,燃燒設備,True,2,機械設備通常為固定資產，屬於 Category 2
機械及設備,,氨蒸發器,True,2,機械設備通常為固定資產，屬於 Category 2
機械及設備,,氨氣過熱器,True,2,機械設備通常為固定資產，屬於 Category 2
機械及設備,,氨氣過濾器,True,2,機械設備通常為固定資產，屬於 Category 2
機械及設備,,液氨秤量器,True,2,機械設備通常為固定資產，屬於 Category 2
機械及設備,,液氨袪除器,True,2,機械設備通常為固定資產，屬於 Category 2
機械及設備,,驟冷器,True,2,機械設備通常為固定資產，屬於 Category 2
機械及設備,,貯槽,True,2,機械設備通常為固定資產，屬於 Category 2
機械及設備,,燃燒機,True,2,機械設備通常為固定資產，屬於 Category 2
機械及設備,,淨化池,True,2,機械設備通常為固定資產，屬於 Category 2
機械及設備,,焚硫池,True,2,機械設備通常為固定資產，屬於 Category 2
機械及設備,,燃燒爐,True,2,機械設備通常為固定資產，屬於 Category 2
機械及設備,08,氨氧化及轉化設備,True,2,機械設備通常為固定資產，屬於 Category 2
機械及設備,,氧化塔,True,2,機械設備通常為固定資產，屬於 Category 2
機械及設備,,混合器,True,2,機械設備通常為固定資產，屬於 Category 2
機械及設備,,氨燃燒器,True,2,機械設備通常為固定資產，屬於 Category 2
機械及設備,,透平氣加熱器,True,2,機械設備通常為固定資產，屬於 Category 2
機械及設備,,白金回收過濾器,True,2,機械設備通常為固定資產，屬於 Category 2
機械及設備,,尾氣加熱器,True,2,機械設備通常為固定資產，屬於 Category 2
機械及設備,,酸氣冷凝器,True,2,機械設備通常為固定資產，屬於 Category 2
機械及設備,,預熱轉化器,True,2,機械設備通常為固定資產，屬於 Category 2
機械及設備,,冷卻水塔,True,2,機械設備通常為固定資產，屬於 Category 2
機械及設備,09,吸收設備,True,2,機械設備通常為固定資產，屬於 Category 2
機械及設備,,吸收塔,True,2,機械設備通常為固定資產，屬於 Category 2
機械及設備,,硝酸槽,True,2,機械設備通常為固定資產，屬於 Category 2
機械及設備,,水噴射器,True,2,機械設備通常為固定資產，屬於 Category 2
機械及設備,,廢氣回收器,True,2,機械設備通常為固定資產，屬於 Category 2
機械及設備,,過濾器,True,2,機械設備通常為固定資產，屬於 Category 2
機械及設備,10,精製硫酸設備,True,2,機械設備通常為固定資產，屬於 Category 2
機械及設備,,過濾器,True,2,機械設備通常為固定資產，屬於 Category 2
機械及設備,,吸收塔,True,2,機械設備通常為固定資產，屬於 Category 2
機械及設備,,熱交換器,True,2,機械設備通常為固定資產，屬於 Category 2
機械及設備,,反應槽,True,2,機械設備通常為固定資產，屬於 Category 2
機械及設備,,儲槽,True,2,機械設備通常為固定資產，屬於 Category 2
機械及設備,,攪拌器,True,2,機械設備通常為固定資產，屬於 Category 2
機械及設備,,泵,True,2,機械設備通常為固定資產，屬於 Category 2
機械及設備,,除氣塔,True,2,機械設備通常為固定資產，屬於 Category 2
機械及設備,,充填機,True,2,機械設備通常為固定資產，屬於 Category 2
機械及設備,,包裝設備,True,2,機械設備通常為固定資產，屬於 Category 2
機械及設備,11,其他機械及設備,True,2,機械設備通常為固定資產，屬於 Category 2
機械及設備,,混合機,True,2,機械設備通常為固定資產，屬於 Category 2
機械及設備,,煙囪,True,2,機械設備通常為固定資產，屬於 Category 2
機械及設備,,冷卻風車,True,2,機械設備通常為固定資產，屬於 Category 2
機械及設備,,冷卻器,True,2,機械設備通常為固定資產，屬於 Category 2
機械及設備,,泵,True,2,機械設備通常為固定資產，屬於 Category 2
機械及設備,,乾燥塔,True,2,機械設備通常為固定資產，屬於 Category 2
機械及設備,,加料機,True,2,機械設備通常為固定資產，屬於 Category 2
機械及設備,,儲槽,True,2,機械設備通常為固定資產，屬於 Category 2
機械及設備,,加料斗,True,2,機械設備通常為固定資產，屬於 Category 2
機械及設備,,螺運機,True,2,機械設備通常為固定資產，屬於 Category 2
機械及設備,,攪拌器,True,2,機械設備通常為固定資產，屬於 Category 2
機械及設備,,水化槽,True,2,機械設備通常為固定資產，屬於 Category 2
機械及設備,,分解槽,True,2,機械設備通常為固定資產，屬於 Category 2
機械及設備,,流量控制箱,True,2,機械設備通常為固定資產，屬於 Category 2
機械及設備,,液封槽,True,2,機械設備通常為固定資產，屬於 Category 2
機械及設備,,盤式過濾機,True,2,機械設備通常為固定資產，屬於 Category 2
機械及設備,,真空受槽,True,2,機械設備通常為固定資產，屬於 Category 2
機械及設備,,酸對槽,True,2,機械設備通常為固定資產，屬於 Category 2
機械及設備,,酸霧分離器,True,2,機械設備通常為固定資產，屬於 Category 2
機械及設備,,熟水槽,True,2,機械設備通常為固定資產，屬於 Category 2
機械及設備,,稀磷酸槽,True,2,機械設備通常為固定資產，屬於 Category 2
機械及設備,,加熱器,True,2,機械設備通常為固定資產，屬於 Category 2
機械及設備,,蒸發器,True,2,機械設備通常為固定資產，屬於 Category 2
機械及設備,,濾液槽,True,2,機械設備通常為固定資產，屬於 Category 2
機械及設備,,水洗槽,True,2,機械設備通常為固定資產，屬於 Category 2
機械及設備,,重油槽,True,2,機械設備通常為固定資產，屬於 Category 2
機械及設備,,風扇,True,2,機械設備通常為固定資產，屬於 Category 2
機械及設備,,鼓風機,True,2,機械設備通常為固定資產，屬於 Category 2
機械及設備,,乾燥機,True,2,機械設備通常為固定資產，屬於 Category 2
機械及設備,,旋風分離器,True,2,機械設備通常為固定資產，屬於 Category 2
機械及設備,,液漿受槽,True,2,機械設備通常為固定資產，屬於 Category 2
機械及設備,,儀錶設備,True,2,機械設備通常為固定資產，屬於 Category 2
機械及設備,,熱交換器,True,2,機械設備通常為固定資產，屬於 Category 2
機械及設備,,反應槽,True,2,機械設備通常為固定資產，屬於 Category 2
機械及設備,,洗瓶機,True,2,機械設備通常為固定資產，屬於 Category 2
機械及設備,,充填機,True,2,機械設備通常為固定資產，屬於 Category 2
機械及設備,,包裝設備,True,2,機械設備通常為固定資產，屬於 Category 2
機械及設備,07,鹼氯製造機械及設備,True,2,機械設備通常為固定資產，屬於 Category 2
機械及設備,01,鹽水處理設備,True,2,機械設備通常為固定資產，屬於 Category 2
機械及設備,,鹽水處理及沉清槽,True,2,機械設備通常為固定資產，屬於 Category 2
機械及設備,,飽和鹽水槽,True,2,機械設備通常為固定資產，屬於 Category 2
機械及設備,,淡鹽水脫氯槽,True,2,機械設備通常為固定資產，屬於 Category 2
機械及設備,,鹽泥洗濯槽,True,2,機械設備通常為固定資產，屬於 Category 2
機械及設備,,淡鹽水接收槽,True,2,機械設備通常為固定資產，屬於 Category 2
機械及設備,02,電解機械及設備,True,2,機械設備通常為固定資產，屬於 Category 2
機械及設備,,隔膜電解槽,True,2,機械設備通常為固定資產，屬於 Category 2
機械及設備,,水銀電解槽,True,2,機械設備通常為固定資產，屬於 Category 2
機械及設備,03,蒸發機械及設備,True,2,機械設備通常為固定資產，屬於 Category 2
機械及設備,,雙效蒸發器,True,2,機械設備通常為固定資產，屬於 Category 2
機械及設備,,捕氣器,True,2,機械設備通常為固定資產，屬於 Category 2
機械及設備,04,熬製機械及設備,True,2,機械設備通常為固定資產，屬於 Category 2
機械及設備,,熬鹼爐,True,2,機械設備通常為固定資產，屬於 Category 2
機械及設備,05,冷卻機械及設備,True,2,機械設備通常為固定資產，屬於 Category 2
機械及設備,,水冷卻塔,True,2,機械設備通常為固定資產，屬於 Category 2
機械及設備,,硫酸冷卻器,True,2,機械設備通常為固定資產，屬於 Category 2
機械及設備,,管鈸式冷卻器,True,2,機械設備通常為固定資產，屬於 Category 2
機械及設備,06,乾燥機械及設備,True,2,機械設備通常為固定資產，屬於 Category 2
機械及設備,,氯乾燥塔,True,2,機械設備通常為固定資產，屬於 Category 2
機械及設備,,噴霧乾燥器,True,2,機械設備通常為固定資產，屬於 Category 2
機械及設備,,空氣乾燥器,True,2,機械設備通常為固定資產，屬於 Category 2
機械及設備,07,壓縮機械及設備,True,2,機械設備通常為固定資產，屬於 Category 2
機械及設備,,氟氦壓縮機,True,2,機械設備通常為固定資產，屬於 Category 2
機械及設備,,氨壓縮機,True,2,機械設備通常為固定資產，屬於 Category 2
機械及設備,,空氣壓縮機,True,2,機械設備通常為固定資產，屬於 Category 2
機械及設備,08,冷凝機械及設備,True,2,機械設備通常為固定資產，屬於 Category 2
機械及設備,,蒸氣冷凝器,True,2,機械設備通常為固定資產，屬於 Category 2
機械及設備,09,石灰水化機械及設備,True,2,機械設備通常為固定資產，屬於 Category 2
機械及設備,,石灰水化機,True,2,機械設備通常為固定資產，屬於 Category 2
機械及設備,,石灰加料盤,True,2,機械設備通常為固定資產，屬於 Category 2
機械及設備,10,氯化機械及設備,True,2,機械設備通常為固定資產，屬於 Category 2
機械及設備,,氯化器,True,2,機械設備通常為固定資產，屬於 Category 2
機械及設備,11,過濾機械及設備,True,2,機械設備通常為固定資產，屬於 Category 2
機械及設備,,砂濾器,True,2,機械設備通常為固定資產，屬於 Category 2
機械及設備,,離心機,True,2,機械設備通常為固定資產，屬於 Category 2
機械及設備,,過濾機,True,2,機械設備通常為固定資產，屬於 Category 2
機械及設備,,壓濾機,True,2,機械設備通常為固定資產，屬於 Category 2
機械及設備,12,蒸餾設備,True,2,機械設備通常為固定資產，屬於 Category 2
機械及設備,,蒸餾塔,True,2,機械設備通常為固定資產，屬於 Category 2
機械及設備,13,反應設備,True,2,機械設備通常為固定資產，屬於 Category 2
機械及設備,,高壓蒸汽鍋,True,2,機械設備通常為固定資產，屬於 Category 2
機械及設備,14,熱傳送機械及設備,True,2,機械設備通常為固定資產，屬於 Category 2
機械及設備,,空氣加熱爐,True,2,機械設備通常為固定資產，屬於 Category 2
機械及設備,,熱交換器,True,2,機械設備通常為固定資產，屬於 Category 2
機械及設備,15,壓碎機械及設備,True,2,機械設備通常為固定資產，屬於 Category 2
機械及設備,,壓片機,True,2,機械設備通常為固定資產，屬於 Category 2
機械及設備,,壓碎機,True,2,機械設備通常為固定資產，屬於 Category 2
機械及設備,16,吸收設備,True,2,機械設備通常為固定資產，屬於 Category 2
機械及設備,,吸收塔,True,2,機械設備通常為固定資產，屬於 Category 2
機械及設備,17,離析設備,True,2,機械設備通常為固定資產，屬於 Category 2
機械及設備,,沉清槽,True,2,機械設備通常為固定資產，屬於 Category 2
機械及設備,,震動篩,True,2,機械設備通常為固定資產，屬於 Category 2
機械及設備,18,儲存及計量設備,True,2,機械設備通常為固定資產，屬於 Category 2
機械及設備,,純鹼液儲糟,True,2,機械設備通常為固定資產，屬於 Category 2
機械及設備,,鹽水貯糟,True,2,機械設備通常為固定資產，屬於 Category 2
機械及設備,,鹽酸貯槽,True,2,機械設備通常為固定資產，屬於 Category 2
機械及設備,,氣體貯槽,True,2,機械設備通常為固定資產，屬於 Category 2
機械及設備,,液鹼貯槽,True,2,機械設備通常為固定資產，屬於 Category 2
機械及設備,,液鹼計量槽,True,2,機械設備通常為固定資產，屬於 Category 2
機械及設備,,電解液計量槽,True,2,機械設備通常為固定資產，屬於 Category 2
機械及設備,,硫酸槽,True,2,機械設備通常為固定資產，屬於 Category 2
機械及設備,,液氯鋼瓶,True,2,機械設備通常為固定資產，屬於 Category 2
機械及設備,,液氯鋼筒,True,2,機械設備通常為固定資產，屬於 Category 2
機械及設備,,石灰儲槽,True,2,機械設備通常為固定資產，屬於 Category 2
機械及設備,,貯水槽,True,2,機械設備通常為固定資產，屬於 Category 2
機械及設備,,燃料油貯槽,True,2,機械設備通常為固定資產，屬於 Category 2
機械及設備,,酸化槽,True,2,機械設備通常為固定資產，屬於 Category 2
機械及設備,,透浦送風機,True,2,機械設備通常為固定資產，屬於 Category 2
機械及設備,,抽氣機,True,2,機械設備通常為固定資產，屬於 Category 2
機械及設備,,沉漬槽攪拌機,True,2,機械設備通常為固定資產，屬於 Category 2
機械及設備,08,鹽製造機械及設備,True,2,機械設備通常為固定資產，屬於 Category 2
機械及設備,01,晒製機械及設備,True,2,機械設備通常為固定資產，屬於 Category 2
機械及設備,,送水路,True,2,機械設備通常為固定資產，屬於 Category 2
機械及設備,,涵橋,True,2,機械設備通常為固定資產，屬於 Category 2
機械及設備,,開口涵,True,2,機械設備通常為固定資產，屬於 Category 2
機械及設備,,捲揚器（閘門）,True,2,機械設備通常為固定資產，屬於 Category 2
機械及設備,,土盤結晶池,True,2,機械設備通常為固定資產，屬於 Category 2
機械及設備,,瓦盤鹽灘結晶池,True,2,機械設備通常為固定資產，屬於 Category 2
機械及設備,,蒸發池,True,2,機械設備通常為固定資產，屬於 Category 2
機械及設備,,苦滷池,True,2,機械設備通常為固定資產，屬於 Category 2
機械及設備,,貯滷池,True,2,機械設備通常為固定資產，屬於 Category 2
機械及設備,,貯水池,True,2,機械設備通常為固定資產，屬於 Category 2
機械及設備,,曬滷池,True,2,機械設備通常為固定資產，屬於 Category 2
機械及設備,,紅泥塑膠布,True,2,機械設備通常為固定資產，屬於 Category 2
機械及設備,02,洗滌機械及設備,True,2,機械設備通常為固定資產，屬於 Category 2
機械及設備,,調節槽,True,2,機械設備通常為固定資產，屬於 Category 2
機械及設備,,水池,True,2,機械設備通常為固定資產，屬於 Category 2
機械及設備,,洗滌機,True,2,機械設備通常為固定資產，屬於 Category 2
機械及設備,,多氏沈積槽,True,2,機械設備通常為固定資產，屬於 Category 2
機械及設備,,分離機,True,2,機械設備通常為固定資產，屬於 Category 2
機械及設備,03,熬煮機械及設備,True,2,機械設備通常為固定資產，屬於 Category 2
機械及設備,,鍋爐,True,2,機械設備通常為固定資產，屬於 Category 2
機械及設備,,煙囪,True,2,機械設備通常為固定資產，屬於 Category 2
機械及設備,,鐵鍋,True,2,機械設備通常為固定資產，屬於 Category 2
機械及設備,,汽油鍋,True,2,機械設備通常為固定資產，屬於 Category 2
機械及設備,04,冷凍機械及設備,True,2,機械設備通常為固定資產，屬於 Category 2
機械及設備,,冷卻水裝置,True,2,機械設備通常為固定資產，屬於 Category 2
機械及設備,,冷卻水塔,True,2,機械設備通常為固定資產，屬於 Category 2
機械及設備,,冷凍機,True,2,機械設備通常為固定資產，屬於 Category 2
機械及設備,,冷凍槽,True,2,機械設備通常為固定資產，屬於 Category 2
機械及設備,,吊車,True,2,機械設備通常為固定資產，屬於 Category 2
機械及設備,,預冷機械設備,True,2,機械設備通常為固定資產，屬於 Category 2
機械及設備,,冷凍庫,True,2,機械設備通常為固定資產，屬於 Category 2
機械及設備,05,結晶設備,True,2,機械設備通常為固定資產，屬於 Category 2
機械及設備,,結晶槽,True,2,機械設備通常為固定資產，屬於 Category 2
機械及設備,,鹽滷加熱器,True,2,機械設備通常為固定資產，屬於 Category 2
機械及設備,,抽氣設備,True,2,機械設備通常為固定資產，屬於 Category 2
機械及設備,,氣壓冷凝器,True,2,機械設備通常為固定資產，屬於 Category 2
機械及設備,,液封池,True,2,機械設備通常為固定資產，屬於 Category 2
機械及設備,,滷水池,True,2,機械設備通常為固定資產，屬於 Category 2
機械及設備,,氯化鉀池,True,2,機械設備通常為固定資產，屬於 Category 2
機械及設備,,帶稱機,True,2,機械設備通常為固定資產，屬於 Category 2
機械及設備,,鹽滷除氣塔,True,2,機械設備通常為固定資產，屬於 Category 2
機械及設備,,研磨機,True,2,機械設備通常為固定資產，屬於 Category 2
機械及設備,06,過濾機械及設備,True,2,機械設備通常為固定資產，屬於 Category 2
機械及設備,,過濾器,True,2,機械設備通常為固定資產，屬於 Category 2
機械及設備,,過濾槽,True,2,機械設備通常為固定資產，屬於 Category 2
機械及設備,,活底槽,True,2,機械設備通常為固定資產，屬於 Category 2
機械及設備,07,乾燥設備,True,2,機械設備通常為固定資產，屬於 Category 2
機械及設備,,鍋爐,True,2,機械設備通常為固定資產，屬於 Category 2
機械及設備,,流動床乾燥器,True,2,機械設備通常為固定資產，屬於 Category 2
機械及設備,,流動床冷卻器,True,2,機械設備通常為固定資產，屬於 Category 2
機械及設備,,碘酸鉀溶解槽,True,2,機械設備通常為固定資產，屬於 Category 2
機械及設備,,空氣加熱器,True,2,機械設備通常為固定資產，屬於 Category 2
機械及設備,08,分離設備,True,2,機械設備通常為固定資產，屬於 Category 2
機械及設備,,分離機,True,2,機械設備通常為固定資產，屬於 Category 2
機械及設備,,旋風分離器,True,2,機械設備通常為固定資產，屬於 Category 2
機械及設備,09,壓碎機械及設備,True,2,機械設備通常為固定資產，屬於 Category 2
機械及設備,,粉碎機,True,2,機械設備通常為固定資產，屬於 Category 2
機械及設備,,壓碎機,True,2,機械設備通常為固定資產，屬於 Category 2
機械及設備,,篩,True,2,機械設備通常為固定資產，屬於 Category 2
機械及設備,10,反應機械及設備,True,2,機械設備通常為固定資產，屬於 Category 2
機械及設備,,石灰乳池,True,2,機械設備通常為固定資產，屬於 Category 2
機械及設備,,反應槽,True,2,機械設備通常為固定資產，屬於 Category 2
機械及設備,,沉澱池,True,2,機械設備通常為固定資產，屬於 Category 2
機械及設備,,攪拌器,True,2,機械設備通常為固定資產，屬於 Category 2
機械及設備,,空氣壓縮機,True,2,機械設備通常為固定資產，屬於 Category 2
機械及設備,,除濕機,True,2,機械設備通常為固定資產，屬於 Category 2
機械及設備,,貯槽,True,2,機械設備通常為固定資產，屬於 Category 2
機械及設備,11,燒窯設備,True,2,機械設備通常為固定資產，屬於 Category 2
機械及設備,,窯,True,2,機械設備通常為固定資產，屬於 Category 2
機械及設備,12,儲存及計量設備,True,2,機械設備通常為固定資產，屬於 Category 2
機械及設備,,儲存槽,True,2,機械設備通常為固定資產，屬於 Category 2
機械及設備,,驗收槽,True,2,機械設備通常為固定資產，屬於 Category 2
機械及設備,13,成品處理機械及設備,True,2,機械設備通常為固定資產，屬於 Category 2
機械及設備,,縫袋機,True,2,機械設備通常為固定資產，屬於 Category 2
機械及設備,,包裝機,True,2,機械設備通常為固定資產，屬於 Category 2
機械及設備,,熱封機,True,2,機械設備通常為固定資產，屬於 Category 2
機械及設備,,成品貯槽,True,2,機械設備通常為固定資產，屬於 Category 2
機械及設備,,日期標示機,True,2,機械設備通常為固定資產，屬於 Category 2
機械及設備,,皮帶磅秤,True,2,機械設備通常為固定資產，屬於 Category 2
機械及設備,,鼓風機,True,2,機械設備通常為固定資產，屬於 Category 2
機械及設備,,飼料斗,True,2,機械設備通常為固定資產，屬於 Category 2
機械及設備,,振動輸送機,True,2,機械設備通常為固定資產，屬於 Category 2
機械及設備,,電子秤,True,2,機械設備通常為固定資產，屬於 Category 2
機械及設備,14,電析機械及設備,True,2,機械設備通常為固定資產，屬於 Category 2
機械及設備,,電析槽,True,2,機械設備通常為固定資產，屬於 Category 2
機械及設備,,油壓機,True,2,機械設備通常為固定資產，屬於 Category 2
機械及設備,,試壓機,True,2,機械設備通常為固定資產，屬於 Category 2
機械及設備,,熱交換機,True,2,機械設備通常為固定資產，屬於 Category 2
機械及設備,,海水池,True,2,機械設備通常為固定資產，屬於 Category 2
機械及設備,,電析液池,True,2,機械設備通常為固定資產，屬於 Category 2
機械及設備,15,溴及溴化鈉製造機械及設備,True,2,機械設備通常為固定資產，屬於 Category 2
機械及設備,,氯氣緩衝槽,True,2,機械設備通常為固定資產，屬於 Category 2
機械及設備,,液溴貯槽,True,2,機械設備通常為固定資產，屬於 Category 2
機械及設備,,精餾塔重沸器,True,2,機械設備通常為固定資產，屬於 Category 2
機械及設備,,溴化銨冷卻器,True,2,機械設備通常為固定資產，屬於 Category 2
機械及設備,,反應塔,True,2,機械設備通常為固定資產，屬於 Category 2
機械及設備,,滌氣塔,True,2,機械設備通常為固定資產，屬於 Category 2
機械及設備,,分餾冷凝器,True,2,機械設備通常為固定資產，屬於 Category 2
機械及設備,,液氯蒸發器,True,2,機械設備通常為固定資產，屬於 Category 2
機械及設備,,熱交換器,True,2,機械設備通常為固定資產，屬於 Category 2
機械及設備,,反應槽連攪拌器,True,2,機械設備通常為固定資產，屬於 Category 2
機械及設備,,氯溴洩漏處理設備,True,2,機械設備通常為固定資產，屬於 Category 2
機械及設備,,液鹼頂槽,True,2,機械設備通常為固定資產，屬於 Category 2
機械及設備,,噴射器,True,2,機械設備通常為固定資產，屬於 Category 2
機械及設備,,吸收塔,True,2,機械設備通常為固定資產，屬於 Category 2
機械及設備,,冷凝器,True,2,機械設備通常為固定資產，屬於 Category 2
機械及設備,,熱水槽,True,2,機械設備通常為固定資產，屬於 Category 2
機械及設備,,澄清過濾器,True,2,機械設備通常為固定資產，屬於 Category 2
機械及設備,09,石油煉製及石油化學機械及設備,True,2,機械設備通常為固定資產，屬於 Category 2
機械及設備,01,蒸餾設備,True,2,機械設備通常為固定資產，屬於 Category 2
機械及設備,,原油加熱爐,True,2,機械設備通常為固定資產，屬於 Category 2
機械及設備,,直餾汽油冷凝器,True,2,機械設備通常為固定資產，屬於 Category 2
機械及設備,,直餾汽油冷卻器,True,2,機械設備通常為固定資產，屬於 Category 2
機械及設備,,原油蒸餾塔,True,2,機械設備通常為固定資產，屬於 Category 2
機械及設備,,輕汽油水分離器,True,2,機械設備通常為固定資產，屬於 Category 2
機械及設備,,濾油器,True,2,機械設備通常為固定資產，屬於 Category 2
機械及設備,,排油器,True,2,機械設備通常為固定資產，屬於 Category 2
機械及設備,,流下水槽,True,2,機械設備通常為固定資產，屬於 Category 2
機械及設備,,離子交換器,True,2,機械設備通常為固定資產，屬於 Category 2
機械及設備,,壓濾器,True,2,機械設備通常為固定資產，屬於 Category 2
機械及設備,02,媒組進料提煉設備,True,2,機械設備通常為固定資產，屬於 Category 2
機械及設備,,直餾汽油穩定塔,True,2,機械設備通常為固定資產，屬於 Category 2
機械及設備,,換熱器,True,2,機械設備通常為固定資產，屬於 Category 2
機械及設備,,冷卻器,True,2,機械設備通常為固定資產，屬於 Category 2
機械及設備,,容受槽,True,2,機械設備通常為固定資產，屬於 Category 2
機械及設備,,直餾汽油穩定塔再沸器,True,2,機械設備通常為固定資產，屬於 Category 2
機械及設備,,重蒸塔進料加熱爐,True,2,機械設備通常為固定資產，屬於 Category 2
機械及設備,,穩定汽油重蒸塔,True,2,機械設備通常為固定資產，屬於 Category 2
機械及設備,,冷凝器,True,2,機械設備通常為固定資產，屬於 Category 2
機械及設備,,旋轉式壓縮機,True,2,機械設備通常為固定資產，屬於 Category 2
機械及設備,,油壓致動筒,True,2,機械設備通常為固定資產，屬於 Category 2
機械及設備,,噴射式泵,True,2,機械設備通常為固定資產，屬於 Category 2
機械及設備,,橫式往復式壓縮機,True,2,機械設備通常為固定資產，屬於 Category 2
機械及設備,,立式單級往復式壓縮機,True,2,機械設備通常為固定資產，屬於 Category 2
機械及設備,,立式多級往復式壓縮機,True,2,機械設備通常為固定資產，屬於 Category 2
機械及設備,,引擎帶動壓縮機,True,2,機械設備通常為固定資產，屬於 Category 2
機械及設備,,離心式壓縮機,True,2,機械設備通常為固定資產，屬於 Category 2
機械及設備,,燃料油槽,True,2,機械設備通常為固定資產，屬於 Category 2
機械及設備,,離心式深井泵,True,2,機械設備通常為固定資產，屬於 Category 2
機械及設備,,真空泵,True,2,機械設備通常為固定資產，屬於 Category 2
機械及設備,,柱塞泵,True,2,機械設備通常為固定資產，屬於 Category 2
機械及設備,03,媒組設備,True,2,機械設備通常為固定資產，屬於 Category 2
機械及設備,,預熱爐,True,2,機械設備通常為固定資產，屬於 Category 2
機械及設備,,再沸器,True,2,機械設備通常為固定資產，屬於 Category 2
機械及設備,,塔頂冷凝器,True,2,機械設備通常為固定資產，屬於 Category 2
機械及設備,,去丁烷塔進料換熱器,True,2,機械設備通常為固定資產，屬於 Category 2
機械及設備,,硫化氫吸收塔,True,2,機械設備通常為固定資產，屬於 Category 2
機械及設備,,重餾塔,True,2,機械設備通常為固定資產，屬於 Category 2
機械及設備,,驟餾塔,True,2,機械設備通常為固定資產，屬於 Category 2
機械及設備,,油汽分離器,True,2,機械設備通常為固定資產，屬於 Category 2
機械及設備,,燃料油槽,True,2,機械設備通常為固定資產，屬於 Category 2
機械及設備,,油氣分離油去霧器,True,2,機械設備通常為固定資產，屬於 Category 2
機械及設備,,水過濾器,True,2,機械設備通常為固定資產，屬於 Category 2
機械及設備,04,媒裂設備,True,2,機械設備通常為固定資產，屬於 Category 2
機械及設備,,蒸餾餘油儲槽,True,2,機械設備通常為固定資產，屬於 Category 2
機械及設備,,再生窯,True,2,機械設備通常為固定資產，屬於 Category 2
機械及設備,,油槽加熱器,True,2,機械設備通常為固定資產，屬於 Category 2
機械及設備,,真空塔,True,2,機械設備通常為固定資產，屬於 Category 2
機械及設備,,主分餾塔,True,2,機械設備通常為固定資產，屬於 Category 2
機械及設備,,輕燃油汽提塔,True,2,機械設備通常為固定資產，屬於 Category 2
機械及設備,,煤裂汽油去丁烷塔,True,2,機械設備通常為固定資產，屬於 Category 2
機械及設備,,去異戊烷塔,True,2,機械設備通常為固定資產，屬於 Category 2
機械及設備,,液化石油氣鹼洗塔,True,2,機械設備通常為固定資產，屬於 Category 2
機械及設備,,蒸發塔,True,2,機械設備通常為固定資產，屬於 Category 2
機械及設備,,燃氣緩衝罐,True,2,機械設備通常為固定資產，屬於 Category 2
機械及設備,,蒸汽鼓,True,2,機械設備通常為固定資產，屬於 Category 2
機械及設備,,除水罐,True,2,機械設備通常為固定資產，屬於 Category 2
機械及設備,,去異戊烷塔回流槽,True,2,機械設備通常為固定資產，屬於 Category 2
機械及設備,,凝縮水驟餾罐,True,2,機械設備通常為固定資產，屬於 Category 2
機械及設備,,抑制劑儲存槽,True,2,機械設備通常為固定資產，屬於 Category 2
機械及設備,,抑制劑稀釋槽,True,2,機械設備通常為固定資產，屬於 Category 2
機械及設備,,汽油鹼液澄清槽,True,2,機械設備通常為固定資產，屬於 Category 2
機械及設備,,儲槽,True,2,機械設備通常為固定資產，屬於 Category 2
機械及設備,,燃氣槽,True,2,機械設備通常為固定資產，屬於 Category 2
機械及設備,,空氣分離槽,True,2,機械設備通常為固定資產，屬於 Category 2
機械及設備,,引擎燃氣緩衝罐,True,2,機械設備通常為固定資產，屬於 Category 2
機械及設備,,液化石油氣蒸發器,True,2,機械設備通常為固定資產，屬於 Category 2
機械及設備,,脫水器,True,2,機械設備通常為固定資產，屬於 Category 2
機械及設備,,給水除氣器,True,2,機械設備通常為固定資產，屬於 Category 2
機械及設備,,空氣乾燥器,True,2,機械設備通常為固定資產，屬於 Category 2
機械及設備,,換熱器,True,2,機械設備通常為固定資產，屬於 Category 2
機械及設備,,油槽吸油加熱器,True,2,機械設備通常為固定資產，屬於 Category 2
機械及設備,,管線加熱器,True,2,機械設備通常為固定資產，屬於 Category 2
機械及設備,,液化石油氣預熱器,True,2,機械設備通常為固定資產，屬於 Category 2
機械及設備,,除嗅設備,True,2,機械設備通常為固定資產，屬於 Category 2
機械及設備,,空氣液化分離器,True,2,機械設備通常為固定資產，屬於 Category 2
機械及設備,,脫氣設備,True,2,機械設備通常為固定資產，屬於 Category 2
機械及設備,,浸染器,True,2,機械設備通常為固定資產，屬於 Category 2
機械及設備,,蒸汽直接接觸加熱器,True,2,機械設備通常為固定資產，屬於 Category 2
機械及設備,05,烷化設備,True,2,機械設備通常為固定資產，屬於 Category 2
機械及設備,,冷凝器,True,2,機械設備通常為固定資產，屬於 Category 2
機械及設備,,去丙烷塔再沸器,True,2,機械設備通常為固定資產，屬於 Category 2
機械及設備,,去丙烷塔進料底油換熱器,True,2,機械設備通常為固定資產，屬於 Category 2
機械及設備,,冷卻器,True,2,機械設備通常為固定資產，屬於 Category 2
機械及設備,,精餾塔進料預熱器,True,2,機械設備通常為固定資產，屬於 Category 2
機械及設備,,去異丁烷塔再沸器,True,2,機械設備通常為固定資產，屬於 Category 2
機械及設備,,精餾塔再沸器,True,2,機械設備通常為固定資產，屬於 Category 2
機械及設備,,去異丁烷塔進料精餾塔頂油氣換熱器,True,2,機械設備通常為固定資產，屬於 Category 2
機械及設備,,硫酸調節槽,True,2,機械設備通常為固定資產，屬於 Category 2
機械及設備,,去丙烷塔迴流槽,True,2,機械設備通常為固定資產，屬於 Category 2
機械及設備,,吸附塔,True,2,機械設備通常為固定資產，屬於 Category 2
機械及設備,,洗淨塔,True,2,機械設備通常為固定資產，屬於 Category 2
機械及設備,,結焦塔,True,2,機械設備通常為固定資產，屬於 Category 2
機械及設備,,溶解塔,True,2,機械設備通常為固定資產，屬於 Category 2
機械及設備,,氣化塔,True,2,機械設備通常為固定資產，屬於 Category 2
機械及設備,,接觸器,True,2,機械設備通常為固定資產，屬於 Category 2
機械及設備,,反應器,True,2,機械設備通常為固定資產，屬於 Category 2
機械及設備,,蒸發罐,True,2,機械設備通常為固定資產，屬於 Category 2
機械及設備,06,減黏設備,True,2,機械設備通常為固定資產，屬於 Category 2
機械及設備,,真空殘渣油調卸槽,True,2,機械設備通常為固定資產，屬於 Category 2
機械及設備,,真空殘渣油加熱爐,True,2,機械設備通常為固定資產，屬於 Category 2
機械及設備,,精餾塔,True,2,機械設備通常為固定資產，屬於 Category 2
機械及設備,,冷卻器,True,2,機械設備通常為固定資產，屬於 Category 2
機械及設備,,分離器,True,2,機械設備通常為固定資產，屬於 Category 2
機械及設備,,去濕機,True,2,機械設備通常為固定資產，屬於 Category 2
機械及設備,,脫水設備,True,2,機械設備通常為固定資產，屬於 Category 2
機械及設備,,除氣設備,True,2,機械設備通常為固定資產，屬於 Category 2
機械及設備,,除嗅設備,True,2,機械設備通常為固定資產，屬於 Category 2
機械及設備,,脫氧設備,True,2,機械設備通常為固定資產，屬於 Category 2
機械及設備,,氯化機,True,2,機械設備通常為固定資產，屬於 Category 2
機械及設備,,混合機,True,2,機械設備通常為固定資產，屬於 Category 2
機械及設備,,混合槽,True,2,機械設備通常為固定資產，屬於 Category 2
機械及設備,,乾燥設備,True,2,機械設備通常為固定資產，屬於 Category 2
機械及設備,07,真空蒸餾及柏油吹煉設備,True,2,機械設備通常為固定資產，屬於 Category 2
機械及設備,,重油加熱爐,True,2,機械設備通常為固定資產，屬於 Category 2
機械及設備,,柏油吹煉鏳,True,2,機械設備通常為固定資產，屬於 Category 2
機械及設備,,側流油冷卻器,True,2,機械設備通常為固定資產，屬於 Category 2
機械及設備,,油水分離器,True,2,機械設備通常為固定資產，屬於 Category 2
機械及設備,,空氣槽,True,2,機械設備通常為固定資產，屬於 Category 2
機械及設備,,柏油吹煉塔,True,2,機械設備通常為固定資產，屬於 Category 2
機械及設備,,儲槽,True,2,機械設備通常為固定資產，屬於 Category 2
機械及設備,,鹼液槽,True,2,機械設備通常為固定資產，屬於 Category 2
機械及設備,,燃料油槽,True,2,機械設備通常為固定資產，屬於 Category 2
機械及設備,,擊碎機,True,2,機械設備通常為固定資產，屬於 Category 2
機械及設備,,分篩裝置,True,2,機械設備通常為固定資產，屬於 Category 2
機械及設備,08,脫脂設備,True,2,機械設備通常為固定資產，屬於 Category 2
機械及設備,,氨蒸發器,True,2,機械設備通常為固定資產，屬於 Category 2
機械及設備,,浮頂式換熱器,True,2,機械設備通常為固定資產，屬於 Category 2
機械及設備,,雙層式換熱器,True,2,機械設備通常為固定資產，屬於 Category 2
機械及設備,,旋管式換熱器,True,2,機械設備通常為固定資產，屬於 Category 2
機械及設備,,氯化鈣鹽水槽,True,2,機械設備通常為固定資產，屬於 Category 2
機械及設備,,鹽水槽,True,2,機械設備通常為固定資產，屬於 Category 2
機械及設備,,氨積貯槽,True,2,機械設備通常為固定資產，屬於 Category 2
機械及設備,,氨分離罐,True,2,機械設備通常為固定資產，屬於 Category 2
機械及設備,,分離器,True,2,機械設備通常為固定資產，屬於 Category 2
機械及設備,,調和油槽,True,2,機械設備通常為固定資產，屬於 Category 2
機械及設備,C1482,製冰冷凍器,True,2,機械設備通常為固定資產，屬於 Category 2
機械及設備,,硫酸處理槽,True,2,機械設備通常為固定資產，屬於 Category 2
機械及設備,,遠心分離機,True,2,機械設備通常為固定資產，屬於 Category 2
機械及設備,,筒形貯槽,True,2,機械設備通常為固定資產，屬於 Category 2
機械及設備,,球形貯槽,True,2,機械設備通常為固定資產，屬於 Category 2
機械及設備,09,化學精製設備,True,2,機械設備通常為固定資產，屬於 Category 2
機械及設備,,原料油加熱器,True,2,機械設備通常為固定資產，屬於 Category 2
機械及設備,,油槽,True,2,機械設備通常為固定資產，屬於 Category 2
機械及設備,,球形儲油槽,True,2,機械設備通常為固定資產，屬於 Category 2
機械及設備,,自動量油器,True,2,機械設備通常為固定資產，屬於 Category 2
機械及設備,,鐵槽油池工程,True,2,機械設備通常為固定資產，屬於 Category 2
機械及設備,10,加氫脫硫設備,True,2,機械設備通常為固定資產，屬於 Category 2
機械及設備,,汽油進料油加熱爐,True,2,機械設備通常為固定資產，屬於 Category 2
機械及設備,,柴油進料油加熱爐,True,2,機械設備通常為固定資產，屬於 Category 2
機械及設備,,冷凝水冷卻器,True,2,機械設備通常為固定資產，屬於 Category 2
機械及設備,,汽提塔,True,2,機械設備通常為固定資產，屬於 Category 2
機械及設備,,胺液儲槽,True,2,機械設備通常為固定資產，屬於 Category 2
機械及設備,,水交換器,True,2,機械設備通常為固定資產，屬於 Category 2
機械及設備,,反應器,True,2,機械設備通常為固定資產，屬於 Category 2
機械及設備,11,潤滑油摻配設備,True,2,機械設備通常為固定資產，屬於 Category 2
機械及設備,,自動摻配機,True,2,機械設備通常為固定資產，屬於 Category 2
機械及設備,,混合機,True,2,機械設備通常為固定資產，屬於 Category 2
機械及設備,,換熱器,True,2,機械設備通常為固定資產，屬於 Category 2
機械及設備,,空氣乾燥器,True,2,機械設備通常為固定資產，屬於 Category 2
機械及設備,,過濾槽,True,2,機械設備通常為固定資產，屬於 Category 2
機械及設備,,滑油摻混槽,True,2,機械設備通常為固定資產，屬於 Category 2
機械及設備,,儲槽,True,2,機械設備通常為固定資產，屬於 Category 2
機械及設備,,滑油過濾機,True,2,機械設備通常為固定資產，屬於 Category 2
機械及設備,,膠體磨,True,2,機械設備通常為固定資產，屬於 Category 2
機械及設備,,快濾池,True,2,機械設備通常為固定資產，屬於 Category 2
機械及設備,,移動式散佈機,True,2,機械設備通常為固定資產，屬於 Category 2
機械及設備,,密封油循環系統,True,2,機械設備通常為固定資產，屬於 Category 2
機械及設備,,凝聚機,True,2,機械設備通常為固定資產，屬於 Category 2
機械及設備,,反應器排放油過濾設備,True,2,機械設備通常為固定資產，屬於 Category 2
機械及設備,,脫氣裝置,True,2,機械設備通常為固定資產，屬於 Category 2
機械及設備,,真空裝置,True,2,機械設備通常為固定資產，屬於 Category 2
機械及設備,12,輕質油精餾設備,True,2,機械設備通常為固定資產，屬於 Category 2
機械及設備,,凝縮水槽,True,2,機械設備通常為固定資產，屬於 Category 2
機械及設備,13,裂解設備,True,2,機械設備通常為固定資產，屬於 Category 2
機械及設備,,油泥焚化爐,True,2,機械設備通常為固定資產，屬於 Category 2
機械及設備,,裂解爐,True,2,機械設備通常為固定資產，屬於 Category 2
機械及設備,,除焦設備,True,2,機械設備通常為固定資產，屬於 Category 2
機械及設備,14,鍋爐類加熱及其他加熱設備,True,2,機械設備通常為固定資產，屬於 Category 2
機械及設備,,空氣加熱爐,True,2,機械設備通常為固定資產，屬於 Category 2
機械及設備,,過熱器,True,2,機械設備通常為固定資產，屬於 Category 2
機械及設備,,電動吹灰器,True,2,機械設備通常為固定資產，屬於 Category 2
機械及設備,15,油料輸儲機械及設備,True,2,機械設備通常為固定資產，屬於 Category 2
機械及設備,,離心式泵,True,2,機械設備通常為固定資產，屬於 Category 2
機械及設備,,汽油泵,True,2,機械設備通常為固定資產，屬於 Category 2
機械及設備,,螺旋泵,True,2,機械設備通常為固定資產，屬於 Category 2
機械及設備,10,溶劑製造機械及設備,True,2,機械設備通常為固定資產，屬於 Category 2
機械及設備,01,醱酵機械及設備,True,2,機械設備通常為固定資產，屬於 Category 2
機械及設備,,醱酵槽,True,2,機械設備通常為固定資產，屬於 Category 2
機械及設備,,蒸煮機,True,2,機械設備通常為固定資產，屬於 Category 2
機械及設備,,混合槽,True,2,機械設備通常為固定資產，屬於 Category 2
機械及設備,,壓濾機,True,2,機械設備通常為固定資產，屬於 Category 2
機械及設備,,貯氣槽,True,2,機械設備通常為固定資產，屬於 Category 2
機械及設備,,攪拌機,True,2,機械設備通常為固定資產，屬於 Category 2
機械及設備,,打泡機,True,2,機械設備通常為固定資產，屬於 Category 2
機械及設備,02,萃取設備,True,2,機械設備通常為固定資產，屬於 Category 2
機械及設備,,萃取塔,True,2,機械設備通常為固定資產，屬於 Category 2
機械及設備,,水洗塔,True,2,機械設備通常為固定資產，屬於 Category 2
機械及設備,,汽提塔,True,2,機械設備通常為固定資產，屬於 Category 2
機械及設備,,溶劑再生器,True,2,機械設備通常為固定資產，屬於 Category 2
機械及設備,,熱交換器,True,2,機械設備通常為固定資產，屬於 Category 2
機械及設備,,冷凝器,True,2,機械設備通常為固定資產，屬於 Category 2
機械及設備,,預熱器,True,2,機械設備通常為固定資產，屬於 Category 2
機械及設備,,容受器,True,2,機械設備通常為固定資產，屬於 Category 2
機械及設備,,冷卻器,True,2,機械設備通常為固定資產，屬於 Category 2
機械及設備,,汽提塔再沸器,True,2,機械設備通常為固定資產，屬於 Category 2
機械及設備,,再生塔再沸器,True,2,機械設備通常為固定資產，屬於 Category 2
機械及設備,,空氣壓縮機,True,2,機械設備通常為固定資產，屬於 Category 2
機械及設備,,溶劑輸送系統,True,2,機械設備通常為固定資產，屬於 Category 2
機械及設備,03,蒸餾設備,True,2,機械設備通常為固定資產，屬於 Category 2
機械及設備,,蒸餾機,True,2,機械設備通常為固定資產，屬於 Category 2
機械及設備,,精餾塔,True,2,機械設備通常為固定資產，屬於 Category 2
機械及設備,,處理塔,True,2,機械設備通常為固定資產，屬於 Category 2
機械及設備,,醋酸蒸餾塔,True,2,機械設備通常為固定資產，屬於 Category 2
機械及設備,,加熱爐,True,2,機械設備通常為固定資產，屬於 Category 2
機械及設備,,冷凝器,True,2,機械設備通常為固定資產，屬於 Category 2
機械及設備,,驟餾塔,True,2,機械設備通常為固定資產，屬於 Category 2
機械及設備,,水餾塔,True,2,機械設備通常為固定資產，屬於 Category 2
機械及設備,,精餾塔容受器,True,2,機械設備通常為固定資產，屬於 Category 2
機械及設備,,水餾塔容受器,True,2,機械設備通常為固定資產，屬於 Category 2
機械及設備,,蒸餾水冷卻器,True,2,機械設備通常為固定資產，屬於 Category 2
機械及設備,,精餾塔再沸器,True,2,機械設備通常為固定資產，屬於 Category 2
機械及設備,,蒸餾水槽,True,2,機械設備通常為固定資產，屬於 Category 2
機械及設備,,燃料油槽,True,2,機械設備通常為固定資產，屬於 Category 2
機械及設備,,酸蒸發罐,True,2,機械設備通常為固定資產，屬於 Category 2
機械及設備,,濃縮塔頂餾出物進料換熱器,True,2,機械設備通常為固定資產，屬於 Category 2
機械及設備,,去酒精槽,True,2,機械設備通常為固定資產，屬於 Category 2
機械及設備,,溶劑槽,True,2,機械設備通常為固定資產，屬於 Category 2
機械及設備,,萃取液分離槽,True,2,機械設備通常為固定資產，屬於 Category 2
機械及設備,,取液中間槽,True,2,機械設備通常為固定資產，屬於 Category 2
機械及設備,,冷卻水槽,True,2,機械設備通常為固定資產，屬於 Category 2
機械及設備,,脂化塔,True,2,機械設備通常為固定資產，屬於 Category 2
機械及設備,,乙酯脂水塔,True,2,機械設備通常為固定資產，屬於 Category 2
機械及設備,,洗淨塔,True,2,機械設備通常為固定資產，屬於 Category 2
機械及設備,,分離器,True,2,機械設備通常為固定資產，屬於 Category 2
機械及設備,,真空過濾器,True,2,機械設備通常為固定資產，屬於 Category 2
機械及設備,,消泡機,True,2,機械設備通常為固定資產，屬於 Category 2
機械及設備,,ＭＥＫ工場機械設備,True,2,機械設備通常為固定資產，屬於 Category 2
機械及設備,,反應槽,True,2,機械設備通常為固定資產，屬於 Category 2
機械及設備,,薄膜機組合,True,2,機械設備通常為固定資產，屬於 Category 2
機械及設備,,控制儀器,True,2,機械設備通常為固定資產，屬於 Category 2
機械及設備,,填充塔,True,2,機械設備通常為固定資產，屬於 Category 2
機械及設備,11,植物油提煉機械及設備,True,2,機械設備通常為固定資產，屬於 Category 2
機械及設備,01,提油機械及設備,True,2,機械設備通常為固定資產，屬於 Category 2
機械及設備,,加料機,True,2,機械設備通常為固定資產，屬於 Category 2
機械及設備,,碎米分離機,True,2,機械設備通常為固定資產，屬於 Category 2
機械及設備,,清豆機,True,2,機械設備通常為固定資產，屬於 Category 2
機械及設備,,磨殼機,True,2,機械設備通常為固定資產，屬於 Category 2
機械及設備,,碾碎機,True,2,機械設備通常為固定資產，屬於 Category 2
機械及設備,,米糠濕度調節機,True,2,機械設備通常為固定資產，屬於 Category 2
機械及設備,,壓片機,True,2,機械設備通常為固定資產，屬於 Category 2
機械及設備,,烘焙機,True,2,機械設備通常為固定資產，屬於 Category 2
機械及設備,,螺旋搾油機,True,2,機械設備通常為固定資產，屬於 Category 2
機械及設備,,黃豆加熱器,True,2,機械設備通常為固定資產，屬於 Category 2
機械及設備,,提油機,True,2,機械設備通常為固定資產，屬於 Category 2
機械及設備,,過濾機,True,2,機械設備通常為固定資產，屬於 Category 2
機械及設備,,蒸發器,True,2,機械設備通常為固定資產，屬於 Category 2
機械及設備,,汽提塔,True,2,機械設備通常為固定資產，屬於 Category 2
機械及設備,,乾燥機,True,2,機械設備通常為固定資產，屬於 Category 2
機械及設備,,包裝機,True,2,機械設備通常為固定資產，屬於 Category 2
機械及設備,,氫化程度測定儀,True,2,機械設備通常為固定資產，屬於 Category 2
機械及設備,,油脂氫化設備儀,True,2,機械設備通常為固定資產，屬於 Category 2
機械及設備,,提取液冬化裝置,True,2,機械設備通常為固定資產，屬於 Category 2
機械及設備,,提取液精煉裝置,True,2,機械設備通常為固定資產，屬於 Category 2
機械及設備,,脂肪酸裂解槽,True,2,機械設備通常為固定資產，屬於 Category 2
機械及設備,,種籽前處理裝置,True,2,機械設備通常為固定資產，屬於 Category 2
機械及設備,,儀器裝置,True,2,機械設備通常為固定資產，屬於 Category 2
機械及設備,,鹼精煉裝置,True,2,機械設備通常為固定資產，屬於 Category 2
機械及設備,,精米機,True,2,機械設備通常為固定資產，屬於 Category 2
機械及設備,,製簽機,True,2,機械設備通常為固定資產，屬於 Category 2
機械及設備,,脫殼機,True,2,機械設備通常為固定資產，屬於 Category 2
機械及設備,02,精煉機械及設備,True,2,機械設備通常為固定資產，屬於 Category 2
機械及設備,,恆溫槽,True,2,機械設備通常為固定資產，屬於 Category 2
機械及設備,,超速分離機,True,2,機械設備通常為固定資產，屬於 Category 2
機械及設備,,水洗槽,True,2,機械設備通常為固定資產，屬於 Category 2
機械及設備,,脫色槽,True,2,機械設備通常為固定資產，屬於 Category 2
機械及設備,,脫臭槽,True,2,機械設備通常為固定資產，屬於 Category 2
機械及設備,12,樟腦煉製機械及設備,True,2,機械設備通常為固定資產，屬於 Category 2
機械及設備,01,高週波提煉油機械,True,2,機械設備通常為固定資產，屬於 Category 2
機械及設備,,高週波樟腦油提煉機,True,2,機械設備通常為固定資產，屬於 Category 2
機械及設備,02,蒸餾機械及設備,True,2,機械設備通常為固定資產，屬於 Category 2
機械及設備,,油槽,True,2,機械設備通常為固定資產，屬於 Category 2
機械及設備,,原料槽,True,2,機械設備通常為固定資產，屬於 Category 2
機械及設備,,蒸餾器,True,2,機械設備通常為固定資產，屬於 Category 2
機械及設備,,分餾塔,True,2,機械設備通常為固定資產，屬於 Category 2
機械及設備,,油水分離器,True,2,機械設備通常為固定資產，屬於 Category 2
機械及設備,03,昇華機械及設備,True,2,機械設備通常為固定資產，屬於 Category 2
機械及設備,,油壓機,True,2,機械設備通常為固定資產，屬於 Category 2
機械及設備,04,冷卻機械及設備,True,2,機械設備通常為固定資產，屬於 Category 2
機械及設備,,冷卻塔,True,2,機械設備通常為固定資產，屬於 Category 2
機械及設備,,冷卻器,True,2,機械設備通常為固定資產，屬於 Category 2
機械及設備,05,壓碎機械及設備,True,2,機械設備通常為固定資產，屬於 Category 2
機械及設備,,篩機,True,2,機械設備通常為固定資產，屬於 Category 2
機械及設備,06,壓切成型機械及設備,True,2,機械設備通常為固定資產，屬於 Category 2
機械及設備,,壓片機,True,2,機械設備通常為固定資產，屬於 Category 2
機械及設備,,壓型機,True,2,機械設備通常為固定資產，屬於 Category 2
機械及設備,,橫壓機,True,2,機械設備通常為固定資產，屬於 Category 2
機械及設備,07,包裝機械及設備,True,2,機械設備通常為固定資產，屬於 Category 2
機械及設備,,包裝機,True,2,機械設備通常為固定資產，屬於 Category 2
機械及設備,,摺按機,True,2,機械設備通常為固定資產，屬於 Category 2
機械及設備,13,玻璃製造暨加工機械及設備,True,2,機械設備通常為固定資產，屬於 Category 2
機械及設備,01,原料處理機械及設備,True,2,機械設備通常為固定資產，屬於 Category 2
機械及設備,,顎碎機,True,2,機械設備通常為固定資產，屬於 Category 2
機械及設備,,洗砂機,True,2,機械設備通常為固定資產，屬於 Category 2
機械及設備,,震動篩,True,2,機械設備通常為固定資產，屬於 Category 2
機械及設備,,混合機,True,2,機械設備通常為固定資產，屬於 Category 2
機械及設備,,烘砂機,True,2,機械設備通常為固定資產，屬於 Category 2
機械及設備,,集塵器,True,2,機械設備通常為固定資產，屬於 Category 2
機械及設備,,重油過濾器,True,2,機械設備通常為固定資產，屬於 Category 2
機械及設備,,重油預熱器,True,2,機械設備通常為固定資產，屬於 Category 2
機械及設備,,噴油器,True,2,機械設備通常為固定資產，屬於 Category 2
機械及設備,,錘碎機,True,2,機械設備通常為固定資產，屬於 Category 2
機械及設備,,震動機,True,2,機械設備通常為固定資產，屬於 Category 2
機械及設備,,調合機,True,2,機械設備通常為固定資產，屬於 Category 2
機械及設備,,原料處理設備,True,2,機械設備通常為固定資產，屬於 Category 2
機械及設備,,玻璃原料吸鐵,True,2,機械設備通常為固定資產，屬於 Category 2
機械及設備,02,融解機械及設備,True,2,機械設備通常為固定資產，屬於 Category 2
機械及設備,,大窯,True,2,機械設備通常為固定資產，屬於 Category 2
機械及設備,,重油池,True,2,機械設備通常為固定資產，屬於 Category 2
機械及設備,,空氣壓縮機,True,2,機械設備通常為固定資產，屬於 Category 2
機械及設備,,進料機,True,2,機械設備通常為固定資產，屬於 Category 2
機械及設備,03,引上機械及設備,True,2,機械設備通常為固定資產，屬於 Category 2
機械及設備,,引上機,True,2,機械設備通常為固定資產，屬於 Category 2
機械及設備,,軟水器,True,2,機械設備通常為固定資產，屬於 Category 2
機械及設備,,水塔,True,2,機械設備通常為固定資產，屬於 Category 2
機械及設備,,冷卻水池,True,2,機械設備通常為固定資產，屬於 Category 2
機械及設備,,冷卻裝置,True,2,機械設備通常為固定資產，屬於 Category 2
機械及設備,,抽氣機,True,2,機械設備通常為固定資產，屬於 Category 2
機械及設備,04,折片機械及設備,True,2,機械設備通常為固定資產，屬於 Category 2
機械及設備,,自動切片機,True,2,機械設備通常為固定資產，屬於 Category 2
機械及設備,,切大片桌,True,2,機械設備通常為固定資產，屬於 Category 2
機械及設備,05,切片機械及設備,True,2,機械設備通常為固定資產，屬於 Category 2
機械及設備,,切片台,True,2,機械設備通常為固定資產，屬於 Category 2
機械及設備,,放片架,True,2,機械設備通常為固定資產，屬於 Category 2
機械及設備,06,洗片機械及設備,True,2,機械設備通常為固定資產，屬於 Category 2
機械及設備,,洗玻璃機,True,2,機械設備通常為固定資產，屬於 Category 2
機械及設備,07,磨片機械及設備,True,2,機械設備通常為固定資產，屬於 Category 2
機械及設備,,磨砂機,True,2,機械設備通常為固定資產，屬於 Category 2
機械及設備,,磨邊機,True,2,機械設備通常為固定資產，屬於 Category 2
機械及設備,,噴砂機,True,2,機械設備通常為固定資產，屬於 Category 2
機械及設備,,磨石機,True,2,機械設備通常為固定資產，屬於 Category 2
機械及設備,,壓麵機,True,2,機械設備通常為固定資產，屬於 Category 2
機械及設備,,磨粉機,True,2,機械設備通常為固定資產，屬於 Category 2
機械及設備,08,玻璃加工瓶機械及設備,True,2,機械設備通常為固定資產，屬於 Category 2
機械及設備,,十四活門自動機時規,True,2,機械設備通常為固定資產，屬於 Category 2
機械及設備,,玻璃膏面檢測器,True,2,機械設備通常為固定資產，屬於 Category 2
機械及設備,,模滑板及校正器,True,2,機械設備通常為固定資產，屬於 Category 2
機械及設備,,瓶模校正器,True,2,機械設備通常為固定資產，屬於 Category 2
機械及設備,,冷卻窯,True,2,機械設備通常為固定資產，屬於 Category 2
機械及設備,,自動製瓶機,True,2,機械設備通常為固定資產，屬於 Category 2
機械及設備,,玻璃膏供給機,True,2,機械設備通常為固定資產，屬於 Category 2
機械及設備,,加料機,True,2,機械設備通常為固定資產，屬於 Category 2
機械及設備,,重油預熱器,True,2,機械設備通常為固定資產，屬於 Category 2
機械及設備,,瓶模研磨機,True,2,機械設備通常為固定資產，屬於 Category 2
機械及設備,,瓶模噴砂機,True,2,機械設備通常為固定資產，屬於 Category 2
機械及設備,,玻璃熔解爐,True,2,機械設備通常為固定資產，屬於 Category 2
機械及設備,,玻璃滾轉器,True,2,機械設備通常為固定資產，屬於 Category 2
機械及設備,,管路設備,True,2,機械設備通常為固定資產，屬於 Category 2
機械及設備,,瓶模加熱台,True,2,機械設備通常為固定資產，屬於 Category 2
機械及設備,,自動裝排機,True,2,機械設備通常為固定資產，屬於 Category 2
機械及設備,,玻璃加工工具,True,2,機械設備通常為固定資產，屬於 Category 2
機械及設備,14,水泥暨加工品製造機械及設備,True,2,機械設備通常為固定資產，屬於 Category 2
機械及設備,01,壓碎機械,True,2,機械設備通常為固定資產，屬於 Category 2
機械及設備,,顎碎機,True,2,機械設備通常為固定資產，屬於 Category 2
機械及設備,,錘碎機,True,2,機械設備通常為固定資產，屬於 Category 2
機械及設備,,粗碎機,True,2,機械設備通常為固定資產，屬於 Category 2
機械及設備,02,乾燥機械,True,2,機械設備通常為固定資產，屬於 Category 2
機械及設備,,乾燥機,True,2,機械設備通常為固定資產，屬於 Category 2
機械及設備,03,碾磨機械及設備,True,2,機械設備通常為固定資產，屬於 Category 2
機械及設備,,生料磨,True,2,機械設備通常為固定資產，屬於 Category 2
機械及設備,04,攪拌機械,True,2,機械設備通常為固定資產，屬於 Category 2
機械及設備,,生料攪拌機,True,2,機械設備通常為固定資產，屬於 Category 2
機械及設備,,充氣攪拌機,True,2,機械設備通常為固定資產，屬於 Category 2
機械及設備,05,燒成機械及設備,True,2,機械設備通常為固定資產，屬於 Category 2
機械及設備,,旋窯,True,2,機械設備通常為固定資產，屬於 Category 2
機械及設備,,風激冷卻器,True,2,機械設備通常為固定資產，屬於 Category 2
機械及設備,,調速機,True,2,機械設備通常為固定資產，屬於 Category 2
機械及設備,,重油預熱器,True,2,機械設備通常為固定資產，屬於 Category 2
機械及設備,,重油再熱器,True,2,機械設備通常為固定資產，屬於 Category 2
機械及設備,,噴油序,True,2,機械設備通常為固定資產，屬於 Category 2
機械及設備,,預燒機,True,2,機械設備通常為固定資產，屬於 Category 2
機械及設備,,水槽,True,2,機械設備通常為固定資產，屬於 Category 2
機械及設備,,油槽,True,2,機械設備通常為固定資產，屬於 Category 2
機械及設備,,濾油器,True,2,機械設備通常為固定資產，屬於 Category 2
機械及設備,06,分離機械,True,2,機械設備通常為固定資產，屬於 Category 2
機械及設備,,振動篩,True,2,機械設備通常為固定資產，屬於 Category 2
機械及設備,,旋篩,True,2,機械設備通常為固定資產，屬於 Category 2
機械及設備,07,收塵機械,True,2,機械設備通常為固定資產，屬於 Category 2
機械及設備,,收塵機,True,2,機械設備通常為固定資產，屬於 Category 2
機械及設備,08,製粒機械,True,2,機械設備通常為固定資產，屬於 Category 2
機械及設備,,製粒機,True,2,機械設備通常為固定資產，屬於 Category 2
機械及設備,09,飼料機械及設備,True,2,機械設備通常為固定資產，屬於 Category 2
機械及設備,,飼料機,True,2,機械設備通常為固定資產，屬於 Category 2
機械及設備,,原石漏斗,True,2,機械設備通常為固定資產，屬於 Category 2
機械及設備,,飼料櫃,True,2,機械設備通常為固定資產，屬於 Category 2
機械及設備,10,包裝機械及設備,True,2,機械設備通常為固定資產，屬於 Category 2
機械及設備,,散裝水泥貯槽,True,2,機械設備通常為固定資產，屬於 Category 2
機械及設備,,包裝機,True,2,機械設備通常為固定資產，屬於 Category 2
機械及設備,11,加工品製造機械及設備,True,2,機械設備通常為固定資產，屬於 Category 2
機械及設備,,製磚機,True,2,機械設備通常為固定資產，屬於 Category 2
機械及設備,,製板機,True,2,機械設備通常為固定資產，屬於 Category 2
機械及設備,,接頭模,True,2,機械設備通常為固定資產，屬於 Category 2
機械及設備,,管口鐵模,True,2,機械設備通常為固定資產，屬於 Category 2
機械及設備,,磚模,True,2,機械設備通常為固定資產，屬於 Category 2
機械及設備,,棉板翻磚機,True,2,機械設備通常為固定資產，屬於 Category 2
機械及設備,,形成機,True,2,機械設備通常為固定資產，屬於 Category 2
機械及設備,,混合機,True,2,機械設備通常為固定資產，屬於 Category 2
機械及設備,,混凝土振動機,True,2,機械設備通常為固定資產，屬於 Category 2
機械及設備,,打漿機,True,2,機械設備通常為固定資產，屬於 Category 2
機械及設備,,洗沙機,True,2,機械設備通常為固定資產，屬於 Category 2
機械及設備,,泥漿箱,True,2,機械設備通常為固定資產，屬於 Category 2
機械及設備,,配料塔,True,2,機械設備通常為固定資產，屬於 Category 2
機械及設備,,養生室,True,2,機械設備通常為固定資產，屬於 Category 2
機械及設備,,空氣壓機,True,2,機械設備通常為固定資產，屬於 Category 2
機械及設備,,儲料倉,True,2,機械設備通常為固定資產，屬於 Category 2
機械及設備,15,造紙機械及設備,True,2,機械設備通常為固定資產，屬於 Category 2
機械及設備,01,備料機械及設備,True,2,機械設備通常為固定資產，屬於 Category 2
機械及設備,,蔗渣節,True,2,機械設備通常為固定資產，屬於 Category 2
機械及設備,,蔗渣秤量機,True,2,機械設備通常為固定資產，屬於 Category 2
機械及設備,,吸鐵機,True,2,機械設備通常為固定資產，屬於 Category 2
機械及設備,,剝皮機,True,2,機械設備通常為固定資產，屬於 Category 2
機械及設備,,去節機,True,2,機械設備通常為固定資產，屬於 Category 2
機械及設備,,削片機,True,2,機械設備通常為固定資產，屬於 Category 2
機械及設備,02,紙漿藥液設備,True,2,機械設備通常為固定資產，屬於 Category 2
機械及設備,,硫磺燃燒爐,True,2,機械設備通常為固定資產，屬於 Category 2
機械及設備,,吸收塔,True,2,機械設備通常為固定資產，屬於 Category 2
機械及設備,,液鹼貯存槽,True,2,機械設備通常為固定資產，屬於 Category 2
機械及設備,,主溶解液,True,2,機械設備通常為固定資產，屬於 Category 2
機械及設備,,濃黑液槽,True,2,機械設備通常為固定資產，屬於 Category 2
機械及設備,,熱交換器,True,2,機械設備通常為固定資產，屬於 Category 2
機械及設備,,脫墨試驗機,True,2,機械設備通常為固定資產，屬於 Category 2
機械及設備,03,化學製漿機械及設備,True,2,機械設備通常為固定資產，屬於 Category 2
機械及設備,,蒸解器,True,2,機械設備通常為固定資產，屬於 Category 2
機械及設備,,強生篩,True,2,機械設備通常為固定資產，屬於 Category 2
機械及設備,,濾液槽,True,2,機械設備通常為固定資產，屬於 Category 2
機械及設備,,旋風分離器,True,2,機械設備通常為固定資產，屬於 Category 2
機械及設備,,挖料機,True,2,機械設備通常為固定資產，屬於 Category 2
機械及設備,,旋風篩,True,2,機械設備通常為固定資產，屬於 Category 2
機械及設備,,平篩機,True,2,機械設備通常為固定資產，屬於 Category 2
機械及設備,,濃縮機,True,2,機械設備通常為固定資產，屬於 Category 2
機械及設備,,白水回收設備,True,2,機械設備通常為固定資產，屬於 Category 2
機械及設備,,磨漿機,True,2,機械設備通常為固定資產，屬於 Category 2
機械及設備,,脫水機,True,2,機械設備通常為固定資產，屬於 Category 2
機械及設備,,漿槽,True,2,機械設備通常為固定資產，屬於 Category 2
機械及設備,,磨木機,True,2,機械設備通常為固定資產，屬於 Category 2
機械及設備,,精煉機,True,2,機械設備通常為固定資產，屬於 Category 2
機械及設備,04,漂白機械及設備,True,2,機械設備通常為固定資產，屬於 Category 2
機械及設備,,漂液沉澱槽,True,2,機械設備通常為固定資產，屬於 Category 2
機械及設備,,氯化塔,True,2,機械設備通常為固定資產，屬於 Category 2
機械及設備,,鹼萃塔,True,2,機械設備通常為固定資產，屬於 Category 2
機械及設備,,洗滌塔,True,2,機械設備通常為固定資產，屬於 Category 2
機械及設備,,脫水機,True,2,機械設備通常為固定資產，屬於 Category 2
機械及設備,,連續式漂白槽,True,2,機械設備通常為固定資產，屬於 Category 2
機械及設備,,貯漿槽,True,2,機械設備通常為固定資產，屬於 Category 2
機械及設備,,沉沙溝,True,2,機械設備通常為固定資產，屬於 Category 2
機械及設備,,濃縮機,True,2,機械設備通常為固定資產，屬於 Category 2
機械及設備,,液氯貯槽,True,2,機械設備通常為固定資產，屬於 Category 2
機械及設備,,去污器,True,2,機械設備通常為固定資產，屬於 Category 2
機械及設備,,氯氣流量指示儀,True,2,機械設備通常為固定資產，屬於 Category 2
機械及設備,,混合機,True,2,機械設備通常為固定資產，屬於 Category 2
機械及設備,,鹽酸貯存槽,True,2,機械設備通常為固定資產，屬於 Category 2
機械及設備,05,抄漿機械及設備,True,2,機械設備通常為固定資產，屬於 Category 2
機械及設備,,貯漿槽,True,2,機械設備通常為固定資產，屬於 Category 2
機械及設備,,長網抄漿機,True,2,機械設備通常為固定資產，屬於 Category 2
機械及設備,,冷凝水回收槽,True,2,機械設備通常為固定資產，屬於 Category 2
機械及設備,,濃度調節器,True,2,機械設備通常為固定資產，屬於 Category 2
機械及設備,,水力散漿機,True,2,機械設備通常為固定資產，屬於 Category 2
機械及設備,06,抄紙機械及設備,True,2,機械設備通常為固定資產，屬於 Category 2
機械及設備,,打漿機,True,2,機械設備通常為固定資產，屬於 Category 2
機械及設備,,明礬溶解槽,True,2,機械設備通常為固定資產，屬於 Category 2
機械及設備,,儲漿槽,True,2,機械設備通常為固定資產，屬於 Category 2
機械及設備,,散漿機,True,2,機械設備通常為固定資產，屬於 Category 2
機械及設備,,揉紙機,True,2,機械設備通常為固定資產，屬於 Category 2
機械及設備,,平板篩選機,True,2,機械設備通常為固定資產，屬於 Category 2
機械及設備,,揚基造紙機,True,2,機械設備通常為固定資產，屬於 Category 2
機械及設備,,長網造紙機,True,2,機械設備通常為固定資產，屬於 Category 2
機械及設備,,壓光機,True,2,機械設備通常為固定資產，屬於 Category 2
機械及設備,,毛毯洗滌機,True,2,機械設備通常為固定資產，屬於 Category 2
機械及設備,,碎斷機,True,2,機械設備通常為固定資產，屬於 Category 2
機械及設備,,淨漿機,True,2,機械設備通常為固定資產，屬於 Category 2
機械及設備,,圓網造紙機,True,2,機械設備通常為固定資產，屬於 Category 2
機械及設備,,混合機,True,2,機械設備通常為固定資產，屬於 Category 2
機械及設備,,配料槽,True,2,機械設備通常為固定資產，屬於 Category 2
機械及設備,,捲紙機,True,2,機械設備通常為固定資產，屬於 Category 2
機械及設備,,焦單精煉機,True,2,機械設備通常為固定資產，屬於 Category 2
機械及設備,,紙漿濃度調節器,True,2,機械設備通常為固定資產，屬於 Category 2
機械及設備,,濃縮機,True,2,機械設備通常為固定資產，屬於 Category 2
機械及設備,,高速精煉機,True,2,機械設備通常為固定資產，屬於 Category 2
機械及設備,,塗佈轆試驗儀,True,2,機械設備通常為固定資產，屬於 Category 2
機械及設備,,圓型方抄造紙機,True,2,機械設備通常為固定資產，屬於 Category 2
機械及設備,07,紙張加工機械及設備,True,2,機械設備通常為固定資產，屬於 Category 2
機械及設備,,香煙紙切盤機,True,2,機械設備通常為固定資產，屬於 Category 2
機械及設備,,輪轉修邊壓線機,True,2,機械設備通常為固定資產，屬於 Category 2
機械及設備,,聯切機,True,2,機械設備通常為固定資產，屬於 Category 2
機械及設備,,平釘機,True,2,機械設備通常為固定資產，屬於 Category 2
機械及設備,,手切附台檯,True,2,機械設備通常為固定資產，屬於 Category 2
機械及設備,08,包裝機械及設備,True,2,機械設備通常為固定資產，屬於 Category 2
機械及設備,,紙蕊機,True,2,機械設備通常為固定資產，屬於 Category 2
機械及設備,,再捲機,True,2,機械設備通常為固定資產，屬於 Category 2
機械及設備,,切紙機,True,2,機械設備通常為固定資產，屬於 Category 2
機械及設備,,打包機,True,2,機械設備通常為固定資產，屬於 Category 2
機械及設備,,捲筒包裝機,True,2,機械設備通常為固定資產，屬於 Category 2
機械及設備,,捲筒紙封頭機,True,2,機械設備通常為固定資產，屬於 Category 2
機械及設備,,平板切紙機,True,2,機械設備通常為固定資產，屬於 Category 2
機械及設備,,六軸捲紙機,True,2,機械設備通常為固定資產，屬於 Category 2
機械及設備,16,塑膠（ＰＶＣ）製造暨加工機械及設備,True,2,機械設備通常為固定資產，屬於 Category 2
機械及設備,01,合成設備,True,2,機械設備通常為固定資產，屬於 Category 2
機械及設備,,氯氣吸收塔,True,2,機械設備通常為固定資產，屬於 Category 2
機械及設備,,燃燒筒,True,2,機械設備通常為固定資產，屬於 Category 2
機械及設備,,吸收塔,True,2,機械設備通常為固定資產，屬於 Category 2
機械及設備,,再沸器,True,2,機械設備通常為固定資產，屬於 Category 2
機械及設備,,乙炔發生器,True,2,機械設備通常為固定資產，屬於 Category 2
機械及設備,,反應槽,True,2,機械設備通常為固定資產，屬於 Category 2
機械及設備,,溫水槽,True,2,機械設備通常為固定資產，屬於 Category 2
機械及設備,,水洗塔,True,2,機械設備通常為固定資產，屬於 Category 2
機械及設備,,預冷器,True,2,機械設備通常為固定資產，屬於 Category 2
機械及設備,,精餾塔,True,2,機械設備通常為固定資產，屬於 Category 2
機械及設備,,硝化鍋,True,2,機械設備通常為固定資產，屬於 Category 2
機械及設備,02,重合機械及設備,True,2,機械設備通常為固定資產，屬於 Category 2
機械及設備,,單體量槽,True,2,機械設備通常為固定資產，屬於 Category 2
機械及設備,,重合槽,True,2,機械設備通常為固定資產，屬於 Category 2
機械及設備,,離心機,True,2,機械設備通常為固定資產，屬於 Category 2
機械及設備,,螺旋收集器,True,2,機械設備通常為固定資產，屬於 Category 2
機械及設備,,離子交換槽,True,2,機械設備通常為固定資產，屬於 Category 2
機械及設備,03,乾燥機械及設備,True,2,機械設備通常為固定資產，屬於 Category 2
機械及設備,,噴霧乾燥機,True,2,機械設備通常為固定資產，屬於 Category 2
機械及設備,,空氣過濾器,True,2,機械設備通常為固定資產，屬於 Category 2
機械及設備,,空氣加熱器,True,2,機械設備通常為固定資產，屬於 Category 2
機械及設備,,加料機,True,2,機械設備通常為固定資產，屬於 Category 2
機械及設備,,ＰＶＣ存貯槽,True,2,機械設備通常為固定資產，屬於 Category 2
機械及設備,,振動篩,True,2,機械設備通常為固定資產，屬於 Category 2
機械及設備,04,壓碎機械及設備,True,2,機械設備通常為固定資產，屬於 Category 2
機械及設備,,壓碎機,True,2,機械設備通常為固定資產，屬於 Category 2
機械及設備,,空氣分離器,True,2,機械設備通常為固定資產，屬於 Category 2
機械及設備,05,ＰＶＣ加工機械及設備,True,2,機械設備通常為固定資產，屬於 Category 2
機械及設備,,混合機,True,2,機械設備通常為固定資產，屬於 Category 2
機械及設備,,製粒機,True,2,機械設備通常為固定資產，屬於 Category 2
機械及設備,,押出機,True,2,機械設備通常為固定資產，屬於 Category 2
機械及設備,,製袋（膜）設備,True,2,機械設備通常為固定資產，屬於 Category 2
機械及設備,,捲取設備,True,2,機械設備通常為固定資產，屬於 Category 2
機械及設備,,ＰＥ管製造設備,True,2,機械設備通常為固定資產，屬於 Category 2
機械及設備,,射出機具設備,True,2,機械設備通常為固定資產，屬於 Category 2
機械及設備,,其他機具測試儀器,True,2,機械設備通常為固定資產，屬於 Category 2
機械及設備,,平板模頸及捲取設備,True,2,機械設備通常為固定資產，屬於 Category 2
機械及設備,,超薄切片機附冷凍系統,True,2,機械設備通常為固定資產，屬於 Category 2
機械及設備,,拉擠成型機,True,2,機械設備通常為固定資產，屬於 Category 2
機械及設備,,纏絲機,True,2,機械設備通常為固定資產，屬於 Category 2
機械及設備,,ＵＰ二成份灌注機,True,2,機械設備通常為固定資產，屬於 Category 2
機械及設備,,高週波可塑性熔接機,True,2,機械設備通常為固定資產，屬於 Category 2
機械及設備,,真空成型機,True,2,機械設備通常為固定資產，屬於 Category 2
機械及設備,,反應用高空高溫捏合機,True,2,機械設備通常為固定資產，屬於 Category 2
機械及設備,,纖維拆散機,True,2,機械設備通常為固定資產，屬於 Category 2
機械及設備,17,糖製造機械及設備,True,2,機械設備通常為固定資產，屬於 Category 2
機械及設備,01,壓榨機械,True,2,機械設備通常為固定資產，屬於 Category 2
機械及設備,,切蔗機,True,2,機械設備通常為固定資產，屬於 Category 2
機械及設備,,甘蔗細裂機,True,2,機械設備通常為固定資產，屬於 Category 2
機械及設備,,甘蔗壓碎機,True,2,機械設備通常為固定資產，屬於 Category 2
機械及設備,,三轆壓榨機,True,2,機械設備通常為固定資產，屬於 Category 2
機械及設備,,蓄壓機,True,2,機械設備通常為固定資產，屬於 Category 2
機械及設備,,壓榨齒車,True,2,機械設備通常為固定資產，屬於 Category 2
機械及設備,,蔗渣打散機,True,2,機械設備通常為固定資產，屬於 Category 2
機械及設備,,蔗渣打包機,True,2,機械設備通常為固定資產，屬於 Category 2
機械及設備,,甘蔗除砂設備,True,2,機械設備通常為固定資產，屬於 Category 2
機械及設備,,自動供蔗設備,True,2,機械設備通常為固定資產，屬於 Category 2
機械及設備,,圓筒型採樣機,True,2,機械設備通常為固定資產，屬於 Category 2
機械及設備,,收集器,True,2,機械設備通常為固定資產，屬於 Category 2
機械及設備,,耙渣機,True,2,機械設備通常為固定資產，屬於 Category 2
機械及設備,,分析用細裂機,True,2,機械設備通常為固定資產，屬於 Category 2
機械及設備,,甘蔗壓汁機,True,2,機械設備通常為固定資產，屬於 Category 2
機械及設備,,油擠壓機,True,2,機械設備通常為固定資產，屬於 Category 2
機械及設備,02,清淨機械設備,True,2,機械設備通常為固定資產，屬於 Category 2
機械及設備,,連續清淨槽,True,2,機械設備通常為固定資產，屬於 Category 2
機械及設備,,沉澱槽,True,2,機械設備通常為固定資產，屬於 Category 2
機械及設備,,炭酸槽,True,2,機械設備通常為固定資產，屬於 Category 2
機械及設備,,壓濾機,True,2,機械設備通常為固定資產，屬於 Category 2
機械及設備,,真空濾過機,True,2,機械設備通常為固定資產，屬於 Category 2
機械及設備,,濾布洗滌機,True,2,機械設備通常為固定資產，屬於 Category 2
機械及設備,,瓦斯洗滌塔,True,2,機械設備通常為固定資產，屬於 Category 2
機械及設備,,瓦斯分離器,True,2,機械設備通常為固定資產，屬於 Category 2
機械及設備,,石灰消和機,True,2,機械設備通常為固定資產，屬於 Category 2
機械及設備,,亞硫酸飽和槽,True,2,機械設備通常為固定資產，屬於 Category 2
機械及設備,,蔗汁加熱器,True,2,機械設備通常為固定資產，屬於 Category 2
機械及設備,,浮選槽,True,2,機械設備通常為固定資產，屬於 Category 2
機械及設備,,脫色槽,True,2,機械設備通常為固定資產，屬於 Category 2
機械及設備,,磁濾機,True,2,機械設備通常為固定資產，屬於 Category 2
機械及設備,,甘蔗糧度計,True,2,機械設備通常為固定資產，屬於 Category 2
機械及設備,03,蒸發設備,True,2,機械設備通常為固定資產，屬於 Category 2
機械及設備,,蒸發罐,True,2,機械設備通常為固定資產，屬於 Category 2
機械及設備,,降膜式蒸發罐,True,2,機械設備通常為固定資產，屬於 Category 2
機械及設備,04,結晶機械及設備,True,2,機械設備通常為固定資產，屬於 Category 2
機械及設備,,結晶罐,True,2,機械設備通常為固定資產，屬於 Category 2
機械及設備,,助晶機,True,2,機械設備通常為固定資產，屬於 Category 2
機械及設備,,糖膏攪拌槽,True,2,機械設備通常為固定資產，屬於 Category 2
機械及設備,,清澱槽,True,2,機械設備通常為固定資產，屬於 Category 2
機械及設備,,粉糖機,True,2,機械設備通常為固定資產，屬於 Category 2
機械及設備,,機力攪拌設備,True,2,機械設備通常為固定資產，屬於 Category 2
機械及設備,05,分離機械及設備,True,2,機械設備通常為固定資產，屬於 Category 2
機械及設備,,糖漿轉化器,True,2,機械設備通常為固定資產，屬於 Category 2
機械及設備,,分離機,True,2,機械設備通常為固定資產，屬於 Category 2
機械及設備,06,烘乾機械及設備,True,2,機械設備通常為固定資產，屬於 Category 2
機械及設備,,砂糖乾燥機,True,2,機械設備通常為固定資產，屬於 Category 2
機械及設備,,糖篩,True,2,機械設備通常為固定資產，屬於 Category 2
機械及設備,,平衡型跳送機,True,2,機械設備通常為固定資產，屬於 Category 2
機械及設備,,Ｓ型上昇機,True,2,機械設備通常為固定資產，屬於 Category 2
機械及設備,,砂糖圓倉,True,2,機械設備通常為固定資產，屬於 Category 2
機械及設備,,流體化床乾燥冷卻機,True,2,機械設備通常為固定資產，屬於 Category 2
機械及設備,07,包裝設備,True,2,機械設備通常為固定資產，屬於 Category 2
機械及設備,,貯糖槽,True,2,機械設備通常為固定資產，屬於 Category 2
機械及設備,,蔗渣篩,True,2,機械設備通常為固定資產，屬於 Category 2
機械及設備,,砂糖棧板機,True,2,機械設備通常為固定資產，屬於 Category 2
機械及設備,18,酒精製造機械及設備,True,2,機械設備通常為固定資產，屬於 Category 2
機械及設備,01,醱酵設備,True,2,機械設備通常為固定資產，屬於 Category 2
機械及設備,,糖蜜受入槽,True,2,機械設備通常為固定資產，屬於 Category 2
機械及設備,,糖蜜計量槽,True,2,機械設備通常為固定資產，屬於 Category 2
機械及設備,,殺菌槽,True,2,機械設備通常為固定資產，屬於 Category 2
機械及設備,,澄清槽,True,2,機械設備通常為固定資產，屬於 Category 2
機械及設備,,酒母槽,True,2,機械設備通常為固定資產，屬於 Category 2
機械及設備,,醱酵槽,True,2,機械設備通常為固定資產，屬於 Category 2
機械及設備,,空氣過濾槽,True,2,機械設備通常為固定資產，屬於 Category 2
機械及設備,,空氣貯藏槽,True,2,機械設備通常為固定資產，屬於 Category 2
機械及設備,,成熟膠槽,True,2,機械設備通常為固定資產，屬於 Category 2
機械及設備,02,蒸餾設備,True,2,機械設備通常為固定資產，屬於 Category 2
機械及設備,,膠預熱器,True,2,機械設備通常為固定資產，屬於 Category 2
機械及設備,,熱交換器,True,2,機械設備通常為固定資產，屬於 Category 2
機械及設備,,膠塔,True,2,機械設備通常為固定資產，屬於 Category 2
機械及設備,,初餾塔,True,2,機械設備通常為固定資產，屬於 Category 2
機械及設備,,精餾塔,True,2,機械設備通常為固定資產，屬於 Category 2
機械及設備,,蒸溜用冷凝器,True,2,機械設備通常為固定資產，屬於 Category 2
機械及設備,,脫酒精塔,True,2,機械設備通常為固定資產，屬於 Category 2
機械及設備,,蒸汽調節器,True,2,機械設備通常為固定資產，屬於 Category 2
機械及設備,,雜醇油分離器,True,2,機械設備通常為固定資產，屬於 Category 2
機械及設備,,酒精檢定槽,True,2,機械設備通常為固定資產，屬於 Category 2
機械及設備,,酒精蒸餾設備,True,2,機械設備通常為固定資產，屬於 Category 2
機械及設備,19,酵母粉（片）製造機械及設備,True,2,機械設備通常為固定資產，屬於 Category 2
機械及設備,01,糖蜜處理設備,True,2,機械設備通常為固定資產，屬於 Category 2
機械及設備,,糖蜜稀釋槽,True,2,機械設備通常為固定資產，屬於 Category 2
機械及設備,,混合槽,True,2,機械設備通常為固定資產，屬於 Category 2
機械及設備,,糖蜜分離機,True,2,機械設備通常為固定資產，屬於 Category 2
機械及設備,02,繁殖設備,True,2,機械設備通常為固定資產，屬於 Category 2
機械及設備,,種母槽,True,2,機械設備通常為固定資產，屬於 Category 2
機械及設備,,繁殖槽,True,2,機械設備通常為固定資產，屬於 Category 2
機械及設備,03,分離機械,True,2,機械設備通常為固定資產，屬於 Category 2
機械及設備,,酵母分離機,True,2,機械設備通常為固定資產，屬於 Category 2
機械及設備,04,乾燥機械,True,2,機械設備通常為固定資產，屬於 Category 2
機械及設備,,酵母乾燥機,True,2,機械設備通常為固定資產，屬於 Category 2
機械及設備,05,壓碎機械及設備,True,2,機械設備通常為固定資產，屬於 Category 2
機械及設備,,酵母粉碎機,True,2,機械設備通常為固定資產，屬於 Category 2
機械及設備,,空氣分離器,True,2,機械設備通常為固定資產，屬於 Category 2
機械及設備,,濾塵器,True,2,機械設備通常為固定資產，屬於 Category 2
機械及設備,06,酵母加工機械及設備,True,2,機械設備通常為固定資產，屬於 Category 2
機械及設備,,混合機,True,2,機械設備通常為固定資產，屬於 Category 2
機械及設備,,酵母粉篩機,True,2,機械設備通常為固定資產，屬於 Category 2
機械及設備,,壓片機,True,2,機械設備通常為固定資產，屬於 Category 2
機械及設備,,糖衣機,True,2,機械設備通常為固定資產，屬於 Category 2
機械及設備,,計數機,True,2,機械設備通常為固定資產，屬於 Category 2
機械及設備,,空氣貯槽,True,2,機械設備通常為固定資產，屬於 Category 2
機械及設備,20,釀酒機械及設備,True,2,機械設備通常為固定資產，屬於 Category 2
機械及設備,01,壓碎機械及設備,True,2,機械設備通常為固定資產，屬於 Category 2
機械及設備,,粉碎機,True,2,機械設備通常為固定資產，屬於 Category 2
機械及設備,,葡萄壓碎機,True,2,機械設備通常為固定資產，屬於 Category 2
機械及設備,,葡萄壓碎除梗機,True,2,機械設備通常為固定資產，屬於 Category 2
機械及設備,,粉末機,True,2,機械設備通常為固定資產，屬於 Category 2
機械及設備,,除根機,True,2,機械設備通常為固定資產，屬於 Category 2
機械及設備,,壓麥設備,True,2,機械設備通常為固定資產，屬於 Category 2
機械及設備,,香蕉切碎機,True,2,機械設備通常為固定資產，屬於 Category 2
機械及設備,,打碎機,True,2,機械設備通常為固定資產，屬於 Category 2
機械及設備,,壓榨桶,True,2,機械設備通常為固定資產，屬於 Category 2
機械及設備,,切粕機,True,2,機械設備通常為固定資產，屬於 Category 2
機械及設備,02,加熱機械及設備,True,2,機械設備通常為固定資產，屬於 Category 2
機械及設備,,蒸煮機,True,2,機械設備通常為固定資產，屬於 Category 2
機械及設備,,二重鍋,True,2,機械設備通常為固定資產，屬於 Category 2
機械及設備,,蒸桶,True,2,機械設備通常為固定資產，屬於 Category 2
機械及設備,,糖化槽,True,2,機械設備通常為固定資產，屬於 Category 2
機械及設備,,蒸沸鍋,True,2,機械設備通常為固定資產，屬於 Category 2
機械及設備,,糖化鍋,True,2,機械設備通常為固定資產，屬於 Category 2
機械及設備,,麥汁沉澱槽,True,2,機械設備通常為固定資產，屬於 Category 2
機械及設備,,浸麥槽,True,2,機械設備通常為固定資產，屬於 Category 2
機械及設備,,麥芽焙乾爐,True,2,機械設備通常為固定資產，屬於 Category 2
機械及設備,,煮沸槽,True,2,機械設備通常為固定資產，屬於 Category 2
機械及設備,,麥汁預沸機,True,2,機械設備通常為固定資產，屬於 Category 2
機械及設備,,連續蒸飯機,True,2,機械設備通常為固定資產，屬於 Category 2
機械及設備,,加溫槽,True,2,機械設備通常為固定資產，屬於 Category 2
機械及設備,,熱水桶,True,2,機械設備通常為固定資產，屬於 Category 2
機械及設備,,殺菌機,True,2,機械設備通常為固定資產，屬於 Category 2
機械及設備,,熱水爐,True,2,機械設備通常為固定資產，屬於 Category 2
機械及設備,,糖化設備,True,2,機械設備通常為固定資產，屬於 Category 2
機械及設備,,麥汁設備,True,2,機械設備通常為固定資產，屬於 Category 2
機械及設備,,焙炒機,True,2,機械設備通常為固定資產，屬於 Category 2
機械及設備,03,冷卻機械及設備,True,2,機械設備通常為固定資產，屬於 Category 2
機械及設備,,空氣冷卻及加濕,True,2,機械設備通常為固定資產，屬於 Category 2
機械及設備,,冷卻機,True,2,機械設備通常為固定資產，屬於 Category 2
機械及設備,,冷凍機,True,2,機械設備通常為固定資產，屬於 Category 2
機械及設備,,冷氣機,True,2,機械設備通常為固定資產，屬於 Category 2
機械及設備,,冷卻水槽,True,2,機械設備通常為固定資產，屬於 Category 2
機械及設備,,冷飯機,True,2,機械設備通常為固定資產，屬於 Category 2
機械及設備,,冷卻裝置,True,2,機械設備通常為固定資產，屬於 Category 2
機械及設備,,冷飯架,True,2,機械設備通常為固定資產，屬於 Category 2
機械及設備,,冷暖機,True,2,機械設備通常為固定資產，屬於 Category 2
機械及設備,,冰析濃縮設備,True,2,機械設備通常為固定資產，屬於 Category 2
機械及設備,,酒膠冷卻拌機,True,2,機械設備通常為固定資產，屬於 Category 2
機械及設備,,小麥攤冷鋁槽,True,2,機械設備通常為固定資產，屬於 Category 2
機械及設備,,冷卻水循環裝置,True,2,機械設備通常為固定資產，屬於 Category 2
機械及設備,,冷風機,True,2,機械設備通常為固定資產，屬於 Category 2
機械及設備,04,過濾機械及設備,True,2,機械設備通常為固定資產，屬於 Category 2
機械及設備,,澄清槽,True,2,機械設備通常為固定資產，屬於 Category 2
機械及設備,,過濾槽,True,2,機械設備通常為固定資產，屬於 Category 2
機械及設備,,空氣過濾機,True,2,機械設備通常為固定資產，屬於 Category 2
機械及設備,,洗棉機,True,2,機械設備通常為固定資產，屬於 Category 2
機械及設備,,壓濾機,True,2,機械設備通常為固定資產，屬於 Category 2
機械及設備,,過濾棉壓縮機,True,2,機械設備通常為固定資產，屬於 Category 2
機械及設備,,集中式吸塵及過濾機,True,2,機械設備通常為固定資產，屬於 Category 2
機械及設備,,過濾機,True,2,機械設備通常為固定資產，屬於 Category 2
機械及設備,,過濾盤,True,2,機械設備通常為固定資產，屬於 Category 2
機械及設備,,壓棉機,True,2,機械設備通常為固定資產，屬於 Category 2
機械及設備,,自動酒醪壓濾機,True,2,機械設備通常為固定資產，屬於 Category 2
機械及設備,,洗滌機,True,2,機械設備通常為固定資產，屬於 Category 2
機械及設備,,洗桶機,True,2,機械設備通常為固定資產，屬於 Category 2
機械及設備,,空氣過濾器,True,2,機械設備通常為固定資產，屬於 Category 2
機械及設備,05,選料機械及設備,True,2,機械設備通常為固定資產，屬於 Category 2
機械及設備,,麥芽精選機,True,2,機械設備通常為固定資產，屬於 Category 2
機械及設備,,選粒機,True,2,機械設備通常為固定資產，屬於 Category 2
機械及設備,,洗米機,True,2,機械設備通常為固定資產，屬於 Category 2
機械及設備,,振盪機,True,2,機械設備通常為固定資產，屬於 Category 2
機械及設備,,浸米槽,True,2,機械設備通常為固定資產，屬於 Category 2
機械及設備,,高壓洗滌機,True,2,機械設備通常為固定資產，屬於 Category 2
機械及設備,,炒豆機,True,2,機械設備通常為固定資產，屬於 Category 2
機械及設備,,鐵梯及腳踏設備,True,2,機械設備通常為固定資產，屬於 Category 2
機械及設備,,高壓洗滌泵,True,2,機械設備通常為固定資產，屬於 Category 2
機械及設備,,洗淨機,True,2,機械設備通常為固定資產，屬於 Category 2
機械及設備,,調理台,True,2,機械設備通常為固定資產，屬於 Category 2
機械及設備,,昇送機,True,2,機械設備通常為固定資產，屬於 Category 2
機械及設備,,儲米槽,True,2,機械設備通常為固定資產，屬於 Category 2
機械及設備,06,分離機械及設備,True,2,機械設備通常為固定資產，屬於 Category 2
機械及設備,,醪分離機,True,2,機械設備通常為固定資產，屬於 Category 2
機械及設備,,定量泵,True,2,機械設備通常為固定資產，屬於 Category 2
機械及設備,,渦形泵,True,2,機械設備通常為固定資產，屬於 Category 2
機械及設備,,水果渣汁泵,True,2,機械設備通常為固定資產，屬於 Category 2
機械及設備,,麥汁分離機,True,2,機械設備通常為固定資產，屬於 Category 2
機械及設備,07,醱酵機械及設備,True,2,機械設備通常為固定資產，屬於 Category 2
機械及設備,,攪拌機,True,2,機械設備通常為固定資產，屬於 Category 2
機械及設備,,醱酵琺瑯桶,True,2,機械設備通常為固定資產，屬於 Category 2
機械及設備,,醱醏酵銅桶,True,2,機械設備通常為固定資產，屬於 Category 2
機械及設備,,醱酵槽,True,2,機械設備通常為固定資產，屬於 Category 2
機械及設備,,醪槽,True,2,機械設備通常為固定資產，屬於 Category 2
機械及設備,,萬年槽,True,2,機械設備通常為固定資產，屬於 Category 2
機械及設備,,凝縮器,True,2,機械設備通常為固定資產，屬於 Category 2
機械及設備,,鹽水槽,True,2,機械設備通常為固定資產，屬於 Category 2
機械及設備,,酵母培養機,True,2,機械設備通常為固定資產，屬於 Category 2
機械及設備,,二氧化炭泡和器,True,2,機械設備通常為固定資產，屬於 Category 2
機械及設備,,空氣槽,True,2,機械設備通常為固定資產，屬於 Category 2
機械及設備,,酵母添殖槽,True,2,機械設備通常為固定資產，屬於 Category 2
機械及設備,,酵母洗滌槽,True,2,機械設備通常為固定資產，屬於 Category 2
機械及設備,,酒母桶,True,2,機械設備通常為固定資產，屬於 Category 2
機械及設備,,製麴機,True,2,機械設備通常為固定資產，屬於 Category 2
機械及設備,,麴切返機,True,2,機械設備通常為固定資產，屬於 Category 2
機械及設備,,醱酵試體槽,True,2,機械設備通常為固定資產，屬於 Category 2
機械及設備,,戶外醱酵設備,True,2,機械設備通常為固定資產，屬於 Category 2
機械及設備,,製粬籠,True,2,機械設備通常為固定資產，屬於 Category 2
機械及設備,,粬架,True,2,機械設備通常為固定資產，屬於 Category 2
機械及設備,,麴床,True,2,機械設備通常為固定資產，屬於 Category 2
機械及設備,,麴盤,True,2,機械設備通常為固定資產，屬於 Category 2
機械及設備,,作業台,True,2,機械設備通常為固定資產，屬於 Category 2
機械及設備,,真空脫氣機,True,2,機械設備通常為固定資產，屬於 Category 2
機械及設備,,洋樽木架,True,2,機械設備通常為固定資產，屬於 Category 2
機械及設備,,洋樽鋼架,True,2,機械設備通常為固定資產，屬於 Category 2
機械及設備,,酵素添加槽,True,2,機械設備通常為固定資產，屬於 Category 2
機械及設備,,二氧化硫添加槽,True,2,機械設備通常為固定資產，屬於 Category 2
機械及設備,,二氧化碳回收設備,True,2,機械設備通常為固定資產，屬於 Category 2
機械及設備,,酵母貯槽,True,2,機械設備通常為固定資產，屬於 Category 2
機械及設備,,殺菌設備,True,2,機械設備通常為固定資產，屬於 Category 2
機械及設備,,空氣壓縮機,True,2,機械設備通常為固定資產，屬於 Category 2
機械及設備,08,蒸餾壓榨機械及設備,True,2,機械設備通常為固定資產，屬於 Category 2
機械及設備,,蒸餾機,True,2,機械設備通常為固定資產，屬於 Category 2
機械及設備,,蒸餾水製造機,True,2,機械設備通常為固定資產，屬於 Category 2
機械及設備,,蒸餾塔,True,2,機械設備通常為固定資產，屬於 Category 2
機械及設備,,真空蒸發罐,True,2,機械設備通常為固定資產，屬於 Category 2
機械及設備,,酒精蒸餾器,True,2,機械設備通常為固定資產，屬於 Category 2
機械及設備,,連續蒸餾機,True,2,機械設備通常為固定資產，屬於 Category 2
機械及設備,,熱交換器,True,2,機械設備通常為固定資產，屬於 Category 2
機械及設備,,壓榨機,True,2,機械設備通常為固定資產，屬於 Category 2
機械及設備,,蒸餾冷卻水回收設備,True,2,機械設備通常為固定資產，屬於 Category 2
機械及設備,,預熱槽,True,2,機械設備通常為固定資產，屬於 Category 2
機械及設備,,乾燥裝置,True,2,機械設備通常為固定資產，屬於 Category 2
機械及設備,09,貯藏調和設備,True,2,機械設備通常為固定資產，屬於 Category 2
機械及設備,,貯酒桶,True,2,機械設備通常為固定資產，屬於 Category 2
機械及設備,,調和機,True,2,機械設備通常為固定資產，屬於 Category 2
機械及設備,,酒甕,True,2,機械設備通常為固定資產，屬於 Category 2
機械及設備,,儲酒桶,True,2,機械設備通常為固定資產，屬於 Category 2
機械及設備,,儲水槽,True,2,機械設備通常為固定資產，屬於 Category 2
機械及設備,,容器連接頭,True,2,機械設備通常為固定資產，屬於 Category 2
機械及設備,,流量計,True,2,機械設備通常為固定資產，屬於 Category 2
機械及設備,,葡萄醪壓板,True,2,機械設備通常為固定資產，屬於 Category 2
機械及設備,,高壓噴洗機,True,2,機械設備通常為固定資產，屬於 Category 2
機械及設備,,自動加酒槍,True,2,機械設備通常為固定資產，屬於 Category 2
機械及設備,,生啤酒桶,True,2,機械設備通常為固定資產，屬於 Category 2
機械及設備,,量酒桶,True,2,機械設備通常為固定資產，屬於 Category 2
機械及設備,,啤酒回收儲桶,True,2,機械設備通常為固定資產，屬於 Category 2
機械及設備,,酒類浸泡槽實驗設備,True,2,機械設備通常為固定資產，屬於 Category 2
機械及設備,10,包裝機械及設備,True,2,機械設備通常為固定資產，屬於 Category 2
機械及設備,,打蓋機,True,2,機械設備通常為固定資產，屬於 Category 2
機械及設備,,貼標機,True,2,機械設備通常為固定資產，屬於 Category 2
機械及設備,,溫酒機,True,2,機械設備通常為固定資產，屬於 Category 2
機械及設備,,洗瓶機,True,2,機械設備通常為固定資產，屬於 Category 2
機械及設備,,裝酒機,True,2,機械設備通常為固定資產，屬於 Category 2
機械及設備,,煮糊機,True,2,機械設備通常為固定資產，屬於 Category 2
機械及設備,,洗桶機,True,2,機械設備通常為固定資產，屬於 Category 2
機械及設備,,注糖打蓋裝酒機,True,2,機械設備通常為固定資產，屬於 Category 2
機械及設備,,炭酸氣混合機,True,2,機械設備通常為固定資產，屬於 Category 2
機械及設備,,手壓打蓋機,True,2,機械設備通常為固定資產，屬於 Category 2
機械及設備,,腳踏打蓋機,True,2,機械設備通常為固定資產，屬於 Category 2
機械及設備,,封證貼上機,True,2,機械設備通常為固定資產，屬於 Category 2
機械及設備,,檢瓶機,True,2,機械設備通常為固定資產，屬於 Category 2
機械及設備,,洗甕機,True,2,機械設備通常為固定資產，屬於 Category 2
機械及設備,,注糖機,True,2,機械設備通常為固定資產，屬於 Category 2
機械及設備,,酒碼包裝機,True,2,機械設備通常為固定資產，屬於 Category 2
機械及設備,,密碼打印器,True,2,機械設備通常為固定資產，屬於 Category 2
機械及設備,,洗箱機,True,2,機械設備通常為固定資產，屬於 Category 2
機械及設備,,土水機,True,2,機械設備通常為固定資產，屬於 Category 2
機械及設備,,自動噴水機,True,2,機械設備通常為固定資產，屬於 Category 2
機械及設備,,自動裝箱（綑包）機,True,2,機械設備通常為固定資產，屬於 Category 2
機械及設備,,訂底機,True,2,機械設備通常為固定資產，屬於 Category 2
機械及設備,,防蟲應裝置,True,2,機械設備通常為固定資產，屬於 Category 2
機械及設備,,生啤酒自動販賣機,True,2,機械設備通常為固定資產，屬於 Category 2
機械及設備,,抽酒機,True,2,機械設備通常為固定資產，屬於 Category 2
機械及設備,,釘箱機,True,2,機械設備通常為固定資產，屬於 Category 2
機械及設備,,二氧化碳填充器,True,2,機械設備通常為固定資產，屬於 Category 2
機械及設備,,封帶機,True,2,機械設備通常為固定資產，屬於 Category 2
機械及設備,,自動標籤印字機,True,2,機械設備通常為固定資產，屬於 Category 2
機械及設備,,瓶裝機組包裝設備,True,2,機械設備通常為固定資產，屬於 Category 2
機械及設備,,罐裝機組包裝設備,True,2,機械設備通常為固定資產，屬於 Category 2
機械及設備,,清洗系統,True,2,機械設備通常為固定資產，屬於 Category 2
機械及設備,,回收系統,True,2,機械設備通常為固定資產，屬於 Category 2
機械及設備,,供應系統,True,2,機械設備通常為固定資產，屬於 Category 2
機械及設備,,空氣緩衝槽,True,2,機械設備通常為固定資產，屬於 Category 2
機械及設備,,空氣乾燥機,True,2,機械設備通常為固定資產，屬於 Category 2
機械及設備,,壓罐機,True,2,機械設備通常為固定資產，屬於 Category 2
機械及設備,21,人造纖維製造暨加工機械及設備,True,2,機械設備通常為固定資產，屬於 Category 2
機械及設備,01,二硫化碳製造設備,True,2,機械設備通常為固定資產，屬於 Category 2
機械及設備,,電爐,True,2,機械設備通常為固定資產，屬於 Category 2
機械及設備,,硫精鍊爐,True,2,機械設備通常為固定資產，屬於 Category 2
機械及設備,,油換熱器,True,2,機械設備通常為固定資產，屬於 Category 2
機械及設備,,油槽,True,2,機械設備通常為固定資產，屬於 Category 2
機械及設備,,水封箱,True,2,機械設備通常為固定資產，屬於 Category 2
機械及設備,,蒸餾機,True,2,機械設備通常為固定資產，屬於 Category 2
機械及設備,,排氣槽,True,2,機械設備通常為固定資產，屬於 Category 2
機械及設備,02,燒鹼稀釋設備,True,2,機械設備通常為固定資產，屬於 Category 2
機械及設備,,液鹼儲槽,True,2,機械設備通常為固定資產，屬於 Category 2
機械及設備,03,黏液調配機械及設備,True,2,機械設備通常為固定資產，屬於 Category 2
機械及設備,,調漿機,True,2,機械設備通常為固定資產，屬於 Category 2
機械及設備,,磨漿機,True,2,機械設備通常為固定資產，屬於 Category 2
機械及設備,,溶漿機,True,2,機械設備通常為固定資產，屬於 Category 2
機械及設備,,熱水槽,True,2,機械設備通常為固定資產，屬於 Category 2
機械及設備,,冷水槽,True,2,機械設備通常為固定資產，屬於 Category 2
機械及設備,,凝水槽,True,2,機械設備通常為固定資產，屬於 Category 2
機械及設備,04,黏液成熟機械及設備,True,2,機械設備通常為固定資產，屬於 Category 2
機械及設備,,調黏液機,True,2,機械設備通常為固定資產，屬於 Category 2
機械及設備,,除氣機,True,2,機械設備通常為固定資產，屬於 Category 2
機械及設備,,擠乾機,True,2,機械設備通常為固定資產，屬於 Category 2
機械及設備,05,紡液調配機械及設備,True,2,機械設備通常為固定資產，屬於 Category 2
機械及設備,,真空過濾器,True,2,機械設備通常為固定資產，屬於 Category 2
機械及設備,,分離器,True,2,機械設備通常為固定資產，屬於 Category 2
機械及設備,,淨化機,True,2,機械設備通常為固定資產，屬於 Category 2
機械及設備,,蒸發機,True,2,機械設備通常為固定資產，屬於 Category 2
機械及設備,06,紡絲機械及設備,True,2,機械設備通常為固定資產，屬於 Category 2
機械及設備,,紡絲機,True,2,機械設備通常為固定資產，屬於 Category 2
機械及設備,,加熱器,True,2,機械設備通常為固定資產，屬於 Category 2
機械及設備,,過濾機,True,2,機械設備通常為固定資產，屬於 Category 2
機械及設備,,人造纖維聚酸合實驗工場設備,True,2,機械設備通常為固定資產，屬於 Category 2
機械及設備,,不飽和聚餾樹脂生產設備,True,2,機械設備通常為固定資產，屬於 Category 2
機械及設備,,纖維均勻度測定儀,True,2,機械設備通常為固定資產，屬於 Category 2
機械及設備,,纖維細度測定儀,True,2,機械設備通常為固定資產，屬於 Category 2
機械及設備,,高速紡絲監視系統,True,2,機械設備通常為固定資產，屬於 Category 2
機械及設備,07,洗絲包絲機械及設備,True,2,機械設備通常為固定資產，屬於 Category 2
機械及設備,,淨洗機,True,2,機械設備通常為固定資產，屬於 Category 2
機械及設備,,凝水槽,True,2,機械設備通常為固定資產，屬於 Category 2
機械及設備,,軟水槽,True,2,機械設備通常為固定資產，屬於 Category 2
機械及設備,,乾燥機,True,2,機械設備通常為固定資產，屬於 Category 2
機械及設備,08,筒搖機械及設備,True,2,機械設備通常為固定資產，屬於 Category 2
機械及設備,,搖紗機,True,2,機械設備通常為固定資產，屬於 Category 2
機械及設備,,筒紗機,True,2,機械設備通常為固定資產，屬於 Category 2
機械及設備,09,紡棉機械及設備,True,2,機械設備通常為固定資產，屬於 Category 2
機械及設備,,紡棉機,True,2,機械設備通常為固定資產，屬於 Category 2
機械及設備,,牽伸液收集槽,True,2,機械設備通常為固定資產，屬於 Category 2
機械及設備,,牽伸機,True,2,機械設備通常為固定資產，屬於 Category 2
機械及設備,,紡織量具,True,2,機械設備通常為固定資產，屬於 Category 2
機械及設備,10,切棉機械及設備,True,2,機械設備通常為固定資產，屬於 Category 2
機械及設備,,切棉機,True,2,機械設備通常為固定資產，屬於 Category 2
機械及設備,11,脫硫、淨洗機械及設備,True,2,機械設備通常為固定資產，屬於 Category 2
機械及設備,,熱交換器,True,2,機械設備通常為固定資產，屬於 Category 2
機械及設備,,處理機,True,2,機械設備通常為固定資產，屬於 Category 2
機械及設備,12,勻和、開棉機械及設備,True,2,機械設備通常為固定資產，屬於 Category 2
機械及設備,,打棉機,True,2,機械設備通常為固定資產，屬於 Category 2
機械及設備,,乾燥機,True,2,機械設備通常為固定資產，屬於 Category 2
機械及設備,13,染線機械及設備,True,2,機械設備通常為固定資產，屬於 Category 2
機械及設備,,染色機,True,2,機械設備通常為固定資產，屬於 Category 2
機械及設備,,脫水機,True,2,機械設備通常為固定資產，屬於 Category 2
機械及設備,14,整線機械及設備,True,2,機械設備通常為固定資產，屬於 Category 2
機械及設備,,擺絲機,True,2,機械設備通常為固定資產，屬於 Category 2
機械及設備,,乾燥機,True,2,機械設備通常為固定資產，屬於 Category 2
機械及設備,,筒子機,True,2,機械設備通常為固定資產，屬於 Category 2
機械及設備,,加撚機,True,2,機械設備通常為固定資產，屬於 Category 2
機械及設備,,熱處理機,True,2,機械設備通常為固定資產，屬於 Category 2
機械及設備,,撚線機,True,2,機械設備通常為固定資產，屬於 Category 2
機械及設備,,搖絲機,True,2,機械設備通常為固定資產，屬於 Category 2
機械及設備,,壓吸機,True,2,機械設備通常為固定資產，屬於 Category 2
機械及設備,,電腦配色系統,True,2,機械設備通常為固定資產，屬於 Category 2
機械及設備,15,包裝設備,True,2,機械設備通常為固定資產，屬於 Category 2
機械及設備,,打包機,True,2,機械設備通常為固定資產，屬於 Category 2
機械及設備,22,棉毛紡織機械及設備,True,2,機械設備通常為固定資產，屬於 Category 2
機械及設備,01,清棉機械及設備,True,2,機械設備通常為固定資產，屬於 Category 2
機械及設備,,解包機,True,2,機械設備通常為固定資產，屬於 Category 2
機械及設備,,給棉機,True,2,機械設備通常為固定資產，屬於 Category 2
機械及設備,,開棉機,True,2,機械設備通常為固定資產，屬於 Category 2
機械及設備,,凝棉機,True,2,機械設備通常為固定資產，屬於 Category 2
機械及設備,,配棉機,True,2,機械設備通常為固定資產，屬於 Category 2
機械及設備,,除塵器,True,2,機械設備通常為固定資產，屬於 Category 2
機械及設備,,調線機,True,2,機械設備通常為固定資產，屬於 Category 2
機械及設備,02,清毛機械及設備,True,2,機械設備通常為固定資產，屬於 Category 2
機械及設備,,回絲機,True,2,機械設備通常為固定資產，屬於 Category 2
機械及設備,,開毛機,True,2,機械設備通常為固定資產，屬於 Category 2
機械及設備,03,梳棉機械及設備,True,2,機械設備通常為固定資產，屬於 Category 2
機械及設備,,梳棉機,True,2,機械設備通常為固定資產，屬於 Category 2
機械及設備,,磨棍,True,2,機械設備通常為固定資產，屬於 Category 2
機械及設備,,抄棍,True,2,機械設備通常為固定資產，屬於 Category 2
機械及設備,,針軋機,True,2,機械設備通常為固定資產，屬於 Category 2
機械及設備,,裁剪捲取機,True,2,機械設備通常為固定資產，屬於 Category 2
機械及設備,,棉綢重疊成型機,True,2,機械設備通常為固定資產，屬於 Category 2
機械及設備,04,梳毛機械及設備,True,2,機械設備通常為固定資產，屬於 Category 2
機械及設備,,梳毛機,True,2,機械設備通常為固定資產，屬於 Category 2
機械及設備,05,精梳機械及設備,True,2,機械設備通常為固定資產，屬於 Category 2
機械及設備,,針梳機,True,2,機械設備通常為固定資產，屬於 Category 2
機械及設備,,精梳機,True,2,機械設備通常為固定資產，屬於 Category 2
機械及設備,,併卷機,True,2,機械設備通常為固定資產，屬於 Category 2
機械及設備,06,併條機械及設備,True,2,機械設備通常為固定資產，屬於 Category 2
機械及設備,,併條機,True,2,機械設備通常為固定資產，屬於 Category 2
機械及設備,07,粗紡機械及設備,True,2,機械設備通常為固定資產，屬於 Category 2
機械及設備,,粗紡機,True,2,機械設備通常為固定資產，屬於 Category 2
機械及設備,08,精紡機械及設備,True,2,機械設備通常為固定資產，屬於 Category 2
機械及設備,,精紡機,True,2,機械設備通常為固定資產，屬於 Category 2
機械及設備,09,撚整機械及設備,True,2,機械設備通常為固定資產，屬於 Category 2
機械及設備,,毛線成球機,True,2,機械設備通常為固定資產，屬於 Category 2
機械及設備,,撚線機,True,2,機械設備通常為固定資產，屬於 Category 2
機械及設備,,搖紗機,True,2,機械設備通常為固定資產，屬於 Category 2
機械及設備,10,織造準備機械及設備,True,2,機械設備通常為固定資產，屬於 Category 2
機械及設備,,整經機,True,2,機械設備通常為固定資產，屬於 Category 2
機械及設備,,漿紗機,True,2,機械設備通常為固定資產，屬於 Category 2
機械及設備,,穿扣機,True,2,機械設備通常為固定資產，屬於 Category 2
機械及設備,,倒緯機,True,2,機械設備通常為固定資產，屬於 Category 2
機械及設備,,廢紗捲取整理機,True,2,機械設備通常為固定資產，屬於 Category 2
機械及設備,,絲光機,True,2,機械設備通常為固定資產，屬於 Category 2
機械及設備,,導紗機,True,2,機械設備通常為固定資產，屬於 Category 2
機械及設備,,全自動換紗編撿機,True,2,機械設備通常為固定資產，屬於 Category 2
機械及設備,11,織造機械及設備,True,2,機械設備通常為固定資產，屬於 Category 2
機械及設備,,紡毛織機,True,2,機械設備通常為固定資產，屬於 Category 2
機械及設備,,絲織機,True,2,機械設備通常為固定資產，屬於 Category 2
機械及設備,,織布機,True,2,機械設備通常為固定資產，屬於 Category 2
機械及設備,,提花機,True,2,機械設備通常為固定資產，屬於 Category 2
機械及設備,,格子機,True,2,機械設備通常為固定資產，屬於 Category 2
機械及設備,,鑽木機,True,2,機械設備通常為固定資產，屬於 Category 2
機械及設備,,裁衣機,True,2,機械設備通常為固定資產，屬於 Category 2
機械及設備,,縫衣機,True,2,機械設備通常為固定資產，屬於 Category 2
機械及設備,,不織布機,True,2,機械設備通常為固定資產，屬於 Category 2
機械及設備,,打結機,True,2,機械設備通常為固定資產，屬於 Category 2
機械及設備,,成衣整理機,True,2,機械設備通常為固定資產，屬於 Category 2
機械及設備,,針織機,True,2,機械設備通常為固定資產，屬於 Category 2
機械及設備,,毛衣編織機,True,2,機械設備通常為固定資產，屬於 Category 2
機械及設備,,織物裁樣機,True,2,機械設備通常為固定資產，屬於 Category 2
機械及設備,12,濕整理機械及設備,True,2,機械設備通常為固定資產，屬於 Category 2
機械及設備,,纖維染色機,True,2,機械設備通常為固定資產，屬於 Category 2
機械及設備,,染紗機,True,2,機械設備通常為固定資產，屬於 Category 2
機械及設備,,疋染機,True,2,機械設備通常為固定資產，屬於 Category 2
機械及設備,,洗呢（布）機,True,2,機械設備通常為固定資產，屬於 Category 2
機械及設備,,縮呢機,True,2,機械設備通常為固定資產，屬於 Category 2
機械及設備,,煮呢機,True,2,機械設備通常為固定資產，屬於 Category 2
機械及設備,,脫水機,True,2,機械設備通常為固定資產，屬於 Category 2
機械及設備,,漂白機,True,2,機械設備通常為固定資產，屬於 Category 2
機械及設備,,印花機,True,2,機械設備通常為固定資產，屬於 Category 2
機械及設備,,樹脂加工機,True,2,機械設備通常為固定資產，屬於 Category 2
機械及設備,,繃網器,True,2,機械設備通常為固定資產，屬於 Category 2
機械及設備,13,乾整理機械及設備,True,2,機械設備通常為固定資產，屬於 Category 2
機械及設備,,起毛機,True,2,機械設備通常為固定資產，屬於 Category 2
機械及設備,,剪毛呢（布）機,True,2,機械設備通常為固定資產，屬於 Category 2
機械及設備,,蒸呢（布）機,True,2,機械設備通常為固定資產，屬於 Category 2
機械及設備,,烘乾機,True,2,機械設備通常為固定資產，屬於 Category 2
機械及設備,,壓光機,True,2,機械設備通常為固定資產，屬於 Category 2
機械及設備,,捲呢（布）機,True,2,機械設備通常為固定資產，屬於 Category 2
機械及設備,,量呢（布）機,True,2,機械設備通常為固定資產，屬於 Category 2
機械及設備,,檢查機,True,2,機械設備通常為固定資產，屬於 Category 2
機械及設備,,打包機,True,2,機械設備通常為固定資產，屬於 Category 2
機械及設備,,靜電植毛機,True,2,機械設備通常為固定資產，屬於 Category 2
機械及設備,,摺布機,True,2,機械設備通常為固定資產，屬於 Category 2
機械及設備,,回潮率烘箱,True,2,機械設備通常為固定資產，屬於 Category 2
機械及設備,,硝化甘油加熱槽,True,2,機械設備通常為固定資產，屬於 Category 2
機械及設備,,走馬編帶機,True,2,機械設備通常為固定資產，屬於 Category 2
機械及設備,,熱風機,True,2,機械設備通常為固定資產，屬於 Category 2
機械及設備,,乾洗測試機,True,2,機械設備通常為固定資產，屬於 Category 2
機械及設備,14,皮棍機械及設備,True,2,機械設備通常為固定資產，屬於 Category 2
機械及設備,,磨切皮刀機,True,2,機械設備通常為固定資產，屬於 Category 2
機械及設備,15,地毯編織及設備,True,2,機械設備通常為固定資產，屬於 Category 2
機械及設備,,底布上膠機,True,2,機械設備通常為固定資產，屬於 Category 2
機械及設備,23,木材加工機械及設備,True,2,機械設備通常為固定資產，屬於 Category 2
機械及設備,01,鋸木機械及設備,True,2,機械設備通常為固定資產，屬於 Category 2
機械及設備,,帶鋸機,True,2,機械設備通常為固定資產，屬於 Category 2
機械及設備,,排鋸機,True,2,機械設備通常為固定資產，屬於 Category 2
機械及設備,,圓鋸,True,2,機械設備通常為固定資產，屬於 Category 2
機械及設備,,鏈式原木鋸斷機,True,2,機械設備通常為固定資產，屬於 Category 2
機械及設備,,線鋸,True,2,機械設備通常為固定資產，屬於 Category 2
機械及設備,,雙頭立軸機,True,2,機械設備通常為固定資產，屬於 Category 2
機械及設備,,自動抽圓棒機,True,2,機械設備通常為固定資產，屬於 Category 2
機械及設備,,搖動吊鋸機,True,2,機械設備通常為固定資產，屬於 Category 2
機械及設備,,木材成型機,True,2,機械設備通常為固定資產，屬於 Category 2
機械及設備,,彎鋸機,True,2,機械設備通常為固定資產，屬於 Category 2
機械及設備,,縱割機,True,2,機械設備通常為固定資產，屬於 Category 2
機械及設備,,長切鋸,True,2,機械設備通常為固定資產，屬於 Category 2
機械及設備,02,切片機械及設備,True,2,機械設備通常為固定資產，屬於 Category 2
機械及設備,,捲切木片機,True,2,機械設備通常為固定資產，屬於 Category 2
機械及設備,,平切木片機,True,2,機械設備通常為固定資產，屬於 Category 2
機械及設備,,栽切木片機,True,2,機械設備通常為固定資產，屬於 Category 2
機械及設備,,木片切邊機,True,2,機械設備通常為固定資產，屬於 Category 2
機械及設備,,角鑿機,True,2,機械設備通常為固定資產，屬於 Category 2
機械及設備,,木材切溝機,True,2,機械設備通常為固定資產，屬於 Category 2
機械及設備,,鑿準機,True,2,機械設備通常為固定資產，屬於 Category 2
機械及設備,,木材加工機械,True,2,機械設備通常為固定資產，屬於 Category 2
機械及設備,03,乾燥機械及設備,True,2,機械設備通常為固定資產，屬於 Category 2
機械及設備,,薄片乾燥機,True,2,機械設備通常為固定資產，屬於 Category 2
機械及設備,,薄片與層板乾燥室,True,2,機械設備通常為固定資產，屬於 Category 2
機械及設備,,天然乾燥機,True,2,機械設備通常為固定資產，屬於 Category 2
機械及設備,,保溫箱,True,2,機械設備通常為固定資產，屬於 Category 2
機械及設備,04,併接、膠合機械及設備,True,2,機械設備通常為固定資產，屬於 Category 2
機械及設備,,木片拼接機,True,2,機械設備通常為固定資產，屬於 Category 2
機械及設備,,塗膠機,True,2,機械設備通常為固定資產，屬於 Category 2
機械及設備,,拼面機,True,2,機械設備通常為固定資產，屬於 Category 2
機械及設備,,膠接機,True,2,機械設備通常為固定資產，屬於 Category 2
機械及設備,,膠拼機,True,2,機械設備通常為固定資產，屬於 Category 2
機械及設備,,油壓冷壓機,True,2,機械設備通常為固定資產，屬於 Category 2
機械及設備,,油壓熱壓機,True,2,機械設備通常為固定資產，屬於 Category 2
機械及設備,,結束機,True,2,機械設備通常為固定資產，屬於 Category 2
機械及設備,,粒片板貼（封）邊機,True,2,機械設備通常為固定資產，屬於 Category 2
機械及設備,,拌膠機,True,2,機械設備通常為固定資產，屬於 Category 2
機械及設備,05,層板裁切磨光機械及設備,True,2,機械設備通常為固定資產，屬於 Category 2
機械及設備,,整裁機,True,2,機械設備通常為固定資產，屬於 Category 2
機械及設備,,光面機,True,2,機械設備通常為固定資產，屬於 Category 2
機械及設備,,砂光機,True,2,機械設備通常為固定資產，屬於 Category 2
機械及設備,,雙面光面機,True,2,機械設備通常為固定資產，屬於 Category 2
機械及設備,,精工光面機,True,2,機械設備通常為固定資產，屬於 Category 2
機械及設備,,萬能機,True,2,機械設備通常為固定資產，屬於 Category 2
機械及設備,,裁邊機,True,2,機械設備通常為固定資產，屬於 Category 2
機械及設備,,電動鉋,True,2,機械設備通常為固定資產，屬於 Category 2
機械及設備,,磨刀機,True,2,機械設備通常為固定資產，屬於 Category 2
機械及設備,,線鉋機,True,2,機械設備通常為固定資產，屬於 Category 2
機械及設備,,高速鉋花機,True,2,機械設備通常為固定資產，屬於 Category 2
機械及設備,,圓盤砂帶機,True,2,機械設備通常為固定資產，屬於 Category 2
機械及設備,,作榫機,True,2,機械設備通常為固定資產，屬於 Category 2
機械及設備,,三面光面機,True,2,機械設備通常為固定資產，屬於 Category 2
機械及設備,,四面光面機,True,2,機械設備通常為固定資產，屬於 Category 2
機械及設備,,手推光面機,True,2,機械設備通常為固定資產，屬於 Category 2
機械及設備,,自動刨鋸機,True,2,機械設備通常為固定資產，屬於 Category 2
機械及設備,,枕木刨鋸機,True,2,機械設備通常為固定資產，屬於 Category 2
機械及設備,06,防腐機械及設備,True,2,機械設備通常為固定資產，屬於 Category 2
機械及設備,,枕木防腐夾緊機,True,2,機械設備通常為固定資產，屬於 Category 2
機械及設備,,木材防腐處理設備,True,2,機械設備通常為固定資產，屬於 Category 2
機械及設備,,木材防腐車,True,2,機械設備通常為固定資產，屬於 Category 2
機械及設備,,木材防腐用台車,True,2,機械設備通常為固定資產，屬於 Category 2
機械及設備,24,人造木板製造機械及設備,True,2,機械設備通常為固定資產，屬於 Category 2
機械及設備,01,鋸切機械及設備,True,2,機械設備通常為固定資產，屬於 Category 2
機械及設備,,帶鋸機,True,2,機械設備通常為固定資產，屬於 Category 2
機械及設備,,橫切機,True,2,機械設備通常為固定資產，屬於 Category 2
機械及設備,,削片機,True,2,機械設備通常為固定資產，屬於 Category 2
機械及設備,,打碎機,True,2,機械設備通常為固定資產，屬於 Category 2
機械及設備,,鉋刀機,True,2,機械設備通常為固定資產，屬於 Category 2
機械及設備,,手提電鋸,True,2,機械設備通常為固定資產，屬於 Category 2
機械及設備,,電鋸,True,2,機械設備通常為固定資產，屬於 Category 2
機械及設備,02,乾燥機械,True,2,機械設備通常為固定資產，屬於 Category 2
機械及設備,,乾燥機,True,2,機械設備通常為固定資產，屬於 Category 2
機械及設備,03,篩儲機械及設備,True,2,機械設備通常為固定資產，屬於 Category 2
機械及設備,,粗細片自動分離機,True,2,機械設備通常為固定資產，屬於 Category 2
機械及設備,04,調配、壓製機械及設備,True,2,機械設備通常為固定資產，屬於 Category 2
機械及設備,,量藥器,True,2,機械設備通常為固定資產，屬於 Category 2
機械及設備,,混藥器,True,2,機械設備通常為固定資產，屬於 Category 2
機械及設備,,整型機,True,2,機械設備通常為固定資產，屬於 Category 2
機械及設備,,預壓機,True,2,機械設備通常為固定資產，屬於 Category 2
機械及設備,,熱壓機,True,2,機械設備通常為固定資產，屬於 Category 2
機械及設備,,藥劑追加裝置（漏斗）,True,2,機械設備通常為固定資產，屬於 Category 2
機械及設備,,染料自動追加系統設備,True,2,機械設備通常為固定資產，屬於 Category 2
機械及設備,05,整理機械及設備,True,2,機械設備通常為固定資產，屬於 Category 2
機械及設備,,修邊機,True,2,機械設備通常為固定資產，屬於 Category 2
機械及設備,,磨光機,True,2,機械設備通常為固定資產，屬於 Category 2
機械及設備,,角鑿,True,2,機械設備通常為固定資產，屬於 Category 2
機械及設備,,三角木榫自動鑿機,True,2,機械設備通常為固定資產，屬於 Category 2
機械及設備,,電動角納機,True,2,機械設備通常為固定資產，屬於 Category 2
機械及設備,,上膠機,True,2,機械設備通常為固定資產，屬於 Category 2
機械及設備,,吋移機車,True,2,機械設備通常為固定資產，屬於 Category 2
機械及設備,,鑽孔機,True,2,機械設備通常為固定資產，屬於 Category 2
機械及設備,25,蔗板製造機械及設備,True,2,機械設備通常為固定資產，屬於 Category 2
機械及設備,01,製漿機械及設備,True,2,機械設備通常為固定資產，屬於 Category 2
機械及設備,,蔗捆打散機,True,2,機械設備通常為固定資產，屬於 Category 2
機械及設備,,蒸煮鍋,True,2,機械設備通常為固定資產，屬於 Category 2
機械及設備,,振盪篩,True,2,機械設備通常為固定資產，屬於 Category 2
機械及設備,,集塵器,True,2,機械設備通常為固定資產，屬於 Category 2
機械及設備,,纖維回收機,True,2,機械設備通常為固定資產，屬於 Category 2
機械及設備,,打漿機,True,2,機械設備通常為固定資產，屬於 Category 2
機械及設備,02,製板機械及設備,True,2,機械設備通常為固定資產，屬於 Category 2
機械及設備,,熱壓機,True,2,機械設備通常為固定資產，屬於 Category 2
機械及設備,,疊壓機,True,2,機械設備通常為固定資產，屬於 Category 2
機械及設備,,乾燥機,True,2,機械設備通常為固定資產，屬於 Category 2
機械及設備,,調濕機,True,2,機械設備通常為固定資產，屬於 Category 2
機械及設備,,出板機,True,2,機械設備通常為固定資產，屬於 Category 2
機械及設備,03,整理機械及設備,True,2,機械設備通常為固定資產，屬於 Category 2
機械及設備,,鋸板機,True,2,機械設備通常為固定資產，屬於 Category 2
機械及設備,26,藥品製造機械及設備,True,2,機械設備通常為固定資產，屬於 Category 2
機械及設備,01,壓碎機械及設備,True,2,機械設備通常為固定資產，屬於 Category 2
機械及設備,,電熱板,True,2,機械設備通常為固定資產，屬於 Category 2
機械及設備,,粉碎機,True,2,機械設備通常為固定資產，屬於 Category 2
機械及設備,,篩粉機,True,2,機械設備通常為固定資產，屬於 Category 2
機械及設備,,乳劑磨碎機,True,2,機械設備通常為固定資產，屬於 Category 2
機械及設備,02,醱酵設備,True,2,機械設備通常為固定資產，屬於 Category 2
機械及設備,,醱酵槽,True,2,機械設備通常為固定資產，屬於 Category 2
機械及設備,,蒸煮槽,True,2,機械設備通常為固定資產，屬於 Category 2
機械及設備,,樹脂塔,True,2,機械設備通常為固定資產，屬於 Category 2
機械及設備,,振盪培養器,True,2,機械設備通常為固定資產，屬於 Category 2
機械及設備,,振盪保溫器,True,2,機械設備通常為固定資產，屬於 Category 2
機械及設備,03,分離機械及設備,True,2,機械設備通常為固定資產，屬於 Category 2
機械及設備,,離心分離機,True,2,機械設備通常為固定資產，屬於 Category 2
機械及設備,,遠心沉澱機,True,2,機械設備通常為固定資產，屬於 Category 2
機械及設備,,過濾機,True,2,機械設備通常為固定資產，屬於 Category 2
機械及設備,,壓濾機,True,2,機械設備通常為固定資產，屬於 Category 2
機械及設備,,壓榨機,True,2,機械設備通常為固定資產，屬於 Category 2
機械及設備,,澄清機,True,2,機械設備通常為固定資產，屬於 Category 2
機械及設備,,沉澱器,True,2,機械設備通常為固定資產，屬於 Category 2
機械及設備,,旋轉盤機,True,2,機械設備通常為固定資產，屬於 Category 2
機械及設備,04,蒸餾設備,True,2,機械設備通常為固定資產，屬於 Category 2
機械及設備,,蒸餾器（機）,True,2,機械設備通常為固定資產，屬於 Category 2
機械及設備,05,蒸發設備,True,2,機械設備通常為固定資產，屬於 Category 2
機械及設備,,蒸發器,True,2,機械設備通常為固定資產，屬於 Category 2
機械及設備,,加熱（真空）濃縮罐,True,2,機械設備通常為固定資產，屬於 Category 2
機械及設備,,真空迅速濃縮裝置,True,2,機械設備通常為固定資產，屬於 Category 2
機械及設備,06,調製機械及設備,True,2,機械設備通常為固定資產，屬於 Category 2
機械及設備,,調藥槽,True,2,機械設備通常為固定資產，屬於 Category 2
機械及設備,,攪拌器,True,2,機械設備通常為固定資產，屬於 Category 2
機械及設備,,混合器,True,2,機械設備通常為固定資產，屬於 Category 2
機械及設備,,加熱鍋,True,2,機械設備通常為固定資產，屬於 Category 2
機械及設備,,乳化機,True,2,機械設備通常為固定資產，屬於 Category 2
機械及設備,,軟膏煉合（滾筒）機,True,2,機械設備通常為固定資產，屬於 Category 2
機械及設備,,真空吸引器,True,2,機械設備通常為固定資產，屬於 Category 2
機械及設備,,軟膏管附不銹鋼刀,True,2,機械設備通常為固定資產，屬於 Category 2
機械及設備,,攪拌磨碎機,True,2,機械設備通常為固定資產，屬於 Category 2
機械及設備,,減壓過濾器,True,2,機械設備通常為固定資產，屬於 Category 2
機械及設備,,其他調製機械及設備,True,2,機械設備通常為固定資產，屬於 Category 2
機械及設備,07,滅菌消毒除塵設備,True,2,機械設備通常為固定資產，屬於 Category 2
機械及設備,,殺菌槽,True,2,機械設備通常為固定資產，屬於 Category 2
機械及設備,,用水清潔器,True,2,機械設備通常為固定資產，屬於 Category 2
機械及設備,,空氣除塵（清淨）器（塔）,True,2,機械設備通常為固定資產，屬於 Category 2
機械及設備,,用水殺菌設備,True,2,機械設備通常為固定資產，屬於 Category 2
機械及設備,,過濾流動空氣培養箱,True,2,機械設備通常為固定資產，屬於 Category 2
機械及設備,,無菌室遞物箱,True,2,機械設備通常為固定資產，屬於 Category 2
機械及設備,,無菌過瀘器,True,2,機械設備通常為固定資產，屬於 Category 2
機械及設備,,空氣滅菌清淨機,True,2,機械設備通常為固定資產，屬於 Category 2
機械及設備,,高壓消毒器,True,2,機械設備通常為固定資產，屬於 Category 2
機械及設備,08,乾燥機械及設備,True,2,機械設備通常為固定資產，屬於 Category 2
機械及設備,,乾燥機,True,2,機械設備通常為固定資產，屬於 Category 2
機械及設備,,乾燥箱,True,2,機械設備通常為固定資產，屬於 Category 2
機械及設備,09,包裝、成型機械及設備,True,2,機械設備通常為固定資產，屬於 Category 2
機械及設備,,數丸（片）機,True,2,機械設備通常為固定資產，屬於 Category 2
機械及設備,,分裝天秤,True,2,機械設備通常為固定資產，屬於 Category 2
機械及設備,,液（乳）劑分裝機,True,2,機械設備通常為固定資產，屬於 Category 2
機械及設備,,錫膠管填充機,True,2,機械設備通常為固定資產，屬於 Category 2
機械及設備,,錫管封閉機,True,2,機械設備通常為固定資產，屬於 Category 2
機械及設備,,膠囊填充機,True,2,機械設備通常為固定資產，屬於 Category 2
機械及設備,,安瓿切斷機,True,2,機械設備通常為固定資產，屬於 Category 2
機械及設備,,安瓿熔封燈,True,2,機械設備通常為固定資產，屬於 Category 2
機械及設備,,安瓿熔封口狀態檢驗機,True,2,機械設備通常為固定資產，屬於 Category 2
機械及設備,,封口機,True,2,機械設備通常為固定資產，屬於 Category 2
機械及設備,,壓木塞機,True,2,機械設備通常為固定資產，屬於 Category 2
機械及設備,,瓶栓封蓋機,True,2,機械設備通常為固定資產，屬於 Category 2
機械及設備,,容器洗滌機,True,2,機械設備通常為固定資產，屬於 Category 2
機械及設備,,壓片機,True,2,機械設備通常為固定資產，屬於 Category 2
機械及設備,,丸粒機,True,2,機械設備通常為固定資產，屬於 Category 2
機械及設備,,糖衣機,True,2,機械設備通常為固定資產，屬於 Category 2
機械及設備,,糖衣磨光機,True,2,機械設備通常為固定資產，屬於 Category 2
機械及設備,,栓劑成型機,True,2,機械設備通常為固定資產，屬於 Category 2
機械及設備,,萬能製藥機,True,2,機械設備通常為固定資產，屬於 Category 2
機械及設備,,木栓穿孔機,True,2,機械設備通常為固定資產，屬於 Category 2
機械及設備,,自動包裝機,True,2,機械設備通常為固定資產，屬於 Category 2
機械及設備,,水劑分裝機,True,2,機械設備通常為固定資產，屬於 Category 2
機械及設備,,電腦藥片計數機,True,2,機械設備通常為固定資產，屬於 Category 2
機械及設備,,濃黏液體二管式充機,True,2,機械設備通常為固定資產，屬於 Category 2
機械及設備,,旋蓋機,True,2,機械設備通常為固定資產，屬於 Category 2
機械及設備,27,麵粉、澱粉製造機械及設備,True,2,機械設備通常為固定資產，屬於 Category 2
機械及設備,01,精選機械及設備,True,2,機械設備通常為固定資產，屬於 Category 2
機械及設備,,頭道麥篩,True,2,機械設備通常為固定資產，屬於 Category 2
機械及設備,02,製粉機械及設備,True,2,機械設備通常為固定資產，屬於 Category 2
機械及設備,,磨粉機,True,2,機械設備通常為固定資產，屬於 Category 2
機械及設備,,平篩,True,2,機械設備通常為固定資產，屬於 Category 2
機械及設備,,細麵皮篩,True,2,機械設備通常為固定資產，屬於 Category 2
機械及設備,,圓羅,True,2,機械設備通常為固定資產，屬於 Category 2
機械及設備,,鬆粉機,True,2,機械設備通常為固定資產，屬於 Category 2
機械及設備,,集粉機,True,2,機械設備通常為固定資產，屬於 Category 2
機械及設備,,加注機,True,2,機械設備通常為固定資產，屬於 Category 2
機械及設備,,混合機,True,2,機械設備通常為固定資產，屬於 Category 2
機械及設備,,塞風機,True,2,機械設備通常為固定資產，屬於 Category 2
機械及設備,,殺蟲機,True,2,機械設備通常為固定資產，屬於 Category 2
機械及設備,,麵粉空氣壓送機,True,2,機械設備通常為固定資產，屬於 Category 2
機械及設備,,空氣壓縮機,True,2,機械設備通常為固定資產，屬於 Category 2
機械及設備,,麥流管,True,2,機械設備通常為固定資產，屬於 Category 2
機械及設備,03,樹薯粉磨製機械及設備,True,2,機械設備通常為固定資產，屬於 Category 2
機械及設備,,去皮機,True,2,機械設備通常為固定資產，屬於 Category 2
機械及設備,,洗滌機,True,2,機械設備通常為固定資產，屬於 Category 2
機械及設備,,製粉機,True,2,機械設備通常為固定資產，屬於 Category 2
機械及設備,,壓粕機,True,2,機械設備通常為固定資產，屬於 Category 2
機械及設備,,磨粉機,True,2,機械設備通常為固定資產，屬於 Category 2
機械及設備,,攪和機,True,2,機械設備通常為固定資產，屬於 Category 2
機械及設備,,澱粉乾燥機,True,2,機械設備通常為固定資產，屬於 Category 2
機械及設備,,壓汁機,True,2,機械設備通常為固定資產，屬於 Category 2
機械及設備,04,澱粉貯存設備,True,2,機械設備通常為固定資產，屬於 Category 2
機械及設備,,污粉池,True,2,機械設備通常為固定資產，屬於 Category 2
機械及設備,05,包裝機械,True,2,機械設備通常為固定資產，屬於 Category 2
機械及設備,,裝粉機,True,2,機械設備通常為固定資產，屬於 Category 2
機械及設備,,裝麩機,True,2,機械設備通常為固定資產，屬於 Category 2
機械及設備,,縫口機,True,2,機械設備通常為固定資產，屬於 Category 2
機械及設備,,閉口振動自動包裝機,True,2,機械設備通常為固定資產，屬於 Category 2
機械及設備,28,捲菸機械及設備,True,2,機械設備通常為固定資產，屬於 Category 2
機械及設備,01,理葉機械及設備,True,2,機械設備通常為固定資產，屬於 Category 2
機械及設備,,壓骨機,True,2,機械設備通常為固定資產，屬於 Category 2
機械及設備,,切柄機,True,2,機械設備通常為固定資產，屬於 Category 2
機械及設備,,空氣壓縮機,True,2,機械設備通常為固定資產，屬於 Category 2
機械及設備,,加香機,True,2,機械設備通常為固定資產，屬於 Category 2
機械及設備,,菸葉醱酵調和器,True,2,機械設備通常為固定資產，屬於 Category 2
機械及設備,,增濕增溫器,True,2,機械設備通常為固定資產，屬於 Category 2
機械及設備,,香料槽,True,2,機械設備通常為固定資產，屬於 Category 2
機械及設備,,真空菸葉濕潤機,True,2,機械設備通常為固定資產，屬於 Category 2
機械及設備,,除骨機,True,2,機械設備通常為固定資產，屬於 Category 2
機械及設備,,磁鐵器,True,2,機械設備通常為固定資產，屬於 Category 2
機械及設備,,加香菸葉堆積箱,True,2,機械設備通常為固定資產，屬於 Category 2
機械及設備,,菸肉分離機,True,2,機械設備通常為固定資產，屬於 Category 2
機械及設備,,菸葉供給機,True,2,機械設備通常為固定資產，屬於 Category 2
機械及設備,,烘菸機,True,2,機械設備通常為固定資產，屬於 Category 2
機械及設備,,濕潤輸送機,True,2,機械設備通常為固定資產，屬於 Category 2
機械及設備,,除骨菸葉堆積槽,True,2,機械設備通常為固定資產，屬於 Category 2
機械及設備,02,切葉機械及設備,True,2,機械設備通常為固定資產，屬於 Category 2
機械及設備,,切骨機,True,2,機械設備通常為固定資產，屬於 Category 2
機械及設備,,切菸機,True,2,機械設備通常為固定資產，屬於 Category 2
機械及設備,,乾燥鐵箱,True,2,機械設備通常為固定資產，屬於 Category 2
機械及設備,,冷卻機,True,2,機械設備通常為固定資產，屬於 Category 2
機械及設備,,乾燥機,True,2,機械設備通常為固定資產，屬於 Category 2
機械及設備,,菸絲箱,True,2,機械設備通常為固定資產，屬於 Category 2
機械及設備,,紅紙箱,True,2,機械設備通常為固定資產，屬於 Category 2
機械及設備,,砂塵篩分機,True,2,機械設備通常為固定資產，屬於 Category 2
機械及設備,,摻骨絲機,True,2,機械設備通常為固定資產，屬於 Category 2
機械及設備,,菸絲（葉）堆積槽及設備,True,2,機械設備通常為固定資產，屬於 Category 2
機械及設備,,雪茄菸絲調和設備,True,2,機械設備通常為固定資產，屬於 Category 2
機械及設備,,菸絲風送設備,True,2,機械設備通常為固定資產，屬於 Category 2
機械及設備,,理切設備,True,2,機械設備通常為固定資產，屬於 Category 2
機械及設備,03,捲菸機械及設備,True,2,機械設備通常為固定資產，屬於 Category 2
機械及設備,,過濾咀接合機,True,2,機械設備通常為固定資產，屬於 Category 2
機械及設備,,捲菸機,True,2,機械設備通常為固定資產，屬於 Category 2
機械及設備,,菸支盤,True,2,機械設備通常為固定資產，屬於 Category 2
機械及設備,,真空壓縮泵,True,2,機械設備通常為固定資產，屬於 Category 2
機械及設備,,菸支儲存設備,True,2,機械設備通常為固定資產，屬於 Category 2
機械及設備,,中央集塵裝置,True,2,機械設備通常為固定資產，屬於 Category 2
機械及設備,04,包裝機械及設備,True,2,機械設備通常為固定資產，屬於 Category 2
機械及設備,,人工外包機,True,2,機械設備通常為固定資產，屬於 Category 2
機械及設備,,聽裝封罐機,True,2,機械設備通常為固定資產，屬於 Category 2
機械及設備,,加臘機,True,2,機械設備通常為固定資產，屬於 Category 2
機械及設備,,加熱器,True,2,機械設備通常為固定資產，屬於 Category 2
機械及設備,,解菸機,True,2,機械設備通常為固定資產，屬於 Category 2
機械及設備,,香菸包裝機,True,2,機械設備通常為固定資產，屬於 Category 2
機械及設備,,玻璃紙包裝機,True,2,機械設備通常為固定資產，屬於 Category 2
機械及設備,,空氣調節設備,True,2,機械設備通常為固定資產，屬於 Category 2
機械及設備,05,濾嘴機械及設備,True,2,機械設備通常為固定資產，屬於 Category 2
機械及設備,,濾嘴捲製機,True,2,機械設備通常為固定資產，屬於 Category 2
機械及設備,,濾咀裝盤機,True,2,機械設備通常為固定資產，屬於 Category 2
機械及設備,29,鳳梨加工機械及設備,True,2,機械設備通常為固定資產，屬於 Category 2
機械及設備,01,分級選洗機械,True,2,機械設備通常為固定資產，屬於 Category 2
機械及設備,,再洗機,True,2,機械設備通常為固定資產，屬於 Category 2
機械及設備,,喂送機,True,2,機械設備通常為固定資產，屬於 Category 2
機械及設備,,選別機,True,2,機械設備通常為固定資產，屬於 Category 2
機械及設備,02,切片及切碎機械,True,2,機械設備通常為固定資產，屬於 Category 2
機械及設備,,去皮機,True,2,機械設備通常為固定資產，屬於 Category 2
機械及設備,,碎肉機,True,2,機械設備通常為固定資產，屬於 Category 2
機械及設備,,打碎機,True,2,機械設備通常為固定資產，屬於 Category 2
機械及設備,,切片機,True,2,機械設備通常為固定資產，屬於 Category 2
機械及設備,,切塊機,True,2,機械設備通常為固定資產，屬於 Category 2
機械及設備,,切菜機,True,2,機械設備通常為固定資產，屬於 Category 2
機械及設備,03,壓汁機械及設備,True,2,機械設備通常為固定資產，屬於 Category 2
機械及設備,,壓汁機,True,2,機械設備通常為固定資產，屬於 Category 2
機械及設備,,搾濾機,True,2,機械設備通常為固定資產，屬於 Category 2
機械及設備,,壓濾機,True,2,機械設備通常為固定資產，屬於 Category 2
機械及設備,,排渣分離機,True,2,機械設備通常為固定資產，屬於 Category 2
機械及設備,,高速分離機,True,2,機械設備通常為固定資產，屬於 Category 2
機械及設備,,混合機,True,2,機械設備通常為固定資產，屬於 Category 2
機械及設備,,糖水調配槽,True,2,機械設備通常為固定資產，屬於 Category 2
機械及設備,,儲存槽,True,2,機械設備通常為固定資產，屬於 Category 2
機械及設備,,熱交換器,True,2,機械設備通常為固定資產，屬於 Category 2
機械及設備,,絞汁機,True,2,機械設備通常為固定資產，屬於 Category 2
機械及設備,04,裝罐及殺菌機械,True,2,機械設備通常為固定資產，屬於 Category 2
機械及設備,,果汁脫氣及殺菌機,True,2,機械設備通常為固定資產，屬於 Category 2
機械及設備,,殺菌機,True,2,機械設備通常為固定資產，屬於 Category 2
機械及設備,,活塞裝罐機,True,2,機械設備通常為固定資產，屬於 Category 2
機械及設備,,果汁裝罐器,True,2,機械設備通常為固定資產，屬於 Category 2
機械及設備,,預封蓋機,True,2,機械設備通常為固定資產，屬於 Category 2
機械及設備,,真空封蓋機,True,2,機械設備通常為固定資產，屬於 Category 2
機械及設備,,封蓋機,True,2,機械設備通常為固定資產，屬於 Category 2
機械及設備,,罐頭捲封測微儀,True,2,機械設備通常為固定資產，屬於 Category 2
機械及設備,,送罐用轉盤,True,2,機械設備通常為固定資產，屬於 Category 2
機械及設備,,抽氣機,True,2,機械設備通常為固定資產，屬於 Category 2
機械及設備,05,包裝機械,True,2,機械設備通常為固定資產，屬於 Category 2
機械及設備,,洗罐機,True,2,機械設備通常為固定資產，屬於 Category 2
機械及設備,,貼標機,True,2,機械設備通常為固定資產，屬於 Category 2
機械及設備,,埧空封口包裝機,True,2,機械設備通常為固定資產，屬於 Category 2
機械及設備,30,自來水（公共給水）機械及設備,True,2,機械設備通常為固定資產，屬於 Category 2
機械及設備,01,取水淨水機械及設備,True,2,機械設備通常為固定資產，屬於 Category 2
機械及設備,,蓄水庫,True,2,機械設備通常為固定資產，屬於 Category 2
機械及設備,,護岸,True,2,機械設備通常為固定資產，屬於 Category 2
機械及設備,,水壩,True,2,機械設備通常為固定資產，屬於 Category 2
機械及設備,,堰堤,True,2,機械設備通常為固定資產，屬於 Category 2
機械及設備,,進水口,True,2,機械設備通常為固定資產，屬於 Category 2
機械及設備,,取水塔,True,2,機械設備通常為固定資產，屬於 Category 2
機械及設備,,取水門,True,2,機械設備通常為固定資產，屬於 Category 2
機械及設備,,取水管渠,True,2,機械設備通常為固定資產，屬於 Category 2
機械及設備,,取水格框,True,2,機械設備通常為固定資產，屬於 Category 2
機械及設備,,導水渠,True,2,機械設備通常為固定資產，屬於 Category 2
機械及設備,,隧道,True,2,機械設備通常為固定資產，屬於 Category 2
機械及設備,,集水暗渠,True,2,機械設備通常為固定資產，屬於 Category 2
機械及設備,,集水井,True,2,機械設備通常為固定資產，屬於 Category 2
機械及設備,,深井,True,2,機械設備通常為固定資產，屬於 Category 2
機械及設備,,淺井,True,2,機械設備通常為固定資產，屬於 Category 2
機械及設備,,連絡井,True,2,機械設備通常為固定資產，屬於 Category 2
機械及設備,,調整井,True,2,機械設備通常為固定資產，屬於 Category 2
機械及設備,,沉砂池,True,2,機械設備通常為固定資產，屬於 Category 2
機械及設備,,沉砂井,True,2,機械設備通常為固定資產，屬於 Category 2
機械及設備,,導水井,True,2,機械設備通常為固定資產，屬於 Category 2
機械及設備,,分水井,True,2,機械設備通常為固定資產，屬於 Category 2
機械及設備,,氣曝池,True,2,機械設備通常為固定資產，屬於 Category 2
機械及設備,,混合池,True,2,機械設備通常為固定資產，屬於 Category 2
機械及設備,,膠羽池,True,2,機械設備通常為固定資產，屬於 Category 2
機械及設備,,膠羽沉澱池,True,2,機械設備通常為固定資產，屬於 Category 2
機械及設備,,高速膠羽沉澱池,True,2,機械設備通常為固定資產，屬於 Category 2
機械及設備,,沉澱池,True,2,機械設備通常為固定資產，屬於 Category 2
機械及設備,,慢濾池,True,2,機械設備通常為固定資產，屬於 Category 2
機械及設備,,慢濾井,True,2,機械設備通常為固定資產，屬於 Category 2
機械及設備,,快濾池,True,2,機械設備通常為固定資產，屬於 Category 2
機械及設備,,壓力過濾機,True,2,機械設備通常為固定資產，屬於 Category 2
機械及設備,,清水井,True,2,機械設備通常為固定資產，屬於 Category 2
機械及設備,,抽水井,True,2,機械設備通常為固定資產，屬於 Category 2
機械及設備,,清水池,True,2,機械設備通常為固定資產，屬於 Category 2
機械及設備,,蓄水池,True,2,機械設備通常為固定資產，屬於 Category 2
機械及設備,,空氣壓縮機,True,2,機械設備通常為固定資產，屬於 Category 2
機械及設備,,加藥機,True,2,機械設備通常為固定資產，屬於 Category 2
機械及設備,,加藥池,True,2,機械設備通常為固定資產，屬於 Category 2
機械及設備,,藥劑溶解槽,True,2,機械設備通常為固定資產，屬於 Category 2
機械及設備,,攪拌機,True,2,機械設備通常為固定資產，屬於 Category 2
機械及設備,,膠羽機,True,2,機械設備通常為固定資產，屬於 Category 2
機械及設備,,刮泥機,True,2,機械設備通常為固定資產，屬於 Category 2
機械及設備,,加氯機,True,2,機械設備通常為固定資產，屬於 Category 2
機械及設備,,漂粉消毒機,True,2,機械設備通常為固定資產，屬於 Category 2
機械及設備,,離子交換器,True,2,機械設備通常為固定資產，屬於 Category 2
機械及設備,,過濾器,True,2,機械設備通常為固定資產，屬於 Category 2
機械及設備,,流量調節器,True,2,機械設備通常為固定資產，屬於 Category 2
機械及設備,,濾池控制設備,True,2,機械設備通常為固定資產，屬於 Category 2
機械及設備,,氣壓操作控制閥,True,2,機械設備通常為固定資產，屬於 Category 2
機械及設備,,水壓操作控制閥,True,2,機械設備通常為固定資產，屬於 Category 2
機械及設備,,電力操作控制閥,True,2,機械設備通常為固定資產，屬於 Category 2
機械及設備,,自動壓力控制閥,True,2,機械設備通常為固定資產，屬於 Category 2
機械及設備,,操作台,True,2,機械設備通常為固定資產，屬於 Category 2
機械及設備,,洗砂機及加壓抽水機,True,2,機械設備通常為固定資產，屬於 Category 2
機械及設備,,往復式抽水機,True,2,機械設備通常為固定資產，屬於 Category 2
機械及設備,,迴轉式抽水機,True,2,機械設備通常為固定資產，屬於 Category 2
機械及設備,,離心式抽水機,True,2,機械設備通常為固定資產，屬於 Category 2
機械及設備,,真空抽氣機,True,2,機械設備通常為固定資產，屬於 Category 2
機械及設備,,洗砂槽,True,2,機械設備通常為固定資產，屬於 Category 2
機械及設備,,洗砂機,True,2,機械設備通常為固定資產，屬於 Category 2
機械及設備,,噴水器,True,2,機械設備通常為固定資產，屬於 Category 2
機械及設備,,氨壓縮機,True,2,機械設備通常為固定資產，屬於 Category 2
機械及設備,,過剩石灰法軟化機,True,2,機械設備通常為固定資產，屬於 Category 2
機械及設備,,量水槽,True,2,機械設備通常為固定資產，屬於 Category 2
機械及設備,,底閥,True,2,機械設備通常為固定資產，屬於 Category 2
機械及設備,,浮球閥,True,2,機械設備通常為固定資產，屬於 Category 2
機械及設備,,構外管件,True,2,機械設備通常為固定資產，屬於 Category 2
機械及設備,,堆砂場,True,2,機械設備通常為固定資產，屬於 Category 2
機械及設備,,水路橋,True,2,機械設備通常為固定資產，屬於 Category 2
機械及設備,,廢水池,True,2,機械設備通常為固定資產，屬於 Category 2
機械及設備,,貯藥槽,True,2,機械設備通常為固定資產，屬於 Category 2
機械及設備,,水頭損失控制器,True,2,機械設備通常為固定資產，屬於 Category 2
機械及設備,,硬水軟化設備,True,2,機械設備通常為固定資產，屬於 Category 2
機械及設備,,釀造用水處理設備,True,2,機械設備通常為固定資產，屬於 Category 2
機械及設備,,深井濾水設備,True,2,機械設備通常為固定資產，屬於 Category 2
機械及設備,,人力抽水機,True,2,機械設備通常為固定資產，屬於 Category 2
機械及設備,,電動抽水機,True,2,機械設備通常為固定資產，屬於 Category 2
機械及設備,,自來水錶,True,2,機械設備通常為固定資產，屬於 Category 2
機械及設備,,軟水處理設備,True,2,機械設備通常為固定資產，屬於 Category 2
機械及設備,,電子遙控監視設備,True,2,機械設備通常為固定資產，屬於 Category 2
機械及設備,,傾斜板,True,2,機械設備通常為固定資產，屬於 Category 2
機械及設備,,鑽孔機,True,2,機械設備通常為固定資產，屬於 Category 2
機械及設備,,解壓機,True,2,機械設備通常為固定資產，屬於 Category 2
機械及設備,,高壓電電盤綜合試驗台,True,2,機械設備通常為固定資產，屬於 Category 2
機械及設備,,輸送機,True,2,機械設備通常為固定資產，屬於 Category 2
機械及設備,,電動吊車,True,2,機械設備通常為固定資產，屬於 Category 2
機械及設備,,起動機,True,2,機械設備通常為固定資產，屬於 Category 2
機械及設備,,油壓機,True,2,機械設備通常為固定資產，屬於 Category 2
機械及設備,,電流計,True,2,機械設備通常為固定資產，屬於 Category 2
機械及設備,,電阻計,True,2,機械設備通常為固定資產，屬於 Category 2
機械及設備,,記錄儀,True,2,機械設備通常為固定資產，屬於 Category 2
機械及設備,,油開關式新阻器,True,2,機械設備通常為固定資產，屬於 Category 2
機械及設備,,電流器,True,2,機械設備通常為固定資產，屬於 Category 2
機械及設備,,高壓保險器,True,2,機械設備通常為固定資產，屬於 Category 2
機械及設備,,欄污柵,True,2,機械設備通常為固定資產，屬於 Category 2
機械及設備,,四向開關,True,2,機械設備通常為固定資產，屬於 Category 2
機械及設備,,混凝土均勻槽表面曝氣機,True,2,機械設備通常為固定資產，屬於 Category 2
機械及設備,,水源加氯器,True,2,機械設備通常為固定資產，屬於 Category 2
機械及設備,,電動抽水馬達,True,2,機械設備通常為固定資產，屬於 Category 2
機械及設備,02,送配水機械及設備,True,2,機械設備通常為固定資產，屬於 Category 2
機械及設備,,配水池,True,2,機械設備通常為固定資產，屬於 Category 2
機械及設備,,高架水池,True,2,機械設備通常為固定資產，屬於 Category 2
機械及設備,,水塔,True,2,機械設備通常為固定資產，屬於 Category 2
機械及設備,,安全閥,True,2,機械設備通常為固定資產，屬於 Category 2
機械及設備,,減壓閥,True,2,機械設備通常為固定資產，屬於 Category 2
機械及設備,,制水閥,True,2,機械設備通常為固定資產，屬於 Category 2
機械及設備,,逆止閥,True,2,機械設備通常為固定資產，屬於 Category 2
機械及設備,,排氣閥,True,2,機械設備通常為固定資產，屬於 Category 2
機械及設備,,消火栓,True,2,機械設備通常為固定資產，屬於 Category 2
機械及設備,,給水栓,True,2,機械設備通常為固定資產，屬於 Category 2
機械及設備,,止水栓,True,2,機械設備通常為固定資產，屬於 Category 2
機械及設備,,漏水測量計,True,2,機械設備通常為固定資產，屬於 Category 2
機械及設備,,穿孔機,True,2,機械設備通常為固定資產，屬於 Category 2
機械及設備,,自來水管,True,2,機械設備通常為固定資產，屬於 Category 2
機械及設備,,高度閥,True,2,機械設備通常為固定資產，屬於 Category 2
機械及設備,,頭水設備,True,2,機械設備通常為固定資產，屬於 Category 2
機械及設備,,次水機,True,2,機械設備通常為固定資產，屬於 Category 2
機械及設備,,無閥濾池,True,2,機械設備通常為固定資產，屬於 Category 2
機械及設備,,送水高壓機,True,2,機械設備通常為固定資產，屬於 Category 2
機械及設備,,水中探測器,True,2,機械設備通常為固定資產，屬於 Category 2
機械及設備,,抽水機,True,2,機械設備通常為固定資產，屬於 Category 2
機械及設備,,路面破碎機,True,2,機械設備通常為固定資產，屬於 Category 2
機械及設備,,鑿岩機,True,2,機械設備通常為固定資產，屬於 Category 2
機械及設備,,篩搖機,True,2,機械設備通常為固定資產，屬於 Category 2
機械及設備,,切管機,True,2,機械設備通常為固定資產，屬於 Category 2
機械及設備,,儲槽,True,2,機械設備通常為固定資產，屬於 Category 2
機械及設備,,過濾槽,True,2,機械設備通常為固定資產，屬於 Category 2
機械及設備,,繪圖儀器,True,2,機械設備通常為固定資產，屬於 Category 2
機械及設備,,縮放儀,True,2,機械設備通常為固定資產，屬於 Category 2
機械及設備,,覓管機,True,2,機械設備通常為固定資產，屬於 Category 2
機械及設備,,箱尺,True,2,機械設備通常為固定資產，屬於 Category 2
機械及設備,,傳送器,True,2,機械設備通常為固定資產，屬於 Category 2
機械及設備,,水壓試驗機,True,2,機械設備通常為固定資產，屬於 Category 2
機械及設備,,水位柱,True,2,機械設備通常為固定資產，屬於 Category 2
機械及設備,,噴氣井,True,2,機械設備通常為固定資產，屬於 Category 2
機械及設備,,接合井,True,2,機械設備通常為固定資產，屬於 Category 2
機械及設備,,水管橋,True,2,機械設備通常為固定資產，屬於 Category 2
機械及設備,,鐵鞍帶,True,2,機械設備通常為固定資產，屬於 Category 2
機械及設備,,電子聽音棒,True,2,機械設備通常為固定資產，屬於 Category 2
機械及設備,,抗浮地錨,True,2,機械設備通常為固定資產，屬於 Category 2
機械及設備,,湯櫃,True,2,機械設備通常為固定資產，屬於 Category 2
機械及設備,,瓦管,True,2,機械設備通常為固定資產，屬於 Category 2
機械及設備,,窨井,True,2,機械設備通常為固定資產，屬於 Category 2
機械及設備,,通管通通槍,True,2,機械設備通常為固定資產，屬於 Category 2
機械及設備,,水車取水栓,True,2,機械設備通常為固定資產，屬於 Category 2
機械及設備,,金屬探測器,True,2,機械設備通常為固定資產，屬於 Category 2
機械及設備,,水銀汞浦保護器,True,2,機械設備通常為固定資產，屬於 Category 2
機械及設備,,水銀計,True,2,機械設備通常為固定資產，屬於 Category 2
機械及設備,,消壓塔,True,2,機械設備通常為固定資產，屬於 Category 2
機械及設備,,抽水機房消音設備,True,2,機械設備通常為固定資產，屬於 Category 2
機械及設備,,耙污機,True,2,機械設備通常為固定資產，屬於 Category 2
機械及設備,03,檢修漏機械及設備,True,2,機械設備通常為固定資產，屬於 Category 2
機械及設備,,擋土板－鋼樁,True,2,機械設備通常為固定資產，屬於 Category 2
機械及設備,,花紋鋼板,True,2,機械設備通常為固定資產，屬於 Category 2
機械及設備,04,製造水錶機械及設備,True,2,機械設備通常為固定資產，屬於 Category 2
機械及設備,,射出成形機,True,2,機械設備通常為固定資產，屬於 Category 2
機械及設備,,銷錶機,True,2,機械設備通常為固定資產，屬於 Category 2
機械及設備,,水量流動試驗台,True,2,機械設備通常為固定資產，屬於 Category 2
機械及設備,,水壓調壓系統設備,True,2,機械設備通常為固定資產，屬於 Category 2
機械及設備,,映射機,True,2,機械設備通常為固定資產，屬於 Category 2
機械及設備,,複合機,True,2,機械設備通常為固定資產，屬於 Category 2
機械及設備,,研磨機,True,2,機械設備通常為固定資產，屬於 Category 2
機械及設備,,自動切割器,True,2,機械設備通常為固定資產，屬於 Category 2
機械及設備,31,冷凍（製冷）機械及設備,True,2,機械設備通常為固定資產，屬於 Category 2
機械及設備,01,製冷機械及設備,True,2,機械設備通常為固定資產，屬於 Category 2
機械及設備,,壓縮機,True,2,機械設備通常為固定資產，屬於 Category 2
機械及設備,,冷凝器,True,2,機械設備通常為固定資產，屬於 Category 2
機械及設備,,受液器,True,2,機械設備通常為固定資產，屬於 Category 2
機械及設備,,蒸發器,True,2,機械設備通常為固定資產，屬於 Category 2
機械及設備,,汽車冷氣訓練套,True,2,機械設備通常為固定資產，屬於 Category 2
機械及設備,,冷凍管路模型,True,2,機械設備通常為固定資產，屬於 Category 2
機械及設備,,旋轉平衡調整器,True,2,機械設備通常為固定資產，屬於 Category 2
機械及設備,,壓縮機開剖機,True,2,機械設備通常為固定資產，屬於 Category 2
機械及設備,,冷煤充灌機,True,2,機械設備通常為固定資產，屬於 Category 2
機械及設備,,太陽能吸收式空調系統,True,2,機械設備通常為固定資產，屬於 Category 2
機械及設備,,密閉循環式冷測試系統,True,2,機械設備通常為固定資產，屬於 Category 2
機械及設備,,送風機試驗檢查設備系統工程,True,2,機械設備通常為固定資產，屬於 Category 2
機械及設備,,低溫冷凍櫃,True,2,機械設備通常為固定資產，屬於 Category 2
機械及設備,,超低溫液氣小液體,True,2,機械設備通常為固定資產，屬於 Category 2
機械及設備,,零下處理爐,True,2,機械設備通常為固定資產，屬於 Category 2
機械及設備,,冷媒充氣筒,True,2,機械設備通常為固定資產，屬於 Category 2
機械及設備,,汽車冷氣試教板,True,2,機械設備通常為固定資產，屬於 Category 2
機械及設備,,冷凍空調試教板,True,2,機械設備通常為固定資產，屬於 Category 2
機械及設備,,冰水機組試教板,True,2,機械設備通常為固定資產，屬於 Category 2
機械及設備,,中央系統冰水機組,True,2,機械設備通常為固定資產，屬於 Category 2
機械及設備,,窗型冷氣電路板,True,2,機械設備通常為固定資產，屬於 Category 2
機械及設備,,組合式冷凍設備,True,2,機械設備通常為固定資產，屬於 Category 2
機械及設備,,汽車空調設備,True,2,機械設備通常為固定資產，屬於 Category 2
機械及設備,,冷卻水塔設備,True,2,機械設備通常為固定資產，屬於 Category 2
機械及設備,,冷暖通風設備,True,2,機械設備通常為固定資產，屬於 Category 2
機械及設備,,活動充液試驗,True,2,機械設備通常為固定資產，屬於 Category 2
機械及設備,,冰水機,True,2,機械設備通常為固定資產，屬於 Category 2
機械及設備,02,製冷輔助設備,True,2,機械設備通常為固定資產，屬於 Category 2
機械及設備,,分油槽,True,2,機械設備通常為固定資產，屬於 Category 2
機械及設備,,空氣分離器,True,2,機械設備通常為固定資產，屬於 Category 2
機械及設備,03,製冰機械及設備,True,2,機械設備通常為固定資產，屬於 Category 2
機械及設備,,攪拌機,True,2,機械設備通常為固定資產，屬於 Category 2
機械及設備,,結冰罐,True,2,機械設備通常為固定資產，屬於 Category 2
機械及設備,,脫冰機,True,2,機械設備通常為固定資產，屬於 Category 2
機械及設備,,預冷槽,True,2,機械設備通常為固定資產，屬於 Category 2
機械及設備,,製冰槽（鹽水槽）,True,2,機械設備通常為固定資產，屬於 Category 2
機械及設備,,浸冰槽,True,2,機械設備通常為固定資產，屬於 Category 2
機械及設備,,碎冰機,True,2,機械設備通常為固定資產，屬於 Category 2
機械及設備,,疊冰機,True,2,機械設備通常為固定資產，屬於 Category 2
機械及設備,,製冰機,True,2,機械設備通常為固定資產，屬於 Category 2
機械及設備,,乾冰製造器,True,2,機械設備通常為固定資產，屬於 Category 2
機械及設備,,霜淇淋機,True,2,機械設備通常為固定資產，屬於 Category 2
機械及設備,,製冰式儲冷槽及工作流體,True,2,機械設備通常為固定資產，屬於 Category 2
機械及設備,04,凍結設備,True,2,機械設備通常為固定資產，屬於 Category 2
機械及設備,,凍結盤（盆）,True,2,機械設備通常為固定資產，屬於 Category 2
機械及設備,32,電工器材製造機械及設備,True,2,機械設備通常為固定資產，屬於 Category 2
機械及設備,01,繞絲機械及設備,True,2,機械設備通常為固定資產，屬於 Category 2
機械及設備,,繞絲機,True,2,機械設備通常為固定資產，屬於 Category 2
機械及設備,,剪絲機,True,2,機械設備通常為固定資產，屬於 Category 2
機械及設備,,捲線機,True,2,機械設備通常為固定資產，屬於 Category 2
機械及設備,,鍛熱器,True,2,機械設備通常為固定資產，屬於 Category 2
機械及設備,,處理爐,True,2,機械設備通常為固定資產，屬於 Category 2
機械及設備,,乾燥爐,True,2,機械設備通常為固定資產，屬於 Category 2
機械及設備,,剪圓機,True,2,機械設備通常為固定資產，屬於 Category 2
機械及設備,02,磨砂機械及設備,True,2,機械設備通常為固定資產，屬於 Category 2
機械及設備,,割頭機,True,2,機械設備通常為固定資產，屬於 Category 2
機械及設備,,磨砂機,True,2,機械設備通常為固定資產，屬於 Category 2
機械及設備,,洗臘機,True,2,機械設備通常為固定資產，屬於 Category 2
機械及設備,,烘乾機,True,2,機械設備通常為固定資產，屬於 Category 2
機械及設備,,打印機,True,2,機械設備通常為固定資產，屬於 Category 2
機械及設備,03,成型機械及設備,True,2,機械設備通常為固定資產，屬於 Category 2
機械及設備,,割管機,True,2,機械設備通常為固定資產，屬於 Category 2
機械及設備,,喇叭機,True,2,機械設備通常為固定資產，屬於 Category 2
機械及設備,,心柱機,True,2,機械設備通常為固定資產，屬於 Category 2
機械及設備,,心柱烘箱,True,2,機械設備通常為固定資產，屬於 Category 2
機械及設備,,插鉤機,True,2,機械設備通常為固定資產，屬於 Category 2
機械及設備,,充氣濾淨器,True,2,機械設備通常為固定資產，屬於 Category 2
機械及設備,,裝頭機,True,2,機械設備通常為固定資產，屬於 Category 2
機械及設備,,試光機,True,2,機械設備通常為固定資產，屬於 Category 2
機械及設備,,蒸發器,True,2,機械設備通常為固定資產，屬於 Category 2
機械及設備,,封鉛鉗,True,2,機械設備通常為固定資產，屬於 Category 2
機械及設備,04,填料機械及設備,True,2,機械設備通常為固定資產，屬於 Category 2
機械及設備,,混合機,True,2,機械設備通常為固定資產，屬於 Category 2
機械及設備,,橫搗機,True,2,機械設備通常為固定資產，屬於 Category 2
機械及設備,,直搗機,True,2,機械設備通常為固定資產，屬於 Category 2
機械及設備,,填料壓入機,True,2,機械設備通常為固定資產，屬於 Category 2
機械及設備,,燒炭精爐,True,2,機械設備通常為固定資產，屬於 Category 2
機械及設備,,碾磨機,True,2,機械設備通常為固定資產，屬於 Category 2
機械及設備,05,單體捲繞機械及設備,True,2,機械設備通常為固定資產，屬於 Category 2
機械及設備,,捲繞機,True,2,機械設備通常為固定資產，屬於 Category 2
機械及設備,,高壓帶聯接機,True,2,機械設備通常為固定資產，屬於 Category 2
機械及設備,,乾燥器,True,2,機械設備通常為固定資產，屬於 Category 2
機械及設備,06,過濾及蒸餾設備,True,2,機械設備通常為固定資產，屬於 Category 2
機械及設備,,脫氣槽,True,2,機械設備通常為固定資產，屬於 Category 2
機械及設備,,油過濾機,True,2,機械設備通常為固定資產，屬於 Category 2
機械及設備,,溶解槽,True,2,機械設備通常為固定資產，屬於 Category 2
機械及設備,,真空浸滲槽,True,2,機械設備通常為固定資產，屬於 Category 2
機械及設備,,超過濾薄膜系統,True,2,機械設備通常為固定資產，屬於 Category 2
機械及設備,07,裝配機械及設備,True,2,機械設備通常為固定資產，屬於 Category 2
機械及設備,,滾筒底機,True,2,機械設備通常為固定資產，屬於 Category 2
機械及設備,,電液混合槽,True,2,機械設備通常為固定資產，屬於 Category 2
機械及設備,,糊化機,True,2,機械設備通常為固定資產，屬於 Category 2
機械及設備,,封蓋機,True,2,機械設備通常為固定資產，屬於 Category 2
機械及設備,,磁子裝配爐,True,2,機械設備通常為固定資產，屬於 Category 2
機械及設備,,凡立浸漬槽,True,2,機械設備通常為固定資產，屬於 Category 2
機械及設備,08,晶體製造設備,True,2,機械設備通常為固定資產，屬於 Category 2
機械及設備,,單晶成長儀器,True,2,機械設備通常為固定資產，屬於 Category 2
機械及設備,,複印機,True,2,機械設備通常為固定資產，屬於 Category 2
機械及設備,,對準機,True,2,機械設備通常為固定資產，屬於 Category 2
機械及設備,,步進機,True,2,機械設備通常為固定資產，屬於 Category 2
機械及設備,,電子束系統,True,2,機械設備通常為固定資產，屬於 Category 2
機械及設備,,保護膜附帶工具,True,2,機械設備通常為固定資產，屬於 Category 2
機械及設備,,旋乾機,True,2,機械設備通常為固定資產，屬於 Category 2
機械及設備,,刷洗機,True,2,機械設備通常為固定資產，屬於 Category 2
機械及設備,,化學槽,True,2,機械設備通常為固定資產，屬於 Category 2
機械及設備,,純水清洗槽,True,2,機械設備通常為固定資產，屬於 Category 2
機械及設備,,化學品容器,True,2,機械設備通常為固定資產，屬於 Category 2
機械及設備,,蝕刻機,True,2,機械設備通常為固定資產，屬於 Category 2
機械及設備,,電漿儀器,True,2,機械設備通常為固定資產，屬於 Category 2
機械及設備,,熱處理設備,True,2,機械設備通常為固定資產，屬於 Category 2
機械及設備,,離子植入機,True,2,機械設備通常為固定資產，屬於 Category 2
機械及設備,,植入化學儀器,True,2,機械設備通常為固定資產，屬於 Category 2
機械及設備,,化學氣相沉積設備,True,2,機械設備通常為固定資產，屬於 Category 2
機械及設備,,磊晶設備,True,2,機械設備通常為固定資產，屬於 Category 2
機械及設備,,沈積化學儀器,True,2,機械設備通常為固定資產，屬於 Category 2
機械及設備,,金屬蒸鍍機,True,2,機械設備通常為固定資產，屬於 Category 2
機械及設備,,金屬濺鍍機,True,2,機械設備通常為固定資產，屬於 Category 2
機械及設備,,金屬電鍍設備,True,2,機械設備通常為固定資產，屬於 Category 2
機械及設備,,機械人,True,2,機械設備通常為固定資產，屬於 Category 2
機械及設備,,晶舟轉換機,True,2,機械設備通常為固定資產，屬於 Category 2
機械及設備,,晶片傳送系統,True,2,機械設備通常為固定資產，屬於 Category 2
機械及設備,,晶片辨識設備,True,2,機械設備通常為固定資產，屬於 Category 2
機械及設備,,晶片檢驗機,True,2,機械設備通常為固定資產，屬於 Category 2
機械及設備,,強光照射機,True,2,機械設備通常為固定資產，屬於 Category 2
機械及設備,,表面塵粒掃描儀,True,2,機械設備通常為固定資產，屬於 Category 2
機械及設備,,阻值量測儀,True,2,機械設備通常為固定資產，屬於 Category 2
機械及設備,,微距量測儀,True,2,機械設備通常為固定資產，屬於 Category 2
機械及設備,,厚度量測儀,True,2,機械設備通常為固定資產，屬於 Category 2
機械及設備,,光強度量測儀,True,2,機械設備通常為固定資產，屬於 Category 2
機械及設備,,表面剖面起伏量儀,True,2,機械設備通常為固定資產，屬於 Category 2
機械及設備,,光罩自動檢驗機,True,2,機械設備通常為固定資產，屬於 Category 2
機械及設備,,光學及檢驗儀器,True,2,機械設備通常為固定資產，屬於 Category 2
機械及設備,,分析儀器,True,2,機械設備通常為固定資產，屬於 Category 2
機械及設備,,晶片參數測試機,True,2,機械設備通常為固定資產，屬於 Category 2
機械及設備,,容壓器,True,2,機械設備通常為固定資產，屬於 Category 2
機械及設備,,針測機,True,2,機械設備通常為固定資產，屬於 Category 2
機械及設備,,曲線追蹤儀,True,2,機械設備通常為固定資產，屬於 Category 2
機械及設備,,微定位儀,True,2,機械設備通常為固定資產，屬於 Category 2
機械及設備,,測試機,True,2,機械設備通常為固定資產，屬於 Category 2
機械及設備,,ＩＣ處理裝置,True,2,機械設備通常為固定資產，屬於 Category 2
機械及設備,,高壓測試,True,2,機械設備通常為固定資產，屬於 Category 2
機械及設備,,溫溼度測試,True,2,機械設備通常為固定資產，屬於 Category 2
機械及設備,,腐蝕測試,True,2,機械設備通常為固定資產，屬於 Category 2
機械及設備,,Ｘ射線系統,True,2,機械設備通常為固定資產，屬於 Category 2
機械及設備,,空氣洗滌室,True,2,機械設備通常為固定資產，屬於 Category 2
機械及設備,,模組式清潔室,True,2,機械設備通常為固定資產，屬於 Category 2
機械及設備,,層流台儀器,True,2,機械設備通常為固定資產，屬於 Category 2
機械及設備,,高效過濾片,True,2,機械設備通常為固定資產，屬於 Category 2
機械及設備,,傳遞窗,True,2,機械設備通常為固定資產，屬於 Category 2
機械及設備,,清潔室儀器,True,2,機械設備通常為固定資產，屬於 Category 2
機械及設備,,噴砂機,True,2,機械設備通常為固定資產，屬於 Category 2
機械及設備,,刻號標記設備,True,2,機械設備通常為固定資產，屬於 Category 2
機械及設備,,晶粒黏著機,True,2,機械設備通常為固定資產，屬於 Category 2
機械及設備,,自動角度研磨機,True,2,機械設備通常為固定資產，屬於 Category 2
機械及設備,,晶片固定機,True,2,機械設備通常為固定資產，屬於 Category 2
機械及設備,,晶片切割儀器,True,2,機械設備通常為固定資產，屬於 Category 2
機械及設備,,氣體純化器,True,2,機械設備通常為固定資產，屬於 Category 2
機械及設備,,毒氣偵測器,True,2,機械設備通常為固定資產，屬於 Category 2
機械及設備,,氣體流量控制儀器,True,2,機械設備通常為固定資產，屬於 Category 2
機械及設備,,冰水主機,True,2,機械設備通常為固定資產，屬於 Category 2
機械及設備,,自動切換開關,True,2,機械設備通常為固定資產，屬於 Category 2
機械及設備,,反滲透水設備,True,2,機械設備通常為固定資產，屬於 Category 2
機械及設備,,原水清潔器,True,2,機械設備通常為固定資產，屬於 Category 2
機械及設備,,去離子水儲存槽,True,2,機械設備通常為固定資產，屬於 Category 2
機械及設備,,水質偵測儀,True,2,機械設備通常為固定資產，屬於 Category 2
機械及設備,,重金屬處理槽,True,2,機械設備通常為固定資產，屬於 Category 2
機械及設備,,塵粒計數器,True,2,機械設備通常為固定資產，屬於 Category 2
機械及設備,,純水儀器,True,2,機械設備通常為固定資產，屬於 Category 2
機械及設備,,集塵設備,True,2,機械設備通常為固定資產，屬於 Category 2
機械及設備,,微塵收集器,True,2,機械設備通常為固定資產，屬於 Category 2
機械及設備,,二次管路,True,2,機械設備通常為固定資產，屬於 Category 2
機械及設備,,ＰＶＤＦ管材及管件,True,2,機械設備通常為固定資產，屬於 Category 2
機械及設備,,清潔室內用工具,True,2,機械設備通常為固定資產，屬於 Category 2
機械及設備,,熱壓式銲線機,True,2,機械設備通常為固定資產，屬於 Category 2
機械及設備,,超音波接線機,True,2,機械設備通常為固定資產，屬於 Category 2
機械及設備,,真空測漏儀器,True,2,機械設備通常為固定資產，屬於 Category 2
機械及設備,,安全洗滌具,True,2,機械設備通常為固定資產，屬於 Category 2
機械及設備,,安全防護槽,True,2,機械設備通常為固定資產，屬於 Category 2
機械及設備,,工作桌,True,2,機械設備通常為固定資產，屬於 Category 2
機械及設備,,電池,True,2,機械設備通常為固定資產，屬於 Category 2
機械及設備,,鹽霧噴灑器,True,2,機械設備通常為固定資產，屬於 Category 2
機械及設備,,薄膜分子定向器,True,2,機械設備通常為固定資產，屬於 Category 2
機械及設備,,安全防護罩,True,2,機械設備通常為固定資產，屬於 Category 2
機械及設備,,上光阻機,True,2,機械設備通常為固定資產，屬於 Category 2
機械及設備,,曝光機,True,2,機械設備通常為固定資產，屬於 Category 2
機械及設備,,清洗用化學站,True,2,機械設備通常為固定資產，屬於 Category 2
機械及設備,,蝕刻用化學站,True,2,機械設備通常為固定資產，屬於 Category 2
機械及設備,,高溫擴散／氧化爐,True,2,機械設備通常為固定資產，屬於 Category 2
機械及設備,,高熱計,True,2,機械設備通常為固定資產，屬於 Category 2
機械及設備,,磁力量測儀,True,2,機械設備通常為固定資產，屬於 Category 2
機械及設備,,粒子噴灑設備,True,2,機械設備通常為固定資產，屬於 Category 2
機械及設備,,光阻硬化機,True,2,機械設備通常為固定資產，屬於 Category 2
機械及設備,,廢氣處理設備,True,2,機械設備通常為固定資產，屬於 Category 2
機械及設備,,氮氣槍,True,2,機械設備通常為固定資產，屬於 Category 2
機械及設備,,晶粒計數器設備,True,2,機械設備通常為固定資產，屬於 Category 2
機械及設備,,超音波晶片取樣機,True,2,機械設備通常為固定資產，屬於 Category 2
機械及設備,,玻璃基片洗淨機,True,2,機械設備通常為固定資產，屬於 Category 2
機械及設備,33,電線電纜製造機械及設備,True,2,機械設備通常為固定資產，屬於 Category 2
機械及設備,01,軋銅機械及設備,True,2,機械設備通常為固定資產，屬於 Category 2
機械及設備,,銅錠預熱爐,True,2,機械設備通常為固定資產，屬於 Category 2
機械及設備,,壓延機,True,2,機械設備通常為固定資產，屬於 Category 2
機械及設備,,扁銅線壓延機,True,2,機械設備通常為固定資產，屬於 Category 2
機械及設備,02,拉線機械及設備,True,2,機械設備通常為固定資產，屬於 Category 2
機械及設備,,壓尖機,True,2,機械設備通常為固定資產，屬於 Category 2
機械及設備,,接頭機,True,2,機械設備通常為固定資產，屬於 Category 2
機械及設備,,拉線機,True,2,機械設備通常為固定資產，屬於 Category 2
機械及設備,,退火爐,True,2,機械設備通常為固定資產，屬於 Category 2
機械及設備,,掛錫爐,True,2,機械設備通常為固定資產，屬於 Category 2
機械及設備,,撚合機,True,2,機械設備通常為固定資產，屬於 Category 2
機械及設備,,絞線機,True,2,機械設備通常為固定資產，屬於 Category 2
機械及設備,03,烤漆機械,True,2,機械設備通常為固定資產，屬於 Category 2
機械及設備,,漆包線機,True,2,機械設備通常為固定資產，屬於 Category 2
機械及設備,04,被覆機械及設備,True,2,機械設備通常為固定資產，屬於 Category 2
機械及設備,,篩粉機,True,2,機械設備通常為固定資產，屬於 Category 2
機械及設備,,混合機,True,2,機械設備通常為固定資產，屬於 Category 2
機械及設備,,橡皮壓延機,True,2,機械設備通常為固定資產，屬於 Category 2
機械及設備,,出片機,True,2,機械設備通常為固定資產，屬於 Category 2
機械及設備,,包膠機,True,2,機械設備通常為固定資產，屬於 Category 2
機械及設備,,橡膠壓出機,True,2,機械設備通常為固定資產，屬於 Category 2
機械及設備,,連續加硫器,True,2,機械設備通常為固定資產，屬於 Category 2
機械及設備,,掛臘機,True,2,機械設備通常為固定資產，屬於 Category 2
機械及設備,,塗料機,True,2,機械設備通常為固定資產，屬於 Category 2
機械及設備,,過尺倒軸機,True,2,機械設備通常為固定資產，屬於 Category 2
機械及設備,,調和機,True,2,機械設備通常為固定資產，屬於 Category 2
機械及設備,,混合滾筒,True,2,機械設備通常為固定資產，屬於 Category 2
機械及設備,,切粒機,True,2,機械設備通常為固定資產，屬於 Category 2
機械及設備,,塑膠壓出機,True,2,機械設備通常為固定資產，屬於 Category 2
機械及設備,05,鎧裝及被鉛機械及設備,True,2,機械設備通常為固定資產，屬於 Category 2
機械及設備,,切紙機,True,2,機械設備通常為固定資產，屬於 Category 2
機械及設備,,包紙機,True,2,機械設備通常為固定資產，屬於 Category 2
機械及設備,,包臘布機,True,2,機械設備通常為固定資產，屬於 Category 2
機械及設備,,３－４絞合機,True,2,機械設備通常為固定資產，屬於 Category 2
機械及設備,,浸油罐,True,2,機械設備通常為固定資產，屬於 Category 2
機械及設備,,熔鉛爐,True,2,機械設備通常為固定資產，屬於 Category 2
機械及設備,,被鉛機,True,2,機械設備通常為固定資產，屬於 Category 2
機械及設備,,鎧裝機,True,2,機械設備通常為固定資產，屬於 Category 2
機械及設備,,對絞機,True,2,機械設備通常為固定資產，屬於 Category 2
機械及設備,,星絞機,True,2,機械設備通常為固定資產，屬於 Category 2
機械及設備,,集合機,True,2,機械設備通常為固定資產，屬於 Category 2
機械及設備,,真空乾燥機,True,2,機械設備通常為固定資產，屬於 Category 2
機械及設備,,道出器,True,2,機械設備通常為固定資產，屬於 Category 2
機械及設備,34,印刷機械及設備,True,2,機械設備通常為固定資產，屬於 Category 2
機械及設備,01,檢排機械及設備,True,2,機械設備通常為固定資產，屬於 Category 2
機械及設備,,平版打樣機,True,2,機械設備通常為固定資產，屬於 Category 2
機械及設備,,凸版打樣機,True,2,機械設備通常為固定資產，屬於 Category 2
機械及設備,,欄切機,True,2,機械設備通常為固定資產，屬於 Category 2
機械及設備,,罫切機,True,2,機械設備通常為固定資產，屬於 Category 2
機械及設備,,排版大鐵台,True,2,機械設備通常為固定資產，屬於 Category 2
機械及設備,,木板,True,2,機械設備通常為固定資產，屬於 Category 2
機械及設備,,鉛字架,True,2,機械設備通常為固定資產，屬於 Category 2
機械及設備,,字盤,True,2,機械設備通常為固定資產，屬於 Category 2
機械及設備,,銅盤,True,2,機械設備通常為固定資產，屬於 Category 2
機械及設備,,整理柵,True,2,機械設備通常為固定資產，屬於 Category 2
機械及設備,,放紙台,True,2,機械設備通常為固定資產，屬於 Category 2
機械及設備,,全自動解版機,True,2,機械設備通常為固定資產，屬於 Category 2
機械及設備,02,製版機械及設備,True,2,機械設備通常為固定資產，屬於 Category 2
機械及設備,,烘乾爐,True,2,機械設備通常為固定資產，屬於 Category 2
機械及設備,,烘紙型機,True,2,機械設備通常為固定資產，屬於 Category 2
機械及設備,,澆鉛版機,True,2,機械設備通常為固定資產，屬於 Category 2
機械及設備,,手迴製版機,True,2,機械設備通常為固定資產，屬於 Category 2
機械及設備,,腐蝕機,True,2,機械設備通常為固定資產，屬於 Category 2
機械及設備,,鋸版機,True,2,機械設備通常為固定資產，屬於 Category 2
機械及設備,,鉋邊機,True,2,機械設備通常為固定資產，屬於 Category 2
機械及設備,,烘版爐,True,2,機械設備通常為固定資產，屬於 Category 2
機械及設備,,２４”２４”冷版機,True,2,機械設備通常為固定資產，屬於 Category 2
機械及設備,,碳紙用鋼線版,True,2,機械設備通常為固定資產，屬於 Category 2
機械及設備,,雕刻機,True,2,機械設備通常為固定資產，屬於 Category 2
機械及設備,,雕刻劃線機,True,2,機械設備通常為固定資產，屬於 Category 2
機械及設備,,鑽版機,True,2,機械設備通常為固定資產，屬於 Category 2
機械及設備,,曬版機,True,2,機械設備通常為固定資產，屬於 Category 2
機械及設備,,轉版機,True,2,機械設備通常為固定資產，屬於 Category 2
機械及設備,,放大機,True,2,機械設備通常為固定資產，屬於 Category 2
機械及設備,,暗室照相機,True,2,機械設備通常為固定資產，屬於 Category 2
機械及設備,,自動溫度調節照沖洗池,True,2,機械設備通常為固定資產，屬於 Category 2
機械及設備,,藝術修版檯,True,2,機械設備通常為固定資產，屬於 Category 2
機械及設備,,暗室沖洗池,True,2,機械設備通常為固定資產，屬於 Category 2
機械及設備,,精確平版修版併版台,True,2,機械設備通常為固定資產，屬於 Category 2
機械及設備,,印版沖洗池,True,2,機械設備通常為固定資產，屬於 Category 2
機械及設備,,濾清機,True,2,機械設備通常為固定資產，屬於 Category 2
機械及設備,,空氣壓縮機,True,2,機械設備通常為固定資產，屬於 Category 2
機械及設備,,連鎖分殖機,True,2,機械設備通常為固定資產，屬於 Category 2
機械及設備,,壓版機,True,2,機械設備通常為固定資產，屬於 Category 2
機械及設備,,磨鉛皮機,True,2,機械設備通常為固定資產，屬於 Category 2
機械及設備,,電動落版機,True,2,機械設備通常為固定資產，屬於 Category 2
機械及設備,,擴散晒版燈,True,2,機械設備通常為固定資產，屬於 Category 2
機械及設備,,不銹鋼顯影盆,True,2,機械設備通常為固定資產，屬於 Category 2
機械及設備,,噴銀槍,True,2,機械設備通常為固定資產，屬於 Category 2
機械及設備,,強力吹風機,True,2,機械設備通常為固定資產，屬於 Category 2
機械及設備,,佈粉箱,True,2,機械設備通常為固定資產，屬於 Category 2
機械及設備,,電子臘紙製版機,True,2,機械設備通常為固定資產，屬於 Category 2
機械及設備,,銀版照相製版機,True,2,機械設備通常為固定資產，屬於 Category 2
機械及設備,,樹脂製版設備,True,2,機械設備通常為固定資產，屬於 Category 2
機械及設備,,修版機,True,2,機械設備通常為固定資產，屬於 Category 2
機械及設備,,電子分色機,True,2,機械設備通常為固定資產，屬於 Category 2
機械及設備,,烤版機,True,2,機械設備通常為固定資產，屬於 Category 2
機械及設備,,連曬機,True,2,機械設備通常為固定資產，屬於 Category 2
機械及設備,,排版照相打字機,True,2,機械設備通常為固定資產，屬於 Category 2
機械及設備,,電腦拼版系統,True,2,機械設備通常為固定資產，屬於 Category 2
機械及設備,,電子分色控制儀,True,2,機械設備通常為固定資產，屬於 Category 2
機械及設備,,覆片機,True,2,機械設備通常為固定資產，屬於 Category 2
機械及設備,,自動電壓穩定器,True,2,機械設備通常為固定資產，屬於 Category 2
機械及設備,,電子掃描機,True,2,機械設備通常為固定資產，屬於 Category 2
機械及設備,,轉寫字製作設備,True,2,機械設備通常為固定資產，屬於 Category 2
機械及設備,,電路板製作設備,True,2,機械設備通常為固定資產，屬於 Category 2
機械及設備,,彩色觀測台,True,2,機械設備通常為固定資產，屬於 Category 2
機械及設備,,濃度機,True,2,機械設備通常為固定資產，屬於 Category 2
機械及設備,,軟片裁切機,True,2,機械設備通常為固定資產，屬於 Category 2
機械及設備,,透射濃度計,True,2,機械設備通常為固定資產，屬於 Category 2
機械及設備,,沖片機,True,2,機械設備通常為固定資產，屬於 Category 2
機械及設備,,彩色校樣機,True,2,機械設備通常為固定資產，屬於 Category 2
機械及設備,,銅板,True,2,機械設備通常為固定資產，屬於 Category 2
機械及設備,,磨版機,True,2,機械設備通常為固定資產，屬於 Category 2
機械及設備,03,印製機械及設備,True,2,機械設備通常為固定資產，屬於 Category 2
機械及設備,,平版機,True,2,機械設備通常為固定資產，屬於 Category 2
機械及設備,,對開雙色平印機,True,2,機械設備通常為固定資產，屬於 Category 2
機械及設備,,四開單色平印機,True,2,機械設備通常為固定資產，屬於 Category 2
機械及設備,,底版石,True,2,機械設備通常為固定資產，屬於 Category 2
機械及設備,,鉛版機,True,2,機械設備通常為固定資產，屬於 Category 2
機械及設備,,凹印大電機,True,2,機械設備通常為固定資產，屬於 Category 2
機械及設備,,凹印手搖機,True,2,機械設備通常為固定資產，屬於 Category 2
機械及設備,,烘票積紙鐵臺,True,2,機械設備通常為固定資產，屬於 Category 2
機械及設備,,全張凸版機,True,2,機械設備通常為固定資產，屬於 Category 2
機械及設備,,對開凸版機,True,2,機械設備通常為固定資產，屬於 Category 2
機械及設備,,雙色凸板機,True,2,機械設備通常為固定資產，屬於 Category 2
機械及設備,,Ｖ－５０米厘直式凸版機（四開）,True,2,機械設備通常為固定資產，屬於 Category 2
機械及設備,,揩金機,True,2,機械設備通常為固定資產，屬於 Category 2
機械及設備,,圓盤機,True,2,機械設備通常為固定資產，屬於 Category 2
機械及設備,,號碼機（大型）,True,2,機械設備通常為固定資產，屬於 Category 2
機械及設備,,滾筒機,True,2,機械設備通常為固定資產，屬於 Category 2
機械及設備,,謄高印刷機,True,2,機械設備通常為固定資產，屬於 Category 2
機械及設備,,速印機,True,2,機械設備通常為固定資產，屬於 Category 2
機械及設備,,複印機,True,2,機械設備通常為固定資產，屬於 Category 2
機械及設備,,卡片印刷機,True,2,機械設備通常為固定資產，屬於 Category 2
機械及設備,,劃線機,True,2,機械設備通常為固定資產，屬於 Category 2
機械及設備,,傳導裝置,True,2,機械設備通常為固定資產，屬於 Category 2
機械及設備,,調墨機,True,2,機械設備通常為固定資產，屬於 Category 2
機械及設備,,軋墨機,True,2,機械設備通常為固定資產，屬於 Category 2
機械及設備,,捲布機,True,2,機械設備通常為固定資產，屬於 Category 2
機械及設備,,墨刀,True,2,機械設備通常為固定資產，屬於 Category 2
機械及設備,,煮膠桶,True,2,機械設備通常為固定資產，屬於 Category 2
機械及設備,,四開活版機,True,2,機械設備通常為固定資產，屬於 Category 2
機械及設備,,車票印刷機,True,2,機械設備通常為固定資產，屬於 Category 2
機械及設備,,膠版機,True,2,機械設備通常為固定資產，屬於 Category 2
機械及設備,,上光機,True,2,機械設備通常為固定資產，屬於 Category 2
機械及設備,,乾燥機,True,2,機械設備通常為固定資產，屬於 Category 2
機械及設備,,鐵皮印花機,True,2,機械設備通常為固定資產，屬於 Category 2
機械及設備,,鐵皮印花乾燥機,True,2,機械設備通常為固定資產，屬於 Category 2
機械及設備,,油光機,True,2,機械設備通常為固定資產，屬於 Category 2
機械及設備,,手動印花機,True,2,機械設備通常為固定資產，屬於 Category 2
機械及設備,,電動地址印刷機,True,2,機械設備通常為固定資產，屬於 Category 2
機械及設備,,張網機,True,2,機械設備通常為固定資產，屬於 Category 2
機械及設備,,平面自動網印機,True,2,機械設備通常為固定資產，屬於 Category 2
機械及設備,,烤貝印刷機,True,2,機械設備通常為固定資產，屬於 Category 2
機械及設備,,蓖麻油攪拌機,True,2,機械設備通常為固定資產，屬於 Category 2
機械及設備,,裝版平台,True,2,機械設備通常為固定資產，屬於 Category 2
機械及設備,,噴粉器,True,2,機械設備通常為固定資產，屬於 Category 2
機械及設備,,調墨桶,True,2,機械設備通常為固定資產，屬於 Category 2
機械及設備,,平版印刷機,True,2,機械設備通常為固定資產，屬於 Category 2
機械及設備,,厚膜印刷機,True,2,機械設備通常為固定資產，屬於 Category 2
機械及設備,,並聯式印刷開關,True,2,機械設備通常為固定資產，屬於 Category 2
機械及設備,,通用校正印刷機,True,2,機械設備通常為固定資產，屬於 Category 2
機械及設備,,凸版印刷機,True,2,機械設備通常為固定資產，屬於 Category 2
機械及設備,,電腦控制印刷系統,True,2,機械設備通常為固定資產，屬於 Category 2
機械及設備,,輪轉機,True,2,機械設備通常為固定資產，屬於 Category 2
機械及設備,,磁字票據鍵印機,True,2,機械設備通常為固定資產，屬於 Category 2
機械及設備,,紙張除顯機,True,2,機械設備通常為固定資產，屬於 Category 2
機械及設備,,吸氣手印器,True,2,機械設備通常為固定資產，屬於 Category 2
機械及設備,,凹版機,True,2,機械設備通常為固定資產，屬於 Category 2
機械及設備,,印袋印刷機,True,2,機械設備通常為固定資產，屬於 Category 2
機械及設備,,菊半雙色平版印刷機,True,2,機械設備通常為固定資產，屬於 Category 2
機械及設備,,菊全活版印刷機,True,2,機械設備通常為固定資產，屬於 Category 2
機械及設備,,彩色印報機,True,2,機械設備通常為固定資產，屬於 Category 2
機械及設備,,自動葯水混合機,True,2,機械設備通常為固定資產，屬於 Category 2
機械及設備,,水平式過網機,True,2,機械設備通常為固定資產，屬於 Category 2
機械及設備,,鐵馬達蓋,True,2,機械設備通常為固定資產，屬於 Category 2
機械及設備,,送紙機,True,2,機械設備通常為固定資產，屬於 Category 2
機械及設備,,齊紙機,True,2,機械設備通常為固定資產，屬於 Category 2
機械及設備,,簡易手印台,True,2,機械設備通常為固定資產，屬於 Category 2
機械及設備,,數位印刷機,True,2,機械設備通常為固定資產，屬於 Category 2
機械及設備,,塑膠套印機,True,2,機械設備通常為固定資產，屬於 Category 2
機械及設備,,對開活版機,True,2,機械設備通常為固定資產，屬於 Category 2
機械及設備,,四開隻色活版機,True,2,機械設備通常為固定資產，屬於 Category 2
機械及設備,,打樣機,True,2,機械設備通常為固定資產，屬於 Category 2
機械及設備,,廢品打碎機,True,2,機械設備通常為固定資產，屬於 Category 2
機械及設備,,印刷機碎機,True,2,機械設備通常為固定資產，屬於 Category 2
機械及設備,,微電腦印刷機,True,2,機械設備通常為固定資產，屬於 Category 2
機械及設備,,PC板製作設備,True,2,機械設備通常為固定資產，屬於 Category 2
機械及設備,04,裝訂機械及設備,True,2,機械設備通常為固定資產，屬於 Category 2
機械及設備,,自動切紙機,True,2,機械設備通常為固定資產，屬於 Category 2
機械及設備,,手搖切紙機,True,2,機械設備通常為固定資產，屬於 Category 2
機械及設備,,截邊機,True,2,機械設備通常為固定資產，屬於 Category 2
機械及設備,,軋盒機,True,2,機械設備通常為固定資產，屬於 Category 2
機械及設備,,四開切紙機,True,2,機械設備通常為固定資產，屬於 Category 2
機械及設備,,縫書機,True,2,機械設備通常為固定資產，屬於 Category 2
機械及設備,,燙金機,True,2,機械設備通常為固定資產，屬於 Category 2
機械及設備,,打洞機,True,2,機械設備通常為固定資產，屬於 Category 2
機械及設備,,ＥＫＨ紙張鑽孔機,True,2,機械設備通常為固定資產，屬於 Category 2
機械及設備,,摺紙機,True,2,機械設備通常為固定資產，屬於 Category 2
機械及設備,,電動打孔機,True,2,機械設備通常為固定資產，屬於 Category 2
機械及設備,,打包機,True,2,機械設備通常為固定資產，屬於 Category 2
機械及設備,,壓書機,True,2,機械設備通常為固定資產，屬於 Category 2
機械及設備,,製本台,True,2,機械設備通常為固定資產，屬於 Category 2
機械及設備,,車票裁切機,True,2,機械設備通常為固定資產，屬於 Category 2
機械及設備,,裝箱挾鋼器,True,2,機械設備通常為固定資產，屬於 Category 2
機械及設備,,報表自動分離機,True,2,機械設備通常為固定資產，屬於 Category 2
機械及設備,,自動分頁機,True,2,機械設備通常為固定資產，屬於 Category 2
機械及設備,,碎紙機,True,2,機械設備通常為固定資產，屬於 Category 2
機械及設備,,紙條壓包機,True,2,機械設備通常為固定資產，屬於 Category 2
機械及設備,,中式信封截角機,True,2,機械設備通常為固定資產，屬於 Category 2
機械及設備,,摺信封機,True,2,機械設備通常為固定資產，屬於 Category 2
機械及設備,,Ｌ型封口機,True,2,機械設備通常為固定資產，屬於 Category 2
機械及設備,,圓角機,True,2,機械設備通常為固定資產，屬於 Category 2
機械及設備,,護貝機,True,2,機械設備通常為固定資產，屬於 Category 2
機械及設備,,無線膠帶裝訂機,True,2,機械設備通常為固定資產，屬於 Category 2
機械及設備,,整紙機,True,2,機械設備通常為固定資產，屬於 Category 2
機械及設備,,數紙機,True,2,機械設備通常為固定資產，屬於 Category 2
機械及設備,,排針機,True,2,機械設備通常為固定資產，屬於 Category 2
機械及設備,,多功能捆包機,True,2,機械設備通常為固定資產，屬於 Category 2
機械及設備,,電動齊紙機,True,2,機械設備通常為固定資產，屬於 Category 2
機械及設備,,事務輪轉機用合釘機,True,2,機械設備通常為固定資產，屬於 Category 2
機械及設備,,紙張濕度處理機,True,2,機械設備通常為固定資產，屬於 Category 2
機械及設備,,檢集機,True,2,機械設備通常為固定資產，屬於 Category 2
機械及設備,,裁紙機,True,2,機械設備通常為固定資產，屬於 Category 2
機械及設備,,高速檢頁機,True,2,機械設備通常為固定資產，屬於 Category 2
機械及設備,,裝訂機,True,2,機械設備通常為固定資產，屬於 Category 2
機械及設備,,分表機,True,2,機械設備通常為固定資產，屬於 Category 2
機械及設備,,自動送稿機,True,2,機械設備通常為固定資產，屬於 Category 2
機械及設備,05,鑄字機械及設備,True,2,機械設備通常為固定資產，屬於 Category 2
機械及設備,,鑄字機,True,2,機械設備通常為固定資產，屬於 Category 2
機械及設備,,澆鉛條機,True,2,機械設備通常為固定資產，屬於 Category 2
機械及設備,,刨鉛線機,True,2,機械設備通常為固定資產，屬於 Category 2
機械及設備,,刨鉛字機,True,2,機械設備通常為固定資產，屬於 Category 2
機械及設備,,銅模,True,2,機械設備通常為固定資產，屬於 Category 2
機械及設備,,銅模盤,True,2,機械設備通常為固定資產，屬於 Category 2
機械及設備,,雙層４８屜鉛字箱,True,2,機械設備通常為固定資產，屬於 Category 2
機械及設備,,熔鉛爐,True,2,機械設備通常為固定資產，屬於 Category 2
機械及設備,,銅鋅版架,True,2,機械設備通常為固定資產，屬於 Category 2
機械及設備,,鑄型,True,2,機械設備通常為固定資產，屬於 Category 2
機械及設備,,造鉛條器,True,2,機械設備通常為固定資產，屬於 Category 2
機械及設備,,切鉛版刀,True,2,機械設備通常為固定資產，屬於 Category 2
機械及設備,,盒尺,True,2,機械設備通常為固定資產，屬於 Category 2
機械及設備,,字平,True,2,機械設備通常為固定資產，屬於 Category 2
機械及設備,,銀模,True,2,機械設備通常為固定資產，屬於 Category 2
機械及設備,,切鉛機,True,2,機械設備通常為固定資產，屬於 Category 2
機械及設備,,銅模深度採測器,True,2,機械設備通常為固定資產，屬於 Category 2
機械及設備,,銅紋版,True,2,機械設備通常為固定資產，屬於 Category 2
機械及設備,06,印鈔機械及設備,True,2,機械設備通常為固定資產，屬於 Category 2
機械及設備,,三色四版凹印機,True,2,機械設備通常為固定資產，屬於 Category 2
機械及設備,,上膜機,True,2,機械設備通常為固定資產，屬於 Category 2
機械及設備,,號章機,True,2,機械設備通常為固定資產，屬於 Category 2
機械及設備,,自動處理吊紙機,True,2,機械設備通常為固定資產，屬於 Category 2
機械及設備,,墨色反射濃度計,True,2,機械設備通常為固定資產，屬於 Category 2
機械及設備,,磨版機,True,2,機械設備通常為固定資產，屬於 Category 2
機械及設備,,特種刻刀碾磨機,True,2,機械設備通常為固定資產，屬於 Category 2
機械及設備,,轉寫機,True,2,機械設備通常為固定資產，屬於 Category 2
機械及設備,,鍍鉻缸,True,2,機械設備通常為固定資產，屬於 Category 2
機械及設備,,軟片自動沖洗機,True,2,機械設備通常為固定資產，屬於 Category 2
機械及設備,,顯影控制器,True,2,機械設備通常為固定資產，屬於 Category 2
機械及設備,,烘版箱,True,2,機械設備通常為固定資產，屬於 Category 2
機械及設備,,電熱設備,True,2,機械設備通常為固定資產，屬於 Category 2
機械及設備,,上膠機,True,2,機械設備通常為固定資產，屬於 Category 2
機械及設備,,銅版腐蝕機,True,2,機械設備通常為固定資產，屬於 Category 2
機械及設備,,塗布機,True,2,機械設備通常為固定資產，屬於 Category 2
機械及設備,,彩色校樣系統,True,2,機械設備通常為固定資產，屬於 Category 2
機械及設備,35,打撈機械及設備,True,2,機械設備通常為固定資產，屬於 Category 2
機械及設備,01,探測設備,True,2,機械設備通常為固定資產，屬於 Category 2
機械及設備,,探錨,True,2,機械設備通常為固定資產，屬於 Category 2
機械及設備,,水中探測器,True,2,機械設備通常為固定資產，屬於 Category 2
機械及設備,,回聲器,True,2,機械設備通常為固定資產，屬於 Category 2
機械及設備,02,潛水設備,True,2,機械設備通常為固定資產，屬於 Category 2
機械及設備,,潛水氣筒,True,2,機械設備通常為固定資產，屬於 Category 2
機械及設備,,水下照相機,True,2,機械設備通常為固定資產，屬於 Category 2
機械及設備,,水下電話機,True,2,機械設備通常為固定資產，屬於 Category 2
機械及設備,,潛水幫浦,True,2,機械設備通常為固定資產，屬於 Category 2
機械及設備,,潛水梯,True,2,機械設備通常為固定資產，屬於 Category 2
機械及設備,,潛水裝甲衣,True,2,機械設備通常為固定資產，屬於 Category 2
機械及設備,,回壓室,True,2,機械設備通常為固定資產，屬於 Category 2
機械及設備,,潛水室,True,2,機械設備通常為固定資產，屬於 Category 2
機械及設備,,水肺,True,2,機械設備通常為固定資產，屬於 Category 2
機械及設備,,聲納,True,2,機械設備通常為固定資產，屬於 Category 2
機械及設備,,潛水高壓管路系統,True,2,機械設備通常為固定資產，屬於 Category 2
機械及設備,,潛水調節器,True,2,機械設備通常為固定資產，屬於 Category 2
機械及設備,,潛水減壓表,True,2,機械設備通常為固定資產，屬於 Category 2
機械及設備,,潛水防寒衣,True,2,機械設備通常為固定資產，屬於 Category 2
機械及設備,,浮力調節背心,True,2,機械設備通常為固定資產，屬於 Category 2
機械及設備,,潛水手錶,True,2,機械設備通常為固定資產，屬於 Category 2
機械及設備,03,排沙排水機械及設備,True,2,機械設備通常為固定資產，屬於 Category 2
機械及設備,,吸水機,True,2,機械設備通常為固定資產，屬於 Category 2
機械及設備,,柴油引擎抽水機,True,2,機械設備通常為固定資產，屬於 Category 2
機械及設備,,柴油引擎抽砂機,True,2,機械設備通常為固定資產，屬於 Category 2
機械及設備,,汽油引擎抽水機,True,2,機械設備通常為固定資產，屬於 Category 2
機械及設備,,氣曝塔,True,2,機械設備通常為固定資產，屬於 Category 2
機械及設備,,柴油機連抽水泵,True,2,機械設備通常為固定資產，屬於 Category 2
機械及設備,,離心抽水機,True,2,機械設備通常為固定資產，屬於 Category 2
機械及設備,,電動抽水機,True,2,機械設備通常為固定資產，屬於 Category 2
機械及設備,,抽水機,True,2,機械設備通常為固定資產，屬於 Category 2
機械及設備,04,浮揚機械及設備,True,2,機械設備通常為固定資產，屬於 Category 2
機械及設備,,電纜捲揚機,True,2,機械設備通常為固定資產，屬於 Category 2
機械及設備,,空氣壓縮機,True,2,機械設備通常為固定資產，屬於 Category 2
機械及設備,,空氣壓縮機橡皮,True,2,機械設備通常為固定資產，屬於 Category 2
機械及設備,,浮力櫃,True,2,機械設備通常為固定資產，屬於 Category 2
機械及設備,,水密帆布浮囊,True,2,機械設備通常為固定資產，屬於 Category 2
機械及設備,05,銲割機械及設備,True,2,機械設備通常為固定資產，屬於 Category 2
機械及設備,,氣割器,True,2,機械設備通常為固定資產，屬於 Category 2
機械及設備,,水中切割器,True,2,機械設備通常為固定資產，屬於 Category 2
機械及設備,,水中打孔槍,True,2,機械設備通常為固定資產，屬於 Category 2
機械及設備,,電孤切割器,True,2,機械設備通常為固定資產，屬於 Category 2
機械及設備,,水中電割器,True,2,機械設備通常為固定資產，屬於 Category 2
機械及設備,36,儲售機械及設備,True,2,機械設備通常為固定資產，屬於 Category 2
機械及設備,01,儲存設備,True,2,機械設備通常為固定資產，屬於 Category 2
機械及設備,,臥式油槽,True,2,機械設備通常為固定資產，屬於 Category 2
機械及設備,,立式油槽,True,2,機械設備通常為固定資產，屬於 Category 2
機械及設備,,浮頂油槽,True,2,機械設備通常為固定資產，屬於 Category 2
機械及設備,,地下油池,True,2,機械設備通常為固定資產，屬於 Category 2
機械及設備,,儲油罐,True,2,機械設備通常為固定資產，屬於 Category 2
機械及設備,,儲水罐,True,2,機械設備通常為固定資產，屬於 Category 2
機械及設備,,氧氣瓶,True,2,機械設備通常為固定資產，屬於 Category 2
機械及設備,,液化氣瓶,True,2,機械設備通常為固定資產，屬於 Category 2
機械及設備,,流量計,True,2,機械設備通常為固定資產，屬於 Category 2
機械及設備,,材料架,True,2,機械設備通常為固定資產，屬於 Category 2
機械及設備,,棧板,True,2,機械設備通常為固定資產，屬於 Category 2
機械及設備,,冷氣瓶,True,2,機械設備通常為固定資產，屬於 Category 2
機械及設備,,氮氣瓶,True,2,機械設備通常為固定資產，屬於 Category 2
機械及設備,,氦氣瓶,True,2,機械設備通常為固定資產，屬於 Category 2
機械及設備,,氬氣瓶,True,2,機械設備通常為固定資產，屬於 Category 2
機械及設備,,氫氣瓶,True,2,機械設備通常為固定資產，屬於 Category 2
機械及設備,,硫化氫瓶,True,2,機械設備通常為固定資產，屬於 Category 2
機械及設備,,置物架,True,2,機械設備通常為固定資產，屬於 Category 2
機械及設備,,錐頂油槽,True,2,機械設備通常為固定資產，屬於 Category 2
機械及設備,,甲烷氣瓶,True,2,機械設備通常為固定資產，屬於 Category 2
機械及設備,,乙炔鋼瓶,True,2,機械設備通常為固定資產，屬於 Category 2
機械及設備,,氣體混合鋼瓶,True,2,機械設備通常為固定資產，屬於 Category 2
機械及設備,,二氧化碳鋼瓶,True,2,機械設備通常為固定資產，屬於 Category 2
機械及設備,,笑氣鋼瓶,True,2,機械設備通常為固定資產，屬於 Category 2
機械及設備,,丙烷鋼瓶,True,2,機械設備通常為固定資產，屬於 Category 2
機械及設備,,液氮貯桶,True,2,機械設備通常為固定資產，屬於 Category 2
機械及設備,,二氧化硫鋼瓶,True,2,機械設備通常為固定資產，屬於 Category 2
機械及設備,,氯氣鋼瓶,True,2,機械設備通常為固定資產，屬於 Category 2
機械及設備,,液化石油水瓶,True,2,機械設備通常為固定資產，屬於 Category 2
機械及設備,,承受器,True,2,機械設備通常為固定資產，屬於 Category 2
機械及設備,,煤氣瓶,True,2,機械設備通常為固定資產，屬於 Category 2
機械及設備,,平台,True,2,機械設備通常為固定資產，屬於 Category 2
機械及設備,,穩定索,True,2,機械設備通常為固定資產，屬於 Category 2
機械及設備,,脅骨液彎,True,2,機械設備通常為固定資產，屬於 Category 2
機械及設備,,卸氨設備,True,2,機械設備通常為固定資產，屬於 Category 2
機械及設備,,鈍氣衝吹器,True,2,機械設備通常為固定資產，屬於 Category 2
機械及設備,,鋼板矯直機,True,2,機械設備通常為固定資產，屬於 Category 2
機械及設備,,冷凍油池,True,2,機械設備通常為固定資產，屬於 Category 2
機械及設備,,儲氣槽,True,2,機械設備通常為固定資產，屬於 Category 2
機械及設備,,隔膜油池,True,2,機械設備通常為固定資產，屬於 Category 2
機械及設備,,氨氣瓶,True,2,機械設備通常為固定資產，屬於 Category 2
機械及設備,,噴射洗滌機,True,2,機械設備通常為固定資產，屬於 Category 2
機械及設備,,氧氣供應站,True,2,機械設備通常為固定資產，屬於 Category 2
機械及設備,,乙炔供應站,True,2,機械設備通常為固定資產，屬於 Category 2
機械及設備,,液化煤氣供應站,True,2,機械設備通常為固定資產，屬於 Category 2
機械及設備,,氨蒸發器,True,2,機械設備通常為固定資產，屬於 Category 2
機械及設備,,氨燃熱器,True,2,機械設備通常為固定資產，屬於 Category 2
機械及設備,,金屬製真空容器,True,2,機械設備通常為固定資產，屬於 Category 2
機械及設備,,乾燥盒,True,2,機械設備通常為固定資產，屬於 Category 2
機械及設備,,冷媒回收泵集器,True,2,機械設備通常為固定資產，屬於 Category 2
機械及設備,02,銷售設備,True,2,機械設備通常為固定資產，屬於 Category 2
機械及設備,,手搖加油機,True,2,機械設備通常為固定資產，屬於 Category 2
機械及設備,,電動加油機,True,2,機械設備通常為固定資產，屬於 Category 2
機械及設備,,灌車台,True,2,機械設備通常為固定資產，屬於 Category 2
機械及設備,,灌聽機,True,2,機械設備通常為固定資產，屬於 Category 2
機械及設備,,灌桶機,True,2,機械設備通常為固定資產，屬於 Category 2
機械及設備,,油料混合機,True,2,機械設備通常為固定資產，屬於 Category 2
機械及設備,,銷售水栓,True,2,機械設備通常為固定資產，屬於 Category 2
機械及設備,,液氨裝瓶設備,True,2,機械設備通常為固定資產，屬於 Category 2
機械及設備,,自動罐裝設備,True,2,機械設備通常為固定資產，屬於 Category 2
機械及設備,,機油自動販賣機,True,2,機械設備通常為固定資產，屬於 Category 2
機械及設備,,液氨裝卸輸送轉臂,True,2,機械設備通常為固定資產，屬於 Category 2
機械及設備,,汽油柴油加油機,True,2,機械設備通常為固定資產，屬於 Category 2
機械及設備,,製桶設備,True,2,機械設備通常為固定資產，屬於 Category 2
機械及設備,,氧氣灌裝設備,True,2,機械設備通常為固定資產，屬於 Category 2
機械及設備,,電動黃油注入器,True,2,機械設備通常為固定資產，屬於 Category 2
機械及設備,,自動量油計,True,2,機械設備通常為固定資產，屬於 Category 2
機械及設備,,裝車台,True,2,機械設備通常為固定資產，屬於 Category 2
機械及設備,,加水機,True,2,機械設備通常為固定資產，屬於 Category 2
機械及設備,,加氣機,True,2,機械設備通常為固定資產，屬於 Category 2
機械及設備,,加水充氣機,True,2,機械設備通常為固定資產，屬於 Category 2
機械及設備,,收銀機,True,2,機械設備通常為固定資產，屬於 Category 2
機械及設備,,舉桶機,True,2,機械設備通常為固定資產，屬於 Category 2
機械及設備,,高壓臭氣加入器,True,2,機械設備通常為固定資產，屬於 Category 2
機械及設備,,滑油皮管捲,True,2,機械設備通常為固定資產，屬於 Category 2
機械及設備,,電動抽油器,True,2,機械設備通常為固定資產，屬於 Category 2
機械及設備,,移動式廢油受容器,True,2,機械設備通常為固定資產，屬於 Category 2
機械及設備,,浸油式加油機,True,2,機械設備通常為固定資產，屬於 Category 2
機械及設備,,旁路式臭氣加入器,True,2,機械設備通常為固定資產，屬於 Category 2
機械及設備,,液化石油氣灌裝設備,True,2,機械設備通常為固定資產，屬於 Category 2
機械及設備,,流動控制門,True,2,機械設備通常為固定資產，屬於 Category 2
機械及設備,,混合加油機,True,2,機械設備通常為固定資產，屬於 Category 2
機械及設備,,磨碎機油機,True,2,機械設備通常為固定資產，屬於 Category 2
機械及設備,,壓濾機,True,2,機械設備通常為固定資產，屬於 Category 2
機械及設備,,投幣機,True,2,機械設備通常為固定資產，屬於 Category 2
機械及設備,,急速冷凍機,True,2,機械設備通常為固定資產，屬於 Category 2
機械及設備,03,泵送設備,True,2,機械設備通常為固定資產，屬於 Category 2
機械及設備,,液氨抽空壓縮機,True,2,機械設備通常為固定資產，屬於 Category 2
機械及設備,,卸氨臂,True,2,機械設備通常為固定資產，屬於 Category 2
機械及設備,04,管線設備,True,2,機械設備通常為固定資產，屬於 Category 2
機械及設備,,輸油管線,True,2,機械設備通常為固定資產，屬於 Category 2
機械及設備,,配氣管線,True,2,機械設備通常為固定資產，屬於 Category 2
機械及設備,,配氣管線,True,2,機械設備通常為固定資產，屬於 Category 2
機械及設備,,消防水輸送管線,True,2,機械設備通常為固定資產，屬於 Category 2
機械及設備,,蒸氣管線,True,2,機械設備通常為固定資產，屬於 Category 2
機械及設備,,蒸氣管線,True,2,機械設備通常為固定資產，屬於 Category 2
機械及設備,,管座,True,2,機械設備通常為固定資產，屬於 Category 2
機械及設備,,瓦斯管線工程,True,2,機械設備通常為固定資產，屬於 Category 2
機械及設備,37,製茶工業機械及設備,True,2,機械設備通常為固定資產，屬於 Category 2
機械及設備,01,茶葉粗製機械,True,2,機械設備通常為固定資產，屬於 Category 2
機械及設備,,給葉機,True,2,機械設備通常為固定資產，屬於 Category 2
機械及設備,,殺菁機,True,2,機械設備通常為固定資產，屬於 Category 2
機械及設備,,炒菁機,True,2,機械設備通常為固定資產，屬於 Category 2
機械及設備,,揉捻機,True,2,機械設備通常為固定資產，屬於 Category 2
機械及設備,,解塊機,True,2,機械設備通常為固定資產，屬於 Category 2
機械及設備,,乾燥機,True,2,機械設備通常為固定資產，屬於 Category 2
機械及設備,,再乾機,True,2,機械設備通常為固定資產，屬於 Category 2
機械及設備,,整型機,True,2,機械設備通常為固定資產，屬於 Category 2
機械及設備,,燻煙機,True,2,機械設備通常為固定資產，屬於 Category 2
機械及設備,,蒸菁機,True,2,機械設備通常為固定資產，屬於 Category 2
機械及設備,,冷卻機,True,2,機械設備通常為固定資產，屬於 Category 2
機械及設備,,初揉機,True,2,機械設備通常為固定資產，屬於 Category 2
機械及設備,,中揉機,True,2,機械設備通常為固定資產，屬於 Category 2
機械及設備,,精揉機,True,2,機械設備通常為固定資產，屬於 Category 2
機械及設備,,茶葉萎凋機,True,2,機械設備通常為固定資產，屬於 Category 2
機械及設備,,攪拌機,True,2,機械設備通常為固定資產，屬於 Category 2
機械及設備,,切菁機,True,2,機械設備通常為固定資產，屬於 Category 2
機械及設備,,滾切機,True,2,機械設備通常為固定資產，屬於 Category 2
機械及設備,,噴霧機,True,2,機械設備通常為固定資產，屬於 Category 2
機械及設備,,醱酵機,True,2,機械設備通常為固定資產，屬於 Category 2
機械及設備,02,茶葉精製機械,True,2,機械設備通常為固定資產，屬於 Category 2
機械及設備,,拼堆機,True,2,機械設備通常為固定資產，屬於 Category 2
機械及設備,,平篩機,True,2,機械設備通常為固定資產，屬於 Category 2
機械及設備,,風選機,True,2,機械設備通常為固定資產，屬於 Category 2
機械及設備,,切斷機,True,2,機械設備通常為固定資產，屬於 Category 2
機械及設備,,拔梗機,True,2,機械設備通常為固定資產，屬於 Category 2
機械及設備,,選別器,True,2,機械設備通常為固定資產，屬於 Category 2
機械及設備,03,茶葉包裝及貯存機械,True,2,機械設備通常為固定資產，屬於 Category 2
機械及設備,,茶葉包裝機,True,2,機械設備通常為固定資產，屬於 Category 2
機械及設備,,裝訂機,True,2,機械設備通常為固定資產，屬於 Category 2
機械及設備,,封口機,True,2,機械設備通常為固定資產，屬於 Category 2
機械及設備,,冷凍機,True,2,機械設備通常為固定資產，屬於 Category 2
機械及設備,04,茶葉其他機械,True,2,機械設備通常為固定資產，屬於 Category 2
機械及設備,,搬運機,True,2,機械設備通常為固定資產，屬於 Category 2
機械及設備,,空氣壓縮機,True,2,機械設備通常為固定資產，屬於 Category 2
機械及設備,,蒸汽鍋爐,True,2,機械設備通常為固定資產，屬於 Category 2
機械及設備,,熱風爐,True,2,機械設備通常為固定資產，屬於 Category 2
機械及設備,,給炭機,True,2,機械設備通常為固定資產，屬於 Category 2
機械及設備,,重油燃燒機,True,2,機械設備通常為固定資產，屬於 Category 2
機械及設備,,瓦斯燃燒機,True,2,機械設備通常為固定資產，屬於 Category 2
機械及設備,,送油機,True,2,機械設備通常為固定資產，屬於 Category 2
機械及設備,,送風機,True,2,機械設備通常為固定資產，屬於 Category 2
機械及設備,,輸送機,True,2,機械設備通常為固定資產，屬於 Category 2
機械及設備,,昇降機,True,2,機械設備通常為固定資產，屬於 Category 2
機械及設備,,火爐,True,2,機械設備通常為固定資產，屬於 Category 2
機械及設備,,噴霧器,True,2,機械設備通常為固定資產，屬於 Category 2
機械及設備,,溫度控制器,True,2,機械設備通常為固定資產，屬於 Category 2
機械及設備,,計量器,True,2,機械設備通常為固定資產，屬於 Category 2
機械及設備,,風速器,True,2,機械設備通常為固定資產，屬於 Category 2
機械及設備,,水份測定器,True,2,機械設備通常為固定資產，屬於 Category 2
機械及設備,,控制器,True,2,機械設備通常為固定資產，屬於 Category 2
機械及設備,,計時器,True,2,機械設備通常為固定資產，屬於 Category 2
機械及設備,05,剪茶機械,True,2,機械設備通常為固定資產，屬於 Category 2
機械及設備,,連貫式全自動機械,True,2,機械設備通常為固定資產，屬於 Category 2
機械及設備,,單人式剪茶機,True,2,機械設備通常為固定資產，屬於 Category 2
機械及設備,38,磷酸製造機械及設備,True,2,機械設備通常為固定資產，屬於 Category 2
機械及設備,01,輸配電設備,True,2,機械設備通常為固定資產，屬於 Category 2
機械及設備,,變電所,True,2,機械設備通常為固定資產，屬於 Category 2
機械及設備,,配電盤,True,2,機械設備通常為固定資產，屬於 Category 2
機械及設備,,電氣控制盤,True,2,機械設備通常為固定資產，屬於 Category 2
機械及設備,,馬達控制中心,True,2,機械設備通常為固定資產，屬於 Category 2
機械及設備,,變壓器,True,2,機械設備通常為固定資產，屬於 Category 2
機械及設備,,發電機組,True,2,機械設備通常為固定資產，屬於 Category 2
機械及設備,,電纜線,True,2,機械設備通常為固定資產，屬於 Category 2
機械及設備,,電纜槽,True,2,機械設備通常為固定資產，屬於 Category 2
機械及設備,,高壓配電盤綜合試驗台,True,2,機械設備通常為固定資產，屬於 Category 2
機械及設備,,動力線,True,2,機械設備通常為固定資產，屬於 Category 2
機械及設備,,起動器,True,2,機械設備通常為固定資產，屬於 Category 2
機械及設備,02,儀錶空氣供應設備,True,2,機械設備通常為固定資產，屬於 Category 2
機械及設備,,儀錶空氣壓縮機,True,2,機械設備通常為固定資產，屬於 Category 2
機械及設備,,儀錶空氣乾燥機,True,2,機械設備通常為固定資產，屬於 Category 2
機械及設備,,儀錶空氣過濾器,True,2,機械設備通常為固定資產，屬於 Category 2
機械及設備,,儀錶空氣蓄氣器,True,2,機械設備通常為固定資產，屬於 Category 2
機械及設備,,儀錶空氣冷卻器,True,2,機械設備通常為固定資產，屬於 Category 2
機械及設備,,研磨機,True,2,機械設備通常為固定資產，屬於 Category 2
機械及設備,03,供水設備,True,2,機械設備通常為固定資產，屬於 Category 2
機械及設備,,水池,True,2,機械設備通常為固定資產，屬於 Category 2
機械及設備,,水井,True,2,機械設備通常為固定資產，屬於 Category 2
機械及設備,,儲槽,True,2,機械設備通常為固定資產，屬於 Category 2
機械及設備,,濾水槽,True,2,機械設備通常為固定資產，屬於 Category 2
機械及設備,,軟化槽,True,2,機械設備通常為固定資產，屬於 Category 2
機械及設備,,勻壓槽,True,2,機械設備通常為固定資產，屬於 Category 2
機械及設備,,冷卻水塔,True,2,機械設備通常為固定資產，屬於 Category 2
機械及設備,,氯化機,True,2,機械設備通常為固定資產，屬於 Category 2
機械及設備,,流量錶,True,2,機械設備通常為固定資產，屬於 Category 2
機械及設備,,水管線,True,2,機械設備通常為固定資產，屬於 Category 2
機械及設備,,沉澱槽,True,2,機械設備通常為固定資產，屬於 Category 2
機械及設備,,藥品加料槽,True,2,機械設備通常為固定資產，屬於 Category 2
機械及設備,04,磷酸二鈣製造機械及設備,True,2,機械設備通常為固定資產，屬於 Category 2
機械及設備,,給料器,True,2,機械設備通常為固定資產，屬於 Category 2
機械及設備,,壓碎機,True,2,機械設備通常為固定資產，屬於 Category 2
機械及設備,,鎚碎機,True,2,機械設備通常為固定資產，屬於 Category 2
機械及設備,,研磨機,True,2,機械設備通常為固定資產，屬於 Category 2
機械及設備,,風折機,True,2,機械設備通常為固定資產，屬於 Category 2
機械及設備,,袋濾器,True,2,機械設備通常為固定資產，屬於 Category 2
機械及設備,,收集器,True,2,機械設備通常為固定資產，屬於 Category 2
機械及設備,,風車,True,2,機械設備通常為固定資產，屬於 Category 2
機械及設備,,儲槽,True,2,機械設備通常為固定資產，屬於 Category 2
機械及設備,,攪拌機,True,2,機械設備通常為固定資產，屬於 Category 2
機械及設備,,沈澱槽,True,2,機械設備通常為固定資產，屬於 Category 2
機械及設備,,酸漿冷卻器,True,2,機械設備通常為固定資產，屬於 Category 2
機械及設備,,緩衝槽,True,2,機械設備通常為固定資產，屬於 Category 2
機械及設備,,再漿槽,True,2,機械設備通常為固定資產，屬於 Category 2
機械及設備,,助濾劑配製槽,True,2,機械設備通常為固定資產，屬於 Category 2
機械及設備,,過濾機,True,2,機械設備通常為固定資產，屬於 Category 2
機械及設備,,受液槽,True,2,機械設備通常為固定資產，屬於 Category 2
機械及設備,,洗滌器,True,2,機械設備通常為固定資產，屬於 Category 2
機械及設備,,混合反應機,True,2,機械設備通常為固定資產，屬於 Category 2
機械及設備,,預熱器,True,2,機械設備通常為固定資產，屬於 Category 2
機械及設備,,燃燒爐,True,2,機械設備通常為固定資產，屬於 Category 2
機械及設備,,乾燥機,True,2,機械設備通常為固定資產，屬於 Category 2
機械及設備,,回流槽,True,2,機械設備通常為固定資產，屬於 Category 2
機械及設備,,滌氣塔,True,2,機械設備通常為固定資產，屬於 Category 2
機械及設備,,儲倉,True,2,機械設備通常為固定資產，屬於 Category 2
機械及設備,,秤量機,True,2,機械設備通常為固定資產，屬於 Category 2
機械及設備,,包裝機,True,2,機械設備通常為固定資產，屬於 Category 2
機械及設備,,縫袋機,True,2,機械設備通常為固定資產，屬於 Category 2
機械及設備,,氣道,True,2,機械設備通常為固定資產，屬於 Category 2
機械及設備,05,三聚磷酸鈉製造機械及設備,True,2,機械設備通常為固定資產，屬於 Category 2
機械及設備,,攪拌器,True,2,機械設備通常為固定資產，屬於 Category 2
機械及設備,,儲槽,True,2,機械設備通常為固定資產，屬於 Category 2
機械及設備,,溶解槽,True,2,機械設備通常為固定資產，屬於 Category 2
機械及設備,,循環槽,True,2,機械設備通常為固定資產，屬於 Category 2
機械及設備,,緩衝槽,True,2,機械設備通常為固定資產，屬於 Category 2
機械及設備,,反應槽,True,2,機械設備通常為固定資產，屬於 Category 2
機械及設備,,淨析槽,True,2,機械設備通常為固定資產，屬於 Category 2
機械及設備,,流量控制罐,True,2,機械設備通常為固定資產，屬於 Category 2
機械及設備,,加料機,True,2,機械設備通常為固定資產，屬於 Category 2
機械及設備,,離心淨析器,True,2,機械設備通常為固定資產，屬於 Category 2
機械及設備,,中和調整槽,True,2,機械設備通常為固定資產，屬於 Category 2
機械及設備,,壓濾機,True,2,機械設備通常為固定資產，屬於 Category 2
機械及設備,,濾液承受槽,True,2,機械設備通常為固定資產，屬於 Category 2
機械及設備,,酸漿水和槽,True,2,機械設備通常為固定資產，屬於 Category 2
機械及設備,,熱交換器,True,2,機械設備通常為固定資產，屬於 Category 2
機械及設備,,濃縮器,True,2,機械設備通常為固定資產，屬於 Category 2
機械及設備,,冷凝器,True,2,機械設備通常為固定資產，屬於 Category 2
機械及設備,,分離器,True,2,機械設備通常為固定資產，屬於 Category 2
機械及設備,,比重測定槽,True,2,機械設備通常為固定資產，屬於 Category 2
機械及設備,,液位調節罐,True,2,機械設備通常為固定資產，屬於 Category 2
機械及設備,,燃燒室,True,2,機械設備通常為固定資產，屬於 Category 2
機械及設備,,燃燒爐,True,2,機械設備通常為固定資產，屬於 Category 2
機械及設備,,焙燒機,True,2,機械設備通常為固定資產，屬於 Category 2
機械及設備,,乾燥機,True,2,機械設備通常為固定資產，屬於 Category 2
機械及設備,,冷卻機,True,2,機械設備通常為固定資產，屬於 Category 2
機械及設備,,增濕機,True,2,機械設備通常為固定資產，屬於 Category 2
機械及設備,,震動助卸器,True,2,機械設備通常為固定資產，屬於 Category 2
機械及設備,,稀釋罐,True,2,機械設備通常為固定資產，屬於 Category 2
機械及設備,,濃縮沸騰罐,True,2,機械設備通常為固定資產，屬於 Category 2
機械及設備,,壓碎機,True,2,機械設備通常為固定資產，屬於 Category 2
機械及設備,,研磨機,True,2,機械設備通常為固定資產，屬於 Category 2
機械及設備,,集塵器,True,2,機械設備通常為固定資產，屬於 Category 2
機械及設備,,袋濾器,True,2,機械設備通常為固定資產，屬於 Category 2
機械及設備,,滌氣塔,True,2,機械設備通常為固定資產，屬於 Category 2
機械及設備,,水處理設備,True,2,機械設備通常為固定資產，屬於 Category 2
機械及設備,,氣輸壓力罐,True,2,機械設備通常為固定資產，屬於 Category 2
機械及設備,,包裝機,True,2,機械設備通常為固定資產，屬於 Category 2
機械及設備,,縫袋機,True,2,機械設備通常為固定資產，屬於 Category 2
機械及設備,,煙囪,True,2,機械設備通常為固定資產，屬於 Category 2
機械及設備,06,磷酸鈉製造機械及設備,True,2,機械設備通常為固定資產，屬於 Category 2
機械及設備,,攪拌器,True,2,機械設備通常為固定資產，屬於 Category 2
機械及設備,,儲槽,True,2,機械設備通常為固定資產，屬於 Category 2
機械及設備,,恆位槽,True,2,機械設備通常為固定資產，屬於 Category 2
機械及設備,,計量槽,True,2,機械設備通常為固定資產，屬於 Category 2
機械及設備,,反應槽,True,2,機械設備通常為固定資產，屬於 Category 2
機械及設備,,調整槽,True,2,機械設備通常為固定資產，屬於 Category 2
機械及設備,,緩衝槽,True,2,機械設備通常為固定資產，屬於 Category 2
機械及設備,,結晶槽,True,2,機械設備通常為固定資產，屬於 Category 2
機械及設備,,濃縮槽,True,2,機械設備通常為固定資產，屬於 Category 2
機械及設備,,溫水槽,True,2,機械設備通常為固定資產，屬於 Category 2
機械及設備,,壓濾機,True,2,機械設備通常為固定資產，屬於 Category 2
機械及設備,,乾燥機,True,2,機械設備通常為固定資產，屬於 Category 2
機械及設備,,加料機,True,2,機械設備通常為固定資產，屬於 Category 2
機械及設備,,加熱器,True,2,機械設備通常為固定資產，屬於 Category 2
機械及設備,,離心機,True,2,機械設備通常為固定資產，屬於 Category 2
機械及設備,,分離器,True,2,機械設備通常為固定資產，屬於 Category 2
機械及設備,,噴射真空器,True,2,機械設備通常為固定資產，屬於 Category 2
機械及設備,,空氣過濾器,True,2,機械設備通常為固定資產，屬於 Category 2
機械及設備,,空氣加熱器,True,2,機械設備通常為固定資產，屬於 Category 2
機械及設備,,風車,True,2,機械設備通常為固定資產，屬於 Category 2
機械及設備,,篩選機,True,2,機械設備通常為固定資產，屬於 Category 2
機械及設備,,秤量機,True,2,機械設備通常為固定資產，屬於 Category 2
機械及設備,,縫袋機,True,2,機械設備通常為固定資產，屬於 Category 2
機械及設備,,真空蒸發器,True,2,機械設備通常為固定資產，屬於 Category 2
機械及設備,,蒸發器,True,2,機械設備通常為固定資產，屬於 Category 2
機械及設備,07,儀錶設備,True,2,機械設備通常為固定資產，屬於 Category 2
機械及設備,,儀錶設備,True,2,機械設備通常為固定資產，屬於 Category 2
機械及設備,39,二氧化鈦製造機械及設備,True,2,機械設備通常為固定資產，屬於 Category 2
機械及設備,01,鍛燒設備,True,2,機械設備通常為固定資產，屬於 Category 2
機械及設備,,排氣風扇,True,2,機械設備通常為固定資產，屬於 Category 2
機械及設備,,煙囪,True,2,機械設備通常為固定資產，屬於 Category 2
機械及設備,02,鹽酸蒸發設備,True,2,機械設備通常為固定資產，屬於 Category 2
機械及設備,,濃酸卸料泵,True,2,機械設備通常為固定資產，屬於 Category 2
機械及設備,03,蒸煮浸萃設備,True,2,機械設備通常為固定資產，屬於 Category 2
機械及設備,,高架鏈條吊車,True,2,機械設備通常為固定資產，屬於 Category 2
機械及設備,04,礦砂清洗與廢液處理設備,True,2,機械設備通常為固定資產，屬於 Category 2
機械及設備,,洗液分離槽,True,2,機械設備通常為固定資產，屬於 Category 2
機械及設備,,熱水泵,True,2,機械設備通常為固定資產，屬於 Category 2
機械及設備,,礦泥隔膜泵,True,2,機械設備通常為固定資產，屬於 Category 2
機械及設備,,廢酸水輸送泵,True,2,機械設備通常為固定資產，屬於 Category 2
機械及設備,05,鹽酸再生設備,True,2,機械設備通常為固定資產，屬於 Category 2
機械及設備,,動油貯槽,True,2,機械設備通常為固定資產，屬於 Category 2
機械及設備,,噴霧裂解爐,True,2,機械設備通常為固定資產，屬於 Category 2
機械及設備,,旋風分離器,True,2,機械設備通常為固定資產，屬於 Category 2
機械及設備,,水槽,True,2,機械設備通常為固定資產，屬於 Category 2
機械及設備,,煙囪,True,2,機械設備通常為固定資產，屬於 Category 2
機械及設備,,粉碎機,True,2,機械設備通常為固定資產，屬於 Category 2
機械及設備,,電動吊車,True,2,機械設備通常為固定資產，屬於 Category 2
機械及設備,06,過濾及乾燥設備,True,2,機械設備通常為固定資產，屬於 Category 2
機械及設備,,帶式過濾機,True,2,機械設備通常為固定資產，屬於 Category 2
機械及設備,,吊式提運機,True,2,機械設備通常為固定資產，屬於 Category 2
機械及設備,,真空泵,True,2,機械設備通常為固定資產，屬於 Category 2
機械及設備,,真空接受槽,True,2,機械設備通常為固定資產，屬於 Category 2
機械及設備,07,鈦黃粉製造設備,True,2,機械設備通常為固定資產，屬於 Category 2
機械及設備,,飛塵收集器,True,2,機械設備通常為固定資產，屬於 Category 2
機械及設備,,磨粉機,True,2,機械設備通常為固定資產，屬於 Category 2
機械及設備,,裝袋機,True,2,機械設備通常為固定資產，屬於 Category 2
機械及設備,40,己內醯胺製造機械及設備,True,2,機械設備通常為固定資產，屬於 Category 2
機械及設備,01,環己烷製造設備,True,2,機械設備通常為固定資產，屬於 Category 2
機械及設備,,苯氫反應器,True,2,機械設備通常為固定資產，屬於 Category 2
機械及設備,,收集器,True,2,機械設備通常為固定資產，屬於 Category 2
機械及設備,,熱交換器,True,2,機械設備通常為固定資產，屬於 Category 2
機械及設備,,儀器設備,True,2,機械設備通常為固定資產，屬於 Category 2
機械及設備,02,環己酮製造設備,True,2,機械設備通常為固定資產，屬於 Category 2
機械及設備,,壓縮機,True,2,機械設備通常為固定資產，屬於 Category 2
機械及設備,,熱交換器,True,2,機械設備通常為固定資產，屬於 Category 2
機械及設備,,乾燥器,True,2,機械設備通常為固定資產，屬於 Category 2
機械及設備,,構架、設備基礎,True,2,機械設備通常為固定資產，屬於 Category 2
機械及設備,03,環己酮肟製造設備,True,2,機械設備通常為固定資產，屬於 Category 2
機械及設備,,去除器,True,2,機械設備通常為固定資產，屬於 Category 2
機械及設備,,真空器,True,2,機械設備通常為固定資產，屬於 Category 2
機械及設備,,廢熱鍋爐,True,2,機械設備通常為固定資產，屬於 Category 2
機械及設備,,儀器設備,True,2,機械設備通常為固定資產，屬於 Category 2
機械及設備,,構架、設備基礎,True,2,機械設備通常為固定資產，屬於 Category 2
機械及設備,04,己內醯胺製造設備,True,2,機械設備通常為固定資產，屬於 Category 2
機械及設備,,製片機,True,2,機械設備通常為固定資產，屬於 Category 2
機械及設備,,裝填稱量機,True,2,機械設備通常為固定資產，屬於 Category 2
機械及設備,,袋口熔接機,True,2,機械設備通常為固定資產，屬於 Category 2
機械及設備,,縫袋機,True,2,機械設備通常為固定資產，屬於 Category 2
機械及設備,,裝卸機具,True,2,機械設備通常為固定資產，屬於 Category 2
機械及設備,,清洗機具,True,2,機械設備通常為固定資產，屬於 Category 2
機械及設備,05,硫酸錏製造設備,True,2,機械設備通常為固定資產，屬於 Category 2
機械及設備,,製程泵,True,2,機械設備通常為固定資產，屬於 Category 2
機械及設備,,製程槽,True,2,機械設備通常為固定資產，屬於 Category 2
機械及設備,,結晶罐,True,2,機械設備通常為固定資產，屬於 Category 2
機械及設備,,預濃縮器,True,2,機械設備通常為固定資產，屬於 Category 2
機械及設備,,旋風機,True,2,機械設備通常為固定資產，屬於 Category 2
機械及設備,,壓力平衡器,True,2,機械設備通常為固定資產，屬於 Category 2
機械及設備,,過濾器,True,2,機械設備通常為固定資產，屬於 Category 2
機械及設備,,離心分離器,True,2,機械設備通常為固定資產，屬於 Category 2
機械及設備,,乾燥機,True,2,機械設備通常為固定資產，屬於 Category 2
機械及設備,,輸送器,True,2,機械設備通常為固定資產，屬於 Category 2
機械及設備,,熱交換器,True,2,機械設備通常為固定資產，屬於 Category 2
機械及設備,,蒸汽噴射器,True,2,機械設備通常為固定資產，屬於 Category 2
機械及設備,,水分配器,True,2,機械設備通常為固定資產，屬於 Category 2
機械及設備,,管線設備,True,2,機械設備通常為固定資產，屬於 Category 2
機械及設備,,儀器設備,True,2,機械設備通常為固定資產，屬於 Category 2
機械及設備,,構架、設備基礎,True,2,機械設備通常為固定資產，屬於 Category 2
機械及設備,06,硫酸錏包裝設備,True,2,機械設備通常為固定資產，屬於 Category 2
機械及設備,,製程槽,True,2,機械設備通常為固定資產，屬於 Category 2
機械及設備,,加料機,True,2,機械設備通常為固定資產，屬於 Category 2
機械及設備,,管線設備,True,2,機械設備通常為固定資產，屬於 Category 2
機械及設備,,包裝站,True,2,機械設備通常為固定資產，屬於 Category 2
機械及設備,,過濾器,True,2,機械設備通常為固定資產，屬於 Category 2
機械及設備,,空袋車,True,2,機械設備通常為固定資產，屬於 Category 2
機械及設備,,磅秤,True,2,機械設備通常為固定資產，屬於 Category 2
機械及設備,,加熱器,True,2,機械設備通常為固定資產，屬於 Category 2
機械及設備,,轉向器,True,2,機械設備通常為固定資產，屬於 Category 2
機械及設備,,儀器設備,True,2,機械設備通常為固定資產，屬於 Category 2
機械及設備,,構架、設備基礎,True,2,機械設備通常為固定資產，屬於 Category 2
機械及設備,07,儲槽,True,2,機械設備通常為固定資產，屬於 Category 2
機械及設備,,原料儲槽,True,2,機械設備通常為固定資產，屬於 Category 2
機械及設備,08,水處理設備,True,2,機械設備通常為固定資產，屬於 Category 2
機械及設備,,過濾器,True,2,機械設備通常為固定資產，屬於 Category 2
機械及設備,,壓縮機,True,2,機械設備通常為固定資產，屬於 Category 2
機械及設備,,水池,True,2,機械設備通常為固定資產，屬於 Category 2
機械及設備,,洗滌塔,True,2,機械設備通常為固定資產，屬於 Category 2
機械及設備,,冷卻水塔,True,2,機械設備通常為固定資產，屬於 Category 2
機械及設備,,分離器,True,2,機械設備通常為固定資產，屬於 Category 2
機械及設備,,焚化爐,True,2,機械設備通常為固定資產，屬於 Category 2
機械及設備,,管線設備,True,2,機械設備通常為固定資產，屬於 Category 2
機械及設備,,儀器設備,True,2,機械設備通常為固定資產，屬於 Category 2
機械及設備,,構架、設備基礎,True,2,機械設備通常為固定資產，屬於 Category 2
機械及設備,09,氮氣製造設備,True,2,機械設備通常為固定資產，屬於 Category 2
機械及設備,,分子篩,True,2,機械設備通常為固定資產，屬於 Category 2
機械及設備,,過濾氣,True,2,機械設備通常為固定資產，屬於 Category 2
機械及設備,,分餾塔,True,2,機械設備通常為固定資產，屬於 Category 2
機械及設備,,蒸發器,True,2,機械設備通常為固定資產，屬於 Category 2
機械及設備,,管線設備,True,2,機械設備通常為固定資產，屬於 Category 2
機械及設備,,儀器設備,True,2,機械設備通常為固定資產，屬於 Category 2
機械及設備,,構架、設備基礎,True,2,機械設備通常為固定資產，屬於 Category 2
機械及設備,10,公用設施,True,2,機械設備通常為固定資產，屬於 Category 2
機械及設備,,管線設備,True,2,機械設備通常為固定資產，屬於 Category 2
機械及設備,,儀器設備,True,2,機械設備通常為固定資產，屬於 Category 2
機械及設備,,構架、設備基礎,True,2,機械設備通常為固定資產，屬於 Category 2
機械及設備,,配電設備,True,2,機械設備通常為固定資產，屬於 Category 2
機械及設備,99,其他工業機械及設備,True,2,機械設備通常為固定資產，屬於 Category 2
機械及設備,01,肉類食品加工機械及設備,True,2,機械設備通常為固定資產，屬於 Category 2
機械及設備,,電氣殺豬器,True,2,機械設備通常為固定資產，屬於 Category 2
機械及設備,,加熱爐,True,2,機械設備通常為固定資產，屬於 Category 2
機械及設備,,軋肉機,True,2,機械設備通常為固定資產，屬於 Category 2
機械及設備,,榨豬油機,True,2,機械設備通常為固定資產，屬於 Category 2
機械及設備,,肉品乾燥機,True,2,機械設備通常為固定資產，屬於 Category 2
機械及設備,,燻肉爐,True,2,機械設備通常為固定資產，屬於 Category 2
機械及設備,,鋸肉機,True,2,機械設備通常為固定資產，屬於 Category 2
機械及設備,,切肉機,True,2,機械設備通常為固定資產，屬於 Category 2
機械及設備,,肉品工作台,True,2,機械設備通常為固定資產，屬於 Category 2
機械及設備,,空氣乾燥機,True,2,機械設備通常為固定資產，屬於 Category 2
機械及設備,,肉品混合機,True,2,機械設備通常為固定資產，屬於 Category 2
機械及設備,,蒸氣套鍋,True,2,機械設備通常為固定資產，屬於 Category 2
機械及設備,,殺菌鍋,True,2,機械設備通常為固定資產，屬於 Category 2
機械及設備,,壓力殺菌鍋,True,2,機械設備通常為固定資產，屬於 Category 2
機械及設備,,蒸煮鍋,True,2,機械設備通常為固定資產，屬於 Category 2
機械及設備,,蒸氣二重鍋,True,2,機械設備通常為固定資產，屬於 Category 2
機械及設備,,裝肉機,True,2,機械設備通常為固定資產，屬於 Category 2
機械及設備,,真空封罐機,True,2,機械設備通常為固定資產，屬於 Category 2
機械及設備,,脫氣機,True,2,機械設備通常為固定資產，屬於 Category 2
機械及設備,,封罐機,True,2,機械設備通常為固定資產，屬於 Category 2
機械及設備,,刻印機,True,2,機械設備通常為固定資產，屬於 Category 2
機械及設備,,穿孔機,True,2,機械設備通常為固定資產，屬於 Category 2
機械及設備,,冷邽槽,True,2,機械設備通常為固定資產，屬於 Category 2
機械及設備,,攪拌槽,True,2,機械設備通常為固定資產，屬於 Category 2
機械及設備,,自動真空氮氣充填包裝機,True,2,機械設備通常為固定資產，屬於 Category 2
機械及設備,,燻煙裝置,True,2,機械設備通常為固定資產，屬於 Category 2
機械及設備,,滑輪及掛鉤,True,2,機械設備通常為固定資產，屬於 Category 2
機械及設備,,壓型火腿擠壓器,True,2,機械設備通常為固定資產，屬於 Category 2
機械及設備,,脫毛機,True,2,機械設備通常為固定資產，屬於 Category 2
機械及設備,,擂潰機,True,2,機械設備通常為固定資產，屬於 Category 2
機械及設備,,結紮機,True,2,機械設備通常為固定資產，屬於 Category 2
機械及設備,,絞肉機,True,2,機械設備通常為固定資產，屬於 Category 2
機械及設備,,肉品嫩度計,True,2,機械設備通常為固定資產，屬於 Category 2
機械及設備,,蒸煮擠壓成型機,True,2,機械設備通常為固定資產，屬於 Category 2
機械及設備,,漢堡機,True,2,機械設備通常為固定資產，屬於 Category 2
機械及設備,,剝皮機,True,2,機械設備通常為固定資產，屬於 Category 2
機械及設備,,骨肉分離機,True,2,機械設備通常為固定資產，屬於 Category 2
機械及設備,,刺血糟,True,2,機械設備通常為固定資產，屬於 Category 2
機械及設備,,狹豬機,True,2,機械設備通常為固定資產，屬於 Category 2
機械及設備,,燙豬池,True,2,機械設備通常為固定資產，屬於 Category 2
機械及設備,,內臟清洗更新設備,True,2,機械設備通常為固定資產，屬於 Category 2
機械及設備,,燙豬池壓豬架,True,2,機械設備通常為固定資產，屬於 Category 2
機械及設備,,貢丸成型機,True,2,機械設備通常為固定資產，屬於 Category 2
機械及設備,,屠體電昏機,True,2,機械設備通常為固定資產，屬於 Category 2
機械及設備,,氣壓打油機,True,2,機械設備通常為固定資產，屬於 Category 2
機械及設備,,捏和機,True,2,機械設備通常為固定資產，屬於 Category 2
機械及設備,,碎肉乳化機,True,2,機械設備通常為固定資產，屬於 Category 2
機械及設備,,電宰機械設備,True,2,機械設備通常為固定資產，屬於 Category 2
機械及設備,,毛豬沖噴水工程,True,2,機械設備通常為固定資產，屬於 Category 2
機械及設備,,屠體沖洗設備,True,2,機械設備通常為固定資產，屬於 Category 2
機械及設備,,肉品急速冷凍設備,True,2,機械設備通常為固定資產，屬於 Category 2
機械及設備,,電鋸鋸片,True,2,機械設備通常為固定資產，屬於 Category 2
機械及設備,,粉碎機用盛物桶廢料桶,True,2,機械設備通常為固定資產，屬於 Category 2
機械及設備,,肉品冷藏設備,True,2,機械設備通常為固定資產，屬於 Category 2
機械及設備,,鋼桶,True,2,機械設備通常為固定資產，屬於 Category 2
機械及設備,,方形桶吊掛架,True,2,機械設備通常為固定資產，屬於 Category 2
機械及設備,,原料肉恆溫解凍室,True,2,機械設備通常為固定資產，屬於 Category 2
機械及設備,,刮毛器（片）,True,2,機械設備通常為固定資產，屬於 Category 2
機械及設備,,加藥泵,True,2,機械設備通常為固定資產，屬於 Category 2
機械及設備,,放血槽,True,2,機械設備通常為固定資產，屬於 Category 2
機械及設備,,沖洗消毒盆,True,2,機械設備通常為固定資產，屬於 Category 2
機械及設備,,燙豬池熱水泵,True,2,機械設備通常為固定資產，屬於 Category 2
機械及設備,,降豬器,True,2,機械設備通常為固定資產，屬於 Category 2
機械及設備,,冰凍切片機,True,2,機械設備通常為固定資產，屬於 Category 2
機械及設備,,自動輸送機,True,2,機械設備通常為固定資產，屬於 Category 2
機械及設備,,圓型走道狹豬輸送機,True,2,機械設備通常為固定資產，屬於 Category 2
機械及設備,,內臟懸掛架,True,2,機械設備通常為固定資產，屬於 Category 2
機械及設備,,電子拍賣機,True,2,機械設備通常為固定資產，屬於 Category 2
機械及設備,02,飼料加工機械及設備,True,2,機械設備通常為固定資產，屬於 Category 2
機械及設備,,壓碎機,True,2,機械設備通常為固定資產，屬於 Category 2
機械及設備,,磨滾機,True,2,機械設備通常為固定資產，屬於 Category 2
機械及設備,,鎚磨機,True,2,機械設備通常為固定資產，屬於 Category 2
機械及設備,,六角篩,True,2,機械設備通常為固定資產，屬於 Category 2
機械及設備,,混合機,True,2,機械設備通常為固定資產，屬於 Category 2
機械及設備,,壓條機,True,2,機械設備通常為固定資產，屬於 Category 2
機械及設備,,集塵器,True,2,機械設備通常為固定資產，屬於 Category 2
機械及設備,,濾塵器,True,2,機械設備通常為固定資產，屬於 Category 2
機械及設備,,冷卻器,True,2,機械設備通常為固定資產，屬於 Category 2
機械及設備,,噴粉器,True,2,機械設備通常為固定資產，屬於 Category 2
機械及設備,,貯藏箱,True,2,機械設備通常為固定資產，屬於 Category 2
機械及設備,,脫水機,True,2,機械設備通常為固定資產，屬於 Category 2
機械及設備,,製簽機,True,2,機械設備通常為固定資產，屬於 Category 2
機械及設備,,切碎機,True,2,機械設備通常為固定資產，屬於 Category 2
機械及設備,,爆米機,True,2,機械設備通常為固定資產，屬於 Category 2
機械及設備,,擺動式出料器,True,2,機械設備通常為固定資產，屬於 Category 2
機械及設備,,震動式進料器,True,2,機械設備通常為固定資產，屬於 Category 2
機械及設備,,青飼料切碎器,True,2,機械設備通常為固定資產，屬於 Category 2
機械及設備,,穀類浸濕器,True,2,機械設備通常為固定資產，屬於 Category 2
機械及設備,,迴轉式飼料分配器,True,2,機械設備通常為固定資產，屬於 Category 2
機械及設備,,顆粒成型機,True,2,機械設備通常為固定資產，屬於 Category 2
機械及設備,,粉狀飼料打粒機,True,2,機械設備通常為固定資產，屬於 Category 2
機械及設備,,軌道式飼料分配器,True,2,機械設備通常為固定資產，屬於 Category 2
機械及設備,03,魚肝油（丸）製造機械及設備,True,2,機械設備通常為固定資產，屬於 Category 2
機械及設備,,遠心分離機,True,2,機械設備通常為固定資產，屬於 Category 2
機械及設備,,膠球製造機,True,2,機械設備通常為固定資產，屬於 Category 2
機械及設備,,糖衣迴轉機,True,2,機械設備通常為固定資產，屬於 Category 2
機械及設備,,壓榨機,True,2,機械設備通常為固定資產，屬於 Category 2
機械及設備,,溶膠鍋,True,2,機械設備通常為固定資產，屬於 Category 2
機械及設備,,膠劑保溫鍋,True,2,機械設備通常為固定資產，屬於 Category 2
機械及設備,,煮熱鍋,True,2,機械設備通常為固定資產，屬於 Category 2
機械及設備,,鐵模,True,2,機械設備通常為固定資產，屬於 Category 2
機械及設備,,油箱,True,2,機械設備通常為固定資產，屬於 Category 2
機械及設備,,油桶,True,2,機械設備通常為固定資產，屬於 Category 2
機械及設備,,蒸氣鍋,True,2,機械設備通常為固定資產，屬於 Category 2
機械及設備,,冷卻器,True,2,機械設備通常為固定資產，屬於 Category 2
機械及設備,,乾燥箱,True,2,機械設備通常為固定資產，屬於 Category 2
機械及設備,,壓濾機,True,2,機械設備通常為固定資產，屬於 Category 2
機械及設備,,肝油分液漏斗,True,2,機械設備通常為固定資產，屬於 Category 2
機械及設備,04,電石製造機械及設備,True,2,機械設備通常為固定資產，屬於 Category 2
機械及設備,,空氣壓縮機,True,2,機械設備通常為固定資產，屬於 Category 2
機械及設備,,冷卻水塔,True,2,機械設備通常為固定資產，屬於 Category 2
機械及設備,,加料槽,True,2,機械設備通常為固定資產，屬於 Category 2
機械及設備,,管式球磨機,True,2,機械設備通常為固定資產，屬於 Category 2
機械及設備,,電爐,True,2,機械設備通常為固定資產，屬於 Category 2
機械及設備,,排風設備,True,2,機械設備通常為固定資產，屬於 Category 2
機械及設備,05,石灰製造機械及設備,True,2,機械設備通常為固定資產，屬於 Category 2
機械及設備,,石灰窯,True,2,機械設備通常為固定資產，屬於 Category 2
機械及設備,,雙輥壓碎機,True,2,機械設備通常為固定資產，屬於 Category 2
機械及設備,,粉石灰儲槽,True,2,機械設備通常為固定資產，屬於 Category 2
機械及設備,,煤氣發生爐,True,2,機械設備通常為固定資產，屬於 Category 2
機械及設備,,自動配料機,True,2,機械設備通常為固定資產，屬於 Category 2
機械及設備,06,液氨製造機械及設備,True,2,機械設備通常為固定資產，屬於 Category 2
機械及設備,,一氧化碳轉化塔,True,2,機械設備通常為固定資產，屬於 Category 2
機械及設備,,飽和塔,True,2,機械設備通常為固定資產，屬於 Category 2
機械及設備,,水加熱塔,True,2,機械設備通常為固定資產，屬於 Category 2
機械及設備,,二氧化碳吸收塔,True,2,機械設備通常為固定資產，屬於 Category 2
機械及設備,,ＭＥＡ再生塔,True,2,機械設備通常為固定資產，屬於 Category 2
機械及設備,,鹼液洗滌塔,True,2,機械設備通常為固定資產，屬於 Category 2
機械及設備,,液氨洗滌塔,True,2,機械設備通常為固定資產，屬於 Category 2
機械及設備,,氨氣合成塔,True,2,機械設備通常為固定資產，屬於 Category 2
機械及設備,,除氧器,True,2,機械設備通常為固定資產，屬於 Category 2
機械及設備,,液氨儲球,True,2,機械設備通常為固定資產，屬於 Category 2
機械及設備,,氣體分離器,True,2,機械設備通常為固定資產，屬於 Category 2
機械及設備,,六級壓縮機,True,2,機械設備通常為固定資產，屬於 Category 2
機械及設備,,過濾器,True,2,機械設備通常為固定資產，屬於 Category 2
機械及設備,,冷卻器,True,2,機械設備通常為固定資產，屬於 Category 2
機械及設備,,冷交換器,True,2,機械設備通常為固定資產，屬於 Category 2
機械及設備,,循環壓縮機,True,2,機械設備通常為固定資產，屬於 Category 2
機械及設備,,貯氨桶,True,2,機械設備通常為固定資產，屬於 Category 2
機械及設備,,混合氣儲槽,True,2,機械設備通常為固定資產，屬於 Category 2
機械及設備,,水洗滌塔,True,2,機械設備通常為固定資產，屬於 Category 2
機械及設備,,液氨裝卸壓縮機,True,2,機械設備通常為固定資產，屬於 Category 2
機械及設備,,小型氨氣液化機,True,2,機械設備通常為固定資產，屬於 Category 2
機械及設備,,風扇,True,2,機械設備通常為固定資產，屬於 Category 2
機械及設備,,低壓燃燒塔,True,2,機械設備通常為固定資產，屬於 Category 2
機械及設備,,再液化氨接受器,True,2,機械設備通常為固定資產，屬於 Category 2
機械及設備,,液氨儲槽,True,2,機械設備通常為固定資產，屬於 Category 2
機械及設備,,強氧機,True,2,機械設備通常為固定資產，屬於 Category 2
機械及設備,,強氣機,True,2,機械設備通常為固定資產，屬於 Category 2
機械及設備,07,氫氣製造機械及設備,True,2,機械設備通常為固定資產，屬於 Category 2
機械及設備,,鹽溶解桶,True,2,機械設備通常為固定資產，屬於 Category 2
機械及設備,,鹽水測量桶,True,2,機械設備通常為固定資產，屬於 Category 2
機械及設備,,軟水器,True,2,機械設備通常為固定資產，屬於 Category 2
機械及設備,,蒸發器,True,2,機械設備通常為固定資產，屬於 Category 2
機械及設備,,冷凝器,True,2,機械設備通常為固定資產，屬於 Category 2
機械及設備,,水冷凝器,True,2,機械設備通常為固定資產，屬於 Category 2
機械及設備,,蒸餾水儲桶,True,2,機械設備通常為固定資產，屬於 Category 2
機械及設備,,電解池,True,2,機械設備通常為固定資產，屬於 Category 2
機械及設備,,氣體發生器,True,2,機械設備通常為固定資產，屬於 Category 2
機械及設備,,除氣器加熱器,True,2,機械設備通常為固定資產，屬於 Category 2
機械及設備,,驟冷水桶,True,2,機械設備通常為固定資產，屬於 Category 2
機械及設備,,放氣桶,True,2,機械設備通常為固定資產，屬於 Category 2
機械及設備,,湧溢桶,True,2,機械設備通常為固定資產，屬於 Category 2
機械及設備,,升壓水桶,True,2,機械設備通常為固定資產，屬於 Category 2
機械及設備,,除氣器,True,2,機械設備通常為固定資產，屬於 Category 2
機械及設備,,飼水桶,True,2,機械設備通常為固定資產，屬於 Category 2
機械及設備,,稠原器,True,2,機械設備通常為固定資產，屬於 Category 2
機械及設備,,燃燒器,True,2,機械設備通常為固定資產，屬於 Category 2
機械及設備,,一氧化碳轉化預熱器,True,2,機械設備通常為固定資產，屬於 Category 2
機械及設備,,起動加熱器,True,2,機械設備通常為固定資產，屬於 Category 2
機械及設備,,除硫儲桶,True,2,機械設備通常為固定資產，屬於 Category 2
機械及設備,,碳酸液再沸器,True,2,機械設備通常為固定資產，屬於 Category 2
機械及設備,,氣體後冷卻器,True,2,機械設備通常為固定資產，屬於 Category 2
機械及設備,,甲烷器,True,2,機械設備通常為固定資產，屬於 Category 2
機械及設備,,排放槽,True,2,機械設備通常為固定資產，屬於 Category 2
機械及設備,,鼓風機,True,2,機械設備通常為固定資產，屬於 Category 2
機械及設備,,蒸汽抽氣機,True,2,機械設備通常為固定資產，屬於 Category 2
機械及設備,,混合器,True,2,機械設備通常為固定資產，屬於 Category 2
機械及設備,,轉化器,True,2,機械設備通常為固定資產，屬於 Category 2
機械及設備,,吸收器,True,2,機械設備通常為固定資產，屬於 Category 2
機械及設備,,分離器,True,2,機械設備通常為固定資產，屬於 Category 2
機械及設備,,吸收塔,True,2,機械設備通常為固定資產，屬於 Category 2
機械及設備,,去除塔,True,2,機械設備通常為固定資產，屬於 Category 2
機械及設備,,熱交換器,True,2,機械設備通常為固定資產，屬於 Category 2
機械及設備,,管線設備,True,2,機械設備通常為固定資產，屬於 Category 2
機械及設備,,儀器設備,True,2,機械設備通常為固定資產，屬於 Category 2
機械及設備,,氫氣製造機,True,2,機械設備通常為固定資產，屬於 Category 2
機械及設備,,氫氣冷箱,True,2,機械設備通常為固定資產，屬於 Category 2
機械及設備,,氫氣純淨器,True,2,機械設備通常為固定資產，屬於 Category 2
機械及設備,,氧氣製造機,True,2,機械設備通常為固定資產，屬於 Category 2
機械及設備,,天然氣整壓站設備,True,2,機械設備通常為固定資產，屬於 Category 2
機械及設備,08,氬氣製造機械及設備,True,2,機械設備通常為固定資產，屬於 Category 2
機械及設備,,氬氣分餾塔,True,2,機械設備通常為固定資產，屬於 Category 2
機械及設備,,粗氬壓縮器,True,2,機械設備通常為固定資產，屬於 Category 2
機械及設備,,脫氧器,True,2,機械設備通常為固定資產，屬於 Category 2
機械及設備,,冷卻器,True,2,機械設備通常為固定資產，屬於 Category 2
機械及設備,,水分離器,True,2,機械設備通常為固定資產，屬於 Category 2
機械及設備,,捕水器,True,2,機械設備通常為固定資產，屬於 Category 2
機械及設備,,液氬槽,True,2,機械設備通常為固定資產，屬於 Category 2
機械及設備,,壓縮機,True,2,機械設備通常為固定資產，屬於 Category 2
機械及設備,,輪機膨脹器,True,2,機械設備通常為固定資產，屬於 Category 2
機械及設備,,洗滌器,True,2,機械設備通常為固定資產，屬於 Category 2
機械及設備,,預熱器,True,2,機械設備通常為固定資產，屬於 Category 2
機械及設備,,氨水塔,True,2,機械設備通常為固定資產，屬於 Category 2
機械及設備,,冷凝器,True,2,機械設備通常為固定資產，屬於 Category 2
機械及設備,,再沸器,True,2,機械設備通常為固定資產，屬於 Category 2
機械及設備,,吸附器,True,2,機械設備通常為固定資產，屬於 Category 2
機械及設備,,加熱器,True,2,機械設備通常為固定資產，屬於 Category 2
機械及設備,,過濾器,True,2,機械設備通常為固定資產，屬於 Category 2
機械及設備,,分離器,True,2,機械設備通常為固定資產，屬於 Category 2
機械及設備,,蒸發器,True,2,機械設備通常為固定資產，屬於 Category 2
機械及設備,,換熱器,True,2,機械設備通常為固定資產，屬於 Category 2
機械及設備,,氣體儲槽,True,2,機械設備通常為固定資產，屬於 Category 2
機械及設備,,氣化器,True,2,機械設備通常為固定資產，屬於 Category 2
機械及設備,,氬氣灌裝設備,True,2,機械設備通常為固定資產，屬於 Category 2
機械及設備,,儀錶及控制系統,True,2,機械設備通常為固定資產，屬於 Category 2
機械及設備,,控制板,True,2,機械設備通常為固定資產，屬於 Category 2
機械及設備,,管線,True,2,機械設備通常為固定資產，屬於 Category 2
機械及設備,,氬氣冷箱,True,2,機械設備通常為固定資產，屬於 Category 2
機械及設備,09,煤氣製造機械及設備,True,2,機械設備通常為固定資產，屬於 Category 2
機械及設備,,合成氣去硫箱,True,2,機械設備通常為固定資產，屬於 Category 2
機械及設備,,鎚擊機,True,2,機械設備通常為固定資產，屬於 Category 2
機械及設備,,排氣機,True,2,機械設備通常為固定資產，屬於 Category 2
機械及設備,10,氟矽酸鈉製造機械及設備,True,2,機械設備通常為固定資產，屬於 Category 2
機械及設備,,吸氟塔,True,2,機械設備通常為固定資產，屬於 Category 2
機械及設備,,沙濾池,True,2,機械設備通常為固定資產，屬於 Category 2
機械及設備,,反應池,True,2,機械設備通常為固定資產，屬於 Category 2
機械及設備,,離心乾燥機,True,2,機械設備通常為固定資產，屬於 Category 2
機械及設備,,氟矽酸沉澱槽,True,2,機械設備通常為固定資產，屬於 Category 2
機械及設備,,離心機,True,2,機械設備通常為固定資產，屬於 Category 2
機械及設備,,貯槽,True,2,機械設備通常為固定資產，屬於 Category 2
機械及設備,,攪拌器,True,2,機械設備通常為固定資產，屬於 Category 2
機械及設備,,真空過濾機,True,2,機械設備通常為固定資產，屬於 Category 2
機械及設備,,濾液槽,True,2,機械設備通常為固定資產，屬於 Category 2
機械及設備,,再漿槽,True,2,機械設備通常為固定資產，屬於 Category 2
機械及設備,,冷卻塔,True,2,機械設備通常為固定資產，屬於 Category 2
機械及設備,,澄清槽,True,2,機械設備通常為固定資產，屬於 Category 2
機械及設備,,排氣道,True,2,機械設備通常為固定資產，屬於 Category 2
機械及設備,11,硝酸錏製造機械及設備,True,2,機械設備通常為固定資產，屬於 Category 2
機械及設備,,中和器,True,2,機械設備通常為固定資產，屬於 Category 2
機械及設備,,氨蒸發器,True,2,機械設備通常為固定資產，屬於 Category 2
機械及設備,,氨過熱器,True,2,機械設備通常為固定資產，屬於 Category 2
機械及設備,,硝酸錏儲桶,True,2,機械設備通常為固定資產，屬於 Category 2
機械及設備,,濃縮器液再熱器,True,2,機械設備通常為固定資產，屬於 Category 2
機械及設備,,濃縮器凝縮器,True,2,機械設備通常為固定資產，屬於 Category 2
機械及設備,,硝酸錏液封桶,True,2,機械設備通常為固定資產，屬於 Category 2
機械及設備,,真空濃縮罐,True,2,機械設備通常為固定資產，屬於 Category 2
機械及設備,,水封器,True,2,機械設備通常為固定資產，屬於 Category 2
機械及設備,12,電極製造機械及設備,True,2,機械設備通常為固定資產，屬於 Category 2
機械及設備,,烘焙機,True,2,機械設備通常為固定資產，屬於 Category 2
機械及設備,,球磨機,True,2,機械設備通常為固定資產，屬於 Category 2
機械及設備,,加料槽,True,2,機械設備通常為固定資產，屬於 Category 2
機械及設備,,油壓機,True,2,機械設備通常為固定資產，屬於 Category 2
機械及設備,,烘鍋,True,2,機械設備通常為固定資產，屬於 Category 2
機械及設備,13,炭煙製造機械及設備,True,2,機械設備通常為固定資產，屬於 Category 2
機械及設備,,壓包機,True,2,機械設備通常為固定資產，屬於 Category 2
機械及設備,,空氣壓縮器,True,2,機械設備通常為固定資產，屬於 Category 2
機械及設備,,分離槽,True,2,機械設備通常為固定資產，屬於 Category 2
機械及設備,,乾燥器,True,2,機械設備通常為固定資產，屬於 Category 2
機械及設備,,貯水槽,True,2,機械設備通常為固定資產，屬於 Category 2
機械及設備,,攪拌器,True,2,機械設備通常為固定資產，屬於 Category 2
機械及設備,14,農藥製造機械及設備,True,2,機械設備通常為固定資產，屬於 Category 2
機械及設備,,反應器,True,2,機械設備通常為固定資產，屬於 Category 2
機械及設備,,洗滌器,True,2,機械設備通常為固定資產，屬於 Category 2
機械及設備,,乾燥器,True,2,機械設備通常為固定資產，屬於 Category 2
機械及設備,,蒸發器,True,2,機械設備通常為固定資產，屬於 Category 2
機械及設備,,冷凍機,True,2,機械設備通常為固定資產，屬於 Category 2
機械及設備,,過濾器,True,2,機械設備通常為固定資產，屬於 Category 2
機械及設備,,澄清器,True,2,機械設備通常為固定資產，屬於 Category 2
機械及設備,,貯槽,True,2,機械設備通常為固定資產，屬於 Category 2
機械及設備,,碾磨機,True,2,機械設備通常為固定資產，屬於 Category 2
機械及設備,,包裝機,True,2,機械設備通常為固定資產，屬於 Category 2
機械及設備,,鋁箔帶封口機,True,2,機械設備通常為固定資產，屬於 Category 2
機械及設備,,鹼飽和器,True,2,機械設備通常為固定資產，屬於 Category 2
機械及設備,,轉速表,True,2,機械設備通常為固定資產，屬於 Category 2
機械及設備,,電動鍊鋁,True,2,機械設備通常為固定資產，屬於 Category 2
機械及設備,,氣體分離機,True,2,機械設備通常為固定資產，屬於 Category 2
機械及設備,15,油漆製造機械及設備,True,2,機械設備通常為固定資產，屬於 Category 2
機械及設備,,三滾筒磨漆機,True,2,機械設備通常為固定資產，屬於 Category 2
機械及設備,,平面磨機,True,2,機械設備通常為固定資產，屬於 Category 2
機械及設備,,三轆研磨機,True,2,機械設備通常為固定資產，屬於 Category 2
機械及設備,,混合機,True,2,機械設備通常為固定資產，屬於 Category 2
機械及設備,,熬油鍋,True,2,機械設備通常為固定資產，屬於 Category 2
機械及設備,,容器洗滌器,True,2,機械設備通常為固定資產，屬於 Category 2
機械及設備,16,酜酐製造機械及設備,True,2,機械設備通常為固定資產，屬於 Category 2
機械及設備,,空氣壓縮機,True,2,機械設備通常為固定資產，屬於 Category 2
機械及設備,,熱交換器,True,2,機械設備通常為固定資產，屬於 Category 2
機械及設備,,空氣預熱器,True,2,機械設備通常為固定資產，屬於 Category 2
機械及設備,,成形機,True,2,機械設備通常為固定資產，屬於 Category 2
機械及設備,17,硫磺製造機械及設備,True,2,機械設備通常為固定資產，屬於 Category 2
機械及設備,,硫化氫燃燒室,True,2,機械設備通常為固定資產，屬於 Category 2
機械及設備,,餘氣燃燒爐,True,2,機械設備通常為固定資產，屬於 Category 2
機械及設備,,液硫儲積槽,True,2,機械設備通常為固定資產，屬於 Category 2
機械及設備,,再生乙胺溶液儲槽,True,2,機械設備通常為固定資產，屬於 Category 2
機械及設備,,硫化氫吸收塔,True,2,機械設備通常為固定資產，屬於 Category 2
機械及設備,,胺過濾器,True,2,機械設備通常為固定資產，屬於 Category 2
機械及設備,18,粗臘製造機械及設備,True,2,機械設備通常為固定資產，屬於 Category 2
機械及設備,,磨碎機,True,2,機械設備通常為固定資產，屬於 Category 2
機械及設備,,抽提機,True,2,機械設備通常為固定資產，屬於 Category 2
機械及設備,,預熱器,True,2,機械設備通常為固定資產，屬於 Category 2
機械及設備,,溶解器,True,2,機械設備通常為固定資產，屬於 Category 2
機械及設備,,結晶器,True,2,機械設備通常為固定資產，屬於 Category 2
機械及設備,,脫色器,True,2,機械設備通常為固定資產，屬於 Category 2
機械及設備,,壓濾機,True,2,機械設備通常為固定資產，屬於 Category 2
機械及設備,19,皮革製造機械及設備,True,2,機械設備通常為固定資產，屬於 Category 2
機械及設備,,鞣皮機,True,2,機械設備通常為固定資產，屬於 Category 2
機械及設備,,磨光機,True,2,機械設備通常為固定資產，屬於 Category 2
機械及設備,,軋光機,True,2,機械設備通常為固定資產，屬於 Category 2
機械及設備,,定型機,True,2,機械設備通常為固定資產，屬於 Category 2
機械及設備,,壓底機,True,2,機械設備通常為固定資產，屬於 Category 2
機械及設備,20,製磚機械及設備,True,2,機械設備通常為固定資產，屬於 Category 2
機械及設備,,壓坯機,True,2,機械設備通常為固定資產，屬於 Category 2
機械及設備,,涼磚坯木架,True,2,機械設備通常為固定資產，屬於 Category 2
機械及設備,,燒磚窯,True,2,機械設備通常為固定資產，屬於 Category 2
機械及設備,,鋸磚機,True,2,機械設備通常為固定資產，屬於 Category 2
機械及設備,,高壓土磚機,True,2,機械設備通常為固定資產，屬於 Category 2
機械及設備,21,造幣機械及設備,True,2,機械設備通常為固定資產，屬於 Category 2
機械及設備,,熔爐,True,2,機械設備通常為固定資產，屬於 Category 2
機械及設備,,計數機,True,2,機械設備通常為固定資產，屬於 Category 2
機械及設備,,洗滌機,True,2,機械設備通常為固定資產，屬於 Category 2
機械及設備,,高週波電爐,True,2,機械設備通常為固定資產，屬於 Category 2
機械及設備,,印花機,True,2,機械設備通常為固定資產，屬於 Category 2
機械及設備,,光邊機,True,2,機械設備通常為固定資產，屬於 Category 2
機械及設備,,驗幣機,True,2,機械設備通常為固定資產，屬於 Category 2
機械及設備,,烘片機,True,2,機械設備通常為固定資產，屬於 Category 2
機械及設備,22,鑿井機械及設備,True,2,機械設備通常為固定資產，屬於 Category 2
機械及設備,,吸沙機,True,2,機械設備通常為固定資產，屬於 Category 2
機械及設備,,量水糟,True,2,機械設備通常為固定資產，屬於 Category 2
機械及設備,,鐘形導架,True,2,機械設備通常為固定資產，屬於 Category 2
機械及設備,,抽水機,True,2,機械設備通常為固定資產，屬於 Category 2
機械及設備,,鑿井機,True,2,機械設備通常為固定資產，屬於 Category 2
機械及設備,,洗井器,True,2,機械設備通常為固定資產，屬於 Category 2
機械及設備,,混泥機,True,2,機械設備通常為固定資產，屬於 Category 2
機械及設備,,地層電測儀,True,2,機械設備通常為固定資產，屬於 Category 2
機械及設備,,鑽管接頭,True,2,機械設備通常為固定資產，屬於 Category 2
機械及設備,,鋼繩連接器,True,2,機械設備通常為固定資產，屬於 Category 2
機械及設備,,鋼繩切割器,True,2,機械設備通常為固定資產，屬於 Category 2
機械及設備,,鑽管,True,2,機械設備通常為固定資產，屬於 Category 2
機械及設備,,鑽頭,True,2,機械設備通常為固定資產，屬於 Category 2
機械及設備,,井管夾緊器,True,2,機械設備通常為固定資產，屬於 Category 2
機械及設備,,吊裝器,True,2,機械設備通常為固定資產，屬於 Category 2
機械及設備,,鉤索器,True,2,機械設備通常為固定資產，屬於 Category 2
機械及設備,,驅動夾,True,2,機械設備通常為固定資產，屬於 Category 2
機械及設備,,鑽管鉗,True,2,機械設備通常為固定資產，屬於 Category 2
機械及設備,,井管割孔器,True,2,機械設備通常為固定資產，屬於 Category 2
機械及設備,,鑽頭鎖緊器,True,2,機械設備通常為固定資產，屬於 Category 2
機械及設備,,綜合釣具,True,2,機械設備通常為固定資產，屬於 Category 2
機械及設備,23,漁具製造機械及設備,True,2,機械設備通常為固定資產，屬於 Category 2
機械及設備,,繩車,True,2,機械設備通常為固定資產，屬於 Category 2
機械及設備,,噴霧器,True,2,機械設備通常為固定資產，屬於 Category 2
機械及設備,,揚網機,True,2,機械設備通常為固定資產，屬於 Category 2
機械及設備,,揚繩機,True,2,機械設備通常為固定資產，屬於 Category 2
機械及設備,,捲揚機,True,2,機械設備通常為固定資產，屬於 Category 2
機械及設備,,魷釣機,True,2,機械設備通常為固定資產，屬於 Category 2
機械及設備,,網具,True,2,機械設備通常為固定資產，屬於 Category 2
機械及設備,,釣具,True,2,機械設備通常為固定資產，屬於 Category 2
機械及設備,,網線耐磨試驗機,True,2,機械設備通常為固定資產，屬於 Category 2
機械及設備,24,谷類加工設備,True,2,機械設備通常為固定資產，屬於 Category 2
機械及設備,,碾米機,True,2,機械設備通常為固定資產，屬於 Category 2
機械及設備,,花生脫殼器,True,2,機械設備通常為固定資產，屬於 Category 2
機械及設備,,玉米脫粒機,True,2,機械設備通常為固定資產，屬於 Category 2
機械及設備,,向日葵脫粒機,True,2,機械設備通常為固定資產，屬於 Category 2
機械及設備,,大豆脫粒機,True,2,機械設備通常為固定資產，屬於 Category 2
機械及設備,,蔬菜種子脫粒機,True,2,機械設備通常為固定資產，屬於 Category 2
機械及設備,,檢黃米機器,True,2,機械設備通常為固定資產，屬於 Category 2
機械及設備,,稻鈶精選器,True,2,機械設備通常為固定資產，屬於 Category 2
機械及設備,,小到風鼓,True,2,機械設備通常為固定資產，屬於 Category 2
機械及設備,,礱谷機,True,2,機械設備通常為固定資產，屬於 Category 2
機械及設備,,磨米豆機,True,2,機械設備通常為固定資產，屬於 Category 2
機械及設備,,自動炒豆機,True,2,機械設備通常為固定資產，屬於 Category 2
機械及設備,25,水果加工機械及設備,True,2,機械設備通常為固定資產，屬於 Category 2
機械及設備,,真空浸透裝置,True,2,機械設備通常為固定資產，屬於 Category 2
機械及設備,,果實穿剌裝置,True,2,機械設備通常為固定資產，屬於 Category 2
機械及設備,,香蕉醬脫氣機,True,2,機械設備通常為固定資產，屬於 Category 2
機械及設備,,其他食品加工機械設備,True,2,機械設備通常為固定資產，屬於 Category 2
機械及設備,,自走式果實分級機,True,2,機械設備通常為固定資產，屬於 Category 2
機械及設備,26,陶磁器製造機械及設備,True,2,機械設備通常為固定資產，屬於 Category 2
機械及設備,,電動轆轤,True,2,機械設備通常為固定資產，屬於 Category 2
機械及設備,,電窯,True,2,機械設備通常為固定資產，屬於 Category 2
機械及設備,,揀土機,True,2,機械設備通常為固定資產，屬於 Category 2
機械及設備,,瓦斯窯,True,2,機械設備通常為固定資產，屬於 Category 2
機械及設備,,磨釉機,True,2,機械設備通常為固定資產，屬於 Category 2
機械及設備,,拉胚機,True,2,機械設備通常為固定資產，屬於 Category 2
機械及設備,,乾燥箱,True,2,機械設備通常為固定資產，屬於 Category 2
機械及設備,,噴秞箱,True,2,機械設備通常為固定資產，屬於 Category 2
機械及設備,,真空煉泥機,True,2,機械設備通常為固定資產，屬於 Category 2
機械及設備,,陶板機,True,2,機械設備通常為固定資產，屬於 Category 2
機械及設備,,泥鎗,True,2,機械設備通常為固定資產，屬於 Category 2
機械及設備,,陶藝工具組,True,2,機械設備通常為固定資產，屬於 Category 2
機械及設備,,雕塑三角架,True,2,機械設備通常為固定資產，屬於 Category 2
機械及設備,,手轉盤,True,2,機械設備通常為固定資產，屬於 Category 2
機械及設備,,隧道窯,True,2,機械設備通常為固定資產，屬於 Category 2
機械及設備,,陶磁薄片沖壓疊層機,True,2,機械設備通常為固定資產，屬於 Category 2
機械及設備,,自動旋胚機,True,2,機械設備通常為固定資產，屬於 Category 2
機械及設備,,擦底機,True,2,機械設備通常為固定資產，屬於 Category 2
機械及設備,27,酪農機械及乳品加工檢驗設備,True,2,機械設備通常為固定資產，屬於 Category 2
機械及設備,,貯乳槽,True,2,機械設備通常為固定資產，屬於 Category 2
機械及設備,,均質機,True,2,機械設備通常為固定資產，屬於 Category 2
機械及設備,,半乳半自動裝填機及封口機,True,2,機械設備通常為固定資產，屬於 Category 2
機械及設備,,自動管道式榨乳系統,True,2,機械設備通常為固定資產，屬於 Category 2
機械及設備,,冷凍箱,True,2,機械設備通常為固定資產，屬於 Category 2
機械及設備,,牛乳桶,True,2,機械設備通常為固定資產，屬於 Category 2
機械及設備,28,淡水製造機械及設備,True,2,機械設備通常為固定資產，屬於 Category 2
機械及設備,,淡水製造機,True,2,機械設備通常為固定資產，屬於 Category 2
機械及設備,29,淨水製造機械及設備,True,2,機械設備通常為固定資產，屬於 Category 2
機械及設備,,燃油淨油機,True,2,機械設備通常為固定資產，屬於 Category 2
機械及設備,,滑油淨油機,True,2,機械設備通常為固定資產，屬於 Category 2
機械及設備,30,氧氣製造設備,True,2,機械設備通常為固定資產，屬於 Category 2
機械及設備,,低壓氣體儲槽,True,2,機械設備通常為固定資產，屬於 Category 2
機械及設備,,加熱器,True,2,機械設備通常為固定資產，屬於 Category 2
機械及設備,,冷凍機,True,2,機械設備通常為固定資產，屬於 Category 2
機械及設備,,冷凝再沸器,True,2,機械設備通常為固定資產，屬於 Category 2
機械及設備,,分子篩吸附系統,True,2,機械設備通常為固定資產，屬於 Category 2
機械及設備,,分餾塔槽,True,2,機械設備通常為固定資產，屬於 Category 2
機械及設備,,冷卻器,True,2,機械設備通常為固定資產，屬於 Category 2
機械及設備,,氧氣瓶裝台,True,2,機械設備通常為固定資產，屬於 Category 2
機械及設備,,氫氣系統,True,2,機械設備通常為固定資產，屬於 Category 2
機械及設備,,氮壓機,True,2,機械設備通常為固定資產，屬於 Category 2
機械及設備,,氣體儲槽,True,2,機械設備通常為固定資產，屬於 Category 2
機械及設備,,氣體吸付器,True,2,機械設備通常為固定資產，屬於 Category 2
機械及設備,,氣體換熱器,True,2,機械設備通常為固定資產，屬於 Category 2
機械及設備,,氣體揮發器,True,2,機械設備通常為固定資產，屬於 Category 2
機械及設備,,氣體揮發系統,True,2,機械設備通常為固定資產，屬於 Category 2
機械及設備,,氣體淨化系統,True,2,機械設備通常為固定資產，屬於 Category 2
機械及設備,,減壓設備,True,2,機械設備通常為固定資產，屬於 Category 2
機械及設備,,膨脹透平機,True,2,機械設備通常為固定資產，屬於 Category 2
機械及設備,,進氣濾網,True,2,機械設備通常為固定資產，屬於 Category 2
機械及設備,02,礦業機械及設備,True,2,機械設備通常為固定資產，屬於 Category 2
機械及設備,01,探礦機械及設備,True,2,機械設備通常為固定資產，屬於 Category 2
機械及設備,01,探鑽機械及設備,True,2,機械設備通常為固定資產，屬於 Category 2
機械及設備,,金礦石岩心探鑽機,True,2,機械設備通常為固定資產，屬於 Category 2
機械及設備,,簡便坑內探鑽機,True,2,機械設備通常為固定資產，屬於 Category 2
機械及設備,,電動探礦機,True,2,機械設備通常為固定資產，屬於 Category 2
機械及設備,,探礦儀,True,2,機械設備通常為固定資產，屬於 Category 2
機械及設備,,電探用水槽,True,2,機械設備通常為固定資產，屬於 Category 2
機械及設備,02,震波測勘儀及設備,True,2,機械設備通常為固定資產，屬於 Category 2
機械及設備,,引炸機,True,2,機械設備通常為固定資產，屬於 Category 2
機械及設備,,受波器,True,2,機械設備通常為固定資產，屬於 Category 2
機械及設備,,電纜,True,2,機械設備通常為固定資產，屬於 Category 2
機械及設備,,輸入檢驗器,True,2,機械設備通常為固定資產，屬於 Category 2
機械及設備,,照像器,True,2,機械設備通常為固定資產，屬於 Category 2
機械及設備,,供電器,True,2,機械設備通常為固定資產，屬於 Category 2
機械及設備,,四波道震波放大機,True,2,機械設備通常為固定資產，屬於 Category 2
機械及設備,,打孔處理式修正機,True,2,機械設備通常為固定資產，屬於 Category 2
機械及設備,,監視示波機,True,2,機械設備通常為固定資產，屬於 Category 2
機械及設備,,打孔機,True,2,機械設備通常為固定資產，屬於 Category 2
機械及設備,,定位器,True,2,機械設備通常為固定資產，屬於 Category 2
機械及設備,,岩石震波速度測定儀,True,2,機械設備通常為固定資產，屬於 Category 2
機械及設備,,震測儀用重鎚,True,2,機械設備通常為固定資產，屬於 Category 2
機械及設備,,震波產生器,True,2,機械設備通常為固定資產，屬於 Category 2
機械及設備,,活動式爆炸物簡易儲存所,True,2,機械設備通常為固定資產，屬於 Category 2
機械及設備,,電子安全爆炸器,True,2,機械設備通常為固定資產，屬於 Category 2
機械及設備,,震測儀,True,2,機械設備通常為固定資產，屬於 Category 2
機械及設備,,磁帶運轉記錄機,True,2,機械設備通常為固定資產，屬於 Category 2
機械及設備,,震測放大機系統,True,2,機械設備通常為固定資產，屬於 Category 2
機械及設備,,雙筒野外磁帶運輸機,True,2,機械設備通常為固定資產，屬於 Category 2
機械及設備,03,重力測勘儀及設備,True,2,機械設備通常為固定資產，屬於 Category 2
機械及設備,,重力測勘儀,True,2,機械設備通常為固定資產，屬於 Category 2
機械及設備,04,磁力測勘儀及設備,True,2,機械設備通常為固定資產，屬於 Category 2
機械及設備,,磁力測勘儀,True,2,機械設備通常為固定資產，屬於 Category 2
機械及設備,,岩石石戡化測定器,True,2,機械設備通常為固定資產，屬於 Category 2
機械及設備,,磁化率測定儀,True,2,機械設備通常為固定資產，屬於 Category 2
機械及設備,02,採礦機械及設備,True,2,機械設備通常為固定資產，屬於 Category 2
機械及設備,01,巷道及吊井設備,True,2,機械設備通常為固定資產，屬於 Category 2
機械及設備,,大巷,True,2,機械設備通常為固定資產，屬於 Category 2
機械及設備,,副巷,True,2,機械設備通常為固定資產，屬於 Category 2
機械及設備,,輔助道橫巷,True,2,機械設備通常為固定資產，屬於 Category 2
機械及設備,,吊井,True,2,機械設備通常為固定資產，屬於 Category 2
機械及設備,,斜坡人行道,True,2,機械設備通常為固定資產，屬於 Category 2
機械及設備,,軌道,True,2,機械設備通常為固定資產，屬於 Category 2
機械及設備,02,開採機械及設備,True,2,機械設備通常為固定資產，屬於 Category 2
機械及設備,,三用鑽機,True,2,機械設備通常為固定資產，屬於 Category 2
機械及設備,,風鑽機,True,2,機械設備通常為固定資產，屬於 Category 2
機械及設備,,仰鑽機,True,2,機械設備通常為固定資產，屬於 Category 2
機械及設備,,手鑽機,True,2,機械設備通常為固定資產，屬於 Category 2
機械及設備,,挖煤機,True,2,機械設備通常為固定資產，屬於 Category 2
機械及設備,,放炮機,True,2,機械設備通常為固定資產，屬於 Category 2
機械及設備,,開山機,True,2,機械設備通常為固定資產，屬於 Category 2
機械及設備,,開挖機,True,2,機械設備通常為固定資產，屬於 Category 2
機械及設備,,水平黏掘推管機,True,2,機械設備通常為固定資產，屬於 Category 2
機械及設備,,鎬煤機,True,2,機械設備通常為固定資產，屬於 Category 2
機械及設備,,壓風機,True,2,機械設備通常為固定資產，屬於 Category 2
機械及設備,,炮桿橡膠環按裝器,True,2,機械設備通常為固定資產，屬於 Category 2
機械及設備,,修鑽機,True,2,機械設備通常為固定資產，屬於 Category 2
機械及設備,03,捲揚運輸機械及設備,True,2,機械設備通常為固定資產，屬於 Category 2
機械及設備,,扒礦機,True,2,機械設備通常為固定資產，屬於 Category 2
機械及設備,,壓縮空氣裝礦機,True,2,機械設備通常為固定資產，屬於 Category 2
機械及設備,,捲揚機,True,2,機械設備通常為固定資產，屬於 Category 2
機械及設備,,礦桶,True,2,機械設備通常為固定資產，屬於 Category 2
機械及設備,,礦車,True,2,機械設備通常為固定資產，屬於 Category 2
機械及設備,,卸碴機,True,2,機械設備通常為固定資產，屬於 Category 2
機械及設備,,碴車調換機,True,2,機械設備通常為固定資產，屬於 Category 2
機械及設備,,輸碴機,True,2,機械設備通常為固定資產，屬於 Category 2
機械及設備,,裝碴機,True,2,機械設備通常為固定資產，屬於 Category 2
機械及設備,,夾索車,True,2,機械設備通常為固定資產，屬於 Category 2
機械及設備,,柴油車,True,2,機械設備通常為固定資產，屬於 Category 2
機械及設備,,鉷架台車,True,2,機械設備通常為固定資產，屬於 Category 2
機械及設備,,鐵製夾索車,True,2,機械設備通常為固定資產，屬於 Category 2
機械及設備,04,排水設備,True,2,機械設備通常為固定資產，屬於 Category 2
機械及設備,,坑內排水道,True,2,機械設備通常為固定資產，屬於 Category 2
機械及設備,,水池,True,2,機械設備通常為固定資產，屬於 Category 2
機械及設備,,水庫,True,2,機械設備通常為固定資產，屬於 Category 2
機械及設備,,坑外沖水及水池,True,2,機械設備通常為固定資產，屬於 Category 2
機械及設備,03,鑽井（油）機械及設備,True,2,機械設備通常為固定資產，屬於 Category 2
機械及設備,01,吊鑽機械及設備,True,2,機械設備通常為固定資產，屬於 Category 2
機械及設備,,井架底座,True,2,機械設備通常為固定資產，屬於 Category 2
機械及設備,,天車,True,2,機械設備通常為固定資產，屬於 Category 2
機械及設備,,遊車,True,2,機械設備通常為固定資產，屬於 Category 2
機械及設備,,大鉤,True,2,機械設備通常為固定資產，屬於 Category 2
機械及設備,,轉盤,True,2,機械設備通常為固定資產，屬於 Category 2
機械及設備,,鑽機,True,2,機械設備通常為固定資產，屬於 Category 2
機械及設備,,動力轉動器,True,2,機械設備通常為固定資產，屬於 Category 2
機械及設備,,鋼絲繩固定器,True,2,機械設備通常為固定資產，屬於 Category 2
機械及設備,,工作架,True,2,機械設備通常為固定資產，屬於 Category 2
機械及設備,,多用途輕便鑽機,True,2,機械設備通常為固定資產，屬於 Category 2
機械及設備,,鋼筋水泥鑽機,True,2,機械設備通常為固定資產，屬於 Category 2
機械及設備,,單缸式柴油引擎,True,2,機械設備通常為固定資產，屬於 Category 2
機械及設備,,多缸式柴油引擎,True,2,機械設備通常為固定資產，屬於 Category 2
機械及設備,,空氣馬達,True,2,機械設備通常為固定資產，屬於 Category 2
機械及設備,,泵,True,2,機械設備通常為固定資產，屬於 Category 2
機械及設備,,泥槳槽,True,2,機械設備通常為固定資產，屬於 Category 2
機械及設備,,吊掛架,True,2,機械設備通常為固定資產，屬於 Category 2
機械及設備,,風動鑽孔機,True,2,機械設備通常為固定資產，屬於 Category 2
機械及設備,,水壓剎車,True,2,機械設備通常為固定資產，屬於 Category 2
機械及設備,,鑽重自動控制器,True,2,機械設備通常為固定資產，屬於 Category 2
機械及設備,,天車防撞器,True,2,機械設備通常為固定資產，屬於 Category 2
機械及設備,,移動式干擾型隔音牆,True,2,機械設備通常為固定資產，屬於 Category 2
機械及設備,02,泥漿循環機械及設備,True,2,機械設備通常為固定資產，屬於 Category 2
機械及設備,,泥漿泵及歧管,True,2,機械設備通常為固定資產，屬於 Category 2
機械及設備,,泥漿管線,True,2,機械設備通常為固定資產，屬於 Category 2
機械及設備,,水龍帶,True,2,機械設備通常為固定資產，屬於 Category 2
機械及設備,,泥漿緩振器,True,2,機械設備通常為固定資產，屬於 Category 2
機械及設備,,泥漿槍,True,2,機械設備通常為固定資產，屬於 Category 2
機械及設備,,泥漿篩,True,2,機械設備通常為固定資產，屬於 Category 2
機械及設備,,泥漿槽,True,2,機械設備通常為固定資產，屬於 Category 2
機械及設備,,除砂器,True,2,機械設備通常為固定資產，屬於 Category 2
機械及設備,,除氣器,True,2,機械設備通常為固定資產，屬於 Category 2
機械及設備,,泥漿罐,True,2,機械設備通常為固定資產，屬於 Category 2
機械及設備,,泥漿混合器,True,2,機械設備通常為固定資產，屬於 Category 2
機械及設備,,除泥器,True,2,機械設備通常為固定資產，屬於 Category 2
機械及設備,,氣室,True,2,機械設備通常為固定資產，屬於 Category 2
機械及設備,,泥漿攪拌桶,True,2,機械設備通常為固定資產，屬於 Category 2
機械及設備,,泥漿冷卻塔,True,2,機械設備通常為固定資產，屬於 Category 2
機械及設備,,鋼喉管,True,2,機械設備通常為固定資產，屬於 Category 2
機械及設備,,導管靴,True,2,機械設備通常為固定資產，屬於 Category 2
機械及設備,,泥漿加壓過濾試驗器,True,2,機械設備通常為固定資產，屬於 Category 2
機械及設備,,泥漿高壓回轉試驗箱,True,2,機械設備通常為固定資產，屬於 Category 2
機械及設備,03,鑽管設備,True,2,機械設備通常為固定資產，屬於 Category 2
機械及設備,,方鑽桿,True,2,機械設備通常為固定資產，屬於 Category 2
機械及設備,,鑽桿,True,2,機械設備通常為固定資產，屬於 Category 2
機械及設備,,鑽鎚,True,2,機械設備通常為固定資產，屬於 Category 2
機械及設備,,接頭,True,2,機械設備通常為固定資產，屬於 Category 2
機械及設備,,岩心筒,True,2,機械設備通常為固定資產，屬於 Category 2
機械及設備,,螺旋鑽桿,True,2,機械設備通常為固定資產，屬於 Category 2
機械及設備,,鑽桿夾座,True,2,機械設備通常為固定資產，屬於 Category 2
機械及設備,,鐵管,True,2,機械設備通常為固定資產，屬於 Category 2
機械及設備,,鉆桿架,True,2,機械設備通常為固定資產，屬於 Category 2
機械及設備,,穩定器,True,2,機械設備通常為固定資產，屬於 Category 2
機械及設備,,方鉆桿旋緊接頭,True,2,機械設備通常為固定資產，屬於 Category 2
機械及設備,,方鉆桿旋緊套塞,True,2,機械設備通常為固定資產，屬於 Category 2
機械及設備,,擴孔器,True,2,機械設備通常為固定資產，屬於 Category 2
機械及設備,04,油井下水泥設備,True,2,機械設備通常為固定資產，屬於 Category 2
機械及設備,,下水泥口接頭,True,2,機械設備通常為固定資產，屬於 Category 2
機械及設備,,水泥混合器,True,2,機械設備通常為固定資產，屬於 Category 2
機械及設備,,渦旋流量計,True,2,機械設備通常為固定資產，屬於 Category 2
機械及設備,,液壓虎頭鉗,True,2,機械設備通常為固定資產，屬於 Category 2
機械及設備,05,防噴設備,True,2,機械設備通常為固定資產，屬於 Category 2
機械及設備,,防噴器,True,2,機械設備通常為固定資產，屬於 Category 2
機械及設備,,防噴器控制器,True,2,機械設備通常為固定資產，屬於 Category 2
機械及設備,,自動泵蓄壓器,True,2,機械設備通常為固定資產，屬於 Category 2
機械及設備,,井口鑽井接頭,True,2,機械設備通常為固定資產，屬於 Category 2
機械及設備,,接合器,True,2,機械設備通常為固定資產，屬於 Category 2
機械及設備,,套管壓力調整器,True,2,機械設備通常為固定資產，屬於 Category 2
機械及設備,,ＡＧＡ稜鏡,True,2,機械設備通常為固定資產，屬於 Category 2
機械及設備,,錘球,True,2,機械設備通常為固定資產，屬於 Category 2
機械及設備,,孔卡乾片縮影自動沖洗機,True,2,機械設備通常為固定資產，屬於 Category 2
機械及設備,06,地層測驗設備,True,2,機械設備通常為固定資產，屬於 Category 2
機械及設備,,地層測驗器,True,2,機械設備通常為固定資產，屬於 Category 2
機械及設備,,可移式橋塞器,True,2,機械設備通常為固定資產，屬於 Category 2
機械及設備,,填塞器,True,2,機械設備通常為固定資產，屬於 Category 2
機械及設備,,水力持住器,True,2,機械設備通常為固定資產，屬於 Category 2
機械及設備,,記錄儀護套,True,2,機械設備通常為固定資產，屬於 Category 2
機械及設備,,裸孔安全封塞,True,2,機械設備通常為固定資產，屬於 Category 2
機械及設備,,鋼線用防噴器,True,2,機械設備通常為固定資產，屬於 Category 2
機械及設備,,記錄儀容器,True,2,機械設備通常為固定資產，屬於 Category 2
機械及設備,,旁通閥,True,2,機械設備通常為固定資產，屬於 Category 2
機械及設備,,循環閥,True,2,機械設備通常為固定資產，屬於 Category 2
機械及設備,,靜重壓力計,True,2,機械設備通常為固定資產，屬於 Category 2
機械及設備,,電阻測定儀,True,2,機械設備通常為固定資產，屬於 Category 2
機械及設備,,滴定箱,True,2,機械設備通常為固定資產，屬於 Category 2
機械及設備,07,油井電測設備,True,2,機械設備通常為固定資產，屬於 Category 2
機械及設備,,油井電測機,True,2,機械設備通常為固定資產，屬於 Category 2
機械及設備,,測井電纜,True,2,機械設備通常為固定資產，屬於 Category 2
機械及設備,08,油井打撈設備,True,2,機械設備通常為固定資產，屬於 Category 2
機械及設備,,撈碗,True,2,機械設備通常為固定資產，屬於 Category 2
機械及設備,,震擊器,True,2,機械設備通常為固定資產，屬於 Category 2
機械及設備,,接頭,True,2,機械設備通常為固定資產，屬於 Category 2
機械及設備,,打撈切刀,True,2,機械設備通常為固定資產，屬於 Category 2
機械及設備,,磁性撈具,True,2,機械設備通常為固定資產，屬於 Category 2
機械及設備,,衝打器,True,2,機械設備通常為固定資產，屬於 Category 2
機械及設備,,撈筒,True,2,機械設備通常為固定資產，屬於 Category 2
機械及設備,09,定向鑽井設備,True,2,機械設備通常為固定資產，屬於 Category 2
機械及設備,,變向鑽器,True,2,機械設備通常為固定資產，屬於 Category 2
機械及設備,,井底定向器,True,2,機械設備通常為固定資產，屬於 Category 2
機械及設備,10,油井井心斜度測定設備,True,2,機械設備通常為固定資產，屬於 Category 2
機械及設備,,單照井心斜度測定器,True,2,機械設備通常為固定資產，屬於 Category 2
機械及設備,,雙衝井心斜度測定器,True,2,機械設備通常為固定資產，屬於 Category 2
機械及設備,11,井壁岩心採收設備,True,2,機械設備通常為固定資產，屬於 Category 2
機械及設備,,井壁岩採收器,True,2,機械設備通常為固定資產，屬於 Category 2
機械及設備,,井下液體取樣器,True,2,機械設備通常為固定資產，屬於 Category 2
機械及設備,,取樣機用架,True,2,機械設備通常為固定資產，屬於 Category 2
機械及設備,12,油井穿孔設備,True,2,機械設備通常為固定資產，屬於 Category 2
機械及設備,,彈丸穿孔器,True,2,機械設備通常為固定資產，屬於 Category 2
機械及設備,13,鑽井儀器設備,True,2,機械設備通常為固定資產，屬於 Category 2
機械及設備,,鑽井泥漿試驗器,True,2,機械設備通常為固定資產，屬於 Category 2
機械及設備,,岩心分析試驗設備,True,2,機械設備通常為固定資產，屬於 Category 2
機械及設備,,指重表,True,2,機械設備通常為固定資產，屬於 Category 2
機械及設備,,記錄儀,True,2,機械設備通常為固定資產，屬於 Category 2
機械及設備,,扭力儀,True,2,機械設備通常為固定資產，屬於 Category 2
機械及設備,,液面測定裝置,True,2,機械設備通常為固定資產，屬於 Category 2
機械及設備,,動力探井裝置,True,2,機械設備通常為固定資產，屬於 Category 2
機械及設備,,壓力記錄器,True,2,機械設備通常為固定資產，屬於 Category 2
機械及設備,,井底壓力溫度計,True,2,機械設備通常為固定資產，屬於 Category 2
機械及設備,,氣體流量計,True,2,機械設備通常為固定資產，屬於 Category 2
機械及設備,,恆溫浴槽,True,2,機械設備通常為固定資產，屬於 Category 2
機械及設備,,表面張力計,True,2,機械設備通常為固定資產，屬於 Category 2
機械及設備,,過篩試驗器,True,2,機械設備通常為固定資產，屬於 Category 2
機械及設備,,固體含量試驗器,True,2,機械設備通常為固定資產，屬於 Category 2
機械及設備,,測氧器,True,2,機械設備通常為固定資產，屬於 Category 2
機械及設備,,熱電偶高溫計,True,2,機械設備通常為固定資產，屬於 Category 2
機械及設備,,鑽孔湧水測定器,True,2,機械設備通常為固定資產，屬於 Category 2
機械及設備,,彎孔測定儀,True,2,機械設備通常為固定資產，屬於 Category 2
機械及設備,,鑽井電測儀,True,2,機械設備通常為固定資產，屬於 Category 2
機械及設備,,測溫儀,True,2,機械設備通常為固定資產，屬於 Category 2
機械及設備,,測井儀,True,2,機械設備通常為固定資產，屬於 Category 2
機械及設備,,測孔儀,True,2,機械設備通常為固定資產，屬於 Category 2
機械及設備,,精密量尺,True,2,機械設備通常為固定資產，屬於 Category 2
機械及設備,,馬達轉動基座,True,2,機械設備通常為固定資產，屬於 Category 2
機械及設備,,分度器動基座,True,2,機械設備通常為固定資產，屬於 Category 2
機械及設備,14,鑽井用特殊工具,True,2,機械設備通常為固定資產，屬於 Category 2
機械及設備,,大鉗,True,2,機械設備通常為固定資產，屬於 Category 2
機械及設備,,鏈鉗,True,2,機械設備通常為固定資產，屬於 Category 2
機械及設備,,管子吊卡,True,2,機械設備通常為固定資產，屬於 Category 2
機械及設備,,管子卡瓦,True,2,機械設備通常為固定資產，屬於 Category 2
機械及設備,,安全卡夾,True,2,機械設備通常為固定資產，屬於 Category 2
機械及設備,,管子卡盤,True,2,機械設備通常為固定資產，屬於 Category 2
機械及設備,,吊環,True,2,機械設備通常為固定資產，屬於 Category 2
機械及設備,,鋼線清刷器,True,2,機械設備通常為固定資產，屬於 Category 2
機械及設備,15,儲藏設備,True,2,機械設備通常為固定資產，屬於 Category 2
機械及設備,,儲水罐,True,2,機械設備通常為固定資產，屬於 Category 2
機械及設備,,儲油罐,True,2,機械設備通常為固定資產，屬於 Category 2
機械及設備,04,油井及採收機械及設備,True,2,機械設備通常為固定資產，屬於 Category 2
機械及設備,01,起下油管設備,True,2,機械設備通常為固定資產，屬於 Category 2
機械及設備,,採油井架,True,2,機械設備通常為固定資產，屬於 Category 2
機械及設備,,油管試壓器,True,2,機械設備通常為固定資產，屬於 Category 2
機械及設備,,油管動力鉗,True,2,機械設備通常為固定資產，屬於 Category 2
機械及設備,,繩纜壓力設置器,True,2,機械設備通常為固定資產，屬於 Category 2
機械及設備,,油管吊卡及吊環,True,2,機械設備通常為固定資產，屬於 Category 2
機械及設備,,油管卡瓦及卡盤,True,2,機械設備通常為固定資產，屬於 Category 2
機械及設備,,往複式泵,True,2,機械設備通常為固定資產，屬於 Category 2
機械及設備,02,油井採收設備,True,2,機械設備通常為固定資產，屬於 Category 2
機械及設備,,聖誕樹,True,2,機械設備通常為固定資產，屬於 Category 2
機械及設備,,井口裝置器,True,2,機械設備通常為固定資產，屬於 Category 2
機械及設備,,氣錨,True,2,機械設備通常為固定資產，屬於 Category 2
機械及設備,,抽油機,True,2,機械設備通常為固定資產，屬於 Category 2
機械及設備,,大皮帶輪,True,2,機械設備通常為固定資產，屬於 Category 2
機械及設備,,抽動器,True,2,機械設備通常為固定資產，屬於 Category 2
機械及設備,,套管頭,True,2,機械設備通常為固定資產，屬於 Category 2
機械及設備,,伸縮套管頭,True,2,機械設備通常為固定資產，屬於 Category 2
機械及設備,,撓曲油管基座,True,2,機械設備通常為固定資產，屬於 Category 2
機械及設備,03,地面採收設備,True,2,機械設備通常為固定資產，屬於 Category 2
機械及設備,,油氣分離器,True,2,機械設備通常為固定資產，屬於 Category 2
機械及設備,,油槽,True,2,機械設備通常為固定資產，屬於 Category 2
機械及設備,,水浴式間接加熱器,True,2,機械設備通常為固定資產，屬於 Category 2
機械及設備,04,採油儀器設備,True,2,機械設備通常為固定資產，屬於 Category 2
機械及設備,,井底溫度與壓力測量器,True,2,機械設備通常為固定資產，屬於 Category 2
機械及設備,,油氣分析試驗儀,True,2,機械設備通常為固定資產，屬於 Category 2
機械及設備,,油氣相態分析試驗設備,True,2,機械設備通常為固定資產，屬於 Category 2
機械及設備,05,油井,True,2,機械設備通常為固定資產，屬於 Category 2
機械及設備,,油井,True,2,機械設備通常為固定資產，屬於 Category 2
機械及設備,,氣井,True,2,機械設備通常為固定資產，屬於 Category 2
機械及設備,,海上石油氣生產平台,True,2,機械設備通常為固定資產，屬於 Category 2
機械及設備,,注產氣井,True,2,機械設備通常為固定資產，屬於 Category 2
機械及設備,,監控井,True,2,機械設備通常為固定資產，屬於 Category 2
機械及設備,05,選礦機械及設備,True,2,機械設備通常為固定資產，屬於 Category 2
機械及設備,01,壓碎機械及設備,True,2,機械設備通常為固定資產，屬於 Category 2
機械及設備,,壓碎機,True,2,機械設備通常為固定資產，屬於 Category 2
機械及設備,,錘碎機,True,2,機械設備通常為固定資產，屬於 Category 2
機械及設備,,不銹鋼模,True,2,機械設備通常為固定資產，屬於 Category 2
機械及設備,,粉碎箱,True,2,機械設備通常為固定資產，屬於 Category 2
機械及設備,02,浮選機械及設備,True,2,機械設備通常為固定資產，屬於 Category 2
機械及設備,,不銹鋼浮選槽,True,2,機械設備通常為固定資產，屬於 Category 2
機械及設備,,選礦機,True,2,機械設備通常為固定資產，屬於 Category 2
機械及設備,,壓濾機,True,2,機械設備通常為固定資產，屬於 Category 2
機械及設備,,浸漬機,True,2,機械設備通常為固定資產，屬於 Category 2
機械及設備,,礦物檢驗儀,True,2,機械設備通常為固定資產，屬於 Category 2
機械及設備,03,驗礦機械及設備,True,2,機械設備通常為固定資產，屬於 Category 2
機械及設備,,波震選礦機,True,2,機械設備通常為固定資產，屬於 Category 2
機械及設備,,磁選機,True,2,機械設備通常為固定資產，屬於 Category 2
機械及設備,,試驗浮選機,True,2,機械設備通常為固定資產，屬於 Category 2
機械及設備,,乾燥機,True,2,機械設備通常為固定資產，屬於 Category 2
機械及設備,,水簸試驗機,True,2,機械設備通常為固定資產，屬於 Category 2
機械及設備,,桌洗機,True,2,機械設備通常為固定資產，屬於 Category 2
機械及設備,,研磨度試驗機,True,2,機械設備通常為固定資產，屬於 Category 2
機械及設備,,金屬檢知器,True,2,機械設備通常為固定資產，屬於 Category 2
機械及設備,,遠心沉澱器,True,2,機械設備通常為固定資產，屬於 Category 2
機械及設備,,礦物切片機,True,2,機械設備通常為固定資產，屬於 Category 2
機械及設備,,淬火硬化機,True,2,機械設備通常為固定資產，屬於 Category 2
機械及設備,04,磨礦、分級機械及設備,True,2,機械設備通常為固定資產，屬於 Category 2
機械及設備,,多爾分級機,True,2,機械設備通常為固定資產，屬於 Category 2
機械及設備,,波爾多分級機,True,2,機械設備通常為固定資產，屬於 Category 2
機械及設備,,粉磨機,True,2,機械設備通常為固定資產，屬於 Category 2
機械及設備,,豎磨機,True,2,機械設備通常為固定資產，屬於 Category 2
機械及設備,,磨洗機,True,2,機械設備通常為固定資產，屬於 Category 2
機械及設備,,組合磨機,True,2,機械設備通常為固定資產，屬於 Category 2
機械及設備,,壼磨機,True,2,機械設備通常為固定資產，屬於 Category 2
機械及設備,,自動磨切片機,True,2,機械設備通常為固定資產，屬於 Category 2
機械及設備,,螺紋分級機,True,2,機械設備通常為固定資產，屬於 Category 2
機械及設備,05,脫水機械及設備,True,2,機械設備通常為固定資產，屬於 Category 2
機械及設備,,過濾機,True,2,機械設備通常為固定資產，屬於 Category 2
機械及設備,,濃縮結晶裝置,True,2,機械設備通常為固定資產，屬於 Category 2
機械及設備,,爐煙洗滌分離器,True,2,機械設備通常為固定資產，屬於 Category 2
機械及設備,06,運輸、儲存、加給機械及設備,True,2,機械設備通常為固定資產，屬於 Category 2
機械及設備,,給礦機,True,2,機械設備通常為固定資產，屬於 Category 2
機械及設備,,藥劑加給機,True,2,機械設備通常為固定資產，屬於 Category 2
機械及設備,,移動卸礦機,True,2,機械設備通常為固定資產，屬於 Category 2
機械及設備,,翻車架,True,2,機械設備通常為固定資產，屬於 Category 2
機械及設備,,溶液槽,True,2,機械設備通常為固定資產，屬於 Category 2
機械及設備,,鏈條及設備,True,2,機械設備通常為固定資產，屬於 Category 2
機械及設備,,加料器,True,2,機械設備通常為固定資產，屬於 Category 2
機械及設備,,細選化石滾筒,True,2,機械設備通常為固定資產，屬於 Category 2
機械及設備,,初碎料槽及給料機,True,2,機械設備通常為固定資產，屬於 Category 2
機械及設備,,樣品稱量設備料機,True,2,機械設備通常為固定資產，屬於 Category 2
機械及設備,,試料槽,True,2,機械設備通常為固定資產，屬於 Category 2
機械及設備,07,篩分機械及設備,True,2,機械設備通常為固定資產，屬於 Category 2
機械及設備,,格篩,True,2,機械設備通常為固定資產，屬於 Category 2
機械及設備,,圓轉篩,True,2,機械設備通常為固定資產，屬於 Category 2
機械及設備,,震動篩,True,2,機械設備通常為固定資產，屬於 Category 2
機械及設備,,篩網,True,2,機械設備通常為固定資產，屬於 Category 2
機械及設備,,連續式細篩機,True,2,機械設備通常為固定資產，屬於 Category 2
機械及設備,,篩振器,True,2,機械設備通常為固定資產，屬於 Category 2
機械及設備,,分選機,True,2,機械設備通常為固定資產，屬於 Category 2
機械及設備,,粒度分析儀,True,2,機械設備通常為固定資產，屬於 Category 2
機械及設備,,不銹鋼二分器,True,2,機械設備通常為固定資產，屬於 Category 2
機械及設備,,自動搖篩機,True,2,機械設備通常為固定資產，屬於 Category 2
機械及設備,08,混合機械及設備,True,2,機械設備通常為固定資產，屬於 Category 2
機械及設備,,攪拌機,True,2,機械設備通常為固定資產，屬於 Category 2
機械及設備,,條件槽,True,2,機械設備通常為固定資產，屬於 Category 2
機械及設備,,油浴鍋,True,2,機械設備通常為固定資產，屬於 Category 2
機械及設備,,不銹鋼桶,True,2,機械設備通常為固定資產，屬於 Category 2
機械及設備,,抗風化試驗樣品筒,True,2,機械設備通常為固定資產，屬於 Category 2
機械及設備,,酸性溶解礦物罐,True,2,機械設備通常為固定資產，屬於 Category 2
機械及設備,,混合器,True,2,機械設備通常為固定資產，屬於 Category 2
機械及設備,,分離器,True,2,機械設備通常為固定資產，屬於 Category 2
機械及設備,09,洗煤機械及設備,True,2,機械設備通常為固定資產，屬於 Category 2
機械及設備,,瑞氏洗煤機,True,2,機械設備通常為固定資產，屬於 Category 2
機械及設備,,輸煤槽,True,2,機械設備通常為固定資產，屬於 Category 2
機械及設備,,原煤池,True,2,機械設備通常為固定資產，屬於 Category 2
機械及設備,,儲水池,True,2,機械設備通常為固定資產，屬於 Category 2
機械及設備,,波震洗煤機,True,2,機械設備通常為固定資產，屬於 Category 2
機械及設備,,跳選機,True,2,機械設備通常為固定資產，屬於 Category 2
機械及設備,,汽油控制閥,True,2,機械設備通常為固定資產，屬於 Category 2
機械及設備,,止回閥,True,2,機械設備通常為固定資產，屬於 Category 2
機械及設備,06,地熱井機械及設備,True,2,機械設備通常為固定資產，屬於 Category 2
機械及設備,01,地熱井設備,True,2,機械設備通常為固定資產，屬於 Category 2
機械及設備,,地熱井,True,2,機械設備通常為固定資產，屬於 Category 2
機械及設備,02,地熱井採收設備,True,2,機械設備通常為固定資產，屬於 Category 2
機械及設備,,地熱井耶誕樹,True,2,機械設備通常為固定資產，屬於 Category 2
機械及設備,,地熱井套管頭,True,2,機械設備通常為固定資產，屬於 Category 2
機械及設備,,地熱井伸縮套管頭,True,2,機械設備通常為固定資產，屬於 Category 2
機械及設備,03,地熱井地面採收設備,True,2,機械設備通常為固定資產，屬於 Category 2
機械及設備,,熱水蒸氣分離器,True,2,機械設備通常為固定資產，屬於 Category 2
機械及設備,,地熱蒸氣溫度記錄儀,True,2,機械設備通常為固定資產，屬於 Category 2
機械及設備,,二元流體發電機,True,2,機械設備通常為固定資產，屬於 Category 2
機械及設備,,發電機監遙控設備,True,2,機械設備通常為固定資產，屬於 Category 2
機械及設備,,逆向電力保護器,True,2,機械設備通常為固定資產，屬於 Category 2
機械及設備,03,電氣機械及設備,True,2,機械設備通常為固定資產，屬於 Category 2
機械及設備,01,火力發電設備,True,2,機械設備通常為固定資產，屬於 Category 2
機械及設備,01,汽鍋設備,True,2,機械設備通常為固定資產，屬於 Category 2
機械及設備,,汽鍋,True,2,機械設備通常為固定資產，屬於 Category 2
機械及設備,,汽鍋燃燒器,True,2,機械設備通常為固定資產，屬於 Category 2
機械及設備,,爐,True,2,機械設備通常為固定資產，屬於 Category 2
機械及設備,,過熱器（與爐分裝）,True,2,機械設備通常為固定資產，屬於 Category 2
機械及設備,,燃燒用通風道,True,2,機械設備通常為固定資產，屬於 Category 2
機械及設備,,空氣加熱器,True,2,機械設備通常為固定資產，屬於 Category 2
機械及設備,,煙道,True,2,機械設備通常為固定資產，屬於 Category 2
機械及設備,,煤渣承受器,True,2,機械設備通常為固定資產，屬於 Category 2
機械及設備,,煙囪,True,2,機械設備通常為固定資產，屬於 Category 2
機械及設備,,油槽,True,2,機械設備通常為固定資產，屬於 Category 2
機械及設備,,洩水溝或管路,True,2,機械設備通常為固定資產，屬於 Category 2
機械及設備,,除灰機,True,2,機械設備通常為固定資產，屬於 Category 2
機械及設備,,貯灰箱或貯灰機,True,2,機械設備通常為固定資產，屬於 Category 2
機械及設備,,自動控制器,True,2,機械設備通常為固定資產，屬於 Category 2
機械及設備,,主管控制器,True,2,機械設備通常為固定資產，屬於 Category 2
機械及設備,,開關或儀器配電板,True,2,機械設備通常為固定資產，屬於 Category 2
機械及設備,,主管路,True,2,機械設備通常為固定資產，屬於 Category 2
機械及設備,,分歧管路,True,2,機械設備通常為固定資產，屬於 Category 2
機械及設備,,高壓汽水分離器,True,2,機械設備通常為固定資產，屬於 Category 2
機械及設備,,減縮閥汽鍋止回閥,True,2,機械設備通常為固定資產，屬於 Category 2
機械及設備,,大氣洩放閥,True,2,機械設備通常為固定資產，屬於 Category 2
機械及設備,,自動停電高溫電爐,True,2,機械設備通常為固定資產，屬於 Category 2
機械及設備,,空氣炮,True,2,機械設備通常為固定資產，屬於 Category 2
機械及設備,02,給煤機械及設備,True,2,機械設備通常為固定資產，屬於 Category 2
機械及設備,,貯煤箱貯煤倉,True,2,機械設備通常為固定資產，屬於 Category 2
機械及設備,,送散煤機,True,2,機械設備通常為固定資產，屬於 Category 2
機械及設備,,曳引刮煤機,True,2,機械設備通常為固定資產，屬於 Category 2
機械及設備,,空氣過濾器或洗滌器,True,2,機械設備通常為固定資產，屬於 Category 2
機械及設備,,空氣預熱器,True,2,機械設備通常為固定資產，屬於 Category 2
機械及設備,,空氣壓縮機,True,2,機械設備通常為固定資產，屬於 Category 2
機械及設備,,生煤或粉煤給煤機,True,2,機械設備通常為固定資產，屬於 Category 2
機械及設備,,乾燥機,True,2,機械設備通常為固定資產，屬於 Category 2
機械及設備,,粉煤機,True,2,機械設備通常為固定資產，屬於 Category 2
機械及設備,,鏟煤機或挖煤機,True,2,機械設備通常為固定資產，屬於 Category 2
機械及設備,,堆取煤機,True,2,機械設備通常為固定資產，屬於 Category 2
機械及設備,,電源供給系統,True,2,機械設備通常為固定資產，屬於 Category 2
機械及設備,,噴水系統,True,2,機械設備通常為固定資產，屬於 Category 2
機械及設備,,空氣乾燥設備,True,2,機械設備通常為固定資產，屬於 Category 2
機械及設備,,空氣調節或通風系統,True,2,機械設備通常為固定資產，屬於 Category 2
機械及設備,,消防系統,True,2,機械設備通常為固定資產，屬於 Category 2
機械及設備,,煤堆防塵網,True,2,機械設備通常為固定資產，屬於 Category 2
機械及設備,,皮帶輸送機,True,2,機械設備通常為固定資產，屬於 Category 2
機械及設備,03,給水機械及設備,True,2,機械設備通常為固定資產，屬於 Category 2
機械及設備,,給水除氣器,True,2,機械設備通常為固定資產，屬於 Category 2
機械及設備,,節煤器,True,2,機械設備通常為固定資產，屬於 Category 2
機械及設備,,熱交換器,True,2,機械設備通常為固定資產，屬於 Category 2
機械及設備,,給水加熱器,True,2,機械設備通常為固定資產，屬於 Category 2
機械及設備,,蒸氣唧筒,True,2,機械設備通常為固定資產，屬於 Category 2
機械及設備,,給水調整器,True,2,機械設備通常為固定資產，屬於 Category 2
機械及設備,,水槽,True,2,機械設備通常為固定資產，屬於 Category 2
機械及設備,,貯氣筒或槽,True,2,機械設備通常為固定資產，屬於 Category 2
機械及設備,,水軟化器及淨化器,True,2,機械設備通常為固定資產，屬於 Category 2
機械及設備,,冷卻器,True,2,機械設備通常為固定資產，屬於 Category 2
機械及設備,,凝水器用噴射器,True,2,機械設備通常為固定資產，屬於 Category 2
機械及設備,,凝水器,True,2,機械設備通常為固定資產，屬於 Category 2
機械及設備,,取水柵,True,2,機械設備通常為固定資產，屬於 Category 2
機械及設備,,循環水及凝水真空機,True,2,機械設備通常為固定資產，屬於 Category 2
機械及設備,,水壓試驗幫浦,True,2,機械設備通常為固定資產，屬於 Category 2
機械及設備,,油壓泵,True,2,機械設備通常為固定資產，屬於 Category 2
機械及設備,,自動控制裝置,True,2,機械設備通常為固定資產，屬於 Category 2
機械及設備,,送風機,True,2,機械設備通常為固定資產，屬於 Category 2
機械及設備,,電動機,True,2,機械設備通常為固定資產，屬於 Category 2
機械及設備,,深水泵,True,2,機械設備通常為固定資產，屬於 Category 2
機械及設備,,電動吹灰器,True,2,機械設備通常為固定資產，屬於 Category 2
機械及設備,04,汽輪發電機及設備,True,2,機械設備通常為固定資產，屬於 Category 2
機械及設備,,汽輪機,True,2,機械設備通常為固定資產，屬於 Category 2
機械及設備,,調速機,True,2,機械設備通常為固定資產，屬於 Category 2
機械及設備,,汽輪與發電機間之連接機,True,2,機械設備通常為固定資產，屬於 Category 2
機械及設備,,起動及轉動機,True,2,機械設備通常為固定資產，屬於 Category 2
機械及設備,,火力發電機,True,2,機械設備通常為固定資產，屬於 Category 2
機械及設備,,勵磁機,True,2,機械設備通常為固定資產，屬於 Category 2
機械及設備,,遙控變組器及磁場開關,True,2,機械設備通常為固定資產，屬於 Category 2
機械及設備,,過濾器,True,2,機械設備通常為固定資產，屬於 Category 2
機械及設備,,潤滑油管路,True,2,機械設備通常為固定資產，屬於 Category 2
機械及設備,,中央冷卻及控制器,True,2,機械設備通常為固定資產，屬於 Category 2
機械及設備,,三相同步換流機,True,2,機械設備通常為固定資產，屬於 Category 2
機械及設備,,配電板,True,2,機械設備通常為固定資產，屬於 Category 2
機械及設備,,試驗設備組,True,2,機械設備通常為固定資產，屬於 Category 2
機械及設備,,低壓開關設備及附屬變壓器,True,2,機械設備通常為固定資產，屬於 Category 2
機械及設備,,高壓開關箱設備,True,2,機械設備通常為固定資產，屬於 Category 2
機械及設備,,活線礙子清洗設備,True,2,機械設備通常為固定資產，屬於 Category 2
機械及設備,,交流電動機直流發電機,True,2,機械設備通常為固定資產，屬於 Category 2
機械及設備,,直流複激發電動機交流同步發電機,True,2,機械設備通常為固定資產，屬於 Category 2
機械及設備,,直流複激發電動機分流複激發電機,True,2,機械設備通常為固定資產，屬於 Category 2
機械及設備,,雙壓電動機,True,2,機械設備通常為固定資產，屬於 Category 2
機械及設備,,三相同步電動機－發電機組,True,2,機械設備通常為固定資產，屬於 Category 2
機械及設備,,交流三相轉子繞線型感應電動機,True,2,機械設備通常為固定資產，屬於 Category 2
機械及設備,,交流三相單繞線變速感應電動機,True,2,機械設備通常為固定資產，屬於 Category 2
機械及設備,,三相電動機動力計組,True,2,機械設備通常為固定資產，屬於 Category 2
機械及設備,02,水力發電設備,True,2,機械設備通常為固定資產，屬於 Category 2
機械及設備,01,水力設備,True,2,機械設備通常為固定資產，屬於 Category 2
機械及設備,,護坦,True,2,機械設備通常為固定資產，屬於 Category 2
機械及設備,,檔木板,True,2,機械設備通常為固定資產，屬於 Category 2
機械及設備,,阻水壁,True,2,機械設備通常為固定資產，屬於 Category 2
機械及設備,,欄河壩,True,2,機械設備通常為固定資產，屬於 Category 2
機械及設備,,堤,True,2,機械設備通常為固定資產，屬於 Category 2
機械及設備,,前池,True,2,機械設備通常為固定資產，屬於 Category 2
機械及設備,,渡槽隧道或渠,True,2,機械設備通常為固定資產，屬於 Category 2
機械及設備,,閘門,True,2,機械設備通常為固定資產，屬於 Category 2
機械及設備,,壓力水管,True,2,機械設備通常為固定資產，屬於 Category 2
機械及設備,,底座,True,2,機械設備通常為固定資產，屬於 Category 2
機械及設備,,尾水道,True,2,機械設備通常為固定資產，屬於 Category 2
機械及設備,,平水塔,True,2,機械設備通常為固定資產，屬於 Category 2
機械及設備,,欄污柵,True,2,機械設備通常為固定資產，屬於 Category 2
機械及設備,,翼牆截水牆砥牆,True,2,機械設備通常為固定資產，屬於 Category 2
機械及設備,,進水口,True,2,機械設備通常為固定資產，屬於 Category 2
機械及設備,,排洪道,True,2,機械設備通常為固定資產，屬於 Category 2
機械及設備,,閘板,True,2,機械設備通常為固定資產，屬於 Category 2
機械及設備,,溢流道,True,2,機械設備通常為固定資產，屬於 Category 2
機械及設備,,排污道,True,2,機械設備通常為固定資產，屬於 Category 2
機械及設備,,泵及廠房排水系統,True,2,機械設備通常為固定資產，屬於 Category 2
機械及設備,,涵洞,True,2,機械設備通常為固定資產，屬於 Category 2
機械及設備,,跨架,True,2,機械設備通常為固定資產，屬於 Category 2
機械及設備,,水位調整器,True,2,機械設備通常為固定資產，屬於 Category 2
機械及設備,02,水輪發電機及設備,True,2,機械設備通常為固定資產，屬於 Category 2
機械及設備,,水輪機,True,2,機械設備通常為固定資產，屬於 Category 2
機械及設備,,水力發電機,True,2,機械設備通常為固定資產，屬於 Category 2
機械及設備,,調速機及控制機,True,2,機械設備通常為固定資產，屬於 Category 2
機械及設備,,水壓調整機,True,2,機械設備通常為固定資產，屬於 Category 2
機械及設備,,操作壓油機,True,2,機械設備通常為固定資產，屬於 Category 2
機械及設備,,水壓鐵管之出閥及旁通,True,2,機械設備通常為固定資產，屬於 Category 2
機械及設備,,油水管路,True,2,機械設備通常為固定資產，屬於 Category 2
機械及設備,,水輪調整機,True,2,機械設備通常為固定資產，屬於 Category 2
機械及設備,,馬達變速機,True,2,機械設備通常為固定資產，屬於 Category 2
機械及設備,,用電設備,True,2,機械設備通常為固定資產，屬於 Category 2
機械及設備,03,內燃力發電設備,True,2,機械設備通常為固定資產，屬於 Category 2
機械及設備,01,燃料油器設備,True,2,機械設備通常為固定資產，屬於 Category 2
機械及設備,,加熱器,True,2,機械設備通常為固定資產，屬於 Category 2
機械及設備,,燃油管路,True,2,機械設備通常為固定資產，屬於 Category 2
機械及設備,,淨化器,True,2,機械設備通常為固定資產，屬於 Category 2
機械及設備,,燃料油槽,True,2,機械設備通常為固定資產，屬於 Category 2
機械及設備,,操持器,True,2,機械設備通常為固定資產，屬於 Category 2
機械及設備,,記錄指示機,True,2,機械設備通常為固定資產，屬於 Category 2
機械及設備,,計器（燃油系統）,True,2,機械設備通常為固定資產，屬於 Category 2
機械及設備,,抽油機,True,2,機械設備通常為固定資產，屬於 Category 2
機械及設備,,加油器,True,2,機械設備通常為固定資產，屬於 Category 2
機械及設備,02,內燃發電機設備,True,2,機械設備通常為固定資產，屬於 Category 2
機械及設備,,內燃機,True,2,機械設備通常為固定資產，屬於 Category 2
機械及設備,,調速機,True,2,機械設備通常為固定資產，屬於 Category 2
機械及設備,,引擎與發電機間之推動或連接機,True,2,機械設備通常為固定資產，屬於 Category 2
機械及設備,,操作空氣機,True,2,機械設備通常為固定資產，屬於 Category 2
機械及設備,,發電機,True,2,機械設備通常為固定資產，屬於 Category 2
機械及設備,,勵磁機,True,2,機械設備通常為固定資產，屬於 Category 2
機械及設備,,淨油機或濾油機,True,2,機械設備通常為固定資產，屬於 Category 2
機械及設備,,空氣過濾器或隔柵,True,2,機械設備通常為固定資產，屬於 Category 2
機械及設備,,冷卻水管路,True,2,機械設備通常為固定資產，屬於 Category 2
機械及設備,,噴水管路,True,2,機械設備通常為固定資產，屬於 Category 2
機械及設備,,冷卻水塔,True,2,機械設備通常為固定資產，屬於 Category 2
機械及設備,,引擎發電機組,True,2,機械設備通常為固定資產，屬於 Category 2
機械及設備,,空氣洗滌機,True,2,機械設備通常為固定資產，屬於 Category 2
機械及設備,,消音器,True,2,機械設備通常為固定資產，屬於 Category 2
機械及設備,,燃氣控制閥,True,2,機械設備通常為固定資產，屬於 Category 2
機械及設備,,高壓柴油發電機,True,2,機械設備通常為固定資產，屬於 Category 2
機械及設備,,高壓充氣機,True,2,機械設備通常為固定資產，屬於 Category 2
機械及設備,,冷卻水塔發生器,True,2,機械設備通常為固定資產，屬於 Category 2
機械及設備,04,電氣輔助機械及設備,True,2,機械設備通常為固定資產，屬於 Category 2
機械及設備,01,電氣輔助機械,True,2,機械設備通常為固定資產，屬於 Category 2
機械及設備,,通風道,True,2,機械設備通常為固定資產，屬於 Category 2
機械及設備,,低壓發電機,True,2,機械設備通常為固定資產，屬於 Category 2
機械及設備,,系統運轉之控制器,True,2,機械設備通常為固定資產，屬於 Category 2
機械及設備,,低壓分離推動式勵磁機,True,2,機械設備通常為固定資產，屬於 Category 2
機械及設備,,高壓保護器,True,2,機械設備通常為固定資產，屬於 Category 2
機械及設備,,發電機電壓調整器,True,2,機械設備通常為固定資產，屬於 Category 2
機械及設備,,油回收機,True,2,機械設備通常為固定資產，屬於 Category 2
機械及設備,,避雷器,True,2,機械設備通常為固定資產，屬於 Category 2
機械及設備,,特高壓充電器真空清淨機,True,2,機械設備通常為固定資產，屬於 Category 2
機械及設備,,真空集塵器,True,2,機械設備通常為固定資產，屬於 Category 2
機械及設備,,萬能（自動）拉線器,True,2,機械設備通常為固定資產，屬於 Category 2
機械及設備,,油壓電線端子鉗,True,2,機械設備通常為固定資產，屬於 Category 2
機械及設備,,鉤型電力錶,True,2,機械設備通常為固定資產，屬於 Category 2
機械及設備,,自動變壓器,True,2,機械設備通常為固定資產，屬於 Category 2
機械及設備,,電力遙控外站,True,2,機械設備通常為固定資產，屬於 Category 2
機械及設備,,除塵機,True,2,機械設備通常為固定資產，屬於 Category 2
機械及設備,02,電氣輔助設備,True,2,機械設備通常為固定資產，屬於 Category 2
機械及設備,,機械底座,True,2,機械設備通常為固定資產，屬於 Category 2
機械及設備,,鐵架,True,2,機械設備通常為固定資產，屬於 Category 2
機械及設備,,濾油紙乾燥器,True,2,機械設備通常為固定資產，屬於 Category 2
機械及設備,,轉換台,True,2,機械設備通常為固定資產，屬於 Category 2
機械及設備,,電磁開關,True,2,機械設備通常為固定資產，屬於 Category 2
機械及設備,,磁力開關,True,2,機械設備通常為固定資產，屬於 Category 2
機械及設備,,電磁夾頭,True,2,機械設備通常為固定資產，屬於 Category 2
機械及設備,,蓄電磁及極板,True,2,機械設備通常為固定資產，屬於 Category 2
機械及設備,,直流發電機,True,2,機械設備通常為固定資產，屬於 Category 2
機械及設備,,電池開關,True,2,機械設備通常為固定資產，屬於 Category 2
機械及設備,,ＤＣ配電箱,True,2,機械設備通常為固定資產，屬於 Category 2
機械及設備,,過載電驛,True,2,機械設備通常為固定資產，屬於 Category 2
機械及設備,,電動廣告塔,True,2,機械設備通常為固定資產，屬於 Category 2
機械及設備,,交直流電源供應器,True,2,機械設備通常為固定資產，屬於 Category 2
機械及設備,,太陽能蓄電器組,True,2,機械設備通常為固定資產，屬於 Category 2
機械及設備,,ＡＣ配電箱,True,2,機械設備通常為固定資產，屬於 Category 2
機械及設備,,電路放大器,True,2,機械設備通常為固定資產，屬於 Category 2
機械及設備,,電力分析系統,True,2,機械設備通常為固定資產，屬於 Category 2
機械及設備,,防爆低壓遮斷器,True,2,機械設備通常為固定資產，屬於 Category 2
機械及設備,,無熔絲開關,True,2,機械設備通常為固定資產，屬於 Category 2
機械及設備,,時間開關,True,2,機械設備通常為固定資產，屬於 Category 2
機械及設備,,防爆開關,True,2,機械設備通常為固定資產，屬於 Category 2
機械及設備,,中央控制系統,True,2,機械設備通常為固定資產，屬於 Category 2
機械及設備,,流量站設備,True,2,機械設備通常為固定資產，屬於 Category 2
機械及設備,,遙控變阻及磁場斷路器,True,2,機械設備通常為固定資產，屬於 Category 2
機械及設備,,低壓開關設備及附屬變壓器,True,2,機械設備通常為固定資產，屬於 Category 2
機械及設備,,其他控制系統,True,2,機械設備通常為固定資產，屬於 Category 2
機械及設備,,自動控制裝置,True,2,機械設備通常為固定資產，屬於 Category 2
機械及設備,,設備基礎,True,2,機械設備通常為固定資產，屬於 Category 2
機械及設備,,空氣調節或通風系統,True,2,機械設備通常為固定資產，屬於 Category 2
機械及設備,,導線、電纜、導管及其附屬設備,True,2,機械設備通常為固定資產，屬於 Category 2
機械及設備,,通訊系統,True,2,機械設備通常為固定資產，屬於 Category 2
機械及設備,,高壓開關箱設備,True,2,機械設備通常為固定資產，屬於 Category 2
機械及設備,,真空清潔系統,True,2,機械設備通常為固定資產，屬於 Category 2
機械及設備,,電驛盤,True,2,機械設備通常為固定資產，屬於 Category 2
機械及設備,,點火系統,True,2,機械設備通常為固定資產，屬於 Category 2
機械及設備,,磁傾機,True,2,機械設備通常為固定資產，屬於 Category 2
機械及設備,,電子空氣淨化機,True,2,機械設備通常為固定資產，屬於 Category 2
機械及設備,,防蝕電流同步斷路器,True,2,機械設備通常為固定資產，屬於 Category 2
機械及設備,,數位電驛盤,True,2,機械設備通常為固定資產，屬於 Category 2
機械及設備,05,輸電及配電設備,True,2,機械設備通常為固定資產，屬於 Category 2
機械及設備,01,變電設備,True,2,機械設備通常為固定資產，屬於 Category 2
機械及設備,,蓄電池充電機,True,2,機械設備通常為固定資產，屬於 Category 2
機械及設備,,匯流排,True,2,機械設備通常為固定資產，屬於 Category 2
機械及設備,,連續電路之電纜或電導體,True,2,機械設備通常為固定資產，屬於 Category 2
機械及設備,,抗流線圈,True,2,機械設備通常為固定資產，屬於 Category 2
機械及設備,,同步調相機,True,2,機械設備通常為固定資產，屬於 Category 2
機械及設備,,電纜溝,True,2,機械設備通常為固定資產，屬於 Category 2
機械及設備,,同步或旋轉換流機,True,2,機械設備通常為固定資產，屬於 Category 2
機械及設備,,圍堵牆,True,2,機械設備通常為固定資產，屬於 Category 2
機械及設備,,週波變換器,True,2,機械設備通常為固定資產，屬於 Category 2
機械及設備,,高壓保險絲,True,2,機械設備通常為固定資產，屬於 Category 2
機械及設備,,感應調整器,True,2,機械設備通常為固定資產，屬於 Category 2
機械及設備,,照明系統,True,2,機械設備通常為固定資產，屬於 Category 2
機械及設備,,油開關或斷路器,True,2,機械設備通常為固定資產，屬於 Category 2
機械及設備,,配電盤,True,2,機械設備通常為固定資產，屬於 Category 2
機械及設備,,電抗器或電阻器,True,2,機械設備通常為固定資產，屬於 Category 2
機械及設備,,整流器,True,2,機械設備通常為固定資產，屬於 Category 2
機械及設備,,靜電容電器,True,2,機械設備通常為固定資產，屬於 Category 2
機械及設備,,隔離開關,True,2,機械設備通常為固定資產，屬於 Category 2
機械及設備,,變壓器軌道,True,2,機械設備通常為固定資產，屬於 Category 2
機械及設備,,電力變壓器,True,2,機械設備通常為固定資產，屬於 Category 2
機械及設備,,車台式開關,True,2,機械設備通常為固定資產，屬於 Category 2
機械及設備,,流動變電站,True,2,機械設備通常為固定資產，屬於 Category 2
機械及設備,,氮氣冷卻機,True,2,機械設備通常為固定資產，屬於 Category 2
機械及設備,,接地線,True,2,機械設備通常為固定資產，屬於 Category 2
機械及設備,,整套變電站,True,2,機械設備通常為固定資產，屬於 Category 2
機械及設備,,變壓器放油池,True,2,機械設備通常為固定資產，屬於 Category 2
機械及設備,,礙子,True,2,機械設備通常為固定資產，屬於 Category 2
機械及設備,,高壓壁上礙管,True,2,機械設備通常為固定資產，屬於 Category 2
機械及設備,,變流器（比流器）,True,2,機械設備通常為固定資產，屬於 Category 2
機械及設備,,變位器（比壓器）,True,2,機械設備通常為固定資產，屬於 Category 2
機械及設備,,空斷開關,True,2,機械設備通常為固定資產，屬於 Category 2
機械及設備,,隔離開關,True,2,機械設備通常為固定資產，屬於 Category 2
機械及設備,,空中繼電器,True,2,機械設備通常為固定資產，屬於 Category 2
機械及設備,,整流器化成用設備,True,2,機械設備通常為固定資產，屬於 Category 2
機械及設備,,電流變成器,True,2,機械設備通常為固定資產，屬於 Category 2
機械及設備,,充電器,True,2,機械設備通常為固定資產，屬於 Category 2
機械及設備,,變壓器搬運車台,True,2,機械設備通常為固定資產，屬於 Category 2
機械及設備,,配電系統實習設備,True,2,機械設備通常為固定資產，屬於 Category 2
機械及設備,,變相器,True,2,機械設備通常為固定資產，屬於 Category 2
機械及設備,,模擬控制盤,True,2,機械設備通常為固定資產，屬於 Category 2
機械及設備,,六氟化硫灌設備,True,2,機械設備通常為固定資產，屬於 Category 2
機械及設備,,ＨＰ２６轉換器,True,2,機械設備通常為固定資產，屬於 Category 2
機械及設備,,蓄電池,True,2,機械設備通常為固定資產，屬於 Category 2
機械及設備,,配電板,True,2,機械設備通常為固定資產，屬於 Category 2
機械及設備,,空氣壓縮機,True,2,機械設備通常為固定資產，屬於 Category 2
機械及設備,,低壓開關設備及附屬變壓器,True,2,機械設備通常為固定資產，屬於 Category 2
機械及設備,,其他電氣設備,True,2,機械設備通常為固定資產，屬於 Category 2
機械及設備,,電磁開關,True,2,機械設備通常為固定資產，屬於 Category 2
機械及設備,,電力遙控主站,True,2,機械設備通常為固定資產，屬於 Category 2
機械及設備,,水處理設備,True,2,機械設備通常為固定資產，屬於 Category 2
機械及設備,,電力設備,True,2,機械設備通常為固定資產，屬於 Category 2
機械及設備,,９５馬力電力線路設備,True,2,機械設備通常為固定資產，屬於 Category 2
機械及設備,,電氣系統,True,2,機械設備通常為固定資產，屬於 Category 2
機械及設備,,電壓穩定器,True,2,機械設備通常為固定資產，屬於 Category 2
機械及設備,,牽引動力變壓器,True,2,機械設備通常為固定資產，屬於 Category 2
機械及設備,02,輸配電設備,True,2,機械設備通常為固定資產，屬於 Category 2
機械及設備,,輸電鐵塔,True,2,機械設備通常為固定資產，屬於 Category 2
機械及設備,,Ａ或Ｈ型電桿,True,2,機械設備通常為固定資產，屬於 Category 2
機械及設備,,單桿,True,2,機械設備通常為固定資產，屬於 Category 2
機械及設備,,保護網,True,2,機械設備通常為固定資產，屬於 Category 2
機械及設備,,架空導線,True,2,機械設備通常為固定資產，屬於 Category 2
機械及設備,,地下導線,True,2,機械設備通常為固定資產，屬於 Category 2
機械及設備,,地下導管,True,2,機械設備通常為固定資產，屬於 Category 2
機械及設備,,線路開關,True,2,機械設備通常為固定資產，屬於 Category 2
機械及設備,,線路變壓器,True,2,機械設備通常為固定資產，屬於 Category 2
機械及設備,,電容器,True,2,機械設備通常為固定資產，屬於 Category 2
機械及設備,,動力配線,True,2,機械設備通常為固定資產，屬於 Category 2
機械及設備,,電錶（瓦時計）,True,2,機械設備通常為固定資產，屬於 Category 2
機械及設備,,計器變流器（比流器）,True,2,機械設備通常為固定資產，屬於 Category 2
機械及設備,,計器度壓器（比壓器）,True,2,機械設備通常為固定資產，屬於 Category 2
機械及設備,,３３ＫＶ動力系統,True,2,機械設備通常為固定資產，屬於 Category 2
機械及設備,,高低壓輸電線路,True,2,機械設備通常為固定資產，屬於 Category 2
機械及設備,,單雙投閘刀開關,True,2,機械設備通常為固定資產，屬於 Category 2
機械及設備,,低壓刀型切換開關,True,2,機械設備通常為固定資產，屬於 Category 2
機械及設備,,照明配線,True,2,機械設備通常為固定資產，屬於 Category 2
機械及設備,,電纜接線孔,True,2,機械設備通常為固定資產，屬於 Category 2
機械及設備,,地下管路通風裝置,True,2,機械設備通常為固定資產，屬於 Category 2
機械及設備,,地下接戶線路溝,True,2,機械設備通常為固定資產，屬於 Category 2
機械及設備,,接戶線,True,2,機械設備通常為固定資產，屬於 Category 2
機械及設備,,地線,True,2,機械設備通常為固定資產，屬於 Category 2
機械及設備,,成串礙子,True,2,機械設備通常為固定資產，屬於 Category 2
機械及設備,,電壓調整器,True,2,機械設備通常為固定資產，屬於 Category 2
機械及設備,,避雷器,True,2,機械設備通常為固定資產，屬於 Category 2
機械及設備,,高壓礙子清洗器,True,2,機械設備通常為固定資產，屬於 Category 2
機械及設備,,低壓空氣斷路器,True,2,機械設備通常為固定資產，屬於 Category 2
機械及設備,,高壓空氣斷路器,True,2,機械設備通常為固定資產，屬於 Category 2
機械及設備,,電壓變換器,True,2,機械設備通常為固定資產，屬於 Category 2
機械及設備,,限流器,True,2,機械設備通常為固定資產，屬於 Category 2
機械及設備,,移相器,True,2,機械設備通常為固定資產，屬於 Category 2
機械及設備,,整套型變比器,True,2,機械設備通常為固定資產，屬於 Category 2
機械及設備,,變壓器損失補償器,True,2,機械設備通常為固定資產，屬於 Category 2
機械及設備,,需量計,True,2,機械設備通常為固定資產，屬於 Category 2
機械及設備,,時控開關,True,2,機械設備通常為固定資產，屬於 Category 2
機械及設備,,試驗開關,True,2,機械設備通常為固定資產，屬於 Category 2
機械及設備,,切換接觸器,True,2,機械設備通常為固定資產，屬於 Category 2
機械及設備,,週波變換器組,True,2,機械設備通常為固定資產，屬於 Category 2
機械及設備,,高壓馬達控制盤,True,2,機械設備通常為固定資產，屬於 Category 2
機械及設備,,低壓控制盤,True,2,機械設備通常為固定資產，屬於 Category 2
機械及設備,,變電站,True,2,機械設備通常為固定資產，屬於 Category 2
機械及設備,,電動機,True,2,機械設備通常為固定資產，屬於 Category 2
機械及設備,,無保險絲遮斷機,True,2,機械設備通常為固定資產，屬於 Category 2
機械及設備,,自動開關,True,2,機械設備通常為固定資產，屬於 Category 2
機械及設備,,人口孔,True,2,機械設備通常為固定資產，屬於 Category 2
機械及設備,,壓力油槽,True,2,機械設備通常為固定資產，屬於 Category 2
機械及設備,,警報器,True,2,機械設備通常為固定資產，屬於 Category 2
機械及設備,06,核能發電設備,True,2,機械設備通常為固定資產，屬於 Category 2
機械及設備,01,反應器間設備,True,2,機械設備通常為固定資產，屬於 Category 2
機械及設備,,反應器設備,True,2,機械設備通常為固定資產，屬於 Category 2
機械及設備,,反應器控制裝置,True,2,機械設備通常為固定資產，屬於 Category 2
機械及設備,,反應器輔助冷卻及加熱系統,True,2,機械設備通常為固定資產，屬於 Category 2
機械及設備,,緩和劑及反射層,True,2,機械設備通常為固定資產，屬於 Category 2
機械及設備,,蒸汽發生器及過熱器,True,2,機械設備通常為固定資產，屬於 Category 2
機械及設備,,反應器緩和劑輔助系統,True,2,機械設備通常為固定資產，屬於 Category 2
機械及設備,,冷卻劑,True,2,機械設備通常為固定資產，屬於 Category 2
機械及設備,,慣常燃料過熱器,True,2,機械設備通常為固定資產，屬於 Category 2
機械及設備,,特種工具及保養設備,True,2,機械設備通常為固定資產，屬於 Category 2
機械及設備,,用過燃料儲存冷卻清除及檢驗設備,True,2,機械設備通常為固定資產，屬於 Category 2
機械及設備,,維護室設備,True,2,機械設備通常為固定資產，屬於 Category 2
機械及設備,,惰性大氣系統,True,2,機械設備通常為固定資產，屬於 Category 2
機械及設備,,廢料處理設備,True,2,機械設備通常為固定資產，屬於 Category 2
機械及設備,,控制及儀表管路管線,True,2,機械設備通常為固定資產，屬於 Category 2
機械及設備,,生水供給系統,True,2,機械設備通常為固定資產，屬於 Category 2
機械及設備,,補充水供給及處理系統,True,2,機械設備通常為固定資產，屬於 Category 2
機械及設備,,蒸汽發生器給水淨化及處理系統,True,2,機械設備通常為固定資產，屬於 Category 2
機械及設備,,給水加熱器,True,2,機械設備通常為固定資產，屬於 Category 2
機械及設備,,給水泵及推動機件,True,2,機械設備通常為固定資產，屬於 Category 2
機械及設備,,管路,True,2,機械設備通常為固定資產，屬於 Category 2
機械及設備,,滴水凝結水及出氣管,True,2,機械設備通常為固定資產，屬於 Category 2
機械及設備,,除污設備,True,2,機械設備通常為固定資產，屬於 Category 2
機械及設備,02,汽輪發電機械及設備,True,2,機械設備通常為固定資產，屬於 Category 2
機械及設備,,核能發電機,True,2,機械設備通常為固定資產，屬於 Category 2
機械及設備,,勵磁機,True,2,機械設備通常為固定資產，屬於 Category 2
機械及設備,,汽輪機,True,2,機械設備通常為固定資產，屬於 Category 2
機械及設備,,起動及轉動機,True,2,機械設備通常為固定資產，屬於 Category 2
機械及設備,,調速機控制系統,True,2,機械設備通常為固定資產，屬於 Category 2
機械及設備,,漏電斷路器,True,2,機械設備通常為固定資產，屬於 Category 2
機械及設備,,開關箱,True,2,機械設備通常為固定資產，屬於 Category 2
機械及設備,07,氣渦輪發電設備,True,2,機械設備通常為固定資產，屬於 Category 2
機械及設備,01,燃料器設備,True,2,機械設備通常為固定資產，屬於 Category 2
機械及設備,,導氣管,True,2,機械設備通常為固定資產，屬於 Category 2
機械及設備,,加熱汽渦,True,2,機械設備通常為固定資產，屬於 Category 2
機械及設備,02,氣渦輪發電機械,True,2,機械設備通常為固定資產，屬於 Category 2
機械及設備,,發電機,True,2,機械設備通常為固定資產，屬於 Category 2
機械及設備,,勵磁機,True,2,機械設備通常為固定資產，屬於 Category 2
機械及設備,,氣渦輪機,True,2,機械設備通常為固定資產，屬於 Category 2
機械及設備,,起動及運轉設備,True,2,機械設備通常為固定資產，屬於 Category 2
機械及設備,,機組空氣壓縮機,True,2,機械設備通常為固定資產，屬於 Category 2
機械及設備,,機組冷卻空氣系統,True,2,機械設備通常為固定資產，屬於 Category 2
機械及設備,,氫冷卻及油封系統,True,2,機械設備通常為固定資產，屬於 Category 2
機械及設備,,離心分離器,True,2,機械設備通常為固定資產，屬於 Category 2
機械及設備,08,太陽光電發電設備,True,2,機械設備通常為固定資產，屬於 Category 2
機械及設備,01,太陽光電模板組列及附屬設備,True,2,機械設備通常為固定資產，屬於 Category 2
機械及設備,,太陽光電模板組列,True,2,機械設備通常為固定資產，屬於 Category 2
機械及設備,09,風力發電設備,True,2,機械設備通常為固定資產，屬於 Category 2
機械及設備,01,風力渦輪發電機組,True,2,機械設備通常為固定資產，屬於 Category 2
機械及設備,,葉片,True,2,機械設備通常為固定資產，屬於 Category 2
機械及設備,,旋角系統,True,2,機械設備通常為固定資產，屬於 Category 2
機械及設備,,機艙,True,2,機械設備通常為固定資產，屬於 Category 2
機械及設備,04,農林機械及設備,True,2,機械設備通常為固定資產，屬於 Category 2
機械及設備,01,林業機械及設備,True,2,機械設備通常為固定資產，屬於 Category 2
機械及設備,01,伐木機械及設備,True,2,機械設備通常為固定資產，屬於 Category 2
機械及設備,,動力鏈鋸,True,2,機械設備通常為固定資產，屬於 Category 2
機械及設備,,磨鋸板機,True,2,機械設備通常為固定資產，屬於 Category 2
機械及設備,,木材表面處理機,True,2,機械設備通常為固定資產，屬於 Category 2
機械及設備,02,集材機械及設備,True,2,機械設備通常為固定資產，屬於 Category 2
機械及設備,,蒸氣集材機,True,2,機械設備通常為固定資產，屬於 Category 2
機械及設備,,汽油集材機,True,2,機械設備通常為固定資產，屬於 Category 2
機械及設備,,柴油集材機,True,2,機械設備通常為固定資產，屬於 Category 2
機械及設備,02,農墾機械及設備,True,2,機械設備通常為固定資產，屬於 Category 2
機械及設備,01,曳引機,True,2,機械設備通常為固定資產，屬於 Category 2
機械及設備,,輪式曳引機,True,2,機械設備通常為固定資產，屬於 Category 2
機械及設備,,履帶式曳引機,True,2,機械設備通常為固定資產，屬於 Category 2
機械及設備,,曳引機前端加重器,True,2,機械設備通常為固定資產，屬於 Category 2
機械及設備,,水田防滑裝置,True,2,機械設備通常為固定資產，屬於 Category 2
機械及設備,,挖土器,True,2,機械設備通常為固定資產，屬於 Category 2
機械及設備,,推土器,True,2,機械設備通常為固定資產，屬於 Category 2
機械及設備,02,機耕種植農具,True,2,機械設備通常為固定資產，屬於 Category 2
機械及設備,,板犁,True,2,機械設備通常為固定資產，屬於 Category 2
機械及設備,,碟犁,True,2,機械設備通常為固定資產，屬於 Category 2
機械及設備,,心土犁,True,2,機械設備通常為固定資產，屬於 Category 2
機械及設備,,耙犁,True,2,機械設備通常為固定資產，屬於 Category 2
機械及設備,,開溝犁,True,2,機械設備通常為固定資產，屬於 Category 2
機械及設備,,築畦犁,True,2,機械設備通常為固定資產，屬於 Category 2
機械及設備,,梯用犁,True,2,機械設備通常為固定資產，屬於 Category 2
機械及設備,,釘齒耙,True,2,機械設備通常為固定資產，屬於 Category 2
機械及設備,,彈簧齒耙,True,2,機械設備通常為固定資產，屬於 Category 2
機械及設備,,圓碟耙,True,2,機械設備通常為固定資產，屬於 Category 2
機械及設備,,齒型中耕器,True,2,機械設備通常為固定資產，屬於 Category 2
機械及設備,,圓碟中耕器,True,2,機械設備通常為固定資產，屬於 Category 2
機械及設備,,條播器,True,2,機械設備通常為固定資產，屬於 Category 2
機械及設備,,點播器,True,2,機械設備通常為固定資產，屬於 Category 2
機械及設備,,甘蔗種植器,True,2,機械設備通常為固定資產，屬於 Category 2
機械及設備,,堆肥散佈器,True,2,機械設備通常為固定資產，屬於 Category 2
機械及設備,,固體施肥器,True,2,機械設備通常為固定資產，屬於 Category 2
機械及設備,,噴粉機,True,2,機械設備通常為固定資產，屬於 Category 2
機械及設備,,噴霧機,True,2,機械設備通常為固定資產，屬於 Category 2
機械及設備,,農具架,True,2,機械設備通常為固定資產，屬於 Category 2
機械及設備,,耕耘機,True,2,機械設備通常為固定資產，屬於 Category 2
機械及設備,,水稻直播機,True,2,機械設備通常為固定資產，屬於 Category 2
機械及設備,,動力捕蟲機,True,2,機械設備通常為固定資產，屬於 Category 2
機械及設備,,預測燈,True,2,機械設備通常為固定資產，屬於 Category 2
機械及設備,,深耕機,True,2,機械設備通常為固定資產，屬於 Category 2
機械及設備,,動力插秧機,True,2,機械設備通常為固定資產，屬於 Category 2
機械及設備,,迴轉碎土器,True,2,機械設備通常為固定資產，屬於 Category 2
機械及設備,,彈簧中耕器,True,2,機械設備通常為固定資產，屬於 Category 2
機械及設備,,剪草機,True,2,機械設備通常為固定資產，屬於 Category 2
機械及設備,,聯合農具,True,2,機械設備通常為固定資產，屬於 Category 2
機械及設備,,裂土器,True,2,機械設備通常為固定資產，屬於 Category 2
機械及設備,,殺蟲劑攪拌槽,True,2,機械設備通常為固定資產，屬於 Category 2
機械及設備,,入土農具,True,2,機械設備通常為固定資產，屬於 Category 2
機械及設備,,迴轉齒耙,True,2,機械設備通常為固定資產，屬於 Category 2
機械及設備,,動力粉霧兩用噴撒器,True,2,機械設備通常為固定資產，屬於 Category 2
機械及設備,,甘蔗切頭器,True,2,機械設備通常為固定資產，屬於 Category 2
機械及設備,,溫湯浸種設備,True,2,機械設備通常為固定資產，屬於 Category 2
機械及設備,,開溝機,True,2,機械設備通常為固定資產，屬於 Category 2
機械及設備,,粒劑農藥施用器,True,2,機械設備通常為固定資產，屬於 Category 2
機械及設備,,輪胎充水器,True,2,機械設備通常為固定資產，屬於 Category 2
機械及設備,,蔗苗加熱處理設備,True,2,機械設備通常為固定資產，屬於 Category 2
機械及設備,,灑水設備,True,2,機械設備通常為固定資產，屬於 Category 2
機械及設備,,蔬菜移植機,True,2,機械設備通常為固定資產，屬於 Category 2
機械及設備,,噴植機,True,2,機械設備通常為固定資產，屬於 Category 2
機械及設備,,病蟲害什草防除機,True,2,機械設備通常為固定資產，屬於 Category 2
機械及設備,,土壤肥料混合輸土機,True,2,機械設備通常為固定資產，屬於 Category 2
機械及設備,,種播機,True,2,機械設備通常為固定資產，屬於 Category 2
機械及設備,,深層鬆土施肥（藥）機,True,2,機械設備通常為固定資產，屬於 Category 2
機械及設備,,檢石機,True,2,機械設備通常為固定資產，屬於 Category 2
機械及設備,,中耕管理機,True,2,機械設備通常為固定資產，屬於 Category 2
機械及設備,,迴轉中耕器,True,2,機械設備通常為固定資產，屬於 Category 2
機械及設備,,蔗苗覆土器,True,2,機械設備通常為固定資產，屬於 Category 2
機械及設備,,圓頭填平器,True,2,機械設備通常為固定資產，屬於 Category 2
機械及設備,,水耕設備,True,2,機械設備通常為固定資產，屬於 Category 2
機械及設備,,溫室加溫器,True,2,機械設備通常為固定資產，屬於 Category 2
機械及設備,,迴轉犁,True,2,機械設備通常為固定資產，屬於 Category 2
機械及設備,,甘藷作畦器,True,2,機械設備通常為固定資產，屬於 Category 2
機械及設備,,種子計數器,True,2,機械設備通常為固定資產，屬於 Category 2
機械及設備,,噴水灌溉設備,True,2,機械設備通常為固定資產，屬於 Category 2
機械及設備,03,機耕收穫搬運農具,True,2,機械設備通常為固定資產，屬於 Category 2
機械及設備,,牧草收穫機,True,2,機械設備通常為固定資產，屬於 Category 2
機械及設備,,穀類收穫機,True,2,機械設備通常為固定資產，屬於 Category 2
機械及設備,,曳引機拖車,True,2,機械設備通常為固定資產，屬於 Category 2
機械及設備,,曳引機槽車,True,2,機械設備通常為固定資產，屬於 Category 2
機械及設備,,轉運台,True,2,機械設備通常為固定資產，屬於 Category 2
機械及設備,,電動割稻機,True,2,機械設備通常為固定資產，屬於 Category 2
機械及設備,,抓蔗機,True,2,機械設備通常為固定資產，屬於 Category 2
機械及設備,,甘蔗收穫機,True,2,機械設備通常為固定資產，屬於 Category 2
機械及設備,,脫殼機,True,2,機械設備通常為固定資產，屬於 Category 2
機械及設備,,牧草集草機,True,2,機械設備通常為固定資產，屬於 Category 2
機械及設備,,牧草打包機,True,2,機械設備通常為固定資產，屬於 Category 2
機械及設備,,堆蔗機,True,2,機械設備通常為固定資產，屬於 Category 2
機械及設備,,卸蔗機,True,2,機械設備通常為固定資產，屬於 Category 2
機械及設備,,轉裝機,True,2,機械設備通常為固定資產，屬於 Category 2
機械及設備,,裝卸器,True,2,機械設備通常為固定資產，屬於 Category 2
機械及設備,,振動採收機,True,2,機械設備通常為固定資產，屬於 Category 2
機械及設備,,穀物發爆機,True,2,機械設備通常為固定資產，屬於 Category 2
機械及設備,,果樹栽培作業車,True,2,機械設備通常為固定資產，屬於 Category 2
機械及設備,,翻草機,True,2,機械設備通常為固定資產，屬於 Category 2
機械及設備,,割草機,True,2,機械設備通常為固定資產，屬於 Category 2
機械及設備,,烘乾機,True,2,機械設備通常為固定資產，屬於 Category 2
機械及設備,,篩穀機,True,2,機械設備通常為固定資產，屬於 Category 2
機械及設備,,風車,True,2,機械設備通常為固定資產，屬於 Category 2
機械及設備,,割桑機,True,2,機械設備通常為固定資產，屬於 Category 2
機械及設備,,收繭毛取機,True,2,機械設備通常為固定資產，屬於 Category 2
機械及設備,,切割機,True,2,機械設備通常為固定資產，屬於 Category 2
機械及設備,,剝繭機,True,2,機械設備通常為固定資產，屬於 Category 2
機械及設備,,空壓式剪定機,True,2,機械設備通常為固定資產，屬於 Category 2
機械及設備,03,漁撈設備,True,2,機械設備通常為固定資產，屬於 Category 2
機械及設備,01,漁輪設備,True,2,機械設備通常為固定資產，屬於 Category 2
機械及設備,,漁業試驗船,True,2,機械設備通常為固定資產，屬於 Category 2
機械及設備,02,漁業計器設備,True,2,機械設備通常為固定資產，屬於 Category 2
機械及設備,,魚群探測器,True,2,機械設備通常為固定資產，屬於 Category 2
機械及設備,,回聲產生器,True,2,機械設備通常為固定資產，屬於 Category 2
機械及設備,,電波浮標,True,2,機械設備通常為固定資產，屬於 Category 2
機械及設備,,遠隔式生理測試系統,True,2,機械設備通常為固定資產，屬於 Category 2
機械及設備,04,畜殖設備,True,2,機械設備通常為固定資產，屬於 Category 2
機械及設備,01,飼養設備,True,2,機械設備通常為固定資產，屬於 Category 2
機械及設備,,假母台,True,2,機械設備通常為固定資產，屬於 Category 2
機械及設備,,助生器,True,2,機械設備通常為固定資產，屬於 Category 2
機械及設備,,電氣去角器,True,2,機械設備通常為固定資產，屬於 Category 2
機械及設備,,牛隻固定器,True,2,機械設備通常為固定資產，屬於 Category 2
機械及設備,,豬隻秤量台,True,2,機械設備通常為固定資產，屬於 Category 2
機械及設備,,上車台（活動）,True,2,機械設備通常為固定資產，屬於 Category 2
機械及設備,,青飼料貯槽,True,2,機械設備通常為固定資產，屬於 Category 2
機械及設備,,飼料貯塔,True,2,機械設備通常為固定資產，屬於 Category 2
機械及設備,,自動餵料器,True,2,機械設備通常為固定資產，屬於 Category 2
機械及設備,,餵料車,True,2,機械設備通常為固定資產，屬於 Category 2
機械及設備,,清糞機,True,2,機械設備通常為固定資產，屬於 Category 2
機械及設備,,沼氣池,True,2,機械設備通常為固定資產，屬於 Category 2
機械及設備,,擊昏架,True,2,機械設備通常為固定資產，屬於 Category 2
機械及設備,,擊昏槍,True,2,機械設備通常為固定資產，屬於 Category 2
機械及設備,,畜殖試驗設備,True,2,機械設備通常為固定資產，屬於 Category 2
機械及設備,,畜舍動力通風設備,True,2,機械設備通常為固定資產，屬於 Category 2
機械及設備,,畜舍擋風設備,True,2,機械設備通常為固定資產，屬於 Category 2
機械及設備,,分娩欄架,True,2,機械設備通常為固定資產，屬於 Category 2
機械及設備,,孵蛋機,True,2,機械設備通常為固定資產，屬於 Category 2
機械及設備,02,水產設備,True,2,機械設備通常為固定資產，屬於 Category 2
機械及設備,,魚塭,True,2,機械設備通常為固定資產，屬於 Category 2
機械及設備,,水庫,True,2,機械設備通常為固定資產，屬於 Category 2
機械及設備,,水族箱,True,2,機械設備通常為固定資產，屬於 Category 2
機械及設備,,拖網,True,2,機械設備通常為固定資產，屬於 Category 2
機械及設備,,塑膠筏,True,2,機械設備通常為固定資產，屬於 Category 2
機械及設備,,船外機,True,2,機械設備通常為固定資產，屬於 Category 2
機械及設備,,玻璃纖維桶,True,2,機械設備通常為固定資產，屬於 Category 2
機械及設備,05,建築機械及設備,True,2,機械設備通常為固定資產，屬於 Category 2
機械及設備,01,土石方工作機械及設備,True,2,機械設備通常為固定資產，屬於 Category 2
機械及設備,01,土石方運切機械,True,2,機械設備通常為固定資產，屬於 Category 2
機械及設備,,挖溝機,True,2,機械設備通常為固定資產，屬於 Category 2
機械及設備,,掘土機（挖掘機）,True,2,機械設備通常為固定資產，屬於 Category 2
機械及設備,,鑽土機,True,2,機械設備通常為固定資產，屬於 Category 2
機械及設備,,刮路機,True,2,機械設備通常為固定資產，屬於 Category 2
機械及設備,,裝料機（平土機）,True,2,機械設備通常為固定資產，屬於 Category 2
機械及設備,,路面破碎機,True,2,機械設備通常為固定資產，屬於 Category 2
機械及設備,,推土機,True,2,機械設備通常為固定資產，屬於 Category 2
機械及設備,,地壁鉆機,True,2,機械設備通常為固定資產，屬於 Category 2
機械及設備,,ＰＵＳ  ＣＵＰ鏟刀,True,2,機械設備通常為固定資產，屬於 Category 2
機械及設備,02,滾壓機械及設備,True,2,機械設備通常為固定資產，屬於 Category 2
機械及設備,,壓路機,True,2,機械設備通常為固定資產，屬於 Category 2
機械及設備,,滾壓機,True,2,機械設備通常為固定資產，屬於 Category 2
機械及設備,,羊腳滾筒,True,2,機械設備通常為固定資產，屬於 Category 2
機械及設備,,夯土機,True,2,機械設備通常為固定資產，屬於 Category 2
機械及設備,,回填土搗固機,True,2,機械設備通常為固定資產，屬於 Category 2
機械及設備,,震壓機,True,2,機械設備通常為固定資產，屬於 Category 2
機械及設備,,膠輪滾壓機,True,2,機械設備通常為固定資產，屬於 Category 2
機械及設備,,汽油引擎打土機,True,2,機械設備通常為固定資產，屬於 Category 2
機械及設備,,札道機,True,2,機械設備通常為固定資產，屬於 Category 2
機械及設備,,軌端加硬機,True,2,機械設備通常為固定資產，屬於 Category 2
機械及設備,,起道機,True,2,機械設備通常為固定資產，屬於 Category 2
機械及設備,,換軌機,True,2,機械設備通常為固定資產，屬於 Category 2
機械及設備,,鋼軌縱間移動機,True,2,機械設備通常為固定資產，屬於 Category 2
機械及設備,,螺栓擰聚器,True,2,機械設備通常為固定資產，屬於 Category 2
機械及設備,,鋼軌裝卸器,True,2,機械設備通常為固定資產，屬於 Category 2
機械及設備,,整碴機,True,2,機械設備通常為固定資產，屬於 Category 2
機械及設備,,復軌機（油壓式復軌器）,True,2,機械設備通常為固定資產，屬於 Category 2
機械及設備,,軌東梁扣件,True,2,機械設備通常為固定資產，屬於 Category 2
機械及設備,,道碴夯實機,True,2,機械設備通常為固定資產，屬於 Category 2
機械及設備,,軌距尺,True,2,機械設備通常為固定資產，屬於 Category 2
機械及設備,02,砂石採掘篩磨機械及設備,True,2,機械設備通常為固定資產，屬於 Category 2
機械及設備,01,碎石機械,True,2,機械設備通常為固定資產，屬於 Category 2
機械及設備,,碎石機,True,2,機械設備通常為固定資產，屬於 Category 2
機械及設備,,洗砂機,True,2,機械設備通常為固定資產，屬於 Category 2
機械及設備,,碎石鋪散機,True,2,機械設備通常為固定資產，屬於 Category 2
機械及設備,02,磨石機械,True,2,機械設備通常為固定資產，屬於 Category 2
機械及設備,,磨石機,True,2,機械設備通常為固定資產，屬於 Category 2
機械及設備,,砂石研粉機,True,2,機械設備通常為固定資產，屬於 Category 2
機械及設備,,氣磨輪機,True,2,機械設備通常為固定資產，屬於 Category 2
機械及設備,,雙盤掃泥機,True,2,機械設備通常為固定資產，屬於 Category 2
機械及設備,03,篩石機械,True,2,機械設備通常為固定資產，屬於 Category 2
機械及設備,,篩石機,True,2,機械設備通常為固定資產，屬於 Category 2
機械及設備,04,鑿挖機械,True,2,機械設備通常為固定資產，屬於 Category 2
機械及設備,,鑿岩機,True,2,機械設備通常為固定資產，屬於 Category 2
機械及設備,,氣鑽機,True,2,機械設備通常為固定資產，屬於 Category 2
機械及設備,,鑽岩機,True,2,機械設備通常為固定資產，屬於 Category 2
機械及設備,,潛盾機,True,2,機械設備通常為固定資產，屬於 Category 2
機械及設備,,鉆岩機,True,2,機械設備通常為固定資產，屬於 Category 2
機械及設備,,壓碎機,True,2,機械設備通常為固定資產，屬於 Category 2
機械及設備,05,切石機械,True,2,機械設備通常為固定資產，屬於 Category 2
機械及設備,,切石機,True,2,機械設備通常為固定資產，屬於 Category 2
機械及設備,03,水泥混凝土機械及設備,True,2,機械設備通常為固定資產，屬於 Category 2
機械及設備,01,混合土拌合機械及設備,True,2,機械設備通常為固定資產，屬於 Category 2
機械及設備,,拌合機,True,2,機械設備通常為固定資產，屬於 Category 2
機械及設備,,震動機,True,2,機械設備通常為固定資產，屬於 Category 2
機械及設備,,篩搖機,True,2,機械設備通常為固定資產，屬於 Category 2
機械及設備,,砂石定量器（配料機）,True,2,機械設備通常為固定資產，屬於 Category 2
機械及設備,,振盪機,True,2,機械設備通常為固定資產，屬於 Category 2
機械及設備,,轉化器,True,2,機械設備通常為固定資產，屬於 Category 2
機械及設備,,混凝土試驗器,True,2,機械設備通常為固定資產，屬於 Category 2
機械及設備,,電動水泥震壓機,True,2,機械設備通常為固定資產，屬於 Category 2
機械及設備,,水泥槍,True,2,機械設備通常為固定資產，屬於 Category 2
機械及設備,,拌合器,True,2,機械設備通常為固定資產，屬於 Category 2
機械及設備,,膠泥流動檯,True,2,機械設備通常為固定資產，屬於 Category 2
機械及設備,,濕式渦錐,True,2,機械設備通常為固定資產，屬於 Category 2
機械及設備,,砂表測定錐,True,2,機械設備通常為固定資產，屬於 Category 2
機械及設備,02,混凝土分佈機械,True,2,機械設備通常為固定資產，屬於 Category 2
機械及設備,,混凝土分佈機,True,2,機械設備通常為固定資產，屬於 Category 2
機械及設備,,混凝土噴佈機,True,2,機械設備通常為固定資產，屬於 Category 2
機械及設備,,分析篩,True,2,機械設備通常為固定資產，屬於 Category 2
機械及設備,,灌漿機,True,2,機械設備通常為固定資產，屬於 Category 2
機械及設備,,混凝土泵,True,2,機械設備通常為固定資產，屬於 Category 2
機械及設備,03,混凝土光面機械,True,2,機械設備通常為固定資產，屬於 Category 2
機械及設備,,混凝土橫面磨光機,True,2,機械設備通常為固定資產，屬於 Category 2
機械及設備,,混凝土縱面磨光機,True,2,機械設備通常為固定資產，屬於 Category 2
機械及設備,04,混凝土灌割機械,True,2,機械設備通常為固定資產，屬於 Category 2
機械及設備,,混凝土灌縫機,True,2,機械設備通常為固定資產，屬於 Category 2
機械及設備,,混凝土割切機,True,2,機械設備通常為固定資產，屬於 Category 2
機械及設備,,混泥土硬化測定機,True,2,機械設備通常為固定資產，屬於 Category 2
機械及設備,,高壓水力機組（水刀）,True,2,機械設備通常為固定資產，屬於 Category 2
機械及設備,,超高壓水槍,True,2,機械設備通常為固定資產，屬於 Category 2
機械及設備,,混凝土衝擊機,True,2,機械設備通常為固定資產，屬於 Category 2
機械及設備,05,路面處理機械,True,2,機械設備通常為固定資產，屬於 Category 2
機械及設備,,清掃機,True,2,機械設備通常為固定資產，屬於 Category 2
機械及設備,,劃線機,True,2,機械設備通常為固定資產，屬於 Category 2
機械及設備,,清洗機,True,2,機械設備通常為固定資產，屬於 Category 2
機械及設備,,裝載機,True,2,機械設備通常為固定資產，屬於 Category 2
機械及設備,04,瀝青混凝土機械及設備,True,2,機械設備通常為固定資產，屬於 Category 2
機械及設備,01,瀝青混凝土拌合機械,True,2,機械設備通常為固定資產，屬於 Category 2
機械及設備,,瀝青拌合場,True,2,機械設備通常為固定資產，屬於 Category 2
機械及設備,,瀝青試驗器,True,2,機械設備通常為固定資產，屬於 Category 2
機械及設備,,再生瀝青混凝土機械,True,2,機械設備通常為固定資產，屬於 Category 2
機械及設備,02,瀝青分佈機械,True,2,機械設備通常為固定資產，屬於 Category 2
機械及設備,,瀝青散佈機,True,2,機械設備通常為固定資產，屬於 Category 2
機械及設備,,瀝青混凝土光面機,True,2,機械設備通常為固定資產，屬於 Category 2
機械及設備,,路面刨除機,True,2,機械設備通常為固定資產，屬於 Category 2
機械及設備,,瀝青混凝土取樣機,True,2,機械設備通常為固定資產，屬於 Category 2
機械及設備,03,瀝青加熱機械及設備,True,2,機械設備通常為固定資產，屬於 Category 2
機械及設備,,瀝青預熱器,True,2,機械設備通常為固定資產，屬於 Category 2
機械及設備,,瀝青加熱鍋,True,2,機械設備通常為固定資產，屬於 Category 2
機械及設備,,重油燃燒裝置,True,2,機械設備通常為固定資產，屬於 Category 2
機械及設備,04,瀝青貯儲設備,True,2,機械設備通常為固定資產，屬於 Category 2
機械及設備,,瀝青槽,True,2,機械設備通常為固定資產，屬於 Category 2
機械及設備,,混凝土強度試驗捧,True,2,機械設備通常為固定資產，屬於 Category 2
機械及設備,05,打樁機械及設備,True,2,機械設備通常為固定資產，屬於 Category 2
機械及設備,01,打樁機械,True,2,機械設備通常為固定資產，屬於 Category 2
機械及設備,,樁錘,True,2,機械設備通常為固定資產，屬於 Category 2
機械及設備,,鑄樁施工機具,True,2,機械設備通常為固定資產，屬於 Category 2
機械及設備,02,導樁、拔樁機械及設備,True,2,機械設備通常為固定資產，屬於 Category 2
機械及設備,,導樁架,True,2,機械設備通常為固定資產，屬於 Category 2
機械及設備,,拔樁機,True,2,機械設備通常為固定資產，屬於 Category 2
機械及設備,06,造屋機械及設備,True,2,機械設備通常為固定資產，屬於 Category 2
機械及設備,01,鷹架設備,True,2,機械設備通常為固定資產，屬於 Category 2
機械及設備,,萬能鷹架,True,2,機械設備通常為固定資產，屬於 Category 2
機械及設備,07,工具機暨加工機械及設備,True,2,機械設備通常為固定資產，屬於 Category 2
機械及設備,,鑽頭式連續壁施口機具,True,2,機械設備通常為固定資產，屬於 Category 2
機械及設備,,油壓拔管機,True,2,機械設備通常為固定資產，屬於 Category 2
機械及設備,,除泥機,True,2,機械設備通常為固定資產，屬於 Category 2
機械及設備,,液壓抓斗式連續壁施工機具,True,2,機械設備通常為固定資產，屬於 Category 2
機械及設備,06,動力機械及設備,True,2,機械設備通常為固定資產，屬於 Category 2
機械及設備,01,動力機械,True,2,機械設備通常為固定資產，屬於 Category 2
機械及設備,01,引擎,True,2,機械設備通常為固定資產，屬於 Category 2
機械及設備,,蒸汽機,True,2,機械設備通常為固定資產，屬於 Category 2
機械及設備,,內燃機,True,2,機械設備通常為固定資產，屬於 Category 2
機械及設備,,噴射引擎,True,2,機械設備通常為固定資產，屬於 Category 2
機械及設備,,柴油發電機,True,2,機械設備通常為固定資產，屬於 Category 2
機械及設備,,汽油機,True,2,機械設備通常為固定資產，屬於 Category 2
機械及設備,,汽油發電機,True,2,機械設備通常為固定資產，屬於 Category 2
機械及設備,,船舶柴油主機推進系統模擬機,True,2,機械設備通常為固定資產，屬於 Category 2
機械及設備,,客車預備引擎總成,True,2,機械設備通常為固定資產，屬於 Category 2
機械及設備,,空氣引擎,True,2,機械設備通常為固定資產，屬於 Category 2
機械及設備,,燃氣引擎,True,2,機械設備通常為固定資產，屬於 Category 2
機械及設備,,引擎,True,2,機械設備通常為固定資產，屬於 Category 2
機械及設備,,柴油引擎,True,2,機械設備通常為固定資產，屬於 Category 2
機械及設備,,可組合二行程,True,2,機械設備通常為固定資產，屬於 Category 2
機械及設備,02,輪機（透平）,True,2,機械設備通常為固定資產，屬於 Category 2
機械及設備,,蒸汽輪機（蒸汽透平）,True,2,機械設備通常為固定資產，屬於 Category 2
機械及設備,,水輪機（水力透平）,True,2,機械設備通常為固定資產，屬於 Category 2
機械及設備,,氣輪機（氣力透平）,True,2,機械設備通常為固定資產，屬於 Category 2
機械及設備,,船外機,True,2,機械設備通常為固定資產，屬於 Category 2
機械及設備,03,馬達,True,2,機械設備通常為固定資產，屬於 Category 2
機械及設備,,馬達,True,2,機械設備通常為固定資產，屬於 Category 2
機械及設備,,直流馬達及控制器,True,2,機械設備通常為固定資產，屬於 Category 2
機械及設備,,誘導馬達,True,2,機械設備通常為固定資產，屬於 Category 2
機械及設備,,起動器,True,2,機械設備通常為固定資產，屬於 Category 2
機械及設備,,起動電阻器,True,2,機械設備通常為固定資產，屬於 Category 2
機械及設備,,同期馬達,True,2,機械設備通常為固定資產，屬於 Category 2
機械及設備,,油斷路器,True,2,機械設備通常為固定資產，屬於 Category 2
機械及設備,,三相交流馬達解剖體,True,2,機械設備通常為固定資產，屬於 Category 2
機械及設備,,同步電動機解剖體,True,2,機械設備通常為固定資產，屬於 Category 2
機械及設備,,三相繞轉子電動機解剖體,True,2,機械設備通常為固定資產，屬於 Category 2
機械及設備,,感應馬達解剖體,True,2,機械設備通常為固定資產，屬於 Category 2
機械及設備,,推斥式電動機解剖體,True,2,機械設備通常為固定資產，屬於 Category 2
機械及設備,,直流電流機解剖體,True,2,機械設備通常為固定資產，屬於 Category 2
機械及設備,02,動力設備,True,2,機械設備通常為固定資產，屬於 Category 2
機械及設備,01,鍋爐,True,2,機械設備通常為固定資產，屬於 Category 2
機械及設備,,火管式鍋爐,True,2,機械設備通常為固定資產，屬於 Category 2
機械及設備,,水管式鍋爐,True,2,機械設備通常為固定資產，屬於 Category 2
機械及設備,,小型電氣鍋爐,True,2,機械設備通常為固定資產，屬於 Category 2
機械及設備,,煙管式蒸汽鍋爐,True,2,機械設備通常為固定資產，屬於 Category 2
機械及設備,,高溫電氣爐,True,2,機械設備通常為固定資產，屬於 Category 2
機械及設備,,機車鍋爐,True,2,機械設備通常為固定資產，屬於 Category 2
機械及設備,,動力工程設備,True,2,機械設備通常為固定資產，屬於 Category 2
機械及設備,02,鍋爐附屬設備,True,2,機械設備通常為固定資產，屬於 Category 2
機械及設備,,給水處理裝置,True,2,機械設備通常為固定資產，屬於 Category 2
機械及設備,,燃料處理裝置,True,2,機械設備通常為固定資產，屬於 Category 2
機械及設備,,爐灰處理裝置,True,2,機械設備通常為固定資產，屬於 Category 2
機械及設備,,通風裝置,True,2,機械設備通常為固定資產，屬於 Category 2
機械及設備,,預熱槽,True,2,機械設備通常為固定資產，屬於 Category 2
機械及設備,,抽油泵浦,True,2,機械設備通常為固定資產，屬於 Category 2
機械及設備,,電磁,True,2,機械設備通常為固定資產，屬於 Category 2
機械及設備,,壓力調節器,True,2,機械設備通常為固定資產，屬於 Category 2
機械及設備,,壓力控制器,True,2,機械設備通常為固定資產，屬於 Category 2
機械及設備,,光電管,True,2,機械設備通常為固定資產，屬於 Category 2
機械及設備,,噴火機,True,2,機械設備通常為固定資產，屬於 Category 2
機械及設備,,汽鍋燃燒機,True,2,機械設備通常為固定資產，屬於 Category 2
機械及設備,,蒸氣設備系統,True,2,機械設備通常為固定資產，屬於 Category 2
機械及設備,03,動力減速設備,True,2,機械設備通常為固定資產，屬於 Category 2
機械及設備,,減速機,True,2,機械設備通常為固定資產，屬於 Category 2
機械及設備,,變速器,True,2,機械設備通常為固定資產，屬於 Category 2
機械及設備,,無段式變速馬達,True,2,機械設備通常為固定資產，屬於 Category 2
機械及設備,,齒輪減速機,True,2,機械設備通常為固定資產，屬於 Category 2
機械及設備,04,其他動力機械及設備,True,2,機械設備通常為固定資產，屬於 Category 2
機械及設備,,液壓動力機,True,2,機械設備通常為固定資產，屬於 Category 2
機械及設備,,空壓站速轉設備,True,2,機械設備通常為固定資產，屬於 Category 2
機械及設備,,氣體中心,True,2,機械設備通常為固定資產，屬於 Category 2
機械及設備,,Ｌ‧Ｐ‧Ｇ供應中心,True,2,機械設備通常為固定資產，屬於 Category 2
機械及設備,07,工具機及加工機械及設備,True,2,機械設備通常為固定資產，屬於 Category 2
機械及設備,01,工具機,True,2,機械設備通常為固定資產，屬於 Category 2
機械及設備,01,車床,True,2,機械設備通常為固定資產，屬於 Category 2
機械及設備,,鉗台車床,True,2,機械設備通常為固定資產，屬於 Category 2
機械及設備,,塔輪轉動車床,True,2,機械設備通常為固定資產，屬於 Category 2
機械及設備,,齒輪頭車床,True,2,機械設備通常為固定資產，屬於 Category 2
機械及設備,,高速車床,True,2,機械設備通常為固定資產，屬於 Category 2
機械及設備,,鏇型車床,True,2,機械設備通常為固定資產，屬於 Category 2
機械及設備,,夾盤車床,True,2,機械設備通常為固定資產，屬於 Category 2
機械及設備,,六角車床,True,2,機械設備通常為固定資產，屬於 Category 2
機械及設備,,凹口車床,True,2,機械設備通常為固定資產，屬於 Category 2
機械及設備,,帶輪車床,True,2,機械設備通常為固定資產，屬於 Category 2
機械及設備,,彈道車床,True,2,機械設備通常為固定資產，屬於 Category 2
機械及設備,,自動車床,True,2,機械設備通常為固定資產，屬於 Category 2
機械及設備,,精密車床,True,2,機械設備通常為固定資產，屬於 Category 2
機械及設備,,動輪車床,True,2,機械設備通常為固定資產，屬於 Category 2
機械及設備,,車軸車床,True,2,機械設備通常為固定資產，屬於 Category 2
機械及設備,,車面車床,True,2,機械設備通常為固定資產，屬於 Category 2
機械及設備,,木車床,True,2,機械設備通常為固定資產，屬於 Category 2
機械及設備,,鋼胎圈車床,True,2,機械設備通常為固定資產，屬於 Category 2
機械及設備,,側撐車床,True,2,機械設備通常為固定資產，屬於 Category 2
機械及設備,,抽頸車床,True,2,機械設備通常為固定資產，屬於 Category 2
機械及設備,,四頭車床,True,2,機械設備通常為固定資產，屬於 Category 2
機械及設備,,卡盤,True,2,機械設備通常為固定資產，屬於 Category 2
機械及設備,,重型車床,True,2,機械設備通常為固定資產，屬於 Category 2
機械及設備,,重型刨床,True,2,機械設備通常為固定資產，屬於 Category 2
機械及設備,,變速車床,True,2,機械設備通常為固定資產，屬於 Category 2
機械及設備,,磁台付錶,True,2,機械設備通常為固定資產，屬於 Category 2
機械及設備,,滾牙機,True,2,機械設備通常為固定資產，屬於 Category 2
機械及設備,,迷你車床,True,2,機械設備通常為固定資產，屬於 Category 2
機械及設備,,軟爪,True,2,機械設備通常為固定資產，屬於 Category 2
機械及設備,,石英車床,True,2,機械設備通常為固定資產，屬於 Category 2
機械及設備,,螺絲車床,True,2,機械設備通常為固定資產，屬於 Category 2
機械及設備,,立式車床,True,2,機械設備通常為固定資產，屬於 Category 2
機械及設備,,管螺紋車床,True,2,機械設備通常為固定資產，屬於 Category 2
機械及設備,,聯合工具機,True,2,機械設備通常為固定資產，屬於 Category 2
機械及設備,,車床依前裝置,True,2,機械設備通常為固定資產，屬於 Category 2
機械及設備,,小車床,True,2,機械設備通常為固定資產，屬於 Category 2
機械及設備,,手動連桿車床,True,2,機械設備通常為固定資產，屬於 Category 2
機械及設備,,電腦車床,True,2,機械設備通常為固定資產，屬於 Category 2
機械及設備,,金工車床,True,2,機械設備通常為固定資產，屬於 Category 2
機械及設備,,石膏車床,True,2,機械設備通常為固定資產，屬於 Category 2
機械及設備,,車牙床,True,2,機械設備通常為固定資產，屬於 Category 2
機械及設備,02,鑽床,True,2,機械設備通常為固定資產，屬於 Category 2
機械及設備,,立式鑽床,True,2,機械設備通常為固定資產，屬於 Category 2
機械及設備,,旋臂鑽床,True,2,機械設備通常為固定資產，屬於 Category 2
機械及設備,,中心鑽床,True,2,機械設備通常為固定資產，屬於 Category 2
機械及設備,,排桿鑽床,True,2,機械設備通常為固定資產，屬於 Category 2
機械及設備,,鉗台鑽床（抬床）,True,2,機械設備通常為固定資產，屬於 Category 2
機械及設備,,多軸鑽床,True,2,機械設備通常為固定資產，屬於 Category 2
機械及設備,,告知鑽床,True,2,機械設備通常為固定資產，屬於 Category 2
機械及設備,,數值控制鑽床,True,2,機械設備通常為固定資產，屬於 Category 2
機械及設備,,木鑽床,True,2,機械設備通常為固定資產，屬於 Category 2
機械及設備,,小鉆床,True,2,機械設備通常為固定資產，屬於 Category 2
機械及設備,,高速鉆床,True,2,機械設備通常為固定資產，屬於 Category 2
機械及設備,,移動式鑽床,True,2,機械設備通常為固定資產，屬於 Category 2
機械及設備,,磨鑽機,True,2,機械設備通常為固定資產，屬於 Category 2
機械及設備,,桌上型鑽床,True,2,機械設備通常為固定資產，屬於 Category 2
機械及設備,,風鑽,True,2,機械設備通常為固定資產，屬於 Category 2
機械及設備,,軌道鑽孔機,True,2,機械設備通常為固定資產，屬於 Category 2
機械及設備,,簡孔鑽機,True,2,機械設備通常為固定資產，屬於 Category 2
機械及設備,,枕木鑽孔機,True,2,機械設備通常為固定資產，屬於 Category 2
機械及設備,,案上鑽器,True,2,機械設備通常為固定資產，屬於 Category 2
機械及設備,,高速電動鑽床,True,2,機械設備通常為固定資產，屬於 Category 2
機械及設備,,可變式鑽床,True,2,機械設備通常為固定資產，屬於 Category 2
機械及設備,,手搖鉆紋組,True,2,機械設備通常為固定資產，屬於 Category 2
機械及設備,,多軸鑿孔機,True,2,機械設備通常為固定資產，屬於 Category 2
機械及設備,,水鑽床,True,2,機械設備通常為固定資產，屬於 Category 2
機械及設備,03,鉋床,True,2,機械設備通常為固定資產，屬於 Category 2
機械及設備,,立式鉋床,True,2,機械設備通常為固定資產，屬於 Category 2
機械及設備,,臥式鉋床,True,2,機械設備通常為固定資產，屬於 Category 2
機械及設備,,牛頭鉋床,True,2,機械設備通常為固定資產，屬於 Category 2
機械及設備,,單柱龍門鉋床,True,2,機械設備通常為固定資產，屬於 Category 2
機械及設備,,雙柱龍門鉋床,True,2,機械設備通常為固定資產，屬於 Category 2
機械及設備,,自動平鉋,True,2,機械設備通常為固定資產，屬於 Category 2
機械及設備,,平壓平鉋,True,2,機械設備通常為固定資產，屬於 Category 2
機械及設備,,高速鉋壓機,True,2,機械設備通常為固定資產，屬於 Category 2
機械及設備,,精鉋機,True,2,機械設備通常為固定資產，屬於 Category 2
機械及設備,,單立軸線鉋機,True,2,機械設備通常為固定資產，屬於 Category 2
機械及設備,,鉋刀機,True,2,機械設備通常為固定資產，屬於 Category 2
機械及設備,,木鉋機,True,2,機械設備通常為固定資產，屬於 Category 2
機械及設備,,木工刨邊機,True,2,機械設備通常為固定資產，屬於 Category 2
機械及設備,,自動三面鉋削機,True,2,機械設備通常為固定資產，屬於 Category 2
機械及設備,,手提電鉋,True,2,機械設備通常為固定資產，屬於 Category 2
機械及設備,04,磨床,True,2,機械設備通常為固定資產，屬於 Category 2
機械及設備,,砂輪機,True,2,機械設備通常為固定資產，屬於 Category 2
機械及設備,,切割機,True,2,機械設備通常為固定資產，屬於 Category 2
機械及設備,,平面磨床,True,2,機械設備通常為固定資產，屬於 Category 2
機械及設備,,精密磨床,True,2,機械設備通常為固定資產，屬於 Category 2
機械及設備,,撓軸磨床,True,2,機械設備通常為固定資產，屬於 Category 2
機械及設備,,滾齒刀磨床,True,2,機械設備通常為固定資產，屬於 Category 2
機械及設備,,輥筒磨床,True,2,機械設備通常為固定資產，屬於 Category 2
機械及設備,,圓筒磨床,True,2,機械設備通常為固定資產，屬於 Category 2
機械及設備,,外圓磨床,True,2,機械設備通常為固定資產，屬於 Category 2
機械及設備,,無心磨床,True,2,機械設備通常為固定資產，屬於 Category 2
機械及設備,,特種型磨床,True,2,機械設備通常為固定資產，屬於 Category 2
機械及設備,,精光及分級磨床,True,2,機械設備通常為固定資產，屬於 Category 2
機械及設備,,萬能工具磨床,True,2,機械設備通常為固定資產，屬於 Category 2
機械及設備,,鉗台磨床,True,2,機械設備通常為固定資產，屬於 Category 2
機械及設備,,輪廓磨床,True,2,機械設備通常為固定資產，屬於 Category 2
機械及設備,,螺旋鑽頭磨床,True,2,機械設備通常為固定資產，屬於 Category 2
機械及設備,,磨縫機,True,2,機械設備通常為固定資產，屬於 Category 2
機械及設備,,磁氣磨床,True,2,機械設備通常為固定資產，屬於 Category 2
機械及設備,,軸頸磨床,True,2,機械設備通常為固定資產，屬於 Category 2
機械及設備,,錐磨床,True,2,機械設備通常為固定資產，屬於 Category 2
機械及設備,,擦磨機,True,2,機械設備通常為固定資產，屬於 Category 2
機械及設備,,瓣修整模機,True,2,機械設備通常為固定資產，屬於 Category 2
機械及設備,,汽門座研磨機,True,2,機械設備通常為固定資產，屬於 Category 2
機械及設備,,磨刀機,True,2,機械設備通常為固定資產，屬於 Category 2
機械及設備,,投影仿型磨床,True,2,機械設備通常為固定資產，屬於 Category 2
機械及設備,,砂輪複雜輪廓成型機,True,2,機械設備通常為固定資產，屬於 Category 2
機械及設備,,超硬度軔研究機,True,2,機械設備通常為固定資產，屬於 Category 2
機械及設備,,砂輪切斷機,True,2,機械設備通常為固定資產，屬於 Category 2
機械及設備,,圓盤砂帶機,True,2,機械設備通常為固定資產，屬於 Category 2
機械及設備,,栓槽磨床,True,2,機械設備通常為固定資產，屬於 Category 2
機械及設備,,三次元振動研磨機,True,2,機械設備通常為固定資產，屬於 Category 2
機械及設備,,內圓磨床,True,2,機械設備通常為固定資產，屬於 Category 2
機械及設備,,中小孔磨床,True,2,機械設備通常為固定資產，屬於 Category 2
機械及設備,,搪磨機,True,2,機械設備通常為固定資產，屬於 Category 2
機械及設備,,研磨機,True,2,機械設備通常為固定資產，屬於 Category 2
機械及設備,,油壓萬能磨床,True,2,機械設備通常為固定資產，屬於 Category 2
機械及設備,,鑽頭磨床,True,2,機械設備通常為固定資產，屬於 Category 2
機械及設備,,刀片磨床,True,2,機械設備通常為固定資產，屬於 Category 2
機械及設備,,閘門閥研磨機,True,2,機械設備通常為固定資產，屬於 Category 2
機械及設備,,離心式自動磨輪機,True,2,機械設備通常為固定資產，屬於 Category 2
機械及設備,,齒輪研磨床,True,2,機械設備通常為固定資產，屬於 Category 2
機械及設備,,鉋花機,True,2,機械設備通常為固定資產，屬於 Category 2
機械及設備,05,銑床,True,2,機械設備通常為固定資產，屬於 Category 2
機械及設備,,手銑床,True,2,機械設備通常為固定資產，屬於 Category 2
機械及設備,,固定床面銑床,True,2,機械設備通常為固定資產，屬於 Category 2
機械及設備,,迴轉銑床,True,2,機械設備通常為固定資產，屬於 Category 2
機械及設備,,鼓輪式銑床,True,2,機械設備通常為固定資產，屬於 Category 2
機械及設備,,周行銑床,True,2,機械設備通常為固定資產，屬於 Category 2
機械及設備,,龍門銑床,True,2,機械設備通常為固定資產，屬於 Category 2
機械及設備,,立式銑床,True,2,機械設備通常為固定資產，屬於 Category 2
機械及設備,,橫式銑床,True,2,機械設備通常為固定資產，屬於 Category 2
機械及設備,,萬能銑床,True,2,機械設備通常為固定資產，屬於 Category 2
機械及設備,,仿型雕模銑床（靠模銑床）,True,2,機械設備通常為固定資產，屬於 Category 2
機械及設備,,萬能工具銑床,True,2,機械設備通常為固定資產，屬於 Category 2
機械及設備,,砲塔型立橫複合銑床,True,2,機械設備通常為固定資產，屬於 Category 2
機械及設備,,電腦數值控制銑床,True,2,機械設備通常為固定資產，屬於 Category 2
機械及設備,,切削機,True,2,機械設備通常為固定資產，屬於 Category 2
機械及設備,,萬能銑床描桿附件,True,2,機械設備通常為固定資產，屬於 Category 2
機械及設備,,立軸機,True,2,機械設備通常為固定資產，屬於 Category 2
機械及設備,,銑床刀具組,True,2,機械設備通常為固定資產，屬於 Category 2
機械及設備,06,插床（鍘床）,True,2,機械設備通常為固定資產，屬於 Category 2
機械及設備,,立式插床（鍘床）,True,2,機械設備通常為固定資產，屬於 Category 2
機械及設備,07,鏜床,True,2,機械設備通常為固定資產，屬於 Category 2
機械及設備,,橫式鏜床,True,2,機械設備通常為固定資產，屬於 Category 2
機械及設備,,立式鏜床,True,2,機械設備通常為固定資產，屬於 Category 2
機械及設備,,立式鏜缸床,True,2,機械設備通常為固定資產，屬於 Category 2
機械及設備,,車輪鏜床,True,2,機械設備通常為固定資產，屬於 Category 2
機械及設備,,精密鏜床,True,2,機械設備通常為固定資產，屬於 Category 2
機械及設備,,工模鏜孔床,True,2,機械設備通常為固定資產，屬於 Category 2
機械及設備,,柱塞泵鏌孔機,True,2,機械設備通常為固定資產，屬於 Category 2
機械及設備,,固定台式鏜銑床,True,2,機械設備通常為固定資產，屬於 Category 2
機械及設備,,切削中心,True,2,機械設備通常為固定資產，屬於 Category 2
機械及設備,,托板循環單元,True,2,機械設備通常為固定資產，屬於 Category 2
機械及設備,08,螺紋床,True,2,機械設備通常為固定資產，屬於 Category 2
機械及設備,,螺紋車製機,True,2,機械設備通常為固定資產，屬於 Category 2
機械及設備,,螺紋攻製機,True,2,機械設備通常為固定資產，屬於 Category 2
機械及設備,,螺紋銑製機,True,2,機械設備通常為固定資產，屬於 Category 2
機械及設備,,螺紋磨床,True,2,機械設備通常為固定資產，屬於 Category 2
機械及設備,,自動螺釘機,True,2,機械設備通常為固定資產，屬於 Category 2
機械及設備,,螺釘鍛頭機,True,2,機械設備通常為固定資產，屬於 Category 2
機械及設備,,電動絞牙器,True,2,機械設備通常為固定資產，屬於 Category 2
機械及設備,,管子車牙機,True,2,機械設備通常為固定資產，屬於 Category 2
機械及設備,,管牙機,True,2,機械設備通常為固定資產，屬於 Category 2
機械及設備,,管螺紋車製切斷機,True,2,機械設備通常為固定資產，屬於 Category 2
機械及設備,,滾牙器,True,2,機械設備通常為固定資產，屬於 Category 2
機械及設備,,光學螺紋車刀檢查器,True,2,機械設備通常為固定資產，屬於 Category 2
機械及設備,,螺紋床,True,2,機械設備通常為固定資產，屬於 Category 2
機械及設備,09,剪床,True,2,機械設備通常為固定資產，屬於 Category 2
機械及設備,,剪切機,True,2,機械設備通常為固定資產，屬於 Category 2
機械及設備,,踏剪機,True,2,機械設備通常為固定資產，屬於 Category 2
機械及設備,,剪邊機,True,2,機械設備通常為固定資產，屬於 Category 2
機械及設備,,剪衝床,True,2,機械設備通常為固定資產，屬於 Category 2
機械及設備,,滾切機,True,2,機械設備通常為固定資產，屬於 Category 2
機械及設備,,剪口機,True,2,機械設備通常為固定資產，屬於 Category 2
機械及設備,,輕便剪機,True,2,機械設備通常為固定資產，屬於 Category 2
機械及設備,,電動桌上切斷機,True,2,機械設備通常為固定資產，屬於 Category 2
機械及設備,,雷射裁剪機,True,2,機械設備通常為固定資產，屬於 Category 2
機械及設備,,雷射裁剪機用混合氣鋼瓶,True,2,機械設備通常為固定資產，屬於 Category 2
機械及設備,,帶刀裁剪機,True,2,機械設備通常為固定資產，屬於 Category 2
機械及設備,,圓辦剪斷機,True,2,機械設備通常為固定資產，屬於 Category 2
機械及設備,,剪床,True,2,機械設備通常為固定資產，屬於 Category 2
機械及設備,,切齒機,True,2,機械設備通常為固定資產，屬於 Category 2
機械及設備,,澆口切斷機,True,2,機械設備通常為固定資產，屬於 Category 2
機械及設備,10,壓床,True,2,機械設備通常為固定資產，屬於 Category 2
機械及設備,,水力蓄壓機,True,2,機械設備通常為固定資產，屬於 Category 2
機械及設備,,油壓成形機,True,2,機械設備通常為固定資產，屬於 Category 2
機械及設備,,可傾式衝壓機,True,2,機械設備通常為固定資產，屬於 Category 2
機械及設備,,壓模機,True,2,機械設備通常為固定資產，屬於 Category 2
機械及設備,,壓槽機,True,2,機械設備通常為固定資產，屬於 Category 2
機械及設備,,摺邊機,True,2,機械設備通常為固定資產，屬於 Category 2
機械及設備,,手壓床,True,2,機械設備通常為固定資產，屬於 Category 2
機械及設備,,木栓壓成機,True,2,機械設備通常為固定資產，屬於 Category 2
機械及設備,,螺旋壓床,True,2,機械設備通常為固定資產，屬於 Category 2
機械及設備,,油壓機,True,2,機械設備通常為固定資產，屬於 Category 2
機械及設備,,預塑機,True,2,機械設備通常為固定資產，屬於 Category 2
機械及設備,,油壓折床,True,2,機械設備通常為固定資產，屬於 Category 2
機械及設備,,下壓模,True,2,機械設備通常為固定資產，屬於 Category 2
機械及設備,,磨擦壓床,True,2,機械設備通常為固定資產，屬於 Category 2
機械及設備,,墊圈切割機,True,2,機械設備通常為固定資產，屬於 Category 2
機械及設備,,滾壓機,True,2,機械設備通常為固定資產，屬於 Category 2
機械及設備,,強力壓床,True,2,機械設備通常為固定資產，屬於 Category 2
機械及設備,11,衝床,True,2,機械設備通常為固定資產，屬於 Category 2
機械及設備,,摩擦式衝床,True,2,機械設備通常為固定資產，屬於 Category 2
機械及設備,,衝口機,True,2,機械設備通常為固定資產，屬於 Category 2
機械及設備,,螺旋衝床,True,2,機械設備通常為固定資產，屬於 Category 2
機械及設備,,曲臂式衝床,True,2,機械設備通常為固定資產，屬於 Category 2
機械及設備,,衝壓床,True,2,機械設備通常為固定資產，屬於 Category 2
機械及設備,,機力衝壓床,True,2,機械設備通常為固定資產，屬於 Category 2
機械及設備,,凹口衝壓床,True,2,機械設備通常為固定資產，屬於 Category 2
機械及設備,,雙面衝床,True,2,機械設備通常為固定資產，屬於 Category 2
機械及設備,,沖板金器,True,2,機械設備通常為固定資產，屬於 Category 2
機械及設備,,氣壓衝床,True,2,機械設備通常為固定資產，屬於 Category 2
機械及設備,,封磨衝床,True,2,機械設備通常為固定資產，屬於 Category 2
機械及設備,,衝孔機,True,2,機械設備通常為固定資產，屬於 Category 2
機械及設備,,電動彈簧衝床,True,2,機械設備通常為固定資產，屬於 Category 2
機械及設備,12,鋸機,True,2,機械設備通常為固定資產，屬於 Category 2
機械及設備,,帶鋸機,True,2,機械設備通常為固定資產，屬於 Category 2
機械及設備,,圓鋸機,True,2,機械設備通常為固定資產，屬於 Category 2
機械及設備,,磨鋸片機,True,2,機械設備通常為固定資產，屬於 Category 2
機械及設備,,整鋸機,True,2,機械設備通常為固定資產，屬於 Category 2
機械及設備,,磨鋸機,True,2,機械設備通常為固定資產，屬於 Category 2
機械及設備,,押鋸機,True,2,機械設備通常為固定資產，屬於 Category 2
機械及設備,,接鋸機,True,2,機械設備通常為固定資產，屬於 Category 2
機械及設備,,電動鋼鋸機,True,2,機械設備通常為固定資產，屬於 Category 2
機械及設備,,帶鋸熱接機,True,2,機械設備通常為固定資產，屬於 Category 2
機械及設備,,自動鋸料機,True,2,機械設備通常為固定資產，屬於 Category 2
機械及設備,,線鋸機,True,2,機械設備通常為固定資產，屬於 Category 2
機械及設備,,鋸床,True,2,機械設備通常為固定資產，屬於 Category 2
機械及設備,,數值控制線切割機,True,2,機械設備通常為固定資產，屬於 Category 2
機械及設備,,鋸鐵機,True,2,機械設備通常為固定資產，屬於 Category 2
機械及設備,,傾轉臺心軸鋸,True,2,機械設備通常為固定資產，屬於 Category 2
機械及設備,,旋臂機,True,2,機械設備通常為固定資產，屬於 Category 2
機械及設備,,鑿榫機,True,2,機械設備通常為固定資產，屬於 Category 2
機械及設備,,砂帶機,True,2,機械設備通常為固定資產，屬於 Category 2
機械及設備,13,修車工具機及設備,True,2,機械設備通常為固定資產，屬於 Category 2
機械及設備,,潤滑機,True,2,機械設備通常為固定資產，屬於 Category 2
機械及設備,,洗車機,True,2,機械設備通常為固定資產，屬於 Category 2
機械及設備,,拆胎機,True,2,機械設備通常為固定資產，屬於 Category 2
機械及設備,,曲軸校正器,True,2,機械設備通常為固定資產，屬於 Category 2
機械及設備,,連桿校正器,True,2,機械設備通常為固定資產，屬於 Category 2
機械及設備,,拉輪機（拉輪器）,True,2,機械設備通常為固定資產，屬於 Category 2
機械及設備,,離合器重裝器,True,2,機械設備通常為固定資產，屬於 Category 2
機械及設備,,鉚磨剎車帶機,True,2,機械設備通常為固定資產，屬於 Category 2
機械及設備,,汽車頂高機,True,2,機械設備通常為固定資產，屬於 Category 2
機械及設備,,萬能引擎試驗機,True,2,機械設備通常為固定資產，屬於 Category 2
機械及設備,,引擎調諧器,True,2,機械設備通常為固定資產，屬於 Category 2
機械及設備,,翻胎機,True,2,機械設備通常為固定資產，屬於 Category 2
機械及設備,,外胎花紋模,True,2,機械設備通常為固定資產，屬於 Category 2
機械及設備,,補胎模,True,2,機械設備通常為固定資產，屬於 Category 2
機械及設備,,擴胎機,True,2,機械設備通常為固定資產，屬於 Category 2
機械及設備,,捲彈簧機,True,2,機械設備通常為固定資產，屬於 Category 2
機械及設備,,彈簧束帶機,True,2,機械設備通常為固定資產，屬於 Category 2
機械及設備,,彈簧退套機,True,2,機械設備通常為固定資產，屬於 Category 2
機械及設備,,彎彈簧機,True,2,機械設備通常為固定資產，屬於 Category 2
機械及設備,,清管機,True,2,機械設備通常為固定資產，屬於 Category 2
機械及設備,,拉管機,True,2,機械設備通常為固定資產，屬於 Category 2
機械及設備,,齒箍壓入器,True,2,機械設備通常為固定資產，屬於 Category 2
機械及設備,,擴張器,True,2,機械設備通常為固定資產，屬於 Category 2
機械及設備,,壓彈簧器,True,2,機械設備通常為固定資產，屬於 Category 2
機械及設備,,拆卸器,True,2,機械設備通常為固定資產，屬於 Category 2
機械及設備,,引擎配裝台,True,2,機械設備通常為固定資產，屬於 Category 2
機械及設備,,活塞環壓縮器,True,2,機械設備通常為固定資產，屬於 Category 2
機械及設備,,可移動式萬能式閥台,True,2,機械設備通常為固定資產，屬於 Category 2
機械及設備,,車輪定位修正器,True,2,機械設備通常為固定資產，屬於 Category 2
機械及設備,,離合器修正器,True,2,機械設備通常為固定資產，屬於 Category 2
機械及設備,,車輪平衡器,True,2,機械設備通常為固定資產，屬於 Category 2
機械及設備,,氣門調整器,True,2,機械設備通常為固定資產，屬於 Category 2
機械及設備,,電瓶試驗器,True,2,機械設備通常為固定資產，屬於 Category 2
機械及設備,,連桿磨床,True,2,機械設備通常為固定資產，屬於 Category 2
機械及設備,,曲軸光磨機,True,2,機械設備通常為固定資產，屬於 Category 2
機械及設備,,磨柴油噴油嘴機,True,2,機械設備通常為固定資產，屬於 Category 2
機械及設備,,水箱修配及檢查設備,True,2,機械設備通常為固定資產，屬於 Category 2
機械及設備,,凸輪軸承拆裝器,True,2,機械設備通常為固定資產，屬於 Category 2
機械及設備,,點火對時燈,True,2,機械設備通常為固定資產，屬於 Category 2
機械及設備,,偏心軸檢驗器,True,2,機械設備通常為固定資產，屬於 Category 2
機械及設備,,汽門間隙量器,True,2,機械設備通常為固定資產，屬於 Category 2
機械及設備,,發電機檢驗器,True,2,機械設備通常為固定資產，屬於 Category 2
機械及設備,,前燈試驗器,True,2,機械設備通常為固定資產，屬於 Category 2
機械及設備,,整流子車銑機,True,2,機械設備通常為固定資產，屬於 Category 2
機械及設備,,電容器試驗器,True,2,機械設備通常為固定資產，屬於 Category 2
機械及設備,,底盤試驗器,True,2,機械設備通常為固定資產，屬於 Category 2
機械及設備,,檢修架,True,2,機械設備通常為固定資產，屬於 Category 2
機械及設備,,盆形輪試驗器,True,2,機械設備通常為固定資產，屬於 Category 2
機械及設備,,差速箱試驗器,True,2,機械設備通常為固定資產，屬於 Category 2
機械及設備,,剎車鼓瓦量規,True,2,機械設備通常為固定資產，屬於 Category 2
機械及設備,,剎車放氣器,True,2,機械設備通常為固定資產，屬於 Category 2
機械及設備,,剎車真空試驗器,True,2,機械設備通常為固定資產，屬於 Category 2
機械及設備,,剎車鼓車床,True,2,機械設備通常為固定資產，屬於 Category 2
機械及設備,,磨胎機,True,2,機械設備通常為固定資產，屬於 Category 2
機械及設備,,熱電補內胎機,True,2,機械設備通常為固定資產，屬於 Category 2
機械及設備,,活塞壓花機,True,2,機械設備通常為固定資產，屬於 Category 2
機械及設備,,車身修正器,True,2,機械設備通常為固定資產，屬於 Category 2
機械及設備,,噴射泵試驗機,True,2,機械設備通常為固定資產，屬於 Category 2
機械及設備,,自動機件洗滌機,True,2,機械設備通常為固定資產，屬於 Category 2
機械及設備,,超音波車軸探傷機,True,2,機械設備通常為固定資產，屬於 Category 2
機械及設備,,引擎真空吸力表,True,2,機械設備通常為固定資產，屬於 Category 2
機械及設備,,氣壓黃油桶,True,2,機械設備通常為固定資產，屬於 Category 2
機械及設備,,頂車拖架,True,2,機械設備通常為固定資產，屬於 Category 2
機械及設備,,活塞泵試驗儀,True,2,機械設備通常為固定資產，屬於 Category 2
機械及設備,,平壓齒輪油機,True,2,機械設備通常為固定資產，屬於 Category 2
機械及設備,,空壓機及配管工程,True,2,機械設備通常為固定資產，屬於 Category 2
機械及設備,,搪缸機,True,2,機械設備通常為固定資產，屬於 Category 2
機械及設備,,剎車來林換修機,True,2,機械設備通常為固定資產，屬於 Category 2
機械及設備,,引擎及齒輪箱內部清洗機,True,2,機械設備通常為固定資產，屬於 Category 2
機械及設備,,皮帶張力計,True,2,機械設備通常為固定資產，屬於 Category 2
機械及設備,,噴油泵試驗台特殊工具,True,2,機械設備通常為固定資產，屬於 Category 2
機械及設備,,凸脊刮刀,True,2,機械設備通常為固定資產，屬於 Category 2
機械及設備,,排煙測量器,True,2,機械設備通常為固定資產，屬於 Category 2
機械及設備,,聯用板手器,True,2,機械設備通常為固定資產，屬於 Category 2
機械及設備,,點火系統模擬器,True,2,機械設備通常為固定資產，屬於 Category 2
機械及設備,,充電電路模擬器,True,2,機械設備通常為固定資產，屬於 Category 2
機械及設備,,油針舉昇量卡,True,2,機械設備通常為固定資產，屬於 Category 2
機械及設備,,噴油嘴分析器,True,2,機械設備通常為固定資產，屬於 Category 2
機械及設備,,噴油嘴觀測器,True,2,機械設備通常為固定資產，屬於 Category 2
機械及設備,,喇叭頭形成器,True,2,機械設備通常為固定資產，屬於 Category 2
機械及設備,,冷氣車修護機,True,2,機械設備通常為固定資產，屬於 Category 2
機械及設備,,充電機,True,2,機械設備通常為固定資產，屬於 Category 2
機械及設備,,噴油嘴試驗器,True,2,機械設備通常為固定資產，屬於 Category 2
機械及設備,,高壓黃油機,True,2,機械設備通常為固定資產，屬於 Category 2
機械及設備,,考邦油機,True,2,機械設備通常為固定資產，屬於 Category 2
機械及設備,,引擎油壓頂器,True,2,機械設備通常為固定資產，屬於 Category 2
機械及設備,,板手,True,2,機械設備通常為固定資產，屬於 Category 2
機械及設備,,手壓式齒輪加油桶,True,2,機械設備通常為固定資產，屬於 Category 2
機械及設備,,分解保油管,True,2,機械設備通常為固定資產，屬於 Category 2
機械及設備,,零件清洗機,True,2,機械設備通常為固定資產，屬於 Category 2
機械及設備,,電動打氣機,True,2,機械設備通常為固定資產，屬於 Category 2
機械及設備,,數字形高阻氣,True,2,機械設備通常為固定資產，屬於 Category 2
機械及設備,,自動吸錫器,True,2,機械設備通常為固定資產，屬於 Category 2
機械及設備,,千分錶,True,2,機械設備通常為固定資產，屬於 Category 2
機械及設備,,Ｖ型枕,True,2,機械設備通常為固定資產，屬於 Category 2
機械及設備,,電樞試驗器,True,2,機械設備通常為固定資產，屬於 Category 2
機械及設備,,扭力磅,True,2,機械設備通常為固定資產，屬於 Category 2
機械及設備,,自動油座穩定器,True,2,機械設備通常為固定資產，屬於 Category 2
機械及設備,,起動馬達發電機及調整器試驗器,True,2,機械設備通常為固定資產，屬於 Category 2
機械及設備,,引擎綜合分析器,True,2,機械設備通常為固定資產，屬於 Category 2
機械及設備,,軸承加注器,True,2,機械設備通常為固定資產，屬於 Category 2
機械及設備,,噴油阻試驗器,True,2,機械設備通常為固定資產，屬於 Category 2
機械及設備,,拔卸器,True,2,機械設備通常為固定資產，屬於 Category 2
機械及設備,,鑽頭鏟刀,True,2,機械設備通常為固定資產，屬於 Category 2
機械及設備,,抽空幫浦,True,2,機械設備通常為固定資產，屬於 Category 2
機械及設備,,脹管器,True,2,機械設備通常為固定資產，屬於 Category 2
機械及設備,,氮氣瓶,True,2,機械設備通常為固定資產，屬於 Category 2
機械及設備,,定盤,True,2,機械設備通常為固定資產，屬於 Category 2
機械及設備,,偏測滑試驗器,True,2,機械設備通常為固定資產，屬於 Category 2
機械及設備,,輪胎平衡機,True,2,機械設備通常為固定資產，屬於 Category 2
機械及設備,,注油器,True,2,機械設備通常為固定資產，屬於 Category 2
機械及設備,,冷煤瓶,True,2,機械設備通常為固定資產，屬於 Category 2
機械及設備,,高壓機噴嘴,True,2,機械設備通常為固定資產，屬於 Category 2
機械及設備,,引擎示波器,True,2,機械設備通常為固定資產，屬於 Category 2
機械及設備,,橫拉桿球頭拔開器,True,2,機械設備通常為固定資產，屬於 Category 2
機械及設備,,白金閉角轉速分析器,True,2,機械設備通常為固定資產，屬於 Category 2
機械及設備,,胎壓打計兩用表,True,2,機械設備通常為固定資產，屬於 Category 2
機械及設備,,引擎燃燒分析器,True,2,機械設備通常為固定資產，屬於 Category 2
機械及設備,,齒輪油加注器,True,2,機械設備通常為固定資產，屬於 Category 2
機械及設備,,水盉壓力蓋試驗器,True,2,機械設備通常為固定資產，屬於 Category 2
機械及設備,,點火系分析器驗器,True,2,機械設備通常為固定資產，屬於 Category 2
機械及設備,,電動抽油機,True,2,機械設備通常為固定資產，屬於 Category 2
機械及設備,,廢氣分析器,True,2,機械設備通常為固定資產，屬於 Category 2
機械及設備,,前東規,True,2,機械設備通常為固定資產，屬於 Category 2
機械及設備,,橫滑試驗機,True,2,機械設備通常為固定資產，屬於 Category 2
機械及設備,,舉車機,True,2,機械設備通常為固定資產，屬於 Category 2
機械及設備,,冷氣充冷煤機,True,2,機械設備通常為固定資產，屬於 Category 2
機械及設備,,磨汽門機,True,2,機械設備通常為固定資產，屬於 Category 2
機械及設備,,引擎架,True,2,機械設備通常為固定資產，屬於 Category 2
機械及設備,,柴油噴油嘴清油機,True,2,機械設備通常為固定資產，屬於 Category 2
機械及設備,,儲氣備用打氣筒,True,2,機械設備通常為固定資產，屬於 Category 2
機械及設備,,引擎汽缸效率平衡器,True,2,機械設備通常為固定資產，屬於 Category 2
機械及設備,,珠摺機,True,2,機械設備通常為固定資產，屬於 Category 2
機械及設備,14,其他工具機及設備,True,2,機械設備通常為固定資產，屬於 Category 2
機械及設備,,鉸孔機,True,2,機械設備通常為固定資產，屬於 Category 2
機械及設備,,拉床,True,2,機械設備通常為固定資產，屬於 Category 2
機械及設備,,雕模機（刻模機）,True,2,機械設備通常為固定資產，屬於 Category 2
機械及設備,,摺疊機,True,2,機械設備通常為固定資產，屬於 Category 2
機械及設備,,滾邊機,True,2,機械設備通常為固定資產，屬於 Category 2
機械及設備,,緊縫機,True,2,機械設備通常為固定資產，屬於 Category 2
機械及設備,,接縫機,True,2,機械設備通常為固定資產，屬於 Category 2
機械及設備,,鎖縫機,True,2,機械設備通常為固定資產，屬於 Category 2
機械及設備,,硬模鑄機,True,2,機械設備通常為固定資產，屬於 Category 2
機械及設備,,釘片機,True,2,機械設備通常為固定資產，屬於 Category 2
機械及設備,,鉚接機,True,2,機械設備通常為固定資產，屬於 Category 2
機械及設備,,單（雙）頭屈邊機,True,2,機械設備通常為固定資產，屬於 Category 2
機械及設備,,單（雙）頭波紋機,True,2,機械設備通常為固定資產，屬於 Category 2
機械及設備,,提環成型機,True,2,機械設備通常為固定資產，屬於 Category 2
機械及設備,,自動提環製造機,True,2,機械設備通常為固定資產，屬於 Category 2
機械及設備,,滾板機,True,2,機械設備通常為固定資產，屬於 Category 2
機械及設備,,輥子成型機,True,2,機械設備通常為固定資產，屬於 Category 2
機械及設備,,滾動矯直機,True,2,機械設備通常為固定資產，屬於 Category 2
機械及設備,,直板機,True,2,機械設備通常為固定資產，屬於 Category 2
機械及設備,,壓延機,True,2,機械設備通常為固定資產，屬於 Category 2
機械及設備,,製釘機,True,2,機械設備通常為固定資產，屬於 Category 2
機械及設備,,鉚釘機,True,2,機械設備通常為固定資產，屬於 Category 2
機械及設備,,裝筒機,True,2,機械設備通常為固定資產，屬於 Category 2
機械及設備,,瓦楞紙製造機,True,2,機械設備通常為固定資產，屬於 Category 2
機械及設備,,製盒機,True,2,機械設備通常為固定資產，屬於 Category 2
機械及設備,,切角機,True,2,機械設備通常為固定資產，屬於 Category 2
機械及設備,,壓筋機,True,2,機械設備通常為固定資產，屬於 Category 2
機械及設備,,塗膠機,True,2,機械設備通常為固定資產，屬於 Category 2
機械及設備,,切溝機,True,2,機械設備通常為固定資產，屬於 Category 2
機械及設備,,電子製造機,True,2,機械設備通常為固定資產，屬於 Category 2
機械及設備,,切管機,True,2,機械設備通常為固定資產，屬於 Category 2
機械及設備,,銅軌校正機,True,2,機械設備通常為固定資產，屬於 Category 2
機械及設備,,機械鋸,True,2,機械設備通常為固定資產，屬於 Category 2
機械及設備,,鐵板彎曲機,True,2,機械設備通常為固定資產，屬於 Category 2
機械及設備,,傳動機,True,2,機械設備通常為固定資產，屬於 Category 2
機械及設備,,液壓彎管機,True,2,機械設備通常為固定資產，屬於 Category 2
機械及設備,,鋼帶綑札機,True,2,機械設備通常為固定資產，屬於 Category 2
機械及設備,,製繩壓草器,True,2,機械設備通常為固定資產，屬於 Category 2
機械及設備,,噴燈,True,2,機械設備通常為固定資產，屬於 Category 2
機械及設備,,打鋸齒機,True,2,機械設備通常為固定資產，屬於 Category 2
機械及設備,,夾線器,True,2,機械設備通常為固定資產，屬於 Category 2
機械及設備,,整軌器,True,2,機械設備通常為固定資產，屬於 Category 2
機械及設備,,電線捲車,True,2,機械設備通常為固定資產，屬於 Category 2
機械及設備,,製模輪,True,2,機械設備通常為固定資產，屬於 Category 2
機械及設備,,金屬工機,True,2,機械設備通常為固定資產，屬於 Category 2
機械及設備,,送料機,True,2,機械設備通常為固定資產，屬於 Category 2
機械及設備,,絞纜車,True,2,機械設備通常為固定資產，屬於 Category 2
機械及設備,,電動螺旋蓋緊器,True,2,機械設備通常為固定資產，屬於 Category 2
機械及設備,,液壓扭力板手機,True,2,機械設備通常為固定資產，屬於 Category 2
機械及設備,,稻谷木炭製造機,True,2,機械設備通常為固定資產，屬於 Category 2
機械及設備,,鍵槽機,True,2,機械設備通常為固定資產，屬於 Category 2
機械及設備,,立式切齒機,True,2,機械設備通常為固定資產，屬於 Category 2
機械及設備,,重型萬能輥齒機,True,2,機械設備通常為固定資產，屬於 Category 2
機械及設備,,補土機,True,2,機械設備通常為固定資產，屬於 Category 2
機械及設備,,裝填器,True,2,機械設備通常為固定資產，屬於 Category 2
機械及設備,,放電加工機,True,2,機械設備通常為固定資產，屬於 Category 2
機械及設備,,打洞彎版機,True,2,機械設備通常為固定資產，屬於 Category 2
機械及設備,,油壓油過濾車,True,2,機械設備通常為固定資產，屬於 Category 2
機械及設備,,工業用吸塵機,True,2,機械設備通常為固定資產，屬於 Category 2
機械及設備,,鐵屑自動磁性分離器,True,2,機械設備通常為固定資產，屬於 Category 2
機械及設備,,高壓用油壓設備,True,2,機械設備通常為固定資產，屬於 Category 2
機械及設備,,萬能無傷夾具,True,2,機械設備通常為固定資產，屬於 Category 2
機械及設備,,電鑽木機,True,2,機械設備通常為固定資產，屬於 Category 2
機械及設備,,工作走台,True,2,機械設備通常為固定資產，屬於 Category 2
機械及設備,,壓著工具,True,2,機械設備通常為固定資產，屬於 Category 2
機械及設備,,打釘器,True,2,機械設備通常為固定資產，屬於 Category 2
機械及設備,,刮孔機,True,2,機械設備通常為固定資產，屬於 Category 2
機械及設備,,絞牙機,True,2,機械設備通常為固定資產，屬於 Category 2
機械及設備,,搪孔工具,True,2,機械設備通常為固定資產，屬於 Category 2
機械及設備,,擊釘槍,True,2,機械設備通常為固定資產，屬於 Category 2
機械及設備,,試片切割機,True,2,機械設備通常為固定資產，屬於 Category 2
機械及設備,,試樣壓鑄機,True,2,機械設備通常為固定資產，屬於 Category 2
機械及設備,,電動傳動機,True,2,機械設備通常為固定資產，屬於 Category 2
機械及設備,,電動車牙機,True,2,機械設備通常為固定資產，屬於 Category 2
機械及設備,,電眼自動瓦斯切割機,True,2,機械設備通常為固定資產，屬於 Category 2
機械及設備,,萬能金屬加工機,True,2,機械設備通常為固定資產，屬於 Category 2
機械及設備,,自動滾圓機,True,2,機械設備通常為固定資產，屬於 Category 2
機械及設備,,匹玆堡扣縫機,True,2,機械設備通常為固定資產，屬於 Category 2
機械及設備,,萬能板金機,True,2,機械設備通常為固定資產，屬於 Category 2
機械及設備,,盤盒折摺機,True,2,機械設備通常為固定資產，屬於 Category 2
機械及設備,,震動式應力消除機,True,2,機械設備通常為固定資產，屬於 Category 2
機械及設備,,硬質磁磚切割器,True,2,機械設備通常為固定資產，屬於 Category 2
機械及設備,,鉚釘加熱爐,True,2,機械設備通常為固定資產，屬於 Category 2
機械及設備,,管流配管訓練組,True,2,機械設備通常為固定資產，屬於 Category 2
機械及設備,,灌臘機,True,2,機械設備通常為固定資產，屬於 Category 2
機械及設備,,投幣機具,True,2,機械設備通常為固定資產，屬於 Category 2
機械及設備,,葛式傘齒創機,True,2,機械設備通常為固定資產，屬於 Category 2
機械及設備,,渦旋傘齒輪機,True,2,機械設備通常為固定資產，屬於 Category 2
機械及設備,,刮齒機,True,2,機械設備通常為固定資產，屬於 Category 2
機械及設備,,倒角機,True,2,機械設備通常為固定資產，屬於 Category 2
機械及設備,,刀具立體顯微鏡及記錄設備,True,2,機械設備通常為固定資產，屬於 Category 2
機械及設備,,直傘齒輪切削機,True,2,機械設備通常為固定資產，屬於 Category 2
機械及設備,,刨齒機,True,2,機械設備通常為固定資產，屬於 Category 2
機械及設備,,刀盤檢驗機,True,2,機械設備通常為固定資產，屬於 Category 2
機械及設備,,中心機,True,2,機械設備通常為固定資產，屬於 Category 2
機械及設備,,乾冰製造機,True,2,機械設備通常為固定資產，屬於 Category 2
機械及設備,,交換器,True,2,機械設備通常為固定資產，屬於 Category 2
機械及設備,,位置固定器,True,2,機械設備通常為固定資產，屬於 Category 2
機械及設備,,噴霧機,True,2,機械設備通常為固定資產，屬於 Category 2
機械及設備,,工具機,True,2,機械設備通常為固定資產，屬於 Category 2
機械及設備,,拔管機,True,2,機械設備通常為固定資產，屬於 Category 2
機械及設備,,摺袋機,True,2,機械設備通常為固定資產，屬於 Category 2
機械及設備,,濾油機,True,2,機械設備通常為固定資產，屬於 Category 2
機械及設備,,電動衝擊器,True,2,機械設備通常為固定資產，屬於 Category 2
機械及設備,,伺服馬達測試台,True,2,機械設備通常為固定資產，屬於 Category 2
機械及設備,,液壓伺服油壓缸試驗台,True,2,機械設備通常為固定資產，屬於 Category 2
機械及設備,,滾螺牙,True,2,機械設備通常為固定資產，屬於 Category 2
機械及設備,,拔取器,True,2,機械設備通常為固定資產，屬於 Category 2
機械及設備,,交替式牽引機,True,2,機械設備通常為固定資產，屬於 Category 2
機械及設備,,四軸榫頭機,True,2,機械設備通常為固定資產，屬於 Category 2
機械及設備,,不銹鋼網瀘清器製作機器,True,2,機械設備通常為固定資產，屬於 Category 2
機械及設備,,手動鉆頭工具,True,2,機械設備通常為固定資產，屬於 Category 2
機械及設備,,砂輪整修器,True,2,機械設備通常為固定資產，屬於 Category 2
機械及設備,,磨具,True,2,機械設備通常為固定資產，屬於 Category 2
機械及設備,,油壓造樣軸,True,2,機械設備通常為固定資產，屬於 Category 2
機械及設備,,晶粒擴張機,True,2,機械設備通常為固定資產，屬於 Category 2
機械及設備,,晶片分裂機,True,2,機械設備通常為固定資產，屬於 Category 2
機械及設備,,繞線機,True,2,機械設備通常為固定資產，屬於 Category 2
機械及設備,,打線機,True,2,機械設備通常為固定資產，屬於 Category 2
機械及設備,,模具,True,2,機械設備通常為固定資產，屬於 Category 2
機械及設備,,雕刻機,True,2,機械設備通常為固定資產，屬於 Category 2
機械及設備,,精密鉆及鋸,True,2,機械設備通常為固定資產，屬於 Category 2
機械及設備,,超音波切割機,True,2,機械設備通常為固定資產，屬於 Category 2
機械及設備,,刀具,True,2,機械設備通常為固定資產，屬於 Category 2
機械及設備,,電動去頭機,True,2,機械設備通常為固定資產，屬於 Category 2
機械及設備,,皮帶測長台,True,2,機械設備通常為固定資產，屬於 Category 2
機械及設備,,拉布機,True,2,機械設備通常為固定資產，屬於 Category 2
機械及設備,,鏈條接管工具,True,2,機械設備通常為固定資產，屬於 Category 2
機械及設備,,擠壓機,True,2,機械設備通常為固定資產，屬於 Category 2
機械及設備,,組立機,True,2,機械設備通常為固定資產，屬於 Category 2
機械及設備,,平衡試驗機,True,2,機械設備通常為固定資產，屬於 Category 2
機械及設備,,彎角機,True,2,機械設備通常為固定資產，屬於 Category 2
機械及設備,,刀具鎖固座,True,2,機械設備通常為固定資產，屬於 Category 2
機械及設備,,油壓推管器,True,2,機械設備通常為固定資產，屬於 Category 2
機械及設備,,三方萬力,True,2,機械設備通常為固定資產，屬於 Category 2
機械及設備,,放電加工機夾頭,True,2,機械設備通常為固定資產，屬於 Category 2
機械及設備,,立式深合加工機,True,2,機械設備通常為固定資產，屬於 Category 2
機械及設備,,擴管器,True,2,機械設備通常為固定資產，屬於 Category 2
機械及設備,,空氣壓縮機,True,2,機械設備通常為固定資產，屬於 Category 2
機械及設備,,管開孔機,True,2,機械設備通常為固定資產，屬於 Category 2
機械及設備,,雙重捲邊機,True,2,機械設備通常為固定資產，屬於 Category 2
機械及設備,,水力穿孔器,True,2,機械設備通常為固定資產，屬於 Category 2
機械及設備,,斜面鎖緊管子閉封器,True,2,機械設備通常為固定資產，屬於 Category 2
機械及設備,,蒸餾水器,True,2,機械設備通常為固定資產，屬於 Category 2
機械及設備,,滾齒機,True,2,機械設備通常為固定資產，屬於 Category 2
機械及設備,,油壓接鉗,True,2,機械設備通常為固定資產，屬於 Category 2
機械及設備,,淨油機,True,2,機械設備通常為固定資產，屬於 Category 2
機械及設備,,捲線機,True,2,機械設備通常為固定資產，屬於 Category 2
機械及設備,,切線機,True,2,機械設備通常為固定資產，屬於 Category 2
機械及設備,,壓力機,True,2,機械設備通常為固定資產，屬於 Category 2
機械及設備,,乾燥機,True,2,機械設備通常為固定資產，屬於 Category 2
機械及設備,,彎管機,True,2,機械設備通常為固定資產，屬於 Category 2
機械及設備,,永久性凹輪吊盤,True,2,機械設備通常為固定資產，屬於 Category 2
機械及設備,,銑床用主軸增速器,True,2,機械設備通常為固定資產，屬於 Category 2
機械及設備,,水泥振動機,True,2,機械設備通常為固定資產，屬於 Category 2
機械及設備,,直管機,True,2,機械設備通常為固定資產，屬於 Category 2
機械及設備,,離心分離機,True,2,機械設備通常為固定資產，屬於 Category 2
機械及設備,,內切管線,True,2,機械設備通常為固定資產，屬於 Category 2
機械及設備,,電動絞牙切管機,True,2,機械設備通常為固定資產，屬於 Category 2
機械及設備,,切板機,True,2,機械設備通常為固定資產，屬於 Category 2
機械及設備,,直傘齒輪銑齒機,True,2,機械設備通常為固定資產，屬於 Category 2
機械及設備,,傘齒輪試驗機,True,2,機械設備通常為固定資產，屬於 Category 2
機械及設備,,傘齒胚檢驗機,True,2,機械設備通常為固定資產，屬於 Category 2
機械及設備,,三次元劃線機,True,2,機械設備通常為固定資產，屬於 Category 2
機械及設備,,齒輪壓光機,True,2,機械設備通常為固定資產，屬於 Category 2
機械及設備,,雷射加工機,True,2,機械設備通常為固定資產，屬於 Category 2
機械及設備,,電動滾圓機,True,2,機械設備通常為固定資產，屬於 Category 2
機械及設備,,皮帶折曲試驗機,True,2,機械設備通常為固定資產，屬於 Category 2
機械及設備,,複合機,True,2,機械設備通常為固定資產，屬於 Category 2
機械及設備,,試埋入成型機,True,2,機械設備通常為固定資產，屬於 Category 2
機械及設備,,盤盒折曲機,True,2,機械設備通常為固定資產，屬於 Category 2
機械及設備,,包裝機,True,2,機械設備通常為固定資產，屬於 Category 2
機械及設備,,引擎修配工具,True,2,機械設備通常為固定資產，屬於 Category 2
機械及設備,,速桿套絞刀,True,2,機械設備通常為固定資產，屬於 Category 2
機械及設備,,風管修理設備,True,2,機械設備通常為固定資產，屬於 Category 2
機械及設備,,四軸準頭機,True,2,機械設備通常為固定資產，屬於 Category 2
機械及設備,,斜滾筒輥軋機,True,2,機械設備通常為固定資產，屬於 Category 2
機械及設備,,軸承裝卸設備,True,2,機械設備通常為固定資產，屬於 Category 2
機械及設備,,運軌器,True,2,機械設備通常為固定資產，屬於 Category 2
機械及設備,,吊軌器,True,2,機械設備通常為固定資產，屬於 Category 2
機械及設備,,洋灰枕抽換機,True,2,機械設備通常為固定資產，屬於 Category 2
機械及設備,,洋灰枕搬運機,True,2,機械設備通常為固定資產，屬於 Category 2
機械及設備,,鉸具,True,2,機械設備通常為固定資產，屬於 Category 2
機械及設備,,輪篩加熱爐,True,2,機械設備通常為固定資產，屬於 Category 2
機械及設備,,燒彈簧爐,True,2,機械設備通常為固定資產，屬於 Category 2
機械及設備,,焠火爐,True,2,機械設備通常為固定資產，屬於 Category 2
機械及設備,,刻度數機,True,2,機械設備通常為固定資產，屬於 Category 2
機械及設備,,曲拐銷求心機,True,2,機械設備通常為固定資產，屬於 Category 2
機械及設備,,電動螺旋把,True,2,機械設備通常為固定資產，屬於 Category 2
機械及設備,,濾清器加油及乾燥機,True,2,機械設備通常為固定資產，屬於 Category 2
機械及設備,,機油劑交流沖洗設備,True,2,機械設備通常為固定資產，屬於 Category 2
機械及設備,,磨汽門座機,True,2,機械設備通常為固定資產，屬於 Category 2
機械及設備,,重油燃燒器,True,2,機械設備通常為固定資產，屬於 Category 2
機械及設備,,壓縮機,True,2,機械設備通常為固定資產，屬於 Category 2
機械及設備,,炭氣鋼筒,True,2,機械設備通常為固定資產，屬於 Category 2
機械及設備,,加油機,True,2,機械設備通常為固定資產，屬於 Category 2
機械及設備,,塑膠熔接器,True,2,機械設備通常為固定資產，屬於 Category 2
機械及設備,,道釘壓尖機,True,2,機械設備通常為固定資產，屬於 Category 2
機械及設備,,鉋刀磨機,True,2,機械設備通常為固定資產，屬於 Category 2
機械及設備,,鐵管螺扣鏇機,True,2,機械設備通常為固定資產，屬於 Category 2
機械及設備,,輪篩止圈固定機,True,2,機械設備通常為固定資產，屬於 Category 2
機械及設備,,彎鈑機,True,2,機械設備通常為固定資產，屬於 Category 2
機械及設備,,汽油打夯機,True,2,機械設備通常為固定資產，屬於 Category 2
機械及設備,,氧氣調節器,True,2,機械設備通常為固定資產，屬於 Category 2
機械及設備,,給水加熱機,True,2,機械設備通常為固定資產，屬於 Category 2
機械及設備,,快速濾水機,True,2,機械設備通常為固定資產，屬於 Category 2
機械及設備,,淨水機械（純水製造機）,True,2,機械設備通常為固定資產，屬於 Category 2
機械及設備,,冷凍機,True,2,機械設備通常為固定資產，屬於 Category 2
機械及設備,,萬能油壓機,True,2,機械設備通常為固定資產，屬於 Category 2
機械及設備,,蒸餾水製造機,True,2,機械設備通常為固定資產，屬於 Category 2
機械及設備,,油管接頭組合機,True,2,機械設備通常為固定資產，屬於 Category 2
機械及設備,,自動收票機,True,2,機械設備通常為固定資產，屬於 Category 2
機械及設備,,度油機,True,2,機械設備通常為固定資產，屬於 Category 2
機械及設備,,廢油機,True,2,機械設備通常為固定資產，屬於 Category 2
機械及設備,,電源供應器,True,2,機械設備通常為固定資產，屬於 Category 2
機械及設備,,自動式真空高速吸油機,True,2,機械設備通常為固定資產，屬於 Category 2
機械及設備,,接管式自動定量加油機,True,2,機械設備通常為固定資產，屬於 Category 2
機械及設備,,打氣機輪胎搬運器,True,2,機械設備通常為固定資產，屬於 Category 2
機械及設備,,氣動打臘機搬運器,True,2,機械設備通常為固定資產，屬於 Category 2
機械及設備,,車身油壓伸展機,True,2,機械設備通常為固定資產，屬於 Category 2
機械及設備,,ＣＯ２溶接機,True,2,機械設備通常為固定資產，屬於 Category 2
機械及設備,,電離子切割機,True,2,機械設備通常為固定資產，屬於 Category 2
機械及設備,,壓穿式切板機,True,2,機械設備通常為固定資產，屬於 Category 2
機械及設備,,恆溫可調焊槍,True,2,機械設備通常為固定資產，屬於 Category 2
機械及設備,,薄鐵板切斷機,True,2,機械設備通常為固定資產，屬於 Category 2
機械及設備,,汽車電路教學儀器,True,2,機械設備通常為固定資產，屬於 Category 2
機械及設備,,精密平台,True,2,機械設備通常為固定資產，屬於 Category 2
機械及設備,,鍛造萬力鉗,True,2,機械設備通常為固定資產，屬於 Category 2
機械及設備,,功能產生器,True,2,機械設備通常為固定資產，屬於 Category 2
機械及設備,,鑽鐵複合機,True,2,機械設備通常為固定資產，屬於 Category 2
機械及設備,,汽門座削刮機,True,2,機械設備通常為固定資產，屬於 Category 2
機械及設備,,氣動磨閥機,True,2,機械設備通常為固定資產，屬於 Category 2
機械及設備,,曲軸測定機,True,2,機械設備通常為固定資產，屬於 Category 2
機械及設備,,內測千分錶,True,2,機械設備通常為固定資產，屬於 Category 2
機械及設備,,管子萬力,True,2,機械設備通常為固定資產，屬於 Category 2
機械及設備,,手絞螺絲坎組,True,2,機械設備通常為固定資產，屬於 Category 2
機械及設備,,接線機,True,2,機械設備通常為固定資產，屬於 Category 2
機械及設備,,鋼筋彎曲機,True,2,機械設備通常為固定資產，屬於 Category 2
機械及設備,,開槽機,True,2,機械設備通常為固定資產，屬於 Category 2
機械及設備,,拉槽機,True,2,機械設備通常為固定資產，屬於 Category 2
機械及設備,,手壓填油機,True,2,機械設備通常為固定資產，屬於 Category 2
機械及設備,,製椎機,True,2,機械設備通常為固定資產，屬於 Category 2
機械及設備,,切紙機,True,2,機械設備通常為固定資產，屬於 Category 2
機械及設備,,金相試片腐蝕機,True,2,機械設備通常為固定資產，屬於 Category 2
機械及設備,,剪台,True,2,機械設備通常為固定資產，屬於 Category 2
機械及設備,,機械手臂,True,2,機械設備通常為固定資產，屬於 Category 2
機械及設備,,教學機械手等,True,2,機械設備通常為固定資產，屬於 Category 2
機械及設備,,切拔機,True,2,機械設備通常為固定資產，屬於 Category 2
機械及設備,,萬能剪,True,2,機械設備通常為固定資產，屬於 Category 2
機械及設備,,抽線機,True,2,機械設備通常為固定資產，屬於 Category 2
機械及設備,,電動簽證機,True,2,機械設備通常為固定資產，屬於 Category 2
機械及設備,,切割台,True,2,機械設備通常為固定資產，屬於 Category 2
機械及設備,,工作台,True,2,機械設備通常為固定資產，屬於 Category 2
機械及設備,,墊墩,True,2,機械設備通常為固定資產，屬於 Category 2
機械及設備,,定點模具,True,2,機械設備通常為固定資產，屬於 Category 2
機械及設備,,蜂巢板,True,2,機械設備通常為固定資產，屬於 Category 2
機械及設備,,框架,True,2,機械設備通常為固定資產，屬於 Category 2
機械及設備,,ＳＫＩＤ（台架）,True,2,機械設備通常為固定資產，屬於 Category 2
機械及設備,,工作架,True,2,機械設備通常為固定資產，屬於 Category 2
機械及設備,,登輪梯下小舷梯,True,2,機械設備通常為固定資產，屬於 Category 2
機械及設備,,卸貨鋪板,True,2,機械設備通常為固定資產，屬於 Category 2
機械及設備,,吊樑,True,2,機械設備通常為固定資產，屬於 Category 2
機械及設備,,驗（劃線）平板,True,2,機械設備通常為固定資產，屬於 Category 2
機械及設備,,壓模線平板,True,2,機械設備通常為固定資產，屬於 Category 2
機械及設備,,槽桶,True,2,機械設備通常為固定資產，屬於 Category 2
機械及設備,,試驗用水槽,True,2,機械設備通常為固定資產，屬於 Category 2
機械及設備,,貯砂桶,True,2,機械設備通常為固定資產，屬於 Category 2
機械及設備,,一般槽桶櫃,True,2,機械設備通常為固定資產，屬於 Category 2
機械及設備,,電動擴管控制器,True,2,機械設備通常為固定資產，屬於 Category 2
機械及設備,,電樞萬能加工機,True,2,機械設備通常為固定資產，屬於 Category 2
機械及設備,,充電機,True,2,機械設備通常為固定資產，屬於 Category 2
機械及設備,,鑰匙複製機,True,2,機械設備通常為固定資產，屬於 Category 2
機械及設備,,手提式雕模機,True,2,機械設備通常為固定資產，屬於 Category 2
機械及設備,,工具車,True,2,機械設備通常為固定資產，屬於 Category 2
機械及設備,,手套箱,True,2,機械設備通常為固定資產，屬於 Category 2
機械及設備,15,飛機維護設備,True,2,機械設備通常為固定資產，屬於 Category 2
機械及設備,,儲運架,True,2,機械設備通常為固定資產，屬於 Category 2
機械及設備,,儲運櫃,True,2,機械設備通常為固定資產，屬於 Category 2
機械及設備,,飛機拖桿,True,2,機械設備通常為固定資產，屬於 Category 2
機械及設備,,發動機,True,2,機械設備通常為固定資產，屬於 Category 2
機械及設備,,工作梯架,True,2,機械設備通常為固定資產，屬於 Category 2
機械及設備,,發動機架,True,2,機械設備通常為固定資產，屬於 Category 2
機械及設備,,發動機試車台,True,2,機械設備通常為固定資產，屬於 Category 2
機械及設備,,外電源車,True,2,機械設備通常為固定資產，屬於 Category 2
機械及設備,,氮氣瓶,True,2,機械設備通常為固定資產，屬於 Category 2
機械及設備,,液壓試驗車,True,2,機械設備通常為固定資產，屬於 Category 2
機械及設備,,超音波檢驗器,True,2,機械設備通常為固定資產，屬於 Category 2
機械及設備,,渦電流檢驗器,True,2,機械設備通常為固定資產，屬於 Category 2
機械及設備,,磁化檢驗器,True,2,機械設備通常為固定資產，屬於 Category 2
機械及設備,,螢光燈,True,2,機械設備通常為固定資產，屬於 Category 2
機械及設備,,Ｘ光檢查儀,True,2,機械設備通常為固定資產，屬於 Category 2
機械及設備,,扭力板手校驗器,True,2,機械設備通常為固定資產，屬於 Category 2
機械及設備,,鋼繩張力表,True,2,機械設備通常為固定資產，屬於 Category 2
機械及設備,,飛機電子稱重器,True,2,機械設備通常為固定資產，屬於 Category 2
機械及設備,,發電機試驗台,True,2,機械設備通常為固定資產，屬於 Category 2
機械及設備,,高度表測試器,True,2,機械設備通常為固定資產，屬於 Category 2
機械及設備,16,一般維護設備,True,2,機械設備通常為固定資產，屬於 Category 2
機械及設備,,超音波清洗機,True,2,機械設備通常為固定資產，屬於 Category 2
機械及設備,,暗管清洗機,True,2,機械設備通常為固定資產，屬於 Category 2
機械及設備,,高壓水清洗設備,True,2,機械設備通常為固定資產，屬於 Category 2
機械及設備,,橡皮管安裝工具,True,2,機械設備通常為固定資產，屬於 Category 2
機械及設備,,瓦斯切斷器,True,2,機械設備通常為固定資產，屬於 Category 2
機械及設備,,電氣灶,True,2,機械設備通常為固定資產，屬於 Category 2
機械及設備,,電氣煎湯器,True,2,機械設備通常為固定資產，屬於 Category 2
機械及設備,,電氣高溫加熱版,True,2,機械設備通常為固定資產，屬於 Category 2
機械及設備,,離心沈澱器,True,2,機械設備通常為固定資產，屬於 Category 2
機械及設備,,微粉機,True,2,機械設備通常為固定資產，屬於 Category 2
機械及設備,,線端壓著鉗,True,2,機械設備通常為固定資產，屬於 Category 2
機械及設備,,風動鑿銹器,True,2,機械設備通常為固定資產，屬於 Category 2
機械及設備,,發電機拆卸器,True,2,機械設備通常為固定資產，屬於 Category 2
機械及設備,,清洗機,True,2,機械設備通常為固定資產，屬於 Category 2
機械及設備,,電動管螺紋及切斷機,True,2,機械設備通常為固定資產，屬於 Category 2
機械及設備,,手提電動碎磨機,True,2,機械設備通常為固定資產，屬於 Category 2
機械及設備,,萬能鈑金加工機,True,2,機械設備通常為固定資產，屬於 Category 2
機械及設備,,噴洗機,True,2,機械設備通常為固定資產，屬於 Category 2
機械及設備,,油壓式彎軌器,True,2,機械設備通常為固定資產，屬於 Category 2
機械及設備,,打釘器,True,2,機械設備通常為固定資產，屬於 Category 2
機械及設備,,除銹機,True,2,機械設備通常為固定資產，屬於 Category 2
機械及設備,,噴洗槍,True,2,機械設備通常為固定資產，屬於 Category 2
機械及設備,,馬達清洗箱,True,2,機械設備通常為固定資產，屬於 Category 2
機械及設備,,電動清潔機,True,2,機械設備通常為固定資產，屬於 Category 2
機械及設備,,蒸氣清洗機,True,2,機械設備通常為固定資產，屬於 Category 2
機械及設備,,電氣除塵機,True,2,機械設備通常為固定資產，屬於 Category 2
機械及設備,02,表面加工機械及設備,True,2,機械設備通常為固定資產，屬於 Category 2
機械及設備,01,金屬鍍品機械及設備,True,2,機械設備通常為固定資產，屬於 Category 2
機械及設備,,酸洗機,True,2,機械設備通常為固定資產，屬於 Category 2
機械及設備,,酸洗槽,True,2,機械設備通常為固定資產，屬於 Category 2
機械及設備,,水洗槽,True,2,機械設備通常為固定資產，屬於 Category 2
機械及設備,,溶劑洗槽,True,2,機械設備通常為固定資產，屬於 Category 2
機械及設備,,乾燥爐,True,2,機械設備通常為固定資產，屬於 Category 2
機械及設備,,清淨器,True,2,機械設備通常為固定資產，屬於 Category 2
機械及設備,,鍍鍚機,True,2,機械設備通常為固定資產，屬於 Category 2
機械及設備,,鍍鋅機,True,2,機械設備通常為固定資產，屬於 Category 2
機械及設備,,鍍錫鉛合金機,True,2,機械設備通常為固定資產，屬於 Category 2
機械及設備,,熱浸鍍鋁機,True,2,機械設備通常為固定資產，屬於 Category 2
機械及設備,,機械研磨機,True,2,機械設備通常為固定資產，屬於 Category 2
機械及設備,,去脂機,True,2,機械設備通常為固定資產，屬於 Category 2
機械及設備,,自動電鍍槽,True,2,機械設備通常為固定資產，屬於 Category 2
機械及設備,,攪拌器,True,2,機械設備通常為固定資產，屬於 Category 2
機械及設備,,過濾機,True,2,機械設備通常為固定資產，屬於 Category 2
機械及設備,,金屬噴焊機,True,2,機械設備通常為固定資產，屬於 Category 2
機械及設備,,鍍鉻機,True,2,機械設備通常為固定資產，屬於 Category 2
機械及設備,,電鍍槽,True,2,機械設備通常為固定資產，屬於 Category 2
機械及設備,,鹼液循環槽,True,2,機械設備通常為固定資產，屬於 Category 2
機械及設備,,鹼液噴洗循環槽,True,2,機械設備通常為固定資產，屬於 Category 2
機械及設備,,電鍍液冷卻循環槽,True,2,機械設備通常為固定資產，屬於 Category 2
機械及設備,,電鍍液循環槽,True,2,機械設備通常為固定資產，屬於 Category 2
機械及設備,,電鍍液澄清槽,True,2,機械設備通常為固定資產，屬於 Category 2
機械及設備,,電鍍液沈澱槽,True,2,機械設備通常為固定資產，屬於 Category 2
機械及設備,,電鍍液收回槽,True,2,機械設備通常為固定資產，屬於 Category 2
機械及設備,,化學處理液循環槽,True,2,機械設備通常為固定資產，屬於 Category 2
機械及設備,,解捲機,True,2,機械設備通常為固定資產，屬於 Category 2
機械及設備,,土料車,True,2,機械設備通常為固定資產，屬於 Category 2
機械及設備,,邊緣控制器,True,2,機械設備通常為固定資產，屬於 Category 2
機械及設備,,壓緊帶動輥,True,2,機械設備通常為固定資產，屬於 Category 2
機械及設備,,雙剪式剪切機,True,2,機械設備通常為固定資產，屬於 Category 2
機械及設備,,自動沿縫電焊機,True,2,機械設備通常為固定資產，屬於 Category 2
機械及設備,,拉力控制輥,True,2,機械設備通常為固定資產，屬於 Category 2
機械及設備,,儲料塔,True,2,機械設備通常為固定資產，屬於 Category 2
機械及設備,,導向輥,True,2,機械設備通常為固定資產，屬於 Category 2
機械及設備,,電解清洗設備,True,2,機械設備通常為固定資產，屬於 Category 2
機械及設備,,電解酸洗設備,True,2,機械設備通常為固定資產，屬於 Category 2
機械及設備,,電鍍設備,True,2,機械設備通常為固定資產，屬於 Category 2
機械及設備,,電鍍液回收設備,True,2,機械設備通常為固定資產，屬於 Category 2
機械及設備,,熱風乾燥機,True,2,機械設備通常為固定資產，屬於 Category 2
機械及設備,,電鍍液濃縮設備,True,2,機械設備通常為固定資產，屬於 Category 2
機械及設備,,印花設備,True,2,機械設備通常為固定資產，屬於 Category 2
機械及設備,,熔融設備,True,2,機械設備通常為固定資產，屬於 Category 2
機械及設備,,化學處理設備,True,2,機械設備通常為固定資產，屬於 Category 2
機械及設備,,靜電塗油設備,True,2,機械設備通常為固定資產，屬於 Category 2
機械及設備,,主動拉力控制設備,True,2,機械設備通常為固定資產，屬於 Category 2
機械及設備,,儀器台,True,2,機械設備通常為固定資產，屬於 Category 2
機械及設備,,Ｘ射器厚度計,True,2,機械設備通常為固定資產，屬於 Category 2
機械及設備,,針孔檢查器,True,2,機械設備通常為固定資產，屬於 Category 2
機械及設備,,旋轉飛剪機,True,2,機械設備通常為固定資產，屬於 Category 2
機械及設備,,鐵皮分級設備,True,2,機械設備通常為固定資產，屬於 Category 2
機械及設備,,油霧潤滑器,True,2,機械設備通常為固定資產，屬於 Category 2
機械及設備,,煙氣排除系統,True,2,機械設備通常為固定資產，屬於 Category 2
機械及設備,,滾鍍機,True,2,機械設備通常為固定資產，屬於 Category 2
機械及設備,,熱浸脫脂槽,True,2,機械設備通常為固定資產，屬於 Category 2
機械及設備,,中和槽,True,2,機械設備通常為固定資產，屬於 Category 2
機械及設備,,膜厚測定儀,True,2,機械設備通常為固定資產，屬於 Category 2
機械及設備,,熱風烤箱,True,2,機械設備通常為固定資產，屬於 Category 2
機械及設備,,電風高溫爐,True,2,機械設備通常為固定資產，屬於 Category 2
機械及設備,,毒氣排氣櫃,True,2,機械設備通常為固定資產，屬於 Category 2
機械及設備,,滾桶研磨機,True,2,機械設備通常為固定資產，屬於 Category 2
機械及設備,,噴砂除銹機,True,2,機械設備通常為固定資產，屬於 Category 2
機械及設備,,電鍍試驗機,True,2,機械設備通常為固定資產，屬於 Category 2
機械及設備,,鍍鎳機,True,2,機械設備通常為固定資產，屬於 Category 2
機械及設備,,蒸汽洗滌機,True,2,機械設備通常為固定資產，屬於 Category 2
機械及設備,,金屬表面防蝕加工設備,True,2,機械設備通常為固定資產，屬於 Category 2
機械及設備,,撐伴混合器,True,2,機械設備通常為固定資產，屬於 Category 2
機械及設備,,除鉻槽,True,2,機械設備通常為固定資產，屬於 Category 2
機械及設備,,除鎘槽,True,2,機械設備通常為固定資產，屬於 Category 2
機械及設備,,蘇打槽,True,2,機械設備通常為固定資產，屬於 Category 2
機械及設備,,陽極處理膜厚測,True,2,機械設備通常為固定資產，屬於 Category 2
機械及設備,,冷作巢台,True,2,機械設備通常為固定資產，屬於 Category 2
機械及設備,02,噴漆機械及設備,True,2,機械設備通常為固定資產，屬於 Category 2
機械及設備,,噴漆槍,True,2,機械設備通常為固定資產，屬於 Category 2
機械及設備,,安全屏,True,2,機械設備通常為固定資產，屬於 Category 2
機械及設備,,噴漆機,True,2,機械設備通常為固定資產，屬於 Category 2
機械及設備,,烤漆箱,True,2,機械設備通常為固定資產，屬於 Category 2
機械及設備,,塗膠機,True,2,機械設備通常為固定資產，屬於 Category 2
機械及設備,,靜電塗裝裝置,True,2,機械設備通常為固定資產，屬於 Category 2
機械及設備,,紅外線烤乾爐,True,2,機械設備通常為固定資產，屬於 Category 2
機械及設備,,管內噴漆器,True,2,機械設備通常為固定資產，屬於 Category 2
機械及設備,,噴漆加壓桶,True,2,機械設備通常為固定資產，屬於 Category 2
機械及設備,,油漆自動攪拌機,True,2,機械設備通常為固定資產，屬於 Category 2
機械及設備,,氣動膜片式塗料輸送泵,True,2,機械設備通常為固定資產，屬於 Category 2
機械及設備,,水洗噴漆台,True,2,機械設備通常為固定資產，屬於 Category 2
機械及設備,,塗裝設備,True,2,機械設備通常為固定資產，屬於 Category 2
機械及設備,,瓦斯噴槍,True,2,機械設備通常為固定資產，屬於 Category 2
機械及設備,03,拋光機械及設備,True,2,機械設備通常為固定資產，屬於 Category 2
機械及設備,,滾光機,True,2,機械設備通常為固定資產，屬於 Category 2
機械及設備,,拋光機,True,2,機械設備通常為固定資產，屬於 Category 2
機械及設備,,磨光機,True,2,機械設備通常為固定資產，屬於 Category 2
機械及設備,,高速線拋機,True,2,機械設備通常為固定資產，屬於 Category 2
機械及設備,,電動直輪機,True,2,機械設備通常為固定資產，屬於 Category 2
機械及設備,,超音波打光機,True,2,機械設備通常為固定資產，屬於 Category 2
機械及設備,,精密拋光設備,True,2,機械設備通常為固定資產，屬於 Category 2
機械及設備,,氣動鏨,True,2,機械設備通常為固定資產，屬於 Category 2
機械及設備,,開光機,True,2,機械設備通常為固定資產，屬於 Category 2
機械及設備,,砧,True,2,機械設備通常為固定資產，屬於 Category 2
機械及設備,,表面加工機械,True,2,機械設備通常為固定資產，屬於 Category 2
機械及設備,04,表面硬化機械,True,2,機械設備通常為固定資產，屬於 Category 2
機械及設備,,火焰硬化機,True,2,機械設備通常為固定資產，屬於 Category 2
機械及設備,,焊架,True,2,機械設備通常為固定資產，屬於 Category 2
機械及設備,,自動熔接轉動台,True,2,機械設備通常為固定資產，屬於 Category 2
機械及設備,,滲炭硬化設備,True,2,機械設備通常為固定資產，屬於 Category 2
機械及設備,,誘導硬化機,True,2,機械設備通常為固定資產，屬於 Category 2
機械及設備,,鋼珠噴出機,True,2,機械設備通常為固定資產，屬於 Category 2
機械及設備,05,吹砂機械及設備,True,2,機械設備通常為固定資產，屬於 Category 2
機械及設備,,砂篩,True,2,機械設備通常為固定資產，屬於 Category 2
機械及設備,,篩砂機,True,2,機械設備通常為固定資產，屬於 Category 2
機械及設備,,砂分離機,True,2,機械設備通常為固定資產，屬於 Category 2
機械及設備,,混沙機,True,2,機械設備通常為固定資產，屬於 Category 2
機械及設備,,泥水混合機,True,2,機械設備通常為固定資產，屬於 Category 2
機械及設備,,轉磨機,True,2,機械設備通常為固定資產，屬於 Category 2
機械及設備,,噴砂機,True,2,機械設備通常為固定資產，屬於 Category 2
機械及設備,,拌砂機,True,2,機械設備通常為固定資產，屬於 Category 2
機械及設備,,洗砂機,True,2,機械設備通常為固定資產，屬於 Category 2
機械及設備,,珠擊設備,True,2,機械設備通常為固定資產，屬於 Category 2
機械及設備,,製砂型機,True,2,機械設備通常為固定資產，屬於 Category 2
機械及設備,,乾砂爐,True,2,機械設備通常為固定資產，屬於 Category 2
機械及設備,,機車給砂器,True,2,機械設備通常為固定資產，屬於 Category 2
機械及設備,,標準篩,True,2,機械設備通常為固定資產，屬於 Category 2
機械及設備,,柴油噴燒機,True,2,機械設備通常為固定資產，屬於 Category 2
機械及設備,,砂搗固器,True,2,機械設備通常為固定資產，屬於 Category 2
機械及設備,,分粒篩機,True,2,機械設備通常為固定資產，屬於 Category 2
機械及設備,,震動篩機,True,2,機械設備通常為固定資產，屬於 Category 2
機械及設備,,砂強度試驗機,True,2,機械設備通常為固定資產，屬於 Category 2
機械及設備,,蓋平器,True,2,機械設備通常為固定資產，屬於 Category 2
機械及設備,,連練機,True,2,機械設備通常為固定資產，屬於 Category 2
機械及設備,06,金屬鍍品附屬機械及設備,True,2,機械設備通常為固定資產，屬於 Category 2
機械及設備,,塔架設備,True,2,機械設備通常為固定資產，屬於 Category 2
機械及設備,,抽煙機塔架,True,2,機械設備通常為固定資產，屬於 Category 2
機械及設備,,輥件抽出桿,True,2,機械設備通常為固定資產，屬於 Category 2
機械及設備,,熔錫電爐,True,2,機械設備通常為固定資產，屬於 Category 2
機械及設備,,錫陽極鑄造模具,True,2,機械設備通常為固定資產，屬於 Category 2
機械及設備,,錫陽極剪切機,True,2,機械設備通常為固定資產，屬於 Category 2
機械及設備,,Ｃ型吊鉤,True,2,機械設備通常為固定資產，屬於 Category 2
機械及設備,03,鍛鑄機械及設備,True,2,機械設備通常為固定資產，屬於 Category 2
機械及設備,01,翻砂機械及設備,True,2,機械設備通常為固定資產，屬於 Category 2
機械及設備,,沙箱,True,2,機械設備通常為固定資產，屬於 Category 2
機械及設備,,壓砂機,True,2,機械設備通常為固定資產，屬於 Category 2
機械及設備,,氣動壓砂機,True,2,機械設備通常為固定資產，屬於 Category 2
機械及設備,,壓擠造型機,True,2,機械設備通常為固定資產，屬於 Category 2
機械及設備,,拋砂機,True,2,機械設備通常為固定資產，屬於 Category 2
機械及設備,,振動器,True,2,機械設備通常為固定資產，屬於 Category 2
機械及設備,,磨砂機,True,2,機械設備通常為固定資產，屬於 Category 2
機械及設備,,充氣機,True,2,機械設備通常為固定資產，屬於 Category 2
機械及設備,,熔鐵爐,True,2,機械設備通常為固定資產，屬於 Category 2
機械及設備,,滾動圓筒,True,2,機械設備通常為固定資產，屬於 Category 2
機械及設備,,氣鏟,True,2,機械設備通常為固定資產，屬於 Category 2
機械及設備,,泥心乾爐,True,2,機械設備通常為固定資產，屬於 Category 2
機械及設備,,離心鑄造機,True,2,機械設備通常為固定資產，屬於 Category 2
機械及設備,,烘乾爐,True,2,機械設備通常為固定資產，屬於 Category 2
機械及設備,,烘銅油爐,True,2,機械設備通常為固定資產，屬於 Category 2
機械及設備,,烘銅爐,True,2,機械設備通常為固定資產，屬於 Category 2
機械及設備,,油加熱爐,True,2,機械設備通常為固定資產，屬於 Category 2
機械及設備,,熱風爐,True,2,機械設備通常為固定資產，屬於 Category 2
機械及設備,,盛鋼筒預熱器,True,2,機械設備通常為固定資產，屬於 Category 2
機械及設備,,電弧爐,True,2,機械設備通常為固定資產，屬於 Category 2
機械及設備,,五金分離爐,True,2,機械設備通常為固定資產，屬於 Category 2
機械及設備,,振動起模機,True,2,機械設備通常為固定資產，屬於 Category 2
機械及設備,,泥心機,True,2,機械設備通常為固定資產，屬於 Category 2
機械及設備,,火泥噴塗機,True,2,機械設備通常為固定資產，屬於 Category 2
機械及設備,,鑄砂再生設備,True,2,機械設備通常為固定資產，屬於 Category 2
機械及設備,,精密鑄造用機具,True,2,機械設備通常為固定資產，屬於 Category 2
機械及設備,,自動射臘機,True,2,機械設備通常為固定資產，屬於 Category 2
機械及設備,,沾漿機,True,2,機械設備通常為固定資產，屬於 Category 2
機械及設備,,淋砂機,True,2,機械設備通常為固定資產，屬於 Category 2
機械及設備,,沾砂機,True,2,機械設備通常為固定資產，屬於 Category 2
機械及設備,,電動蒸氣脫臘機,True,2,機械設備通常為固定資產，屬於 Category 2
機械及設備,,殼模製造設備,True,2,機械設備通常為固定資產，屬於 Category 2
機械及設備,,分離器,True,2,機械設備通常為固定資產，屬於 Category 2
機械及設備,,電磁分離器,True,2,機械設備通常為固定資產，屬於 Category 2
機械及設備,,高週波熔化爐,True,2,機械設備通常為固定資產，屬於 Category 2
機械及設備,,真空上吸鑄造裝置,True,2,機械設備通常為固定資產，屬於 Category 2
機械及設備,,微波加熱爐,True,2,機械設備通常為固定資產，屬於 Category 2
機械及設備,,砂模製造機,True,2,機械設備通常為固定資產，屬於 Category 2
機械及設備,,壓砂桿,True,2,機械設備通常為固定資產，屬於 Category 2
機械及設備,,三次元震動台,True,2,機械設備通常為固定資產，屬於 Category 2
機械及設備,,金相在鑄機,True,2,機械設備通常為固定資產，屬於 Category 2
機械及設備,,坩堝爐,True,2,機械設備通常為固定資產，屬於 Category 2
機械及設備,,合金爐,True,2,機械設備通常為固定資產，屬於 Category 2
機械及設備,,堝坩爐,True,2,機械設備通常為固定資產，屬於 Category 2
機械及設備,,熔化爐,True,2,機械設備通常為固定資產，屬於 Category 2
機械及設備,,熔鋼爐,True,2,機械設備通常為固定資產，屬於 Category 2
機械及設備,,手搖壓邊機,True,2,機械設備通常為固定資產，屬於 Category 2
機械及設備,,壓力機,True,2,機械設備通常為固定資產，屬於 Category 2
機械及設備,,熔接器,True,2,機械設備通常為固定資產，屬於 Category 2
機械及設備,,閘瓦製造機,True,2,機械設備通常為固定資產，屬於 Category 2
機械及設備,,壓鑄模機,True,2,機械設備通常為固定資產，屬於 Category 2
機械及設備,,誘導電爐,True,2,機械設備通常為固定資產，屬於 Category 2
機械及設備,,鑄砂試片打樣器,True,2,機械設備通常為固定資產，屬於 Category 2
機械及設備,,重油爐,True,2,機械設備通常為固定資產，屬於 Category 2
機械及設備,,鑄砂性能試驗器,True,2,機械設備通常為固定資產，屬於 Category 2
機械及設備,,橡膠定型器,True,2,機械設備通常為固定資產，屬於 Category 2
機械及設備,02,鍛造機械及設備,True,2,機械設備通常為固定資產，屬於 Category 2
機械及設備,,動力壓機,True,2,機械設備通常為固定資產，屬於 Category 2
機械及設備,,螺旋壓機,True,2,機械設備通常為固定資產，屬於 Category 2
機械及設備,,落錘,True,2,機械設備通常為固定資產，屬於 Category 2
機械及設備,,汽錘,True,2,機械設備通常為固定資產，屬於 Category 2
機械及設備,,氣鎚,True,2,機械設備通常為固定資產，屬於 Category 2
機械及設備,,砧,True,2,機械設備通常為固定資產，屬於 Category 2
機械及設備,,迴轉型鍛機,True,2,機械設備通常為固定資產，屬於 Category 2
機械及設備,,退火爐,True,2,機械設備通常為固定資產，屬於 Category 2
機械及設備,,滲炭爐,True,2,機械設備通常為固定資產，屬於 Category 2
機械及設備,,熱處理爐,True,2,機械設備通常為固定資產，屬於 Category 2
機械及設備,,鍛工爐,True,2,機械設備通常為固定資產，屬於 Category 2
機械及設備,,中週波熱處理爐,True,2,機械設備通常為固定資產，屬於 Category 2
機械及設備,,定盤,True,2,機械設備通常為固定資產，屬於 Category 2
機械及設備,,氣體滲炭氮化爐,True,2,機械設備通常為固定資產，屬於 Category 2
機械及設備,,高週波熱理爐,True,2,機械設備通常為固定資產，屬於 Category 2
機械及設備,,淬火油槽,True,2,機械設備通常為固定資產，屬於 Category 2
機械及設備,,鹽浴爐槽,True,2,機械設備通常為固定資產，屬於 Category 2
機械及設備,,調質爐,True,2,機械設備通常為固定資產，屬於 Category 2
機械及設備,,鍛造手,True,2,機械設備通常為固定資產，屬於 Category 2
機械及設備,,燃油器,True,2,機械設備通常為固定資產，屬於 Category 2
機械及設備,,熔鉛器,True,2,機械設備通常為固定資產，屬於 Category 2
機械及設備,,電氣錘,True,2,機械設備通常為固定資產，屬於 Category 2
機械及設備,,鍛冶爐,True,2,機械設備通常為固定資產，屬於 Category 2
機械及設備,,加熱電氣爐,True,2,機械設備通常為固定資產，屬於 Category 2
機械及設備,,機動自動錘,True,2,機械設備通常為固定資產，屬於 Category 2
機械及設備,,風錘,True,2,機械設備通常為固定資產，屬於 Category 2
機械及設備,,鉚釘風鏟,True,2,機械設備通常為固定資產，屬於 Category 2
機械及設備,,鉚釘幫槍,True,2,機械設備通常為固定資產，屬於 Category 2
機械及設備,,加熱機,True,2,機械設備通常為固定資產，屬於 Category 2
機械及設備,,鍛模機,True,2,機械設備通常為固定資產，屬於 Category 2
機械及設備,,淬火裝量,True,2,機械設備通常為固定資產，屬於 Category 2
機械及設備,,設模砂心吹製機,True,2,機械設備通常為固定資產，屬於 Category 2
機械及設備,,鉆床,True,2,機械設備通常為固定資產，屬於 Category 2
機械及設備,04,銲接機械及設備,True,2,機械設備通常為固定資產，屬於 Category 2
機械及設備,01,弧銲機械及設備,True,2,機械設備通常為固定資產，屬於 Category 2
機械及設備,,交流電銲機,True,2,機械設備通常為固定資產，屬於 Category 2
機械及設備,,直流電銲機,True,2,機械設備通常為固定資產，屬於 Category 2
機械及設備,,引擎驅動交流電銲機,True,2,機械設備通常為固定資產，屬於 Category 2
機械及設備,,引擎驅動直流電銲機,True,2,機械設備通常為固定資產，屬於 Category 2
機械及設備,,氫氣弧銲器,True,2,機械設備通常為固定資產，屬於 Category 2
機械及設備,,碳極弧銲器,True,2,機械設備通常為固定資產，屬於 Category 2
機械及設備,,氣護鎢極弧銲機,True,2,機械設備通常為固定資產，屬於 Category 2
機械及設備,,氣護自動弧銲器,True,2,機械設備通常為固定資產，屬於 Category 2
機械及設備,,弧點銲機,True,2,機械設備通常為固定資產，屬於 Category 2
機械及設備,,沉焰電銲器,True,2,機械設備通常為固定資產，屬於 Category 2
機械及設備,,銲劑收回器,True,2,機械設備通常為固定資產，屬於 Category 2
機械及設備,,煙管電銲機,True,2,機械設備通常為固定資產，屬於 Category 2
機械及設備,,半自動電銲機,True,2,機械設備通常為固定資產，屬於 Category 2
機械及設備,,點銲鎗,True,2,機械設備通常為固定資產，屬於 Category 2
機械及設備,,電離器電銲及切斷機,True,2,機械設備通常為固定資產，屬於 Category 2
機械及設備,,無熱式應力消除機,True,2,機械設備通常為固定資產，屬於 Category 2
機械及設備,,植釘銲機,True,2,機械設備通常為固定資產，屬於 Category 2
機械及設備,,自動擺弧裝置,True,2,機械設備通常為固定資產，屬於 Category 2
機械及設備,,氬銲機,True,2,機械設備通常為固定資產，屬於 Category 2
機械及設備,,銅帶銲接機,True,2,機械設備通常為固定資產，屬於 Category 2
機械及設備,,潛弧電銲機,True,2,機械設備通常為固定資產，屬於 Category 2
機械及設備,,乙炔水封式安全器,True,2,機械設備通常為固定資產，屬於 Category 2
機械及設備,,交流銲接變壓機,True,2,機械設備通常為固定資產，屬於 Category 2
機械及設備,,電銲轉動機,True,2,機械設備通常為固定資產，屬於 Category 2
機械及設備,,電銲條乾燥烘箱,True,2,機械設備通常為固定資產，屬於 Category 2
機械及設備,,銲接程序控制箱,True,2,機械設備通常為固定資產，屬於 Category 2
機械及設備,,自動供線機,True,2,機械設備通常為固定資產，屬於 Category 2
機械及設備,,高週波焊接系統,True,2,機械設備通常為固定資產，屬於 Category 2
機械及設備,,臘付機,True,2,機械設備通常為固定資產，屬於 Category 2
機械及設備,,電弧掘溝手把,True,2,機械設備通常為固定資產，屬於 Category 2
機械及設備,,焊機輔助台車,True,2,機械設備通常為固定資產，屬於 Category 2
機械及設備,,自動立焊裝置,True,2,機械設備通常為固定資產，屬於 Category 2
機械及設備,,輔助送線機,True,2,機械設備通常為固定資產，屬於 Category 2
機械及設備,,氬焊高週波控制器,True,2,機械設備通常為固定資產，屬於 Category 2
機械及設備,,送線機,True,2,機械設備通常為固定資產，屬於 Category 2
機械及設備,,電烤箱,True,2,機械設備通常為固定資產，屬於 Category 2
機械及設備,,ＭＩＧ電焊機,True,2,機械設備通常為固定資產，屬於 Category 2
機械及設備,,交直流電焊機,True,2,機械設備通常為固定資產，屬於 Category 2
機械及設備,,焊鐵,True,2,機械設備通常為固定資產，屬於 Category 2
機械及設備,,電擊防止裝置,True,2,機械設備通常為固定資產，屬於 Category 2
機械及設備,,ＥＧ電焊控制器,True,2,機械設備通常為固定資產，屬於 Category 2
機械及設備,,塑膠熔接機,True,2,機械設備通常為固定資產，屬於 Category 2
機械及設備,,手提電焊機,True,2,機械設備通常為固定資產，屬於 Category 2
機械及設備,,自動電桿用滾輪,True,2,機械設備通常為固定資產，屬於 Category 2
機械及設備,,可傾式電焊用轉動盤,True,2,機械設備通常為固定資產，屬於 Category 2
機械及設備,,自動電焊機,True,2,機械設備通常為固定資產，屬於 Category 2
機械及設備,,焊口切削機,True,2,機械設備通常為固定資產，屬於 Category 2
機械及設備,,銲線測連器,True,2,機械設備通常為固定資產，屬於 Category 2
機械及設備,,電弧長度自動控制器,True,2,機械設備通常為固定資產，屬於 Category 2
機械及設備,,電焊槍帶變壓器,True,2,機械設備通常為固定資產，屬於 Category 2
機械及設備,,自動電焊兩用滾輪,True,2,機械設備通常為固定資產，屬於 Category 2
機械及設備,,整流電焊機,True,2,機械設備通常為固定資產，屬於 Category 2
機械及設備,,通用電焊機,True,2,機械設備通常為固定資產，屬於 Category 2
機械及設備,,拼頭物電焊機,True,2,機械設備通常為固定資產，屬於 Category 2
機械及設備,,電銲安定器,True,2,機械設備通常為固定資產，屬於 Category 2
機械及設備,,電氣扺抗鑞付機,True,2,機械設備通常為固定資產，屬於 Category 2
機械及設備,,線圈接頭焊機,True,2,機械設備通常為固定資產，屬於 Category 2
機械及設備,02,氣銲設備,True,2,機械設備通常為固定資產，屬於 Category 2
機械及設備,,氧炔銲調壓閥,True,2,機械設備通常為固定資產，屬於 Category 2
機械及設備,,氧氣瓶,True,2,機械設備通常為固定資產，屬於 Category 2
機械及設備,,自動氧炔銲器,True,2,機械設備通常為固定資產，屬於 Category 2
機械及設備,,氣銲機,True,2,機械設備通常為固定資產，屬於 Category 2
機械及設備,,電離氣切銲機,True,2,機械設備通常為固定資產，屬於 Category 2
機械及設備,,氧乙炔氣體中央集合裝置,True,2,機械設備通常為固定資產，屬於 Category 2
機械及設備,,冷焊噴槍,True,2,機械設備通常為固定資產，屬於 Category 2
機械及設備,,氣焊吹管,True,2,機械設備通常為固定資產，屬於 Category 2
機械及設備,,開槽火口組,True,2,機械設備通常為固定資產，屬於 Category 2
機械及設備,,瓦斯切斷機,True,2,機械設備通常為固定資產，屬於 Category 2
機械及設備,,瓦斯手動切換調製器,True,2,機械設備通常為固定資產，屬於 Category 2
機械及設備,,鋼軌瓦斯焊接器,True,2,機械設備通常為固定資產，屬於 Category 2
機械及設備,,乙炔調節器,True,2,機械設備通常為固定資產，屬於 Category 2
機械及設備,,氧乙炔壓力錶,True,2,機械設備通常為固定資產，屬於 Category 2
機械及設備,,氧乙炔皮管,True,2,機械設備通常為固定資產，屬於 Category 2
機械及設備,03,電阻銲機械及設備,True,2,機械設備通常為固定資產，屬於 Category 2
機械及設備,,點銲機,True,2,機械設備通常為固定資產，屬於 Category 2
機械及設備,,縫銲機,True,2,機械設備通常為固定資產，屬於 Category 2
機械及設備,,浮凸銲接機,True,2,機械設備通常為固定資產，屬於 Category 2
機械及設備,,端壓銲接機,True,2,機械設備通常為固定資產，屬於 Category 2
機械及設備,,燃銲機,True,2,機械設備通常為固定資產，屬於 Category 2
機械及設備,,閃擠銲接機,True,2,機械設備通常為固定資產，屬於 Category 2
機械及設備,,對接縫銲機,True,2,機械設備通常為固定資產，屬於 Category 2
機械及設備,,衝擊銲接機,True,2,機械設備通常為固定資產，屬於 Category 2
機械及設備,C6205,自動螺釘熔接機,True,2,機械設備通常為固定資產，屬於 Category 2
機械及設備,,電阻束切銲機,True,2,機械設備通常為固定資產，屬於 Category 2
機械及設備,,電熱吹風式熔接機,True,2,機械設備通常為固定資產，屬於 Category 2
機械及設備,,ＰＥ管熔接機,True,2,機械設備通常為固定資產，屬於 Category 2
機械及設備,,笑氣乙燃燒頭,True,2,機械設備通常為固定資產，屬於 Category 2
機械及設備,,風力機及鐵架起重吊桿,True,2,機械設備通常為固定資產，屬於 Category 2
機械及設備,,焊錫爐,True,2,機械設備通常為固定資產，屬於 Category 2
機械及設備,,晶粒黏著機,True,2,機械設備通常為固定資產，屬於 Category 2
機械及設備,,真空焊爐,True,2,機械設備通常為固定資產，屬於 Category 2
機械及設備,,燒黏爐,True,2,機械設備通常為固定資產，屬於 Category 2
機械及設備,,吸錫槍,True,2,機械設備通常為固定資產，屬於 Category 2
機械及設備,,封孔設備,True,2,機械設備通常為固定資產，屬於 Category 2
機械及設備,,移動式銅銲機,True,2,機械設備通常為固定資產，屬於 Category 2
機械及設備,,焊儀,True,2,機械設備通常為固定資產，屬於 Category 2
機械及設備,,噴漿式焊切機,True,2,機械設備通常為固定資產，屬於 Category 2
機械及設備,,電焊機,True,2,機械設備通常為固定資產，屬於 Category 2
機械及設備,,帶鋸條銲接機,True,2,機械設備通常為固定資產，屬於 Category 2
機械及設備,04,鋁熱火銲設備,True,2,機械設備通常為固定資產，屬於 Category 2
機械及設備,,普通鋁熱火銲器,True,2,機械設備通常為固定資產，屬於 Category 2
機械及設備,,鑄鐵鋁熱火銲器,True,2,機械設備通常為固定資產，屬於 Category 2
機械及設備,,柴油快速連接器,True,2,機械設備通常為固定資產，屬於 Category 2
機械及設備,05,氬銲機械及設備,True,2,機械設備通常為固定資產，屬於 Category 2
機械及設備,,鎢電極棒加工機,True,2,機械設備通常為固定資產，屬於 Category 2
機械及設備,05,光纖製造機械,True,2,機械設備通常為固定資產，屬於 Category 2
機械及設備,01,光纖預型體製造裝置,True,2,機械設備通常為固定資產，屬於 Category 2
機械及設備,,氣體流量控制設備,True,2,機械設備通常為固定資產，屬於 Category 2
機械及設備,,玻璃車床,True,2,機械設備通常為固定資產，屬於 Category 2
機械及設備,,溫度控制器,True,2,機械設備通常為固定資產，屬於 Category 2
機械及設備,,程序自動控制設備,True,2,機械設備通常為固定資產，屬於 Category 2
機械及設備,,淨氣設備,True,2,機械設備通常為固定資產，屬於 Category 2
機械及設備,02,光纖抽絲設備,True,2,機械設備通常為固定資產，屬於 Category 2
機械及設備,,預型體固定器,True,2,機械設備通常為固定資產，屬於 Category 2
機械及設備,,高溫爐,True,2,機械設備通常為固定資產，屬於 Category 2
機械及設備,,光纖直徑監視器,True,2,機械設備通常為固定資產，屬於 Category 2
機械及設備,,光纖預鍍器,True,2,機械設備通常為固定資產，屬於 Category 2
機械及設備,,光纖捲取器,True,2,機械設備通常為固定資產，屬於 Category 2
機械及設備,03,光纖被覆裝置,True,2,機械設備通常為固定資產，屬於 Category 2
機械及設備,,光纖送線設備,True,2,機械設備通常為固定資產，屬於 Category 2
機械及設備,,壓軸機,True,2,機械設備通常為固定資產，屬於 Category 2
機械及設備,,冷卻設備,True,2,機械設備通常為固定資產，屬於 Category 2
機械及設備,,直徑控制器,True,2,機械設備通常為固定資產，屬於 Category 2
機械及設備,,光纖收線機,True,2,機械設備通常為固定資產，屬於 Category 2
機械及設備,,光纖包覆機,True,2,機械設備通常為固定資產，屬於 Category 2
機械及設備,04,光纖切割器,True,2,機械設備通常為固定資產，屬於 Category 2
機械及設備,,電弧產生器,True,2,機械設備通常為固定資產，屬於 Category 2
機械及設備,,光纖調節器,True,2,機械設備通常為固定資產，屬於 Category 2
機械及設備,,光纖切割機,True,2,機械設備通常為固定資產，屬於 Category 2
機械及設備,05,石英管切割器,True,2,機械設備通常為固定資產，屬於 Category 2
機械及設備,,石英管固定器,True,2,機械設備通常為固定資產，屬於 Category 2
機械及設備,,切割設備,True,2,機械設備通常為固定資產，屬於 Category 2
機械及設備,06,光纖研磨器,True,2,機械設備通常為固定資產，屬於 Category 2
機械及設備,,光纖固定器,True,2,機械設備通常為固定資產，屬於 Category 2
機械及設備,,研磨設備,True,2,機械設備通常為固定資產，屬於 Category 2
機械及設備,06,光纜機械及設備,True,2,機械設備通常為固定資產，屬於 Category 2
機械及設備,01,光纜佈放設備,True,2,機械設備通常為固定資產，屬於 Category 2
機械及設備,,光纜牽引設備,True,2,機械設備通常為固定資產，屬於 Category 2
機械及設備,,光纜牽引輔助設備,True,2,機械設備通常為固定資產，屬於 Category 2
機械及設備,02,光纜測試設備,True,2,機械設備通常為固定資產，屬於 Category 2
機械及設備,,輕便型光時域反射器,True,2,機械設備通常為固定資產，屬於 Category 2
機械及設備,03,光纖接續設備,True,2,機械設備通常為固定資產，屬於 Category 2
機械及設備,,光纖熔接設備,True,2,機械設備通常為固定資產，屬於 Category 2
機械及設備,08,起重、輸送機械及設備,True,2,機械設備通常為固定資產，屬於 Category 2
機械及設備,01,起重機械及設備,True,2,機械設備通常為固定資產，屬於 Category 2
機械及設備,01,手力起重機械,True,2,機械設備通常為固定資產，屬於 Category 2
機械及設備,,絞車,True,2,機械設備通常為固定資產，屬於 Category 2
機械及設備,,滑車,True,2,機械設備通常為固定資產，屬於 Category 2
機械及設備,,絞盤,True,2,機械設備通常為固定資產，屬於 Category 2
機械及設備,,頂重器（千斤頂）,True,2,機械設備通常為固定資產，屬於 Category 2
機械及設備,,鏈起重機,True,2,機械設備通常為固定資產，屬於 Category 2
機械及設備,,雙面搬器,True,2,機械設備通常為固定資產，屬於 Category 2
機械及設備,,單面搬器,True,2,機械設備通常為固定資產，屬於 Category 2
機械及設備,,鋼索拉力器,True,2,機械設備通常為固定資產，屬於 Category 2
機械及設備,,旋轉吊環,True,2,機械設備通常為固定資產，屬於 Category 2
機械及設備,,空氣絞車,True,2,機械設備通常為固定資產，屬於 Category 2
機械及設備,,電纜滾輪,True,2,機械設備通常為固定資產，屬於 Category 2
機械及設備,,龍門吊架,True,2,機械設備通常為固定資產，屬於 Category 2
機械及設備,,貨櫃鬆緊裝量,True,2,機械設備通常為固定資產，屬於 Category 2
機械及設備,,吊鏈滑車,True,2,機械設備通常為固定資產，屬於 Category 2
機械及設備,,吊車,True,2,機械設備通常為固定資產，屬於 Category 2
機械及設備,,吊滑車,True,2,機械設備通常為固定資產，屬於 Category 2
機械及設備,,手拉鏈車,True,2,機械設備通常為固定資產，屬於 Category 2
機械及設備,02,礦井吊車,True,2,機械設備通常為固定資產，屬於 Category 2
機械及設備,,金屬礦吊車,True,2,機械設備通常為固定資產，屬於 Category 2
機械及設備,,煤礦吊車,True,2,機械設備通常為固定資產，屬於 Category 2
機械及設備,03,升降機,True,2,機械設備通常為固定資產，屬於 Category 2
機械及設備,,液壓升降機,True,2,機械設備通常為固定資產，屬於 Category 2
機械及設備,,動力牽引升降機,True,2,機械設備通常為固定資產，屬於 Category 2
機械及設備,,高空昇降作業平台,True,2,機械設備通常為固定資產，屬於 Category 2
機械及設備,,零件取料機,True,2,機械設備通常為固定資產，屬於 Category 2
機械及設備,,斗式升降機,True,2,機械設備通常為固定資產，屬於 Category 2
機械及設備,,載客升降機－電梯,True,2,機械設備通常為固定資產，屬於 Category 2
機械及設備,,載貨升降機,True,2,機械設備通常為固定資產，屬於 Category 2
機械及設備,,圓桶升降機,True,2,機械設備通常為固定資產，屬於 Category 2
機械及設備,,斗式輸送機,True,2,機械設備通常為固定資產，屬於 Category 2
機械及設備,,層梯－手扶梯,True,2,機械設備通常為固定資產，屬於 Category 2
機械及設備,04,起重機,True,2,機械設備通常為固定資產，屬於 Category 2
機械及設備,,移動起重機,True,2,機械設備通常為固定資產，屬於 Category 2
機械及設備,,手力起重機,True,2,機械設備通常為固定資產，屬於 Category 2
機械及設備,,橋式起重機,True,2,機械設備通常為固定資產，屬於 Category 2
機械及設備,,迴轉起重機,True,2,機械設備通常為固定資產，屬於 Category 2
機械及設備,,堆高機,True,2,機械設備通常為固定資產，屬於 Category 2
機械及設備,,電氣吊車,True,2,機械設備通常為固定資產，屬於 Category 2
機械及設備,,空氣吊車,True,2,機械設備通常為固定資產，屬於 Category 2
機械及設備,,救險吊車,True,2,機械設備通常為固定資產，屬於 Category 2
機械及設備,,電氣高架起重機,True,2,機械設備通常為固定資產，屬於 Category 2
機械及設備,,高架門型起重機,True,2,機械設備通常為固定資產，屬於 Category 2
機械及設備,,柱式起重機,True,2,機械設備通常為固定資產，屬於 Category 2
機械及設備,,單軌起重機,True,2,機械設備通常為固定資產，屬於 Category 2
機械及設備,,裝煤機,True,2,機械設備通常為固定資產，屬於 Category 2
機械及設備,,橫樑千斤頂,True,2,機械設備通常為固定資產，屬於 Category 2
機械及設備,,落輪坑千斤頂,True,2,機械設備通常為固定資產，屬於 Category 2
機械及設備,,復軌器,True,2,機械設備通常為固定資產，屬於 Category 2
機械及設備,,卡車起重機,True,2,機械設備通常為固定資產，屬於 Category 2
機械及設備,,電動遙控車輛起重機,True,2,機械設備通常為固定資產，屬於 Category 2
機械及設備,,工字鐵,True,2,機械設備通常為固定資產，屬於 Category 2
機械及設備,,架空吊車,True,2,機械設備通常為固定資產，屬於 Category 2
機械及設備,,固定吊桿,True,2,機械設備通常為固定資產，屬於 Category 2
機械及設備,,圓筒夾具堆高機,True,2,機械設備通常為固定資產，屬於 Category 2
機械及設備,,堆監機,True,2,機械設備通常為固定資產，屬於 Category 2
機械及設備,,側載機,True,2,機械設備通常為固定資產，屬於 Category 2
機械及設備,,穀類抓斗,True,2,機械設備通常為固定資產，屬於 Category 2
機械及設備,,門型裝車機,True,2,機械設備通常為固定資產，屬於 Category 2
機械及設備,,側跨兩用機,True,2,機械設備通常為固定資產，屬於 Category 2
機械及設備,,貨櫃吊架,True,2,機械設備通常為固定資產，屬於 Category 2
機械及設備,,螺旋千斤頂,True,2,機械設備通常為固定資產，屬於 Category 2
機械及設備,,油壓千斤頂,True,2,機械設備通常為固定資產，屬於 Category 2
機械及設備,,搶救失事飛機昇舉氣囊,True,2,機械設備通常為固定資產，屬於 Category 2
機械及設備,,搶救車禍萬能空氣袋,True,2,機械設備通常為固定資產，屬於 Category 2
機械及設備,,裝載機,True,2,機械設備通常為固定資產，屬於 Category 2
機械及設備,,油壓托板車,True,2,機械設備通常為固定資產，屬於 Category 2
機械及設備,,油壓式鐵柱,True,2,機械設備通常為固定資產，屬於 Category 2
機械及設備,,螺旋鐵柱套管,True,2,機械設備通常為固定資產，屬於 Category 2
機械及設備,,齒輪千斤頂,True,2,機械設備通常為固定資產，屬於 Category 2
機械及設備,,斗昇機,True,2,機械設備通常為固定資產，屬於 Category 2
機械及設備,,前端載車,True,2,機械設備通常為固定資產，屬於 Category 2
機械及設備,,裝貨機,True,2,機械設備通常為固定資產，屬於 Category 2
機械及設備,,滑車,True,2,機械設備通常為固定資產，屬於 Category 2
機械及設備,,電氣絞車,True,2,機械設備通常為固定資產，屬於 Category 2
機械及設備,,懸臂起重機,True,2,機械設備通常為固定資產，屬於 Category 2
機械及設備,,液壓起重機,True,2,機械設備通常為固定資產，屬於 Category 2
機械及設備,,鏈條吊車,True,2,機械設備通常為固定資產，屬於 Category 2
機械及設備,,固定吊車,True,2,機械設備通常為固定資產，屬於 Category 2
機械及設備,,固定式起重機,True,2,機械設備通常為固定資產，屬於 Category 2
機械及設備,,氣動絞車,True,2,機械設備通常為固定資產，屬於 Category 2
機械及設備,,氣動千斤頂,True,2,機械設備通常為固定資產，屬於 Category 2
機械及設備,,電動千斤頂,True,2,機械設備通常為固定資產，屬於 Category 2
機械及設備,,橫動千斤頂,True,2,機械設備通常為固定資產，屬於 Category 2
機械及設備,,牆裝起重機,True,2,機械設備通常為固定資產，屬於 Category 2
機械及設備,,輪行起重機,True,2,機械設備通常為固定資產，屬於 Category 2
機械及設備,,履帶起重機,True,2,機械設備通常為固定資產，屬於 Category 2
機械及設備,,抓式起重機,True,2,機械設備通常為固定資產，屬於 Category 2
機械及設備,,鐵路起重機,True,2,機械設備通常為固定資產，屬於 Category 2
機械及設備,,纜索起重機,True,2,機械設備通常為固定資產，屬於 Category 2
機械及設備,,跨提起重機,True,2,機械設備通常為固定資產，屬於 Category 2
機械及設備,,輕便起重機,True,2,機械設備通常為固定資產，屬於 Category 2
機械及設備,,架樑起重機,True,2,機械設備通常為固定資產，屬於 Category 2
機械及設備,,移動式蒸氣起重機,True,2,機械設備通常為固定資產，屬於 Category 2
機械及設備,,半門型起重機,True,2,機械設備通常為固定資產，屬於 Category 2
機械及設備,,引擎吊架,True,2,機械設備通常為固定資產，屬於 Category 2
機械及設備,,平動起重機,True,2,機械設備通常為固定資產，屬於 Category 2
機械及設備,,磁石起重機,True,2,機械設備通常為固定資產，屬於 Category 2
機械及設備,,龍門型起重機,True,2,機械設備通常為固定資產，屬於 Category 2
機械及設備,,倉庫起重機,True,2,機械設備通常為固定資產，屬於 Category 2
機械及設備,,電纜起重機,True,2,機械設備通常為固定資產，屬於 Category 2
機械及設備,,機車吊具,True,2,機械設備通常為固定資產，屬於 Category 2
機械及設備,,捲重機,True,2,機械設備通常為固定資產，屬於 Category 2
機械及設備,,鋼軌吊梁,True,2,機械設備通常為固定資產，屬於 Category 2
機械及設備,,支重器,True,2,機械設備通常為固定資產，屬於 Category 2
機械及設備,,扳手、滑車,True,2,機械設備通常為固定資產，屬於 Category 2
機械及設備,,昇降千斤頂,True,2,機械設備通常為固定資產，屬於 Category 2
機械及設備,,舉重機,True,2,機械設備通常為固定資產，屬於 Category 2
機械及設備,,電動式車架抬高機,True,2,機械設備通常為固定資產，屬於 Category 2
機械及設備,,貨櫃跨載機,True,2,機械設備通常為固定資產，屬於 Category 2
機械及設備,,貨櫃起重機,True,2,機械設備通常為固定資產，屬於 Category 2
機械及設備,,油座式起重機,True,2,機械設備通常為固定資產，屬於 Category 2
機械及設備,,收線架,True,2,機械設備通常為固定資產，屬於 Category 2
機械及設備,,吊車,True,2,機械設備通常為固定資產，屬於 Category 2
機械及設備,,電動鏈床滑車,True,2,機械設備通常為固定資產，屬於 Category 2
機械及設備,05,卸載機械,True,2,機械設備通常為固定資產，屬於 Category 2
機械及設備,,尖塔卸載機,True,2,機械設備通常為固定資產，屬於 Category 2
機械及設備,,人力搖車式卸載機,True,2,機械設備通常為固定資產，屬於 Category 2
機械及設備,,自動卸載機,True,2,機械設備通常為固定資產，屬於 Category 2
機械及設備,,冷氣瓶車,True,2,機械設備通常為固定資產，屬於 Category 2
機械及設備,,磁力吊盤,True,2,機械設備通常為固定資產，屬於 Category 2
機械及設備,,抓斗天車,True,2,機械設備通常為固定資產，屬於 Category 2
機械及設備,,堆取料機,True,2,機械設備通常為固定資產，屬於 Category 2
機械及設備,,貨櫃用吊框,True,2,機械設備通常為固定資產，屬於 Category 2
機械及設備,,雙翼木墊板,True,2,機械設備通常為固定資產，屬於 Category 2
機械及設備,06,挖掘機械,True,2,機械設備通常為固定資產，屬於 Category 2
機械及設備,,動力鏟,True,2,機械設備通常為固定資產，屬於 Category 2
機械及設備,,挖泥機,True,2,機械設備通常為固定資產，屬於 Category 2
機械及設備,,地下穿管機,True,2,機械設備通常為固定資產，屬於 Category 2
機械及設備,,動力鑽土器,True,2,機械設備通常為固定資產，屬於 Category 2
機械及設備,,掘壕機,True,2,機械設備通常為固定資產，屬於 Category 2
機械及設備,02,輸送機械及設備,True,2,機械設備通常為固定資產，屬於 Category 2
機械及設備,01,輸送機,True,2,機械設備通常為固定資產，屬於 Category 2
機械及設備,,電力牽引機械,True,2,機械設備通常為固定資產，屬於 Category 2
機械及設備,,螺旋輸送機,True,2,機械設備通常為固定資產，屬於 Category 2
機械及設備,,梯板輸送機,True,2,機械設備通常為固定資產，屬於 Category 2
機械及設備,,裙板輸送機,True,2,機械設備通常為固定資產，屬於 Category 2
機械及設備,,皮帶輸送機,True,2,機械設備通常為固定資產，屬於 Category 2
機械及設備,,氣動輸送機,True,2,機械設備通常為固定資產，屬於 Category 2
機械及設備,,重力滾動輸送機,True,2,機械設備通常為固定資產，屬於 Category 2
機械及設備,,鏈條輸送機,True,2,機械設備通常為固定資產，屬於 Category 2
機械及設備,,軌道架空輸袋機,True,2,機械設備通常為固定資產，屬於 Category 2
機械及設備,,推車機,True,2,機械設備通常為固定資產，屬於 Category 2
機械及設備,,搬運機,True,2,機械設備通常為固定資產，屬於 Category 2
機械及設備,,盤式輸送機,True,2,機械設備通常為固定資產，屬於 Category 2
機械及設備,,旅客橋,True,2,機械設備通常為固定資產，屬於 Category 2
機械及設備,,高揚輸送機,True,2,機械設備通常為固定資產，屬於 Category 2
機械及設備,,平型輸送機,True,2,機械設備通常為固定資產，屬於 Category 2
機械及設備,,空氣油壓自動送料裝置,True,2,機械設備通常為固定資產，屬於 Category 2
機械及設備,,斗式提升輸送機,True,2,機械設備通常為固定資產，屬於 Category 2
機械及設備,,滾筒輸送機,True,2,機械設備通常為固定資產，屬於 Category 2
機械及設備,,圓球輸送機,True,2,機械設備通常為固定資產，屬於 Category 2
機械及設備,,袋裝輸送機,True,2,機械設備通常為固定資產，屬於 Category 2
機械及設備,,輪式輸送機,True,2,機械設備通常為固定資產，屬於 Category 2
機械及設備,,篩分輸送機,True,2,機械設備通常為固定資產，屬於 Category 2
機械及設備,,跳板,True,2,機械設備通常為固定資產，屬於 Category 2
機械及設備,,萬能牽引機,True,2,機械設備通常為固定資產，屬於 Category 2
機械及設備,,振動轉道機,True,2,機械設備通常為固定資產，屬於 Category 2
機械及設備,,鐵渣輸送機,True,2,機械設備通常為固定資產，屬於 Category 2
機械及設備,,滾筒,True,2,機械設備通常為固定資產，屬於 Category 2
機械及設備,,車輪轉道機,True,2,機械設備通常為固定資產，屬於 Category 2
機械及設備,,車輪轉向機,True,2,機械設備通常為固定資產，屬於 Category 2
機械及設備,,擠壓滾機,True,2,機械設備通常為固定資產，屬於 Category 2
機械及設備,,擱板式輪送機,True,2,機械設備通常為固定資產，屬於 Category 2
機械及設備,,裝糖進出庫接糖架,True,2,機械設備通常為固定資產，屬於 Category 2
機械及設備,,無人啣接資料架,True,2,機械設備通常為固定資產，屬於 Category 2
機械及設備,02,索道,True,2,機械設備通常為固定資產，屬於 Category 2
機械及設備,,架空索道,True,2,機械設備通常為固定資產，屬於 Category 2
機械及設備,,伏道索道,True,2,機械設備通常為固定資產，屬於 Category 2
機械及設備,03,泵,True,2,機械設備通常為固定資產，屬於 Category 2
機械及設備,,往復式泵,True,2,機械設備通常為固定資產，屬於 Category 2
機械及設備,,迴轉式泵,True,2,機械設備通常為固定資產，屬於 Category 2
機械及設備,,離心式泵,True,2,機械設備通常為固定資產，屬於 Category 2
機械及設備,,真空泵,True,2,機械設備通常為固定資產，屬於 Category 2
機械及設備,,渦輪式泵,True,2,機械設備通常為固定資產，屬於 Category 2
機械及設備,,耐酸泵,True,2,機械設備通常為固定資產，屬於 Category 2
機械及設備,,手搖式泵,True,2,機械設備通常為固定資產，屬於 Category 2
機械及設備,,潤滑油泵,True,2,機械設備通常為固定資產，屬於 Category 2
機械及設備,,深水泵,True,2,機械設備通常為固定資產，屬於 Category 2
機械及設備,,油壓泵,True,2,機械設備通常為固定資產，屬於 Category 2
機械及設備,,微量泵,True,2,機械設備通常為固定資產，屬於 Category 2
機械及設備,,燃料油泵,True,2,機械設備通常為固定資產，屬於 Category 2
機械及設備,,循環泵,True,2,機械設備通常為固定資產，屬於 Category 2
機械及設備,,輸送泵,True,2,機械設備通常為固定資產，屬於 Category 2
機械及設備,,離子泵,True,2,機械設備通常為固定資產，屬於 Category 2
機械及設備,,齒輪泵,True,2,機械設備通常為固定資產，屬於 Category 2
機械及設備,,硫酸泵,True,2,機械設備通常為固定資產，屬於 Category 2
機械及設備,,抽水泵（潛水泵）,True,2,機械設備通常為固定資產，屬於 Category 2
機械及設備,,磁鐵泵,True,2,機械設備通常為固定資產，屬於 Category 2
機械及設備,,真空吸水機,True,2,機械設備通常為固定資產，屬於 Category 2
機械及設備,,真空殘水機,True,2,機械設備通常為固定資產，屬於 Category 2
機械及設備,,潛水式自動泵,True,2,機械設備通常為固定資產，屬於 Category 2
機械及設備,,油洗泵,True,2,機械設備通常為固定資產，屬於 Category 2
機械及設備,,不銹鋼泵,True,2,機械設備通常為固定資產，屬於 Category 2
機械及設備,,氣動泵,True,2,機械設備通常為固定資產，屬於 Category 2
機械及設備,,氣動試壓泵,True,2,機械設備通常為固定資產，屬於 Category 2
機械及設備,,抽油泵,True,2,機械設備通常為固定資產，屬於 Category 2
機械及設備,,黃油泵,True,2,機械設備通常為固定資產，屬於 Category 2
機械及設備,,活線注入礙子掃除機,True,2,機械設備通常為固定資產，屬於 Category 2
機械及設備,,立式泵,True,2,機械設備通常為固定資產，屬於 Category 2
機械及設備,,直立泵,True,2,機械設備通常為固定資產，屬於 Category 2
機械及設備,,排泥泵,True,2,機械設備通常為固定資產，屬於 Category 2
機械及設備,,汽油泵,True,2,機械設備通常為固定資產，屬於 Category 2
機械及設備,,消防泵,True,2,機械設備通常為固定資產，屬於 Category 2
機械及設備,,透平泵,True,2,機械設備通常為固定資產，屬於 Category 2
機械及設備,,輪機泵,True,2,機械設備通常為固定資產，屬於 Category 2
機械及設備,,柱塞泵,True,2,機械設備通常為固定資產，屬於 Category 2
機械及設備,,霧化泵,True,2,機械設備通常為固定資產，屬於 Category 2
機械及設備,,渦卷泵,True,2,機械設備通常為固定資產，屬於 Category 2
機械及設備,,輪葉式泵,True,2,機械設備通常為固定資產，屬於 Category 2
機械及設備,,階疊泵,True,2,機械設備通常為固定資產，屬於 Category 2
機械及設備,,多級擴散葉式雜心泵,True,2,機械設備通常為固定資產，屬於 Category 2
機械及設備,,深井泵,True,2,機械設備通常為固定資產，屬於 Category 2
機械及設備,,自動注入泵,True,2,機械設備通常為固定資產，屬於 Category 2
機械及設備,,自動注潤泵,True,2,機械設備通常為固定資產，屬於 Category 2
機械及設備,,隔膜式泵,True,2,機械設備通常為固定資產，屬於 Category 2
機械及設備,,水壓試驗用泵,True,2,機械設備通常為固定資產，屬於 Category 2
機械及設備,,柴油泵,True,2,機械設備通常為固定資產，屬於 Category 2
機械及設備,,螺旋泵,True,2,機械設備通常為固定資產，屬於 Category 2
機械及設備,,水坑泵,True,2,機械設備通常為固定資產，屬於 Category 2
機械及設備,,空氣泵,True,2,機械設備通常為固定資產，屬於 Category 2
機械及設備,,氣力揚升泵,True,2,機械設備通常為固定資產，屬於 Category 2
機械及設備,,軸流式泵,True,2,機械設備通常為固定資產，屬於 Category 2
機械及設備,,環流泵,True,2,機械設備通常為固定資產，屬於 Category 2
機械及設備,,海水泵,True,2,機械設備通常為固定資產，屬於 Category 2
機械及設備,,轉注泵,True,2,機械設備通常為固定資產，屬於 Category 2
機械及設備,,排水泵,True,2,機械設備通常為固定資產，屬於 Category 2
機械及設備,,鹽水泵,True,2,機械設備通常為固定資產，屬於 Category 2
機械及設備,,布氏轉動泵,True,2,機械設備通常為固定資產，屬於 Category 2
機械及設備,,試驗泵,True,2,機械設備通常為固定資產，屬於 Category 2
機械及設備,,活塞式泵,True,2,機械設備通常為固定資產，屬於 Category 2
機械及設備,,自動泵甫,True,2,機械設備通常為固定資產，屬於 Category 2
機械及設備,,ＵＦ型渦流同軸水泵甫,True,2,機械設備通常為固定資產，屬於 Category 2
機械及設備,,驅氣泵,True,2,機械設備通常為固定資產，屬於 Category 2
機械及設備,,無曲軸泵,True,2,機械設備通常為固定資產，屬於 Category 2
機械及設備,,小型定量泵浦,True,2,機械設備通常為固定資產，屬於 Category 2
機械及設備,,抽砂泵,True,2,機械設備通常為固定資產，屬於 Category 2
機械及設備,,直筒水泵,True,2,機械設備通常為固定資產，屬於 Category 2
機械及設備,,排水式泵,True,2,機械設備通常為固定資產，屬於 Category 2
機械及設備,,油泵,True,2,機械設備通常為固定資產，屬於 Category 2
機械及設備,,空氣壓縮水泵,True,2,機械設備通常為固定資產，屬於 Category 2
機械及設備,,沈水式水泵,True,2,機械設備通常為固定資產，屬於 Category 2
機械及設備,,蠕動泵,True,2,機械設備通常為固定資產，屬於 Category 2
機械及設備,,泵,True,2,機械設備通常為固定資產，屬於 Category 2
機械及設備,,噴射式泵,True,2,機械設備通常為固定資產，屬於 Category 2
機械及設備,,電動試壓泵,True,2,機械設備通常為固定資產，屬於 Category 2
機械及設備,,噴泵,True,2,機械設備通常為固定資產，屬於 Category 2
機械及設備,04,鼓風機,True,2,機械設備通常為固定資產，屬於 Category 2
機械及設備,,迴轉式鼓風機,True,2,機械設備通常為固定資產，屬於 Category 2
機械及設備,,噴射式鼓風機,True,2,機械設備通常為固定資產，屬於 Category 2
機械及設備,,活塞式鼓風機,True,2,機械設備通常為固定資產，屬於 Category 2
機械及設備,,手搖鼓風機,True,2,機械設備通常為固定資產，屬於 Category 2
機械及設備,,吸風機,True,2,機械設備通常為固定資產，屬於 Category 2
機械及設備,,魯氏鼓風機,True,2,機械設備通常為固定資產，屬於 Category 2
機械及設備,,旋風分離機,True,2,機械設備通常為固定資產，屬於 Category 2
機械及設備,,送風機連馬達,True,2,機械設備通常為固定資產，屬於 Category 2
機械及設備,,多翼式鼓風機,True,2,機械設備通常為固定資產，屬於 Category 2
機械及設備,,鑄造用鼓風機,True,2,機械設備通常為固定資產，屬於 Category 2
機械及設備,,工業用抽風機,True,2,機械設備通常為固定資產，屬於 Category 2
機械及設備,,排量式鼓風機,True,2,機械設備通常為固定資產，屬於 Category 2
機械及設備,,離心式鼓風機,True,2,機械設備通常為固定資產，屬於 Category 2
機械及設備,05,風扇,True,2,機械設備通常為固定資產，屬於 Category 2
機械及設備,,離心式風扇,True,2,機械設備通常為固定資產，屬於 Category 2
機械及設備,,軸流式風扇,True,2,機械設備通常為固定資產，屬於 Category 2
機械及設備,,空氣門,True,2,機械設備通常為固定資產，屬於 Category 2
機械及設備,,排風設備,True,2,機械設備通常為固定資產，屬於 Category 2
機械及設備,,工業用電風扇,True,2,機械設備通常為固定資產，屬於 Category 2
機械及設備,,多葉風扇,True,2,機械設備通常為固定資產，屬於 Category 2
機械及設備,06,管線,True,2,機械設備通常為固定資產，屬於 Category 2
機械及設備,,氣體管線,True,2,機械設備通常為固定資產，屬於 Category 2
機械及設備,,液體管線,True,2,機械設備通常為固定資產，屬於 Category 2
機械及設備,,固體管線,True,2,機械設備通常為固定資產，屬於 Category 2
機械及設備,09,工程工具,True,2,機械設備通常為固定資產，屬於 Category 2
機械及設備,01,動力工具,True,2,機械設備通常為固定資產，屬於 Category 2
機械及設備,01,電動工具,True,2,機械設備通常為固定資產，屬於 Category 2
機械及設備,,電鑽,True,2,機械設備通常為固定資產，屬於 Category 2
機械及設備,,電動砂輪機,True,2,機械設備通常為固定資產，屬於 Category 2
機械及設備,,電錘,True,2,機械設備通常為固定資產，屬於 Category 2
機械及設備,,電旋鑿,True,2,機械設備通常為固定資產，屬於 Category 2
機械及設備,,電溶膠罐,True,2,機械設備通常為固定資產，屬於 Category 2
機械及設備,,電動汽門雙肢架,True,2,機械設備通常為固定資產，屬於 Category 2
機械及設備,,電動螺絲公,True,2,機械設備通常為固定資產，屬於 Category 2
機械及設備,,電動修閥面器,True,2,機械設備通常為固定資產，屬於 Category 2
機械及設備,,閥座磨修設備,True,2,機械設備通常為固定資產，屬於 Category 2
機械及設備,,電鋸,True,2,機械設備通常為固定資產，屬於 Category 2
機械及設備,,電動角鑿機,True,2,機械設備通常為固定資產，屬於 Category 2
機械及設備,,自動鉋木機,True,2,機械設備通常為固定資產，屬於 Category 2
機械及設備,,電剪,True,2,機械設備通常為固定資產，屬於 Category 2
機械及設備,,電動起子,True,2,機械設備通常為固定資產，屬於 Category 2
機械及設備,,電動板手,True,2,機械設備通常為固定資產，屬於 Category 2
機械及設備,,做柄機,True,2,機械設備通常為固定資產，屬於 Category 2
機械及設備,,手押鉋木機,True,2,機械設備通常為固定資產，屬於 Category 2
機械及設備,,鐵軌打孔機,True,2,機械設備通常為固定資產，屬於 Category 2
機械及設備,,電動打牙機,True,2,機械設備通常為固定資產，屬於 Category 2
機械及設備,,高速切割機,True,2,機械設備通常為固定資產，屬於 Category 2
機械及設備,,路面割切機,True,2,機械設備通常為固定資產，屬於 Category 2
機械及設備,,自動絞牙器,True,2,機械設備通常為固定資產，屬於 Category 2
機械及設備,,精密修磨機,True,2,機械設備通常為固定資產，屬於 Category 2
機械及設備,,萬能機,True,2,機械設備通常為固定資產，屬於 Category 2
機械及設備,,真空自動除錫機,True,2,機械設備通常為固定資產，屬於 Category 2
機械及設備,,電動刻字筆,True,2,機械設備通常為固定資產，屬於 Category 2
機械及設備,,真空密著包裝機,True,2,機械設備通常為固定資產，屬於 Category 2
機械及設備,,收縮包裝機,True,2,機械設備通常為固定資產，屬於 Category 2
機械及設備,,手提溝鉋機,True,2,機械設備通常為固定資產，屬於 Category 2
機械及設備,,手提砂帶機,True,2,機械設備通常為固定資產，屬於 Category 2
機械及設備,,電動刻花機,True,2,機械設備通常為固定資產，屬於 Category 2
機械及設備,,電動括花機,True,2,機械設備通常為固定資產，屬於 Category 2
機械及設備,,砂布機,True,2,機械設備通常為固定資產，屬於 Category 2
機械及設備,,電動切磚機,True,2,機械設備通常為固定資產，屬於 Category 2
機械及設備,,電刷,True,2,機械設備通常為固定資產，屬於 Category 2
機械及設備,,修籬機,True,2,機械設備通常為固定資產，屬於 Category 2
機械及設備,,電動開槽機,True,2,機械設備通常為固定資產，屬於 Category 2
機械及設備,,囉木機,True,2,機械設備通常為固定資產，屬於 Category 2
機械及設備,,電動打孔機,True,2,機械設備通常為固定資產，屬於 Category 2
機械及設備,,電動破碎機,True,2,機械設備通常為固定資產，屬於 Category 2
機械及設備,,刀具設定,True,2,機械設備通常為固定資產，屬於 Category 2
機械及設備,,馬達變速箱,True,2,機械設備通常為固定資產，屬於 Category 2
機械及設備,,電動皮帶砂磨機,True,2,機械設備通常為固定資產，屬於 Category 2
機械及設備,,電動清管機,True,2,機械設備通常為固定資產，屬於 Category 2
機械及設備,,電動鉋,True,2,機械設備通常為固定資產，屬於 Category 2
機械及設備,,電動管子絞牙頭,True,2,機械設備通常為固定資產，屬於 Category 2
機械及設備,,電動切板機,True,2,機械設備通常為固定資產，屬於 Category 2
機械及設備,,電動鋸木機,True,2,機械設備通常為固定資產，屬於 Category 2
機械及設備,,電動磨孔機,True,2,機械設備通常為固定資產，屬於 Category 2
機械及設備,,手提碎剪機,True,2,機械設備通常為固定資產，屬於 Category 2
機械及設備,,汽門座絞刁,True,2,機械設備通常為固定資產，屬於 Category 2
機械及設備,,塑膠管、不斷水式鑽孔機,True,2,機械設備通常為固定資產，屬於 Category 2
機械及設備,,手提式電動磨光機,True,2,機械設備通常為固定資產，屬於 Category 2
機械及設備,,手提式電動研磨機,True,2,機械設備通常為固定資產，屬於 Category 2
機械及設備,,真空清淨機,True,2,機械設備通常為固定資產，屬於 Category 2
機械及設備,,手工具箱,True,2,機械設備通常為固定資產，屬於 Category 2
機械及設備,,油清淨裝置,True,2,機械設備通常為固定資產，屬於 Category 2
機械及設備,,真空浸潤機,True,2,機械設備通常為固定資產，屬於 Category 2
機械及設備,,電動機,True,2,機械設備通常為固定資產，屬於 Category 2
機械及設備,,手提電動磨擦器,True,2,機械設備通常為固定資產，屬於 Category 2
機械及設備,,電動靶位維修工具組,True,2,機械設備通常為固定資產，屬於 Category 2
機械及設備,,砂輪片,True,2,機械設備通常為固定資產，屬於 Category 2
機械及設備,,砂盤機,True,2,機械設備通常為固定資產，屬於 Category 2
機械及設備,,電動迴轉台,True,2,機械設備通常為固定資產，屬於 Category 2
機械及設備,,複合機及配件,True,2,機械設備通常為固定資產，屬於 Category 2
機械及設備,,永磁式夾盤,True,2,機械設備通常為固定資產，屬於 Category 2
機械及設備,,彫刀輪,True,2,機械設備通常為固定資產，屬於 Category 2
機械及設備,,角磨機,True,2,機械設備通常為固定資產，屬於 Category 2
機械及設備,,精密切樣器,True,2,機械設備通常為固定資產，屬於 Category 2
機械及設備,,顆粒產生器,True,2,機械設備通常為固定資產，屬於 Category 2
機械及設備,02,氣動工具,True,2,機械設備通常為固定資產，屬於 Category 2
機械及設備,,氣動鉆,True,2,機械設備通常為固定資產，屬於 Category 2
機械及設備,,氣動砂輪軾,True,2,機械設備通常為固定資產，屬於 Category 2
機械及設備,,氣鎚,True,2,機械設備通常為固定資產，屬於 Category 2
機械及設備,,氣動衝擊板手,True,2,機械設備通常為固定資產，屬於 Category 2
機械及設備,,氣動撞鎚,True,2,機械設備通常為固定資產，屬於 Category 2
機械及設備,,氣動砂磨器,True,2,機械設備通常為固定資產，屬於 Category 2
機械及設備,,氣動螺母安裝器,True,2,機械設備通常為固定資產，屬於 Category 2
機械及設備,,清管機,True,2,機械設備通常為固定資產，屬於 Category 2
機械及設備,,多針空氣鑿,True,2,機械設備通常為固定資產，屬於 Category 2
機械及設備,,動力呼吸器,True,2,機械設備通常為固定資產，屬於 Category 2
機械及設備,,液壓起輪器,True,2,機械設備通常為固定資產，屬於 Category 2
機械及設備,,切磨鑽桿機,True,2,機械設備通常為固定資產，屬於 Category 2
機械及設備,,氣動除渣機,True,2,機械設備通常為固定資產，屬於 Category 2
機械及設備,,手提自動氣切機,True,2,機械設備通常為固定資產，屬於 Category 2
機械及設備,,氣力收緊器,True,2,機械設備通常為固定資產，屬於 Category 2
機械及設備,,氣力接合器,True,2,機械設備通常為固定資產，屬於 Category 2
機械及設備,,氣動擠壓槍,True,2,機械設備通常為固定資產，屬於 Category 2
機械及設備,,氣動打釘機,True,2,機械設備通常為固定資產，屬於 Category 2
機械及設備,,氣袋,True,2,機械設備通常為固定資產，屬於 Category 2
機械及設備,,氣壓控制實習盤,True,2,機械設備通常為固定資產，屬於 Category 2
機械及設備,,流體動力配管訓練系統,True,2,機械設備通常為固定資產，屬於 Category 2
機械及設備,,氣動萬能鋸,True,2,機械設備通常為固定資產，屬於 Category 2
機械及設備,,空氣自動化實驗裝置,True,2,機械設備通常為固定資產，屬於 Category 2
機械及設備,,研磨機,True,2,機械設備通常為固定資產，屬於 Category 2
機械及設備,,切割筆（機）,True,2,機械設備通常為固定資產，屬於 Category 2
機械及設備,,圓盤砂帶機,True,2,機械設備通常為固定資產，屬於 Category 2
機械及設備,,迷你去邊機,True,2,機械設備通常為固定資產，屬於 Category 2
機械及設備,,氣動挫刀機,True,2,機械設備通常為固定資產，屬於 Category 2
機械及設備,,氣動精密研削機,True,2,機械設備通常為固定資產，屬於 Category 2
機械及設備,,電槽試驗夾具機,True,2,機械設備通常為固定資產，屬於 Category 2
機械及設備,,強力瓦斯噴頭機,True,2,機械設備通常為固定資產，屬於 Category 2
機械及設備,,氣動吹風機頭機,True,2,機械設備通常為固定資產，屬於 Category 2
機械及設備,,壓風機,True,2,機械設備通常為固定資產，屬於 Category 2
機械及設備,,壓氣機,True,2,機械設備通常為固定資產，屬於 Category 2
機械及設備,,釘式自動除清器,True,2,機械設備通常為固定資產，屬於 Category 2
機械及設備,,氣動絞牙機,True,2,機械設備通常為固定資產，屬於 Category 2
機械及設備,,氣動刻字機,True,2,機械設備通常為固定資產，屬於 Category 2
機械及設備,,氣動斜口開槽機,True,2,機械設備通常為固定資產，屬於 Category 2
機械及設備,,氣動螺絲起子,True,2,機械設備通常為固定資產，屬於 Category 2
機械及設備,,氣動拉釘槍,True,2,機械設備通常為固定資產，屬於 Category 2
機械及設備,,輪胎拆卸扳手,True,2,機械設備通常為固定資產，屬於 Category 2
機械及設備,,氣動削管機,True,2,機械設備通常為固定資產，屬於 Category 2
機械及設備,,氣動碎土機,True,2,機械設備通常為固定資產，屬於 Category 2
機械及設備,,氣動切鉚釘鎚,True,2,機械設備通常為固定資產，屬於 Category 2
機械及設備,,氣動捻縫鎚,True,2,機械設備通常為固定資產，屬於 Category 2
機械及設備,,氣動掘縫鎚,True,2,機械設備通常為固定資產，屬於 Category 2
機械及設備,,手提引擎鏈鋸,True,2,機械設備通常為固定資產，屬於 Category 2
機械及設備,,鉚釘槍,True,2,機械設備通常為固定資產，屬於 Category 2
機械及設備,,氣動馬達,True,2,機械設備通常為固定資產，屬於 Category 2
機械及設備,,計刀矩擴管器,True,2,機械設備通常為固定資產，屬於 Category 2
機械及設備,,氣動擴管控制器,True,2,機械設備通常為固定資產，屬於 Category 2
機械及設備,,氣動清管器,True,2,機械設備通常為固定資產，屬於 Category 2
機械及設備,,氣動刷管器,True,2,機械設備通常為固定資產，屬於 Category 2
機械及設備,,氣動去銹鎚,True,2,機械設備通常為固定資產，屬於 Category 2
機械及設備,,氣動去銹針鎚,True,2,機械設備通常為固定資產，屬於 Category 2
機械及設備,,拆螺器,True,2,機械設備通常為固定資產，屬於 Category 2
機械及設備,,氣動噴漆槍,True,2,機械設備通常為固定資產，屬於 Category 2
機械及設備,,氣動挖焊㷍鎚,True,2,機械設備通常為固定資產，屬於 Category 2
機械及設備,,輪胎研磨器,True,2,機械設備通常為固定資產，屬於 Category 2
機械及設備,,風動加油機,True,2,機械設備通常為固定資產，屬於 Category 2
機械及設備,,氣動鑽孔機,True,2,機械設備通常為固定資產，屬於 Category 2
機械及設備,,氣動螺絲扳手,True,2,機械設備通常為固定資產，屬於 Category 2
機械及設備,,氣動起子,True,2,機械設備通常為固定資產，屬於 Category 2
機械及設備,03,油壓工具,True,2,機械設備通常為固定資產，屬於 Category 2
機械及設備,,彎管器,True,2,機械設備通常為固定資產，屬於 Category 2
機械及設備,,剪鋼索器,True,2,機械設備通常為固定資產，屬於 Category 2
機械及設備,,打孔器,True,2,機械設備通常為固定資產，屬於 Category 2
機械及設備,,拉力器,True,2,機械設備通常為固定資產，屬於 Category 2
機械及設備,,油壓修理工具組件,True,2,機械設備通常為固定資產，屬於 Category 2
機械及設備,,拆除器,True,2,機械設備通常為固定資產，屬於 Category 2
機械及設備,,齒輪裝置工具,True,2,機械設備通常為固定資產，屬於 Category 2
機械及設備,,擴管器,True,2,機械設備通常為固定資產，屬於 Category 2
機械及設備,,端子壓著器,True,2,機械設備通常為固定資產，屬於 Category 2
機械及設備,,真空吸盤夾具,True,2,機械設備通常為固定資產，屬於 Category 2
機械及設備,,油壓控制實習盤,True,2,機械設備通常為固定資產，屬於 Category 2
機械及設備,,移動式油壓機,True,2,機械設備通常為固定資產，屬於 Category 2
機械及設備,,伺服閥測試台,True,2,機械設備通常為固定資產，屬於 Category 2
機械及設備,,油壓油顆粒檢測系統,True,2,機械設備通常為固定資產，屬於 Category 2
機械及設備,,打片機,True,2,機械設備通常為固定資產，屬於 Category 2
機械及設備,,油壓管接頭壓著工具,True,2,機械設備通常為固定資產，屬於 Category 2
機械及設備,,手提砂磨機,True,2,機械設備通常為固定資產，屬於 Category 2
機械及設備,02,精密量具,True,2,機械設備通常為固定資產，屬於 Category 2
機械及設備,01,精密手用量具,True,2,機械設備通常為固定資產，屬於 Category 2
機械及設備,,外徑測微卡,True,2,機械設備通常為固定資產，屬於 Category 2
機械及設備,,頭端量桿式測微卡,True,2,機械設備通常為固定資產，屬於 Category 2
機械及設備,,內徑測微卡,True,2,機械設備通常為固定資產，屬於 Category 2
機械及設備,,精密端量度桿,True,2,機械設備通常為固定資產，屬於 Category 2
機械及設備,,微孔規及套筒測徑規,True,2,機械設備通常為固定資產，屬於 Category 2
機械及設備,,游標卡尺,True,2,機械設備通常為固定資產，屬於 Category 2
機械及設備,,游標高度規,True,2,機械設備通常為固定資產，屬於 Category 2
機械及設備,,游標輪齒卡,True,2,機械設備通常為固定資產，屬於 Category 2
機械及設備,,游標深度規,True,2,機械設備通常為固定資產，屬於 Category 2
機械及設備,,複式短尺,True,2,機械設備通常為固定資產，屬於 Category 2
機械及設備,,角度規及斜角規,True,2,機械設備通常為固定資產，屬於 Category 2
機械及設備,,繪圖儀器,True,2,機械設備通常為固定資產，屬於 Category 2
機械及設備,,英文字母儀,True,2,機械設備通常為固定資產，屬於 Category 2
機械及設備,,縮放儀,True,2,機械設備通常為固定資產，屬於 Category 2
機械及設備,,寫字儀規,True,2,機械設備通常為固定資產，屬於 Category 2
機械及設備,,定盤,True,2,機械設備通常為固定資產，屬於 Category 2
機械及設備,,水平板,True,2,機械設備通常為固定資產，屬於 Category 2
機械及設備,,覓管機,True,2,機械設備通常為固定資產，屬於 Category 2
機械及設備,,覓箱機,True,2,機械設備通常為固定資產，屬於 Category 2
機械及設備,,自來繪圖筆,True,2,機械設備通常為固定資產，屬於 Category 2
機械及設備,,萬能繪圖筆,True,2,機械設備通常為固定資產，屬於 Category 2
機械及設備,,精密塊規,True,2,機械設備通常為固定資產，屬於 Category 2
機械及設備,,螺紋節規,True,2,機械設備通常為固定資產，屬於 Category 2
機械及設備,,萬能角度儀,True,2,機械設備通常為固定資產，屬於 Category 2
機械及設備,,半圓角度儀,True,2,機械設備通常為固定資產，屬於 Category 2
機械及設備,,公厘表校正儀,True,2,機械設備通常為固定資產，屬於 Category 2
機械及設備,,螺紋測微器,True,2,機械設備通常為固定資產，屬於 Category 2
機械及設備,,偏心檢查器,True,2,機械設備通常為固定資產，屬於 Category 2
機械及設備,,正弦規,True,2,機械設備通常為固定資產，屬於 Category 2
機械及設備,,精密水平儀,True,2,機械設備通常為固定資產，屬於 Category 2
機械及設備,,組合角尺,True,2,機械設備通常為固定資產，屬於 Category 2
機械及設備,,刀口平尺,True,2,機械設備通常為固定資產，屬於 Category 2
機械及設備,,光度板,True,2,機械設備通常為固定資產，屬於 Category 2
機械及設備,,平行墊塊,True,2,機械設備通常為固定資產，屬於 Category 2
機械及設備,,牙規,True,2,機械設備通常為固定資產，屬於 Category 2
機械及設備,,圓柱角規,True,2,機械設備通常為固定資產，屬於 Category 2
機械及設備,,測微器座,True,2,機械設備通常為固定資產，屬於 Category 2
機械及設備,,精密鋼捲尺,True,2,機械設備通常為固定資產，屬於 Category 2
機械及設備,,顯微測樹器,True,2,機械設備通常為固定資產，屬於 Category 2
機械及設備,,精密水位針尺,True,2,機械設備通常為固定資產，屬於 Category 2
機械及設備,,數值讀數器,True,2,機械設備通常為固定資產，屬於 Category 2
機械及設備,,六角刀調整器,True,2,機械設備通常為固定資產，屬於 Category 2
機械及設備,,針盤指示表檢驗器,True,2,機械設備通常為固定資產，屬於 Category 2
機械及設備,,標準直尺,True,2,機械設備通常為固定資產，屬於 Category 2
機械及設備,,數字式換桿分厘卡,True,2,機械設備通常為固定資產，屬於 Category 2
機械及設備,,液晶數字式分厘卡,True,2,機械設備通常為固定資產，屬於 Category 2
機械及設備,,量錶快測規,True,2,機械設備通常為固定資產，屬於 Category 2
機械及設備,,精密測量設備,True,2,機械設備通常為固定資產，屬於 Category 2
機械及設備,,三線組合規,True,2,機械設備通常為固定資產，屬於 Category 2
機械及設備,,前束規,True,2,機械設備通常為固定資產，屬於 Category 2
機械及設備,,工具校正器,True,2,機械設備通常為固定資產，屬於 Category 2
機械及設備,,長度測定器,True,2,機械設備通常為固定資產，屬於 Category 2
機械及設備,,螺桿測定儀,True,2,機械設備通常為固定資產，屬於 Category 2
機械及設備,,平軸承接合檢驗儀,True,2,機械設備通常為固定資產，屬於 Category 2
機械及設備,,齒形及螺旋角測量儀,True,2,機械設備通常為固定資產，屬於 Category 2
機械及設備,,齒輪滾動測試儀,True,2,機械設備通常為固定資產，屬於 Category 2
機械及設備,,平行直規,True,2,機械設備通常為固定資產，屬於 Category 2
機械及設備,,工字型直線定規,True,2,機械設備通常為固定資產，屬於 Category 2
機械及設備,,齒輪偏擺測試儀,True,2,機械設備通常為固定資產，屬於 Category 2
機械及設備,,基板組合,True,2,機械設備通常為固定資產，屬於 Category 2
機械及設備,,花崗石平板,True,2,機械設備通常為固定資產，屬於 Category 2
機械及設備,,卡尺校正器,True,2,機械設備通常為固定資產，屬於 Category 2
機械及設備,,水平台架器,True,2,機械設備通常為固定資產，屬於 Category 2
機械及設備,,游標甪度規,True,2,機械設備通常為固定資產，屬於 Category 2
機械及設備,,目視量規,True,2,機械設備通常為固定資產，屬於 Category 2
機械及設備,,Ｖ型塊規,True,2,機械設備通常為固定資產，屬於 Category 2
機械及設備,,電子薄規,True,2,機械設備通常為固定資產，屬於 Category 2
機械及設備,,塞規,True,2,機械設備通常為固定資產，屬於 Category 2
機械及設備,,比較儀,True,2,機械設備通常為固定資產，屬於 Category 2
機械及設備,,ＡＡ標準規矩塊,True,2,機械設備通常為固定資產，屬於 Category 2
機械及設備,,三線規,True,2,機械設備通常為固定資產，屬於 Category 2
機械及設備,,直角規,True,2,機械設備通常為固定資產，屬於 Category 2
機械及設備,,多邊規,True,2,機械設備通常為固定資產，屬於 Category 2
機械及設備,,直定規,True,2,機械設備通常為固定資產，屬於 Category 2
機械及設備,,測微計,True,2,機械設備通常為固定資產，屬於 Category 2
機械及設備,,齒輪測試設備,True,2,機械設備通常為固定資產，屬於 Category 2
機械及設備,,刀盤及刀片,True,2,機械設備通常為固定資產，屬於 Category 2
機械及設備,,數位ＩＣ測試器,True,2,機械設備通常為固定資產，屬於 Category 2
機械及設備,,精密量具乙批,True,2,機械設備通常為固定資產，屬於 Category 2
機械及設備,,花崗岩定盤機,True,2,機械設備通常為固定資產，屬於 Category 2
機械及設備,,精密鑄鐵定盤,True,2,機械設備通常為固定資產，屬於 Category 2
機械及設備,,深度測微卡,True,2,機械設備通常為固定資產，屬於 Category 2
機械及設備,,斜度規,True,2,機械設備通常為固定資產，屬於 Category 2
機械及設備,,規矩塊,True,2,機械設備通常為固定資產，屬於 Category 2
機械及設備,,設計繪圖號器（機械丁字尺）,True,2,機械設備通常為固定資產，屬於 Category 2
機械及設備,,平行管子牙規,True,2,機械設備通常為固定資產，屬於 Category 2
機械及設備,,角尺規,True,2,機械設備通常為固定資產，屬於 Category 2
機械及設備,,電子式卡尺,True,2,機械設備通常為固定資產，屬於 Category 2
機械及設備,,直角度測試儀,True,2,機械設備通常為固定資產，屬於 Category 2
機械及設備,,精密角板,True,2,機械設備通常為固定資產，屬於 Category 2
機械及設備,,描字器,True,2,機械設備通常為固定資產，屬於 Category 2
機械及設備,,游標測微規,True,2,機械設備通常為固定資產，屬於 Category 2
機械及設備,,製圖機,True,2,機械設備通常為固定資產，屬於 Category 2
機械及設備,,縮圖機,True,2,機械設備通常為固定資產，屬於 Category 2
機械及設備,,指針測微規,True,2,機械設備通常為固定資產，屬於 Category 2
機械及設備,,精密檢查設備,True,2,機械設備通常為固定資產，屬於 Category 2
機械及設備,,輪距測定規,True,2,機械設備通常為固定資產，屬於 Category 2
機械及設備,,微分卡,True,2,機械設備通常為固定資產，屬於 Category 2
機械及設備,,表面兀０２度標準尺,True,2,機械設備通常為固定資產，屬於 Category 2
機械及設備,,角度磁力座,True,2,機械設備通常為固定資產，屬於 Category 2
機械及設備,,高度標準規,True,2,機械設備通常為固定資產，屬於 Category 2
機械及設備,,表面粗度計,True,2,機械設備通常為固定資產，屬於 Category 2
機械及設備,,度盤卡規,True,2,機械設備通常為固定資產，屬於 Category 2
機械及設備,,內徑指示卡尺,True,2,機械設備通常為固定資產，屬於 Category 2
機械及設備,,環規,True,2,機械設備通常為固定資產，屬於 Category 2
機械及設備,,Ｖ字型規,True,2,機械設備通常為固定資產，屬於 Category 2
機械及設備,,測繪量具設備,True,2,機械設備通常為固定資產，屬於 Category 2
機械及設備,,垂直圓筒,True,2,機械設備通常為固定資產，屬於 Category 2
機械及設備,,尋邊器,True,2,機械設備通常為固定資產，屬於 Category 2
機械及設備,,精密萬力,True,2,機械設備通常為固定資產，屬於 Category 2
機械及設備,,繪線規,True,2,機械設備通常為固定資產，屬於 Category 2
機械及設備,,蜂巢式分度盤,True,2,機械設備通常為固定資產，屬於 Category 2
機械及設備,,牙度測規,True,2,機械設備通常為固定資產，屬於 Category 2
機械及設備,,三向位量測設備,True,2,機械設備通常為固定資產，屬於 Category 2
機械及設備,,針孔探測器,True,2,機械設備通常為固定資產，屬於 Category 2
機械及設備,,工業用部檢視儀器,True,2,機械設備通常為固定資產，屬於 Category 2
機械及設備,,極限卡規,True,2,機械設備通常為固定資產，屬於 Category 2
機械及設備,,極限環境,True,2,機械設備通常為固定資產，屬於 Category 2
機械及設備,,自動化模擬組合系統,True,2,機械設備通常為固定資產，屬於 Category 2
機械及設備,,百分量錶,True,2,機械設備通常為固定資產，屬於 Category 2
機械及設備,,精密分度頭,True,2,機械設備通常為固定資產，屬於 Category 2
機械及設備,,三次元畫線機,True,2,機械設備通常為固定資產，屬於 Category 2
機械及設備,,極限柱規,True,2,機械設備通常為固定資產，屬於 Category 2
機械及設備,,表面粗度標準規,True,2,機械設備通常為固定資產，屬於 Category 2
機械及設備,,重切平銑刀,True,2,機械設備通常為固定資產，屬於 Category 2
機械及設備,,彎度規,True,2,機械設備通常為固定資產，屬於 Category 2
機械及設備,,刮刀組合,True,2,機械設備通常為固定資產，屬於 Category 2
機械及設備,02,針盤指示儀表,True,2,機械設備通常為固定資產，屬於 Category 2
機械及設備,,針盤指示表（千分表）,True,2,機械設備通常為固定資產，屬於 Category 2
機械及設備,,針盤式檢驗指示表（千分表）,True,2,機械設備通常為固定資產，屬於 Category 2
機械及設備,,針盤比測器,True,2,機械設備通常為固定資產，屬於 Category 2
機械及設備,,台規,True,2,機械設備通常為固定資產，屬於 Category 2
機械及設備,,針盤式薄片規,True,2,機械設備通常為固定資產，屬於 Category 2
機械及設備,,針盤式深度規,True,2,機械設備通常為固定資產，屬於 Category 2
機械及設備,,振動測量計,True,2,機械設備通常為固定資產，屬於 Category 2
機械及設備,,內徑指示表,True,2,機械設備通常為固定資產，屬於 Category 2
機械及設備,,應變計,True,2,機械設備通常為固定資產，屬於 Category 2
機械及設備,,汽缸量規,True,2,機械設備通常為固定資產，屬於 Category 2
機械及設備,,失圓量規,True,2,機械設備通常為固定資產，屬於 Category 2
機械及設備,,三度空間測量劃線器,True,2,機械設備通常為固定資產，屬於 Category 2
機械及設備,,金屬量規,True,2,機械設備通常為固定資產，屬於 Category 2
機械及設備,,曲軸繞度規,True,2,機械設備通常為固定資產，屬於 Category 2
機械及設備,,機械振動分析器,True,2,機械設備通常為固定資產，屬於 Category 2
機械及設備,,雷射量測儀,True,2,機械設備通常為固定資產，屬於 Category 2
機械及設備,10,試驗、檢驗、控制儀器及設備,True,2,機械設備通常為固定資產，屬於 Category 2
機械及設備,01,壓力及真空測定儀器,True,2,機械設備通常為固定資產，屬於 Category 2
機械及設備,01,壓力測定儀器,True,2,機械設備通常為固定資產，屬於 Category 2
機械及設備,,壓力記錄器,True,2,機械設備通常為固定資產，屬於 Category 2
機械及設備,,壓力控制器,True,2,機械設備通常為固定資產，屬於 Category 2
機械及設備,,壓力傳送器,True,2,機械設備通常為固定資產，屬於 Category 2
機械及設備,,氣韌試驗器,True,2,機械設備通常為固定資產，屬於 Category 2
機械及設備,,多指壓力錶,True,2,機械設備通常為固定資產，屬於 Category 2
機械及設備,,壓力試驗器,True,2,機械設備通常為固定資產，屬於 Category 2
機械及設備,,水壓試驗機,True,2,機械設備通常為固定資產，屬於 Category 2
機械及設備,,噴嘴試驗泵,True,2,機械設備通常為固定資產，屬於 Category 2
機械及設備,,氧氣錶,True,2,機械設備通常為固定資產，屬於 Category 2
機械及設備,,液壓試驗機,True,2,機械設備通常為固定資產，屬於 Category 2
機械及設備,,指示傳送器,True,2,機械設備通常為固定資產，屬於 Category 2
機械及設備,,內應力計,True,2,機械設備通常為固定資產，屬於 Category 2
機械及設備,,加氯機,True,2,機械設備通常為固定資產，屬於 Category 2
機械及設備,,調壓器,True,2,機械設備通常為固定資產，屬於 Category 2
機械及設備,,汽缸壓力錶,True,2,機械設備通常為固定資產，屬於 Category 2
機械及設備,,差壓計,True,2,機械設備通常為固定資產，屬於 Category 2
機械及設備,,壓力校正儀,True,2,機械設備通常為固定資產，屬於 Category 2
機械及設備,,蒸氣壓力溫度關係測試儀,True,2,機械設備通常為固定資產，屬於 Category 2
機械及設備,,頂壓測定器,True,2,機械設備通常為固定資產，屬於 Category 2
機械及設備,,壓力校正器,True,2,機械設備通常為固定資產，屬於 Category 2
機械及設備,,皮氏管,True,2,機械設備通常為固定資產，屬於 Category 2
機械及設備,,精密傾斜微壓計,True,2,機械設備通常為固定資產，屬於 Category 2
機械及設備,,壓力衡盒,True,2,機械設備通常為固定資產，屬於 Category 2
機械及設備,,管路試壓泵,True,2,機械設備通常為固定資產，屬於 Category 2
機械及設備,,測定壓盤設備,True,2,機械設備通常為固定資產，屬於 Category 2
機械及設備,,油泵測定器,True,2,機械設備通常為固定資產，屬於 Category 2
機械及設備,,拉壓兩用檢力環,True,2,機械設備通常為固定資產，屬於 Category 2
機械及設備,,外指壓力表,True,2,機械設備通常為固定資產，屬於 Category 2
機械及設備,,差壓開關,True,2,機械設備通常為固定資產，屬於 Category 2
機械及設備,,水銀柱壓力錶,True,2,機械設備通常為固定資產，屬於 Category 2
機械及設備,,壓力槽,True,2,機械設備通常為固定資產，屬於 Category 2
機械及設備,,氣體校準儀,True,2,機械設備通常為固定資產，屬於 Category 2
機械及設備,,水洗試驗機,True,2,機械設備通常為固定資產，屬於 Category 2
機械及設備,,消氯機,True,2,機械設備通常為固定資產，屬於 Category 2
機械及設備,,淨重測試機,True,2,機械設備通常為固定資產，屬於 Category 2
機械及設備,,柴油引擎汽缸壓力錶,True,2,機械設備通常為固定資產，屬於 Category 2
機械及設備,,可程式控制器,True,2,機械設備通常為固定資產，屬於 Category 2
機械及設備,,磁力座附指錶,True,2,機械設備通常為固定資產，屬於 Category 2
機械及設備,,複式壓力計,True,2,機械設備通常為固定資產，屬於 Category 2
機械及設備,,壓力計試驗器,True,2,機械設備通常為固定資產，屬於 Category 2
機械及設備,,水壓表,True,2,機械設備通常為固定資產，屬於 Category 2
機械及設備,,銳感微壓計,True,2,機械設備通常為固定資產，屬於 Category 2
機械及設備,,壓力指示控制器,True,2,機械設備通常為固定資產，屬於 Category 2
機械及設備,,槽型壓力計,True,2,機械設備通常為固定資產，屬於 Category 2
機械及設備,,油壓試驗機,True,2,機械設備通常為固定資產，屬於 Category 2
機械及設備,,三軸向切削動力計,True,2,機械設備通常為固定資產，屬於 Category 2
機械及設備,,二氧化碳錶,True,2,機械設備通常為固定資產，屬於 Category 2
機械及設備,,油壓錶測試儀,True,2,機械設備通常為固定資產，屬於 Category 2
機械及設備,,空壓油泵測試計,True,2,機械設備通常為固定資產，屬於 Category 2
機械及設備,,量缸號表,True,2,機械設備通常為固定資產，屬於 Category 2
機械及設備,,氣壓計,True,2,機械設備通常為固定資產，屬於 Category 2
機械及設備,,氮氣錶,True,2,機械設備通常為固定資產，屬於 Category 2
機械及設備,,氧氣壓力錶,True,2,機械設備通常為固定資產，屬於 Category 2
機械及設備,,壓測儀,True,2,機械設備通常為固定資產，屬於 Category 2
機械及設備,,乙炔壓力錶,True,2,機械設備通常為固定資產，屬於 Category 2
機械及設備,,風壓計,True,2,機械設備通常為固定資產，屬於 Category 2
機械及設備,,磁力座附指表,True,2,機械設備通常為固定資產，屬於 Category 2
機械及設備,,薄膜式滲透壓力計,True,2,機械設備通常為固定資產，屬於 Category 2
機械及設備,,氣壓紀錄計,True,2,機械設備通常為固定資產，屬於 Category 2
機械及設備,,氣秤,True,2,機械設備通常為固定資產，屬於 Category 2
機械及設備,,馬德堡半球,True,2,機械設備通常為固定資產，屬於 Category 2
機械及設備,,真空壓力計,True,2,機械設備通常為固定資產，屬於 Category 2
機械及設備,,高壓偵測儀,True,2,機械設備通常為固定資產，屬於 Category 2
機械及設備,,油壓操作實驗裝置,True,2,機械設備通常為固定資產，屬於 Category 2
機械及設備,,高壓熔化罐,True,2,機械設備通常為固定資產，屬於 Category 2
機械及設備,02,真空測定儀器,True,2,機械設備通常為固定資產，屬於 Category 2
機械及設備,,真空計,True,2,機械設備通常為固定資產，屬於 Category 2
機械及設備,,真空記錄器,True,2,機械設備通常為固定資產，屬於 Category 2
機械及設備,,真空控制器,True,2,機械設備通常為固定資產，屬於 Category 2
機械及設備,,真空傳送器,True,2,機械設備通常為固定資產，屬於 Category 2
機械及設備,,真空試驗器,True,2,機械設備通常為固定資產，屬於 Category 2
機械及設備,,真空唧筒,True,2,機械設備通常為固定資產，屬於 Category 2
機械及設備,,真空泵,True,2,機械設備通常為固定資產，屬於 Category 2
機械及設備,,抽真空乾燥箱,True,2,機械設備通常為固定資產，屬於 Category 2
機械及設備,,高真空閥及閥組,True,2,機械設備通常為固定資產，屬於 Category 2
機械及設備,,高真空度表,True,2,機械設備通常為固定資產，屬於 Category 2
機械及設備,,真空濃縮裝置,True,2,機械設備通常為固定資產，屬於 Category 2
機械及設備,,高真空抽氣系統,True,2,機械設備通常為固定資產，屬於 Category 2
機械及設備,,水流抽氣機,True,2,機械設備通常為固定資產，屬於 Category 2
機械及設備,,真空蒸鍍設備,True,2,機械設備通常為固定資產，屬於 Category 2
機械及設備,,高溫單向凝固爐增設高真空系統,True,2,機械設備通常為固定資產，屬於 Category 2
機械及設備,,卡特夾雜物測定器,True,2,機械設備通常為固定資產，屬於 Category 2
機械及設備,,真空高溫爐,True,2,機械設備通常為固定資產，屬於 Category 2
機械及設備,,真空混練機,True,2,機械設備通常為固定資產，屬於 Category 2
機械及設備,,水流幫浦,True,2,機械設備通常為固定資產，屬於 Category 2
機械及設備,,真空灌模器,True,2,機械設備通常為固定資產，屬於 Category 2
機械及設備,,減壓吸引幫浦,True,2,機械設備通常為固定資產，屬於 Category 2
機械及設備,,減壓濃縮裝置,True,2,機械設備通常為固定資產，屬於 Category 2
機械及設備,,抽氣櫃,True,2,機械設備通常為固定資產，屬於 Category 2
機械及設備,,真空幫浦吸錫器,True,2,機械設備通常為固定資產，屬於 Category 2
機械及設備,,迴轉真空濃縮機,True,2,機械設備通常為固定資產，屬於 Category 2
機械及設備,,煙道用反吹風機,True,2,機械設備通常為固定資產，屬於 Category 2
機械及設備,,真空貼合機,True,2,機械設備通常為固定資產，屬於 Category 2
機械及設備,,真空攪拌器,True,2,機械設備通常為固定資產，屬於 Category 2
機械及設備,02,面位測定儀器,True,2,機械設備通常為固定資產，屬於 Category 2
機械及設備,01,液體面位測定儀器,True,2,機械設備通常為固定資產，屬於 Category 2
機械及設備,,液面計,True,2,機械設備通常為固定資產，屬於 Category 2
機械及設備,,液面記錄器,True,2,機械設備通常為固定資產，屬於 Category 2
機械及設備,,液面控制器,True,2,機械設備通常為固定資產，屬於 Category 2
機械及設備,,液面傳送器,True,2,機械設備通常為固定資產，屬於 Category 2
機械及設備,,面位指示控制器,True,2,機械設備通常為固定資產，屬於 Category 2
機械及設備,,面位開關,True,2,機械設備通常為固定資產，屬於 Category 2
機械及設備,,水位柱,True,2,機械設備通常為固定資產，屬於 Category 2
機械及設備,,液面接觸角計,True,2,機械設備通常為固定資產，屬於 Category 2
機械及設備,,小型接受液面指示錶,True,2,機械設備通常為固定資產，屬於 Category 2
機械及設備,,單用電話應答傳送器,True,2,機械設備通常為固定資產，屬於 Category 2
機械及設備,,分液器,True,2,機械設備通常為固定資產，屬於 Category 2
機械及設備,,水位自動顯示系統,True,2,機械設備通常為固定資產，屬於 Category 2
機械及設備,,雷射準直儀,True,2,機械設備通常為固定資產，屬於 Category 2
機械及設備,,彩色液面計,True,2,機械設備通常為固定資產，屬於 Category 2
機械及設備,,鉛直視準儀,True,2,機械設備通常為固定資產，屬於 Category 2
機械及設備,,遠隔液面指示計,True,2,機械設備通常為固定資產，屬於 Category 2
機械及設備,,液體比熱實驗器,True,2,機械設備通常為固定資產，屬於 Category 2
機械及設備,,自錄式水位儀,True,2,機械設備通常為固定資產，屬於 Category 2
機械及設備,,水位儀釋讀機,True,2,機械設備通常為固定資產，屬於 Category 2
機械及設備,02,固體面位測定儀器,True,2,機械設備通常為固定資產，屬於 Category 2
機械及設備,,固體面位計,True,2,機械設備通常為固定資產，屬於 Category 2
機械及設備,,固體面位記錄器,True,2,機械設備通常為固定資產，屬於 Category 2
機械及設備,,固體面位傳送器,True,2,機械設備通常為固定資產，屬於 Category 2
機械及設備,03,流量及流速測定儀器,True,2,機械設備通常為固定資產，屬於 Category 2
機械及設備,01,流量測定儀器,True,2,機械設備通常為固定資產，屬於 Category 2
機械及設備,,流量計,True,2,機械設備通常為固定資產，屬於 Category 2
機械及設備,,流量記錄器,True,2,機械設備通常為固定資產，屬於 Category 2
機械及設備,,流量控制器,True,2,機械設備通常為固定資產，屬於 Category 2
機械及設備,,流量計算器,True,2,機械設備通常為固定資產，屬於 Category 2
機械及設備,,流量傳送器,True,2,機械設備通常為固定資產，屬於 Category 2
機械及設備,,比度計,True,2,機械設備通常為固定資產，屬於 Category 2
機械及設備,,測定計,True,2,機械設備通常為固定資產，屬於 Category 2
機械及設備,,波向計,True,2,機械設備通常為固定資產，屬於 Category 2
機械及設備,,波高計,True,2,機械設備通常為固定資產，屬於 Category 2
機械及設備,,波高計自動調整器,True,2,機械設備通常為固定資產，屬於 Category 2
機械及設備,,波高計記錄器,True,2,機械設備通常為固定資產，屬於 Category 2
機械及設備,,波高計感受器,True,2,機械設備通常為固定資產，屬於 Category 2
機械及設備,,流量計校正設備,True,2,機械設備通常為固定資產，屬於 Category 2
機械及設備,,流量積數測定器,True,2,機械設備通常為固定資產，屬於 Category 2
機械及設備,,水流觀測槽,True,2,機械設備通常為固定資產，屬於 Category 2
機械及設備,,流量液位控制系統,True,2,機械設備通常為固定資產，屬於 Category 2
機械及設備,,車輛收費計數系統,True,2,機械設備通常為固定資產，屬於 Category 2
機械及設備,,車輛自動開放關閉機,True,2,機械設備通常為固定資產，屬於 Category 2
機械及設備,,電磁流通量偵測器,True,2,機械設備通常為固定資產，屬於 Category 2
機械及設備,,流體力學實驗設備,True,2,機械設備通常為固定資產，屬於 Category 2
機械及設備,,立體波高機,True,2,機械設備通常為固定資產，屬於 Category 2
機械及設備,,空氣消耗量計器,True,2,機械設備通常為固定資產，屬於 Category 2
機械及設備,,沉入式標準檢定器,True,2,機械設備通常為固定資產，屬於 Category 2
機械及設備,,流量調節器,True,2,機械設備通常為固定資產，屬於 Category 2
機械及設備,,比突管,True,2,機械設備通常為固定資產，屬於 Category 2
機械及設備,,流量計算尺,True,2,機械設備通常為固定資產，屬於 Category 2
機械及設備,,水質分析儀,True,2,機械設備通常為固定資產，屬於 Category 2
機械及設備,,流量控制開關,True,2,機械設備通常為固定資產，屬於 Category 2
機械及設備,,流體壓力計,True,2,機械設備通常為固定資產，屬於 Category 2
機械及設備,,電流空氣轉換器,True,2,機械設備通常為固定資產，屬於 Category 2
機械及設備,,低壓流量檢定器,True,2,機械設備通常為固定資產，屬於 Category 2
機械及設備,,流量指示器,True,2,機械設備通常為固定資產，屬於 Category 2
機械及設備,,流量累算機,True,2,機械設備通常為固定資產，屬於 Category 2
機械及設備,,自動雨量校正計數器,True,2,機械設備通常為固定資產，屬於 Category 2
機械及設備,,微量液體流速控制器,True,2,機械設備通常為固定資產，屬於 Category 2
機械及設備,,水錶,True,2,機械設備通常為固定資產，屬於 Category 2
機械及設備,,手提電腦抄表機,True,2,機械設備通常為固定資產，屬於 Category 2
機械及設備,02,流速測定儀器,True,2,機械設備通常為固定資產，屬於 Category 2
機械及設備,,流速計,True,2,機械設備通常為固定資產，屬於 Category 2
機械及設備,,速度計,True,2,機械設備通常為固定資產，屬於 Category 2
機械及設備,,加速器,True,2,機械設備通常為固定資產，屬於 Category 2
機械及設備,,限力實驗儀,True,2,機械設備通常為固定資產，屬於 Category 2
機械及設備,,海洋驗流儀,True,2,機械設備通常為固定資產，屬於 Category 2
機械及設備,,潮探儀,True,2,機械設備通常為固定資產，屬於 Category 2
機械及設備,,加速度規,True,2,機械設備通常為固定資產，屬於 Category 2
機械及設備,,風速錶,True,2,機械設備通常為固定資產，屬於 Category 2
機械及設備,04,溫度測定及實驗儀器,True,2,機械設備通常為固定資產，屬於 Category 2
機械及設備,01,溫度測定儀器,True,2,機械設備通常為固定資產，屬於 Category 2
機械及設備,,熱電偶溫度指示器,True,2,機械設備通常為固定資產，屬於 Category 2
機械及設備,,溫度控制器,True,2,機械設備通常為固定資產，屬於 Category 2
機械及設備,,溫度記錄器,True,2,機械設備通常為固定資產，屬於 Category 2
機械及設備,,溫度傳送器,True,2,機械設備通常為固定資產，屬於 Category 2
機械及設備,,自動溫度表,True,2,機械設備通常為固定資產，屬於 Category 2
機械及設備,,高溫計,True,2,機械設備通常為固定資產，屬於 Category 2
機械及設備,,卡達溫度計,True,2,機械設備通常為固定資產，屬於 Category 2
機械及設備,,通風乾溫計,True,2,機械設備通常為固定資產，屬於 Category 2
機械及設備,,溫度試驗器,True,2,機械設備通常為固定資產，屬於 Category 2
機械及設備,,溫度濕度控制器,True,2,機械設備通常為固定資產，屬於 Category 2
機械及設備,,熱電偶毫伏警報器,True,2,機械設備通常為固定資產，屬於 Category 2
機械及設備,,紅外線溫度測定器,True,2,機械設備通常為固定資產，屬於 Category 2
機械及設備,,自動溫度調節閥,True,2,機械設備通常為固定資產，屬於 Category 2
機械及設備,,電氣定溫烤箱,True,2,機械設備通常為固定資產，屬於 Category 2
機械及設備,,溫濕度自動測試器,True,2,機械設備通常為固定資產，屬於 Category 2
機械及設備,,溫濕度資料轉換器,True,2,機械設備通常為固定資產，屬於 Category 2
機械及設備,,高溫結晶爐,True,2,機械設備通常為固定資產，屬於 Category 2
機械及設備,,溫度掃描器,True,2,機械設備通常為固定資產，屬於 Category 2
機械及設備,,溫度計,True,2,機械設備通常為固定資產，屬於 Category 2
機械及設備,,表面溫度計,True,2,機械設備通常為固定資產，屬於 Category 2
機械及設備,,自動冷接點裝置,True,2,機械設備通常為固定資產，屬於 Category 2
機械及設備,,熱電偶溫度傳送器,True,2,機械設備通常為固定資產，屬於 Category 2
機械及設備,,最高最低溫度表,True,2,機械設備通常為固定資產，屬於 Category 2
機械及設備,,木材乾燥溫濕度氣動控制器,True,2,機械設備通常為固定資產，屬於 Category 2
機械及設備,,溫度校正器,True,2,機械設備通常為固定資產，屬於 Category 2
機械及設備,,冰點產生器,True,2,機械設備通常為固定資產，屬於 Category 2
機械及設備,,標準白金電阻溫度計,True,2,機械設備通常為固定資產，屬於 Category 2
機械及設備,,紙溫爐,True,2,機械設備通常為固定資產，屬於 Category 2
機械及設備,,錫定點器,True,2,機械設備通常為固定資產，屬於 Category 2
機械及設備,,鎵溫度標準,True,2,機械設備通常為固定資產，屬於 Category 2
機械及設備,,水三相點維護設備,True,2,機械設備通常為固定資產，屬於 Category 2
機械及設備,,攜帶式三相點盒,True,2,機械設備通常為固定資產，屬於 Category 2
機械及設備,,褪火爐,True,2,機械設備通常為固定資產，屬於 Category 2
機械及設備,,液態氧比較器,True,2,機械設備通常為固定資產，屬於 Category 2
機械及設備,,水三相點器,True,2,機械設備通常為固定資產，屬於 Category 2
機械及設備,,冰點參考點,True,2,機械設備通常為固定資產，屬於 Category 2
機械及設備,,標準低溫測定裝置,True,2,機械設備通常為固定資產，屬於 Category 2
機械及設備,,溫度訊號擴大器,True,2,機械設備通常為固定資產，屬於 Category 2
機械及設備,,自動切割熔融指數測定儀,True,2,機械設備通常為固定資產，屬於 Category 2
機械及設備,,多模溫度追蹤器,True,2,機械設備通常為固定資產，屬於 Category 2
機械及設備,,熱電對熔接器,True,2,機械設備通常為固定資產，屬於 Category 2
機械及設備,,分離式冷卻機,True,2,機械設備通常為固定資產，屬於 Category 2
機械及設備,,標準燈,True,2,機械設備通常為固定資產，屬於 Category 2
機械及設備,,溫度開關指示器,True,2,機械設備通常為固定資產，屬於 Category 2
機械及設備,,熱偶試驗爐,True,2,機械設備通常為固定資產，屬於 Category 2
機械及設備,,低溫度爐,True,2,機械設備通常為固定資產，屬於 Category 2
機械及設備,,電阻溫度計,True,2,機械設備通常為固定資產，屬於 Category 2
機械及設備,,衝流試驗器,True,2,機械設備通常為固定資產，屬於 Category 2
機械及設備,,變度器,True,2,機械設備通常為固定資產，屬於 Category 2
機械及設備,,鈣線添加機,True,2,機械設備通常為固定資產，屬於 Category 2
機械及設備,,溫度檢查器,True,2,機械設備通常為固定資產，屬於 Category 2
機械及設備,,遠距溫度記錄器,True,2,機械設備通常為固定資產，屬於 Category 2
機械及設備,,變換器,True,2,機械設備通常為固定資產，屬於 Category 2
機械及設備,,溫度開關,True,2,機械設備通常為固定資產，屬於 Category 2
機械及設備,,白金測溫度,True,2,機械設備通常為固定資產，屬於 Category 2
機械及設備,,熱電偶,True,2,機械設備通常為固定資產，屬於 Category 2
機械及設備,,電位差溫度計,True,2,機械設備通常為固定資產，屬於 Category 2
機械及設備,,自動溫度控制記錄器,True,2,機械設備通常為固定資產，屬於 Category 2
機械及設備,,隔測溫度計,True,2,機械設備通常為固定資產，屬於 Category 2
機械及設備,,黑球溫度計,True,2,機械設備通常為固定資產，屬於 Category 2
機械及設備,,紀錄式溫度計,True,2,機械設備通常為固定資產，屬於 Category 2
機械及設備,,加煙試驗器,True,2,機械設備通常為固定資產，屬於 Category 2
機械及設備,,溫溼度自動記錄器,True,2,機械設備通常為固定資產，屬於 Category 2
機械及設備,,高溫比較儀器,True,2,機械設備通常為固定資產，屬於 Category 2
機械及設備,02,溫度實驗儀器,True,2,機械設備通常為固定資產，屬於 Category 2
機械及設備,,恆溫測定器,True,2,機械設備通常為固定資產，屬於 Category 2
機械及設備,,凝結時間測定器,True,2,機械設備通常為固定資產，屬於 Category 2
機械及設備,,能量測定器,True,2,機械設備通常為固定資產，屬於 Category 2
機械及設備,,耐火度測定器,True,2,機械設備通常為固定資產，屬於 Category 2
機械及設備,,引火點測定器,True,2,機械設備通常為固定資產，屬於 Category 2
機械及設備,,熱傳導率測定器,True,2,機械設備通常為固定資產，屬於 Category 2
機械及設備,,急熱急冷試驗機,True,2,機械設備通常為固定資產，屬於 Category 2
機械及設備,,軟化點測定器,True,2,機械設備通常為固定資產，屬於 Category 2
機械及設備,,電熱器,True,2,機械設備通常為固定資產，屬於 Category 2
機械及設備,,破裂強度測定器,True,2,機械設備通常為固定資產，屬於 Category 2
機械及設備,,自動滑度測定器,True,2,機械設備通常為固定資產，屬於 Category 2
機械及設備,,空調實驗設備,True,2,機械設備通常為固定資產，屬於 Category 2
機械及設備,,熱變形溫度測試儀,True,2,機械設備通常為固定資產，屬於 Category 2
機械及設備,,冰點檢定器,True,2,機械設備通常為固定資產，屬於 Category 2
機械及設備,,露點測定器,True,2,機械設備通常為固定資產，屬於 Category 2
機械及設備,,復熱器實驗設備,True,2,機械設備通常為固定資產，屬於 Category 2
機械及設備,,火焰測定器,True,2,機械設備通常為固定資產，屬於 Category 2
機械及設備,,低溫箱,True,2,機械設備通常為固定資產，屬於 Category 2
機械及設備,,沸點測定器,True,2,機械設備通常為固定資產，屬於 Category 2
機械及設備,,電氣高溫計,True,2,機械設備通常為固定資產，屬於 Category 2
機械及設備,,高溫燒結計,True,2,機械設備通常為固定資產，屬於 Category 2
機械及設備,,恆溫槽,True,2,機械設備通常為固定資產，屬於 Category 2
機械及設備,,溫濕度檢定儀,True,2,機械設備通常為固定資產，屬於 Category 2
機械及設備,,線膨脹實驗,True,2,機械設備通常為固定資產，屬於 Category 2
機械及設備,,火花計時儀,True,2,機械設備通常為固定資產，屬於 Category 2
機械及設備,,恆溫計,True,2,機械設備通常為固定資產，屬於 Category 2
機械及設備,,低溫恆溫櫃,True,2,機械設備通常為固定資產，屬於 Category 2
機械及設備,03,加熱及保溫設備,True,2,機械設備通常為固定資產，屬於 Category 2
機械及設備,,電子恆溫顯像系統,True,2,機械設備通常為固定資產，屬於 Category 2
機械及設備,,電熱氣化器,True,2,機械設備通常為固定資產，屬於 Category 2
機械及設備,,液化槽,True,2,機械設備通常為固定資產，屬於 Category 2
機械及設備,,循環定溫箱,True,2,機械設備通常為固定資產，屬於 Category 2
機械及設備,,石棉加熱器,True,2,機械設備通常為固定資產，屬於 Category 2
機械及設備,,加熱反應器,True,2,機械設備通常為固定資產，屬於 Category 2
機械及設備,,恆溫器,True,2,機械設備通常為固定資產，屬於 Category 2
機械及設備,,高溫電爐,True,2,機械設備通常為固定資產，屬於 Category 2
機械及設備,,加熱包,True,2,機械設備通常為固定資產，屬於 Category 2
機械及設備,,乾燥灰化系統,True,2,機械設備通常為固定資產，屬於 Category 2
機械及設備,,元素分析爐,True,2,機械設備通常為固定資產，屬於 Category 2
機械及設備,,坩鍋爐,True,2,機械設備通常為固定資產，屬於 Category 2
機械及設備,,振盪器,True,2,機械設備通常為固定資產，屬於 Category 2
機械及設備,,油浴器,True,2,機械設備通常為固定資產，屬於 Category 2
機械及設備,,燃燒爐,True,2,機械設備通常為固定資產，屬於 Category 2
機械及設備,,實驗爐,True,2,機械設備通常為固定資產，屬於 Category 2
機械及設備,,恆溫冷卻循環裝置,True,2,機械設備通常為固定資產，屬於 Category 2
機械及設備,,蒸氣過熱器,True,2,機械設備通常為固定資產，屬於 Category 2
機械及設備,,恆溫水槽,True,2,機械設備通常為固定資產，屬於 Category 2
機械及設備,,水浴器,True,2,機械設備通常為固定資產，屬於 Category 2
機械及設備,,電氣燃燒爐,True,2,機械設備通常為固定資產，屬於 Category 2
機械及設備,,高週波電爐,True,2,機械設備通常為固定資產，屬於 Category 2
機械及設備,,加熱器,True,2,機械設備通常為固定資產，屬於 Category 2
機械及設備,,電熱板,True,2,機械設備通常為固定資產，屬於 Category 2
機械及設備,,煤氣噴燈,True,2,機械設備通常為固定資產，屬於 Category 2
機械及設備,,電磁攪拌器,True,2,機械設備通常為固定資產，屬於 Category 2
機械及設備,,迴轉式恆溫振盪器,True,2,機械設備通常為固定資產，屬於 Category 2
機械及設備,,低溫恆溫器,True,2,機械設備通常為固定資產，屬於 Category 2
機械及設備,,電窯,True,2,機械設備通常為固定資產，屬於 Category 2
機械及設備,,電氣生長恆溫箱,True,2,機械設備通常為固定資產，屬於 Category 2
機械及設備,,紅外線集光加熱器,True,2,機械設備通常為固定資產，屬於 Category 2
機械及設備,,燒熱爐,True,2,機械設備通常為固定資產，屬於 Category 2
機械及設備,,烘箱,True,2,機械設備通常為固定資產，屬於 Category 2
機械及設備,,電熱定溫水浴器,True,2,機械設備通常為固定資產，屬於 Category 2
機械及設備,,電熱爐,True,2,機械設備通常為固定資產，屬於 Category 2
機械及設備,,高週波加熱裝置,True,2,機械設備通常為固定資產，屬於 Category 2
機械及設備,,木材加熱微波爐,True,2,機械設備通常為固定資產，屬於 Category 2
機械及設備,,低溫孵卵器,True,2,機械設備通常為固定資產，屬於 Category 2
機械及設備,,孵卵器,True,2,機械設備通常為固定資產，屬於 Category 2
機械及設備,,恆溫循環水槽,True,2,機械設備通常為固定資產，屬於 Category 2
機械及設備,05,電性能測定儀器,True,2,機械設備通常為固定資產，屬於 Category 2
機械及設備,01,電壓指示儀器,True,2,機械設備通常為固定資產，屬於 Category 2
機械及設備,,電位計,True,2,機械設備通常為固定資產，屬於 Category 2
機械及設備,,電壓計,True,2,機械設備通常為固定資產，屬於 Category 2
機械及設備,,電壓記錄計,True,2,機械設備通常為固定資產，屬於 Category 2
機械及設備,,電壓校正器,True,2,機械設備通常為固定資產，屬於 Category 2
機械及設備,,檢電筆,True,2,機械設備通常為固定資產，屬於 Category 2
機械及設備,,變壓器,True,2,機械設備通常為固定資產，屬於 Category 2
機械及設備,,電壓變成器,True,2,機械設備通常為固定資產，屬於 Category 2
機械及設備,,電位差表,True,2,機械設備通常為固定資產，屬於 Category 2
機械及設備,,高壓電壓試驗器,True,2,機械設備通常為固定資產，屬於 Category 2
機械及設備,,電傳送器,True,2,機械設備通常為固定資產，屬於 Category 2
機械及設備,,環電位儀,True,2,機械設備通常為固定資產，屬於 Category 2
機械及設備,,半電池電位差實驗計,True,2,機械設備通常為固定資產，屬於 Category 2
機械及設備,,電流校正器,True,2,機械設備通常為固定資產，屬於 Category 2
機械及設備,,分壓計,True,2,機械設備通常為固定資產，屬於 Category 2
機械及設備,,標準電池,True,2,機械設備通常為固定資產，屬於 Category 2
機械及設備,,電壓補償器,True,2,機械設備通常為固定資產，屬於 Category 2
機械及設備,,穩壓器,True,2,機械設備通常為固定資產，屬於 Category 2
機械及設備,,射頻毫伏電壓表,True,2,機械設備通常為固定資產，屬於 Category 2
機械及設備,,擺抖率表校正器,True,2,機械設備通常為固定資產，屬於 Category 2
機械及設備,,電壓測試器,True,2,機械設備通常為固定資產，屬於 Category 2
機械及設備,,位準／衰減校正器,True,2,機械設備通常為固定資產，屬於 Category 2
機械及設備,,活塞話筒校正系統,True,2,機械設備通常為固定資產，屬於 Category 2
機械及設備,,電壓電流記錄器,True,2,機械設備通常為固定資產，屬於 Category 2
機械及設備,,高壓檢電計,True,2,機械設備通常為固定資產，屬於 Category 2
機械及設備,,帶電壓電流器,True,2,機械設備通常為固定資產，屬於 Category 2
機械及設備,,定電壓試驗表,True,2,機械設備通常為固定資產，屬於 Category 2
機械及設備,,定壓變壓器,True,2,機械設備通常為固定資產，屬於 Category 2
機械及設備,,可變自耦變壓器,True,2,機械設備通常為固定資產，屬於 Category 2
機械及設備,,耐壓試驗器,True,2,機械設備通常為固定資產，屬於 Category 2
機械及設備,,比壓試驗器,True,2,機械設備通常為固定資產，屬於 Category 2
機械及設備,,電壓互感器,True,2,機械設備通常為固定資產，屬於 Category 2
機械及設備,,變壓比測定器,True,2,機械設備通常為固定資產，屬於 Category 2
機械及設備,,低壓試驗器,True,2,機械設備通常為固定資產，屬於 Category 2
機械及設備,,標準電池箱,True,2,機械設備通常為固定資產，屬於 Category 2
機械及設備,,電位數圖機,True,2,機械設備通常為固定資產，屬於 Category 2
機械及設備,,油耐壓試驗器,True,2,機械設備通常為固定資產，屬於 Category 2
機械及設備,,匝比測定器,True,2,機械設備通常為固定資產，屬於 Category 2
機械及設備,,電樞試驗器,True,2,機械設備通常為固定資產，屬於 Category 2
機械及設備,,電壓錶,True,2,機械設備通常為固定資產，屬於 Category 2
機械及設備,,繼電器試驗裝置,True,2,機械設備通常為固定資產，屬於 Category 2
機械及設備,,繼電器壽命試驗器,True,2,機械設備通常為固定資產，屬於 Category 2
機械及設備,,電壓調整器,True,2,機械設備通常為固定資產，屬於 Category 2
機械及設備,,真空管電壓錶,True,2,機械設備通常為固定資產，屬於 Category 2
機械及設備,,萬能迴路試驗器,True,2,機械設備通常為固定資產，屬於 Category 2
機械及設備,,電晶體檢驗器,True,2,機械設備通常為固定資產，屬於 Category 2
機械及設備,,電晶體式性能測驗器,True,2,機械設備通常為固定資產，屬於 Category 2
機械及設備,,電晶體基準測驗器,True,2,機械設備通常為固定資產，屬於 Category 2
機械及設備,,發電機試驗機,True,2,機械設備通常為固定資產，屬於 Category 2
機械及設備,,重壘式軌通電路電壓計,True,2,機械設備通常為固定資產，屬於 Category 2
機械及設備,,週波感應器軌道電路,True,2,機械設備通常為固定資產，屬於 Category 2
機械及設備,,多用途測驗器,True,2,機械設備通常為固定資產，屬於 Category 2
機械及設備,,高壓測試器,True,2,機械設備通常為固定資產，屬於 Category 2
機械及設備,,高壓探棒,True,2,機械設備通常為固定資產，屬於 Category 2
機械及設備,,電報信號產生器,True,2,機械設備通常為固定資產，屬於 Category 2
機械及設備,,電報信號分析器,True,2,機械設備通常為固定資產，屬於 Category 2
機械及設備,,聲電位差計,True,2,機械設備通常為固定資產，屬於 Category 2
機械及設備,,升降變壓器,True,2,機械設備通常為固定資產，屬於 Category 2
機械及設備,,多頻道記錄器,True,2,機械設備通常為固定資產，屬於 Category 2
機械及設備,,微伏特計,True,2,機械設備通常為固定資產，屬於 Category 2
機械及設備,,高壓操作桿,True,2,機械設備通常為固定資產，屬於 Category 2
機械及設備,,系統數位電壓測定錶,True,2,機械設備通常為固定資產，屬於 Category 2
機械及設備,,多功能電錶校正器,True,2,機械設備通常為固定資產，屬於 Category 2
機械及設備,,感應線圈,True,2,機械設備通常為固定資產，屬於 Category 2
機械及設備,,等位線分電場裝置,True,2,機械設備通常為固定資產，屬於 Category 2
機械及設備,,整流器,True,2,機械設備通常為固定資產，屬於 Category 2
機械及設備,,共振電阻,True,2,機械設備通常為固定資產，屬於 Category 2
機械及設備,,介電質實驗,True,2,機械設備通常為固定資產，屬於 Category 2
機械及設備,,耐電壓試驗器,True,2,機械設備通常為固定資產，屬於 Category 2
機械及設備,,電壓電流儀,True,2,機械設備通常為固定資產，屬於 Category 2
機械及設備,,超隔離度穩壓器,True,2,機械設備通常為固定資產，屬於 Category 2
機械及設備,,電壓試驗器,True,2,機械設備通常為固定資產，屬於 Category 2
機械及設備,,低壓跳脫測試器,True,2,機械設備通常為固定資產，屬於 Category 2
機械及設備,,單相變壓器,True,2,機械設備通常為固定資產，屬於 Category 2
機械及設備,,變壓器匣比測試器,True,2,機械設備通常為固定資產，屬於 Category 2
機械及設備,,隔離變壓器,True,2,機械設備通常為固定資產，屬於 Category 2
機械及設備,,連續單通道電位紀錄器,True,2,機械設備通常為固定資產，屬於 Category 2
機械及設備,02,電流指示儀器,True,2,機械設備通常為固定資產，屬於 Category 2
機械及設備,,電流計,True,2,機械設備通常為固定資產，屬於 Category 2
機械及設備,,電流試驗器,True,2,機械設備通常為固定資產，屬於 Category 2
機械及設備,,電流記錄器,True,2,機械設備通常為固定資產，屬於 Category 2
機械及設備,,三用電錶,True,2,機械設備通常為固定資產，屬於 Category 2
機械及設備,,電流限制器,True,2,機械設備通常為固定資產，屬於 Category 2
機械及設備,,檢漏器,True,2,機械設備通常為固定資產，屬於 Category 2
機械及設備,,兩用電錶,True,2,機械設備通常為固定資產，屬於 Category 2
機械及設備,,電流調整器,True,2,機械設備通常為固定資產，屬於 Category 2
機械及設備,,萬能電錶,True,2,機械設備通常為固定資產，屬於 Category 2
機械及設備,,電晶體及真空管試驗器,True,2,機械設備通常為固定資產，屬於 Category 2
機械及設備,,電壓電流計,True,2,機械設備通常為固定資產，屬於 Category 2
機械及設備,,電流變成器,True,2,機械設備通常為固定資產，屬於 Category 2
機械及設備,,鉤式電錶,True,2,機械設備通常為固定資產，屬於 Category 2
機械及設備,,夾式電錶,True,2,機械設備通常為固定資產，屬於 Category 2
機械及設備,,導電度記錄器,True,2,機械設備通常為固定資產，屬於 Category 2
機械及設備,,交流串聯共振試驗器,True,2,機械設備通常為固定資產，屬於 Category 2
機械及設備,,正切電流計,True,2,機械設備通常為固定資產，屬於 Category 2
機械及設備,,靜電測定器,True,2,機械設備通常為固定資產，屬於 Category 2
機械及設備,,安培小時計,True,2,機械設備通常為固定資產，屬於 Category 2
機械及設備,,電解定量分析器,True,2,機械設備通常為固定資產，屬於 Category 2
機械及設備,,過電流試驗器,True,2,機械設備通常為固定資產，屬於 Category 2
機械及設備,,馬達電流監視器,True,2,機械設備通常為固定資產，屬於 Category 2
機械及設備,,導電度傳送器,True,2,機械設備通常為固定資產，屬於 Category 2
機械及設備,,充電器,True,2,機械設備通常為固定資產，屬於 Category 2
機械及設備,,瓦特錶,True,2,機械設備通常為固定資產，屬於 Category 2
機械及設備,,檢流器,True,2,機械設備通常為固定資產，屬於 Category 2
機械及設備,,功率校正器,True,2,機械設備通常為固定資產，屬於 Category 2
機械及設備,,靜電除機,True,2,機械設備通常為固定資產，屬於 Category 2
機械及設備,,攜帶式變流器,True,2,機械設備通常為固定資產，屬於 Category 2
機械及設備,,分流器,True,2,機械設備通常為固定資產，屬於 Category 2
機械及設備,,比流器,True,2,機械設備通常為固定資產，屬於 Category 2
機械及設備,,變流器,True,2,機械設備通常為固定資產，屬於 Category 2
機械及設備,,薄膜漏電檢查,True,2,機械設備通常為固定資產，屬於 Category 2
機械及設備,,電流負荷指示器,True,2,機械設備通常為固定資產，屬於 Category 2
機械及設備,,電再生器,True,2,機械設備通常為固定資產，屬於 Category 2
機械及設備,,變流器試驗器,True,2,機械設備通常為固定資產，屬於 Category 2
機械及設備,,電壓電流產生器,True,2,機械設備通常為固定資產，屬於 Category 2
機械及設備,,測定器,True,2,機械設備通常為固定資產，屬於 Category 2
機械及設備,,電子式稱量控制系統,True,2,機械設備通常為固定資產，屬於 Category 2
機械及設備,,瓩時計,True,2,機械設備通常為固定資產，屬於 Category 2
機械及設備,,瓩瓦計,True,2,機械設備通常為固定資產，屬於 Category 2
機械及設備,,電波實驗器,True,2,機械設備通常為固定資產，屬於 Category 2
機械及設備,,串聯電池盒,True,2,機械設備通常為固定資產，屬於 Category 2
機械及設備,,歐姆實驗器,True,2,機械設備通常為固定資產，屬於 Category 2
機械及設備,,電流熱實驗器,True,2,機械設備通常為固定資產，屬於 Category 2
機械及設備,,電池磁實驗器,True,2,機械設備通常為固定資產，屬於 Category 2
機械及設備,,電動機說明器,True,2,機械設備通常為固定資產，屬於 Category 2
機械及設備,,感應筒,True,2,機械設備通常為固定資產，屬於 Category 2
機械及設備,,電流錶,True,2,機械設備通常為固定資產，屬於 Category 2
機械及設備,,微分電流試驗器,True,2,機械設備通常為固定資產，屬於 Category 2
機械及設備,,電流電壓錶,True,2,機械設備通常為固定資產，屬於 Category 2
機械及設備,,梅格錶,True,2,機械設備通常為固定資產，屬於 Category 2
機械及設備,,直流千分安倍計,True,2,機械設備通常為固定資產，屬於 Category 2
機械及設備,,電源供應器,True,2,機械設備通常為固定資產，屬於 Category 2
機械及設備,,微流計,True,2,機械設備通常為固定資產，屬於 Category 2
機械及設備,,變流探棒,True,2,機械設備通常為固定資產，屬於 Category 2
機械及設備,,測試鐵心捲,True,2,機械設備通常為固定資產，屬於 Category 2
機械及設備,,電流設備附電阻,True,2,機械設備通常為固定資產，屬於 Category 2
機械及設備,,放大及歸零調諧,True,2,機械設備通常為固定資產，屬於 Category 2
機械及設備,,毫瓦錶,True,2,機械設備通常為固定資產，屬於 Category 2
機械及設備,,高精度電錶,True,2,機械設備通常為固定資產，屬於 Category 2
機械及設備,,音頻截波器,True,2,機械設備通常為固定資產，屬於 Category 2
機械及設備,,檢波器,True,2,機械設備通常為固定資產，屬於 Category 2
機械及設備,,電子負載,True,2,機械設備通常為固定資產，屬於 Category 2
機械及設備,,伏持計,True,2,機械設備通常為固定資產，屬於 Category 2
機械及設備,,歐姆定量,True,2,機械設備通常為固定資產，屬於 Category 2
機械及設備,,配電盤綜合試驗器,True,2,機械設備通常為固定資產，屬於 Category 2
機械及設備,,電流天平實驗裝置,True,2,機械設備通常為固定資產，屬於 Category 2
機械及設備,,光電式轉速器,True,2,機械設備通常為固定資產，屬於 Category 2
機械及設備,,數字電錶,True,2,機械設備通常為固定資產，屬於 Category 2
機械及設備,,毫安培計,True,2,機械設備通常為固定資產，屬於 Category 2
機械及設備,,瓦時計,True,2,機械設備通常為固定資產，屬於 Category 2
機械及設備,,地表雜散電流監測器,True,2,機械設備通常為固定資產，屬於 Category 2
機械及設備,03,電抗測定儀器,True,2,機械設備通常為固定資產，屬於 Category 2
機械及設備,,電阻計,True,2,機械設備通常為固定資產，屬於 Category 2
機械及設備,,電橋,True,2,機械設備通常為固定資產，屬於 Category 2
機械及設備,,佳度儀,True,2,機械設備通常為固定資產，屬於 Category 2
機械及設備,,接點扺抗器,True,2,機械設備通常為固定資產，屬於 Category 2
機械及設備,,絕緣試驗器,True,2,機械設備通常為固定資產，屬於 Category 2
機械及設備,,相對電導計,True,2,機械設備通常為固定資產，屬於 Category 2
機械及設備,,真空管檢定器,True,2,機械設備通常為固定資產，屬於 Category 2
機械及設備,,電導度計,True,2,機械設備通常為固定資產，屬於 Category 2
機械及設備,,電纜故障位置測量器,True,2,機械設備通常為固定資產，屬於 Category 2
機械及設備,,電感器,True,2,機械設備通常為固定資產，屬於 Category 2
機械及設備,,電容器,True,2,機械設備通常為固定資產，屬於 Category 2
機械及設備,,電阻電感器,True,2,機械設備通常為固定資產，屬於 Category 2
機械及設備,,短路片,True,2,機械設備通常為固定資產，屬於 Category 2
機械及設備,,阻抗漏失測試器,True,2,機械設備通常為固定資產，屬於 Category 2
機械及設備,,變阻器,True,2,機械設備通常為固定資產，屬於 Category 2
機械及設備,,電導電池,True,2,機械設備通常為固定資產，屬於 Category 2
機械及設備,,接地試驗器,True,2,機械設備通常為固定資產，屬於 Category 2
機械及設備,,電源供給試驗器,True,2,機械設備通常為固定資產，屬於 Category 2
機械及設備,,Ｑ值錶,True,2,機械設備通常為固定資產，屬於 Category 2
機械及設備,,電容偵測器,True,2,機械設備通常為固定資產，屬於 Category 2
機械及設備,,靜電放電測試器,True,2,機械設備通常為固定資產，屬於 Category 2
機械及設備,,可變電阻器,True,2,機械設備通常為固定資產，屬於 Category 2
機械及設備,,標準電阻,True,2,機械設備通常為固定資產，屬於 Category 2
機械及設備,,機械檢查器,True,2,機械設備通常為固定資產，屬於 Category 2
機械及設備,,電阻箱,True,2,機械設備通常為固定資產，屬於 Category 2
機械及設備,,高阻計,True,2,機械設備通常為固定資產，屬於 Category 2
機械及設備,,十進電阻箱,True,2,機械設備通常為固定資產，屬於 Category 2
機械及設備,,線圈檢驗器,True,2,機械設備通常為固定資產，屬於 Category 2
機械及設備,,電導擴音機,True,2,機械設備通常為固定資產，屬於 Category 2
機械及設備,,電管電阻測定器,True,2,機械設備通常為固定資產，屬於 Category 2
機械及設備,,標準電感,True,2,機械設備通常為固定資產，屬於 Category 2
機械及設備,,微阻計,True,2,機械設備通常為固定資產，屬於 Category 2
機械及設備,,絕緣損失角測定器,True,2,機械設備通常為固定資產，屬於 Category 2
機械及設備,,接地式電阻測定器,True,2,機械設備通常為固定資產，屬於 Category 2
機械及設備,,電導度測定器,True,2,機械設備通常為固定資產，屬於 Category 2
機械及設備,,十進電容箱,True,2,機械設備通常為固定資產，屬於 Category 2
機械及設備,,容量扺抗測定器,True,2,機械設備通常為固定資產，屬於 Category 2
機械及設備,,無段電阻調整器,True,2,機械設備通常為固定資產，屬於 Category 2
機械及設備,,微電阻測試器,True,2,機械設備通常為固定資產，屬於 Category 2
機械及設備,,高電阻錶,True,2,機械設備通常為固定資產，屬於 Category 2
機械及設備,,數字顯示器,True,2,機械設備通常為固定資產，屬於 Category 2
機械及設備,,雙比電橋,True,2,機械設備通常為固定資產，屬於 Category 2
機械及設備,,Ｒ‧Ｌ‧Ｃ電橋,True,2,機械設備通常為固定資產，屬於 Category 2
機械及設備,,Ｖ‧Ｄ‧Ｍ數字用多表電力指示儀器,True,2,機械設備通常為固定資產，屬於 Category 2
機械及設備,,ＨＩＳＦ試驗器,True,2,機械設備通常為固定資產，屬於 Category 2
機械及設備,,撥號盤試驗器,True,2,機械設備通常為固定資產，屬於 Category 2
機械及設備,,選擇試驗器,True,2,機械設備通常為固定資產，屬於 Category 2
機械及設備,,加減電阻器,True,2,機械設備通常為固定資產，屬於 Category 2
機械及設備,,攜帶電阻試驗器,True,2,機械設備通常為固定資產，屬於 Category 2
機械及設備,,裸２號ＰＵＬＳ試驗器,True,2,機械設備通常為固定資產，屬於 Category 2
機械及設備,,長途撥號轉發器試驗器,True,2,機械設備通常為固定資產，屬於 Category 2
機械及設備,,電話測定器,True,2,機械設備通常為固定資產，屬於 Category 2
機械及設備,,電阻測定器,True,2,機械設備通常為固定資產，屬於 Category 2
機械及設備,,電阻減衰器,True,2,機械設備通常為固定資產，屬於 Category 2
機械及設備,,線路試驗器,True,2,機械設備通常為固定資產，屬於 Category 2
機械及設備,,脈街線路試驗器,True,2,機械設備通常為固定資產，屬於 Category 2
機械及設備,,絕緣能測定器,True,2,機械設備通常為固定資產，屬於 Category 2
機械及設備,,避雷管檢驗器,True,2,機械設備通常為固定資產，屬於 Category 2
機械及設備,,電信符號測量器,True,2,機械設備通常為固定資產，屬於 Category 2
機械及設備,,線路障礙記錄器,True,2,機械設備通常為固定資產，屬於 Category 2
機械及設備,,軌道電路短路器,True,2,機械設備通常為固定資產，屬於 Category 2
機械及設備,,敏度測定器,True,2,機械設備通常為固定資產，屬於 Category 2
機械及設備,,傳遞效率測量器,True,2,機械設備通常為固定資產，屬於 Category 2
機械及設備,,電容不平衡測試器,True,2,機械設備通常為固定資產，屬於 Category 2
機械及設備,,平衡網路測試計,True,2,機械設備通常為固定資產，屬於 Category 2
機械及設備,,游離測試計,True,2,機械設備通常為固定資產，屬於 Category 2
機械及設備,,不平衡組測試計,True,2,機械設備通常為固定資產，屬於 Category 2
機械及設備,,電纜偵試器,True,2,機械設備通常為固定資產，屬於 Category 2
機械及設備,,平衡變壓器,True,2,機械設備通常為固定資產，屬於 Category 2
機械及設備,,脈衝迴音計測器,True,2,機械設備通常為固定資產，屬於 Category 2
機械及設備,,電子裝置試驗箱,True,2,機械設備通常為固定資產，屬於 Category 2
機械及設備,,譯碼測試器,True,2,機械設備通常為固定資產，屬於 Category 2
機械及設備,,調度用觸發測試器,True,2,機械設備通常為固定資產，屬於 Category 2
機械及設備,,軌道設備測試器,True,2,機械設備通常為固定資產，屬於 Category 2
機械及設備,,接收測試器,True,2,機械設備通常為固定資產，屬於 Category 2
機械及設備,,電阻器,True,2,機械設備通常為固定資產，屬於 Category 2
機械及設備,,扺抗箱,True,2,機械設備通常為固定資產，屬於 Category 2
機械及設備,,數位電錶,True,2,機械設備通常為固定資產，屬於 Category 2
機械及設備,,ＡＣ電阻系統,True,2,機械設備通常為固定資產，屬於 Category 2
機械及設備,,電阻定律實驗器,True,2,機械設備通常為固定資產，屬於 Category 2
機械及設備,,電阻溫度係數測定器,True,2,機械設備通常為固定資產，屬於 Category 2
機械及設備,,克希荷夫定律實驗器,True,2,機械設備通常為固定資產，屬於 Category 2
機械及設備,,歐姆定律實驗器,True,2,機械設備通常為固定資產，屬於 Category 2
機械及設備,,數字式超絕緣高阻計,True,2,機械設備通常為固定資產，屬於 Category 2
機械及設備,,電容測試器,True,2,機械設備通常為固定資產，屬於 Category 2
機械及設備,,線圈,True,2,機械設備通常為固定資產，屬於 Category 2
機械及設備,,電阻比較器,True,2,機械設備通常為固定資產，屬於 Category 2
機械及設備,,電阻探測儀,True,2,機械設備通常為固定資產，屬於 Category 2
機械及設備,,電阻電容及電感量度儀,True,2,機械設備通常為固定資產，屬於 Category 2
機械及設備,,接地電阻測試器,True,2,機械設備通常為固定資產，屬於 Category 2
機械及設備,,電阻實驗器,True,2,機械設備通常為固定資產，屬於 Category 2
機械及設備,04,電力指示儀器,True,2,機械設備通常為固定資產，屬於 Category 2
機械及設備,,功率因數錶,True,2,機械設備通常為固定資產，屬於 Category 2
機械及設備,,電力需量錶,True,2,機械設備通常為固定資產，屬於 Category 2
機械及設備,,傳輸測量儀,True,2,機械設備通常為固定資產，屬於 Category 2
機械及設備,,電路分析器,True,2,機械設備通常為固定資產，屬於 Category 2
機械及設備,,電壓電流功率表,True,2,機械設備通常為固定資產，屬於 Category 2
機械及設備,,電力線佈測定器,True,2,機械設備通常為固定資產，屬於 Category 2
機械及設備,,倍率計,True,2,機械設備通常為固定資產，屬於 Category 2
機械及設備,,射頻功率表,True,2,機械設備通常為固定資產，屬於 Category 2
機械及設備,,功率表,True,2,機械設備通常為固定資產，屬於 Category 2
機械及設備,,功率感知器,True,2,機械設備通常為固定資產，屬於 Category 2
機械及設備,,射頻功率校正器,True,2,機械設備通常為固定資產，屬於 Category 2
機械及設備,,可程式電壓源,True,2,機械設備通常為固定資產，屬於 Category 2
機械及設備,,綜合測試器,True,2,機械設備通常為固定資產，屬於 Category 2
機械及設備,,電動器具試驗台,True,2,機械設備通常為固定資產，屬於 Category 2
機械及設備,,電力計,True,2,機械設備通常為固定資產，屬於 Category 2
機械及設備,,瓦特記錄器,True,2,機械設備通常為固定資產，屬於 Category 2
機械及設備,,電平錶,True,2,機械設備通常為固定資產，屬於 Category 2
機械及設備,,電力電纜電橋測定器,True,2,機械設備通常為固定資產，屬於 Category 2
機械及設備,,單相瓦特記錄器,True,2,機械設備通常為固定資產，屬於 Category 2
機械及設備,,無效電力記錄器,True,2,機械設備通常為固定資產，屬於 Category 2
機械及設備,,示相計,True,2,機械設備通常為固定資產，屬於 Category 2
機械及設備,,三相力率計,True,2,機械設備通常為固定資產，屬於 Category 2
機械及設備,,綜合試驗器,True,2,機械設備通常為固定資產，屬於 Category 2
機械及設備,,電路示教板,True,2,機械設備通常為固定資產，屬於 Category 2
機械及設備,,發動機負荷試驗器,True,2,機械設備通常為固定資產，屬於 Category 2
機械及設備,,調節傳輸測試器,True,2,機械設備通常為固定資產，屬於 Category 2
機械及設備,,功率放大器,True,2,機械設備通常為固定資產，屬於 Category 2
機械及設備,,電功率記錄器,True,2,機械設備通常為固定資產，屬於 Category 2
機械及設備,,乏時計,True,2,機械設備通常為固定資產，屬於 Category 2
機械及設備,,電驗測試儀器,True,2,機械設備通常為固定資產，屬於 Category 2
機械及設備,,一次注入電流控制器,True,2,機械設備通常為固定資產，屬於 Category 2
機械及設備,,一次注入電流產生器,True,2,機械設備通常為固定資產，屬於 Category 2
機械及設備,,奧斯特試驗器,True,2,機械設備通常為固定資產，屬於 Category 2
機械及設備,,斯倍克特爾管,True,2,機械設備通常為固定資產，屬於 Category 2
機械及設備,,克魯克斯管,True,2,機械設備通常為固定資產，屬於 Category 2
機械及設備,,動力計,True,2,機械設備通常為固定資產，屬於 Category 2
機械及設備,,電源併聯控制盤,True,2,機械設備通常為固定資產，屬於 Category 2
機械及設備,,電壓電阻測定器,True,2,機械設備通常為固定資產，屬於 Category 2
機械及設備,05,磁力測定儀器,True,2,機械設備通常為固定資產，屬於 Category 2
機械及設備,,磁力計,True,2,機械設備通常為固定資產，屬於 Category 2
機械及設備,,磁力測定器,True,2,機械設備通常為固定資產，屬於 Category 2
機械及設備,,磁力檢查器,True,2,機械設備通常為固定資產，屬於 Category 2
機械及設備,,電場強度測量儀,True,2,機械設備通常為固定資產，屬於 Category 2
機械及設備,,電磁鐵吸收器,True,2,機械設備通常為固定資產，屬於 Category 2
機械及設備,,核磁共振分析儀,True,2,機械設備通常為固定資產，屬於 Category 2
機械及設備,,電磁現象實驗器,True,2,機械設備通常為固定資產，屬於 Category 2
機械及設備,,旋轉磁場解釋示範器,True,2,機械設備通常為固定資產，屬於 Category 2
機械及設備,,磁力加強攪拌器,True,2,機械設備通常為固定資產，屬於 Category 2
機械及設備,,磁帶曲線測定儀,True,2,機械設備通常為固定資產，屬於 Category 2
機械及設備,,導引波隔離器,True,2,機械設備通常為固定資產，屬於 Category 2
機械及設備,,導引波短路開關,True,2,機械設備通常為固定資產，屬於 Category 2
機械及設備,,磁控管收試驗調變器,True,2,機械設備通常為固定資產，屬於 Category 2
機械及設備,,磁性座ＭＢ－Ｋ,True,2,機械設備通常為固定資產，屬於 Category 2
機械及設備,,磁力電弧控制器,True,2,機械設備通常為固定資產，屬於 Category 2
機械及設備,,高斯計,True,2,機械設備通常為固定資產，屬於 Category 2
機械及設備,,去磁器,True,2,機械設備通常為固定資產，屬於 Category 2
機械及設備,,磁性座,True,2,機械設備通常為固定資產，屬於 Category 2
機械及設備,,弗來明實驗器,True,2,機械設備通常為固定資產，屬於 Category 2
機械及設備,,磁鐵,True,2,機械設備通常為固定資產，屬於 Category 2
機械及設備,,磁場觀察儀,True,2,機械設備通常為固定資產，屬於 Category 2
機械及設備,,感應電動勢實驗器,True,2,機械設備通常為固定資產，屬於 Category 2
機械及設備,,磁力線實驗,True,2,機械設備通常為固定資產，屬於 Category 2
機械及設備,,Ｕ型鐵心及抗流圈,True,2,機械設備通常為固定資產，屬於 Category 2
機械及設備,,磁帶實驗儀,True,2,機械設備通常為固定資產，屬於 Category 2
機械及設備,,磁傾儀,True,2,機械設備通常為固定資產，屬於 Category 2
機械及設備,,磁棒,True,2,機械設備通常為固定資產，屬於 Category 2
機械及設備,,磁棒托,True,2,機械設備通常為固定資產，屬於 Category 2
機械及設備,,電磁石,True,2,機械設備通常為固定資產，屬於 Category 2
機械及設備,,電磁誘導實驗器,True,2,機械設備通常為固定資產，屬於 Category 2
機械及設備,,電流附近磁場顯示器,True,2,機械設備通常為固定資產，屬於 Category 2
機械及設備,,電流磁效應實驗器,True,2,機械設備通常為固定資產，屬於 Category 2
機械及設備,,綜合磁鐵實驗箱,True,2,機械設備通常為固定資產，屬於 Category 2
機械及設備,,電磁記號器,True,2,機械設備通常為固定資產，屬於 Category 2
機械及設備,06,頻率指示儀器,True,2,機械設備通常為固定資產，屬於 Category 2
機械及設備,,頻率計,True,2,機械設備通常為固定資產，屬於 Category 2
機械及設備,,信號發生器,True,2,機械設備通常為固定資產，屬於 Category 2
機械及設備,,放大器,True,2,機械設備通常為固定資產，屬於 Category 2
機械及設備,,環拼發生器,True,2,機械設備通常為固定資產，屬於 Category 2
機械及設備,,等幅波產生器,True,2,機械設備通常為固定資產，屬於 Category 2
機械及設備,,鑑別器,True,2,機械設備通常為固定資產，屬於 Category 2
機械及設備,,微波激射放大器,True,2,機械設備通常為固定資產，屬於 Category 2
機械及設備,,變頻器,True,2,機械設備通常為固定資產，屬於 Category 2
機械及設備,,示波器,True,2,機械設備通常為固定資產，屬於 Category 2
機械及設備,,歪率錶,True,2,機械設備通常為固定資產，屬於 Category 2
機械及設備,,高週波發射機,True,2,機械設備通常為固定資產，屬於 Category 2
機械及設備,,相鎖微波記數器,True,2,機械設備通常為固定資產，屬於 Category 2
機械及設備,,類比過濾器,True,2,機械設備通常為固定資產，屬於 Category 2
機械及設備,,萬用計數器,True,2,機械設備通常為固定資產，屬於 Category 2
機械及設備,,三頻道測試器,True,2,機械設備通常為固定資產，屬於 Category 2
機械及設備,,波形分析儀,True,2,機械設備通常為固定資產，屬於 Category 2
機械及設備,,微波實驗組,True,2,機械設備通常為固定資產，屬於 Category 2
機械及設備,,放大器校正器,True,2,機械設備通常為固定資產，屬於 Category 2
機械及設備,,頻譜分析儀,True,2,機械設備通常為固定資產，屬於 Category 2
機械及設備,,調變錶,True,2,機械設備通常為固定資產，屬於 Category 2
機械及設備,,調諧器,True,2,機械設備通常為固定資產，屬於 Category 2
機械及設備,,信號源同步器,True,2,機械設備通常為固定資產，屬於 Category 2
機械及設備,,調頻掃描接收器,True,2,機械設備通常為固定資產，屬於 Category 2
機械及設備,,隔音室,True,2,機械設備通常為固定資產，屬於 Category 2
機械及設備,,頻率接收器,True,2,機械設備通常為固定資產，屬於 Category 2
機械及設備,,檢波器,True,2,機械設備通常為固定資產，屬於 Category 2
機械及設備,,週率計數器,True,2,機械設備通常為固定資產，屬於 Category 2
機械及設備,,計頻器,True,2,機械設備通常為固定資產，屬於 Category 2
機械及設備,,脈波產生器,True,2,機械設備通常為固定資產，屬於 Category 2
機械及設備,,週率計轉器,True,2,機械設備通常為固定資產，屬於 Category 2
機械及設備,,低頻震動分析器,True,2,機械設備通常為固定資產，屬於 Category 2
機械及設備,,攜帶週波計析器,True,2,機械設備通常為固定資產，屬於 Category 2
機械及設備,,高週波產生器,True,2,機械設備通常為固定資產，屬於 Category 2
機械及設備,,頻率發生器,True,2,機械設備通常為固定資產，屬於 Category 2
機械及設備,,號誌位相測定器,True,2,機械設備通常為固定資產，屬於 Category 2
機械及設備,,陰極線示波器,True,2,機械設備通常為固定資產，屬於 Category 2
機械及設備,,環路測定器,True,2,機械設備通常為固定資產，屬於 Category 2
機械及設備,,位準振盪器,True,2,機械設備通常為固定資產，屬於 Category 2
機械及設備,,串音衰減測試器,True,2,機械設備通常為固定資產，屬於 Category 2
機械及設備,,引示錶,True,2,機械設備通常為固定資產，屬於 Category 2
機械及設備,,雜音發生器,True,2,機械設備通常為固定資產，屬於 Category 2
機械及設備,,雜音接收器,True,2,機械設備通常為固定資產，屬於 Category 2
機械及設備,,收發轉變器,True,2,機械設備通常為固定資產，屬於 Category 2
機械及設備,,接收轉變器,True,2,機械設備通常為固定資產，屬於 Category 2
機械及設備,,傳真解碼器,True,2,機械設備通常為固定資產，屬於 Category 2
機械及設備,,微波功率計,True,2,機械設備通常為固定資產，屬於 Category 2
機械及設備,,阻抗分儀器,True,2,機械設備通常為固定資產，屬於 Category 2
機械及設備,,法蘭克赫芝實驗,True,2,機械設備通常為固定資產，屬於 Category 2
機械及設備,,減壓蒸餾泵浦裝置,True,2,機械設備通常為固定資產，屬於 Category 2
機械及設備,,晶體特性曲線掃描機,True,2,機械設備通常為固定資產，屬於 Category 2
機械及設備,,定律儀,True,2,機械設備通常為固定資產，屬於 Category 2
機械及設備,,微波灶,True,2,機械設備通常為固定資產，屬於 Category 2
機械及設備,,網路分析儀,True,2,機械設備通常為固定資產，屬於 Category 2
機械及設備,,調變分析儀,True,2,機械設備通常為固定資產，屬於 Category 2
機械及設備,,電壓訊號增幅器,True,2,機械設備通常為固定資產，屬於 Category 2
機械及設備,,寬幅接收器,True,2,機械設備通常為固定資產，屬於 Category 2
機械及設備,,電阻、電容、電感（ＬＣＲ）測試器,True,2,機械設備通常為固定資產，屬於 Category 2
機械及設備,,三頻道高頻計時儀,True,2,機械設備通常為固定資產，屬於 Category 2
機械及設備,,頻率合成器,True,2,機械設備通常為固定資產，屬於 Category 2
機械及設備,,兩維光調制器附件,True,2,機械設備通常為固定資產，屬於 Category 2
機械及設備,,線性單軸微調器,True,2,機械設備通常為固定資產，屬於 Category 2
機械及設備,,訊號傳導裝置,True,2,機械設備通常為固定資產，屬於 Category 2
機械及設備,,二頻道記錄器,True,2,機械設備通常為固定資產，屬於 Category 2
機械及設備,,ＤＣ前置放大器,True,2,機械設備通常為固定資產，屬於 Category 2
機械及設備,,頻率響應記錄器,True,2,機械設備通常為固定資產，屬於 Category 2
機械及設備,,調制器,True,2,機械設備通常為固定資產，屬於 Category 2
機械及設備,,淡出淡入控制器,True,2,機械設備通常為固定資產，屬於 Category 2
機械及設備,07,相位測定儀器,True,2,機械設備通常為固定資產，屬於 Category 2
機械及設備,,相位指示器,True,2,機械設備通常為固定資產，屬於 Category 2
機械及設備,,相角錶,True,2,機械設備通常為固定資產，屬於 Category 2
機械及設備,,時間接續器,True,2,機械設備通常為固定資產，屬於 Category 2
機械及設備,,檢相計,True,2,機械設備通常為固定資產，屬於 Category 2
機械及設備,,變相機,True,2,機械設備通常為固定資產，屬於 Category 2
機械及設備,,操縱器,True,2,機械設備通常為固定資產，屬於 Category 2
機械及設備,,相位緣分析儀,True,2,機械設備通常為固定資產，屬於 Category 2
機械及設備,,向量表組合套件,True,2,機械設備通常為固定資產，屬於 Category 2
機械及設備,,電子試驗儀,True,2,機械設備通常為固定資產，屬於 Category 2
機械及設備,,超音波測漏器,True,2,機械設備通常為固定資產，屬於 Category 2
機械及設備,,電子式記錄器,True,2,機械設備通常為固定資產，屬於 Category 2
機械及設備,,半導體實驗器,True,2,機械設備通常為固定資產，屬於 Category 2
機械及設備,,電子儀,True,2,機械設備通常為固定資產，屬於 Category 2
機械及設備,,接地電驛,True,2,機械設備通常為固定資產，屬於 Category 2
機械及設備,,綜合負荷裝置,True,2,機械設備通常為固定資產，屬於 Category 2
機械及設備,08,其他指示儀器,True,2,機械設備通常為固定資產，屬於 Category 2
機械及設備,,線圈故障指示計,True,2,機械設備通常為固定資產，屬於 Category 2
機械及設備,,直流低壓試驗器,True,2,機械設備通常為固定資產，屬於 Category 2
機械及設備,,電流電壓測定器,True,2,機械設備通常為固定資產，屬於 Category 2
機械及設備,,直流高壓試驗器,True,2,機械設備通常為固定資產，屬於 Category 2
機械及設備,,漏電警報器,True,2,機械設備通常為固定資產，屬於 Category 2
機械及設備,,電路測試器,True,2,機械設備通常為固定資產，屬於 Category 2
機械及設備,,絕緣測試器,True,2,機械設備通常為固定資產，屬於 Category 2
機械及設備,,直流分路器,True,2,機械設備通常為固定資產，屬於 Category 2
機械及設備,,數字式測定錶,True,2,機械設備通常為固定資產，屬於 Category 2
機械及設備,,電子儀器校驗設備,True,2,機械設備通常為固定資產，屬於 Category 2
機械及設備,,電話線路試驗器,True,2,機械設備通常為固定資產，屬於 Category 2
機械及設備,,電流位置變換器,True,2,機械設備通常為固定資產，屬於 Category 2
機械及設備,,波形產生器,True,2,機械設備通常為固定資產，屬於 Category 2
機械及設備,,電荷質量比之測定器,True,2,機械設備通常為固定資產，屬於 Category 2
機械及設備,,駐波地高頻瓦特表,True,2,機械設備通常為固定資產，屬於 Category 2
機械及設備,,波形記錄器,True,2,機械設備通常為固定資產，屬於 Category 2
機械及設備,,柵陷波長錶,True,2,機械設備通常為固定資產，屬於 Category 2
機械及設備,,閘流體實驗器,True,2,機械設備通常為固定資產，屬於 Category 2
機械及設備,,接電繼電器漏電警報測試器,True,2,機械設備通常為固定資產，屬於 Category 2
機械及設備,,高低電壓測定,True,2,機械設備通常為固定資產，屬於 Category 2
機械及設備,,分離式鐵心型漏電流錶,True,2,機械設備通常為固定資產，屬於 Category 2
機械及設備,,攜帶用特高檢電器,True,2,機械設備通常為固定資產，屬於 Category 2
機械及設備,,數字邏輯電路實驗器,True,2,機械設備通常為固定資產，屬於 Category 2
機械及設備,,萬能材料實驗機,True,2,機械設備通常為固定資產，屬於 Category 2
機械及設備,,積體電路測試系統,True,2,機械設備通常為固定資產，屬於 Category 2
機械及設備,,基本電路訓練器,True,2,機械設備通常為固定資產，屬於 Category 2
機械及設備,,柵極降流儀,True,2,機械設備通常為固定資產，屬於 Category 2
機械及設備,,彩色管試驗器,True,2,機械設備通常為固定資產，屬於 Category 2
機械及設備,,電源干擾分析儀,True,2,機械設備通常為固定資產，屬於 Category 2
機械及設備,,電感測定器,True,2,機械設備通常為固定資產，屬於 Category 2
機械及設備,,電晶體測試器,True,2,機械設備通常為固定資產，屬於 Category 2
機械及設備,,變壓器試驗設備,True,2,機械設備通常為固定資產，屬於 Category 2
機械及設備,,印刷電路板檢修設備,True,2,機械設備通常為固定資產，屬於 Category 2
機械及設備,,電源變動偵測器,True,2,機械設備通常為固定資產，屬於 Category 2
機械及設備,,攜帶用保護繼電器試驗器,True,2,機械設備通常為固定資產，屬於 Category 2
機械及設備,,自動控制系統實驗裝置,True,2,機械設備通常為固定資產，屬於 Category 2
機械及設備,,訊號分析儀,True,2,機械設備通常為固定資產，屬於 Category 2
機械及設備,,多用途通訊測試儀錶,True,2,機械設備通常為固定資產，屬於 Category 2
機械及設備,,食陓多工測試器,True,2,機械設備通常為固定資產，屬於 Category 2
機械及設備,,網路系統,True,2,機械設備通常為固定資產，屬於 Category 2
機械及設備,,分路器,True,2,機械設備通常為固定資產，屬於 Category 2
機械及設備,,濾波器,True,2,機械設備通常為固定資產，屬於 Category 2
機械及設備,,可程式校正器,True,2,機械設備通常為固定資產，屬於 Category 2
機械及設備,,阻尾測試器,True,2,機械設備通常為固定資產，屬於 Category 2
機械及設備,,比壓器,True,2,機械設備通常為固定資產，屬於 Category 2
機械及設備,,礙子鹽分附著量測試設備,True,2,機械設備通常為固定資產，屬於 Category 2
機械及設備,,駐波比測量器,True,2,機械設備通常為固定資產，屬於 Category 2
機械及設備,,聲場敏感器,True,2,機械設備通常為固定資產，屬於 Category 2
機械及設備,,機器試驗器,True,2,機械設備通常為固定資產，屬於 Category 2
機械及設備,,界質強度試驗機,True,2,機械設備通常為固定資產，屬於 Category 2
機械及設備,,發電機試驗器,True,2,機械設備通常為固定資產，屬於 Category 2
機械及設備,,示波器校正器,True,2,機械設備通常為固定資產，屬於 Category 2
機械及設備,,管測漏器,True,2,機械設備通常為固定資產，屬於 Category 2
機械及設備,,自動荷重記錄系統,True,2,機械設備通常為固定資產，屬於 Category 2
機械及設備,,記錄器,True,2,機械設備通常為固定資產，屬於 Category 2
機械及設備,,超音波檢查儀,True,2,機械設備通常為固定資產，屬於 Category 2
機械及設備,,迴轉計數器,True,2,機械設備通常為固定資產，屬於 Category 2
機械及設備,,退色試驗機,True,2,機械設備通常為固定資產，屬於 Category 2
機械及設備,,週效率分析器,True,2,機械設備通常為固定資產，屬於 Category 2
機械及設備,,馬達轉子故障試驗器,True,2,機械設備通常為固定資產，屬於 Category 2
機械及設備,,變壓器油中氣體分析器,True,2,機械設備通常為固定資產，屬於 Category 2
機械及設備,,蓄電池容量特性試驗器,True,2,機械設備通常為固定資產，屬於 Category 2
機械及設備,,蓄電池試驗資料處理裝置,True,2,機械設備通常為固定資產，屬於 Category 2
機械及設備,,同步測定器,True,2,機械設備通常為固定資產，屬於 Category 2
機械及設備,,同步指示器,True,2,機械設備通常為固定資產，屬於 Category 2
機械及設備,,同步電動機,True,2,機械設備通常為固定資產，屬於 Category 2
機械及設備,,直接耦合器,True,2,機械設備通常為固定資產，屬於 Category 2
機械及設備,,ＩＣ測試夾,True,2,機械設備通常為固定資產，屬於 Category 2
機械及設備,,開關夾,True,2,機械設備通常為固定資產，屬於 Category 2
機械及設備,,控制夾,True,2,機械設備通常為固定資產，屬於 Category 2
機械及設備,,探針,True,2,機械設備通常為固定資產，屬於 Category 2
機械及設備,,邏輯夾,True,2,機械設備通常為固定資產，屬於 Category 2
機械及設備,,邏輯比較器,True,2,機械設備通常為固定資產，屬於 Category 2
機械及設備,,邏輯套件,True,2,機械設備通常為固定資產，屬於 Category 2
機械及設備,,電壓突波測試器,True,2,機械設備通常為固定資產，屬於 Category 2
機械及設備,,雜音測試器,True,2,機械設備通常為固定資產，屬於 Category 2
機械及設備,,放電模擬器,True,2,機械設備通常為固定資產，屬於 Category 2
機械及設備,,追蹤器,True,2,機械設備通常為固定資產，屬於 Category 2
機械及設備,,安全測試器,True,2,機械設備通常為固定資產，屬於 Category 2
機械及設備,,自動分類機,True,2,機械設備通常為固定資產，屬於 Category 2
機械及設備,,數據控制字帶系統,True,2,機械設備通常為固定資產，屬於 Category 2
機械及設備,,光功率計,True,2,機械設備通常為固定資產，屬於 Category 2
機械及設備,,診斷器,True,2,機械設備通常為固定資產，屬於 Category 2
機械及設備,,電子附載,True,2,機械設備通常為固定資產，屬於 Category 2
機械及設備,,編碼解碼器,True,2,機械設備通常為固定資產，屬於 Category 2
機械及設備,,回路試驗器,True,2,機械設備通常為固定資產，屬於 Category 2
機械及設備,,過電流繼電器,True,2,機械設備通常為固定資產，屬於 Category 2
機械及設備,,儀器試驗器,True,2,機械設備通常為固定資產，屬於 Category 2
機械及設備,,電鑽故障採測器,True,2,機械設備通常為固定資產，屬於 Category 2
機械及設備,,電子式記錄計,True,2,機械設備通常為固定資產，屬於 Category 2
機械及設備,,迴轉讀數器,True,2,機械設備通常為固定資產，屬於 Category 2
機械及設備,,線輪異常指示計,True,2,機械設備通常為固定資產，屬於 Category 2
機械及設備,,綜合加工機配電箱及零件,True,2,機械設備通常為固定資產，屬於 Category 2
機械及設備,,綜合加工機基礎孔,True,2,機械設備通常為固定資產，屬於 Category 2
機械及設備,,綜合加工機冷卻系統工程,True,2,機械設備通常為固定資產，屬於 Category 2
機械及設備,,自動控制模擬器,True,2,機械設備通常為固定資產，屬於 Category 2
機械及設備,,多功距數據擷取系統,True,2,機械設備通常為固定資產，屬於 Category 2
機械及設備,,白金電極,True,2,機械設備通常為固定資產，屬於 Category 2
機械及設備,,記錄機,True,2,機械設備通常為固定資產，屬於 Category 2
機械及設備,,電晶體校驗器,True,2,機械設備通常為固定資產，屬於 Category 2
機械及設備,,電子放大試驗器,True,2,機械設備通常為固定資產，屬於 Category 2
機械及設備,,迴路分析器,True,2,機械設備通常為固定資產，屬於 Category 2
機械及設備,,電子製程模擬器,True,2,機械設備通常為固定資產，屬於 Category 2
機械及設備,,瓦時計試驗器,True,2,機械設備通常為固定資產，屬於 Category 2
機械及設備,,週率效分析記錄器,True,2,機械設備通常為固定資產，屬於 Category 2
機械及設備,,電纜故障採測器,True,2,機械設備通常為固定資產，屬於 Category 2
機械及設備,,電話電纜對照器,True,2,機械設備通常為固定資產，屬於 Category 2
機械及設備,,訊號分析儀試驗機,True,2,機械設備通常為固定資產，屬於 Category 2
機械及設備,,發電機負載試驗機,True,2,機械設備通常為固定資產，屬於 Category 2
機械及設備,,時間週期控制器,True,2,機械設備通常為固定資產，屬於 Category 2
機械及設備,,掃描標記產生器,True,2,機械設備通常為固定資產，屬於 Category 2
機械及設備,,波端模擬儀,True,2,機械設備通常為固定資產，屬於 Category 2
機械及設備,,尋管器,True,2,機械設備通常為固定資產，屬於 Category 2
機械及設備,,線路測定器,True,2,機械設備通常為固定資產，屬於 Category 2
機械及設備,,迴轉積數器,True,2,機械設備通常為固定資產，屬於 Category 2
機械及設備,,電離試驗器,True,2,機械設備通常為固定資產，屬於 Category 2
機械及設備,,派波產生器,True,2,機械設備通常為固定資產，屬於 Category 2
機械及設備,,繼電器,True,2,機械設備通常為固定資產，屬於 Category 2
機械及設備,,電子管檢驗器,True,2,機械設備通常為固定資產，屬於 Category 2
機械及設備,,電子開關,True,2,機械設備通常為固定資產，屬於 Category 2
機械及設備,,靜子故障試驗器,True,2,機械設備通常為固定資產，屬於 Category 2
機械及設備,,均衡器,True,2,機械設備通常為固定資產，屬於 Category 2
機械及設備,,限時繼電器,True,2,機械設備通常為固定資產，屬於 Category 2
機械及設備,,電池檢驗器,True,2,機械設備通常為固定資產，屬於 Category 2
機械及設備,,轉換器,True,2,機械設備通常為固定資產，屬於 Category 2
機械及設備,,轉速計,True,2,機械設備通常為固定資產，屬於 Category 2
機械及設備,,電驆試驗器,True,2,機械設備通常為固定資產，屬於 Category 2
機械及設備,,週波分析器,True,2,機械設備通常為固定資產，屬於 Category 2
機械及設備,,傘型離心機,True,2,機械設備通常為固定資產，屬於 Category 2
機械及設備,,直值試驗器,True,2,機械設備通常為固定資產，屬於 Category 2
機械及設備,,人別測試器,True,2,機械設備通常為固定資產，屬於 Category 2
機械及設備,,無線電線綜合測試儀,True,2,機械設備通常為固定資產，屬於 Category 2
機械及設備,,微處理通信修護測試儀,True,2,機械設備通常為固定資產，屬於 Category 2
機械及設備,,音頻振盪器,True,2,機械設備通常為固定資產，屬於 Category 2
機械及設備,,單振動說明器,True,2,機械設備通常為固定資產，屬於 Category 2
機械及設備,,交流記錄器,True,2,機械設備通常為固定資產，屬於 Category 2
機械及設備,,平行板電容,True,2,機械設備通常為固定資產，屬於 Category 2
機械及設備,,電晶體特性曲線實驗器,True,2,機械設備通常為固定資產，屬於 Category 2
機械及設備,,電線分布實驗器,True,2,機械設備通常為固定資產，屬於 Category 2
機械及設備,,自動控制系統－電機控制練器,True,2,機械設備通常為固定資產，屬於 Category 2
機械及設備,,冷凍空調實驗裝置,True,2,機械設備通常為固定資產，屬於 Category 2
機械及設備,,冷箱示教板實驗裝置,True,2,機械設備通常為固定資產，屬於 Category 2
機械及設備,,彩色電視機實驗裝置,True,2,機械設備通常為固定資產，屬於 Category 2
機械及設備,,冷暖氣機示教板示範裝置,True,2,機械設備通常為固定資產，屬於 Category 2
機械及設備,,電子材料實驗裝置,True,2,機械設備通常為固定資產，屬於 Category 2
機械及設備,,ＩＣ測試器,True,2,機械設備通常為固定資產，屬於 Category 2
機械及設備,,光電效應實驗儀,True,2,機械設備通常為固定資產，屬於 Category 2
機械及設備,,多用途通訊測定儀,True,2,機械設備通常為固定資產，屬於 Category 2
機械及設備,,諾頓戴維寧實驗器,True,2,機械設備通常為固定資產，屬於 Category 2
機械及設備,,動態信號分析儀,True,2,機械設備通常為固定資產，屬於 Category 2
機械及設備,,任意波型產生器,True,2,機械設備通常為固定資產，屬於 Category 2
機械及設備,,示波器波形照相裝置,True,2,機械設備通常為固定資產，屬於 Category 2
機械及設備,,電器邏輯控制器,True,2,機械設備通常為固定資產，屬於 Category 2
機械及設備,,電流圖形於電容器,True,2,機械設備通常為固定資產，屬於 Category 2
機械及設備,,良好結構和電子能譜,True,2,機械設備通常為固定資產，屬於 Category 2
機械及設備,,密立根實驗,True,2,機械設備通常為固定資產，屬於 Category 2
機械及設備,,電器恆過水槽,True,2,機械設備通常為固定資產，屬於 Category 2
機械及設備,,聲光同步視聽機,True,2,機械設備通常為固定資產，屬於 Category 2
機械及設備,,軟鐵棒,True,2,機械設備通常為固定資產，屬於 Category 2
機械及設備,,箔檢電器,True,2,機械設備通常為固定資產，屬於 Category 2
機械及設備,,萊頓瓶,True,2,機械設備通常為固定資產，屬於 Category 2
機械及設備,,電氣分布說明器,True,2,機械設備通常為固定資產，屬於 Category 2
機械及設備,,絕緣台,True,2,機械設備通常為固定資產，屬於 Category 2
機械及設備,,圓罐型驗電器,True,2,機械設備通常為固定資產，屬於 Category 2
機械及設備,,起電機,True,2,機械設備通常為固定資產，屬於 Category 2
機械及設備,,安培氏測定器,True,2,機械設備通常為固定資產，屬於 Category 2
機械及設備,,電熱式蒸餾器,True,2,機械設備通常為固定資產，屬於 Category 2
機械及設備,,銅電量器,True,2,機械設備通常為固定資產，屬於 Category 2
機械及設備,,電熱量器,True,2,機械設備通常為固定資產，屬於 Category 2
機械及設備,,燈座,True,2,機械設備通常為固定資產，屬於 Category 2
機械及設備,,電流之磁效用,True,2,機械設備通常為固定資產，屬於 Category 2
機械及設備,,空心螺心管,True,2,機械設備通常為固定資產，屬於 Category 2
機械及設備,,電子質量裝置,True,2,機械設備通常為固定資產，屬於 Category 2
機械及設備,,電動機說明器,True,2,機械設備通常為固定資產，屬於 Category 2
機械及設備,,電路教學設計器,True,2,機械設備通常為固定資產，屬於 Category 2
機械及設備,,電子教學設計器,True,2,機械設備通常為固定資產，屬於 Category 2
機械及設備,,避雷器測試設備,True,2,機械設備通常為固定資產，屬於 Category 2
機械及設備,,區域網路纜線測試器,True,2,機械設備通常為固定資產，屬於 Category 2
機械及設備,,原級多工測試器,True,2,機械設備通常為固定資產，屬於 Category 2
機械及設備,,衰減器,True,2,機械設備通常為固定資產，屬於 Category 2
機械及設備,,極化分析儀,True,2,機械設備通常為固定資產，屬於 Category 2
機械及設備,,電波無反射室,True,2,機械設備通常為固定資產，屬於 Category 2
機械及設備,,標準場強源,True,2,機械設備通常為固定資產，屬於 Category 2
機械及設備,06,時、速、能、位、測定儀器,True,2,機械設備通常為固定資產，屬於 Category 2
機械及設備,01,時間及週率測定儀器,True,2,機械設備通常為固定資產，屬於 Category 2
機械及設備,,定時計,True,2,機械設備通常為固定資產，屬於 Category 2
機械及設備,,計步器,True,2,機械設備通常為固定資產，屬於 Category 2
機械及設備,,同步計,True,2,機械設備通常為固定資產，屬於 Category 2
機械及設備,,距離計,True,2,機械設備通常為固定資產，屬於 Category 2
機械及設備,,時間測定器,True,2,機械設備通常為固定資產，屬於 Category 2
機械及設備,,求距儀,True,2,機械設備通常為固定資產，屬於 Category 2
機械及設備,,測錶機,True,2,機械設備通常為固定資產，屬於 Category 2
機械及設備,,同步挖布器,True,2,機械設備通常為固定資產，屬於 Category 2
機械及設備,,碼錶,True,2,機械設備通常為固定資產，屬於 Category 2
機械及設備,,週率分析儀,True,2,機械設備通常為固定資產，屬於 Category 2
機械及設備,,跑錶,True,2,機械設備通常為固定資產，屬於 Category 2
機械及設備,,計時器,True,2,機械設備通常為固定資產，屬於 Category 2
機械及設備,,定時開關,True,2,機械設備通常為固定資產，屬於 Category 2
機械及設備,,振動計時器,True,2,機械設備通常為固定資產，屬於 Category 2
機械及設備,,週率計,True,2,機械設備通常為固定資產，屬於 Category 2
機械及設備,,時素測定器,True,2,機械設備通常為固定資產，屬於 Category 2
機械及設備,,位準測量器,True,2,機械設備通常為固定資產，屬於 Category 2
機械及設備,,三度空間儀器,True,2,機械設備通常為固定資產，屬於 Category 2
機械及設備,,位準發生器,True,2,機械設備通常為固定資產，屬於 Category 2
機械及設備,,水鐘車,True,2,機械設備通常為固定資產，屬於 Category 2
機械及設備,,光速測定器,True,2,機械設備通常為固定資產，屬於 Category 2
機械及設備,,風向計,True,2,機械設備通常為固定資產，屬於 Category 2
機械及設備,,行星軌球儀,True,2,機械設備通常為固定資產，屬於 Category 2
機械及設備,02,轉速測定儀器,True,2,機械設備通常為固定資產，屬於 Category 2
機械及設備,,轉速錶,True,2,機械設備通常為固定資產，屬於 Category 2
機械及設備,,速率錶,True,2,機械設備通常為固定資產，屬於 Category 2
機械及設備,,離心式轉速錶,True,2,機械設備通常為固定資產，屬於 Category 2
機械及設備,,鐘錶式轉速錶,True,2,機械設備通常為固定資產，屬於 Category 2
機械及設備,,電動轉速錶,True,2,機械設備通常為固定資產，屬於 Category 2
機械及設備,,雷達測速器,True,2,機械設備通常為固定資產，屬於 Category 2
機械及設備,,針數控制器,True,2,機械設備通常為固定資產，屬於 Category 2
機械及設備,,函數產生器,True,2,機械設備通常為固定資產，屬於 Category 2
機械及設備,,轉動慣量實驗器,True,2,機械設備通常為固定資產，屬於 Category 2
機械及設備,,旋轉角度編碼器,True,2,機械設備通常為固定資產，屬於 Category 2
機械及設備,,測速儀,True,2,機械設備通常為固定資產，屬於 Category 2
機械及設備,,風力計,True,2,機械設備通常為固定資產，屬於 Category 2
機械及設備,,馬錶計,True,2,機械設備通常為固定資產，屬於 Category 2
機械及設備,,迴轉計,True,2,機械設備通常為固定資產，屬於 Category 2
機械及設備,,熱線測速儀,True,2,機械設備通常為固定資產，屬於 Category 2
機械及設備,,迴積及容積測定儀器,True,2,機械設備通常為固定資產，屬於 Category 2
機械及設備,,速度監控器,True,2,機械設備通常為固定資產，屬於 Category 2
機械及設備,,焊線速度計,True,2,機械設備通常為固定資產，屬於 Category 2
機械及設備,,移動式輪行檢定器,True,2,機械設備通常為固定資產，屬於 Category 2
機械及設備,,風速試驗台,True,2,機械設備通常為固定資產，屬於 Category 2
機械及設備,,轉速試驗器,True,2,機械設備通常為固定資產，屬於 Category 2
機械及設備,,發電式轉速錶,True,2,機械設備通常為固定資產，屬於 Category 2
機械及設備,,迴轉計試驗器,True,2,機械設備通常為固定資產，屬於 Category 2
機械及設備,,轉速表頭,True,2,機械設備通常為固定資產，屬於 Category 2
機械及設備,,轉速計轉換器,True,2,機械設備通常為固定資產，屬於 Category 2
機械及設備,,白金閉角轉速試驗器,True,2,機械設備通常為固定資產，屬於 Category 2
機械及設備,,白金閉角轉速錶,True,2,機械設備通常為固定資產，屬於 Category 2
機械及設備,,速度記錄計試驗器,True,2,機械設備通常為固定資產，屬於 Category 2
機械及設備,,高速測定器,True,2,機械設備通常為固定資產，屬於 Category 2
機械及設備,,列車速度測定器,True,2,機械設備通常為固定資產，屬於 Category 2
機械及設備,,直昇機速度探測器,True,2,機械設備通常為固定資產，屬於 Category 2
機械及設備,,記錄速度計,True,2,機械設備通常為固定資產，屬於 Category 2
機械及設備,,雷達車速檢測器,True,2,機械設備通常為固定資產，屬於 Category 2
機械及設備,,光電轉測試器,True,2,機械設備通常為固定資產，屬於 Category 2
機械及設備,,小型時計器,True,2,機械設備通常為固定資產，屬於 Category 2
機械及設備,,遠心機,True,2,機械設備通常為固定資產，屬於 Category 2
機械及設備,,電同步定速器,True,2,機械設備通常為固定資產，屬於 Category 2
機械及設備,,風速計,True,2,機械設備通常為固定資產，屬於 Category 2
機械及設備,,槍彈測速儀,True,2,機械設備通常為固定資產，屬於 Category 2
機械及設備,,數位式行車紀錄器,True,2,機械設備通常為固定資產，屬於 Category 2
機械及設備,,太陽能車輛速率偵測顯示系統標誌,True,2,機械設備通常為固定資產，屬於 Category 2
機械及設備,03,面積及容積測定儀器,True,2,機械設備通常為固定資產，屬於 Category 2
機械及設備,,容量測定器,True,2,機械設備通常為固定資產，屬於 Category 2
機械及設備,,微分器,True,2,機械設備通常為固定資產，屬於 Category 2
機械及設備,,整補式水積儀,True,2,機械設備通常為固定資產，屬於 Category 2
機械及設備,,材積測定儀,True,2,機械設備通常為固定資產，屬於 Category 2
機械及設備,,葉面積測定器,True,2,機械設備通常為固定資產，屬於 Category 2
機械及設備,,體積變化測定儀,True,2,機械設備通常為固定資產，屬於 Category 2
機械及設備,,求積儀,True,2,機械設備通常為固定資產，屬於 Category 2
機械及設備,,精密圖面解析儀,True,2,機械設備通常為固定資產，屬於 Category 2
機械及設備,,面積規,True,2,機械設備通常為固定資產，屬於 Category 2
機械及設備,,腰眼面積測定器,True,2,機械設備通常為固定資產，屬於 Category 2
機械及設備,,求積檢定器,True,2,機械設備通常為固定資產，屬於 Category 2
機械及設備,,軌道斷面測定器,True,2,機械設備通常為固定資產，屬於 Category 2
機械及設備,,斷面儀,True,2,機械設備通常為固定資產，屬於 Category 2
機械及設備,,繪圖儀,True,2,機械設備通常為固定資產，屬於 Category 2
機械及設備,,面積儀,True,2,機械設備通常為固定資產，屬於 Category 2
機械及設備,,黑板利用運動,True,2,機械設備通常為固定資產，屬於 Category 2
機械及設備,,測徑儀,True,2,機械設備通常為固定資產，屬於 Category 2
機械及設備,04,高度及深度厚度測定儀器,True,2,機械設備通常為固定資產，屬於 Category 2
機械及設備,,高度錶,True,2,機械設備通常為固定資產，屬於 Category 2
機械及設備,,深度計,True,2,機械設備通常為固定資產，屬於 Category 2
機械及設備,,微測器,True,2,機械設備通常為固定資產，屬於 Category 2
機械及設備,,超音波測厚器,True,2,機械設備通常為固定資產，屬於 Category 2
機械及設備,,氣壓測高度儀,True,2,機械設備通常為固定資產，屬於 Category 2
機械及設備,,光波測距儀,True,2,機械設備通常為固定資產，屬於 Category 2
機械及設備,,齒輪檢驗機,True,2,機械設備通常為固定資產，屬於 Category 2
機械及設備,,探勘棒,True,2,機械設備通常為固定資產，屬於 Category 2
機械及設備,,自記水位塔,True,2,機械設備通常為固定資產，屬於 Category 2
機械及設備,,蝕溝測量器,True,2,機械設備通常為固定資產，屬於 Category 2
機械及設備,,印版厚度測量儀,True,2,機械設備通常為固定資產，屬於 Category 2
機械及設備,,磁力式數字厚度測微器,True,2,機械設備通常為固定資產，屬於 Category 2
機械及設備,,厚度計,True,2,機械設備通常為固定資產，屬於 Category 2
機械及設備,,測原器,True,2,機械設備通常為固定資產，屬於 Category 2
機械及設備,,蛋殼厚度計,True,2,機械設備通常為固定資產，屬於 Category 2
機械及設備,,車輪輛限高偵測器,True,2,機械設備通常為固定資產，屬於 Category 2
機械及設備,,測管厚探傷器,True,2,機械設備通常為固定資產，屬於 Category 2
機械及設備,,膜厚計,True,2,機械設備通常為固定資產，屬於 Category 2
機械及設備,,電射三次元量測儀,True,2,機械設備通常為固定資產，屬於 Category 2
機械及設備,,雷射光束分析儀,True,2,機械設備通常為固定資產，屬於 Category 2
機械及設備,,齒輪滾合試驗機,True,2,機械設備通常為固定資產，屬於 Category 2
機械及設備,,表面繪圖儀,True,2,機械設備通常為固定資產，屬於 Category 2
機械及設備,,圓盤指示器,True,2,機械設備通常為固定資產，屬於 Category 2
機械及設備,,電子式比測計,True,2,機械設備通常為固定資產，屬於 Category 2
機械及設備,,測徑機,True,2,機械設備通常為固定資產，屬於 Category 2
機械及設備,,標準規矩塊,True,2,機械設備通常為固定資產，屬於 Category 2
機械及設備,,齒厚測定器,True,2,機械設備通常為固定資產，屬於 Category 2
機械及設備,,乾膜測厚計,True,2,機械設備通常為固定資產，屬於 Category 2
機械及設備,,墨線測厚計,True,2,機械設備通常為固定資產，屬於 Category 2
機械及設備,,內徑測器,True,2,機械設備通常為固定資產，屬於 Category 2
機械及設備,,護膜厚度測定器,True,2,機械設備通常為固定資產，屬於 Category 2
機械及設備,,護膜厚度測量儀,True,2,機械設備通常為固定資產，屬於 Category 2
機械及設備,,Ｖ線測厚器,True,2,機械設備通常為固定資產，屬於 Category 2
機械及設備,,輕厚度測定器,True,2,機械設備通常為固定資產，屬於 Category 2
機械及設備,,放射線金屬測厚儀,True,2,機械設備通常為固定資產，屬於 Category 2
機械及設備,,非導體薄膜測厚儀,True,2,機械設備通常為固定資產，屬於 Category 2
機械及設備,,高度規分度夾頭分度頭,True,2,機械設備通常為固定資產，屬於 Category 2
機械及設備,,高度及直角度測定儀,True,2,機械設備通常為固定資產，屬於 Category 2
機械及設備,,輻射線測厚儀,True,2,機械設備通常為固定資產，屬於 Category 2
機械及設備,,表層厚度測試器標準試驗片,True,2,機械設備通常為固定資產，屬於 Category 2
機械及設備,,氣壓標高器,True,2,機械設備通常為固定資產，屬於 Category 2
機械及設備,,超高測定器,True,2,機械設備通常為固定資產，屬於 Category 2
機械及設備,,隧道測量器,True,2,機械設備通常為固定資產，屬於 Category 2
機械及設備,,外徑測微規,True,2,機械設備通常為固定資產，屬於 Category 2
機械及設備,,測微表架組,True,2,機械設備通常為固定資產，屬於 Category 2
機械及設備,,連桿測定架,True,2,機械設備通常為固定資產，屬於 Category 2
機械及設備,,內徑測微規,True,2,機械設備通常為固定資產，屬於 Category 2
機械及設備,,皮帶緊度錶,True,2,機械設備通常為固定資產，屬於 Category 2
機械及設備,,真北儀,True,2,機械設備通常為固定資產，屬於 Category 2
機械及設備,,貼標,True,2,機械設備通常為固定資產，屬於 Category 2
機械及設備,,電子測微器,True,2,機械設備通常為固定資產，屬於 Category 2
機械及設備,05,線及角位移測定儀器,True,2,機械設備通常為固定資產，屬於 Category 2
機械及設備,,角度計,True,2,機械設備通常為固定資產，屬於 Category 2
機械及設備,,曲線計,True,2,機械設備通常為固定資產，屬於 Category 2
機械及設備,,方向指示器,True,2,機械設備通常為固定資產，屬於 Category 2
機械及設備,,波長計,True,2,機械設備通常為固定資產，屬於 Category 2
機械及設備,,羅盤,True,2,機械設備通常為固定資產，屬於 Category 2
機械及設備,,陀螺（迴轉定向儀）,True,2,機械設備通常為固定資產，屬於 Category 2
機械及設備,,傾斜儀,True,2,機械設備通常為固定資產，屬於 Category 2
機械及設備,,經緯儀,True,2,機械設備通常為固定資產，屬於 Category 2
機械及設備,,手板儀,True,2,機械設備通常為固定資產，屬於 Category 2
機械及設備,,傾側轉彎儀,True,2,機械設備通常為固定資產，屬於 Category 2
機械及設備,,上昇速度錶,True,2,機械設備通常為固定資產，屬於 Category 2
機械及設備,,空速指示器,True,2,機械設備通常為固定資產，屬於 Category 2
機械及設備,,轉彎速度指示器,True,2,機械設備通常為固定資產，屬於 Category 2
機械及設備,,自動駕駛儀,True,2,機械設備通常為固定資產，屬於 Category 2
機械及設備,,偏流器,True,2,機械設備通常為固定資產，屬於 Category 2
機械及設備,,八分儀,True,2,機械設備通常為固定資產，屬於 Category 2
機械及設備,,水準儀,True,2,機械設備通常為固定資產，屬於 Category 2
機械及設備,,照準儀,True,2,機械設備通常為固定資產，屬於 Category 2
機械及設備,,測圖儀,True,2,機械設備通常為固定資產，屬於 Category 2
機械及設備,,製圖儀,True,2,機械設備通常為固定資產，屬於 Category 2
機械及設備,,糾正儀,True,2,機械設備通常為固定資產，屬於 Category 2
機械及設備,,移動器,True,2,機械設備通常為固定資產，屬於 Category 2
機械及設備,,大地器,True,2,機械設備通常為固定資產，屬於 Category 2
機械及設備,,求心器,True,2,機械設備通常為固定資產，屬於 Category 2
機械及設備,,水平尺,True,2,機械設備通常為固定資產，屬於 Category 2
機械及設備,,坡度器,True,2,機械設備通常為固定資產，屬於 Category 2
機械及設備,,航測製圖儀,True,2,機械設備通常為固定資產，屬於 Category 2
機械及設備,,精密分度儀,True,2,機械設備通常為固定資產，屬於 Category 2
機械及設備,,平衡指示器,True,2,機械設備通常為固定資產，屬於 Category 2
機械及設備,,平板機,True,2,機械設備通常為固定資產，屬於 Category 2
機械及設備,,銦鋼標尺,True,2,機械設備通常為固定資產，屬於 Category 2
機械及設備,,圖廓器,True,2,機械設備通常為固定資產，屬於 Category 2
機械及設備,,直線測量儀,True,2,機械設備通常為固定資產，屬於 Category 2
機械及設備,,測距儀,True,2,機械設備通常為固定資產，屬於 Category 2
機械及設備,,傾斜度記錄器,True,2,機械設備通常為固定資產，屬於 Category 2
機械及設備,,水平儀,True,2,機械設備通常為固定資產，屬於 Category 2
機械及設備,,航速儀,True,2,機械設備通常為固定資產，屬於 Category 2
機械及設備,,萬步計,True,2,機械設備通常為固定資產，屬於 Category 2
機械及設備,,船隻定位儀,True,2,機械設備通常為固定資產，屬於 Category 2
機械及設備,,雷射儀,True,2,機械設備通常為固定資產，屬於 Category 2
機械及設備,,自動鉛垂視準儀,True,2,機械設備通常為固定資產，屬於 Category 2
機械及設備,,微型測距探頭,True,2,機械設備通常為固定資產，屬於 Category 2
機械及設備,,電子比測儀,True,2,機械設備通常為固定資產，屬於 Category 2
機械及設備,,塊規比較儀,True,2,機械設備通常為固定資產，屬於 Category 2
機械及設備,,近接開關,True,2,機械設備通常為固定資產，屬於 Category 2
機械及設備,,數位量化機,True,2,機械設備通常為固定資產，屬於 Category 2
機械及設備,,位置量測系統,True,2,機械設備通常為固定資產，屬於 Category 2
機械及設備,,萬能量測儀,True,2,機械設備通常為固定資產，屬於 Category 2
機械及設備,,角度及輪廓量測儀,True,2,機械設備通常為固定資產，屬於 Category 2
機械及設備,,視準儀,True,2,機械設備通常為固定資產，屬於 Category 2
機械及設備,,黏度檢驗儀,True,2,機械設備通常為固定資產，屬於 Category 2
機械及設備,,看中心成套工具,True,2,機械設備通常為固定資產，屬於 Category 2
機械及設備,,中心測定儀,True,2,機械設備通常為固定資產，屬於 Category 2
機械及設備,,中心經緯儀,True,2,機械設備通常為固定資產，屬於 Category 2
機械及設備,,平板測距儀,True,2,機械設備通常為固定資產，屬於 Category 2
機械及設備,,自動水平儀,True,2,機械設備通常為固定資產，屬於 Category 2
機械及設備,,六分儀,True,2,機械設備通常為固定資產，屬於 Category 2
機械及設備,,方位圈,True,2,機械設備通常為固定資產，屬於 Category 2
機械及設備,,測量貼規,True,2,機械設備通常為固定資產，屬於 Category 2
機械及設備,,電光反射測驗器,True,2,機械設備通常為固定資產，屬於 Category 2
機械及設備,,橫測尺,True,2,機械設備通常為固定資產，屬於 Category 2
機械及設備,,球徑計,True,2,機械設備通常為固定資產，屬於 Category 2
機械及設備,,螺旋導角測驗機,True,2,機械設備通常為固定資產，屬於 Category 2
機械及設備,,極曲線儀,True,2,機械設備通常為固定資產，屬於 Category 2
機械及設備,,電光反射測平器,True,2,機械設備通常為固定資產，屬於 Category 2
機械及設備,,動衡儀,True,2,機械設備通常為固定資產，屬於 Category 2
機械及設備,,平板儀,True,2,機械設備通常為固定資產，屬於 Category 2
機械及設備,,非接觸性微小位移測量儀,True,2,機械設備通常為固定資產，屬於 Category 2
機械及設備,,錐度檢驗儀,True,2,機械設備通常為固定資產，屬於 Category 2
機械及設備,,水平儀檢驗儀,True,2,機械設備通常為固定資產，屬於 Category 2
機械及設備,,方位儀,True,2,機械設備通常為固定資產，屬於 Category 2
機械及設備,,列車動搖測定器,True,2,機械設備通常為固定資產，屬於 Category 2
機械及設備,,標識方向測定器,True,2,機械設備通常為固定資產，屬於 Category 2
機械及設備,,轉轍器密著測定器,True,2,機械設備通常為固定資產，屬於 Category 2
機械及設備,,鋼軌傾斜測定器,True,2,機械設備通常為固定資產，屬於 Category 2
機械及設備,,曲線整正計標器,True,2,機械設備通常為固定資產，屬於 Category 2
機械及設備,,經緯水平兩用儀,True,2,機械設備通常為固定資產，屬於 Category 2
機械及設備,,鋼軌變度差度測驗器,True,2,機械設備通常為固定資產，屬於 Category 2
機械及設備,,鋼軌爬行記錄器,True,2,機械設備通常為固定資產，屬於 Category 2
機械及設備,,整流子面記錄器,True,2,機械設備通常為固定資產，屬於 Category 2
機械及設備,,光波測距經緯儀,True,2,機械設備通常為固定資產，屬於 Category 2
機械及設備,,測桿（鋁２Ｍ２節）,True,2,機械設備通常為固定資產，屬於 Category 2
機械及設備,,大王肖檢查表,True,2,機械設備通常為固定資產，屬於 Category 2
機械及設備,,微型測距探頭,True,2,機械設備通常為固定資產，屬於 Category 2
機械及設備,,數值板,True,2,機械設備通常為固定資產，屬於 Category 2
機械及設備,,換向儀,True,2,機械設備通常為固定資產，屬於 Category 2
機械及設備,,迴轉儀,True,2,機械設備通常為固定資產，屬於 Category 2
機械及設備,,蓋瓶器,True,2,機械設備通常為固定資產，屬於 Category 2
機械及設備,,位移傳送器,True,2,機械設備通常為固定資產，屬於 Category 2
機械及設備,,透地電達測距輪,True,2,機械設備通常為固定資產，屬於 Category 2
機械及設備,06,重量測定儀器,True,2,機械設備通常為固定資產，屬於 Category 2
機械及設備,,分析天平,True,2,機械設備通常為固定資產，屬於 Category 2
機械及設備,,比重式天平,True,2,機械設備通常為固定資產，屬於 Category 2
機械及設備,,直示式天平,True,2,機械設備通常為固定資產，屬於 Category 2
機械及設備,,微量化學天平,True,2,機械設備通常為固定資產，屬於 Category 2
機械及設備,,比重計,True,2,機械設備通常為固定資產，屬於 Category 2
機械及設備,,重量平衡器,True,2,機械設備通常為固定資產，屬於 Category 2
機械及設備,,糖度計,True,2,機械設備通常為固定資產，屬於 Category 2
機械及設備,,電子天平,True,2,機械設備通常為固定資產，屬於 Category 2
機械及設備,,計數秤,True,2,機械設備通常為固定資產，屬於 Category 2
機械及設備,,微調分析天平,True,2,機械設備通常為固定資產，屬於 Category 2
機械及設備,,慣性天平,True,2,機械設備通常為固定資產，屬於 Category 2
機械及設備,,毫克天平,True,2,機械設備通常為固定資產，屬於 Category 2
機械及設備,,荷重之質量比較器,True,2,機械設備通常為固定資產，屬於 Category 2
機械及設備,,自動計量漏斗秤系統,True,2,機械設備通常為固定資產，屬於 Category 2
機械及設備,,重量檢查感應器,True,2,機械設備通常為固定資產，屬於 Category 2
機械及設備,,地磅,True,2,機械設備通常為固定資產，屬於 Category 2
機械及設備,,液壓秤,True,2,機械設備通常為固定資產，屬於 Category 2
機械及設備,,電子儲槽量重器,True,2,機械設備通常為固定資產，屬於 Category 2
機械及設備,,化學台秤,True,2,機械設備通常為固定資產，屬於 Category 2
機械及設備,,荷重計,True,2,機械設備通常為固定資產，屬於 Category 2
機械及設備,,負荷之及顯示器,True,2,機械設備通常為固定資產，屬於 Category 2
機械及設備,,荷重量測設備,True,2,機械設備通常為固定資產，屬於 Category 2
機械及設備,,刻度機,True,2,機械設備通常為固定資產，屬於 Category 2
機械及設備,,吊重測定器,True,2,機械設備通常為固定資產，屬於 Category 2
機械及設備,,貨車軸重測定器,True,2,機械設備通常為固定資產，屬於 Category 2
機械及設備,,手台式桿,True,2,機械設備通常為固定資產，屬於 Category 2
機械及設備,,數字天平,True,2,機械設備通常為固定資產，屬於 Category 2
機械及設備,07,探測儀器,True,2,機械設備通常為固定資產，屬於 Category 2
機械及設備,,制水閥盒探測器,True,2,機械設備通常為固定資產，屬於 Category 2
機械及設備,,針型探測器,True,2,機械設備通常為固定資產，屬於 Category 2
機械及設備,,金屬探測器,True,2,機械設備通常為固定資產，屬於 Category 2
機械及設備,,叉探測器,True,2,機械設備通常為固定資產，屬於 Category 2
機械及設備,,超音波探測儀,True,2,機械設備通常為固定資產，屬於 Category 2
機械及設備,07,物理性能測定儀器,True,2,機械設備通常為固定資產，屬於 Category 2
機械及設備,01,熱量測定儀器,True,2,機械設備通常為固定資產，屬於 Category 2
機械及設備,,氣體熱量計,True,2,機械設備通常為固定資產，屬於 Category 2
機械及設備,,酸類熱量測定器,True,2,機械設備通常為固定資產，屬於 Category 2
機械及設備,,真空斷熱熱量測定器,True,2,機械設備通常為固定資產，屬於 Category 2
機械及設備,,熱傳導率測定器,True,2,機械設備通常為固定資產，屬於 Category 2
機械及設備,,自動燃燒器,True,2,機械設備通常為固定資產，屬於 Category 2
機械及設備,,輻射熱計,True,2,機械設備通常為固定資產，屬於 Category 2
機械及設備,,強制對流試驗儀器,True,2,機械設備通常為固定資產，屬於 Category 2
機械及設備,,比熱儀,True,2,機械設備通常為固定資產，屬於 Category 2
機械及設備,,表面張力實驗器,True,2,機械設備通常為固定資產，屬於 Category 2
機械及設備,,熱量分析儀,True,2,機械設備通常為固定資產，屬於 Category 2
機械及設備,,製程順序位訊分析儀,True,2,機械設備通常為固定資產，屬於 Category 2
機械及設備,,阿基米得儀,True,2,機械設備通常為固定資產，屬於 Category 2
機械及設備,,金屬導熱比較器,True,2,機械設備通常為固定資產，屬於 Category 2
機械及設備,,複合金屬棒,True,2,機械設備通常為固定資產，屬於 Category 2
機械及設備,,量熱計,True,2,機械設備通常為固定資產，屬於 Category 2
機械及設備,,全自動燃燒機,True,2,機械設備通常為固定資產，屬於 Category 2
機械及設備,,空氣ｒ值測定台,True,2,機械設備通常為固定資產，屬於 Category 2
機械及設備,,同時落下實驗器,True,2,機械設備通常為固定資產，屬於 Category 2
機械及設備,,電場,True,2,機械設備通常為固定資產，屬於 Category 2
機械及設備,,密立根油滴實驗器,True,2,機械設備通常為固定資產，屬於 Category 2
機械及設備,,落下運動實驗器,True,2,機械設備通常為固定資產，屬於 Category 2
機械及設備,,靜電高壓發電裝置,True,2,機械設備通常為固定資產，屬於 Category 2
機械及設備,,伏打電池表演,True,2,機械設備通常為固定資產，屬於 Category 2
機械及設備,,散熱蓋試驗器,True,2,機械設備通常為固定資產，屬於 Category 2
機械及設備,,波義取定理,True,2,機械設備通常為固定資產，屬於 Category 2
機械及設備,,液體瓦斯容器,True,2,機械設備通常為固定資產，屬於 Category 2
機械及設備,,遊離計,True,2,機械設備通常為固定資產，屬於 Category 2
機械及設備,,太陽能量器,True,2,機械設備通常為固定資產，屬於 Category 2
機械及設備,,水的電解實驗器,True,2,機械設備通常為固定資產，屬於 Category 2
機械及設備,,立方體說明切斷器,True,2,機械設備通常為固定資產，屬於 Category 2
機械及設備,,回轉體說明器,True,2,機械設備通常為固定資產，屬於 Category 2
機械及設備,,容積比較實驗器,True,2,機械設備通常為固定資產，屬於 Category 2
機械及設備,,磁力三用式實驗器,True,2,機械設備通常為固定資產，屬於 Category 2
機械及設備,,電擊紀錄式測定器,True,2,機械設備通常為固定資產，屬於 Category 2
機械及設備,,蹺板平衡實驗器,True,2,機械設備通常為固定資產，屬於 Category 2
機械及設備,,槓桿,True,2,機械設備通常為固定資產，屬於 Category 2
機械及設備,,萬能電磁器,True,2,機械設備通常為固定資產，屬於 Category 2
機械及設備,,質點折射實驗器,True,2,機械設備通常為固定資產，屬於 Category 2
機械及設備,,摩擦生熱計實驗器,True,2,機械設備通常為固定資產，屬於 Category 2
機械及設備,,威爾遜擴散霧室實驗,True,2,機械設備通常為固定資產，屬於 Category 2
機械及設備,,動能此冓的實驗臺,True,2,機械設備通常為固定資產，屬於 Category 2
機械及設備,,電熱實驗器,True,2,機械設備通常為固定資產，屬於 Category 2
機械及設備,,海耳德實驗儀,True,2,機械設備通常為固定資產，屬於 Category 2
機械及設備,,傅科擺,True,2,機械設備通常為固定資產，屬於 Category 2
機械及設備,,橫波波動實驗裝置,True,2,機械設備通常為固定資產，屬於 Category 2
機械及設備,,駐波實驗,True,2,機械設備通常為固定資產，屬於 Category 2
機械及設備,,水波槽,True,2,機械設備通常為固定資產，屬於 Category 2
機械及設備,02,濕度測定儀器,True,2,機械設備通常為固定資產，屬於 Category 2
機械及設備,,濕度計,True,2,機械設備通常為固定資產，屬於 Category 2
機械及設備,,濕度調節器,True,2,機械設備通常為固定資產，屬於 Category 2
機械及設備,,濕度記錄器,True,2,機械設備通常為固定資產，屬於 Category 2
機械及設備,,酒精計,True,2,機械設備通常為固定資產，屬於 Category 2
機械及設備,,晴雨計（氣壓計）,True,2,機械設備通常為固定資產，屬於 Category 2
機械及設備,,含濕度檢查器,True,2,機械設備通常為固定資產，屬於 Category 2
機械及設備,,加濕器,True,2,機械設備通常為固定資產，屬於 Category 2
機械及設備,,濕度感應放大器,True,2,機械設備通常為固定資產，屬於 Category 2
機械及設備,,露點自動測定儀,True,2,機械設備通常為固定資產，屬於 Category 2
機械及設備,,電氣濕度測定器,True,2,機械設備通常為固定資產，屬於 Category 2
機械及設備,,毛髮濕度計,True,2,機械設備通常為固定資產，屬於 Category 2
機械及設備,,恆濕器,True,2,機械設備通常為固定資產，屬於 Category 2
機械及設備,03,水份測定儀器,True,2,機械設備通常為固定資產，屬於 Category 2
機械及設備,,水份含量測定器,True,2,機械設備通常為固定資產，屬於 Category 2
機械及設備,,紅外線水分測定器,True,2,機械設備通常為固定資產，屬於 Category 2
機械及設備,,貝克曼水份測定器,True,2,機械設備通常為固定資產，屬於 Category 2
機械及設備,,稻谷水份測定器,True,2,機械設備通常為固定資產，屬於 Category 2
機械及設備,,水份記錄器,True,2,機械設備通常為固定資產，屬於 Category 2
機械及設備,,水份潛勢計,True,2,機械設備通常為固定資產，屬於 Category 2
機械及設備,,露點水份測定器,True,2,機械設備通常為固定資產，屬於 Category 2
機械及設備,,水份活性測定器,True,2,機械設備通常為固定資產，屬於 Category 2
機械及設備,,保水性測定器,True,2,機械設備通常為固定資產，屬於 Category 2
機械及設備,,終沸點分析器,True,2,機械設備通常為固定資產，屬於 Category 2
機械及設備,,木材水份計,True,2,機械設備通常為固定資產，屬於 Category 2
機械及設備,,濕度箱,True,2,機械設備通常為固定資產，屬於 Category 2
機械及設備,,水份測定器,True,2,機械設備通常為固定資產，屬於 Category 2
機械及設備,,鹽水噴霧試驗器,True,2,機械設備通常為固定資產，屬於 Category 2
機械及設備,04,比色計,True,2,機械設備通常為固定資產，屬於 Category 2
機械及設備,,塞氏比色計,True,2,機械設備通常為固定資產，屬於 Category 2
機械及設備,,聯合比色計,True,2,機械設備通常為固定資產，屬於 Category 2
機械及設備,,光電比色計,True,2,機械設備通常為固定資產，屬於 Category 2
機械及設備,,盧氏光電比色計,True,2,機械設備通常為固定資產，屬於 Category 2
機械及設備,,假漆比色計,True,2,機械設備通常為固定資產，屬於 Category 2
機械及設備,,白金濁度計,True,2,機械設備通常為固定資產，屬於 Category 2
機械及設備,,殘留氯比色測定器,True,2,機械設備通常為固定資產，屬於 Category 2
機械及設備,,一氧化碳比色測定器,True,2,機械設備通常為固定資產，屬於 Category 2
機械及設備,,氮素比色計,True,2,機械設備通常為固定資產，屬於 Category 2
機械及設備,,ＰＨ比色計,True,2,機械設備通常為固定資產，屬於 Category 2
機械及設備,,台佛斯氏比色計,True,2,機械設備通常為固定資產，屬於 Category 2
機械及設備,,火焰比色計,True,2,機械設備通常為固定資產，屬於 Category 2
機械及設備,,色消透鏡,True,2,機械設備通常為固定資產，屬於 Category 2
機械及設備,,迴轉色板,True,2,機械設備通常為固定資產，屬於 Category 2
機械及設備,,顏色滴定器,True,2,機械設備通常為固定資產，屬於 Category 2
機械及設備,,尼氏比色計,True,2,機械設備通常為固定資產，屬於 Category 2
機械及設備,,數字型比色計,True,2,機械設備通常為固定資產，屬於 Category 2
機械及設備,,微量比色計,True,2,機械設備通常為固定資產，屬於 Category 2
機械及設備,,自動螢光比色計,True,2,機械設備通常為固定資產，屬於 Category 2
機械及設備,,比色儀,True,2,機械設備通常為固定資產，屬於 Category 2
機械及設備,,比色測定器,True,2,機械設備通常為固定資產，屬於 Category 2
機械及設備,,餘氯ＰＨ比色計,True,2,機械設備通常為固定資產，屬於 Category 2
機械及設備,,氨比色器,True,2,機械設備通常為固定資產，屬於 Category 2
機械及設備,,氰化物比色器,True,2,機械設備通常為固定資產，屬於 Category 2
機械及設備,05,硬度測定及試驗設備,True,2,機械設備通常為固定資產，屬於 Category 2
機械及設備,,括力硬度計,True,2,機械設備通常為固定資產，屬於 Category 2
機械及設備,,蕭氏硬度試驗計,True,2,機械設備通常為固定資產，屬於 Category 2
機械及設備,,勃氏硬度計,True,2,機械設備通常為固定資產，屬於 Category 2
機械及設備,,洛氏硬度計,True,2,機械設備通常為固定資產，屬於 Category 2
機械及設備,,微硬度測定儀,True,2,機械設備通常為固定資產，屬於 Category 2
機械及設備,,針入度試驗器,True,2,機械設備通常為固定資產，屬於 Category 2
機械及設備,,穀粒硬度計,True,2,機械設備通常為固定資產，屬於 Category 2
機械及設備,,錠劑硬度試驗器,True,2,機械設備通常為固定資產，屬於 Category 2
機械及設備,,橡皮硬度試驗器,True,2,機械設備通常為固定資產，屬於 Category 2
機械及設備,,果實硬度計,True,2,機械設備通常為固定資產，屬於 Category 2
機械及設備,,蛋殼強度計,True,2,機械設備通常為固定資產，屬於 Category 2
機械及設備,,土壤硬度器,True,2,機械設備通常為固定資產，屬於 Category 2
機械及設備,,測定器,True,2,機械設備通常為固定資產，屬於 Category 2
機械及設備,,硬度拉力試驗機,True,2,機械設備通常為固定資產，屬於 Category 2
機械及設備,,離子交換樹脂磨損測定器,True,2,機械設備通常為固定資產，屬於 Category 2
機械及設備,,手攜硬度計,True,2,機械設備通常為固定資產，屬於 Category 2
機械及設備,,硬度試驗器,True,2,機械設備通常為固定資產，屬於 Category 2
機械及設備,,硬度標本,True,2,機械設備通常為固定資產，屬於 Category 2
機械及設備,,橡膠硬度測定器,True,2,機械設備通常為固定資產，屬於 Category 2
機械及設備,,旭雅硬度計,True,2,機械設備通常為固定資產，屬於 Category 2
機械及設備,,萬能試驗器,True,2,機械設備通常為固定資產，屬於 Category 2
機械及設備,,毛斯硬度計（摩氏硬度計）,True,2,機械設備通常為固定資產，屬於 Category 2
機械及設備,06,粘度計,True,2,機械設備通常為固定資產，屬於 Category 2
機械及設備,,粘性試驗器,True,2,機械設備通常為固定資產，屬於 Category 2
機械及設備,,黏度計,True,2,機械設備通常為固定資產，屬於 Category 2
機械及設備,,糊結性試驗器,True,2,機械設備通常為固定資產，屬於 Category 2
機械及設備,,糊著度錶,True,2,機械設備通常為固定資產，屬於 Category 2
機械及設備,,動力粘度測定儀,True,2,機械設備通常為固定資產，屬於 Category 2
機械及設備,,銼刀試驗棒,True,2,機械設備通常為固定資產，屬於 Category 2
機械及設備,,高壓毛細管流變儀,True,2,機械設備通常為固定資產，屬於 Category 2
機械及設備,,塞化黏度計,True,2,機械設備通常為固定資產，屬於 Category 2
機械及設備,,鞋底膠著力試驗機,True,2,機械設備通常為固定資產，屬於 Category 2
機械及設備,,塞氏黏度計,True,2,機械設備通常為固定資產，屬於 Category 2
機械及設備,,黏度計量瓶,True,2,機械設備通常為固定資產，屬於 Category 2
機械及設備,,油黏度計,True,2,機械設備通常為固定資產，屬於 Category 2
機械及設備,,黏度計用清洗機,True,2,機械設備通常為固定資產，屬於 Category 2
機械及設備,,粘著度錶,True,2,機械設備通常為固定資產，屬於 Category 2
機械及設備,,動力粘著測定器,True,2,機械設備通常為固定資產，屬於 Category 2
機械及設備,,粘性流體基本實驗系統,True,2,機械設備通常為固定資產，屬於 Category 2
機械及設備,07,應變計,True,2,機械設備通常為固定資產，屬於 Category 2
機械及設備,,揉性試驗器,True,2,機械設備通常為固定資產，屬於 Category 2
機械及設備,,應變試驗器,True,2,機械設備通常為固定資產，屬於 Category 2
機械及設備,,可塑度計,True,2,機械設備通常為固定資產，屬於 Category 2
機械及設備,,自動膨脹收縮記錄器,True,2,機械設備通常為固定資產，屬於 Category 2
機械及設備,,動態應變增幅儀,True,2,機械設備通常為固定資產，屬於 Category 2
機械及設備,,感光記錄儀,True,2,機械設備通常為固定資產，屬於 Category 2
機械及設備,,扭擺,True,2,機械設備通常為固定資產，屬於 Category 2
機械及設備,,楊氏係數儀,True,2,機械設備通常為固定資產，屬於 Category 2
機械及設備,,橫樑式彈性係數儀,True,2,機械設備通常為固定資產，屬於 Category 2
機械及設備,,動態應變放大器,True,2,機械設備通常為固定資產，屬於 Category 2
機械及設備,,力之合成分解儀,True,2,機械設備通常為固定資產，屬於 Category 2
機械及設備,,線膨脹裝置,True,2,機械設備通常為固定資產，屬於 Category 2
機械及設備,,力交互實驗裝置,True,2,機械設備通常為固定資產，屬於 Category 2
機械及設備,,殘留應力量測儀,True,2,機械設備通常為固定資產，屬於 Category 2
機械及設備,,磨擦係數測定儀,True,2,機械設備通常為固定資產，屬於 Category 2
機械及設備,,楊氏係數測定儀,True,2,機械設備通常為固定資產，屬於 Category 2
機械及設備,,物性測定儀,True,2,機械設備通常為固定資產，屬於 Category 2
機械及設備,,力積運動測定器,True,2,機械設備通常為固定資產，屬於 Category 2
機械及設備,,土壤突固試驗儀,True,2,機械設備通常為固定資產，屬於 Category 2
機械及設備,,核子溼度及密度儀,True,2,機械設備通常為固定資產，屬於 Category 2
機械及設備,,乳化瀝青試驗儀,True,2,機械設備通常為固定資產，屬於 Category 2
機械及設備,,瀝青分壓鐘,True,2,機械設備通常為固定資產，屬於 Category 2
機械及設備,08,光學儀器,True,2,機械設備通常為固定資產，屬於 Category 2
機械及設備,,曝光錶,True,2,機械設備通常為固定資產，屬於 Category 2
機械及設備,,屈折計,True,2,機械設備通常為固定資產，屬於 Category 2
機械及設備,,吸光計,True,2,機械設備通常為固定資產，屬於 Category 2
機械及設備,,顯微鏡,True,2,機械設備通常為固定資產，屬於 Category 2
機械及設備,,光譜分析儀,True,2,機械設備通常為固定資產，屬於 Category 2
機械及設備,,光譜投影器,True,2,機械設備通常為固定資產，屬於 Category 2
機械及設備,,光譜檢查台,True,2,機械設備通常為固定資產，屬於 Category 2
機械及設備,,光譜波長比較器,True,2,機械設備通常為固定資產，屬於 Category 2
機械及設備,,接目鏡,True,2,機械設備通常為固定資產，屬於 Category 2
機械及設備,,觀測管,True,2,機械設備通常為固定資產，屬於 Category 2
機械及設備,,石英攝譜儀,True,2,機械設備通常為固定資產，屬於 Category 2
機械及設備,,望遠鏡,True,2,機械設備通常為固定資產，屬於 Category 2
機械及設備,,原子閃光燈,True,2,機械設備通常為固定資產，屬於 Category 2
機械及設備,,光學擴大比較器,True,2,機械設備通常為固定資產，屬於 Category 2
機械及設備,,光度計,True,2,機械設備通常為固定資產，屬於 Category 2
機械及設備,,感光度量計,True,2,機械設備通常為固定資產，屬於 Category 2
機械及設備,,象現輝度計,True,2,機械設備通常為固定資產，屬於 Category 2
機械及設備,,測光束器,True,2,機械設備通常為固定資產，屬於 Category 2
機械及設備,,焰光光電計,True,2,機械設備通常為固定資產，屬於 Category 2
機械及設備,,光澤計,True,2,機械設備通常為固定資產，屬於 Category 2
機械及設備,,照度計,True,2,機械設備通常為固定資產，屬於 Category 2
機械及設備,,旋光器,True,2,機械設備通常為固定資產，屬於 Category 2
機械及設備,,單波光發生器,True,2,機械設備通常為固定資產，屬於 Category 2
機械及設備,,電極照水銀燈,True,2,機械設備通常為固定資產，屬於 Category 2
機械及設備,,階級式旋轉盤,True,2,機械設備通常為固定資產，屬於 Category 2
機械及設備,,透視器,True,2,機械設備通常為固定資產，屬於 Category 2
機械及設備,,光熱計,True,2,機械設備通常為固定資產，屬於 Category 2
機械及設備,,油漆反射光度儀,True,2,機械設備通常為固定資產，屬於 Category 2
機械及設備,,檢糖器,True,2,機械設備通常為固定資產，屬於 Category 2
機械及設備,,暗視野集光器,True,2,機械設備通常為固定資產，屬於 Category 2
機械及設備,,石英分光攝影機,True,2,機械設備通常為固定資產，屬於 Category 2
機械及設備,,電火光發生器,True,2,機械設備通常為固定資產，屬於 Category 2
機械及設備,,電泡壽命試驗台,True,2,機械設備通常為固定資產，屬於 Category 2
機械及設備,,立體鏡,True,2,機械設備通常為固定資產，屬於 Category 2
機械及設備,,螢光計,True,2,機械設備通常為固定資產，屬於 Category 2
機械及設備,,偏光計,True,2,機械設備通常為固定資產，屬於 Category 2
機械及設備,,屈曲性儀,True,2,機械設備通常為固定資產，屬於 Category 2
機械及設備,,密度計,True,2,機械設備通常為固定資產，屬於 Category 2
機械及設備,,氣相色層分析儀,True,2,機械設備通常為固定資產，屬於 Category 2
機械及設備,,分光分析儀,True,2,機械設備通常為固定資產，屬於 Category 2
機械及設備,,顯微鏡投影裝置,True,2,機械設備通常為固定資產，屬於 Category 2
機械及設備,,光學長度量測機,True,2,機械設備通常為固定資產，屬於 Category 2
機械及設備,,紅外線光譜儀,True,2,機械設備通常為固定資產，屬於 Category 2
機械及設備,,耐光試驗器,True,2,機械設備通常為固定資產，屬於 Category 2
機械及設備,,單狹縫繞射裝置,True,2,機械設備通常為固定資產，屬於 Category 2
機械及設備,,光柵,True,2,機械設備通常為固定資產，屬於 Category 2
機械及設備,,光學台,True,2,機械設備通常為固定資產，屬於 Category 2
機械及設備,,雷射光源,True,2,機械設備通常為固定資產，屬於 Category 2
機械及設備,,紫外線燈,True,2,機械設備通常為固定資產，屬於 Category 2
機械及設備,,光澤自動添加器,True,2,機械設備通常為固定資產，屬於 Category 2
機械及設備,,標準光源箱,True,2,機械設備通常為固定資產，屬於 Category 2
機械及設備,,弧光燈,True,2,機械設備通常為固定資產，屬於 Category 2
機械及設備,,積光儀,True,2,機械設備通常為固定資產，屬於 Category 2
機械及設備,,反射鏡,True,2,機械設備通常為固定資產，屬於 Category 2
機械及設備,,光切斷顯微鏡,True,2,機械設備通常為固定資產，屬於 Category 2
機械及設備,,光學平板,True,2,機械設備通常為固定資產，屬於 Category 2
機械及設備,,放大燈,True,2,機械設備通常為固定資產，屬於 Category 2
機械及設備,,高能量離子雷射,True,2,機械設備通常為固定資產，屬於 Category 2
機械及設備,,干涉儀,True,2,機械設備通常為固定資產，屬於 Category 2
機械及設備,,顯微鏡光度分析儀,True,2,機械設備通常為固定資產，屬於 Category 2
機械及設備,,顯微鏡光度分析儀攝影設備,True,2,機械設備通常為固定資產，屬於 Category 2
機械及設備,,程式控制加熱器,True,2,機械設備通常為固定資產，屬於 Category 2
機械及設備,,冷光顯微照明系統,True,2,機械設備通常為固定資產，屬於 Category 2
機械及設備,,銀粒顯微定量裝置,True,2,機械設備通常為固定資產，屬於 Category 2
機械及設備,,雷射用實驗器具,True,2,機械設備通常為固定資產，屬於 Category 2
機械及設備,,雷射光束擴大器,True,2,機械設備通常為固定資產，屬於 Category 2
機械及設備,,點計數器,True,2,機械設備通常為固定資產，屬於 Category 2
機械及設備,,反射式光彈試驗儀,True,2,機械設備通常為固定資產，屬於 Category 2
機械及設備,,濾光板,True,2,機械設備通常為固定資產，屬於 Category 2
機械及設備,,顯微鏡半自動照相裝置,True,2,機械設備通常為固定資產，屬於 Category 2
機械及設備,,顯微鏡螢光裝置,True,2,機械設備通常為固定資產，屬於 Category 2
機械及設備,,透鏡針孔濾光器,True,2,機械設備通常為固定資產，屬於 Category 2
機械及設備,,雷射功率計,True,2,機械設備通常為固定資產，屬於 Category 2
機械及設備,,快門控制器,True,2,機械設備通常為固定資產，屬於 Category 2
機械及設備,,紅外線觀測器,True,2,機械設備通常為固定資產，屬於 Category 2
機械及設備,,可調變雷射光源,True,2,機械設備通常為固定資產，屬於 Category 2
機械及設備,,折射率測定器,True,2,機械設備通常為固定資產，屬於 Category 2
機械及設備,,光凳,True,2,機械設備通常為固定資產，屬於 Category 2
機械及設備,,螢光分光計,True,2,機械設備通常為固定資產，屬於 Category 2
機械及設備,,顯微鏡接物鏡,True,2,機械設備通常為固定資產，屬於 Category 2
機械及設備,,空心陰極燈之電源,True,2,機械設備通常為固定資產，屬於 Category 2
機械及設備,,可變頻閃光燈,True,2,機械設備通常為固定資產，屬於 Category 2
機械及設備,,電子顯微鏡薄膜試片製作設備,True,2,機械設備通常為固定資產，屬於 Category 2
機械及設備,,光功率器,True,2,機械設備通常為固定資產，屬於 Category 2
機械及設備,,光電轉換器,True,2,機械設備通常為固定資產，屬於 Category 2
機械及設備,,紫外線照射裝置,True,2,機械設備通常為固定資產，屬於 Category 2
機械及設備,,光位移感應器,True,2,機械設備通常為固定資產，屬於 Category 2
機械及設備,,巴比納補償器,True,2,機械設備通常為固定資產，屬於 Category 2
機械及設備,,顯微操作機,True,2,機械設備通常為固定資產，屬於 Category 2
機械及設備,,法拉第效應儀,True,2,機械設備通常為固定資產，屬於 Category 2
機械及設備,,法蘭克赫芝計,True,2,機械設備通常為固定資產，屬於 Category 2
機械及設備,,滬紙色折展開槽,True,2,機械設備通常為固定資產，屬於 Category 2
機械及設備,,紫外線偵測器,True,2,機械設備通常為固定資產，屬於 Category 2
機械及設備,,單色燈,True,2,機械設備通常為固定資產，屬於 Category 2
機械及設備,,光源剌激系統,True,2,機械設備通常為固定資產，屬於 Category 2
機械及設備,,光射離子化測定器,True,2,機械設備通常為固定資產，屬於 Category 2
機械及設備,,紫外線穿透光照儀,True,2,機械設備通常為固定資產，屬於 Category 2
機械及設備,,紅外線偵測器,True,2,機械設備通常為固定資產，屬於 Category 2
機械及設備,,鐵相分析儀,True,2,機械設備通常為固定資產，屬於 Category 2
機械及設備,,光學功率計,True,2,機械設備通常為固定資產，屬於 Category 2
機械及設備,,示波器攝影機,True,2,機械設備通常為固定資產，屬於 Category 2
機械及設備,,顯影機,True,2,機械設備通常為固定資產，屬於 Category 2
機械及設備,,電子束曝光機,True,2,機械設備通常為固定資產，屬於 Category 2
機械及設備,,反光儀,True,2,機械設備通常為固定資產，屬於 Category 2
機械及設備,,閃光計數器,True,2,機械設備通常為固定資產，屬於 Category 2
機械及設備,,發光儀,True,2,機械設備通常為固定資產，屬於 Category 2
機械及設備,,明暗度切取儀,True,2,機械設備通常為固定資產，屬於 Category 2
機械及設備,,ＡＤＴＩ立體判釋鏡,True,2,機械設備通常為固定資產，屬於 Category 2
機械及設備,,能譜儀,True,2,機械設備通常為固定資產，屬於 Category 2
機械及設備,,圖像轉移鏡,True,2,機械設備通常為固定資產，屬於 Category 2
機械及設備,,連接筒,True,2,機械設備通常為固定資產，屬於 Category 2
機械及設備,,印像機,True,2,機械設備通常為固定資產，屬於 Category 2
機械及設備,,專業放大盤,True,2,機械設備通常為固定資產，屬於 Category 2
機械及設備,,ＰＨ－３反射裝置,True,2,機械設備通常為固定資產，屬於 Category 2
機械及設備,,微距鏡頭,True,2,機械設備通常為固定資產，屬於 Category 2
機械及設備,,燈光桌,True,2,機械設備通常為固定資產，屬於 Category 2
機械及設備,,自動聚焦放大系統,True,2,機械設備通常為固定資產，屬於 Category 2
機械及設備,,離子薄化機,True,2,機械設備通常為固定資產，屬於 Category 2
機械及設備,,感光鼓測試系統,True,2,機械設備通常為固定資產，屬於 Category 2
機械及設備,,光學式制動器測試頭,True,2,機械設備通常為固定資產，屬於 Category 2
機械及設備,,吹除、吸附裝置,True,2,機械設備通常為固定資產，屬於 Category 2
機械及設備,,雷射微動台,True,2,機械設備通常為固定資產，屬於 Category 2
機械及設備,,雷射二極體驅動器,True,2,機械設備通常為固定資產，屬於 Category 2
機械及設備,,紫外線快乾槍,True,2,機械設備通常為固定資產，屬於 Category 2
機械及設備,,四核種偵測配件,True,2,機械設備通常為固定資產，屬於 Category 2
機械及設備,,金相顯微鏡,True,2,機械設備通常為固定資產，屬於 Category 2
機械及設備,,掃描器,True,2,機械設備通常為固定資產，屬於 Category 2
機械及設備,,管內壁檢視器,True,2,機械設備通常為固定資產，屬於 Category 2
機械及設備,,閃光測速器,True,2,機械設備通常為固定資產，屬於 Category 2
機械及設備,,顆粒表面試驗機,True,2,機械設備通常為固定資產，屬於 Category 2
機械及設備,,分光儀檢驗用標準試片,True,2,機械設備通常為固定資產，屬於 Category 2
機械及設備,,斷續弧光裝置,True,2,機械設備通常為固定資產，屬於 Category 2
機械及設備,,測微光度計,True,2,機械設備通常為固定資產，屬於 Category 2
機械及設備,,光電管試驗器,True,2,機械設備通常為固定資產，屬於 Category 2
機械及設備,,縮微底片閱讀器,True,2,機械設備通常為固定資產，屬於 Category 2
機械及設備,,微縮底片檢查器,True,2,機械設備通常為固定資產，屬於 Category 2
機械及設備,,分光顯微鏡,True,2,機械設備通常為固定資產，屬於 Category 2
機械及設備,,螢光礦物燈,True,2,機械設備通常為固定資產，屬於 Category 2
機械及設備,,顯微鏡用對物測微計,True,2,機械設備通常為固定資產，屬於 Category 2
機械及設備,,照相放大器,True,2,機械設備通常為固定資產，屬於 Category 2
機械及設備,,火焰光度計,True,2,機械設備通常為固定資產，屬於 Category 2
機械及設備,,光電儀,True,2,機械設備通常為固定資產，屬於 Category 2
機械及設備,,螢光光度計,True,2,機械設備通常為固定資產，屬於 Category 2
機械及設備,,發射光譜儀,True,2,機械設備通常為固定資產，屬於 Category 2
機械及設備,,分光器,True,2,機械設備通常為固定資產，屬於 Category 2
機械及設備,,微生物顯微鏡,True,2,機械設備通常為固定資產，屬於 Category 2
機械及設備,,顯微鏡照相機,True,2,機械設備通常為固定資產，屬於 Category 2
機械及設備,,螢光檢驗器,True,2,機械設備通常為固定資產，屬於 Category 2
機械及設備,,投影燈,True,2,機械設備通常為固定資產，屬於 Category 2
機械及設備,,電子照相錶,True,2,機械設備通常為固定資產，屬於 Category 2
機械及設備,,印像放大機,True,2,機械設備通常為固定資產，屬於 Category 2
機械及設備,,氫氣燈,True,2,機械設備通常為固定資產，屬於 Category 2
機械及設備,,分光分析儀標準試驗片,True,2,機械設備通常為固定資產，屬於 Category 2
機械及設備,,光學長度測量機,True,2,機械設備通常為固定資產，屬於 Category 2
機械及設備,,解剖顯微鏡,True,2,機械設備通常為固定資產，屬於 Category 2
機械及設備,,電子顯微鏡廣視野裝置,True,2,機械設備通常為固定資產，屬於 Category 2
機械及設備,,Ｃ、Ｏ、Ｄ分光光度計,True,2,機械設備通常為固定資產，屬於 Category 2
機械及設備,,餘氯分光光度計,True,2,機械設備通常為固定資產，屬於 Category 2
機械及設備,,比對投影機配件,True,2,機械設備通常為固定資產，屬於 Category 2
機械及設備,,質譜儀,True,2,機械設備通常為固定資產，屬於 Category 2
機械及設備,,萬能火譜儀比對分析儀,True,2,機械設備通常為固定資產，屬於 Category 2
機械及設備,,檢偏鏡,True,2,機械設備通常為固定資產，屬於 Category 2
機械及設備,,消色差聚光鏡,True,2,機械設備通常為固定資產，屬於 Category 2
機械及設備,,物鏡,True,2,機械設備通常為固定資產，屬於 Category 2
機械及設備,,自動電腦控制分光分度計,True,2,機械設備通常為固定資產，屬於 Category 2
機械及設備,,質譜儀用零件,True,2,機械設備通常為固定資產，屬於 Category 2
機械及設備,,紅外線夜視錄影設備,True,2,機械設備通常為固定資產，屬於 Category 2
機械及設備,,氣相分析儀零件材料,True,2,機械設備通常為固定資產，屬於 Category 2
機械及設備,,紅外線光譜儀熱示差掃描儀補充品,True,2,機械設備通常為固定資產，屬於 Category 2
機械及設備,,單光研磨版測驗器,True,2,機械設備通常為固定資產，屬於 Category 2
機械及設備,,照度測驗器,True,2,機械設備通常為固定資產，屬於 Category 2
機械及設備,,比對放大鏡,True,2,機械設備通常為固定資產，屬於 Category 2
機械及設備,,原子吸光分光儀,True,2,機械設備通常為固定資產，屬於 Category 2
機械及設備,,紫外光記錄器,True,2,機械設備通常為固定資產，屬於 Category 2
機械及設備,,臭氧分光儀,True,2,機械設備通常為固定資產，屬於 Category 2
機械及設備,,彎曲鏡,True,2,機械設備通常為固定資產，屬於 Category 2
機械及設備,,水波投影裝置,True,2,機械設備通常為固定資產，屬於 Category 2
機械及設備,,綜合光學實驗器,True,2,機械設備通常為固定資產，屬於 Category 2
機械及設備,,落射照明,True,2,機械設備通常為固定資產，屬於 Category 2
機械及設備,,位像儀,True,2,機械設備通常為固定資產，屬於 Category 2
機械及設備,,光學密度計,True,2,機械設備通常為固定資產，屬於 Category 2
機械及設備,,水底閃光燈,True,2,機械設備通常為固定資產，屬於 Category 2
機械及設備,,輔助光源,True,2,機械設備通常為固定資產，屬於 Category 2
機械及設備,,光電反應器,True,2,機械設備通常為固定資產，屬於 Category 2
機械及設備,,凹光柵光譜儀,True,2,機械設備通常為固定資產，屬於 Category 2
機械及設備,,光柵攝譜儀,True,2,機械設備通常為固定資產，屬於 Category 2
機械及設備,,窺視器,True,2,機械設備通常為固定資產，屬於 Category 2
機械及設備,,鈉光燈,True,2,機械設備通常為固定資產，屬於 Category 2
機械及設備,,光譜燈,True,2,機械設備通常為固定資產，屬於 Category 2
機械及設備,,光學盤,True,2,機械設備通常為固定資產，屬於 Category 2
機械及設備,,光電儀器組件系統,True,2,機械設備通常為固定資產，屬於 Category 2
機械及設備,,廣角顯微鏡,True,2,機械設備通常為固定資產，屬於 Category 2
機械及設備,,反射機,True,2,機械設備通常為固定資產，屬於 Category 2
機械及設備,,反射式水波實驗器,True,2,機械設備通常為固定資產，屬於 Category 2
機械及設備,,托里切利實驗器,True,2,機械設備通常為固定資產，屬於 Category 2
機械及設備,,調整式附磁器,True,2,機械設備通常為固定資產，屬於 Category 2
機械及設備,,圖解式三層輪軸,True,2,機械設備通常為固定資產，屬於 Category 2
機械及設備,,磁力車堆弓實驗器,True,2,機械設備通常為固定資產，屬於 Category 2
機械及設備,,發相波動激發器,True,2,機械設備通常為固定資產，屬於 Category 2
機械及設備,,光譜管,True,2,機械設備通常為固定資產，屬於 Category 2
機械及設備,,平行光投光器,True,2,機械設備通常為固定資產，屬於 Category 2
機械及設備,,凸透鏡總成實像實驗,True,2,機械設備通常為固定資產，屬於 Category 2
機械及設備,,干涉波片實驗器,True,2,機械設備通常為固定資產，屬於 Category 2
機械及設備,,萊頓井特顯像實驗器,True,2,機械設備通常為固定資產，屬於 Category 2
機械及設備,,光線折射反射實驗器,True,2,機械設備通常為固定資產，屬於 Category 2
機械及設備,,潛望鏡,True,2,機械設備通常為固定資產，屬於 Category 2
機械及設備,,原子吸收光譜儀,True,2,機械設備通常為固定資產，屬於 Category 2
機械及設備,,顯微鏡濃度分析儀,True,2,機械設備通常為固定資產，屬於 Category 2
機械及設備,,紫外線檢查箱,True,2,機械設備通常為固定資產，屬於 Category 2
機械及設備,,光學尺,True,2,機械設備通常為固定資產，屬於 Category 2
機械及設備,,紫外光長短波裝置,True,2,機械設備通常為固定資產，屬於 Category 2
機械及設備,,光電效應測定器,True,2,機械設備通常為固定資產，屬於 Category 2
機械及設備,,萬能實物放映機,True,2,機械設備通常為固定資產，屬於 Category 2
機械及設備,,光學異性體分析儀,True,2,機械設備通常為固定資產，屬於 Category 2
機械及設備,,顯微照相數位化整合系統,True,2,機械設備通常為固定資產，屬於 Category 2
機械及設備,,凹痕模擬測試裝置,True,2,機械設備通常為固定資產，屬於 Category 2
機械及設備,,擴散反射標準白板,True,2,機械設備通常為固定資產，屬於 Category 2
機械及設備,,可程式光衰減器,True,2,機械設備通常為固定資產，屬於 Category 2
機械及設備,,測色濃度計,True,2,機械設備通常為固定資產，屬於 Category 2
機械及設備,,電腦自動度數儀,True,2,機械設備通常為固定資產，屬於 Category 2
機械及設備,,多通道光偵側系統,True,2,機械設備通常為固定資產，屬於 Category 2
機械及設備,,點光源固化裝置,True,2,機械設備通常為固定資產，屬於 Category 2
機械及設備,,雷射焊接系統,True,2,機械設備通常為固定資產，屬於 Category 2
機械及設備,,光介面模組裝系統,True,2,機械設備通常為固定資產，屬於 Category 2
機械及設備,,調劑轉移函數測試儀,True,2,機械設備通常為固定資產，屬於 Category 2
機械及設備,,數位式全片製作系統,True,2,機械設備通常為固定資產，屬於 Category 2
機械及設備,,透鏡預形體製造系統,True,2,機械設備通常為固定資產，屬於 Category 2
機械及設備,,其他光學儀器,True,2,機械設備通常為固定資產，屬於 Category 2
機械及設備,09,放射測量儀器,True,2,機械設備通常為固定資產，屬於 Category 2
機械及設備,,工業用Ｘ光機,True,2,機械設備通常為固定資產，屬於 Category 2
機械及設備,,陰極線試驗器,True,2,機械設備通常為固定資產，屬於 Category 2
機械及設備,,測鈾器,True,2,機械設備通常為固定資產，屬於 Category 2
機械及設備,,閃鑠線量計,True,2,機械設備通常為固定資產，屬於 Category 2
機械及設備,,快慢中子測量計,True,2,機械設備通常為固定資產，屬於 Category 2
機械及設備,,ＣＡＭＭＡＰＨＡ－線線量計,True,2,機械設備通常為固定資產，屬於 Category 2
機械及設備,,線量計,True,2,機械設備通常為固定資產，屬於 Category 2
機械及設備,,ＡＬＨＡ計數器,True,2,機械設備通常為固定資產，屬於 Category 2
機械及設備,,紫外線物質鑑識器,True,2,機械設備通常為固定資產，屬於 Category 2
機械及設備,,測輻器,True,2,機械設備通常為固定資產，屬於 Category 2
機械及設備,,萬能鉛室,True,2,機械設備通常為固定資產，屬於 Category 2
機械及設備,,輻射計數器,True,2,機械設備通常為固定資產，屬於 Category 2
機械及設備,,鐳放射線源,True,2,機械設備通常為固定資產，屬於 Category 2
機械及設備,,霧狀探輻器,True,2,機械設備通常為固定資產，屬於 Category 2
機械及設備,,范氏高壓電發生器,True,2,機械設備通常為固定資產，屬於 Category 2
機械及設備,,蓋氏計數器,True,2,機械設備通常為固定資產，屬於 Category 2
機械及設備,,同位素薄層彩色計,True,2,機械設備通常為固定資產，屬於 Category 2
機械及設備,,放射性Ｂ測厚儀,True,2,機械設備通常為固定資產，屬於 Category 2
機械及設備,,紫外線檢視箱,True,2,機械設備通常為固定資產，屬於 Category 2
機械及設備,,紅外線通信器,True,2,機械設備通常為固定資產，屬於 Category 2
機械及設備,,Ｘ光繞射儀,True,2,機械設備通常為固定資產，屬於 Category 2
機械及設備,,層次分析放射線偵測器,True,2,機械設備通常為固定資產，屬於 Category 2
機械及設備,,判片燈,True,2,機械設備通常為固定資產，屬於 Category 2
機械及設備,,中子產生儀,True,2,機械設備通常為固定資產，屬於 Category 2
機械及設備,,雷射管發射機,True,2,機械設備通常為固定資產，屬於 Category 2
機械及設備,,光電管,True,2,機械設備通常為固定資產，屬於 Category 2
機械及設備,,真空Ｘ光箱,True,2,機械設備通常為固定資產，屬於 Category 2
機械及設備,,ＳＩ偵測器,True,2,機械設備通常為固定資產，屬於 Category 2
機械及設備,,氦氖雷射,True,2,機械設備通常為固定資產，屬於 Category 2
機械及設備,,海底放射探勘儀,True,2,機械設備通常為固定資產，屬於 Category 2
機械及設備,,輻射計,True,2,機械設備通常為固定資產，屬於 Category 2
機械及設備,,紫外線燈箱,True,2,機械設備通常為固定資產，屬於 Category 2
機械及設備,,Ｘ射線照相設備,True,2,機械設備通常為固定資產，屬於 Category 2
機械及設備,,底片閃光機,True,2,機械設備通常為固定資產，屬於 Category 2
機械及設備,,Ｘ光測片機,True,2,機械設備通常為固定資產，屬於 Category 2
機械及設備,,Ｇａ空洞陰極燈,True,2,機械設備通常為固定資產，屬於 Category 2
機械及設備,,乾式顯像機,True,2,機械設備通常為固定資產，屬於 Category 2
機械及設備,,微波消化系統,True,2,機械設備通常為固定資產，屬於 Category 2
機械及設備,,微讀記憶消除器,True,2,機械設備通常為固定資產，屬於 Category 2
機械及設備,,鑑定器,True,2,機械設備通常為固定資產，屬於 Category 2
機械及設備,,輻射檢測器,True,2,機械設備通常為固定資產，屬於 Category 2
機械及設備,,珈瑪放射線儀,True,2,機械設備通常為固定資產，屬於 Category 2
機械及設備,,脈高分析儀,True,2,機械設備通常為固定資產，屬於 Category 2
機械及設備,,標準鈷六十放射照相源,True,2,機械設備通常為固定資產，屬於 Category 2
機械及設備,,Ｆ線警告器,True,2,機械設備通常為固定資產，屬於 Category 2
機械及設備,,放射線照相標準,True,2,機械設備通常為固定資產，屬於 Category 2
機械及設備,,Ｘ光底片濃度計,True,2,機械設備通常為固定資產，屬於 Category 2
機械及設備,,軟式Ｘ光放射裝置,True,2,機械設備通常為固定資產，屬於 Category 2
機械及設備,,紅外線變造文書鑑定機及靜電壓痕儀,True,2,機械設備通常為固定資產，屬於 Category 2
機械及設備,,射頻功率分析器,True,2,機械設備通常為固定資產，屬於 Category 2
機械及設備,,Ｘ光無線電遙控操作系統,True,2,機械設備通常為固定資產，屬於 Category 2
機械及設備,,Ｘ光透視檢查儀,True,2,機械設備通常為固定資產，屬於 Category 2
機械及設備,,放射能分析儀,True,2,機械設備通常為固定資產，屬於 Category 2
機械及設備,,輻射偵測器,True,2,機械設備通常為固定資產，屬於 Category 2
機械及設備,,氡偵測器,True,2,機械設備通常為固定資產，屬於 Category 2
機械及設備,,氦偵側器,True,2,機械設備通常為固定資產，屬於 Category 2
機械及設備,,Ｘ光產生器,True,2,機械設備通常為固定資產，屬於 Category 2
機械及設備,,冷光光源,True,2,機械設備通常為固定資產，屬於 Category 2
機械及設備,,直測放射量器,True,2,機械設備通常為固定資產，屬於 Category 2
機械及設備,,直測放射量光電器,True,2,機械設備通常為固定資產，屬於 Category 2
機械及設備,,直測放射能測定器,True,2,機械設備通常為固定資產，屬於 Category 2
機械及設備,,Ｆ、Ｅ元素陰極射線燈,True,2,機械設備通常為固定資產，屬於 Category 2
機械及設備,,陰極射線裝置,True,2,機械設備通常為固定資產，屬於 Category 2
機械及設備,,氬雷射,True,2,機械設備通常為固定資產，屬於 Category 2
機械及設備,,二氧化碳雷射,True,2,機械設備通常為固定資產，屬於 Category 2
機械及設備,,金屬件X-RAY斷層掃描檢測系統,True,2,機械設備通常為固定資產，屬於 Category 2
機械及設備,,背向電子繞射分析儀,True,2,機械設備通常為固定資產，屬於 Category 2
機械及設備,10,聲音儀器,True,2,機械設備通常為固定資產，屬於 Category 2
機械及設備,,噪聲計,True,2,機械設備通常為固定資產，屬於 Category 2
機械及設備,,強聲器,True,2,機械設備通常為固定資產，屬於 Category 2
機械及設備,,濾聲器,True,2,機械設備通常為固定資產，屬於 Category 2
機械及設備,,聲頻發生器,True,2,機械設備通常為固定資產，屬於 Category 2
機械及設備,,音調計,True,2,機械設備通常為固定資產，屬於 Category 2
機械及設備,,測音計,True,2,機械設備通常為固定資產，屬於 Category 2
機械及設備,,串音計,True,2,機械設備通常為固定資產，屬於 Category 2
機械及設備,,音量計,True,2,機械設備通常為固定資產，屬於 Category 2
機械及設備,,音量指示錶,True,2,機械設備通常為固定資產，屬於 Category 2
機械及設備,,音波顯示錶,True,2,機械設備通常為固定資產，屬於 Category 2
機械及設備,,推音檢驗器,True,2,機械設備通常為固定資產，屬於 Category 2
機械及設備,,測聽計,True,2,機械設備通常為固定資產，屬於 Category 2
機械及設備,,共鳴器,True,2,機械設備通常為固定資產，屬於 Category 2
機械及設備,,聞度計,True,2,機械設備通常為固定資產，屬於 Category 2
機械及設備,,調諧指示器,True,2,機械設備通常為固定資產，屬於 Category 2
機械及設備,,諧振指示器,True,2,機械設備通常為固定資產，屬於 Category 2
機械及設備,,振簧指示器,True,2,機械設備通常為固定資產，屬於 Category 2
機械及設備,,音量指示器,True,2,機械設備通常為固定資產，屬於 Category 2
機械及設備,,中繼線全忙計,True,2,機械設備通常為固定資產，屬於 Category 2
機械及設備,,失真計,True,2,機械設備通常為固定資產，屬於 Category 2
機械及設備,,衰減器,True,2,機械設備通常為固定資產，屬於 Category 2
機械及設備,,電話傳輸測量台,True,2,機械設備通常為固定資產，屬於 Category 2
機械及設備,,標準音叉,True,2,機械設備通常為固定資產，屬於 Category 2
機械及設備,,聲紋分析儀,True,2,機械設備通常為固定資產，屬於 Category 2
機械及設備,,都卜勒效應,True,2,機械設備通常為固定資產，屬於 Category 2
機械及設備,,音波篩選器,True,2,機械設備通常為固定資產，屬於 Category 2
機械及設備,,伺服分析儀,True,2,機械設備通常為固定資產，屬於 Category 2
機械及設備,,超音波檢測器,True,2,機械設備通常為固定資產，屬於 Category 2
機械及設備,,濃度控制器,True,2,機械設備通常為固定資產，屬於 Category 2
機械及設備,,噪音振動位準處理器,True,2,機械設備通常為固定資產，屬於 Category 2
機械及設備,,噪音振動紀錄計,True,2,機械設備通常為固定資產，屬於 Category 2
機械及設備,,噪音電光指示器,True,2,機械設備通常為固定資產，屬於 Category 2
機械及設備,,噪音測試校正器,True,2,機械設備通常為固定資產，屬於 Category 2
機械及設備,,噪音發生器,True,2,機械設備通常為固定資產，屬於 Category 2
機械及設備,,噪音測定器,True,2,機械設備通常為固定資產，屬於 Category 2
機械及設備,,自動紀錄噪音測試器,True,2,機械設備通常為固定資產，屬於 Category 2
機械及設備,,音度頻率分析器,True,2,機械設備通常為固定資產，屬於 Category 2
機械及設備,,全天候防風罩,True,2,機械設備通常為固定資產，屬於 Category 2
機械及設備,,響度指示錄音機,True,2,機械設備通常為固定資產，屬於 Category 2
機械及設備,,振動測定器,True,2,機械設備通常為固定資產，屬於 Category 2
機械及設備,,聲壓計,True,2,機械設備通常為固定資產，屬於 Category 2
機械及設備,,實時間噪音分析器,True,2,機械設備通常為固定資產，屬於 Category 2
機械及設備,,原裝擴音系統,True,2,機械設備通常為固定資產，屬於 Category 2
機械及設備,,聲紋水準描準裝置,True,2,機械設備通常為固定資產，屬於 Category 2
機械及設備,,聲音翻寫機,True,2,機械設備通常為固定資產，屬於 Category 2
機械及設備,,擴大音箱,True,2,機械設備通常為固定資產，屬於 Category 2
機械及設備,,雜音電壓錶,True,2,機械設備通常為固定資產，屬於 Category 2
機械及設備,,絃音計,True,2,機械設備通常為固定資產，屬於 Category 2
機械及設備,,環境噪音收集器,True,2,機械設備通常為固定資產，屬於 Category 2
機械及設備,,精密積分噪音計,True,2,機械設備通常為固定資產，屬於 Category 2
機械及設備,,積分計用印字機,True,2,機械設備通常為固定資產，屬於 Category 2
機械及設備,,信號固定連接器,True,2,機械設備通常為固定資產，屬於 Category 2
機械及設備,,頻率分析器,True,2,機械設備通常為固定資產，屬於 Category 2
機械及設備,,水中發聲器,True,2,機械設備通常為固定資產，屬於 Category 2
機械及設備,,聲揚強度儀,True,2,機械設備通常為固定資產，屬於 Category 2
機械及設備,,音源產生系統,True,2,機械設備通常為固定資產，屬於 Category 2
機械及設備,,聲揚強度儀校正設備,True,2,機械設備通常為固定資產，屬於 Category 2
機械及設備,,弦音實驗器,True,2,機械設備通常為固定資產，屬於 Category 2
機械及設備,,音速測定器,True,2,機械設備通常為固定資產，屬於 Category 2
機械及設備,,音頻分析儀,True,2,機械設備通常為固定資產，屬於 Category 2
機械及設備,,無迴響實驗裝置,True,2,機械設備通常為固定資產，屬於 Category 2
機械及設備,11,白度試驗儀器,True,2,機械設備通常為固定資產，屬於 Category 2
機械及設備,,白度試驗儀器,True,2,機械設備通常為固定資產，屬於 Category 2
機械及設備,,白米光電管白度計,True,2,機械設備通常為固定資產，屬於 Category 2
機械及設備,,紙及紙板白度試驗機,True,2,機械設備通常為固定資產，屬於 Category 2
機械及設備,12,電子測定儀器,True,2,機械設備通常為固定資產，屬於 Category 2
機械及設備,,電子試驗器,True,2,機械設備通常為固定資產，屬於 Category 2
機械及設備,,電子控制器,True,2,機械設備通常為固定資產，屬於 Category 2
機械及設備,,電子管檢驗機,True,2,機械設備通常為固定資產，屬於 Category 2
機械及設備,,高真空度錶,True,2,機械設備通常為固定資產，屬於 Category 2
機械及設備,,電子式微探儀,True,2,機械設備通常為固定資產，屬於 Category 2
機械及設備,,電子表面溫度測定器,True,2,機械設備通常為固定資產，屬於 Category 2
機械及設備,,電子數字顯微儀,True,2,機械設備通常為固定資產，屬於 Category 2
機械及設備,,感應電功率轉送桿,True,2,機械設備通常為固定資產，屬於 Category 2
機械及設備,,電子感測儀器,True,2,機械設備通常為固定資產，屬於 Category 2
機械及設備,,開啟樂搖窗機,True,2,機械設備通常為固定資產，屬於 Category 2
機械及設備,,電子計算器,True,2,機械設備通常為固定資產，屬於 Category 2
機械及設備,,測荷質比實驗儀,True,2,機械設備通常為固定資產，屬於 Category 2
機械及設備,,Ｅ／Ｍ測量裝置,True,2,機械設備通常為固定資產，屬於 Category 2
機械及設備,13,地球物理試驗檢定儀器及設備,True,2,機械設備通常為固定資產，屬於 Category 2
機械及設備,,工程用地震計時器,True,2,機械設備通常為固定資產，屬於 Category 2
機械及設備,,工程用地震儀計時器,True,2,機械設備通常為固定資產，屬於 Category 2
機械及設備,,地震阻率計,True,2,機械設備通常為固定資產，屬於 Category 2
機械及設備,,磁化率計,True,2,機械設備通常為固定資產，屬於 Category 2
機械及設備,,力架,True,2,機械設備通常為固定資產，屬於 Category 2
機械及設備,,萬能支持架,True,2,機械設備通常為固定資產，屬於 Category 2
機械及設備,,溫度控制系統訓練器,True,2,機械設備通常為固定資產，屬於 Category 2
機械及設備,,位置控制系統訓練器,True,2,機械設備通常為固定資產，屬於 Category 2
機械及設備,,電子電路訓練器,True,2,機械設備通常為固定資產，屬於 Category 2
機械及設備,,昆特管裝置,True,2,機械設備通常為固定資產，屬於 Category 2
機械及設備,,防震台,True,2,機械設備通常為固定資產，屬於 Category 2
機械及設備,,防震墊板,True,2,機械設備通常為固定資產，屬於 Category 2
機械及設備,,波動實驗設備,True,2,機械設備通常為固定資產，屬於 Category 2
機械及設備,,氣體動力論實驗,True,2,機械設備通常為固定資產，屬於 Category 2
機械及設備,,金屬膨脹實驗器,True,2,機械設備通常為固定資產，屬於 Category 2
機械及設備,14,基本力學實驗儀器,True,2,機械設備通常為固定資產，屬於 Category 2
機械及設備,,空氣軌,True,2,機械設備通常為固定資產，屬於 Category 2
機械及設備,,虎克定律儀,True,2,機械設備通常為固定資產，屬於 Category 2
機械及設備,,複擺,True,2,機械設備通常為固定資產，屬於 Category 2
機械及設備,,自由落體實驗儀,True,2,機械設備通常為固定資產，屬於 Category 2
機械及設備,,圓周運動儀,True,2,機械設備通常為固定資產，屬於 Category 2
機械及設備,,重力常數測定儀,True,2,機械設備通常為固定資產，屬於 Category 2
機械及設備,,向心力實險裝置,True,2,機械設備通常為固定資產，屬於 Category 2
機械及設備,,轉動慣量實驗,True,2,機械設備通常為固定資產，屬於 Category 2
機械及設備,,彈簧振盪器,True,2,機械設備通常為固定資產，屬於 Category 2
機械及設備,,轉動貫性裝置,True,2,機械設備通常為固定資產，屬於 Category 2
機械及設備,,波義耳定律裝置,True,2,機械設備通常為固定資產，屬於 Category 2
機械及設備,,牛頓第三定律試驗儀,True,2,機械設備通常為固定資產，屬於 Category 2
機械及設備,,單擺,True,2,機械設備通常為固定資產，屬於 Category 2
機械及設備,,巴斯喀定理實驗器,True,2,機械設備通常為固定資產，屬於 Category 2
機械及設備,,補償擺,True,2,機械設備通常為固定資產，屬於 Category 2
機械及設備,,槓桿實驗器,True,2,機械設備通常為固定資產，屬於 Category 2
機械及設備,,萬有引力定數測驗裝置,True,2,機械設備通常為固定資產，屬於 Category 2
機械及設備,,背肌力計,True,2,機械設備通常為固定資產，屬於 Category 2
機械及設備,,全身反應測定器,True,2,機械設備通常為固定資產，屬於 Category 2
機械及設備,,等速肌力測試儀器,True,2,機械設備通常為固定資產，屬於 Category 2
機械及設備,,測力板,True,2,機械設備通常為固定資產，屬於 Category 2
機械及設備,,測力板分析系統,True,2,機械設備通常為固定資產，屬於 Category 2
機械及設備,15,流性學實驗儀器,True,2,機械設備通常為固定資產，屬於 Category 2
機械及設備,,物性測定器,True,2,機械設備通常為固定資產，屬於 Category 2
機械及設備,,化工摸擬器,True,2,機械設備通常為固定資產，屬於 Category 2
機械及設備,,水波槽,True,2,機械設備通常為固定資產，屬於 Category 2
機械及設備,08,化學性能測定儀器,True,2,機械設備通常為固定資產，屬於 Category 2
機械及設備,01,酸度測定儀器,True,2,機械設備通常為固定資產，屬於 Category 2
機械及設備,,自動ＰＨ控制儀,True,2,機械設備通常為固定資產，屬於 Category 2
機械及設備,,ＰＨ計,True,2,機械設備通常為固定資產，屬於 Category 2
機械及設備,,酸度指示器,True,2,機械設備通常為固定資產，屬於 Category 2
機械及設備,,酸度記錄器,True,2,機械設備通常為固定資產，屬於 Category 2
機械及設備,,氯離子濃度測定器,True,2,機械設備通常為固定資產，屬於 Category 2
機械及設備,,氫離子濃度測定器,True,2,機械設備通常為固定資產，屬於 Category 2
機械及設備,,電子濃度計,True,2,機械設備通常為固定資產，屬於 Category 2
機械及設備,,濃度描畫計,True,2,機械設備通常為固定資產，屬於 Category 2
機械及設備,,玻璃電極ＰＨ測定器,True,2,機械設備通常為固定資產，屬於 Category 2
機械及設備,,酸度氧氣二氧化碳測定計,True,2,機械設備通常為固定資產，屬於 Category 2
機械及設備,,萬能自記濃度記錄計,True,2,機械設備通常為固定資產，屬於 Category 2
機械及設備,,ＰＨ傳送器,True,2,機械設備通常為固定資產，屬於 Category 2
機械及設備,,溶氧測定計,True,2,機械設備通常為固定資產，屬於 Category 2
機械及設備,,離子測定計,True,2,機械設備通常為固定資產，屬於 Category 2
機械及設備,,酸度自動滴定裝置,True,2,機械設備通常為固定資產，屬於 Category 2
機械及設備,,電泳展開器,True,2,機械設備通常為固定資產，屬於 Category 2
機械及設備,,ＰＨ校正器,True,2,機械設備通常為固定資產，屬於 Category 2
機械及設備,,Ｄ‧Ｓ測定儀,True,2,機械設備通常為固定資產，屬於 Category 2
機械及設備,,ＨＰＬＣ測定器,True,2,機械設備通常為固定資產，屬於 Category 2
機械及設備,,測試電極,True,2,機械設備通常為固定資產，屬於 Category 2
機械及設備,,直讀式氫離子儀,True,2,機械設備通常為固定資產，屬於 Category 2
機械及設備,,游離度測定器,True,2,機械設備通常為固定資產，屬於 Category 2
機械及設備,,酸性雨自動分析儀,True,2,機械設備通常為固定資產，屬於 Category 2
機械及設備,,酸雨採器,True,2,機械設備通常為固定資產，屬於 Category 2
機械及設備,,氧氣還原定位計,True,2,機械設備通常為固定資產，屬於 Category 2
機械及設備,,有機酸分析儀,True,2,機械設備通常為固定資產，屬於 Category 2
機械及設備,,維他命C測定儀,True,2,機械設備通常為固定資產，屬於 Category 2
機械及設備,,氣體脫附濃縮裝置,True,2,機械設備通常為固定資產，屬於 Category 2
機械及設備,02,定量及定性儀器,True,2,機械設備通常為固定資產，屬於 Category 2
機械及設備,,氫氣定量計,True,2,機械設備通常為固定資產，屬於 Category 2
機械及設備,,鹼性定量計,True,2,機械設備通常為固定資產，屬於 Category 2
機械及設備,,元素定量器,True,2,機械設備通常為固定資產，屬於 Category 2
機械及設備,,氣體定量器,True,2,機械設備通常為固定資產，屬於 Category 2
機械及設備,,氨基酸定量器,True,2,機械設備通常為固定資產，屬於 Category 2
機械及設備,,氣體純度測定器,True,2,機械設備通常為固定資產，屬於 Category 2
機械及設備,,炭素定量器,True,2,機械設備通常為固定資產，屬於 Category 2
機械及設備,,氣體分析器,True,2,機械設備通常為固定資產，屬於 Category 2
機械及設備,,氧氣分析器,True,2,機械設備通常為固定資產，屬於 Category 2
機械及設備,,歐氏氣體分析器,True,2,機械設備通常為固定資產，屬於 Category 2
機械及設備,,乙炔分析器,True,2,機械設備通常為固定資產，屬於 Category 2
機械及設備,,二氧化硫記錄分析器,True,2,機械設備通常為固定資產，屬於 Category 2
機械及設備,,硫磺測定器,True,2,機械設備通常為固定資產，屬於 Category 2
機械及設備,,氫氣檢定器,True,2,機械設備通常為固定資產，屬於 Category 2
機械及設備,,甲烷檢定器,True,2,機械設備通常為固定資產，屬於 Category 2
機械及設備,,氯分解器,True,2,機械設備通常為固定資產，屬於 Category 2
機械及設備,,乙烯分解器,True,2,機械設備通常為固定資產，屬於 Category 2
機械及設備,,丙烷分解器,True,2,機械設備通常為固定資產，屬於 Category 2
機械及設備,,可燃氣體指示器,True,2,機械設備通常為固定資產，屬於 Category 2
機械及設備,,熏蒸氣體濃度測定器,True,2,機械設備通常為固定資產，屬於 Category 2
機械及設備,,氣體分析記錄器,True,2,機械設備通常為固定資產，屬於 Category 2
機械及設備,,氣體分析控制器,True,2,機械設備通常為固定資產，屬於 Category 2
機械及設備,,吹管分析器,True,2,機械設備通常為固定資產，屬於 Category 2
機械及設備,,氣體分析器用Ｂ類量筒,True,2,機械設備通常為固定資產，屬於 Category 2
機械及設備,,氣體分析器用接收器,True,2,機械設備通常為固定資產，屬於 Category 2
機械及設備,,分子量測定器,True,2,機械設備通常為固定資產，屬於 Category 2
機械及設備,,微分分析器,True,2,機械設備通常為固定資產，屬於 Category 2
機械及設備,,二氧化碳分析傳送器,True,2,機械設備通常為固定資產，屬於 Category 2
機械及設備,,煙道氣分析器,True,2,機械設備通常為固定資產，屬於 Category 2
機械及設備,,一氧化碳及二氧化碳分析器,True,2,機械設備通常為固定資產，屬於 Category 2
機械及設備,,二氧化碳指示記錄器,True,2,機械設備通常為固定資產，屬於 Category 2
機械及設備,,氣體分析儀,True,2,機械設備通常為固定資產，屬於 Category 2
機械及設備,,炭渣試驗器,True,2,機械設備通常為固定資產，屬於 Category 2
機械及設備,,氮素定量裝置,True,2,機械設備通常為固定資產，屬於 Category 2
機械及設備,,波美錶,True,2,機械設備通常為固定資產，屬於 Category 2
機械及設備,,乙炔爆炸測定器,True,2,機械設備通常為固定資產，屬於 Category 2
機械及設備,,電位滴定裝置,True,2,機械設備通常為固定資產，屬於 Category 2
機械及設備,,揮發份測定坩鍋爐,True,2,機械設備通常為固定資產，屬於 Category 2
機械及設備,,鎔點儀,True,2,機械設備通常為固定資產，屬於 Category 2
機械及設備,,氰化氫測定器,True,2,機械設備通常為固定資產，屬於 Category 2
機械及設備,,多陽極微量分析器,True,2,機械設備通常為固定資產，屬於 Category 2
機械及設備,,氣體流連探測器,True,2,機械設備通常為固定資產，屬於 Category 2
機械及設備,,氫氣淨化器,True,2,機械設備通常為固定資產，屬於 Category 2
機械及設備,,合金錫偶試驗裝置,True,2,機械設備通常為固定資產，屬於 Category 2
機械及設備,,濃煙測試儀,True,2,機械設備通常為固定資產，屬於 Category 2
機械及設備,,黑煙濃度計,True,2,機械設備通常為固定資產，屬於 Category 2
機械及設備,,氧化氮測定儀,True,2,機械設備通常為固定資產，屬於 Category 2
機械及設備,,液態色層分析儀,True,2,機械設備通常為固定資產，屬於 Category 2
機械及設備,,植生量測定計,True,2,機械設備通常為固定資產，屬於 Category 2
機械及設備,,薄層層析裝置,True,2,機械設備通常為固定資產，屬於 Category 2
機械及設備,,濾紙層析裝置,True,2,機械設備通常為固定資產，屬於 Category 2
機械及設備,,溶劑蒸餾裝置,True,2,機械設備通常為固定資產，屬於 Category 2
機械及設備,,凱氏氮測定裝置,True,2,機械設備通常為固定資產，屬於 Category 2
機械及設備,,脂肪測定裝置,True,2,機械設備通常為固定資產，屬於 Category 2
機械及設備,,氰離子測定器,True,2,機械設備通常為固定資產，屬於 Category 2
機械及設備,,濃度梯度形成器,True,2,機械設備通常為固定資產，屬於 Category 2
機械及設備,,二氧化碳測定器,True,2,機械設備通常為固定資產，屬於 Category 2
機械及設備,,冷煤測漏器,True,2,機械設備通常為固定資產，屬於 Category 2
機械及設備,,汽提濃縮裝置,True,2,機械設備通常為固定資產，屬於 Category 2
機械及設備,,溶氧器,True,2,機械設備通常為固定資產，屬於 Category 2
機械及設備,,二氧化碳純度測定器,True,2,機械設備通常為固定資產，屬於 Category 2
機械及設備,,蛋白質分析裝置,True,2,機械設備通常為固定資產，屬於 Category 2
機械及設備,,核苔次序分析儀,True,2,機械設備通常為固定資產，屬於 Category 2
機械及設備,,碳位計,True,2,機械設備通常為固定資產，屬於 Category 2
機械及設備,,氣相質量分析儀,True,2,機械設備通常為固定資產，屬於 Category 2
機械及設備,,記錄積分器,True,2,機械設備通常為固定資產，屬於 Category 2
機械及設備,,氨氣偵測器,True,2,機械設備通常為固定資產，屬於 Category 2
機械及設備,,紅外線點燃試驗器,True,2,機械設備通常為固定資產，屬於 Category 2
機械及設備,,微硫氮分析儀,True,2,機械設備通常為固定資產，屬於 Category 2
機械及設備,,氨基酸分析儀,True,2,機械設備通常為固定資產，屬於 Category 2
機械及設備,,元素分析儀,True,2,機械設備通常為固定資產，屬於 Category 2
機械及設備,,自動柏油軟化點試驗器,True,2,機械設備通常為固定資產，屬於 Category 2
機械及設備,,臭氧產生器,True,2,機械設備通常為固定資產，屬於 Category 2
機械及設備,,氮素蒸餾裝置,True,2,機械設備通常為固定資產，屬於 Category 2
機械及設備,,粗纖維分解裝置,True,2,機械設備通常為固定資產，屬於 Category 2
機械及設備,,溶液分離裝置,True,2,機械設備通常為固定資產，屬於 Category 2
機械及設備,,蔗糖密度分析儀,True,2,機械設備通常為固定資產，屬於 Category 2
機械及設備,,甲醛氣測定儀,True,2,機械設備通常為固定資產，屬於 Category 2
機械及設備,,定量分液管,True,2,機械設備通常為固定資產，屬於 Category 2
機械及設備,,上部空隙氧分析儀,True,2,機械設備通常為固定資產，屬於 Category 2
機械及設備,,綜合離子測定器,True,2,機械設備通常為固定資產，屬於 Category 2
機械及設備,,電解分析器,True,2,機械設備通常為固定資產，屬於 Category 2
機械及設備,,熱分析儀,True,2,機械設備通常為固定資產，屬於 Category 2
機械及設備,,葡萄糖分析儀,True,2,機械設備通常為固定資產，屬於 Category 2
機械及設備,,汞分析儀,True,2,機械設備通常為固定資產，屬於 Category 2
機械及設備,,過氧彈裝置,True,2,機械設備通常為固定資產，屬於 Category 2
機械及設備,,凝集試驗器,True,2,機械設備通常為固定資產，屬於 Category 2
機械及設備,,固體含量測定儀,True,2,機械設備通常為固定資產，屬於 Category 2
機械及設備,,比濁分析器,True,2,機械設備通常為固定資產，屬於 Category 2
機械及設備,,水銀分析器,True,2,機械設備通常為固定資產，屬於 Category 2
機械及設備,,濃縮器,True,2,機械設備通常為固定資產，屬於 Category 2
機械及設備,,硫化氫檢驗器,True,2,機械設備通常為固定資產，屬於 Category 2
機械及設備,,紅外線分析儀,True,2,機械設備通常為固定資產，屬於 Category 2
機械及設備,,蒸發量分析器,True,2,機械設備通常為固定資產，屬於 Category 2
機械及設備,,水份滴定儀,True,2,機械設備通常為固定資產，屬於 Category 2
機械及設備,,煙道含塵量測定器,True,2,機械設備通常為固定資產，屬於 Category 2
機械及設備,,粉塵測定計,True,2,機械設備通常為固定資產，屬於 Category 2
機械及設備,,多極式永久磁性棒,True,2,機械設備通常為固定資產，屬於 Category 2
機械及設備,,白金網,True,2,機械設備通常為固定資產，屬於 Category 2
機械及設備,,蒸發量測定器,True,2,機械設備通常為固定資產，屬於 Category 2
機械及設備,,分餾裝置,True,2,機械設備通常為固定資產，屬於 Category 2
機械及設備,,加工指數測定器,True,2,機械設備通常為固定資產，屬於 Category 2
機械及設備,,曝氣反應設備,True,2,機械設備通常為固定資產，屬於 Category 2
機械及設備,,ＣＯＤ洄流裝置,True,2,機械設備通常為固定資產，屬於 Category 2
機械及設備,,分段收集器,True,2,機械設備通常為固定資產，屬於 Category 2
機械及設備,,攪拌混凝試驗器,True,2,機械設備通常為固定資產，屬於 Category 2
機械及設備,,發色試劑輸送器,True,2,機械設備通常為固定資產，屬於 Category 2
機械及設備,,水中有機揮發物濃縮裝置,True,2,機械設備通常為固定資產，屬於 Category 2
機械及設備,,旋轉式霧化器,True,2,機械設備通常為固定資產，屬於 Category 2
機械及設備,,電解呼吸儀,True,2,機械設備通常為固定資產，屬於 Category 2
機械及設備,,空氣洗滌器,True,2,機械設備通常為固定資產，屬於 Category 2
機械及設備,,溶氧控制器,True,2,機械設備通常為固定資產，屬於 Category 2
機械及設備,,微差掃描熱分析儀及動態機械性質分析,True,2,機械設備通常為固定資產，屬於 Category 2
機械及設備,,微量重金屬分析儀,True,2,機械設備通常為固定資產，屬於 Category 2
機械及設備,,氧氣與甲烷監視儀,True,2,機械設備通常為固定資產，屬於 Category 2
機械及設備,,電化學偵測器,True,2,機械設備通常為固定資產，屬於 Category 2
機械及設備,,滲漏裝置,True,2,機械設備通常為固定資產，屬於 Category 2
機械及設備,,微波偵測器,True,2,機械設備通常為固定資產，屬於 Category 2
機械及設備,,硫氯分析儀,True,2,機械設備通常為固定資產，屬於 Category 2
機械及設備,,程控式層析回收儀,True,2,機械設備通常為固定資產，屬於 Category 2
機械及設備,,電解重量分析儀,True,2,機械設備通常為固定資產，屬於 Category 2
機械及設備,,總固溶體測定器,True,2,機械設備通常為固定資產，屬於 Category 2
機械及設備,,氣體檢定警報儀,True,2,機械設備通常為固定資產，屬於 Category 2
機械及設備,,沉降度計,True,2,機械設備通常為固定資產，屬於 Category 2
機械及設備,,螢光測定儀,True,2,機械設備通常為固定資產，屬於 Category 2
機械及設備,,萬用有機測定儀,True,2,機械設備通常為固定資產，屬於 Category 2
機械及設備,,Ｔ‧Ｌ‧Ｃ薄層分析裝置,True,2,機械設備通常為固定資產，屬於 Category 2
機械及設備,,自動滴定計,True,2,機械設備通常為固定資產，屬於 Category 2
機械及設備,,媒劑活性測定儀,True,2,機械設備通常為固定資產，屬於 Category 2
機械及設備,,水份何磷測定儀,True,2,機械設備通常為固定資產，屬於 Category 2
機械及設備,,四乙鉛測定儀,True,2,機械設備通常為固定資產，屬於 Category 2
機械及設備,,芳香烴測定器,True,2,機械設備通常為固定資產，屬於 Category 2
機械及設備,,浸蝕測量器,True,2,機械設備通常為固定資產，屬於 Category 2
機械及設備,,二氧化硫定器,True,2,機械設備通常為固定資產，屬於 Category 2
機械及設備,,容量分析設置,True,2,機械設備通常為固定資產，屬於 Category 2
機械及設備,,氮素分解器,True,2,機械設備通常為固定資產，屬於 Category 2
機械及設備,,差熱分析儀,True,2,機械設備通常為固定資產，屬於 Category 2
機械及設備,,碳氫氮元素分析儀,True,2,機械設備通常為固定資產，屬於 Category 2
機械及設備,,乳酸測定器,True,2,機械設備通常為固定資產，屬於 Category 2
機械及設備,,酯化反應設備,True,2,機械設備通常為固定資產，屬於 Category 2
機械及設備,,玻璃襯裡反應器,True,2,機械設備通常為固定資產，屬於 Category 2
機械及設備,,玻璃襯裡蒸餾裝置,True,2,機械設備通常為固定資產，屬於 Category 2
機械及設備,,萃取器,True,2,機械設備通常為固定資產，屬於 Category 2
機械及設備,,鹽分測定器,True,2,機械設備通常為固定資產，屬於 Category 2
機械及設備,,真空濃縮器,True,2,機械設備通常為固定資產，屬於 Category 2
機械及設備,,純度電導儀,True,2,機械設備通常為固定資產，屬於 Category 2
機械及設備,,費許氏熔層煉晶器,True,2,機械設備通常為固定資產，屬於 Category 2
機械及設備,,顏色展開分離裝置,True,2,機械設備通常為固定資產，屬於 Category 2
機械及設備,,氮素蒸餾器,True,2,機械設備通常為固定資產，屬於 Category 2
機械及設備,,電子滴定儀,True,2,機械設備通常為固定資產，屬於 Category 2
機械及設備,,殘炭測定器,True,2,機械設備通常為固定資產，屬於 Category 2
機械及設備,,氫氣控制錶,True,2,機械設備通常為固定資產，屬於 Category 2
機械及設備,,碳硫測定儀,True,2,機械設備通常為固定資產，屬於 Category 2
機械及設備,,標準篩盤,True,2,機械設備通常為固定資產，屬於 Category 2
機械及設備,,溶劑去氣裝置,True,2,機械設備通常為固定資產，屬於 Category 2
機械及設備,,臭氧分析儀,True,2,機械設備通常為固定資產，屬於 Category 2
機械及設備,,氧氣測定器,True,2,機械設備通常為固定資產，屬於 Category 2
機械及設備,,氣體校正器,True,2,機械設備通常為固定資產，屬於 Category 2
機械及設備,,氣體測漏器,True,2,機械設備通常為固定資產，屬於 Category 2
機械及設備,,離子分析儀,True,2,機械設備通常為固定資產，屬於 Category 2
機械及設備,,局部滴定器,True,2,機械設備通常為固定資產，屬於 Category 2
機械及設備,,檢知器,True,2,機械設備通常為固定資產，屬於 Category 2
機械及設備,,零值空氣產生器,True,2,機械設備通常為固定資產，屬於 Category 2
機械及設備,,熱示差掃描分析儀,True,2,機械設備通常為固定資產，屬於 Category 2
機械及設備,,爆炸物質測器,True,2,機械設備通常為固定資產，屬於 Category 2
機械及設備,,爆炸物殘渣分析儀,True,2,機械設備通常為固定資產，屬於 Category 2
機械及設備,,頻譜分析儀測試設備,True,2,機械設備通常為固定資產，屬於 Category 2
機械及設備,,懸浮固體測定儀,True,2,機械設備通常為固定資產，屬於 Category 2
機械及設備,,乙炔發生器,True,2,機械設備通常為固定資產，屬於 Category 2
機械及設備,,電解分析裝置,True,2,機械設備通常為固定資產，屬於 Category 2
機械及設備,,空氣濾清器試驗器,True,2,機械設備通常為固定資產，屬於 Category 2
機械及設備,,高角度觀察器,True,2,機械設備通常為固定資產，屬於 Category 2
機械及設備,,氣體分子運動投影裝置,True,2,機械設備通常為固定資產，屬於 Category 2
機械及設備,,氧氣彈座,True,2,機械設備通常為固定資產，屬於 Category 2
機械及設備,,可調式分注器,True,2,機械設備通常為固定資產，屬於 Category 2
機械及設備,,氣體鋼瓶壓力調整器,True,2,機械設備通常為固定資產，屬於 Category 2
機械及設備,,高溫灰化爐力調整器,True,2,機械設備通常為固定資產，屬於 Category 2
機械及設備,,迴轉式蒸發濃縮器,True,2,機械設備通常為固定資產，屬於 Category 2
機械及設備,,總氮分解裝置,True,2,機械設備通常為固定資產，屬於 Category 2
機械及設備,,液態氮容器,True,2,機械設備通常為固定資產，屬於 Category 2
機械及設備,,氫化物產生器,True,2,機械設備通常為固定資產，屬於 Category 2
機械及設備,,冰點法分量測定器,True,2,機械設備通常為固定資產，屬於 Category 2
機械及設備,,溶點器,True,2,機械設備通常為固定資產，屬於 Category 2
機械及設備,,薄層色析儀,True,2,機械設備通常為固定資產，屬於 Category 2
機械及設備,,萬有空氣實驗器,True,2,機械設備通常為固定資產，屬於 Category 2
機械及設備,,微波樣品處理系統,True,2,機械設備通常為固定資產，屬於 Category 2
機械及設備,,自動分析儀,True,2,機械設備通常為固定資產，屬於 Category 2
機械及設備,,碳氫分析儀,True,2,機械設備通常為固定資產，屬於 Category 2
機械及設備,,無機氣體光學測定器,True,2,機械設備通常為固定資產，屬於 Category 2
機械及設備,,化濃度硫氧化物監測器,True,2,機械設備通常為固定資產，屬於 Category 2
機械及設備,,薄膜分析儀,True,2,機械設備通常為固定資產，屬於 Category 2
機械及設備,,硫化氫測定器,True,2,機械設備通常為固定資產，屬於 Category 2
機械及設備,,三用氣體測定器,True,2,機械設備通常為固定資產，屬於 Category 2
機械及設備,,氫氟酸測定器,True,2,機械設備通常為固定資產，屬於 Category 2
機械及設備,,積分儀,True,2,機械設備通常為固定資產，屬於 Category 2
機械及設備,,雙光束卡量計,True,2,機械設備通常為固定資產，屬於 Category 2
機械及設備,,雙氧水電解發生器,True,2,機械設備通常為固定資產，屬於 Category 2
機械及設備,03,化學反應儀器,True,2,機械設備通常為固定資產，屬於 Category 2
機械及設備,,乳化度試驗器,True,2,機械設備通常為固定資產，屬於 Category 2
機械及設備,,乳化機,True,2,機械設備通常為固定資產，屬於 Category 2
機械及設備,,凝結時間測定器,True,2,機械設備通常為固定資產，屬於 Category 2
機械及設備,,乳品沉澱物測定器,True,2,機械設備通常為固定資產，屬於 Category 2
機械及設備,,冷接點冷卻裝置,True,2,機械設備通常為固定資產，屬於 Category 2
機械及設備,,ＢＯＤ測定器,True,2,機械設備通常為固定資產，屬於 Category 2
機械及設備,,昇華裝置,True,2,機械設備通常為固定資產，屬於 Category 2
機械及設備,,鐵損試驗器,True,2,機械設備通常為固定資產，屬於 Category 2
機械及設備,,解剖器,True,2,機械設備通常為固定資產，屬於 Category 2
機械及設備,,羽毛檢驗器,True,2,機械設備通常為固定資產，屬於 Category 2
機械及設備,,谷粒檢定器,True,2,機械設備通常為固定資產，屬於 Category 2
機械及設備,,低壓催化器,True,2,機械設備通常為固定資產，屬於 Category 2
機械及設備,,高壓反應器,True,2,機械設備通常為固定資產，屬於 Category 2
機械及設備,,萬用樹脂反應裝置,True,2,機械設備通常為固定資產，屬於 Category 2
機械及設備,,鹽萃取器,True,2,機械設備通常為固定資產，屬於 Category 2
機械及設備,,皂化器,True,2,機械設備通常為固定資產，屬於 Category 2
機械及設備,,重組控制器,True,2,機械設備通常為固定資產，屬於 Category 2
機械及設備,,中和控制器,True,2,機械設備通常為固定資產，屬於 Category 2
機械及設備,,氣化控制器,True,2,機械設備通常為固定資產，屬於 Category 2
機械及設備,,轉化反應器,True,2,機械設備通常為固定資產，屬於 Category 2
機械及設備,,凡立水反應器,True,2,機械設備通常為固定資產，屬於 Category 2
機械及設備,,有機溶劑測定器,True,2,機械設備通常為固定資產，屬於 Category 2
機械及設備,,氫氧裝置,True,2,機械設備通常為固定資產，屬於 Category 2
機械及設備,,吸管洗滌器,True,2,機械設備通常為固定資產，屬於 Category 2
機械及設備,,蒸汽壓試驗儀,True,2,機械設備通常為固定資產，屬於 Category 2
機械及設備,,實驗室反應器,True,2,機械設備通常為固定資產，屬於 Category 2
機械及設備,,電極控制器,True,2,機械設備通常為固定資產，屬於 Category 2
機械及設備,,甘汞電極,True,2,機械設備通常為固定資產，屬於 Category 2
機械及設備,,標準乳脂計,True,2,機械設備通常為固定資產，屬於 Category 2
機械及設備,,氮素測定加熱架,True,2,機械設備通常為固定資產，屬於 Category 2
機械及設備,,電動吸取器,True,2,機械設備通常為固定資產，屬於 Category 2
機械及設備,,蒸餾器,True,2,機械設備通常為固定資產，屬於 Category 2
機械及設備,,電氣透析器,True,2,機械設備通常為固定資產，屬於 Category 2
機械及設備,,碳化器,True,2,機械設備通常為固定資產，屬於 Category 2
機械及設備,,低溫循環冷泮器,True,2,機械設備通常為固定資產，屬於 Category 2
機械及設備,,蒸氣發生器,True,2,機械設備通常為固定資產，屬於 Category 2
機械及設備,,氣體發生器,True,2,機械設備通常為固定資產，屬於 Category 2
機械及設備,,試驗蒸解器,True,2,機械設備通常為固定資產，屬於 Category 2
機械及設備,,離子交換器,True,2,機械設備通常為固定資產，屬於 Category 2
機械及設備,,電氣泳動裝置,True,2,機械設備通常為固定資產，屬於 Category 2
機械及設備,,水銀電解器,True,2,機械設備通常為固定資產，屬於 Category 2
機械及設備,,蒸餾電子控制器,True,2,機械設備通常為固定資產，屬於 Category 2
機械及設備,,氫氣發生器,True,2,機械設備通常為固定資產，屬於 Category 2
機械及設備,,消泡效果試驗器,True,2,機械設備通常為固定資產，屬於 Category 2
機械及設備,,甲苯液相氧化設備,True,2,機械設備通常為固定資產，屬於 Category 2
機械及設備,,還原性試驗設備,True,2,機械設備通常為固定資產，屬於 Category 2
機械及設備,,厭氣發生器,True,2,機械設備通常為固定資產，屬於 Category 2
機械及設備,,氦氣泡產生器,True,2,機械設備通常為固定資產，屬於 Category 2
機械及設備,,多功能玻璃微量分餾裝置,True,2,機械設備通常為固定資產，屬於 Category 2
機械及設備,,化學反應安全性分析儀,True,2,機械設備通常為固定資產，屬於 Category 2
機械及設備,,實驗室型超蒸發系統,True,2,機械設備通常為固定資產，屬於 Category 2
機械及設備,,離子吹風機,True,2,機械設備通常為固定資產，屬於 Category 2
機械及設備,,攜帶式氣體偵測器,True,2,機械設備通常為固定資產，屬於 Category 2
機械及設備,,固定式沼氣偵測器,True,2,機械設備通常為固定資產，屬於 Category 2
機械及設備,04,動植物檢驗檢疫儀器,True,2,機械設備通常為固定資產，屬於 Category 2
機械及設備,,菌落計算器,True,2,機械設備通常為固定資產，屬於 Category 2
機械及設備,,電氣微量血球容積測定計,True,2,機械設備通常為固定資產，屬於 Category 2
機械及設備,,ＡＴＰ測定儀,True,2,機械設備通常為固定資產，屬於 Category 2
機械及設備,,細菌自動鑑定儀,True,2,機械設備通常為固定資產，屬於 Category 2
機械及設備,,檢數器,True,2,機械設備通常為固定資產，屬於 Category 2
機械及設備,,細菌計數器,True,2,機械設備通常為固定資產，屬於 Category 2
機械及設備,,細胞打破機,True,2,機械設備通常為固定資產，屬於 Category 2
機械及設備,,自動酵素免疫分析儀,True,2,機械設備通常為固定資產，屬於 Category 2
機械及設備,,等電電冰裝置,True,2,機械設備通常為固定資產，屬於 Category 2
機械及設備,05,化學原料處理及設備,True,2,機械設備通常為固定資產，屬於 Category 2
機械及設備,,電動碾砂機,True,2,機械設備通常為固定資產，屬於 Category 2
機械及設備,,高速迴轉打片機,True,2,機械設備通常為固定資產，屬於 Category 2
機械及設備,,篩析機,True,2,機械設備通常為固定資產，屬於 Category 2
機械及設備,,硝化器,True,2,機械設備通常為固定資產，屬於 Category 2
機械及設備,,軋片機,True,2,機械設備通常為固定資產，屬於 Category 2
機械及設備,,混捏機,True,2,機械設備通常為固定資產，屬於 Category 2
機械及設備,,篩網機,True,2,機械設備通常為固定資產，屬於 Category 2
機械及設備,,多氯聯苯檢測器,True,2,機械設備通常為固定資產，屬於 Category 2
機械及設備,,標準篩振盪機,True,2,機械設備通常為固定資產，屬於 Category 2
機械及設備,,混合絞拌乾燥機,True,2,機械設備通常為固定資產，屬於 Category 2
機械及設備,09,材料試驗、檢定儀器及設備,True,2,機械設備通常為固定資產，屬於 Category 2
機械及設備,01,工程材料試驗、檢定儀器及設備,True,2,機械設備通常為固定資產，屬於 Category 2
機械及設備,,彈簧壓力試驗機,True,2,機械設備通常為固定資產，屬於 Category 2
機械及設備,,測力計,True,2,機械設備通常為固定資產，屬於 Category 2
機械及設備,,伸引試驗機,True,2,機械設備通常為固定資產，屬於 Category 2
機械及設備,,破裂強度測定機,True,2,機械設備通常為固定資產，屬於 Category 2
機械及設備,,拉張力試驗機,True,2,機械設備通常為固定資產，屬於 Category 2
機械及設備,,彈性試驗器,True,2,機械設備通常為固定資產，屬於 Category 2
機械及設備,,疲勞度試驗機,True,2,機械設備通常為固定資產，屬於 Category 2
機械及設備,,扭力試驗機,True,2,機械設備通常為固定資產，屬於 Category 2
機械及設備,,彎曲試驗機,True,2,機械設備通常為固定資產，屬於 Category 2
機械及設備,,衝擊試驗器,True,2,機械設備通常為固定資產，屬於 Category 2
機械及設備,,萬能試驗機,True,2,機械設備通常為固定資產，屬於 Category 2
機械及設備,,耐磨試驗機,True,2,機械設備通常為固定資產，屬於 Category 2
機械及設備,,表面試驗機,True,2,機械設備通常為固定資產，屬於 Category 2
機械及設備,,檢力器,True,2,機械設備通常為固定資產，屬於 Category 2
機械及設備,,燈頭扭轉試驗機,True,2,機械設備通常為固定資產，屬於 Category 2
機械及設備,,過重測定器,True,2,機械設備通常為固定資產，屬於 Category 2
機械及設備,,剝離試驗機,True,2,機械設備通常為固定資產，屬於 Category 2
機械及設備,,沉壓計,True,2,機械設備通常為固定資產，屬於 Category 2
機械及設備,,直接剪力試驗儀,True,2,機械設備通常為固定資產，屬於 Category 2
機械及設備,,柏油抽取儀,True,2,機械設備通常為固定資產，屬於 Category 2
機械及設備,,路面試驗儀,True,2,機械設備通常為固定資產，屬於 Category 2
機械及設備,,燒化石臘鍋,True,2,機械設備通常為固定資產，屬於 Category 2
機械及設備,,Ｃ‧Ｂ‧Ｒ試驗模,True,2,機械設備通常為固定資產，屬於 Category 2
機械及設備,,取土（樣）鑽,True,2,機械設備通常為固定資產，屬於 Category 2
機械及設備,,混凝土塌度量尺,True,2,機械設備通常為固定資產，屬於 Category 2
機械及設備,,Ｃ‧Ｋ‧Ｅ試驗儀,True,2,機械設備通常為固定資產，屬於 Category 2
機械及設備,,刺透儀器,True,2,機械設備通常為固定資產，屬於 Category 2
機械及設備,,平面鋼板,True,2,機械設備通常為固定資產，屬於 Category 2
機械及設備,,平衡板,True,2,機械設備通常為固定資產，屬於 Category 2
機械及設備,,馬歇爾穩定儀,True,2,機械設備通常為固定資產，屬於 Category 2
機械及設備,,閃點試驗儀,True,2,機械設備通常為固定資產，屬於 Category 2
機械及設備,,彭柯曼梁,True,2,機械設備通常為固定資產，屬於 Category 2
機械及設備,,透水試驗儀,True,2,機械設備通常為固定資產，屬於 Category 2
機械及設備,,磁力吸著器,True,2,機械設備通常為固定資產，屬於 Category 2
機械及設備,,拌合器,True,2,機械設備通常為固定資產，屬於 Category 2
機械及設備,,白鐵盤,True,2,機械設備通常為固定資產，屬於 Category 2
機械及設備,,水球法連底盤,True,2,機械設備通常為固定資產，屬於 Category 2
機械及設備,,測量基礎土壤承載力試驗器,True,2,機械設備通常為固定資產，屬於 Category 2
機械及設備,,油壓支柱試驗器鐵架,True,2,機械設備通常為固定資產，屬於 Category 2
機械及設備,,萬能壓縮試驗機,True,2,機械設備通常為固定資產，屬於 Category 2
機械及設備,,真空管試驗器,True,2,機械設備通常為固定資產，屬於 Category 2
機械及設備,,旋葉剪力儀,True,2,機械設備通常為固定資產，屬於 Category 2
機械及設備,,平板載荷試驗儀,True,2,機械設備通常為固定資產，屬於 Category 2
機械及設備,,坍度試驗器,True,2,機械設備通常為固定資產，屬於 Category 2
機械及設備,,壓縮機,True,2,機械設備通常為固定資產，屬於 Category 2
機械及設備,,乾度收縮水份移動裝置,True,2,機械設備通常為固定資產，屬於 Category 2
機械及設備,,空氣含量測定器,True,2,機械設備通常為固定資產，屬於 Category 2
機械及設備,,水份儀,True,2,機械設備通常為固定資產，屬於 Category 2
機械及設備,,磨擦力試驗儀,True,2,機械設備通常為固定資產，屬於 Category 2
機械及設備,,馬歇爾試驗儀,True,2,機械設備通常為固定資產，屬於 Category 2
機械及設備,,開放式著火點試驗儀,True,2,機械設備通常為固定資產，屬於 Category 2
機械及設備,,黏度試驗儀,True,2,機械設備通常為固定資產，屬於 Category 2
機械及設備,,彭柯曼梁測路面撓度用,True,2,機械設備通常為固定資產，屬於 Category 2
機械及設備,,萬能擠製器,True,2,機械設備通常為固定資產，屬於 Category 2
機械及設備,,表面含水速測儀,True,2,機械設備通常為固定資產，屬於 Category 2
機械及設備,,混凝土抗壓試體模型,True,2,機械設備通常為固定資產，屬於 Category 2
機械及設備,,動力測試驗儀,True,2,機械設備通常為固定資產，屬於 Category 2
機械及設備,,試驗錘校正器,True,2,機械設備通常為固定資產，屬於 Category 2
機械及設備,,金屬拉伸變形測定器,True,2,機械設備通常為固定資產，屬於 Category 2
機械及設備,,有機金屬氣相磊晶系統,True,2,機械設備通常為固定資產，屬於 Category 2
機械及設備,,氣流試驗機,True,2,機械設備通常為固定資產，屬於 Category 2
機械及設備,,鋼筋測定裝置,True,2,機械設備通常為固定資產，屬於 Category 2
機械及設備,,振動研磨機,True,2,機械設備通常為固定資產，屬於 Category 2
機械及設備,,應力保持爐,True,2,機械設備通常為固定資產，屬於 Category 2
機械及設備,,油壓機,True,2,機械設備通常為固定資產，屬於 Category 2
機械及設備,,Ｘ－Ｙ記錄器,True,2,機械設備通常為固定資產，屬於 Category 2
機械及設備,,火花試驗器,True,2,機械設備通常為固定資產，屬於 Category 2
機械及設備,,應力測試器,True,2,機械設備通常為固定資產，屬於 Category 2
機械及設備,,高解析能ＴＶ系統,True,2,機械設備通常為固定資產，屬於 Category 2
機械及設備,,金屬鑲埋機,True,2,機械設備通常為固定資產，屬於 Category 2
機械及設備,,鋼筋探測儀,True,2,機械設備通常為固定資產，屬於 Category 2
機械及設備,,洛杉磯試驗儀,True,2,機械設備通常為固定資產，屬於 Category 2
機械及設備,,咸度分解容器,True,2,機械設備通常為固定資產，屬於 Category 2
機械及設備,,動力均衡試驗機,True,2,機械設備通常為固定資產，屬於 Category 2
機械及設備,,瓶蓋扭力試驗儀,True,2,機械設備通常為固定資產，屬於 Category 2
機械及設備,,轉子振動模擬器,True,2,機械設備通常為固定資產，屬於 Category 2
機械及設備,,載子濃度分佈測定儀,True,2,機械設備通常為固定資產，屬於 Category 2
機械及設備,,攜帶式金相設備,True,2,機械設備通常為固定資產，屬於 Category 2
機械及設備,,電化學及附屬設備,True,2,機械設備通常為固定資產，屬於 Category 2
機械及設備,,腐蝕測試系統,True,2,機械設備通常為固定資產，屬於 Category 2
機械及設備,,黏合檢測器,True,2,機械設備通常為固定資產，屬於 Category 2
機械及設備,,動靜態材料試驗機,True,2,機械設備通常為固定資產，屬於 Category 2
機械及設備,,磁粒檢測系統,True,2,機械設備通常為固定資產，屬於 Category 2
機械及設備,,熱扭機,True,2,機械設備通常為固定資產，屬於 Category 2
機械及設備,,強度試驗機,True,2,機械設備通常為固定資產，屬於 Category 2
機械及設備,,浸蝕測量器,True,2,機械設備通常為固定資產，屬於 Category 2
機械及設備,,油脂氣化穩定性測定儀,True,2,機械設備通常為固定資產，屬於 Category 2
機械及設備,,測定防銹特性儀,True,2,機械設備通常為固定資產，屬於 Category 2
機械及設備,,滾壓機,True,2,機械設備通常為固定資產，屬於 Category 2
機械及設備,,電化學腐蝕裝置,True,2,機械設備通常為固定資產，屬於 Category 2
機械及設備,,粉末度試驗器,True,2,機械設備通常為固定資產，屬於 Category 2
機械及設備,,電磁裂紋檢驗器,True,2,機械設備通常為固定資產，屬於 Category 2
機械及設備,,油脂發煙測定儀,True,2,機械設備通常為固定資產，屬於 Category 2
機械及設備,,軸承試驗機,True,2,機械設備通常為固定資產，屬於 Category 2
機械及設備,,肥粒田鐵含鐵量測定器,True,2,機械設備通常為固定資產，屬於 Category 2
機械及設備,,鈣線添加機,True,2,機械設備通常為固定資產，屬於 Category 2
機械及設備,,壓樣機,True,2,機械設備通常為固定資產，屬於 Category 2
機械及設備,,撕破力計,True,2,機械設備通常為固定資產，屬於 Category 2
機械及設備,,方格試驗器,True,2,機械設備通常為固定資產，屬於 Category 2
機械及設備,,砂強度試驗器,True,2,機械設備通常為固定資產，屬於 Category 2
機械及設備,,鈷削抗阻測試儀,True,2,機械設備通常為固定資產，屬於 Category 2
機械及設備,,試片取樣機,True,2,機械設備通常為固定資產，屬於 Category 2
機械及設備,,鹽木噴霧試驗機,True,2,機械設備通常為固定資產，屬於 Category 2
機械及設備,,媒體耐久試驗機,True,2,機械設備通常為固定資產，屬於 Category 2
機械及設備,,封孔測試儀疊層機,True,2,機械設備通常為固定資產，屬於 Category 2
機械及設備,,絞鏈耐久試驗機,True,2,機械設備通常為固定資產，屬於 Category 2
機械及設備,,模具測試器,True,2,機械設備通常為固定資產，屬於 Category 2
機械及設備,,探作台,True,2,機械設備通常為固定資產，屬於 Category 2
機械及設備,,張力錶,True,2,機械設備通常為固定資產，屬於 Category 2
機械及設備,,標準平台,True,2,機械設備通常為固定資產，屬於 Category 2
機械及設備,,應變測試系統,True,2,機械設備通常為固定資產，屬於 Category 2
機械及設備,,細度計,True,2,機械設備通常為固定資產，屬於 Category 2
機械及設備,,裂痕長度計,True,2,機械設備通常為固定資產，屬於 Category 2
機械及設備,,指功計,True,2,機械設備通常為固定資產，屬於 Category 2
機械及設備,,手動研磨機,True,2,機械設備通常為固定資產，屬於 Category 2
機械及設備,,金相研磨機,True,2,機械設備通常為固定資產，屬於 Category 2
機械及設備,,凹壓試驗機,True,2,機械設備通常為固定資產，屬於 Category 2
機械及設備,,表面粗度測試儀,True,2,機械設備通常為固定資產，屬於 Category 2
機械及設備,,內燃機測定器,True,2,機械設備通常為固定資產，屬於 Category 2
機械及設備,,張力計,True,2,機械設備通常為固定資產，屬於 Category 2
機械及設備,,遠心力分離機,True,2,機械設備通常為固定資產，屬於 Category 2
機械及設備,,六角滾桶試驗機,True,2,機械設備通常為固定資產，屬於 Category 2
機械及設備,,緩衝材料試驗機,True,2,機械設備通常為固定資產，屬於 Category 2
機械及設備,,棒式張力計,True,2,機械設備通常為固定資產，屬於 Category 2
機械及設備,,遮隱點測定器,True,2,機械設備通常為固定資產，屬於 Category 2
機械及設備,,滲透性試驗機,True,2,機械設備通常為固定資產，屬於 Category 2
機械及設備,,震動測定器,True,2,機械設備通常為固定資產，屬於 Category 2
機械及設備,,光滑度試驗器,True,2,機械設備通常為固定資產，屬於 Category 2
機械及設備,,油壓成型機,True,2,機械設備通常為固定資產，屬於 Category 2
機械及設備,,裂隙探測器,True,2,機械設備通常為固定資產，屬於 Category 2
機械及設備,,電解、拋光腐蝕兩用機,True,2,機械設備通常為固定資產，屬於 Category 2
機械及設備,,砂粒度試驗器,True,2,機械設備通常為固定資產，屬於 Category 2
機械及設備,,腐蝕試驗器,True,2,機械設備通常為固定資產，屬於 Category 2
機械及設備,,金相檢視片磨光機,True,2,機械設備通常為固定資產，屬於 Category 2
機械及設備,,試料分割機,True,2,機械設備通常為固定資產，屬於 Category 2
機械及設備,,壓縮應變計,True,2,機械設備通常為固定資產，屬於 Category 2
機械及設備,,混凝土鑽樣機,True,2,機械設備通常為固定資產，屬於 Category 2
機械及設備,,三軸試驗機,True,2,機械設備通常為固定資產，屬於 Category 2
機械及設備,,彈簧圈,True,2,機械設備通常為固定資產，屬於 Category 2
機械及設備,,張力實驗器,True,2,機械設備通常為固定資產，屬於 Category 2
機械及設備,,作用實驗器裝置,True,2,機械設備通常為固定資產，屬於 Category 2
機械及設備,,空氣壓力實驗裝置,True,2,機械設備通常為固定資產，屬於 Category 2
機械及設備,,耐壓試驗機,True,2,機械設備通常為固定資產，屬於 Category 2
機械及設備,,伸長度試驗器,True,2,機械設備通常為固定資產，屬於 Category 2
機械及設備,,金屬線強度試驗機,True,2,機械設備通常為固定資產，屬於 Category 2
機械及設備,,古式老化試驗機,True,2,機械設備通常為固定資產，屬於 Category 2
機械及設備,,扭力扳手試驗器,True,2,機械設備通常為固定資產，屬於 Category 2
機械及設備,,螺絲緊度計,True,2,機械設備通常為固定資產，屬於 Category 2
機械及設備,,鹽水噴霧試驗機,True,2,機械設備通常為固定資產，屬於 Category 2
機械及設備,,應力腐蝕試驗機,True,2,機械設備通常為固定資產，屬於 Category 2
機械及設備,,混凝土潛變儀,True,2,機械設備通常為固定資產，屬於 Category 2
機械及設備,,基本材料測試器具,True,2,機械設備通常為固定資產，屬於 Category 2
機械及設備,,耐候試驗儀,True,2,機械設備通常為固定資產，屬於 Category 2
機械及設備,,共振頻率量測儀,True,2,機械設備通常為固定資產，屬於 Category 2
機械及設備,,混凝土氯化物測定儀,True,2,機械設備通常為固定資產，屬於 Category 2
機械及設備,,應力應變資料處理機,True,2,機械設備通常為固定資產，屬於 Category 2
機械及設備,,混凝土水和熱試驗機,True,2,機械設備通常為固定資產，屬於 Category 2
機械及設備,,包松比測定器,True,2,機械設備通常為固定資產，屬於 Category 2
機械及設備,,試驗艙口平台架,True,2,機械設備通常為固定資產，屬於 Category 2
機械及設備,,多點選器,True,2,機械設備通常為固定資產，屬於 Category 2
機械及設備,,船用張力計,True,2,機械設備通常為固定資產，屬於 Category 2
機械及設備,,船用動力計,True,2,機械設備通常為固定資產，屬於 Category 2
機械及設備,,輪軸實驗器,True,2,機械設備通常為固定資產，屬於 Category 2
機械及設備,,齒輪轉動實驗器,True,2,機械設備通常為固定資產，屬於 Category 2
機械及設備,,齒輪組合實驗器,True,2,機械設備通常為固定資產，屬於 Category 2
機械及設備,,感應電動勢實驗,True,2,機械設備通常為固定資產，屬於 Category 2
機械及設備,,抽拉金屬儀器及成型機,True,2,機械設備通常為固定資產，屬於 Category 2
機械及設備,,金屬粉成模型機,True,2,機械設備通常為固定資產，屬於 Category 2
機械及設備,,分光色彩計,True,2,機械設備通常為固定資產，屬於 Category 2
機械及設備,,耐燃試驗機,True,2,機械設備通常為固定資產，屬於 Category 2
機械及設備,,塑膠試驗軋輪機,True,2,機械設備通常為固定資產，屬於 Category 2
機械及設備,,粉體／纖維接觸角測試機,True,2,機械設備通常為固定資產，屬於 Category 2
機械及設備,02,引擎試驗、檢定儀器及設備,True,2,機械設備通常為固定資產，屬於 Category 2
機械及設備,,剎車試驗器,True,2,機械設備通常為固定資產，屬於 Category 2
機械及設備,,汽缸漏隙試驗器,True,2,機械設備通常為固定資產，屬於 Category 2
機械及設備,,火星塞試驗器,True,2,機械設備通常為固定資產，屬於 Category 2
機械及設備,,噴油管試驗器,True,2,機械設備通常為固定資產，屬於 Category 2
機械及設備,,汽門彈簧試驗器,True,2,機械設備通常為固定資產，屬於 Category 2
機械及設備,,分電盤試驗器,True,2,機械設備通常為固定資產，屬於 Category 2
機械及設備,,燃油噴射泵試驗器,True,2,機械設備通常為固定資產，屬於 Category 2
機械及設備,,萬能引擎試驗器,True,2,機械設備通常為固定資產，屬於 Category 2
機械及設備,,引擎噴霧器,True,2,機械設備通常為固定資產，屬於 Category 2
機械及設備,,軸承加熱器,True,2,機械設備通常為固定資產，屬於 Category 2
機械及設備,,扭轉振動分析儀,True,2,機械設備通常為固定資產，屬於 Category 2
機械及設備,,扭轉振動試驗機,True,2,機械設備通常為固定資產，屬於 Category 2
機械及設備,,扭力計,True,2,機械設備通常為固定資產，屬於 Category 2
機械及設備,,引擎廢氣分析儀,True,2,機械設備通常為固定資產，屬於 Category 2
機械及設備,,正時燈,True,2,機械設備通常為固定資產，屬於 Category 2
機械及設備,,閃火點分析器,True,2,機械設備通常為固定資產，屬於 Category 2
機械及設備,,車輛試驗儀器,True,2,機械設備通常為固定資產，屬於 Category 2
機械及設備,,噴嘴試驗台,True,2,機械設備通常為固定資產，屬於 Category 2
機械及設備,,ＥＧＲ控制器,True,2,機械設備通常為固定資產，屬於 Category 2
機械及設備,,電瓶充電器,True,2,機械設備通常為固定資產，屬於 Category 2
機械及設備,,引擎運轉狀態顯示器,True,2,機械設備通常為固定資產，屬於 Category 2
機械及設備,,引擎曲軸角度偵測器,True,2,機械設備通常為固定資產，屬於 Category 2
機械及設備,,油門控制器,True,2,機械設備通常為固定資產，屬於 Category 2
機械及設備,,引擎燃燒分析儀,True,2,機械設備通常為固定資產，屬於 Category 2
機械及設備,,噴嘴清洗器,True,2,機械設備通常為固定資產，屬於 Category 2
機械及設備,,車輛性能測試系統,True,2,機械設備通常為固定資產，屬於 Category 2
機械及設備,,引擎爆震量測設備,True,2,機械設備通常為固定資產，屬於 Category 2
機械及設備,,側滑試驗器,True,2,機械設備通常為固定資產，屬於 Category 2
機械及設備,,鍋爐效率測定器,True,2,機械設備通常為固定資產，屬於 Category 2
機械及設備,,油壓試驗器,True,2,機械設備通常為固定資產，屬於 Category 2
機械及設備,,引火點試驗器,True,2,機械設備通常為固定資產，屬於 Category 2
機械及設備,,汽車前輪測滑檢驗器,True,2,機械設備通常為固定資產，屬於 Category 2
機械及設備,,點火系統試驗器,True,2,機械設備通常為固定資產，屬於 Category 2
機械及設備,,柴油噴射泵試驗器,True,2,機械設備通常為固定資產，屬於 Category 2
機械及設備,,柴油汽缸壓力表,True,2,機械設備通常為固定資產，屬於 Category 2
機械及設備,,排氣墨煙測定儀,True,2,機械設備通常為固定資產，屬於 Category 2
機械及設備,,噴油嘴測定器,True,2,機械設備通常為固定資產，屬於 Category 2
機械及設備,,活塞試驗器,True,2,機械設備通常為固定資產，屬於 Category 2
機械及設備,,動力平衡機,True,2,機械設備通常為固定資產，屬於 Category 2
機械及設備,,引擎電系檢驗器,True,2,機械設備通常為固定資產，屬於 Category 2
機械及設備,,汽車引擎電波檢驗器,True,2,機械設備通常為固定資產，屬於 Category 2
機械及設備,,柴油引擎調速試驗器,True,2,機械設備通常為固定資產，屬於 Category 2
機械及設備,,馬力試驗器,True,2,機械設備通常為固定資產，屬於 Category 2
機械及設備,,調速器校驗器,True,2,機械設備通常為固定資產，屬於 Category 2
機械及設備,,噴油器流量校準機,True,2,機械設備通常為固定資產，屬於 Category 2
機械及設備,,噴油咀試驗器,True,2,機械設備通常為固定資產，屬於 Category 2
機械及設備,,噴油角度試驗器,True,2,機械設備通常為固定資產，屬於 Category 2
機械及設備,,噴油器試驗台,True,2,機械設備通常為固定資產，屬於 Category 2
機械及設備,,齒輪泵測驗板,True,2,機械設備通常為固定資產，屬於 Category 2
機械及設備,,汽缸蓄水壓試驗器,True,2,機械設備通常為固定資產，屬於 Category 2
機械及設備,,汽缸蓄水壓試驗器座板,True,2,機械設備通常為固定資產，屬於 Category 2
機械及設備,,引擎吹洩檢驗工具,True,2,機械設備通常為固定資產，屬於 Category 2
機械及設備,,燃油量測定儀,True,2,機械設備通常為固定資產，屬於 Category 2
機械及設備,,凸出檢驗工具,True,2,機械設備通常為固定資產，屬於 Category 2
機械及設備,,燃油泵噴油器試驗台校正儀,True,2,機械設備通常為固定資產，屬於 Category 2
機械及設備,,噴油器柱塞固著檢驗工具,True,2,機械設備通常為固定資產，屬於 Category 2
機械及設備,,涼油器洩漏試驗器,True,2,機械設備通常為固定資產，屬於 Category 2
機械及設備,,空氣濾清器心子試驗器,True,2,機械設備通常為固定資產，屬於 Category 2
機械及設備,,汽門座研磨器,True,2,機械設備通常為固定資產，屬於 Category 2
機械及設備,,磨缸器,True,2,機械設備通常為固定資產，屬於 Category 2
機械及設備,,引擎試波器,True,2,機械設備通常為固定資產，屬於 Category 2
機械及設備,,行程測試器,True,2,機械設備通常為固定資產，屬於 Category 2
機械及設備,,引擎性能分析器,True,2,機械設備通常為固定資產，屬於 Category 2
機械及設備,,剎車實驗數學模型,True,2,機械設備通常為固定資產，屬於 Category 2
機械及設備,,汽車實驗數學模型,True,2,機械設備通常為固定資產，屬於 Category 2
機械及設備,,引擎馬力試驗機,True,2,機械設備通常為固定資產，屬於 Category 2
機械及設備,,電動離心計,True,2,機械設備通常為固定資產，屬於 Category 2
機械及設備,,定時鐘,True,2,機械設備通常為固定資產，屬於 Category 2
機械及設備,,蒸汽機實驗器,True,2,機械設備通常為固定資產，屬於 Category 2
機械及設備,,內燃機實驗器,True,2,機械設備通常為固定資產，屬於 Category 2
機械及設備,,蒸汽渦輪機實驗器,True,2,機械設備通常為固定資產，屬於 Category 2
機械及設備,,蒸汽發生實驗器,True,2,機械設備通常為固定資產，屬於 Category 2
機械及設備,,水渦輪機實驗器,True,2,機械設備通常為固定資產，屬於 Category 2
機械及設備,03,油料試驗、檢定儀器及設備,True,2,機械設備通常為固定資產，屬於 Category 2
機械及設備,,潤滑油試驗器,True,2,機械設備通常為固定資產，屬於 Category 2
機械及設備,,絕緣油試驗器,True,2,機械設備通常為固定資產，屬於 Category 2
機械及設備,,煤油試驗器,True,2,機械設備通常為固定資產，屬於 Category 2
機械及設備,,機油乳化液測定器,True,2,機械設備通常為固定資產，屬於 Category 2
機械及設備,,汽油檢定器,True,2,機械設備通常為固定資產，屬於 Category 2
機械及設備,,柴油燃燒性測定引擎,True,2,機械設備通常為固定資產，屬於 Category 2
機械及設備,,汽油穩定度測定儀器,True,2,機械設備通常為固定資產，屬於 Category 2
機械及設備,,燃料油穩定度測定儀器,True,2,機械設備通常為固定資產，屬於 Category 2
機械及設備,,辛烷液測定引擎,True,2,機械設備通常為固定資產，屬於 Category 2
機械及設備,,柏油延展性測定器,True,2,機械設備通常為固定資產，屬於 Category 2
機械及設備,,曇化點測定器,True,2,機械設備通常為固定資產，屬於 Category 2
機械及設備,,苯胺點測定器,True,2,機械設備通常為固定資產，屬於 Category 2
機械及設備,,柏油乳化度試驗器,True,2,機械設備通常為固定資產，屬於 Category 2
機械及設備,,瀝青插入試驗器,True,2,機械設備通常為固定資產，屬於 Category 2
機械及設備,,滑脂插入試驗器,True,2,機械設備通常為固定資產，屬於 Category 2
機械及設備,,含膠量試驗器,True,2,機械設備通常為固定資產，屬於 Category 2
機械及設備,,軟化點試驗器,True,2,機械設備通常為固定資產，屬於 Category 2
機械及設備,,潤滑故障探知器,True,2,機械設備通常為固定資產，屬於 Category 2
機械及設備,,潤滑裝置,True,2,機械設備通常為固定資產，屬於 Category 2
機械及設備,,石油鹽份分析儀,True,2,機械設備通常為固定資產，屬於 Category 2
機械及設備,,瀝青膠泥薄膜烘箱,True,2,機械設備通常為固定資產，屬於 Category 2
機械及設備,,燃油分餾器,True,2,機械設備通常為固定資產，屬於 Category 2
機械及設備,,取樣處理系統,True,2,機械設備通常為固定資產，屬於 Category 2
機械及設備,,油冷卻機,True,2,機械設備通常為固定資產，屬於 Category 2
機械及設備,,油氣測定器,True,2,機械設備通常為固定資產，屬於 Category 2
機械及設備,,凝結試驗器,True,2,機械設備通常為固定資產，屬於 Category 2
機械及設備,,油分子分析儀,True,2,機械設備通常為固定資產，屬於 Category 2
機械及設備,,油品抗乳化試驗器,True,2,機械設備通常為固定資產，屬於 Category 2
機械及設備,,油耐壓試驗器,True,2,機械設備通常為固定資產，屬於 Category 2
機械及設備,,油顆粒徑測定儀,True,2,機械設備通常為固定資產，屬於 Category 2
機械及設備,,爆發試驗器,True,2,機械設備通常為固定資產，屬於 Category 2
機械及設備,,軸承潤滑性測定器,True,2,機械設備通常為固定資產，屬於 Category 2
機械及設備,,曇傾流點測度器,True,2,機械設備通常為固定資產，屬於 Category 2
機械及設備,,閃光點試驗器,True,2,機械設備通常為固定資產，屬於 Category 2
機械及設備,,混濁點及流動點測定器,True,2,機械設備通常為固定資產，屬於 Category 2
機械及設備,,蒸汽壓測定器,True,2,機械設備通常為固定資產，屬於 Category 2
機械及設備,,測定冷凝器,True,2,機械設備通常為固定資產，屬於 Category 2
機械及設備,,原油蒸油器,True,2,機械設備通常為固定資產，屬於 Category 2
機械及設備,,辛烷值測定機,True,2,機械設備通常為固定資產，屬於 Category 2
機械及設備,,噴射機油水分離性試驗器,True,2,機械設備通常為固定資產，屬於 Category 2
機械及設備,,十六烷值測定機,True,2,機械設備通常為固定資產，屬於 Category 2
機械及設備,,噴射機油熱穩定性測定器,True,2,機械設備通常為固定資產，屬於 Category 2
機械及設備,,滑脂分離蒸餾裝置,True,2,機械設備通常為固定資產，屬於 Category 2
機械及設備,,低溫流動點測定器,True,2,機械設備通常為固定資產，屬於 Category 2
機械及設備,,滴點測定器,True,2,機械設備通常為固定資產，屬於 Category 2
機械及設備,,透平油防腐性能試驗器,True,2,機械設備通常為固定資產，屬於 Category 2
機械及設備,,伸度計,True,2,機械設備通常為固定資產，屬於 Category 2
機械及設備,,低溫動粘度恆溫槽,True,2,機械設備通常為固定資產，屬於 Category 2
機械及設備,,碳渣試驗器,True,2,機械設備通常為固定資產，屬於 Category 2
機械及設備,,殘碳測定儀器,True,2,機械設備通常為固定資產，屬於 Category 2
機械及設備,,四球式潤滑油極壓試驗器,True,2,機械設備通常為固定資產，屬於 Category 2
機械及設備,,電動滑脂捏調機,True,2,機械設備通常為固定資產，屬於 Category 2
機械及設備,,滑油泡沬試驗器,True,2,機械設備通常為固定資產，屬於 Category 2
機械及設備,,汽油中四乙鉛測定器,True,2,機械設備通常為固定資產，屬於 Category 2
機械及設備,,潤滑油抗乳化試驗器,True,2,機械設備通常為固定資產，屬於 Category 2
機械及設備,,燃油沉澱物測定器,True,2,機械設備通常為固定資產，屬於 Category 2
機械及設備,,透平油氧化試驗器,True,2,機械設備通常為固定資產，屬於 Category 2
機械及設備,,潤滑油蒸薄試驗器,True,2,機械設備通常為固定資產，屬於 Category 2
機械及設備,,機油分析儀心子試驗器,True,2,機械設備通常為固定資產，屬於 Category 2
機械及設備,,離心式抽油機,True,2,機械設備通常為固定資產，屬於 Category 2
機械及設備,04,油漆試驗檢定儀器及設備,True,2,機械設備通常為固定資產，屬於 Category 2
機械及設備,,漆細度儀,True,2,機械設備通常為固定資產，屬於 Category 2
機械及設備,,濕漆膜厚度儀,True,2,機械設備通常為固定資產，屬於 Category 2
機械及設備,,乾漆膜厚度儀,True,2,機械設備通常為固定資產，屬於 Category 2
機械及設備,,標準黏度管,True,2,機械設備通常為固定資產，屬於 Category 2
機械及設備,,黏著試驗器,True,2,機械設備通常為固定資產，屬於 Category 2
機械及設備,,自動塗膜器,True,2,機械設備通常為固定資產，屬於 Category 2
機械及設備,,遮蓋力測定器,True,2,機械設備通常為固定資產，屬於 Category 2
機械及設備,,斯多曼粘度計,True,2,機械設備通常為固定資產，屬於 Category 2
機械及設備,,油膜調節器,True,2,機械設備通常為固定資產，屬於 Category 2
機械及設備,,塗膜強度試驗機,True,2,機械設備通常為固定資產，屬於 Category 2
機械及設備,,油管塗裝檢查器,True,2,機械設備通常為固定資產，屬於 Category 2
機械及設備,,耐氣候性試驗機,True,2,機械設備通常為固定資產，屬於 Category 2
機械及設備,,塗膜屈折器,True,2,機械設備通常為固定資產，屬於 Category 2
機械及設備,,褪色試驗機,True,2,機械設備通常為固定資產，屬於 Category 2
機械及設備,,折疊耐受試驗機,True,2,機械設備通常為固定資產，屬於 Category 2
機械及設備,,油膜自動塗刷器,True,2,機械設備通常為固定資產，屬於 Category 2
機械及設備,,印刷油墨乾燥試驗器,True,2,機械設備通常為固定資產，屬於 Category 2
機械及設備,,表面粗度測定器,True,2,機械設備通常為固定資產，屬於 Category 2
機械及設備,,膠膜塗面裝置,True,2,機械設備通常為固定資產，屬於 Category 2
機械及設備,,針孔試驗機,True,2,機械設備通常為固定資產，屬於 Category 2
機械及設備,,塗料混煉機,True,2,機械設備通常為固定資產，屬於 Category 2
機械及設備,,滾動式硬度儀,True,2,機械設備通常為固定資產，屬於 Category 2
機械及設備,,耐磨試驗儀,True,2,機械設備通常為固定資產，屬於 Category 2
機械及設備,,塗料快速分散試驗機,True,2,機械設備通常為固定資產，屬於 Category 2
機械及設備,05,水泥試驗檢定儀器及設備,True,2,機械設備通常為固定資產，屬於 Category 2
機械及設備,,混凝土壓力試驗機,True,2,機械設備通常為固定資產，屬於 Category 2
機械及設備,,水泥膨脹力測定器,True,2,機械設備通常為固定資產，屬於 Category 2
機械及設備,,水泥抗長力測定器,True,2,機械設備通常為固定資產，屬於 Category 2
機械及設備,,水泥萬能試驗機,True,2,機械設備通常為固定資產，屬於 Category 2
機械及設備,,水泥耐壓力測定器,True,2,機械設備通常為固定資產，屬於 Category 2
機械及設備,,抗張試件模,True,2,機械設備通常為固定資產，屬於 Category 2
機械及設備,,試驗模,True,2,機械設備通常為固定資產，屬於 Category 2
機械及設備,,轆轤,True,2,機械設備通常為固定資產，屬於 Category 2
機械及設備,,土練機,True,2,機械設備通常為固定資產，屬於 Category 2
機械及設備,,壓實試驗器,True,2,機械設備通常為固定資產，屬於 Category 2
機械及設備,,混凝土強度試驗儀,True,2,機械設備通常為固定資產，屬於 Category 2
機械及設備,,骨材含水量測定儀,True,2,機械設備通常為固定資產，屬於 Category 2
機械及設備,,混凝土試體磨平機,True,2,機械設備通常為固定資產，屬於 Category 2
機械及設備,,骨材之單位重測定儀,True,2,機械設備通常為固定資產，屬於 Category 2
機械及設備,,水泥漿及水硬性水泥流量測定儀,True,2,機械設備通常為固定資產，屬於 Category 2
機械及設備,,水泥漿特柱裝置,True,2,機械設備通常為固定資產，屬於 Category 2
機械及設備,,標準養護箱,True,2,機械設備通常為固定資產，屬於 Category 2
機械及設備,,水泥快速分析儀,True,2,機械設備通常為固定資產，屬於 Category 2
機械及設備,,水泥混凝土鑽機,True,2,機械設備通常為固定資產，屬於 Category 2
機械及設備,,水泥維克試驗儀,True,2,機械設備通常為固定資產，屬於 Category 2
機械及設備,,混凝土試驗鎚,True,2,機械設備通常為固定資產，屬於 Category 2
機械及設備,,試體加蓋器,True,2,機械設備通常為固定資產，屬於 Category 2
機械及設備,,超音波混凝土試驗儀,True,2,機械設備通常為固定資產，屬於 Category 2
機械及設備,,水泥含氣量儀,True,2,機械設備通常為固定資產，屬於 Category 2
機械及設備,,水泥稠度試驗儀,True,2,機械設備通常為固定資產，屬於 Category 2
機械及設備,,水泥健性試驗儀,True,2,機械設備通常為固定資產，屬於 Category 2
機械及設備,,混凝土鑽心取樣器,True,2,機械設備通常為固定資產，屬於 Category 2
機械及設備,,骨材洗淨器,True,2,機械設備通常為固定資產，屬於 Category 2
機械及設備,,水泥初凝試驗器,True,2,機械設備通常為固定資產，屬於 Category 2
機械及設備,,水泥細度試驗儀,True,2,機械設備通常為固定資產，屬於 Category 2
機械及設備,,硫磺灰飛加熱器,True,2,機械設備通常為固定資產，屬於 Category 2
機械及設備,,試體模,True,2,機械設備通常為固定資產，屬於 Category 2
機械及設備,,原漿貫入試驗器,True,2,機械設備通常為固定資產，屬於 Category 2
機械及設備,,含水量定水槽,True,2,機械設備通常為固定資產，屬於 Category 2
機械及設備,,比重測定裝置,True,2,機械設備通常為固定資產，屬於 Category 2
機械及設備,,混凝土含氣儀,True,2,機械設備通常為固定資產，屬於 Category 2
機械及設備,,水泥水化熱儀,True,2,機械設備通常為固定資產，屬於 Category 2
機械及設備,,飽和測定器,True,2,機械設備通常為固定資產，屬於 Category 2
機械及設備,,密度測定儀,True,2,機械設備通常為固定資產，屬於 Category 2
機械及設備,,穿入試驗儀,True,2,機械設備通常為固定資產，屬於 Category 2
機械及設備,,混凝土試驗儀,True,2,機械設備通常為固定資產，屬於 Category 2
機械及設備,,軟化點試驗儀,True,2,機械設備通常為固定資產，屬於 Category 2
機械及設備,,石材韌性儀,True,2,機械設備通常為固定資產，屬於 Category 2
機械及設備,,靜水壓力儀,True,2,機械設備通常為固定資產，屬於 Category 2
機械及設備,,混凝土取樣儀,True,2,機械設備通常為固定資產，屬於 Category 2
機械及設備,,混凝土空氣含量測定器,True,2,機械設備通常為固定資產，屬於 Category 2
機械及設備,,吉爾摩測定儀,True,2,機械設備通常為固定資產，屬於 Category 2
機械及設備,06,紗布試驗、檢定儀器及設備,True,2,機械設備通常為固定資產，屬於 Category 2
機械及設備,,細紗檢驗器,True,2,機械設備通常為固定資產，屬於 Category 2
機械及設備,,細紗測長器,True,2,機械設備通常為固定資產，屬於 Category 2
機械及設備,,檢布機,True,2,機械設備通常為固定資產，屬於 Category 2
機械及設備,,纖維抗張力試驗器,True,2,機械設備通常為固定資產，屬於 Category 2
機械及設備,,量纖維器,True,2,機械設備通常為固定資產，屬於 Category 2
機械及設備,,檢撚機,True,2,機械設備通常為固定資產，屬於 Category 2
機械及設備,,防水試驗機,True,2,機械設備通常為固定資產，屬於 Category 2
機械及設備,,粗紗勻度試驗機,True,2,機械設備通常為固定資產，屬於 Category 2
機械及設備,,強力試驗機,True,2,機械設備通常為固定資產，屬於 Category 2
機械及設備,,洗濯試驗器,True,2,機械設備通常為固定資產，屬於 Category 2
機械及設備,,耐揉試驗器,True,2,機械設備通常為固定資產，屬於 Category 2
機械及設備,,紗布測定器,True,2,機械設備通常為固定資產，屬於 Category 2
機械及設備,,雷射光散射儀,True,2,機械設備通常為固定資產，屬於 Category 2
機械及設備,,耐汗試驗機,True,2,機械設備通常為固定資產，屬於 Category 2
機械及設備,,玻璃纖維壓擠成型加工裝置,True,2,機械設備通常為固定資產，屬於 Category 2
機械及設備,,褶縫試驗器,True,2,機械設備通常為固定資產，屬於 Category 2
機械及設備,,毛料磨純試驗器,True,2,機械設備通常為固定資產，屬於 Category 2
機械及設備,,纖度測定儀,True,2,機械設備通常為固定資產，屬於 Category 2
機械及設備,,紡絲上油量測定器,True,2,機械設備通常為固定資產，屬於 Category 2
機械及設備,,孔狀分佈測定儀,True,2,機械設備通常為固定資產，屬於 Category 2
機械及設備,,人造纖維丹尼試驗器,True,2,機械設備通常為固定資產，屬於 Category 2
機械及設備,,負荷感應器,True,2,機械設備通常為固定資產，屬於 Category 2
機械及設備,,印花布磨擦試驗器,True,2,機械設備通常為固定資產，屬於 Category 2
機械及設備,,織物紋路壓印機,True,2,機械設備通常為固定資產，屬於 Category 2
機械及設備,,脫色試驗機,True,2,機械設備通常為固定資產，屬於 Category 2
機械及設備,,紡織紗線外觀均勻度墨板機,True,2,機械設備通常為固定資產，屬於 Category 2
機械及設備,,條桿試驗機,True,2,機械設備通常為固定資產，屬於 Category 2
機械及設備,,防火度試驗機,True,2,機械設備通常為固定資產，屬於 Category 2
機械及設備,,防皺度試驗機,True,2,機械設備通常為固定資產，屬於 Category 2
機械及設備,,紗重量試驗機,True,2,機械設備通常為固定資產，屬於 Category 2
機械及設備,,棉條粗紗機,True,2,機械設備通常為固定資產，屬於 Category 2
機械及設備,,織物起毛機,True,2,機械設備通常為固定資產，屬於 Category 2
機械及設備,,織物斷裂機,True,2,機械設備通常為固定資產，屬於 Category 2
機械及設備,,織維試驗器,True,2,機械設備通常為固定資產，屬於 Category 2
機械及設備,,透氣試驗器,True,2,機械設備通常為固定資產，屬於 Category 2
機械及設備,,耐候度試驗器,True,2,機械設備通常為固定資產，屬於 Category 2
機械及設備,,纖維鑑別器,True,2,機械設備通常為固定資產，屬於 Category 2
機械及設備,,毛紗品質儀,True,2,機械設備通常為固定資產，屬於 Category 2
機械及設備,,纖維直徑儀,True,2,機械設備通常為固定資產，屬於 Category 2
機械及設備,,羊毛油份儀,True,2,機械設備通常為固定資產，屬於 Category 2
機械及設備,,偏心距試驗器,True,2,機械設備通常為固定資產，屬於 Category 2
機械及設備,,織物測速器,True,2,機械設備通常為固定資產，屬於 Category 2
機械及設備,,硬性試驗器,True,2,機械設備通常為固定資產，屬於 Category 2
機械及設備,,皺度試驗器,True,2,機械設備通常為固定資產，屬於 Category 2
機械及設備,,熱轉化試驗機,True,2,機械設備通常為固定資產，屬於 Category 2
機械及設備,,昇華堅牢度試驗機,True,2,機械設備通常為固定資產，屬於 Category 2
機械及設備,07,紙張、紙漿試驗檢定儀器及設備,True,2,機械設備通常為固定資產，屬於 Category 2
機械及設備,,紙張抗張試驗機,True,2,機械設備通常為固定資產，屬於 Category 2
機械及設備,,紙張破裂度試驗機,True,2,機械設備通常為固定資產，屬於 Category 2
機械及設備,,紙張引裂度試驗機,True,2,機械設備通常為固定資產，屬於 Category 2
機械及設備,,紙漿分散機,True,2,機械設備通常為固定資產，屬於 Category 2
機械及設備,,紙積測量器,True,2,機械設備通常為固定資產，屬於 Category 2
機械及設備,,氣孔度計,True,2,機械設備通常為固定資產，屬於 Category 2
機械及設備,,叩解試驗器,True,2,機械設備通常為固定資產，屬於 Category 2
機械及設備,,紙張摺疊試驗器,True,2,機械設備通常為固定資產，屬於 Category 2
機械及設備,,紙張試驗切機,True,2,機械設備通常為固定資產，屬於 Category 2
機械及設備,,紙袋落下試驗機,True,2,機械設備通常為固定資產，屬於 Category 2
機械及設備,,紙厚度測定儀,True,2,機械設備通常為固定資產，屬於 Category 2
機械及設備,,紙拉力試驗儀,True,2,機械設備通常為固定資產，屬於 Category 2
機械及設備,,紙撕裂試驗機,True,2,機械設備通常為固定資產，屬於 Category 2
機械及設備,,手工抄紙機,True,2,機械設備通常為固定資產，屬於 Category 2
機械及設備,,吸水度試驗機,True,2,機械設備通常為固定資產，屬於 Category 2
機械及設備,,迴轉式蒸煮鍋,True,2,機械設備通常為固定資產，屬於 Category 2
機械及設備,,試紙儀器,True,2,機械設備通常為固定資產，屬於 Category 2
機械及設備,,游離度試驗機,True,2,機械設備通常為固定資產，屬於 Category 2
機械及設備,,紙張環壓測定器,True,2,機械設備通常為固定資產，屬於 Category 2
機械及設備,,紙張柔硬度試驗器,True,2,機械設備通常為固定資產，屬於 Category 2
機械及設備,,落展試驗器,True,2,機械設備通常為固定資產，屬於 Category 2
機械及設備,,平滑度試驗器,True,2,機械設備通常為固定資產，屬於 Category 2
機械及設備,,玻璃紙熱封試驗器,True,2,機械設備通常為固定資產，屬於 Category 2
機械及設備,,水蒸汽透過率測試儀,True,2,機械設備通常為固定資產，屬於 Category 2
機械及設備,,脫水甕,True,2,機械設備通常為固定資產，屬於 Category 2
機械及設備,,瓦楞蕊紙試驗機,True,2,機械設備通常為固定資產，屬於 Category 2
機械及設備,,耐折度試驗機,True,2,機械設備通常為固定資產，屬於 Category 2
機械及設備,,透氣度試驗機,True,2,機械設備通常為固定資產，屬於 Category 2
機械及設備,,衝孔強度試驗機,True,2,機械設備通常為固定資產，屬於 Category 2
機械及設備,,紙張水份機,True,2,機械設備通常為固定資產，屬於 Category 2
機械及設備,,撥水度試驗機,True,2,機械設備通常為固定資產，屬於 Category 2
機械及設備,,磨耗試驗機,True,2,機械設備通常為固定資產，屬於 Category 2
機械及設備,,容器壓縮試驗機,True,2,機械設備通常為固定資產，屬於 Category 2
機械及設備,,洗網機,True,2,機械設備通常為固定資產，屬於 Category 2
機械及設備,,纖維分類試驗器,True,2,機械設備通常為固定資產，屬於 Category 2
機械及設備,08,水質試驗檢定儀器及設備,True,2,機械設備通常為固定資產，屬於 Category 2
機械及設備,,橡皮球,True,2,機械設備通常為固定資產，屬於 Category 2
機械及設備,,濾水器,True,2,機械設備通常為固定資產，屬於 Category 2
機械及設備,,量水器,True,2,機械設備通常為固定資產，屬於 Category 2
機械及設備,,採水器,True,2,機械設備通常為固定資產，屬於 Category 2
機械及設備,,水純度計,True,2,機械設備通常為固定資產，屬於 Category 2
機械及設備,,膠凝試驗器,True,2,機械設備通常為固定資產，屬於 Category 2
機械及設備,,蒸餾器,True,2,機械設備通常為固定資產，屬於 Category 2
機械及設備,,濁度計,True,2,機械設備通常為固定資產，屬於 Category 2
機械及設備,,比導電度計,True,2,機械設備通常為固定資產，屬於 Category 2
機械及設備,,氮蒸餾器,True,2,機械設備通常為固定資產，屬於 Category 2
機械及設備,,高壓消毒釜,True,2,機械設備通常為固定資產，屬於 Category 2
機械及設備,,ＢＯＤ定溫水箱,True,2,機械設備通常為固定資產，屬於 Category 2
機械及設備,,本生燈,True,2,機械設備通常為固定資產，屬於 Category 2
機械及設備,,標準篩,True,2,機械設備通常為固定資產，屬於 Category 2
機械及設備,,沉澱試驗器,True,2,機械設備通常為固定資產，屬於 Category 2
機械及設備,,濾膜過濾器,True,2,機械設備通常為固定資產，屬於 Category 2
機械及設備,,餘氣檢定器,True,2,機械設備通常為固定資產，屬於 Category 2
機械及設備,,離子交換淨水器,True,2,機械設備通常為固定資產，屬於 Category 2
機械及設備,,離子樹脂純水器,True,2,機械設備通常為固定資產，屬於 Category 2
機械及設備,,蒸餾水純度測定器,True,2,機械設備通常為固定資產，屬於 Category 2
機械及設備,,比重導度計,True,2,機械設備通常為固定資產，屬於 Category 2
機械及設備,,綜合水質分析儀,True,2,機械設備通常為固定資產，屬於 Category 2
機械及設備,,液體剪斷力器,True,2,機械設備通常為固定資產，屬於 Category 2
機械及設備,,水素氣泡發生器,True,2,機械設備通常為固定資產，屬於 Category 2
機械及設備,,濁度監視器,True,2,機械設備通常為固定資產，屬於 Category 2
機械及設備,,兩槽式魚箱,True,2,機械設備通常為固定資產，屬於 Category 2
機械及設備,,濾桶,True,2,機械設備通常為固定資產，屬於 Category 2
機械及設備,,氰鹽及酚類析儀,True,2,機械設備通常為固定資產，屬於 Category 2
機械及設備,,總有機碳分析儀,True,2,機械設備通常為固定資產，屬於 Category 2
機械及設備,,玻璃細工燈,True,2,機械設備通常為固定資產，屬於 Category 2
機械及設備,,搖篩機,True,2,機械設備通常為固定資產，屬於 Category 2
機械及設備,,凱氏分解爐,True,2,機械設備通常為固定資產，屬於 Category 2
機械及設備,,硬水軟化器,True,2,機械設備通常為固定資產，屬於 Category 2
機械及設備,,懸浮固體測定器,True,2,機械設備通常為固定資產，屬於 Category 2
機械及設備,,加氯控制器,True,2,機械設備通常為固定資產，屬於 Category 2
機械及設備,,脈動式熱水鍋爐,True,2,機械設備通常為固定資產，屬於 Category 2
機械及設備,,脫臭機,True,2,機械設備通常為固定資產，屬於 Category 2
機械及設備,,渾水試驗機,True,2,機械設備通常為固定資產，屬於 Category 2
機械及設備,,溶解儀表,True,2,機械設備通常為固定資產，屬於 Category 2
機械及設備,,懸浮儀表,True,2,機械設備通常為固定資產，屬於 Category 2
機械及設備,,硝化裝置,True,2,機械設備通常為固定資產，屬於 Category 2
機械及設備,,傳達儀表,True,2,機械設備通常為固定資產，屬於 Category 2
機械及設備,,半自動拌器ＣＯＤ測定儀,True,2,機械設備通常為固定資產，屬於 Category 2
機械及設備,,細菌檢驗器,True,2,機械設備通常為固定資產，屬於 Category 2
機械及設備,,腔體活小生分析儀,True,2,機械設備通常為固定資產，屬於 Category 2
機械及設備,,總溶解固體測定器,True,2,機械設備通常為固定資產，屬於 Category 2
機械及設備,,低溫培養箱,True,2,機械設備通常為固定資產，屬於 Category 2
機械及設備,,程序控制化學分析儀,True,2,機械設備通常為固定資產，屬於 Category 2
機械及設備,,揮發性有機物捕捉裝置,True,2,機械設備通常為固定資產，屬於 Category 2
機械及設備,,溶氧測定器,True,2,機械設備通常為固定資產，屬於 Category 2
機械及設備,,餘氯滴定裝置,True,2,機械設備通常為固定資產，屬於 Category 2
機械及設備,,細菌發酵管儲存器,True,2,機械設備通常為固定資產，屬於 Category 2
機械及設備,,石墨原子化裝器,True,2,機械設備通常為固定資產，屬於 Category 2
機械及設備,,膠值測定器,True,2,機械設備通常為固定資產，屬於 Category 2
機械及設備,,沙奇盤,True,2,機械設備通常為固定資產，屬於 Category 2
機械及設備,,水電解實驗器,True,2,機械設備通常為固定資產，屬於 Category 2
機械及設備,,水成分實驗器,True,2,機械設備通常為固定資產，屬於 Category 2
機械及設備,,水鐘車實驗器,True,2,機械設備通常為固定資產，屬於 Category 2
機械及設備,,水質監測儀,True,2,機械設備通常為固定資產，屬於 Category 2
機械及設備,,自動採雨器,True,2,機械設備通常為固定資產，屬於 Category 2
機械及設備,,自動採水分析器,True,2,機械設備通常為固定資產，屬於 Category 2
機械及設備,,分流注射系統,True,2,機械設備通常為固定資產，屬於 Category 2
機械及設備,,冷卻水化驗設備,True,2,機械設備通常為固定資產，屬於 Category 2
機械及設備,,總有機鹵素分析儀,True,2,機械設備通常為固定資產，屬於 Category 2
機械及設備,,脈動式加熱爐,True,2,機械設備通常為固定資產，屬於 Category 2
機械及設備,09,煤分析儀器,True,2,機械設備通常為固定資產，屬於 Category 2
機械及設備,,煤硫分測定器,True,2,機械設備通常為固定資產，屬於 Category 2
機械及設備,,炭分測定器,True,2,機械設備通常為固定資產，屬於 Category 2
機械及設備,,煤熱量計器,True,2,機械設備通常為固定資產，屬於 Category 2
機械及設備,,檢定儀,True,2,機械設備通常為固定資產，屬於 Category 2
機械及設備,,一氧化碳測定器,True,2,機械設備通常為固定資產，屬於 Category 2
機械及設備,,冷媒測漏器,True,2,機械設備通常為固定資產，屬於 Category 2
機械及設備,,耐墜試驗機,True,2,機械設備通常為固定資產，屬於 Category 2
機械及設備,,煤焦耐磨試驗設備,True,2,機械設備通常為固定資產，屬於 Category 2
機械及設備,,焦化壓力試驗儀,True,2,機械設備通常為固定資產，屬於 Category 2
機械及設備,,ＧＲＡＹ－ＫＩＮＧ試驗儀,True,2,機械設備通常為固定資產，屬於 Category 2
機械及設備,,乾餾設備,True,2,機械設備通常為固定資產，屬於 Category 2
機械及設備,,煤焦電導測定儀,True,2,機械設備通常為固定資產，屬於 Category 2
機械及設備,,中型滾桶試驗機,True,2,機械設備通常為固定資產，屬於 Category 2
機械及設備,,膨脹量計試驗機,True,2,機械設備通常為固定資產，屬於 Category 2
機械及設備,,煤焦性試驗儀,True,2,機械設備通常為固定資產，屬於 Category 2
機械及設備,,流動性測定儀,True,2,機械設備通常為固定資產，屬於 Category 2
機械及設備,,ＦＡＧＥ試驗儀,True,2,機械設備通常為固定資產，屬於 Category 2
機械及設備,,碳分析裝置,True,2,機械設備通常為固定資產，屬於 Category 2
機械及設備,,碳分測定電爐,True,2,機械設備通常為固定資產，屬於 Category 2
機械及設備,10,土壤砂石試驗機械及設備,True,2,機械設備通常為固定資產，屬於 Category 2
機械及設備,,液性限度測定器,True,2,機械設備通常為固定資產，屬於 Category 2
機械及設備,,貫入試驗機,True,2,機械設備通常為固定資產，屬於 Category 2
機械及設備,,無側限壓縮試驗機,True,2,機械設備通常為固定資產，屬於 Category 2
機械及設備,,抗壓試驗機,True,2,機械設備通常為固定資產，屬於 Category 2
機械及設備,,赤外線含水量計,True,2,機械設備通常為固定資產，屬於 Category 2
機械及設備,,真空試驗機,True,2,機械設備通常為固定資產，屬於 Category 2
機械及設備,,固結試驗機,True,2,機械設備通常為固定資產，屬於 Category 2
機械及設備,,收縮限界測定器,True,2,機械設備通常為固定資產，屬於 Category 2
機械及設備,,土壤三軸試驗機,True,2,機械設備通常為固定資產，屬於 Category 2
機械及設備,,夯實試驗機,True,2,機械設備通常為固定資產，屬於 Category 2
機械及設備,,土壤加州承載試驗機,True,2,機械設備通常為固定資產，屬於 Category 2
機械及設備,,充砂裝置,True,2,機械設備通常為固定資產，屬於 Category 2
機械及設備,,土壤測滲器,True,2,機械設備通常為固定資產，屬於 Category 2
機械及設備,,土壤粒度分析儀,True,2,機械設備通常為固定資產，屬於 Category 2
機械及設備,,砂面測定器,True,2,機械設備通常為固定資產，屬於 Category 2
機械及設備,,硬度試驗鎚,True,2,機械設備通常為固定資產，屬於 Category 2
機械及設備,,岩盤當地變形儀,True,2,機械設備通常為固定資產，屬於 Category 2
機械及設備,,地耐力試驗儀,True,2,機械設備通常為固定資產，屬於 Category 2
機械及設備,,地層壓剪儀,True,2,機械設備通常為固定資產，屬於 Category 2
機械及設備,,土壤汞測定儀,True,2,機械設備通常為固定資產，屬於 Category 2
機械及設備,,土壤分散器,True,2,機械設備通常為固定資產，屬於 Category 2
機械及設備,,土壤自動壓密機,True,2,機械設備通常為固定資產，屬於 Category 2
機械及設備,,碎土篩仔兩用機,True,2,機械設備通常為固定資產，屬於 Category 2
機械及設備,,伸縮機,True,2,機械設備通常為固定資產，屬於 Category 2
機械及設備,,十路平衡及司位器,True,2,機械設備通常為固定資產，屬於 Category 2
機械及設備,,土壤儀,True,2,機械設備通常為固定資產，屬於 Category 2
機械及設備,,油浴器,True,2,機械設備通常為固定資產，屬於 Category 2
機械及設備,,岩石剪力儀用盒,True,2,機械設備通常為固定資產，屬於 Category 2
機械及設備,,岩石剪力試驗機,True,2,機械設備通常為固定資產，屬於 Category 2
機械及設備,,四連壓密試驗機,True,2,機械設備通常為固定資產，屬於 Category 2
機械及設備,,剪翼板試驗器,True,2,機械設備通常為固定資產，屬於 Category 2
機械及設備,,集點壓力試驗機,True,2,機械設備通常為固定資產，屬於 Category 2
機械及設備,,耐蝕試驗機,True,2,機械設備通常為固定資產，屬於 Category 2
機械及設備,,膨脹儀組件,True,2,機械設備通常為固定資產，屬於 Category 2
機械及設備,,土壤樣品壓出機,True,2,機械設備通常為固定資產，屬於 Category 2
機械及設備,,直接剪力儀用架及荷重具,True,2,機械設備通常為固定資產，屬於 Category 2
機械及設備,,非破壞性超音波檢驗器,True,2,機械設備通常為固定資產，屬於 Category 2
機械及設備,,剪力箱,True,2,機械設備通常為固定資產，屬於 Category 2
機械及設備,,自動定壓器,True,2,機械設備通常為固定資產，屬於 Category 2
機械及設備,,液限儀,True,2,機械設備通常為固定資產，屬於 Category 2
機械及設備,,土壤插入器,True,2,機械設備通常為固定資產，屬於 Category 2
機械及設備,,土壤試驗儀器,True,2,機械設備通常為固定資產，屬於 Category 2
機械及設備,,核子濕度測試器,True,2,機械設備通常為固定資產，屬於 Category 2
機械及設備,,相對密度儀,True,2,機械設備通常為固定資產，屬於 Category 2
機械及設備,,鑽探機,True,2,機械設備通常為固定資產，屬於 Category 2
機械及設備,,土壤肥料ＥＣ測定器,True,2,機械設備通常為固定資產，屬於 Category 2
機械及設備,,土壤扺抗測定器,True,2,機械設備通常為固定資產，屬於 Category 2
機械及設備,,坡地泥沙災害控制試驗裝置,True,2,機械設備通常為固定資產，屬於 Category 2
機械及設備,,土壤氧氣控散計,True,2,機械設備通常為固定資產，屬於 Category 2
機械及設備,11,結構試驗檢定儀器及設備,True,2,機械設備通常為固定資產，屬於 Category 2
機械及設備,,應變控制平衡箱,True,2,機械設備通常為固定資產，屬於 Category 2
機械及設備,,應變計,True,2,機械設備通常為固定資產，屬於 Category 2
機械及設備,,吊橋裝置,True,2,機械設備通常為固定資產，屬於 Category 2
機械及設備,,三鉸拱裝置,True,2,機械設備通常為固定資產，屬於 Category 2
機械及設備,,架的彈性撓度裝置,True,2,機械設備通常為固定資產，屬於 Category 2
機械及設備,,支座塑性彎曲裝置,True,2,機械設備通常為固定資產，屬於 Category 2
機械及設備,,彎矩與剪力裝置,True,2,機械設備通常為固定資產，屬於 Category 2
機械及設備,,剪力中心裝置,True,2,機械設備通常為固定資產，屬於 Category 2
機械及設備,,模型構架裝置,True,2,機械設備通常為固定資產，屬於 Category 2
機械及設備,,結構振動分析儀,True,2,機械設備通常為固定資產，屬於 Category 2
機械及設備,,應變及轉換指示儀,True,2,機械設備通常為固定資產，屬於 Category 2
機械及設備,,自動掃描器,True,2,機械設備通常為固定資產，屬於 Category 2
機械及設備,,伸長計,True,2,機械設備通常為固定資產，屬於 Category 2
機械及設備,,激動器,True,2,機械設備通常為固定資產，屬於 Category 2
機械及設備,,層別沈陷計及樁體變位指示器,True,2,機械設備通常為固定資產，屬於 Category 2
機械及設備,,土壤檢定器,True,2,機械設備通常為固定資產，屬於 Category 2
機械及設備,,土壤電阻儀,True,2,機械設備通常為固定資產，屬於 Category 2
機械及設備,,基樁載重設備,True,2,機械設備通常為固定資產，屬於 Category 2
機械及設備,,廠基試樁樁動載重試驗儀器,True,2,機械設備通常為固定資產，屬於 Category 2
機械及設備,12,流力試驗檢定儀器及設備,True,2,機械設備通常為固定資產，屬於 Category 2
機械及設備,,流體力學試驗臺,True,2,機械設備通常為固定資產，屬於 Category 2
機械及設備,,浮體穩定測定裝置,True,2,機械設備通常為固定資產，屬於 Category 2
機械及設備,,范氏泥泵固粒量試驗,True,2,機械設備通常為固定資產，屬於 Category 2
機械及設備,,孔口流動測定儀,True,2,機械設備通常為固定資產，屬於 Category 2
機械及設備,,文氏管流量計,True,2,機械設備通常為固定資產，屬於 Category 2
機械及設備,,管磨擦測定裝置,True,2,機械設備通常為固定資產，屬於 Category 2
機械及設備,,噴射衝擊測定裝置,True,2,機械設備通常為固定資產，屬於 Category 2
機械及設備,,流量描摹裝置,True,2,機械設備通常為固定資產，屬於 Category 2
機械及設備,,流動測定裝置,True,2,機械設備通常為固定資產，屬於 Category 2
機械及設備,,壓力中心測定器,True,2,機械設備通常為固定資產，屬於 Category 2
機械及設備,,流動槽,True,2,機械設備通常為固定資產，屬於 Category 2
機械及設備,,渦流測定裝置,True,2,機械設備通常為固定資產，屬於 Category 2
機械及設備,,管彎曲損失測定裝置,True,2,機械設備通常為固定資產，屬於 Category 2
機械及設備,,風洞試驗儀,True,2,機械設備通常為固定資產，屬於 Category 2
機械及設備,,標準桶,True,2,機械設備通常為固定資產，屬於 Category 2
機械及設備,,邊界層儀,True,2,機械設備通常為固定資產，屬於 Category 2
機械及設備,,雷諾數儀,True,2,機械設備通常為固定資產，屬於 Category 2
機械及設備,,流體靜力及特性研究裝置,True,2,機械設備通常為固定資產，屬於 Category 2
機械及設備,,可燃瓦斯測定器,True,2,機械設備通常為固定資產，屬於 Category 2
機械及設備,,震波管實驗平台,True,2,機械設備通常為固定資產，屬於 Category 2
機械及設備,,熱平板溫度分析測試台,True,2,機械設備通常為固定資產，屬於 Category 2
機械及設備,,重晶石回收機,True,2,機械設備通常為固定資產，屬於 Category 2
機械及設備,,高壓高溫脫水試驗器,True,2,機械設備通常為固定資產，屬於 Category 2
機械及設備,,泥漿耐溫穩定試驗儀,True,2,機械設備通常為固定資產，屬於 Category 2
機械及設備,,泥漿脫水化定分析儀,True,2,機械設備通常為固定資產，屬於 Category 2
機械及設備,,孔隙測定儀,True,2,機械設備通常為固定資產，屬於 Category 2
機械及設備,,油水含量測定器,True,2,機械設備通常為固定資產，屬於 Category 2
機械及設備,,磁選機,True,2,機械設備通常為固定資產，屬於 Category 2
機械及設備,,噴嘴壓力分佈測試台,True,2,機械設備通常為固定資產，屬於 Category 2
機械及設備,,噴嘴功能測試台,True,2,機械設備通常為固定資產，屬於 Category 2
機械及設備,,穴蝕儀,True,2,機械設備通常為固定資產，屬於 Category 2
機械及設備,,管湧及水鏟儀,True,2,機械設備通常為固定資產，屬於 Category 2
機械及設備,,層流分析儀,True,2,機械設備通常為固定資產，屬於 Category 2
機械及設備,,震波分析儀,True,2,機械設備通常為固定資產，屬於 Category 2
機械及設備,,超音波風洞流場觀測台,True,2,機械設備通常為固定資產，屬於 Category 2
機械及設備,,壓力計校準器,True,2,機械設備通常為固定資產，屬於 Category 2
機械及設備,,泵性能試驗機,True,2,機械設備通常為固定資產，屬於 Category 2
機械及設備,,閥特性試驗台,True,2,機械設備通常為固定資產，屬於 Category 2
機械及設備,10,工業控制系統及設備,True,2,機械設備通常為固定資產，屬於 Category 2
機械及設備,01,控制器,True,2,機械設備通常為固定資產，屬於 Category 2
機械及設備,,空氣驅動器,True,2,機械設備通常為固定資產，屬於 Category 2
機械及設備,,位置指示器,True,2,機械設備通常為固定資產，屬於 Category 2
機械及設備,,位置指示傳送器,True,2,機械設備通常為固定資產，屬於 Category 2
機械及設備,,空氣壓縮機,True,2,機械設備通常為固定資產，屬於 Category 2
機械及設備,,能量控制器,True,2,機械設備通常為固定資產，屬於 Category 2
機械及設備,,控制指示紀錄測試器,True,2,機械設備通常為固定資產，屬於 Category 2
機械及設備,,不斷電裝置,True,2,機械設備通常為固定資產，屬於 Category 2
機械及設備,,空氣呼吸器,True,2,機械設備通常為固定資產，屬於 Category 2
機械及設備,,氣動式開平方器,True,2,機械設備通常為固定資產，屬於 Category 2
機械及設備,,積算器,True,2,機械設備通常為固定資產，屬於 Category 2
機械及設備,,平方根提取器,True,2,機械設備通常為固定資產，屬於 Category 2
機械及設備,,伺服及步進馬達電腦數值控制系統,True,2,機械設備通常為固定資產，屬於 Category 2
機械及設備,,ＤＧＳ控制系統,True,2,機械設備通常為固定資產，屬於 Category 2
機械及設備,,電解爐自動控制系統,True,2,機械設備通常為固定資產，屬於 Category 2
機械及設備,,製程控制器,True,2,機械設備通常為固定資產，屬於 Category 2
機械及設備,,空氣壓力調節器,True,2,機械設備通常為固定資產，屬於 Category 2
機械及設備,,耐爆型壓力動作開關,True,2,機械設備通常為固定資產，屬於 Category 2
機械及設備,,程式計數計時器,True,2,機械設備通常為固定資產，屬於 Category 2
機械及設備,,壓力調節開關,True,2,機械設備通常為固定資產，屬於 Category 2
機械及設備,,控制繼動器,True,2,機械設備通常為固定資產，屬於 Category 2
機械及設備,,電子控制器,True,2,機械設備通常為固定資產，屬於 Category 2
機械及設備,,氣動控制器,True,2,機械設備通常為固定資產，屬於 Category 2
機械及設備,,輸出入模組電源供應器,True,2,機械設備通常為固定資產，屬於 Category 2
機械及設備,,現場自動／人工控制盤,True,2,機械設備通常為固定資產，屬於 Category 2
機械及設備,,伺服馬達,True,2,機械設備通常為固定資產，屬於 Category 2
機械及設備,,相位順序控制器,True,2,機械設備通常為固定資產，屬於 Category 2
機械及設備,,充氣控電裝置,True,2,機械設備通常為固定資產，屬於 Category 2
機械及設備,,模糊控制應用發展裝置,True,2,機械設備通常為固定資產，屬於 Category 2
機械及設備,02,控制儀器板,True,2,機械設備通常為固定資產，屬於 Category 2
機械及設備,,遠方控制器,True,2,機械設備通常為固定資產，屬於 Category 2
機械及設備,,選擇器,True,2,機械設備通常為固定資產，屬於 Category 2
機械及設備,,手動控制板,True,2,機械設備通常為固定資產，屬於 Category 2
機械及設備,,半自動控制儀,True,2,機械設備通常為固定資產，屬於 Category 2
機械及設備,,儀器板,True,2,機械設備通常為固定資產，屬於 Category 2
機械及設備,,比率設定器,True,2,機械設備通常為固定資產，屬於 Category 2
機械及設備,,函數發生器,True,2,機械設備通常為固定資產，屬於 Category 2
機械及設備,,計算繼動器,True,2,機械設備通常為固定資產，屬於 Category 2
機械及設備,,控制室漆程面板,True,2,機械設備通常為固定資產，屬於 Category 2
機械及設備,,微處理計劃控制盤,True,2,機械設備通常為固定資產，屬於 Category 2
機械及設備,,瓦斯自動控制器裝置,True,2,機械設備通常為固定資產，屬於 Category 2
機械及設備,,安全活門,True,2,機械設備通常為固定資產，屬於 Category 2
機械及設備,,防逆活門,True,2,機械設備通常為固定資產，屬於 Category 2
機械及設備,,針型活門,True,2,機械設備通常為固定資產，屬於 Category 2
機械及設備,,凍結乾燥器,True,2,機械設備通常為固定資產，屬於 Category 2
機械及設備,,自動組織脫水裝置,True,2,機械設備通常為固定資產，屬於 Category 2
機械及設備,,伺服控制實驗台,True,2,機械設備通常為固定資產，屬於 Category 2
機械及設備,03,安全警報系統,True,2,機械設備通常為固定資產，屬於 Category 2
機械及設備,,定時開關,True,2,機械設備通常為固定資產，屬於 Category 2
機械及設備,,熄火警報器,True,2,機械設備通常為固定資產，屬於 Category 2
機械及設備,,自動停爐裝置,True,2,機械設備通常為固定資產，屬於 Category 2
機械及設備,,警報器,True,2,機械設備通常為固定資產，屬於 Category 2
機械及設備,,警報燈,True,2,機械設備通常為固定資產，屬於 Category 2
機械及設備,,液面警報器,True,2,機械設備通常為固定資產，屬於 Category 2
機械及設備,,容量警報器,True,2,機械設備通常為固定資產，屬於 Category 2
機械及設備,,氧氣系統警報裝置,True,2,機械設備通常為固定資產，屬於 Category 2
機械及設備,,漏油偵測警報器,True,2,機械設備通常為固定資產，屬於 Category 2
機械及設備,,氯氣漏氣警報器,True,2,機械設備通常為固定資產，屬於 Category 2
機械及設備,,中和設備,True,2,機械設備通常為固定資產，屬於 Category 2
機械及設備,,微波偵測系統,True,2,機械設備通常為固定資產，屬於 Category 2
機械及設備,,瓦斯自動警報器,True,2,機械設備通常為固定資產，屬於 Category 2
機械及設備,,自動警示開關,True,2,機械設備通常為固定資產，屬於 Category 2
機械及設備,,氨漏警報系統,True,2,機械設備通常為固定資產，屬於 Category 2
機械及設備,,擇測器,True,2,機械設備通常為固定資產，屬於 Category 2
機械及設備,,油水分離試驗器,True,2,機械設備通常為固定資產，屬於 Category 2
機械及設備,04,控制凡而,True,2,機械設備通常為固定資產，屬於 Category 2
機械及設備,,安全凡而,True,2,機械設備通常為固定資產，屬於 Category 2
機械及設備,,氫氣調節凡而,True,2,機械設備通常為固定資產，屬於 Category 2
機械及設備,,減壓凡而,True,2,機械設備通常為固定資產，屬於 Category 2
機械及設備,,氣動控制凡而,True,2,機械設備通常為固定資產，屬於 Category 2
機械及設備,,水壓操作控制凡而,True,2,機械設備通常為固定資產，屬於 Category 2
機械及設備,,活塞驅動凡而,True,2,機械設備通常為固定資產，屬於 Category 2
機械及設備,,電力控制凡而,True,2,機械設備通常為固定資產，屬於 Category 2
機械及設備,,自動壓力控制凡而,True,2,機械設備通常為固定資產，屬於 Category 2
機械及設備,,平衡控制凡而,True,2,機械設備通常為固定資產，屬於 Category 2
機械及設備,,空氣轉換開關,True,2,機械設備通常為固定資產，屬於 Category 2
機械及設備,,迴流控制閥,True,2,機械設備通常為固定資產，屬於 Category 2
機械及設備,,真空調節器,True,2,機械設備通常為固定資產，屬於 Category 2
機械及設備,,膜片作動式開關,True,2,機械設備通常為固定資產，屬於 Category 2
機械及設備,,丙爏緊急關斷系統,True,2,機械設備通常為固定資產，屬於 Category 2
機械及設備,,釋放閥,True,2,機械設備通常為固定資產，屬於 Category 2
機械及設備,,溫度調節閥,True,2,機械設備通常為固定資產，屬於 Category 2
機械及設備,,流量控制閥,True,2,機械設備通常為固定資產，屬於 Category 2
機械及設備,,排洩閥,True,2,機械設備通常為固定資產，屬於 Category 2
機械及設備,,膜片作動式蝴蝶閥,True,2,機械設備通常為固定資產，屬於 Category 2
機械及設備,,溫度控制閥,True,2,機械設備通常為固定資產，屬於 Category 2
機械及設備,,壓力控制閥,True,2,機械設備通常為固定資產，屬於 Category 2
機械及設備,11,一般試驗、檢定儀器及設備,True,2,機械設備通常為固定資產，屬於 Category 2
機械及設備,01,容器,True,2,機械設備通常為固定資產，屬於 Category 2
機械及設備,,白金皿,True,2,機械設備通常為固定資產，屬於 Category 2
機械及設備,,白磁盆,True,2,機械設備通常為固定資產，屬於 Category 2
機械及設備,,氣體樣品鋼筒,True,2,機械設備通常為固定資產，屬於 Category 2
機械及設備,,黃銅框,True,2,機械設備通常為固定資產，屬於 Category 2
機械及設備,,燃燒筒,True,2,機械設備通常為固定資產，屬於 Category 2
機械及設備,,腐蝕試驗槽,True,2,機械設備通常為固定資產，屬於 Category 2
機械及設備,,液體空氣容量器,True,2,機械設備通常為固定資產，屬於 Category 2
機械及設備,,標準容器,True,2,機械設備通常為固定資產，屬於 Category 2
機械及設備,,鐵研槽,True,2,機械設備通常為固定資產，屬於 Category 2
機械及設備,,坩鍋,True,2,機械設備通常為固定資產，屬於 Category 2
機械及設備,,取樣器,True,2,機械設備通常為固定資產，屬於 Category 2
機械及設備,,熱盤,True,2,機械設備通常為固定資產，屬於 Category 2
機械及設備,,液體氧氣筒,True,2,機械設備通常為固定資產，屬於 Category 2
機械及設備,,白金片,True,2,機械設備通常為固定資產，屬於 Category 2
機械及設備,,白金坩鍋夾,True,2,機械設備通常為固定資產，屬於 Category 2
機械及設備,,白金棒,True,2,機械設備通常為固定資產，屬於 Category 2
機械及設備,,石英液槽,True,2,機械設備通常為固定資產，屬於 Category 2
機械及設備,,高壓平衡容器,True,2,機械設備通常為固定資產，屬於 Category 2
機械及設備,,高壓釜,True,2,機械設備通常為固定資產，屬於 Category 2
機械及設備,,漁氮桶,True,2,機械設備通常為固定資產，屬於 Category 2
機械及設備,,冷藏式自動採樣器,True,2,機械設備通常為固定資產，屬於 Category 2
機械及設備,,白金匙,True,2,機械設備通常為固定資產，屬於 Category 2
機械及設備,02,乾燥及脫水設備,True,2,機械設備通常為固定資產，屬於 Category 2
機械及設備,,電氣定溫乾燥器,True,2,機械設備通常為固定資產，屬於 Category 2
機械及設備,,赤外線乾燥器,True,2,機械設備通常為固定資產，屬於 Category 2
機械及設備,,乾燥器,True,2,機械設備通常為固定資產，屬於 Category 2
機械及設備,,吸濕機,True,2,機械設備通常為固定資產，屬於 Category 2
機械及設備,,臨界點乾燥裝置,True,2,機械設備通常為固定資產，屬於 Category 2
機械及設備,,水熱器,True,2,機械設備通常為固定資產，屬於 Category 2
機械及設備,,真空蒸發裝置,True,2,機械設備通常為固定資產，屬於 Category 2
機械及設備,,乾冰裝置,True,2,機械設備通常為固定資產，屬於 Category 2
機械及設備,,恆溫乾燥爐,True,2,機械設備通常為固定資產，屬於 Category 2
機械及設備,,電氣乾燥爐,True,2,機械設備通常為固定資產，屬於 Category 2
機械及設備,,恆溫機,True,2,機械設備通常為固定資產，屬於 Category 2
機械及設備,,壓縮空氣乾燥機（冷凍式）,True,2,機械設備通常為固定資產，屬於 Category 2
機械及設備,,離心乾燥機,True,2,機械設備通常為固定資產，屬於 Category 2
機械及設備,03,其他儀器及設備,True,2,機械設備通常為固定資產，屬於 Category 2
機械及設備,,塵埃計算器,True,2,機械設備通常為固定資產，屬於 Category 2
機械及設備,,玻璃刮刀,True,2,機械設備通常為固定資產，屬於 Category 2
機械及設備,,除震器,True,2,機械設備通常為固定資產，屬於 Category 2
機械及設備,,白米膨脹測定器,True,2,機械設備通常為固定資產，屬於 Category 2
機械及設備,,馬赫錶,True,2,機械設備通常為固定資產，屬於 Category 2
機械及設備,,記次計,True,2,機械設備通常為固定資產，屬於 Category 2
機械及設備,,燈泡壽命試驗機,True,2,機械設備通常為固定資產，屬於 Category 2
機械及設備,,電表試驗台,True,2,機械設備通常為固定資產，屬於 Category 2
機械及設備,,位相補償板試驗器,True,2,機械設備通常為固定資產，屬於 Category 2
機械及設備,,洩油試驗槽,True,2,機械設備通常為固定資產，屬於 Category 2
機械及設備,,平衡測驗機,True,2,機械設備通常為固定資產，屬於 Category 2
機械及設備,,心動電流描記器,True,2,機械設備通常為固定資產，屬於 Category 2
機械及設備,,凝集鏡,True,2,機械設備通常為固定資產，屬於 Category 2
機械及設備,,脂肪浸提器,True,2,機械設備通常為固定資產，屬於 Category 2
機械及設備,,金屬離子脫除器,True,2,機械設備通常為固定資產，屬於 Category 2
機械及設備,,運動（動態）記錄器,True,2,機械設備通常為固定資產，屬於 Category 2
機械及設備,,無菌操作箱(臺),True,2,機械設備通常為固定資產，屬於 Category 2
機械及設備,,組織呼吸測定裝置,True,2,機械設備通常為固定資產，屬於 Category 2
機械及設備,,唾液測定器,True,2,機械設備通常為固定資產，屬於 Category 2
機械及設備,,微量滴定管充填器,True,2,機械設備通常為固定資產，屬於 Category 2
機械及設備,,振動描記用小鼓,True,2,機械設備通常為固定資產，屬於 Category 2
機械及設備,,手動加壓機,True,2,機械設備通常為固定資產，屬於 Category 2
機械及設備,,振動器,True,2,機械設備通常為固定資產，屬於 Category 2
機械及設備,,消溶器,True,2,機械設備通常為固定資產，屬於 Category 2
機械及設備,,電動分樣器,True,2,機械設備通常為固定資產，屬於 Category 2
機械及設備,,自動篩析機,True,2,機械設備通常為固定資產，屬於 Category 2
機械及設備,,焦炭落下試驗裝置,True,2,機械設備通常為固定資產，屬於 Category 2
機械及設備,,種子精選機,True,2,機械設備通常為固定資產，屬於 Category 2
機械及設備,,種子清潔器,True,2,機械設備通常為固定資產，屬於 Category 2
機械及設備,,分樣器,True,2,機械設備通常為固定資產，屬於 Category 2
機械及設備,,肉磨細器,True,2,機械設備通常為固定資產，屬於 Category 2
機械及設備,,樣品均分器,True,2,機械設備通常為固定資產，屬於 Category 2
機械及設備,,純水製造裝置,True,2,機械設備通常為固定資產，屬於 Category 2
機械及設備,,標準篩,True,2,機械設備通常為固定資產，屬於 Category 2
機械及設備,,保溫過濾器,True,2,機械設備通常為固定資產，屬於 Category 2
機械及設備,,吹風器,True,2,機械設備通常為固定資產，屬於 Category 2
機械及設備,,石英管,True,2,機械設備通常為固定資產，屬於 Category 2
機械及設備,,標準比重計,True,2,機械設備通常為固定資產，屬於 Category 2
機械及設備,,異物檢查箱,True,2,機械設備通常為固定資產，屬於 Category 2
機械及設備,,碇劑崩解測定器,True,2,機械設備通常為固定資產，屬於 Category 2
機械及設備,,測定環下器,True,2,機械設備通常為固定資產，屬於 Category 2
機械及設備,,阻止環測定器,True,2,機械設備通常為固定資產，屬於 Category 2
機械及設備,,壓木塞機,True,2,機械設備通常為固定資產，屬於 Category 2
機械及設備,,資料分配器,True,2,機械設備通常為固定資產，屬於 Category 2
機械及設備,,駕駛綜合體能測驗器,True,2,機械設備通常為固定資產，屬於 Category 2
機械及設備,,煙氏電氣磁石,True,2,機械設備通常為固定資產，屬於 Category 2
機械及設備,,電氣泳動裝置,True,2,機械設備通常為固定資產，屬於 Category 2
機械及設備,,分別採集分析器,True,2,機械設備通常為固定資產，屬於 Category 2
機械及設備,,自動給水裝置,True,2,機械設備通常為固定資產，屬於 Category 2
機械及設備,,殺菌消毒裝置,True,2,機械設備通常為固定資產，屬於 Category 2
機械及設備,,ＴＺ試驗裝置,True,2,機械設備通常為固定資產，屬於 Category 2
機械及設備,,土壤肥力測定箱,True,2,機械設備通常為固定資產，屬於 Category 2
機械及設備,,土壤酸濕度計,True,2,機械設備通常為固定資產，屬於 Category 2
機械及設備,,土壤水份測定器,True,2,機械設備通常為固定資產，屬於 Category 2
機械及設備,,發芽器,True,2,機械設備通常為固定資產，屬於 Category 2
機械及設備,,種子發芽溫度調節器,True,2,機械設備通常為固定資產，屬於 Category 2
機械及設備,,種子計數器,True,2,機械設備通常為固定資產，屬於 Category 2
機械及設備,,種子風選器,True,2,機械設備通常為固定資產，屬於 Category 2
機械及設備,,粒度分散裝置,True,2,機械設備通常為固定資產，屬於 Category 2
機械及設備,,磨粉機,True,2,機械設備通常為固定資產，屬於 Category 2
機械及設備,,原子吸收光譜儀,True,2,機械設備通常為固定資產，屬於 Category 2
機械及設備,,生長控制器,True,2,機械設備通常為固定資產，屬於 Category 2
機械及設備,,種子稔度測定裝置,True,2,機械設備通常為固定資產，屬於 Category 2
機械及設備,,種子發芽試驗器,True,2,機械設備通常為固定資產，屬於 Category 2
機械及設備,,磁帶清洗檢驗機,True,2,機械設備通常為固定資產，屬於 Category 2
機械及設備,,電路實驗盤,True,2,機械設備通常為固定資產，屬於 Category 2
機械及設備,,蒸汽鍋輪實驗器,True,2,機械設備通常為固定資產，屬於 Category 2
機械及設備,,對流箱,True,2,機械設備通常為固定資產，屬於 Category 2
機械及設備,,槓桿實驗器,True,2,機械設備通常為固定資產，屬於 Category 2
機械及設備,,滑輪實驗器,True,2,機械設備通常為固定資產，屬於 Category 2
機械及設備,,齒輪組,True,2,機械設備通常為固定資產，屬於 Category 2
機械及設備,,浸入式冷凝器,True,2,機械設備通常為固定資產，屬於 Category 2
機械及設備,,節分析儀,True,2,機械設備通常為固定資產，屬於 Category 2
機械及設備,,流度錐,True,2,機械設備通常為固定資產，屬於 Category 2
機械及設備,,真直度檢驗儀,True,2,機械設備通常為固定資產，屬於 Category 2
機械及設備,,電流脫鈣器,True,2,機械設備通常為固定資產，屬於 Category 2
機械及設備,,電冰脈動儀,True,2,機械設備通常為固定資產，屬於 Category 2
機械及設備,,體液藥品探查分析器,True,2,機械設備通常為固定資產，屬於 Category 2
機械及設備,,定壓輸送液幫浦,True,2,機械設備通常為固定資產，屬於 Category 2
機械及設備,,輪軸,True,2,機械設備通常為固定資產，屬於 Category 2
機械及設備,,衝突球,True,2,機械設備通常為固定資產，屬於 Category 2
機械及設備,,發電機,True,2,機械設備通常為固定資產，屬於 Category 2
機械及設備,,生物培育器,True,2,機械設備通常為固定資產，屬於 Category 2
機械及設備,,桌上型清洗機,True,2,機械設備通常為固定資產，屬於 Category 2
機械及設備,,厭氣性細菌檢定器,True,2,機械設備通常為固定資產，屬於 Category 2
機械及設備,,錠劑溶離試驗器,True,2,機械設備通常為固定資產，屬於 Category 2
機械及設備,,蛋白定量光度計,True,2,機械設備通常為固定資產，屬於 Category 2
機械及設備,,比濁計,True,2,機械設備通常為固定資產，屬於 Category 2
機械及設備,,自動細胞收集裝置,True,2,機械設備通常為固定資產，屬於 Category 2
機械及設備,,化學吸引力定量器,True,2,機械設備通常為固定資產，屬於 Category 2
機械及設備,,微量細胞收集器,True,2,機械設備通常為固定資產，屬於 Category 2
機械及設備,,織物透氣性試驗儀器,True,2,機械設備通常為固定資產，屬於 Category 2
機械及設備,,藥物溶離測定器,True,2,機械設備通常為固定資產，屬於 Category 2
機械及設備,,克氏含氮有機物分解裝置,True,2,機械設備通常為固定資產，屬於 Category 2
機械及設備,,細菌培養裝置,True,2,機械設備通常為固定資產，屬於 Category 2
機械及設備,,免疫擴散度量計,True,2,機械設備通常為固定資產，屬於 Category 2
機械及設備,,液相層析儀,True,2,機械設備通常為固定資產，屬於 Category 2
機械及設備,,浸水循環器,True,2,機械設備通常為固定資產，屬於 Category 2
機械及設備,,人工氣候箱,True,2,機械設備通常為固定資產，屬於 Category 2
機械及設備,,黴菌計算盤,True,2,機械設備通常為固定資產，屬於 Category 2
機械及設備,,捕植蟎收集器,True,2,機械設備通常為固定資產，屬於 Category 2
機械及設備,,去離子水製造器,True,2,機械設備通常為固定資產，屬於 Category 2
機械及設備,,靈敏儀,True,2,機械設備通常為固定資產，屬於 Category 2
機械及設備,,吸管補助器,True,2,機械設備通常為固定資產，屬於 Category 2
機械及設備,,種子活力自動分析儀,True,2,機械設備通常為固定資產，屬於 Category 2
機械及設備,,植物蒸散率測定器,True,2,機械設備通常為固定資產，屬於 Category 2
機械及設備,,分離管切割器,True,2,機械設備通常為固定資產，屬於 Category 2
機械及設備,,影像分析儀,True,2,機械設備通常為固定資產，屬於 Category 2
機械及設備,,振盪發酵器,True,2,機械設備通常為固定資產，屬於 Category 2
機械及設備,,高效能液態色層分析儀偵測器,True,2,機械設備通常為固定資產，屬於 Category 2
機械及設備,,薄膜色層掃瞄儀,True,2,機械設備通常為固定資產，屬於 Category 2
機械及設備,,遠心微粒加濕機,True,2,機械設備通常為固定資產，屬於 Category 2
機械及設備,,溶劑梯度控制器,True,2,機械設備通常為固定資產，屬於 Category 2
機械及設備,,基本水文系統,True,2,機械設備通常為固定資產，屬於 Category 2
機械及設備,,強迫渦流儀,True,2,機械設備通常為固定資產，屬於 Category 2
機械及設備,,牛乳液超滲透器,True,2,機械設備通常為固定資產，屬於 Category 2
機械及設備,,醱酵槽,True,2,機械設備通常為固定資產，屬於 Category 2
機械及設備,,加速度感應子,True,2,機械設備通常為固定資產，屬於 Category 2
機械及設備,,矽控蒸餾控制箱,True,2,機械設備通常為固定資產，屬於 Category 2
機械及設備,,共振測定裝置,True,2,機械設備通常為固定資產，屬於 Category 2
機械及設備,,荷重測定裝置,True,2,機械設備通常為固定資產，屬於 Category 2
機械及設備,,抗體力價分析糸統,True,2,機械設備通常為固定資產，屬於 Category 2
機械及設備,,水中氧空氣氧水溫測定儀,True,2,機械設備通常為固定資產，屬於 Category 2
機械及設備,,切削力分析系統,True,2,機械設備通常為固定資產，屬於 Category 2
機械及設備,,切削力頻譜分析儀,True,2,機械設備通常為固定資產，屬於 Category 2
機械及設備,,超音波發振器,True,2,機械設備通常為固定資產，屬於 Category 2
機械及設備,,表面粗糙度測定儀,True,2,機械設備通常為固定資產，屬於 Category 2
機械及設備,,真圓度測定儀,True,2,機械設備通常為固定資產，屬於 Category 2
機械及設備,,氣壓控制實驗台,True,2,機械設備通常為固定資產，屬於 Category 2
機械及設備,,增量式角度編碼器,True,2,機械設備通常為固定資產，屬於 Category 2
機械及設備,,閃爍同時符合系統,True,2,機械設備通常為固定資產，屬於 Category 2
機械及設備,,冷水循環系統,True,2,機械設備通常為固定資產，屬於 Category 2
機械及設備,,嫌氣性微生物培養器,True,2,機械設備通常為固定資產，屬於 Category 2
機械及設備,,冷卻系統設備,True,2,機械設備通常為固定資產，屬於 Category 2
機械及設備,,無菌通風設備,True,2,機械設備通常為固定資產，屬於 Category 2
機械及設備,,振盪培養器,True,2,機械設備通常為固定資產，屬於 Category 2
機械及設備,,微生物分析檢查裝置,True,2,機械設備通常為固定資產，屬於 Category 2
機械及設備,,澄清系數測定器,True,2,機械設備通常為固定資產，屬於 Category 2
機械及設備,,果汁製造裝置,True,2,機械設備通常為固定資產，屬於 Category 2
機械及設備,,快速粉碎機,True,2,機械設備通常為固定資產，屬於 Category 2
機械及設備,,超音波洗淨器,True,2,機械設備通常為固定資產，屬於 Category 2
機械及設備,,拼裝冷藏庫,True,2,機械設備通常為固定資產，屬於 Category 2
機械及設備,,鹽度計,True,2,機械設備通常為固定資產，屬於 Category 2
機械及設備,,膠強度測定儀,True,2,機械設備通常為固定資產，屬於 Category 2
機械及設備,,稻殼媒裂反應器,True,2,機械設備通常為固定資產，屬於 Category 2
機械及設備,,模擬電力系統裝置,True,2,機械設備通常為固定資產，屬於 Category 2
機械及設備,,蒸散作用實驗器,True,2,機械設備通常為固定資產，屬於 Category 2
機械及設備,,呼吸實驗器,True,2,機械設備通常為固定資產，屬於 Category 2
機械及設備,,光合作用實驗器,True,2,機械設備通常為固定資產，屬於 Category 2
機械及設備,,手持振動計,True,2,機械設備通常為固定資產，屬於 Category 2
機械及設備,,探漏燈,True,2,機械設備通常為固定資產，屬於 Category 2
機械及設備,,超音波探傷器,True,2,機械設備通常為固定資產，屬於 Category 2
機械及設備,,不銹鋼含鐵量測定器,True,2,機械設備通常為固定資產，屬於 Category 2
機械及設備,,測漏器,True,2,機械設備通常為固定資產，屬於 Category 2
機械及設備,,控制整流伺服系統,True,2,機械設備通常為固定資產，屬於 Category 2
機械及設備,,微電腦溫度應變測量及控制系統,True,2,機械設備通常為固定資產，屬於 Category 2
機械及設備,,步進馬達驅動器,True,2,機械設備通常為固定資產，屬於 Category 2
機械及設備,,氣體混合機,True,2,機械設備通常為固定資產，屬於 Category 2
機械及設備,,高週波金屬熱處理機,True,2,機械設備通常為固定資產，屬於 Category 2
機械及設備,,生物冷凍儲存儀,True,2,機械設備通常為固定資產，屬於 Category 2
機械及設備,,變溫裝置,True,2,機械設備通常為固定資產，屬於 Category 2
機械及設備,,流變計,True,2,機械設備通常為固定資產，屬於 Category 2
機械及設備,,溶媒控制系統,True,2,機械設備通常為固定資產，屬於 Category 2
機械及設備,,麵包測定器,True,2,機械設備通常為固定資產，屬於 Category 2
機械及設備,,輸送式燒烤臺,True,2,機械設備通常為固定資產，屬於 Category 2
機械及設備,,殺蟲劑噴灑台,True,2,機械設備通常為固定資產，屬於 Category 2
機械及設備,,封融器,True,2,機械設備通常為固定資產，屬於 Category 2
機械及設備,,溶解氧測定儀,True,2,機械設備通常為固定資產，屬於 Category 2
機械及設備,,位移轉換器,True,2,機械設備通常為固定資產，屬於 Category 2
機械及設備,,加色視圖儀,True,2,機械設備通常為固定資產，屬於 Category 2
機械及設備,,藥劑篩選誘蟲器,True,2,機械設備通常為固定資產，屬於 Category 2
機械及設備,,快速蛋白質分析儀,True,2,機械設備通常為固定資產，屬於 Category 2
機械及設備,,液壓力伺服系統及測記儀器,True,2,機械設備通常為固定資產，屬於 Category 2
機械及設備,,低溫控制箱及控溫系統,True,2,機械設備通常為固定資產，屬於 Category 2
機械及設備,,水力學試驗台,True,2,機械設備通常為固定資產，屬於 Category 2
機械及設備,,哈佛注入輸出泵,True,2,機械設備通常為固定資產，屬於 Category 2
機械及設備,,液相層析儀溶煤輸送器,True,2,機械設備通常為固定資產，屬於 Category 2
機械及設備,,精密電子定位儀,True,2,機械設備通常為固定資產，屬於 Category 2
機械及設備,,輝光放電真空系統,True,2,機械設備通常為固定資產，屬於 Category 2
機械及設備,,耐酸鹼電磁開關,True,2,機械設備通常為固定資產，屬於 Category 2
機械及設備,,噴油機,True,2,機械設備通常為固定資產，屬於 Category 2
機械及設備,,水中噴音器,True,2,機械設備通常為固定資產，屬於 Category 2
機械及設備,,偵檢器,True,2,機械設備通常為固定資產，屬於 Category 2
機械及設備,,濃縮蒸發器,True,2,機械設備通常為固定資產，屬於 Category 2
機械及設備,,快速沉積物分析儀,True,2,機械設備通常為固定資產，屬於 Category 2
機械及設備,,曳引機馬力測定儀,True,2,機械設備通常為固定資產，屬於 Category 2
機械及設備,,流動床反應筒,True,2,機械設備通常為固定資產，屬於 Category 2
機械及設備,,紫外線晒板機,True,2,機械設備通常為固定資產，屬於 Category 2
機械及設備,,自動分離收樣設備,True,2,機械設備通常為固定資產，屬於 Category 2
機械及設備,,扭轉強震器,True,2,機械設備通常為固定資產，屬於 Category 2
機械及設備,,雷射掃描濃度測定儀,True,2,機械設備通常為固定資產，屬於 Category 2
機械及設備,,雷射測量儀,True,2,機械設備通常為固定資產，屬於 Category 2
機械及設備,,細胞存儲裝備,True,2,機械設備通常為固定資產，屬於 Category 2
機械及設備,,自動噴霧器,True,2,機械設備通常為固定資產，屬於 Category 2
機械及設備,,毒氣櫃,True,2,機械設備通常為固定資產，屬於 Category 2
機械及設備,,成份分析儀,True,2,機械設備通常為固定資產，屬於 Category 2
機械及設備,,矽測定儀,True,2,機械設備通常為固定資產，屬於 Category 2
機械及設備,,三次元座標測定機,True,2,機械設備通常為固定資產，屬於 Category 2
機械及設備,,測光錶,True,2,機械設備通常為固定資產，屬於 Category 2
機械及設備,,綜合電機實驗組,True,2,機械設備通常為固定資產，屬於 Category 2
機械及設備,,氣封裝置,True,2,機械設備通常為固定資產，屬於 Category 2
機械及設備,,真空預冷裝置,True,2,機械設備通常為固定資產，屬於 Category 2
機械及設備,,乾浴器,True,2,機械設備通常為固定資產，屬於 Category 2
機械及設備,,氣體偵測器,True,2,機械設備通常為固定資產，屬於 Category 2
機械及設備,,動物剪毛機,True,2,機械設備通常為固定資產，屬於 Category 2
機械及設備,,模態顯示程式儀,True,2,機械設備通常為固定資產，屬於 Category 2
機械及設備,,隔膜式氧氣電極,True,2,機械設備通常為固定資產，屬於 Category 2
機械及設備,,振動式磁儀,True,2,機械設備通常為固定資產，屬於 Category 2
機械及設備,,電泳脫色裝置,True,2,機械設備通常為固定資產，屬於 Category 2
機械及設備,,電漿處理器,True,2,機械設備通常為固定資產，屬於 Category 2
機械及設備,,壓電轉換器,True,2,機械設備通常為固定資產，屬於 Category 2
機械及設備,,汽水機,True,2,機械設備通常為固定資產，屬於 Category 2
機械及設備,,自動蒸煮設備,True,2,機械設備通常為固定資產，屬於 Category 2
機械及設備,,微位儀,True,2,機械設備通常為固定資產，屬於 Category 2
機械及設備,,橡膠製模機,True,2,機械設備通常為固定資產，屬於 Category 2
機械及設備,,鹵素檢查照射燈,True,2,機械設備通常為固定資產，屬於 Category 2
機械及設備,,推進器,True,2,機械設備通常為固定資產，屬於 Category 2
機械及設備,,色差計,True,2,機械設備通常為固定資產，屬於 Category 2
機械及設備,,卵質檢查裝置,True,2,機械設備通常為固定資產，屬於 Category 2
機械及設備,,伸縮計,True,2,機械設備通常為固定資產，屬於 Category 2
機械及設備,,光子感應器,True,2,機械設備通常為固定資產，屬於 Category 2
機械及設備,,ＬＣＲ多頻道測試器,True,2,機械設備通常為固定資產，屬於 Category 2
機械及設備,,參數分析儀,True,2,機械設備通常為固定資產，屬於 Category 2
機械及設備,,氮氧化物測試儀,True,2,機械設備通常為固定資產，屬於 Category 2
機械及設備,,微控定位台,True,2,機械設備通常為固定資產，屬於 Category 2
機械及設備,,光源切斷器,True,2,機械設備通常為固定資產，屬於 Category 2
機械及設備,,打粒機模子,True,2,機械設備通常為固定資產，屬於 Category 2
機械及設備,,液相層析管柱填裝器,True,2,機械設備通常為固定資產，屬於 Category 2
機械及設備,,流體化床裝置,True,2,機械設備通常為固定資產，屬於 Category 2
機械及設備,,玻璃儀器涼乾器,True,2,機械設備通常為固定資產，屬於 Category 2
機械及設備,,氮箱低溫裝置,True,2,機械設備通常為固定資產，屬於 Category 2
機械及設備,,鑄造用金屬模板及砂箱,True,2,機械設備通常為固定資產，屬於 Category 2
機械及設備,,ＩＲ用打片機,True,2,機械設備通常為固定資產，屬於 Category 2
機械及設備,,迴轉信號接受器,True,2,機械設備通常為固定資產，屬於 Category 2
機械及設備,,電動加熱成型模,True,2,機械設備通常為固定資產，屬於 Category 2
機械及設備,,粗纖維分析儀,True,2,機械設備通常為固定資產，屬於 Category 2
機械及設備,,撚度測定器,True,2,機械設備通常為固定資產，屬於 Category 2
機械及設備,,網線拉力實驗儀,True,2,機械設備通常為固定資產，屬於 Category 2
機械及設備,,振盪溫度勾配培養裝置,True,2,機械設備通常為固定資產，屬於 Category 2
機械及設備,,磁性轉送器,True,2,機械設備通常為固定資產，屬於 Category 2
機械及設備,,測量及控制輔助系統設備,True,2,機械設備通常為固定資產，屬於 Category 2
機械及設備,,控制教學實驗器,True,2,機械設備通常為固定資產，屬於 Category 2
機械及設備,,冷凍槽,True,2,機械設備通常為固定資產，屬於 Category 2
機械及設備,,轉漬器,True,2,機械設備通常為固定資產，屬於 Category 2
機械及設備,,微電腦司服實驗器,True,2,機械設備通常為固定資產，屬於 Category 2
機械及設備,,標準濃縮器,True,2,機械設備通常為固定資產，屬於 Category 2
機械及設備,,金相試片嵌裝器,True,2,機械設備通常為固定資產，屬於 Category 2
機械及設備,,胴裂測定器,True,2,機械設備通常為固定資產，屬於 Category 2
機械及設備,,英斗測定器,True,2,機械設備通常為固定資產，屬於 Category 2
機械及設備,,剝粒器,True,2,機械設備通常為固定資產，屬於 Category 2
機械及設備,,檢視器,True,2,機械設備通常為固定資產，屬於 Category 2
機械及設備,,石噸切斷機,True,2,機械設備通常為固定資產，屬於 Category 2
機械及設備,,化學需氧量加熱迴流裝置,True,2,機械設備通常為固定資產，屬於 Category 2
機械及設備,,真空抽吸裝置,True,2,機械設備通常為固定資產，屬於 Category 2
機械及設備,,油脂抽提裝置,True,2,機械設備通常為固定資產，屬於 Category 2
機械及設備,,氣墊軌道實驗裝置,True,2,機械設備通常為固定資產，屬於 Category 2
機械及設備,,電力線分佈實驗,True,2,機械設備通常為固定資產，屬於 Category 2
機械及設備,,氣體透過率測定裝置,True,2,機械設備通常為固定資產，屬於 Category 2
機械及設備,,微波訓練儀器,True,2,機械設備通常為固定資產，屬於 Category 2
機械及設備,,萬向接頭,True,2,機械設備通常為固定資產，屬於 Category 2
機械及設備,,玻璃微電極製造器,True,2,機械設備通常為固定資產，屬於 Category 2
機械及設備,,真空鍍膜儀器,True,2,機械設備通常為固定資產，屬於 Category 2
機械及設備,,電子微探分析用標本成型,True,2,機械設備通常為固定資產，屬於 Category 2
機械及設備,,明度對比計反明度對比標,True,2,機械設備通常為固定資產，屬於 Category 2
機械及設備,,梯度混合色層裝置,True,2,機械設備通常為固定資產，屬於 Category 2
機械及設備,,頻率追蹤器,True,2,機械設備通常為固定資產，屬於 Category 2
機械及設備,,晶體特性曲線顯示器,True,2,機械設備通常為固定資產，屬於 Category 2
機械及設備,,壓泥板機,True,2,機械設備通常為固定資產，屬於 Category 2
機械及設備,,剛度計,True,2,機械設備通常為固定資產，屬於 Category 2
機械及設備,,油壓電磁閥比例閥與伺服系統單元,True,2,機械設備通常為固定資產，屬於 Category 2
機械及設備,,環境測定儀器資料蒐集處理系統,True,2,機械設備通常為固定資產，屬於 Category 2
機械及設備,,色調計,True,2,機械設備通常為固定資產，屬於 Category 2
機械及設備,,染色用溶劑純化裝置,True,2,機械設備通常為固定資產，屬於 Category 2
機械及設備,,火焰燃燒器,True,2,機械設備通常為固定資產，屬於 Category 2
機械及設備,,界達電位測試儀,True,2,機械設備通常為固定資產，屬於 Category 2
機械及設備,,有機蒸氣測定器,True,2,機械設備通常為固定資產，屬於 Category 2
機械及設備,,地下水檢層測定器,True,2,機械設備通常為固定資產，屬於 Category 2
機械及設備,,誘電率測定儀,True,2,機械設備通常為固定資產，屬於 Category 2
機械及設備,,Ｘ光能譜儀,True,2,機械設備通常為固定資產，屬於 Category 2
機械及設備,,葉綠素計,True,2,機械設備通常為固定資產，屬於 Category 2
機械及設備,,定位羅遠機,True,2,機械設備通常為固定資產，屬於 Category 2
機械及設備,,實驗資料收集控制系統,True,2,機械設備通常為固定資產，屬於 Category 2
機械及設備,,毒氣偵測器,True,2,機械設備通常為固定資產，屬於 Category 2
機械及設備,,酵素免疫微量盤清洗器,True,2,機械設備通常為固定資產，屬於 Category 2
機械及設備,,電子束蒸發儀,True,2,機械設備通常為固定資產，屬於 Category 2
機械及設備,,液體閃爍計數儀,True,2,機械設備通常為固定資產，屬於 Category 2
機械及設備,,電化學檢出器,True,2,機械設備通常為固定資產，屬於 Category 2
機械及設備,,高速磨擦試驗機,True,2,機械設備通常為固定資產，屬於 Category 2
機械及設備,,自動磨片系統,True,2,機械設備通常為固定資產，屬於 Category 2
機械及設備,,膠層板脫笆槽,True,2,機械設備通常為固定資產，屬於 Category 2
機械及設備,,輻射防護鉛屏工作台,True,2,機械設備通常為固定資產，屬於 Category 2
機械及設備,,燈光控制儀,True,2,機械設備通常為固定資產，屬於 Category 2
機械及設備,,升降台,True,2,機械設備通常為固定資產，屬於 Category 2
機械及設備,,微生物發光體計數器,True,2,機械設備通常為固定資產，屬於 Category 2
機械及設備,,食物鮮度檢查器,True,2,機械設備通常為固定資產，屬於 Category 2
機械及設備,,時域分析儀,True,2,機械設備通常為固定資產，屬於 Category 2
機械及設備,,預混室,True,2,機械設備通常為固定資產，屬於 Category 2
機械及設備,,氣體自動轉換器,True,2,機械設備通常為固定資產，屬於 Category 2
機械及設備,,純化濃縮器,True,2,機械設備通常為固定資產，屬於 Category 2
機械及設備,,試管混合器,True,2,機械設備通常為固定資產，屬於 Category 2
機械及設備,,自動瞄準儀,True,2,機械設備通常為固定資產，屬於 Category 2
機械及設備,,固液萃取裝置,True,2,機械設備通常為固定資產，屬於 Category 2
機械及設備,,溫風機,True,2,機械設備通常為固定資產，屬於 Category 2
機械及設備,,電透裝置系統,True,2,機械設備通常為固定資產，屬於 Category 2
機械及設備,,凝集反應試驗機,True,2,機械設備通常為固定資產，屬於 Category 2
機械及設備,,高壓水銀燈安定器,True,2,機械設備通常為固定資產，屬於 Category 2
機械及設備,,高精度粉體氣流分級機,True,2,機械設備通常為固定資產，屬於 Category 2
機械及設備,,精密雙色射出機,True,2,機械設備通常為固定資產，屬於 Category 2
機械及設備,,化學清洗槽,True,2,機械設備通常為固定資產，屬於 Category 2
機械及設備,,冷凍空調訓練機,True,2,機械設備通常為固定資產，屬於 Category 2
機械及設備,,去氧核糖核酸照像分析,True,2,機械設備通常為固定資產，屬於 Category 2
機械及設備,,高效率蛋白分離輸液器,True,2,機械設備通常為固定資產，屬於 Category 2
機械及設備,,聲音啟動繼電器,True,2,機械設備通常為固定資產，屬於 Category 2
機械及設備,,電熱貼合機,True,2,機械設備通常為固定資產，屬於 Category 2
機械及設備,,電析槽墊片打孔機,True,2,機械設備通常為固定資產，屬於 Category 2
機械及設備,,空氣過濾器,True,2,機械設備通常為固定資產，屬於 Category 2
機械及設備,,中線校正儀,True,2,機械設備通常為固定資產，屬於 Category 2
機械及設備,,氣體前級處理系統,True,2,機械設備通常為固定資產，屬於 Category 2
機械及設備,,輝光放電化學氣相蒸鎮系統,True,2,機械設備通常為固定資產，屬於 Category 2
機械及設備,,樣品切割機,True,2,機械設備通常為固定資產，屬於 Category 2
機械及設備,,皂化質測器,True,2,機械設備通常為固定資產，屬於 Category 2
機械及設備,,滲透性測定器,True,2,機械設備通常為固定資產，屬於 Category 2
機械及設備,,低頻率局部振動計測儀,True,2,機械設備通常為固定資產，屬於 Category 2
機械及設備,,渦輪式分離機,True,2,機械設備通常為固定資產，屬於 Category 2
機械及設備,,食物組織測定儀,True,2,機械設備通常為固定資產，屬於 Category 2
機械及設備,,澱粉性狀分析儀,True,2,機械設備通常為固定資產，屬於 Category 2
機械及設備,,軸承震波測定儀,True,2,機械設備通常為固定資產，屬於 Category 2
機械及設備,,平台校正儀,True,2,機械設備通常為固定資產，屬於 Category 2
機械及設備,,高頻動率放大器,True,2,機械設備通常為固定資產，屬於 Category 2
機械及設備,,熱油試驗壓克力槽及附件,True,2,機械設備通常為固定資產，屬於 Category 2
機械及設備,,熱像測錄儀,True,2,機械設備通常為固定資產，屬於 Category 2
機械及設備,,熱輻射測錄系統,True,2,機械設備通常為固定資產，屬於 Category 2
機械及設備,,雙頭小切片台,True,2,機械設備通常為固定資產，屬於 Category 2
機械及設備,,鉛筒電冰器,True,2,機械設備通常為固定資產，屬於 Category 2
機械及設備,,瓦斯烙印器,True,2,機械設備通常為固定資產，屬於 Category 2
機械及設備,,Ｘ－Ｙ座標計數儀,True,2,機械設備通常為固定資產，屬於 Category 2
機械及設備,,微動儀資料印字機及顯示器,True,2,機械設備通常為固定資產，屬於 Category 2
機械及設備,,標準試片,True,2,機械設備通常為固定資產，屬於 Category 2
機械及設備,,高速氣體燃燒器燃燒系統,True,2,機械設備通常為固定資產，屬於 Category 2
機械及設備,,試驗篩,True,2,機械設備通常為固定資產，屬於 Category 2
機械及設備,,標準吸量管,True,2,機械設備通常為固定資產，屬於 Category 2
機械及設備,,防震台,True,2,機械設備通常為固定資產，屬於 Category 2
機械及設備,,生長錐,True,2,機械設備通常為固定資產，屬於 Category 2
機械及設備,,編集機,True,2,機械設備通常為固定資產，屬於 Category 2
機械及設備,,力距表,True,2,機械設備通常為固定資產，屬於 Category 2
機械及設備,,輝光放電系統隔離室,True,2,機械設備通常為固定資產，屬於 Category 2
機械及設備,,標準測試球,True,2,機械設備通常為固定資產，屬於 Category 2
機械及設備,,複照機,True,2,機械設備通常為固定資產，屬於 Category 2
機械及設備,,河川沈積台,True,2,機械設備通常為固定資產，屬於 Category 2
機械及設備,,分汪器,True,2,機械設備通常為固定資產，屬於 Category 2
機械及設備,,夾持力測試器,True,2,機械設備通常為固定資產，屬於 Category 2
機械及設備,,熱壓機,True,2,機械設備通常為固定資產，屬於 Category 2
機械及設備,,中空纖維透析濃縮器,True,2,機械設備通常為固定資產，屬於 Category 2
機械及設備,,纖維測定裝置,True,2,機械設備通常為固定資產，屬於 Category 2
機械及設備,,舒適度測試器及記錄器,True,2,機械設備通常為固定資產，屬於 Category 2
機械及設備,,氣體吸附測定儀,True,2,機械設備通常為固定資產，屬於 Category 2
機械及設備,,計量送料器,True,2,機械設備通常為固定資產，屬於 Category 2
機械及設備,,厭氧操作箱,True,2,機械設備通常為固定資產，屬於 Category 2
機械及設備,,熱熔膠塗佈儀,True,2,機械設備通常為固定資產，屬於 Category 2
機械及設備,,溶氧放大器,True,2,機械設備通常為固定資產，屬於 Category 2
機械及設備,,煙塵自動等速吸引裝置,True,2,機械設備通常為固定資產，屬於 Category 2
機械及設備,,氣液平衡實驗設備,True,2,機械設備通常為固定資產，屬於 Category 2
機械及設備,,冷熱衝擊試驗器備,True,2,機械設備通常為固定資產，屬於 Category 2
機械及設備,,攪拌式結晶罐,True,2,機械設備通常為固定資產，屬於 Category 2
機械及設備,,平火焰多燃燒預混式,True,2,機械設備通常為固定資產，屬於 Category 2
機械及設備,,有機易揮發物採樣裝置,True,2,機械設備通常為固定資產，屬於 Category 2
機械及設備,,熱接著機,True,2,機械設備通常為固定資產，屬於 Category 2
機械及設備,,煙道氣ＨＣＬ採樣系統,True,2,機械設備通常為固定資產，屬於 Category 2
機械及設備,,煙道氣加熱調整器,True,2,機械設備通常為固定資產，屬於 Category 2
機械及設備,,煙道氣稀釋系統,True,2,機械設備通常為固定資產，屬於 Category 2
機械及設備,,無塵實驗室及附屬設備工程,True,2,機械設備通常為固定資產，屬於 Category 2
機械及設備,,圓動樣品盤,True,2,機械設備通常為固定資產，屬於 Category 2
機械及設備,,熱卡計,True,2,機械設備通常為固定資產，屬於 Category 2
機械及設備,,粉應測定器,True,2,機械設備通常為固定資產，屬於 Category 2
機械及設備,,液氯殺菌器,True,2,機械設備通常為固定資產，屬於 Category 2
機械及設備,,嫌氣菌培養設備,True,2,機械設備通常為固定資產，屬於 Category 2
機械及設備,,排氣裝置,True,2,機械設備通常為固定資產，屬於 Category 2
機械及設備,,Ｘ－光焊縫檢驗器,True,2,機械設備通常為固定資產，屬於 Category 2
機械及設備,,震動撞鎚機,True,2,機械設備通常為固定資產，屬於 Category 2
機械及設備,,空氣搖動器,True,2,機械設備通常為固定資產，屬於 Category 2
機械及設備,,管位測定器,True,2,機械設備通常為固定資產，屬於 Category 2
機械及設備,,儀器校正器,True,2,機械設備通常為固定資產，屬於 Category 2
機械及設備,,花岡岩平板及測定儀,True,2,機械設備通常為固定資產，屬於 Category 2
機械及設備,,繞捲試驗機,True,2,機械設備通常為固定資產，屬於 Category 2
機械及設備,,帶電部位接觸試驗棒,True,2,機械設備通常為固定資產，屬於 Category 2
機械及設備,,轉矩螺釘刀,True,2,機械設備通常為固定資產，屬於 Category 2
機械及設備,,電熨斗強度試驗機,True,2,機械設備通常為固定資產，屬於 Category 2
機械及設備,,耐加熱變型試驗機,True,2,機械設備通常為固定資產，屬於 Category 2
機械及設備,,數字型滴定器,True,2,機械設備通常為固定資產，屬於 Category 2
機械及設備,,酵素溴酸鉀流量計,True,2,機械設備通常為固定資產，屬於 Category 2
機械及設備,,高溫灰化爐,True,2,機械設備通常為固定資產，屬於 Category 2
機械及設備,,切刀器,True,2,機械設備通常為固定資產，屬於 Category 2
機械及設備,,麵粉酵素測定器,True,2,機械設備通常為固定資產，屬於 Category 2
機械及設備,,無熱清毒器,True,2,機械設備通常為固定資產，屬於 Category 2
機械及設備,,藥層次分析儀,True,2,機械設備通常為固定資產，屬於 Category 2
機械及設備,,旋轉蒸著器,True,2,機械設備通常為固定資產，屬於 Category 2
機械及設備,,旋轉真空蒸發裝置,True,2,機械設備通常為固定資產，屬於 Category 2
機械及設備,,殺蟲劑噴粉器,True,2,機械設備通常為固定資產，屬於 Category 2
機械及設備,,積分儀,True,2,機械設備通常為固定資產，屬於 Category 2
機械及設備,,紫外線探測器,True,2,機械設備通常為固定資產，屬於 Category 2
機械及設備,,氮定量分解裝置,True,2,機械設備通常為固定資產，屬於 Category 2
機械及設備,,氟化物氣體採樣測定儀,True,2,機械設備通常為固定資產，屬於 Category 2
機械及設備,,液相色層分析儀紫偵測器,True,2,機械設備通常為固定資產，屬於 Category 2
機械及設備,,液相色層分析儀螢光偵測器,True,2,機械設備通常為固定資產，屬於 Category 2
機械及設備,,Ｃ‧Ｏ‧Ｄ消化裝置,True,2,機械設備通常為固定資產，屬於 Category 2
機械及設備,,分液漏斗振盪器,True,2,機械設備通常為固定資產，屬於 Category 2
機械及設備,,毛細層析管注射組件,True,2,機械設備通常為固定資產，屬於 Category 2
機械及設備,,自動注射式分析儀,True,2,機械設備通常為固定資產，屬於 Category 2
機械及設備,,紫外光消化器,True,2,機械設備通常為固定資產，屬於 Category 2
機械及設備,,微波消化儀,True,2,機械設備通常為固定資產，屬於 Category 2
機械及設備,,二氧化硫／二氧化碳遙測儀,True,2,機械設備通常為固定資產，屬於 Category 2
機械及設備,,乾溫球校正器,True,2,機械設備通常為固定資產，屬於 Category 2
機械及設備,,聲波氣相探測儀,True,2,機械設備通常為固定資產，屬於 Category 2
機械及設備,,行車型態駕駛指示系統,True,2,機械設備通常為固定資產，屬於 Category 2
機械及設備,,感應耦合式電漿廢光分光儀,True,2,機械設備通常為固定資產，屬於 Category 2
機械及設備,,目記風速風向計,True,2,機械設備通常為固定資產，屬於 Category 2
機械及設備,,苔蘚測定儀,True,2,機械設備通常為固定資產，屬於 Category 2
機械及設備,,拉針器,True,2,機械設備通常為固定資產，屬於 Category 2
機械及設備,,六孔加熱爐,True,2,機械設備通常為固定資產，屬於 Category 2
機械及設備,,六孔分解爐,True,2,機械設備通常為固定資產，屬於 Category 2
機械及設備,,氮素自動測量裝置,True,2,機械設備通常為固定資產，屬於 Category 2
機械及設備,,電導度鹽度計,True,2,機械設備通常為固定資產，屬於 Category 2
機械及設備,,氟化物氣體濃度計,True,2,機械設備通常為固定資產，屬於 Category 2
機械及設備,,重油中硫份測定器,True,2,機械設備通常為固定資產，屬於 Category 2
機械及設備,,鍋爐效率測定儀,True,2,機械設備通常為固定資產，屬於 Category 2
機械及設備,,臭氧燻氣試驗系統,True,2,機械設備通常為固定資產，屬於 Category 2
機械及設備,,耐雨測定試驗箱,True,2,機械設備通常為固定資產，屬於 Category 2
機械及設備,,耐蝕測定試驗箱,True,2,機械設備通常為固定資產，屬於 Category 2
機械及設備,,目測判煙訓練機,True,2,機械設備通常為固定資產，屬於 Category 2
機械及設備,,數字式粉塵計,True,2,機械設備通常為固定資產，屬於 Category 2
機械及設備,,氯硫自動測定儀,True,2,機械設備通常為固定資產，屬於 Category 2
機械及設備,,汽車車體動力計,True,2,機械設備通常為固定資產，屬於 Category 2
機械及設備,,植物光合作用測定儀,True,2,機械設備通常為固定資產，屬於 Category 2
機械及設備,,硫化氫二氧化硫測定儀,True,2,機械設備通常為固定資產，屬於 Category 2
機械及設備,,氧質流割斷器,True,2,機械設備通常為固定資產，屬於 Category 2
機械及設備,,聚光鏡升降儀,True,2,機械設備通常為固定資產，屬於 Category 2
機械及設備,,全自動樣品注入器,True,2,機械設備通常為固定資產，屬於 Category 2
機械及設備,,分子景分佈析管組件,True,2,機械設備通常為固定資產，屬於 Category 2
機械及設備,,電腦鑑定印章系統,True,2,機械設備通常為固定資產，屬於 Category 2
機械及設備,,彈殼來福線纏再測定儀,True,2,機械設備通常為固定資產，屬於 Category 2
機械及設備,,手搖砂輪磨機,True,2,機械設備通常為固定資產，屬於 Category 2
機械及設備,,試驗用滾子機,True,2,機械設備通常為固定資產，屬於 Category 2
機械及設備,,分子中和器,True,2,機械設備通常為固定資產，屬於 Category 2
機械及設備,,細度試驗機,True,2,機械設備通常為固定資產，屬於 Category 2
機械及設備,,遮蓋力試驗機,True,2,機械設備通常為固定資產，屬於 Category 2
機械及設備,,客貨車漏水試驗設備,True,2,機械設備通常為固定資產，屬於 Category 2
機械及設備,,地氣測驗器,True,2,機械設備通常為固定資產，屬於 Category 2
機械及設備,,排氣量試驗器,True,2,機械設備通常為固定資產，屬於 Category 2
機械及設備,,噴油機試驗器,True,2,機械設備通常為固定資產，屬於 Category 2
機械及設備,,電鑽障礙測定器,True,2,機械設備通常為固定資產，屬於 Category 2
機械及設備,,電器湯煎器,True,2,機械設備通常為固定資產，屬於 Category 2
機械及設備,,字模器,True,2,機械設備通常為固定資產，屬於 Category 2
機械及設備,,電子管測定器,True,2,機械設備通常為固定資產，屬於 Category 2
機械及設備,,控制閥試驗裝置,True,2,機械設備通常為固定資產，屬於 Category 2
機械及設備,,單車試驗機,True,2,機械設備通常為固定資產，屬於 Category 2
機械及設備,,列車發電機試驗器,True,2,機械設備通常為固定資產，屬於 Category 2
機械及設備,,曲線軌跡器,True,2,機械設備通常為固定資產，屬於 Category 2
機械及設備,,真空練土機,True,2,機械設備通常為固定資產，屬於 Category 2
機械及設備,,熱分析儀機,True,2,機械設備通常為固定資產，屬於 Category 2
機械及設備,,雜訊隔離器,True,2,機械設備通常為固定資產，屬於 Category 2
機械及設備,,氦氣回收系統,True,2,機械設備通常為固定資產，屬於 Category 2
機械及設備,,自動染色脫色機,True,2,機械設備通常為固定資產，屬於 Category 2
機械及設備,,曳航水道主拖車速度自動控制器,True,2,機械設備通常為固定資產，屬於 Category 2
機械及設備,,硫碳測定器,True,2,機械設備通常為固定資產，屬於 Category 2
機械及設備,,磁性鑽架,True,2,機械設備通常為固定資產，屬於 Category 2
機械及設備,,道釘橫壓力測定器,True,2,機械設備通常為固定資產，屬於 Category 2
機械及設備,,鋼軌探傷器,True,2,機械設備通常為固定資產，屬於 Category 2
機械及設備,,冷煤試漏器,True,2,機械設備通常為固定資產，屬於 Category 2
機械及設備,,集電架絕緣器,True,2,機械設備通常為固定資產，屬於 Category 2
機械及設備,,全自動電子組試驗器,True,2,機械設備通常為固定資產，屬於 Category 2
機械及設備,,車輪踏面磨耗測定器,True,2,機械設備通常為固定資產，屬於 Category 2
機械及設備,,車輪壓力檢測器,True,2,機械設備通常為固定資產，屬於 Category 2
機械及設備,,車輪探傷機,True,2,機械設備通常為固定資產，屬於 Category 2
機械及設備,,車輪光測機,True,2,機械設備通常為固定資產，屬於 Category 2
機械及設備,,偏向極板八克魯斯克管,True,2,機械設備通常為固定資產，屬於 Category 2
機械及設備,,三相交流說明器,True,2,機械設備通常為固定資產，屬於 Category 2
機械及設備,,波的合成說明器,True,2,機械設備通常為固定資產，屬於 Category 2
機械及設備,,培克曼分量測定裝置,True,2,機械設備通常為固定資產，屬於 Category 2
機械及設備,,還元反應實驗裝置,True,2,機械設備通常為固定資產，屬於 Category 2
機械及設備,,太陽放射測定器,True,2,機械設備通常為固定資產，屬於 Category 2
機械及設備,,生物剌激裝置,True,2,機械設備通常為固定資產，屬於 Category 2
機械及設備,,氣體共鳴儀,True,2,機械設備通常為固定資產，屬於 Category 2
機械及設備,,電子電量與質量比,True,2,機械設備通常為固定資產，屬於 Category 2
機械及設備,,磁光線觀察器,True,2,機械設備通常為固定資產，屬於 Category 2
機械及設備,,磁撞儀,True,2,機械設備通常為固定資產，屬於 Category 2
機械及設備,,沈積速率實驗裝置,True,2,機械設備通常為固定資產，屬於 Category 2
機械及設備,,迴轉車,True,2,機械設備通常為固定資產，屬於 Category 2
機械及設備,,液態氮桶,True,2,機械設備通常為固定資產，屬於 Category 2
機械及設備,,全自動電腦色差儀,True,2,機械設備通常為固定資產，屬於 Category 2
機械及設備,,二氧化碳停電安全系統,True,2,機械設備通常為固定資產，屬於 Category 2
機械及設備,,軟組織模擬器,True,2,機械設備通常為固定資產，屬於 Category 2
機械及設備,,組織型判讀系統及附件,True,2,機械設備通常為固定資產，屬於 Category 2
機械及設備,,微細玻璃電極處理器,True,2,機械設備通常為固定資產，屬於 Category 2
機械及設備,,塗佈台,True,2,機械設備通常為固定資產，屬於 Category 2
機械及設備,,自動封片機,True,2,機械設備通常為固定資產，屬於 Category 2
機械及設備,,培養瓊脂自動裝填機,True,2,機械設備通常為固定資產，屬於 Category 2
機械及設備,,自動壓力水槽,True,2,機械設備通常為固定資產，屬於 Category 2
機械及設備,,紫外線固著劑,True,2,機械設備通常為固定資產，屬於 Category 2
機械及設備,,超音波發射接收器,True,2,機械設備通常為固定資產，屬於 Category 2
機械及設備,,葉氣孔蒸散測定器,True,2,機械設備通常為固定資產，屬於 Category 2
機械及設備,,離子打薄機,True,2,機械設備通常為固定資產，屬於 Category 2
機械及設備,,真空擴散加壓設備,True,2,機械設備通常為固定資產，屬於 Category 2
機械及設備,,溫鹽深儀,True,2,機械設備通常為固定資產，屬於 Category 2
機械及設備,,光罩對準儀,True,2,機械設備通常為固定資產，屬於 Category 2
機械及設備,,氣體吸收塔,True,2,機械設備通常為固定資產，屬於 Category 2
機械及設備,,斜航試驗,True,2,機械設備通常為固定資產，屬於 Category 2
機械及設備,,螺樂自航試驗器,True,2,機械設備通常為固定資產，屬於 Category 2
機械及設備,,背負式電漁器,True,2,機械設備通常為固定資產，屬於 Category 2
機械及設備,,超導磁鐵裝置,True,2,機械設備通常為固定資產，屬於 Category 2
機械及設備,,採泥器,True,2,機械設備通常為固定資產，屬於 Category 2
機械及設備,,顯微操作裝置,True,2,機械設備通常為固定資產，屬於 Category 2
機械及設備,,微電極放大器,True,2,機械設備通常為固定資產，屬於 Category 2
機械及設備,,風洞設備,True,2,機械設備通常為固定資產，屬於 Category 2
機械及設備,,彈卡計,True,2,機械設備通常為固定資產，屬於 Category 2
機械及設備,,水聽計,True,2,機械設備通常為固定資產，屬於 Category 2
機械及設備,,電泳用壓克力槽,True,2,機械設備通常為固定資產，屬於 Category 2
機械及設備,,力學滑走台,True,2,機械設備通常為固定資產，屬於 Category 2
機械及設備,,工業電器控制電路實驗裝置,True,2,機械設備通常為固定資產，屬於 Category 2
機械及設備,,水力減壓機,True,2,機械設備通常為固定資產，屬於 Category 2
機械及設備,,燃燒實驗裝置,True,2,機械設備通常為固定資產，屬於 Category 2
機械及設備,,延伸力測起儀,True,2,機械設備通常為固定資產，屬於 Category 2
機械及設備,,船體動搖計測裝置,True,2,機械設備通常為固定資產，屬於 Category 2
機械及設備,,三回動力儀,True,2,機械設備通常為固定資產，屬於 Category 2
機械及設備,,高性能生物呼吸測定裝置,True,2,機械設備通常為固定資產，屬於 Category 2
機械及設備,,浮游生物網具,True,2,機械設備通常為固定資產，屬於 Category 2
機械及設備,,影像處理機,True,2,機械設備通常為固定資產，屬於 Category 2
機械及設備,,微電腦可程式控制油壓實驗裝置,True,2,機械設備通常為固定資產，屬於 Category 2
機械及設備,,玻璃過濾器,True,2,機械設備通常為固定資產，屬於 Category 2
機械及設備,,蛋白質分解裝置,True,2,機械設備通常為固定資產，屬於 Category 2
機械及設備,,水中接收器,True,2,機械設備通常為固定資產，屬於 Category 2
機械及設備,,水車,True,2,機械設備通常為固定資產，屬於 Category 2
機械及設備,,標本切片機,True,2,機械設備通常為固定資產，屬於 Category 2
機械及設備,,電波整型元件,True,2,機械設備通常為固定資產，屬於 Category 2
機械及設備,,真空加熱回收器,True,2,機械設備通常為固定資產，屬於 Category 2
機械及設備,,疲勞機,True,2,機械設備通常為固定資產，屬於 Category 2
機械及設備,,馬氏鼓,True,2,機械設備通常為固定資產，屬於 Category 2
機械及設備,,微量測定器,True,2,機械設備通常為固定資產，屬於 Category 2
機械及設備,,昇降桿定器,True,2,機械設備通常為固定資產，屬於 Category 2
機械及設備,,馬來幸描繪計,True,2,機械設備通常為固定資產，屬於 Category 2
機械及設備,,共振鼓,True,2,機械設備通常為固定資產，屬於 Category 2
機械及設備,,充磁器,True,2,機械設備通常為固定資產，屬於 Category 2
機械及設備,,電容電感儲能實驗,True,2,機械設備通常為固定資產，屬於 Category 2
機械及設備,,濃縮蒸發器能實驗,True,2,機械設備通常為固定資產，屬於 Category 2
機械及設備,,極譜儀,True,2,機械設備通常為固定資產，屬於 Category 2
機械及設備,,比西量表,True,2,機械設備通常為固定資產，屬於 Category 2
機械及設備,,動力學裝置,True,2,機械設備通常為固定資產，屬於 Category 2
機械及設備,,濾菌器,True,2,機械設備通常為固定資產，屬於 Category 2
機械及設備,,化驗室固定設備,True,2,機械設備通常為固定資產，屬於 Category 2
機械及設備,,觸角電位儀,True,2,機械設備通常為固定資產，屬於 Category 2
機械及設備,,自動接種機,True,2,機械設備通常為固定資產，屬於 Category 2
機械及設備,,自動稀釋分注儀,True,2,機械設備通常為固定資產，屬於 Category 2
機械及設備,,酵素免疫分析自動清洗機,True,2,機械設備通常為固定資產，屬於 Category 2
機械及設備,,粉體分散及微量供給器,True,2,機械設備通常為固定資產，屬於 Category 2
機械及設備,,殺菌值自動測定系統,True,2,機械設備通常為固定資產，屬於 Category 2
機械及設備,,壓力感測水位計,True,2,機械設備通常為固定資產，屬於 Category 2
機械及設備,,投入式冷凍機,True,2,機械設備通常為固定資產，屬於 Category 2
機械及設備,,動物剌青設備,True,2,機械設備通常為固定資產，屬於 Category 2
機械及設備,,地電阻,True,2,機械設備通常為固定資產，屬於 Category 2
機械及設備,,核酸增殖器,True,2,機械設備通常為固定資產，屬於 Category 2
機械及設備,,管路摩擦損失實驗裝置,True,2,機械設備通常為固定資產，屬於 Category 2
機械及設備,,光量子測定儀,True,2,機械設備通常為固定資產，屬於 Category 2
機械及設備,,毛細電泳分析儀,True,2,機械設備通常為固定資產，屬於 Category 2
機械及設備,,自動洗瓶機,True,2,機械設備通常為固定資產，屬於 Category 2
機械及設備,,真空除錫機,True,2,機械設備通常為固定資產，屬於 Category 2
機械及設備,,均質機,True,2,機械設備通常為固定資產，屬於 Category 2
機械及設備,,色濃度測試機,True,2,機械設備通常為固定資產，屬於 Category 2
機械及設備,,蒸汽發生器,True,2,機械設備通常為固定資產，屬於 Category 2
機械及設備,,泡棉ILD測試儀,True,2,機械設備通常為固定資產，屬於 Category 2
機械及設備,,PU泡棉流體動力測試儀,True,2,機械設備通常為固定資產，屬於 Category 2
機械及設備,,針式振盪交聯測試儀,True,2,機械設備通常為固定資產，屬於 Category 2
機械及設備,,真空灌膠裝置,True,2,機械設備通常為固定資產，屬於 Category 2
機械及設備,,PE吹袋機,True,2,機械設備通常為固定資產，屬於 Category 2
機械及設備,,富氧系統,True,2,機械設備通常為固定資產，屬於 Category 2
機械及設備,,薄膜生物反應器系統,True,2,機械設備通常為固定資產，屬於 Category 2
機械及設備,,濕氣透過速率測定儀,True,2,機械設備通常為固定資產，屬於 Category 2
機械及設備,,接觸角儀器,True,2,機械設備通常為固定資產，屬於 Category 2
機械及設備,,削碳筆機,True,2,機械設備通常為固定資產，屬於 Category 2
機械及設備,,火焰自動封口機,True,2,機械設備通常為固定資產，屬於 Category 2
機械及設備,,磁粉探傷儀,True,2,機械設備通常為固定資產，屬於 Category 2
機械及設備,,口罩密合度測試器,True,2,機械設備通常為固定資產，屬於 Category 2
機械及設備,,橡膠硫化儀,True,2,機械設備通常為固定資產，屬於 Category 2
機械及設備,,電解混凝處理設備,True,2,機械設備通常為固定資產，屬於 Category 2
機械及設備,,貼片模型設計裝置,True,2,機械設備通常為固定資產，屬於 Category 2
機械及設備,,渦電流探傷儀,True,2,機械設備通常為固定資產，屬於 Category 2
機械及設備,,液滲探傷儀,True,2,機械設備通常為固定資產，屬於 Category 2
機械及設備,,電子迴旋電漿輔助化學氣相層積儀,True,2,機械設備通常為固定資產，屬於 Category 2
機械及設備,,觸媒篩選系統,True,2,機械設備通常為固定資產，屬於 Category 2
機械及設備,,CD、LD自動調整機,True,2,機械設備通常為固定資產，屬於 Category 2
機械及設備,,微量自動分注塗抹系統,True,2,機械設備通常為固定資產，屬於 Category 2
機械及設備,,樹脂轉注成型灌注機,True,2,機械設備通常為固定資產，屬於 Category 2
機械及設備,,開關耐久性試驗設備及負載,True,2,機械設備通常為固定資產，屬於 Category 2
機械及設備,,滾筒式試驗設備,True,2,機械設備通常為固定資產，屬於 Category 2
機械及設備,,數位儲存示波器,True,2,機械設備通常為固定資產，屬於 Category 2
機械及設備,,平衡調節器,True,2,機械設備通常為固定資產，屬於 Category 2
機械及設備,,圖書除酸設備系統,True,2,機械設備通常為固定資產，屬於 Category 2
機械及設備,,其他試驗、檢定儀器及設備,True,2,機械設備通常為固定資產，屬於 Category 2
機械及設備,12,波浪試驗機械及設備,True,2,機械設備通常為固定資產，屬於 Category 2
機械及設備,01,波浪試驗機械,True,2,機械設備通常為固定資產，屬於 Category 2
機械及設備,,造波機,True,2,機械設備通常為固定資產，屬於 Category 2
機械及設備,,多相正弦波產校正器,True,2,機械設備通常為固定資產，屬於 Category 2
機械及設備,02,波浪試驗設備,True,2,機械設備通常為固定資產，屬於 Category 2
機械及設備,,試驗水槽,True,2,機械設備通常為固定資產，屬於 Category 2
機械及設備,,波浪訊號分析儀,True,2,機械設備通常為固定資產，屬於 Category 2
機械及設備,,波譜分析儀,True,2,機械設備通常為固定資產，屬於 Category 2
機械及設備,,波高演算器,True,2,機械設備通常為固定資產，屬於 Category 2
機械及設備,,波高滅應器,True,2,機械設備通常為固定資產，屬於 Category 2
機械及設備,,Ｅ‧Ｐ‧Ｒ示範裝置,True,2,機械設備通常為固定資產，屬於 Category 2
機械及設備,13,建築材料試驗儀器及設備,True,2,機械設備通常為固定資產，屬於 Category 2
機械及設備,01,建築材料防火性能試驗儀器,True,2,機械設備通常為固定資產，屬於 Category 2
機械及設備,,基材實驗爐,True,2,機械設備通常為固定資產，屬於 Category 2
機械及設備,,表面試驗裝置,True,2,機械設備通常為固定資產，屬於 Category 2
機械及設備,,壁用高溫爐,True,2,機械設備通常為固定資產，屬於 Category 2
機械及設備,,氧指數測試儀,True,2,機械設備通常為固定資產，屬於 Category 2
機械及設備,,燃燒性質測試儀,True,2,機械設備通常為固定資產，屬於 Category 2
機械及設備,11,醫療器械及設備,True,2,機械設備通常為固定資產，屬於 Category 2
機械及設備,01,護理器械及設備,True,2,機械設備通常為固定資產，屬於 Category 2
機械及設備,01,病室器械及設備,True,2,機械設備通常為固定資產，屬於 Category 2
機械及設備,,病床,True,2,機械設備通常為固定資產，屬於 Category 2
機械及設備,,活動病床,True,2,機械設備通常為固定資產，屬於 Category 2
機械及設備,,產婦洗澡床,True,2,機械設備通常為固定資產，屬於 Category 2
機械及設備,,迴轉式病床,True,2,機械設備通常為固定資產，屬於 Category 2
機械及設備,,迴診車,True,2,機械設備通常為固定資產，屬於 Category 2
機械及設備,,醫療輪椅,True,2,機械設備通常為固定資產，屬於 Category 2
機械及設備,,靠背架,True,2,機械設備通常為固定資產，屬於 Category 2
機械及設備,,醫療用氣體筒（臺）,True,2,機械設備通常為固定資產，屬於 Category 2
機械及設備,,吸引機（車）,True,2,機械設備通常為固定資產，屬於 Category 2
機械及設備,,離被架,True,2,機械設備通常為固定資產，屬於 Category 2
機械及設備,,診察台（椅）,True,2,機械設備通常為固定資產，屬於 Category 2
機械及設備,,迴診臺,True,2,機械設備通常為固定資產，屬於 Category 2
機械及設備,,循環式氧氣吸入機,True,2,機械設備通常為固定資產，屬於 Category 2
機械及設備,,石膏床,True,2,機械設備通常為固定資產，屬於 Category 2
機械及設備,,氧氣治療器,True,2,機械設備通常為固定資產，屬於 Category 2
機械及設備,,床式體重計,True,2,機械設備通常為固定資產，屬於 Category 2
機械及設備,,切紗布機,True,2,機械設備通常為固定資產，屬於 Category 2
機械及設備,,活動洗澡椅,True,2,機械設備通常為固定資產，屬於 Category 2
機械及設備,,活動輪椅馬桶,True,2,機械設備通常為固定資產，屬於 Category 2
機械及設備,,醫療牆上裝置系統,True,2,機械設備通常為固定資產，屬於 Category 2
機械及設備,,皮下脂肪層測量器,True,2,機械設備通常為固定資產，屬於 Category 2
機械及設備,,自動灌腸器,True,2,機械設備通常為固定資產，屬於 Category 2
機械及設備,,電子身高體重器,True,2,機械設備通常為固定資產，屬於 Category 2
機械及設備,,急救訓練模型,True,2,機械設備通常為固定資產，屬於 Category 2
機械及設備,,器械推車,True,2,機械設備通常為固定資產，屬於 Category 2
機械及設備,,氙氣燈,True,2,機械設備通常為固定資產，屬於 Category 2
機械及設備,,負壓隔離防疫裝置,True,2,機械設備通常為固定資產，屬於 Category 2
機械及設備,,護理用具,True,2,機械設備通常為固定資產，屬於 Category 2
機械及設備,,病患移位滑板,True,2,機械設備通常為固定資產，屬於 Category 2
機械及設備,,脂肪墊（氣墊）,True,2,機械設備通常為固定資產，屬於 Category 2
機械及設備,,護理治療車,True,2,機械設備通常為固定資產，屬於 Category 2
機械及設備,02,消毒器械及設備,True,2,機械設備通常為固定資產，屬於 Category 2
機械及設備,,高壓蒸汽消毒鍋,True,2,機械設備通常為固定資產，屬於 Category 2
機械及設備,,殺菌燈,True,2,機械設備通常為固定資產，屬於 Category 2
機械及設備,,滅菌敷料罐檯,True,2,機械設備通常為固定資產，屬於 Category 2
機械及設備,,便器洗滌兼消毒器,True,2,機械設備通常為固定資產，屬於 Category 2
機械及設備,,電熱蒸汽滅菌器,True,2,機械設備通常為固定資產，屬於 Category 2
機械及設備,,器具滅菌器,True,2,機械設備通常為固定資產，屬於 Category 2
機械及設備,,滅菌器械盤檯,True,2,機械設備通常為固定資產，屬於 Category 2
機械及設備,,電動洗瓶器,True,2,機械設備通常為固定資產，屬於 Category 2
機械及設備,,福爾馬林消毒器,True,2,機械設備通常為固定資產，屬於 Category 2
機械及設備,,手套加粉機,True,2,機械設備通常為固定資產，屬於 Category 2
機械及設備,,無熱消毒器,True,2,機械設備通常為固定資產，屬於 Category 2
機械及設備,,氧化乙烯消毒鍋,True,2,機械設備通常為固定資產，屬於 Category 2
機械及設備,,空氣滅菌清淨機,True,2,機械設備通常為固定資產，屬於 Category 2
機械及設備,,加氯殺菌消毒機,True,2,機械設備通常為固定資產，屬於 Category 2
機械及設備,,水平空氣層流式無菌箱,True,2,機械設備通常為固定資產，屬於 Category 2
機械及設備,,過濾裝置殺菌器,True,2,機械設備通常為固定資產，屬於 Category 2
機械及設備,,針頭銷毀器,True,2,機械設備通常為固定資產，屬於 Category 2
機械及設備,,試管（空針）洗淨機,True,2,機械設備通常為固定資產，屬於 Category 2
機械及設備,,氣體曝氣鍋,True,2,機械設備通常為固定資產，屬於 Category 2
機械及設備,,電子體溫器,True,2,機械設備通常為固定資產，屬於 Category 2
機械及設備,,白金耳滅菌器,True,2,機械設備通常為固定資產，屬於 Category 2
機械及設備,,其他消毒器械及設備,True,2,機械設備通常為固定資產，屬於 Category 2
機械及設備,02,內兒科器械及設備,True,2,機械設備通常為固定資產，屬於 Category 2
機械及設備,01,一般內科器械及設備,True,2,機械設備通常為固定資產，屬於 Category 2
機械及設備,,電氣檢眼耳鏡,True,2,機械設備通常為固定資產，屬於 Category 2
機械及設備,,人體生理測定器,True,2,機械設備通常為固定資產，屬於 Category 2
機械及設備,,腹腔鏡,True,2,機械設備通常為固定資產，屬於 Category 2
機械及設備,,穿刺器,True,2,機械設備通常為固定資產，屬於 Category 2
機械及設備,,血壓計,True,2,機械設備通常為固定資產，屬於 Category 2
機械及設備,,電氣聽診器,True,2,機械設備通常為固定資產，屬於 Category 2
機械及設備,,注射裝置,True,2,機械設備通常為固定資產，屬於 Category 2
機械及設備,,超音波噴霧器,True,2,機械設備通常為固定資產，屬於 Category 2
機械及設備,,醫學電子記錄器,True,2,機械設備通常為固定資產，屬於 Category 2
機械及設備,,小兒生命警報器,True,2,機械設備通常為固定資產，屬於 Category 2
機械及設備,,新生兒重症監視器,True,2,機械設備通常為固定資產，屬於 Category 2
機械及設備,,新生兒集中治療裝置,True,2,機械設備通常為固定資產，屬於 Category 2
機械及設備,,人體體積檢驗器,True,2,機械設備通常為固定資產，屬於 Category 2
機械及設備,,洗腎機,True,2,機械設備通常為固定資產，屬於 Category 2
機械及設備,,透析裝置,True,2,機械設備通常為固定資產，屬於 Category 2
機械及設備,,電導測量計,True,2,機械設備通常為固定資產，屬於 Category 2
機械及設備,,電子透析液表,True,2,機械設備通常為固定資產，屬於 Category 2
機械及設備,,離子層析儀,True,2,機械設備通常為固定資產，屬於 Category 2
機械及設備,,叩診器,True,2,機械設備通常為固定資產，屬於 Category 2
機械及設備,,餵食加壓器,True,2,機械設備通常為固定資產，屬於 Category 2
機械及設備,,人工胰臟裝置,True,2,機械設備通常為固定資產，屬於 Category 2
機械及設備,,膽汁分析儀,True,2,機械設備通常為固定資產，屬於 Category 2
機械及設備,,血漿治療機,True,2,機械設備通常為固定資產，屬於 Category 2
機械及設備,,其他一般內科器械及設備,True,2,機械設備通常為固定資產，屬於 Category 2
機械及設備,02,消化系器械及設備,True,2,機械設備通常為固定資產，屬於 Category 2
機械及設備,,直腸擴張器,True,2,機械設備通常為固定資產，屬於 Category 2
機械及設備,,胃鏡,True,2,機械設備通常為固定資產，屬於 Category 2
機械及設備,,直腸鏡,True,2,機械設備通常為固定資產，屬於 Category 2
機械及設備,,直腸乙狀結腸鏡,True,2,機械設備通常為固定資產，屬於 Category 2
機械及設備,,胃曲線描寫器,True,2,機械設備通常為固定資產，屬於 Category 2
機械及設備,,內視鏡用照相機,True,2,機械設備通常為固定資產，屬於 Category 2
機械及設備,,胃冷凍治療器,True,2,機械設備通常為固定資產，屬於 Category 2
機械及設備,,十二指腸纖維鏡,True,2,機械設備通常為固定資產，屬於 Category 2
機械及設備,,腸粘膜切片器,True,2,機械設備通常為固定資產，屬於 Category 2
機械及設備,,息肉絞斷機,True,2,機械設備通常為固定資產，屬於 Category 2
機械及設備,,內視鏡冷光源裝置,True,2,機械設備通常為固定資產，屬於 Category 2
機械及設備,,內視鏡洗淨消毒裝置,True,2,機械設備通常為固定資產，屬於 Category 2
機械及設備,,大腸纖維內視鏡,True,2,機械設備通常為固定資產，屬於 Category 2
機械及設備,,膽道纖維內視鏡,True,2,機械設備通常為固定資產，屬於 Category 2
機械及設備,,胃減壓器,True,2,機械設備通常為固定資產，屬於 Category 2
機械及設備,,教學用指導內視鏡,True,2,機械設備通常為固定資產，屬於 Category 2
機械及設備,,肝素測定器及計算機,True,2,機械設備通常為固定資產，屬於 Category 2
機械及設備,,食道內視鏡,True,2,機械設備通常為固定資產，屬於 Category 2
機械及設備,,消化道壓力測定器,True,2,機械設備通常為固定資產，屬於 Category 2
機械及設備,,胰臟外分泌機能分析儀,True,2,機械設備通常為固定資產，屬於 Category 2
機械及設備,,大腸鏡櫃,True,2,機械設備通常為固定資產，屬於 Category 2
機械及設備,,內視鏡電視系統,True,2,機械設備通常為固定資產，屬於 Category 2
機械及設備,,冠狀動脈血流灌幫浦,True,2,機械設備通常為固定資產，屬於 Category 2
機械及設備,,鐳射凝固治療機,True,2,機械設備通常為固定資產，屬於 Category 2
機械及設備,,超音波內視鏡裝置,True,2,機械設備通常為固定資產，屬於 Category 2
機械及設備,,熱探針器,True,2,機械設備通常為固定資產，屬於 Category 2
機械及設備,,內視鏡用電燒器,True,2,機械設備通常為固定資產，屬於 Category 2
機械及設備,,其他消化系器械及設備,True,2,機械設備通常為固定資產，屬於 Category 2
機械及設備,03,循環系器械及設備,True,2,機械設備通常為固定資產，屬於 Category 2
機械及設備,,心音描記器,True,2,機械設備通常為固定資產，屬於 Category 2
機械及設備,,紫斑計,True,2,機械設備通常為固定資產，屬於 Category 2
機械及設備,,脈波計,True,2,機械設備通常為固定資產，屬於 Category 2
機械及設備,,心電圖腦波監視器,True,2,機械設備通常為固定資產，屬於 Category 2
機械及設備,,麻醉用心電腦波機,True,2,機械設備通常為固定資產，屬於 Category 2
機械及設備,,心臟腦波監護記錄兩用裝置,True,2,機械設備通常為固定資產，屬於 Category 2
機械及設備,,心律不整監視器,True,2,機械設備通常為固定資產，屬於 Category 2
機械及設備,,人工心律調整器,True,2,機械設備通常為固定資產，屬於 Category 2
機械及設備,,心博出測量計,True,2,機械設備通常為固定資產，屬於 Category 2
機械及設備,,電氣心臟刺激甦醒器,True,2,機械設備通常為固定資產，屬於 Category 2
機械及設備,,阻抗心功能描劃器,True,2,機械設備通常為固定資產，屬於 Category 2
機械及設備,,三要素心音心電計,True,2,機械設備通常為固定資產，屬於 Category 2
機械及設備,,心臟電氣生理分析儀,True,2,機械設備通常為固定資產，屬於 Category 2
機械及設備,,超音波血流測定器,True,2,機械設備通常為固定資產，屬於 Category 2
機械及設備,,腦眼氣壓血流描繪器,True,2,機械設備通常為固定資產，屬於 Category 2
機械及設備,,脈動間隔描繪器,True,2,機械設備通常為固定資產，屬於 Category 2
機械及設備,,血壓監視系統,True,2,機械設備通常為固定資產，屬於 Category 2
機械及設備,,測氧消耗系統,True,2,機械設備通常為固定資產，屬於 Category 2
機械及設備,,心導管室用檢查電腦系統,True,2,機械設備通常為固定資產，屬於 Category 2
機械及設備,,冠狀竇血流量測定器,True,2,機械設備通常為固定資產，屬於 Category 2
機械及設備,,冠狀動脈擴張裝置,True,2,機械設備通常為固定資產，屬於 Category 2
機械及設備,,心臟電位分佈圖記錄器,True,2,機械設備通常為固定資產，屬於 Category 2
機械及設備,,非侵入式血液氣體監視器,True,2,機械設備通常為固定資產，屬於 Category 2
機械及設備,,心電圖判讀訓練器,True,2,機械設備通常為固定資產，屬於 Category 2
機械及設備,,非侵襲性心臟輸出量監視器,True,2,機械設備通常為固定資產，屬於 Category 2
機械及設備,,心臟用槓桿,True,2,機械設備通常為固定資產，屬於 Category 2
機械及設備,,其他循環系器械及設備,True,2,機械設備通常為固定資產，屬於 Category 2
機械及設備,04,新陳代謝系器械及設備,True,2,機械設備通常為固定資產，屬於 Category 2
機械及設備,,新陳代謝測定機,True,2,機械設備通常為固定資產，屬於 Category 2
機械及設備,,甲狀腺機能測定機,True,2,機械設備通常為固定資產，屬於 Category 2
機械及設備,05,呼吸系器械及設備,True,2,機械設備通常為固定資產，屬於 Category 2
機械及設備,,人工氣胸器,True,2,機械設備通常為固定資產，屬於 Category 2
機械及設備,,呼吸器（鐵肺）,True,2,機械設備通常為固定資產，屬於 Category 2
機械及設備,,甦生用人工呼吸器,True,2,機械設備通常為固定資產，屬於 Category 2
機械及設備,,間歇性正壓甦醒器,True,2,機械設備通常為固定資產，屬於 Category 2
機械及設備,,肺活量計,True,2,機械設備通常為固定資產，屬於 Category 2
機械及設備,,肺功能分析儀,True,2,機械設備通常為固定資產，屬於 Category 2
機械及設備,,氣壓計,True,2,機械設備通常為固定資產，屬於 Category 2
機械及設備,,肺癌診斷用具,True,2,機械設備通常為固定資產，屬於 Category 2
機械及設備,,軟式支氣管鏡,True,2,機械設備通常為固定資產，屬於 Category 2
機械及設備,,陰陽壓自動蘇生器,True,2,機械設備通常為固定資產，屬於 Category 2
機械及設備,,氧氣呼吸中央系統器材裝置,True,2,機械設備通常為固定資產，屬於 Category 2
機械及設備,,呼吸監視計,True,2,機械設備通常為固定資產，屬於 Category 2
機械及設備,,選擇的氣管支造影器,True,2,機械設備通常為固定資產，屬於 Category 2
機械及設備,,細呼吸道檢驗器,True,2,機械設備通常為固定資產，屬於 Category 2
機械及設備,,呼吸治療裝置調整儀,True,2,機械設備通常為固定資產，屬於 Category 2
機械及設備,,呼吸道壓力警報器,True,2,機械設備通常為固定資產，屬於 Category 2
機械及設備,,其他呼吸系器械及設備,True,2,機械設備通常為固定資產，屬於 Category 2
機械及設備,03,外科器械及設備,True,2,機械設備通常為固定資產，屬於 Category 2
機械及設備,01,一般外科器械及設備,True,2,機械設備通常為固定資產，屬於 Category 2
機械及設備,,電極燒灼器,True,2,機械設備通常為固定資產，屬於 Category 2
機械及設備,,電氣白金燒灼器,True,2,機械設備通常為固定資產，屬於 Category 2
機械及設備,,量顱器,True,2,機械設備通常為固定資產，屬於 Category 2
機械及設備,,穿顱器,True,2,機械設備通常為固定資產，屬於 Category 2
機械及設備,,手術照明燈,True,2,機械設備通常為固定資產，屬於 Category 2
機械及設備,,診察用照明燈,True,2,機械設備通常為固定資產，屬於 Category 2
機械及設備,,體外循環器,True,2,機械設備通常為固定資產，屬於 Category 2
機械及設備,,外科手術台,True,2,機械設備通常為固定資產，屬於 Category 2
機械及設備,,肋膜癒著燒灼胸腔鏡,True,2,機械設備通常為固定資產，屬於 Category 2
機械及設備,,燒灼器用變壓器,True,2,機械設備通常為固定資產，屬於 Category 2
機械及設備,,腦白質切離器,True,2,機械設備通常為固定資產，屬於 Category 2
機械及設備,,手術器械,True,2,機械設備通常為固定資產，屬於 Category 2
機械及設備,,電燒刀,True,2,機械設備通常為固定資產，屬於 Category 2
機械及設備,,骨鑽,True,2,機械設備通常為固定資產，屬於 Category 2
機械及設備,,電動骨鋸,True,2,機械設備通常為固定資產，屬於 Category 2
機械及設備,,靜脈瘤拔去器,True,2,機械設備通常為固定資產，屬於 Category 2
機械及設備,,腦神經空氣刀,True,2,機械設備通常為固定資產，屬於 Category 2
機械及設備,,雙機電氣凝固器,True,2,機械設備通常為固定資產，屬於 Category 2
機械及設備,,關節鏡,True,2,機械設備通常為固定資產，屬於 Category 2
機械及設備,,腦手術器,True,2,機械設備通常為固定資產，屬於 Category 2
機械及設備,,止血器,True,2,機械設備通常為固定資產，屬於 Category 2
機械及設備,,手術用顯微鏡,True,2,機械設備通常為固定資產，屬於 Category 2
機械及設備,,腦深部定位電氣凝固器,True,2,機械設備通常為固定資產，屬於 Category 2
機械及設備,,失血測驗器,True,2,機械設備通常為固定資產，屬於 Category 2
機械及設備,,血管血液流量測定器,True,2,機械設備通常為固定資產，屬於 Category 2
機械及設備,,患者監視裝置,True,2,機械設備通常為固定資產，屬於 Category 2
機械及設備,,輸液控制器,True,2,機械設備通常為固定資產，屬於 Category 2
機械及設備,,超音波手術用裝置,True,2,機械設備通常為固定資產，屬於 Category 2
機械及設備,,淨創洗滌器,True,2,機械設備通常為固定資產，屬於 Category 2
機械及設備,,肛門內壓測定器,True,2,機械設備通常為固定資產，屬於 Category 2
機械及設備,,顱內壓力監視器,True,2,機械設備通常為固定資產，屬於 Category 2
機械及設備,,溫度測癌器,True,2,機械設備通常為固定資產，屬於 Category 2
機械及設備,,電動石膏剪,True,2,機械設備通常為固定資產，屬於 Category 2
機械及設備,,電動骨鑽用馬達,True,2,機械設備通常為固定資產，屬於 Category 2
機械及設備,,超音波打碎抽取器,True,2,機械設備通常為固定資產，屬於 Category 2
機械及設備,,外科手術顯微鏡用電源台,True,2,機械設備通常為固定資產，屬於 Category 2
機械及設備,,食道胃腸自動吻合器,True,2,機械設備通常為固定資產，屬於 Category 2
機械及設備,,頭架,True,2,機械設備通常為固定資產，屬於 Category 2
機械及設備,,外科鐳射刀,True,2,機械設備通常為固定資產，屬於 Category 2
機械及設備,,縱膈鏡,True,2,機械設備通常為固定資產，屬於 Category 2
機械及設備,,淋巴腫大治療機,True,2,機械設備通常為固定資產，屬於 Category 2
機械及設備,,腦部手術立體定位儀,True,2,機械設備通常為固定資產，屬於 Category 2
機械及設備,,體溫調節裝置,True,2,機械設備通常為固定資產，屬於 Category 2
機械及設備,,腦毀除器,True,2,機械設備通常為固定資產，屬於 Category 2
機械及設備,,抽氣式骨折固定板,True,2,機械設備通常為固定資產，屬於 Category 2
機械及設備,,其他一般外科器械及設備,True,2,機械設備通常為固定資產，屬於 Category 2
機械及設備,02,整形外科器械及設備,True,2,機械設備通常為固定資產，屬於 Category 2
機械及設備,,骨髓輸血器,True,2,機械設備通常為固定資產，屬於 Category 2
機械及設備,,電動石膏鋸,True,2,機械設備通常為固定資產，屬於 Category 2
機械及設備,,電動植皮刀,True,2,機械設備通常為固定資產，屬於 Category 2
機械及設備,,切斷用軟部舉上器,True,2,機械設備通常為固定資產，屬於 Category 2
機械及設備,,牽引裝置,True,2,機械設備通常為固定資產，屬於 Category 2
機械及設備,,角度計,True,2,機械設備通常為固定資產，屬於 Category 2
機械及設備,,整型外牲凊柱矯正器,True,2,機械設備通常為固定資產，屬於 Category 2
機械及設備,,足部矯正器,True,2,機械設備通常為固定資產，屬於 Category 2
機械及設備,,結線器,True,2,機械設備通常為固定資產，屬於 Category 2
機械及設備,,骨髓內固定器械,True,2,機械設備通常為固定資產，屬於 Category 2
機械及設備,,骨接合器,True,2,機械設備通常為固定資產，屬於 Category 2
機械及設備,,骨科手術器械,True,2,機械設備通常為固定資產，屬於 Category 2
機械及設備,,哈靈頓脊椎治療器,True,2,機械設備通常為固定資產，屬於 Category 2
機械及設備,,脊椎前方骨移植器,True,2,機械設備通常為固定資產，屬於 Category 2
機械及設備,,人工關節器,True,2,機械設備通常為固定資產，屬於 Category 2
機械及設備,,手術用高速骨切削器,True,2,機械設備通常為固定資產，屬於 Category 2
機械及設備,,網狀植皮器,True,2,機械設備通常為固定資產，屬於 Category 2
機械及設備,,手腳骨折自動穿入器,True,2,機械設備通常為固定資產，屬於 Category 2
機械及設備,,骨骼扭轉試驗器,True,2,機械設備通常為固定資產，屬於 Category 2
機械及設備,,關節鏡訓練用器械,True,2,機械設備通常為固定資產，屬於 Category 2
機械及設備,,氣動鋼釘推動器及切骨器,True,2,機械設備通常為固定資產，屬於 Category 2
機械及設備,,下肢肢體活動器,True,2,機械設備通常為固定資產，屬於 Category 2
機械及設備,,電腦化生物力學測量分析系統,True,2,機械設備通常為固定資產，屬於 Category 2
機械及設備,,肌肉韌帶損傷治療儀,True,2,機械設備通常為固定資產，屬於 Category 2
機械及設備,,膝勒帶測試儀,True,2,機械設備通常為固定資產，屬於 Category 2
機械及設備,,關節鏡氣動系統,True,2,機械設備通常為固定資產，屬於 Category 2
機械及設備,,連續式被動運動器,True,2,機械設備通常為固定資產，屬於 Category 2
機械及設備,,植髮器,True,2,機械設備通常為固定資產，屬於 Category 2
機械及設備,,整形外科繪圖比對系統,True,2,機械設備通常為固定資產，屬於 Category 2
機械及設備,,電腦脂肪吸引器,True,2,機械設備通常為固定資產，屬於 Category 2
機械及設備,03,麻醉器械及設備,True,2,機械設備通常為固定資產，屬於 Category 2
機械及設備,,全身麻醉器,True,2,機械設備通常為固定資產，屬於 Category 2
機械及設備,,簡便麻醉器,True,2,機械設備通常為固定資產，屬於 Category 2
機械及設備,,氣管內麻醉器,True,2,機械設備通常為固定資產，屬於 Category 2
機械及設備,,心動測驗器,True,2,機械設備通常為固定資產，屬於 Category 2
機械及設備,,心臟電擊器,True,2,機械設備通常為固定資產，屬於 Category 2
機械及設備,,心臟博動器,True,2,機械設備通常為固定資產，屬於 Category 2
機械及設備,,遠隔溫度計測器,True,2,機械設備通常為固定資產，屬於 Category 2
機械及設備,,電氣低高溫管制器,True,2,機械設備通常為固定資產，屬於 Category 2
機械及設備,,麻醉器台,True,2,機械設備通常為固定資產，屬於 Category 2
機械及設備,,電動心音器,True,2,機械設備通常為固定資產，屬於 Category 2
機械及設備,,呼吸輔助管制器,True,2,機械設備通常為固定資產，屬於 Category 2
機械及設備,,人體體溫冷卻器,True,2,機械設備通常為固定資產，屬於 Category 2
機械及設備,,針刺麻醉機,True,2,機械設備通常為固定資產，屬於 Category 2
機械及設備,,多用途記錄器,True,2,機械設備通常為固定資產，屬於 Category 2
機械及設備,,麻醉氣體濃度監視器,True,2,機械設備通常為固定資產，屬於 Category 2
機械及設備,,自體血液重輸系統,True,2,機械設備通常為固定資產，屬於 Category 2
機械及設備,,麻醉與腦活動監視器,True,2,機械設備通常為固定資產，屬於 Category 2
機械及設備,,麻醉劑揮發器,True,2,機械設備通常為固定資產，屬於 Category 2
機械及設備,,空氣栓塞測定器,True,2,機械設備通常為固定資產，屬於 Category 2
機械及設備,,其他麻醉器械及設備,True,2,機械設備通常為固定資產，屬於 Category 2
機械及設備,04,心臟外科器械及設備,True,2,機械設備通常為固定資產，屬於 Category 2
機械及設備,,多頻道心電圖記錄器,True,2,機械設備通常為固定資產，屬於 Category 2
機械及設備,,色素曲線記錄機,True,2,機械設備通常為固定資產，屬於 Category 2
機械及設備,,心臟增帽瓣擴張器,True,2,機械設備通常為固定資產，屬於 Category 2
機械及設備,,人工心肺,True,2,機械設備通常為固定資產，屬於 Category 2
機械及設備,,心細動發生機,True,2,機械設備通常為固定資產，屬於 Category 2
機械及設備,,心臟血管活動快速攝影儀器,True,2,機械設備通常為固定資產，屬於 Category 2
機械及設備,,血液循環濃度測定器,True,2,機械設備通常為固定資產，屬於 Category 2
機械及設備,,手術用多項生理監視器,True,2,機械設備通常為固定資產，屬於 Category 2
機械及設備,,主動脈內氣球幫浦系統,True,2,機械設備通常為固定資產，屬於 Category 2
機械及設備,,心臟急救綜合治療車,True,2,機械設備通常為固定資產，屬於 Category 2
機械及設備,,心電圖機,True,2,機械設備通常為固定資產，屬於 Category 2
機械及設備,,電動踏板,True,2,機械設備通常為固定資產，屬於 Category 2
機械及設備,,游泳用心跳速度監視器,True,2,機械設備通常為固定資產，屬於 Category 2
機械及設備,04,婦產科器械及設備,True,2,機械設備通常為固定資產，屬於 Category 2
機械及設備,01,婦科器械及設備,True,2,機械設備通常為固定資產，屬於 Category 2
機械及設備,,子宮頸管擴張器,True,2,機械設備通常為固定資產，屬於 Category 2
機械及設備,,子宮鏡,True,2,機械設備通常為固定資產，屬於 Category 2
機械及設備,,子宮翻轉器,True,2,機械設備通常為固定資產，屬於 Category 2
機械及設備,,輸卵管鼓氣描寫器,True,2,機械設備通常為固定資產，屬於 Category 2
機械及設備,,婦科冷凍手術器,True,2,機械設備通常為固定資產，屬於 Category 2
機械及設備,,子宮腔擴大鏡,True,2,機械設備通常為固定資產，屬於 Category 2
機械及設備,,婦科檢查治療器,True,2,機械設備通常為固定資產，屬於 Category 2
機械及設備,,輸卵管整型手術裝置,True,2,機械設備通常為固定資產，屬於 Category 2
機械及設備,,迷你結紮器,True,2,機械設備通常為固定資產，屬於 Category 2
機械及設備,,超音波掃描儀,True,2,機械設備通常為固定資產，屬於 Category 2
機械及設備,,陰道鏡,True,2,機械設備通常為固定資產，屬於 Category 2
機械及設備,,自動冷光分析儀,True,2,機械設備通常為固定資產，屬於 Category 2
機械及設備,,軟式子宮內視鏡,True,2,機械設備通常為固定資產，屬於 Category 2
機械及設備,,超音波探頭,True,2,機械設備通常為固定資產，屬於 Category 2
機械及設備,,其他婦科器械及設備,True,2,機械設備通常為固定資產，屬於 Category 2
機械及設備,02,產科器械及設備,True,2,機械設備通常為固定資產，屬於 Category 2
機械及設備,,分娩台,True,2,機械設備通常為固定資產，屬於 Category 2
機械及設備,,子宮頸擴張器,True,2,機械設備通常為固定資產，屬於 Category 2
機械及設備,,碎頭器,True,2,機械設備通常為固定資產，屬於 Category 2
機械及設備,,產科鉗,True,2,機械設備通常為固定資產，屬於 Category 2
機械及設備,,破骨鉗,True,2,機械設備通常為固定資產，屬於 Category 2
機械及設備,,胎兒頭計測器,True,2,機械設備通常為固定資產，屬於 Category 2
機械及設備,,骨盆器,True,2,機械設備通常為固定資產，屬於 Category 2
機械及設備,,真骨盤上徑測定器,True,2,機械設備通常為固定資產，屬於 Category 2
機械及設備,,胎兒引娩機,True,2,機械設備通常為固定資產，屬於 Category 2
機械及設備,,胎兒心音器,True,2,機械設備通常為固定資產，屬於 Category 2
機械及設備,,分娩綜合監視器,True,2,機械設備通常為固定資產，屬於 Category 2
機械及設備,,外測陣痛計,True,2,機械設備通常為固定資產，屬於 Category 2
機械及設備,,電動榨乳機,True,2,機械設備通常為固定資產，屬於 Category 2
機械及設備,,兒頭採血器,True,2,機械設備通常為固定資產，屬於 Category 2
機械及設備,,腹腔鏡纖維環手術裝置,True,2,機械設備通常為固定資產，屬於 Category 2
機械及設備,,血液加溫器,True,2,機械設備通常為固定資產，屬於 Category 2
機械及設備,,不孕性輸卵管,True,2,機械設備通常為固定資產，屬於 Category 2
機械及設備,,冷凍手術裝置,True,2,機械設備通常為固定資產，屬於 Category 2
機械及設備,,子宮卵管造影兼通氣術併用器,True,2,機械設備通常為固定資產，屬於 Category 2
機械及設備,03,嬰兒室器械及設備,True,2,機械設備通常為固定資產，屬於 Category 2
機械及設備,,嬰兒床,True,2,機械設備通常為固定資產，屬於 Category 2
機械及設備,,嬰兒保溫箱,True,2,機械設備通常為固定資產，屬於 Category 2
機械及設備,,甦生用人工呼吸器兼嬰兒保溫器及循環式氧氣吸引器,True,2,機械設備通常為固定資產，屬於 Category 2
機械及設備,,嬰兒用體重計,True,2,機械設備通常為固定資產，屬於 Category 2
機械及設備,,奶瓶消毒器,True,2,機械設備通常為固定資產，屬於 Category 2
機械及設備,,黃疸光線測定器,True,2,機械設備通常為固定資產，屬於 Category 2
機械及設備,,新生兒皮膚氣壓測定器,True,2,機械設備通常為固定資產，屬於 Category 2
機械及設備,,新生兒急救處理台,True,2,機械設備通常為固定資產，屬於 Category 2
機械及設備,,胸部振動器,True,2,機械設備通常為固定資產，屬於 Category 2
機械及設備,,新生兒黃疸照射燈,True,2,機械設備通常為固定資產，屬於 Category 2
機械及設備,,黃疸測量器,True,2,機械設備通常為固定資產，屬於 Category 2
機械及設備,,新生兒呼吸器,True,2,機械設備通常為固定資產，屬於 Category 2
機械及設備,,嬰兒體溫監視器,True,2,機械設備通常為固定資產，屬於 Category 2
機械及設備,,恆溫水溶器,True,2,機械設備通常為固定資產，屬於 Category 2
機械及設備,05,耳鼻喉科器械及設備,True,2,機械設備通常為固定資產，屬於 Category 2
機械及設備,01,耳鼻喉科一般器械及設備,True,2,機械設備通常為固定資產，屬於 Category 2
機械及設備,,耳鼻喉科用診療椅,True,2,機械設備通常為固定資產，屬於 Category 2
機械及設備,,耳鼻科洗滌台,True,2,機械設備通常為固定資產，屬於 Category 2
機械及設備,,額電燈,True,2,機械設備通常為固定資產，屬於 Category 2
機械及設備,,耳鼻科治療台,True,2,機械設備通常為固定資產，屬於 Category 2
機械及設備,,雙眼放大鏡與頸電燈,True,2,機械設備通常為固定資產，屬於 Category 2
機械及設備,,電氣氣管食管照相機,True,2,機械設備通常為固定資產，屬於 Category 2
機械及設備,,耳鼻科冷凍手術器,True,2,機械設備通常為固定資產，屬於 Category 2
機械及設備,,噴霧器,True,2,機械設備通常為固定資產，屬於 Category 2
機械及設備,,耳鼻喉科刺激器,True,2,機械設備通常為固定資產，屬於 Category 2
機械及設備,,五官鏡,True,2,機械設備通常為固定資產，屬於 Category 2
機械及設備,02,耳科器械及設備,True,2,機械設備通常為固定資產，屬於 Category 2
機械及設備,,聽力測定器,True,2,機械設備通常為固定資產，屬於 Category 2
機械及設備,,穿開器,True,2,機械設備通常為固定資產，屬於 Category 2
機械及設備,,鼓膜按摩器,True,2,機械設備通常為固定資產，屬於 Category 2
機械及設備,,雜音器,True,2,機械設備通常為固定資產，屬於 Category 2
機械及設備,,耳手術擴大鏡,True,2,機械設備通常為固定資產，屬於 Category 2
機械及設備,,聽力檢查用單弦琴,True,2,機械設備通常為固定資產，屬於 Category 2
機械及設備,,音叉,True,2,機械設備通常為固定資產，屬於 Category 2
機械及設備,,訓練用助聽器,True,2,機械設備通常為固定資產，屬於 Category 2
機械及設備,,纖維玻璃耳鏡,True,2,機械設備通常為固定資產，屬於 Category 2
機械及設備,,鼓膜照相機,True,2,機械設備通常為固定資產，屬於 Category 2
機械及設備,,聽力自動記錄器,True,2,機械設備通常為固定資產，屬於 Category 2
機械及設備,,音波波長分析器,True,2,機械設備通常為固定資產，屬於 Category 2
機械及設備,,鼓室成形手術器械,True,2,機械設備通常為固定資產，屬於 Category 2
機械及設備,,磨骨器,True,2,機械設備通常為固定資產，屬於 Category 2
機械及設備,,聽阻聽力檢查器,True,2,機械設備通常為固定資產，屬於 Category 2
機械及設備,,前庭功能中耳恆溫裝置,True,2,機械設備通常為固定資產，屬於 Category 2
機械及設備,,中耳功能分析儀,True,2,機械設備通常為固定資產，屬於 Category 2
機械及設備,,聽能語言訓練器,True,2,機械設備通常為固定資產，屬於 Category 2
機械及設備,,聽能訓練用電話機,True,2,機械設備通常為固定資產，屬於 Category 2
機械及設備,03,喉科器械及設備,True,2,機械設備通常為固定資產，屬於 Category 2
機械及設備,,耳鼻喉頭纖維內視鏡,True,2,機械設備通常為固定資產，屬於 Category 2
機械及設備,,喉切除術用套管,True,2,機械設備通常為固定資產，屬於 Category 2
機械及設備,,直接手術用椅（台）,True,2,機械設備通常為固定資產，屬於 Category 2
機械及設備,,喉頭鏡,True,2,機械設備通常為固定資產，屬於 Category 2
機械及設備,,側視鏡保溫箱,True,2,機械設備通常為固定資產，屬於 Category 2
機械及設備,,咽喉照相機,True,2,機械設備通常為固定資產，屬於 Category 2
機械及設備,,氣管切開器,True,2,機械設備通常為固定資產，屬於 Category 2
機械及設備,,咽喉頭顯微精細手術器,True,2,機械設備通常為固定資產，屬於 Category 2
機械及設備,,蒸汽吸入器,True,2,機械設備通常為固定資產，屬於 Category 2
機械及設備,,喉頭微細手術器械,True,2,機械設備通常為固定資產，屬於 Category 2
機械及設備,,上顎洞用內視鏡,True,2,機械設備通常為固定資產，屬於 Category 2
機械及設備,,閃光頻道喉鏡視野裝置,True,2,機械設備通常為固定資產，屬於 Category 2
機械及設備,,發聲機能檢查器,True,2,機械設備通常為固定資產，屬於 Category 2
機械及設備,,口蓋機,True,2,機械設備通常為固定資產，屬於 Category 2
機械及設備,,普通發音器,True,2,機械設備通常為固定資產，屬於 Category 2
機械及設備,,發音分析器,True,2,機械設備通常為固定資產，屬於 Category 2
機械及設備,,發音直視裝置,True,2,機械設備通常為固定資產，屬於 Category 2
機械及設備,04,鼻科器械及設備,True,2,機械設備通常為固定資產，屬於 Category 2
機械及設備,,鼻中隔手術器械,True,2,機械設備通常為固定資產，屬於 Category 2
機械及設備,,鼻整型手術器械,True,2,機械設備通常為固定資產，屬於 Category 2
機械及設備,,直視型鼻咽切片鉗,True,2,機械設備通常為固定資產，屬於 Category 2
機械及設備,,脫臭裝置,True,2,機械設備通常為固定資產，屬於 Category 2
機械及設備,,超音波鼻竇掃描器,True,2,機械設備通常為固定資產，屬於 Category 2
機械及設備,,鼻咽腔功能測定器,True,2,機械設備通常為固定資產，屬於 Category 2
機械及設備,,嗅覺測定器,True,2,機械設備通常為固定資產，屬於 Category 2
機械及設備,06,皮尿科器械及設備,True,2,機械設備通常為固定資產，屬於 Category 2
機械及設備,01,皮膚科器械及設備,True,2,機械設備通常為固定資產，屬於 Category 2
機械及設備,,皮膚電解器,True,2,機械設備通常為固定資產，屬於 Category 2
機械及設備,,冷卻療法用乾冰糢型,True,2,機械設備通常為固定資產，屬於 Category 2
機械及設備,,皮膚診斷器,True,2,機械設備通常為固定資產，屬於 Category 2
機械及設備,,皮膚墨鍼器,True,2,機械設備通常為固定資產，屬於 Category 2
機械及設備,,皮膚整容器,True,2,機械設備通常為固定資產，屬於 Category 2
機械及設備,,皮膚磨剝器,True,2,機械設備通常為固定資產，屬於 Category 2
機械及設備,,日光紫外線同步儀,True,2,機械設備通常為固定資產，屬於 Category 2
機械及設備,,吸著水庖形成器,True,2,機械設備通常為固定資產，屬於 Category 2
機械及設備,,水分蒸散測定器,True,2,機械設備通常為固定資產，屬於 Category 2
機械及設備,,液態氮噴槍,True,2,機械設備通常為固定資產，屬於 Category 2
機械及設備,,手汗腳汗狐臭治療機,True,2,機械設備通常為固定資產，屬於 Category 2
機械及設備,,皮膚用色差計,True,2,機械設備通常為固定資產，屬於 Category 2
機械及設備,,皮膚過敏測定儀,True,2,機械設備通常為固定資產，屬於 Category 2
機械及設備,,其他皮膚科器械及設備,True,2,機械設備通常為固定資產，屬於 Category 2
機械及設備,02,泌尿科器械及設備,True,2,機械設備通常為固定資產，屬於 Category 2
機械及設備,,膀胱內壓計測器,True,2,機械設備通常為固定資產，屬於 Category 2
機械及設備,,膀胱鏡,True,2,機械設備通常為固定資產，屬於 Category 2
機械及設備,,膀胱尿道鏡,True,2,機械設備通常為固定資產，屬於 Category 2
機械及設備,,膀胱擴大器,True,2,機械設備通常為固定資產，屬於 Category 2
機械及設備,,電切機,True,2,機械設備通常為固定資產，屬於 Category 2
機械及設備,,前列腺按摩器,True,2,機械設備通常為固定資產，屬於 Category 2
機械及設備,,內視鏡碎石器,True,2,機械設備通常為固定資產，屬於 Category 2
機械及設備,,尿道洗滌台,True,2,機械設備通常為固定資產，屬於 Category 2
機械及設備,,尿道鏡,True,2,機械設備通常為固定資產，屬於 Category 2
機械及設備,,膀胱照相機,True,2,機械設備通常為固定資產，屬於 Category 2
機械及設備,,割包皮器,True,2,機械設備通常為固定資產，屬於 Category 2
機械及設備,,血糖測定儀,True,2,機械設備通常為固定資產，屬於 Category 2
機械及設備,,腎臟纖維內視鏡,True,2,機械設備通常為固定資產，屬於 Category 2
機械及設備,,三頻道排尿速度測定計,True,2,機械設備通常為固定資產，屬於 Category 2
機械及設備,,攝護腺切除內視鏡,True,2,機械設備通常為固定資產，屬於 Category 2
機械及設備,,膀胱泌尿系統分析裝置,True,2,機械設備通常為固定資產，屬於 Category 2
機械及設備,,六頻道泌尿系統記錄裝置,True,2,機械設備通常為固定資產，屬於 Category 2
機械及設備,,膀胱尿道切除鏡,True,2,機械設備通常為固定資產，屬於 Category 2
機械及設備,,經皮式（穿透式）腎臟結石摘石儀,True,2,機械設備通常為固定資產，屬於 Category 2
機械及設備,,雙頻道陰莖海棉體功能儀,True,2,機械設備通常為固定資產，屬於 Category 2
機械及設備,,生物感應反應測為器,True,2,機械設備通常為固定資產，屬於 Category 2
機械及設備,,陽萎功能檢查裝置,True,2,機械設備通常為固定資產，屬於 Category 2
機械及設備,,高震波碎石裝置,True,2,機械設備通常為固定資產，屬於 Category 2
機械及設備,07,眼科器械及設備,True,2,機械設備通常為固定資產，屬於 Category 2
機械及設備,01,眼科檢查器械及設備,True,2,機械設備通常為固定資產，屬於 Category 2
機械及設備,,色盲檢查鏡,True,2,機械設備通常為固定資產，屬於 Category 2
機械及設備,,雙眼角腺顯微鏡,True,2,機械設備通常為固定資產，屬於 Category 2
機械及設備,,眼科用電磁石,True,2,機械設備通常為固定資產，屬於 Category 2
機械及設備,,眼球突出計,True,2,機械設備通常為固定資產，屬於 Category 2
機械及設備,,視軸測定立體鏡,True,2,機械設備通常為固定資產，屬於 Category 2
機械及設備,,視力表照明器,True,2,機械設備通常為固定資產，屬於 Category 2
機械及設備,,眼科用放大鏡,True,2,機械設備通常為固定資產，屬於 Category 2
機械及設備,,眼屈光計,True,2,機械設備通常為固定資產，屬於 Category 2
機械及設備,,直接檢眼鏡,True,2,機械設備通常為固定資產，屬於 Category 2
機械及設備,,大型固定檢眼鏡,True,2,機械設備通常為固定資產，屬於 Category 2
機械及設備,,近點測定器,True,2,機械設備通常為固定資產，屬於 Category 2
機械及設備,,視野計,True,2,機械設備通常為固定資產，屬於 Category 2
機械及設備,,頭額固定台,True,2,機械設備通常為固定資產，屬於 Category 2
機械及設備,,視網膜鏡（板附檢眼鏡）,True,2,機械設備通常為固定資產，屬於 Category 2
機械及設備,,視力檢查器,True,2,機械設備通常為固定資產，屬於 Category 2
機械及設備,,實體鏡,True,2,機械設備通常為固定資產，屬於 Category 2
機械及設備,,斜視計,True,2,機械設備通常為固定資產，屬於 Category 2
機械及設備,,眼球內壓計,True,2,機械設備通常為固定資產，屬於 Category 2
機械及設備,,眼科製圖器,True,2,機械設備通常為固定資產，屬於 Category 2
機械及設備,,無赤光線眼底檢查器,True,2,機械設備通常為固定資產，屬於 Category 2
機械及設備,,電氣視力照明裝置,True,2,機械設備通常為固定資產，屬於 Category 2
機械及設備,,線狀檢影器,True,2,機械設備通常為固定資產，屬於 Category 2
機械及設備,,眼科電太線照射器,True,2,機械設備通常為固定資產，屬於 Category 2
機械及設備,,斜視檢查治療機,True,2,機械設備通常為固定資產，屬於 Category 2
機械及設備,,幻燈檢眼鏡,True,2,機械設備通常為固定資產，屬於 Category 2
機械及設備,,黑光燈,True,2,機械設備通常為固定資產，屬於 Category 2
機械及設備,,眼底照相機,True,2,機械設備通常為固定資產，屬於 Category 2
機械及設備,,網膜裂孔測定器,True,2,機械設備通常為固定資產，屬於 Category 2
機械及設備,,殘像檢查鏡,True,2,機械設備通常為固定資產，屬於 Category 2
機械及設備,,固視檢查鏡,True,2,機械設備通常為固定資產，屬於 Category 2
機械及設備,,電氣視力刺激器,True,2,機械設備通常為固定資產，屬於 Category 2
機械及設備,,動視力測驗器,True,2,機械設備通常為固定資產，屬於 Category 2
機械及設備,,電測眼球串動儀,True,2,機械設備通常為固定資產，屬於 Category 2
機械及設備,,網膜電圖儀器,True,2,機械設備通常為固定資產，屬於 Category 2
機械及設備,,隱形眼鏡管理計測儀器,True,2,機械設備通常為固定資產，屬於 Category 2
機械及設備,,視覺測定器,True,2,機械設備通常為固定資產，屬於 Category 2
機械及設備,,前房深度測量計,True,2,機械設備通常為固定資產，屬於 Category 2
機械及設備,,電腦自動視野記錄儀,True,2,機械設備通常為固定資產，屬於 Category 2
機械及設備,,四孔檢查器,True,2,機械設備通常為固定資產，屬於 Category 2
機械及設備,,青光眼隔角鏡,True,2,機械設備通常為固定資產，屬於 Category 2
機械及設備,,角膜曲率測定器,True,2,機械設備通常為固定資產，屬於 Category 2
機械及設備,,房水流量測定器,True,2,機械設備通常為固定資產，屬於 Category 2
機械及設備,,角膜檢查儀,True,2,機械設備通常為固定資產，屬於 Category 2
機械及設備,,細隙燈檢查儀,True,2,機械設備通常為固定資產，屬於 Category 2
機械及設備,,裂隙燈,True,2,機械設備通常為固定資產，屬於 Category 2
機械及設備,,眼底鏡,True,2,機械設備通常為固定資產，屬於 Category 2
機械及設備,,前房角窺鏡,True,2,機械設備通常為固定資產，屬於 Category 2
機械及設備,,眼球運動監視器,True,2,機械設備通常為固定資產，屬於 Category 2
機械及設備,,受體電腦分析儀,True,2,機械設備通常為固定資產，屬於 Category 2
機械及設備,,眼底治療系統,True,2,機械設備通常為固定資產，屬於 Category 2
機械及設備,,其他眼科檢查器械及設備,True,2,機械設備通常為固定資產，屬於 Category 2
機械及設備,02,眼科治療器械及設備,True,2,機械設備通常為固定資產，屬於 Category 2
機械及設備,,眼科診療椅,True,2,機械設備通常為固定資產，屬於 Category 2
機械及設備,,眼科用手持照明燈,True,2,機械設備通常為固定資產，屬於 Category 2
機械及設備,,電遊子透入治療器,True,2,機械設備通常為固定資產，屬於 Category 2
機械及設備,,白內障燈,True,2,機械設備通常為固定資產，屬於 Category 2
機械及設備,,自動棉花容器,True,2,機械設備通常為固定資產，屬於 Category 2
機械及設備,,眼科診療台,True,2,機械設備通常為固定資產，屬於 Category 2
機械及設備,,保溫洗眼器,True,2,機械設備通常為固定資產，屬於 Category 2
機械及設備,,點眼瓶保溫箱,True,2,機械設備通常為固定資產，屬於 Category 2
機械及設備,,角膜移植器,True,2,機械設備通常為固定資產，屬於 Category 2
機械及設備,,眼協調訓練器,True,2,機械設備通常為固定資產，屬於 Category 2
機械及設備,,眼視訓練機,True,2,機械設備通常為固定資產，屬於 Category 2
機械及設備,,眼科冷凍手術器,True,2,機械設備通常為固定資產，屬於 Category 2
機械及設備,,幅輳訓練器,True,2,機械設備通常為固定資產，屬於 Category 2
機械及設備,,外眼肌訓練器,True,2,機械設備通常為固定資產，屬於 Category 2
機械及設備,,雷射治療機,True,2,機械設備通常為固定資產，屬於 Category 2
機械及設備,,超音波白內障乳化儀,True,2,機械設備通常為固定資產，屬於 Category 2
機械及設備,,眼壓計消毒計,True,2,機械設備通常為固定資產，屬於 Category 2
機械及設備,,眼科超音波診斷儀器,True,2,機械設備通常為固定資產，屬於 Category 2
機械及設備,,網膜燒灼器,True,2,機械設備通常為固定資產，屬於 Category 2
機械及設備,,玻璃體切除器,True,2,機械設備通常為固定資產，屬於 Category 2
機械及設備,,網膜剝離手術器,True,2,機械設備通常為固定資產，屬於 Category 2
機械及設備,,視覺通路功能評估系統,True,2,機械設備通常為固定資產，屬於 Category 2
機械及設備,,睫毛電氣分解器,True,2,機械設備通常為固定資產，屬於 Category 2
機械及設備,,睫毛分解及燒灼裝置,True,2,機械設備通常為固定資產，屬於 Category 2
機械及設備,,青光眼角鞏吸房水器,True,2,機械設備通常為固定資產，屬於 Category 2
機械及設備,,緊急沖淋洗眼器,True,2,機械設備通常為固定資產，屬於 Category 2
機械及設備,,眼科用蒸氣噴霧器,True,2,機械設備通常為固定資產，屬於 Category 2
機械及設備,,手術器械組,True,2,機械設備通常為固定資產，屬於 Category 2
機械及設備,03,眼科驗光器械及設備,True,2,機械設備通常為固定資產，屬於 Category 2
機械及設備,,眼科用暗室燈,True,2,機械設備通常為固定資產，屬於 Category 2
機械及設備,,眼鏡檢度計,True,2,機械設備通常為固定資產，屬於 Category 2
機械及設備,,試鏡箱,True,2,機械設備通常為固定資產，屬於 Category 2
機械及設備,,電腦驗光儀,True,2,機械設備通常為固定資產，屬於 Category 2
機械及設備,,免模板式鏡片磨邊機,True,2,機械設備通常為固定資產，屬於 Category 2
機械及設備,08,神經、精神科器械及設備,True,2,機械設備通常為固定資產，屬於 Category 2
機械及設備,01,精神系統器械及設備,True,2,機械設備通常為固定資產，屬於 Category 2
機械及設備,,腦波圖監視器,True,2,機械設備通常為固定資產，屬於 Category 2
機械及設備,,腦波檢查用閃光刺激器,True,2,機械設備通常為固定資產，屬於 Category 2
機械及設備,,超音波診斷機,True,2,機械設備通常為固定資產，屬於 Category 2
機械及設備,,腦迴音診斷裝置,True,2,機械設備通常為固定資產，屬於 Category 2
機械及設備,,電痙孿治療機,True,2,機械設備通常為固定資產，屬於 Category 2
機械及設備,02,神經系統器械及設備,True,2,機械設備通常為固定資產，屬於 Category 2
機械及設備,,自律神經興奮性測定器,True,2,機械設備通常為固定資產，屬於 Category 2
機械及設備,,肌電計,True,2,機械設備通常為固定資產，屬於 Category 2
機械及設備,,肌電計監視機,True,2,機械設備通常為固定資產，屬於 Category 2
機械及設備,,自動加算分析裝置,True,2,機械設備通常為固定資產，屬於 Category 2
機械及設備,,電子閃光融合值測定器,True,2,機械設備通常為固定資產，屬於 Category 2
機械及設備,,眼追蹤器,True,2,機械設備通常為固定資產，屬於 Category 2
機械及設備,,眼動眼振器,True,2,機械設備通常為固定資產，屬於 Category 2
機械及設備,,眼動測定器,True,2,機械設備通常為固定資產，屬於 Category 2
機械及設備,,腦神經誘發測定器,True,2,機械設備通常為固定資產，屬於 Category 2
機械及設備,,神經肌阻斷監視器,True,2,機械設備通常為固定資產，屬於 Category 2
機械及設備,,神經變性檢查器,True,2,機械設備通常為固定資產，屬於 Category 2
機械及設備,,顯微手術用彩色電視攝影機,True,2,機械設備通常為固定資產，屬於 Category 2
機械及設備,,神經刺激器,True,2,機械設備通常為固定資產，屬於 Category 2
機械及設備,,其他神經系統器械及設備,True,2,機械設備通常為固定資產，屬於 Category 2
機械及設備,09,牙科器械及設備,True,2,機械設備通常為固定資產，屬於 Category 2
機械及設備,01,牙科治療器械及設備,True,2,機械設備通常為固定資產，屬於 Category 2
機械及設備,,牙科手術椅（台）,True,2,機械設備通常為固定資產，屬於 Category 2
機械及設備,,牙科引擎,True,2,機械設備通常為固定資產，屬於 Category 2
機械及設備,,牙科手術器,True,2,機械設備通常為固定資產，屬於 Category 2
機械及設備,,溫成裝置,True,2,機械設備通常為固定資產，屬於 Category 2
機械及設備,,齒髓診斷器,True,2,機械設備通常為固定資產，屬於 Category 2
機械及設備,,牙科矯正電銲器,True,2,機械設備通常為固定資產，屬於 Category 2
機械及設備,,矯正用顎態調整器,True,2,機械設備通常為固定資產，屬於 Category 2
機械及設備,,矯正線展引器,True,2,機械設備通常為固定資產，屬於 Category 2
機械及設備,,牙科矯正器械,True,2,機械設備通常為固定資產，屬於 Category 2
機械及設備,,銀粉攪拌器,True,2,機械設備通常為固定資產，屬於 Category 2
機械及設備,,超音波齒石去除器,True,2,機械設備通常為固定資產，屬於 Category 2
機械及設備,,超音波義齒洗滌機,True,2,機械設備通常為固定資產，屬於 Category 2
機械及設備,,牙科觸煤電源燈射槍,True,2,機械設備通常為固定資產，屬於 Category 2
機械及設備,,泛得繪器,True,2,機械設備通常為固定資產，屬於 Category 2
機械及設備,,咬合測試器,True,2,機械設備通常為固定資產，屬於 Category 2
機械及設備,,牙科櫃式治療台,True,2,機械設備通常為固定資產，屬於 Category 2
機械及設備,,鹵素光機,True,2,機械設備通常為固定資產，屬於 Category 2
機械及設備,,顎運動記錄器,True,2,機械設備通常為固定資產，屬於 Category 2
機械及設備,,超大型包埋盒分離器,True,2,機械設備通常為固定資產，屬於 Category 2
機械及設備,,高比塗氟機,True,2,機械設備通常為固定資產，屬於 Category 2
機械及設備,,測顱繪圖診斷儀,True,2,機械設備通常為固定資產，屬於 Category 2
機械及設備,02,牙科室器械及設備,True,2,機械設備通常為固定資產，屬於 Category 2
機械及設備,,牙科室用車床,True,2,機械設備通常為固定資產，屬於 Category 2
機械及設備,,金屬板延展器,True,2,機械設備通常為固定資產，屬於 Category 2
機械及設備,,磨光箱,True,2,機械設備通常為固定資產，屬於 Category 2
機械及設備,,電解研磨機,True,2,機械設備通常為固定資產，屬於 Category 2
機械及設備,,空氣壓縮機,True,2,機械設備通常為固定資產，屬於 Category 2
機械及設備,,金屬掃除器,True,2,機械設備通常為固定資產，屬於 Category 2
機械及設備,,真空鑄造埋沒器,True,2,機械設備通常為固定資產，屬於 Category 2
機械及設備,,真空埋沒器,True,2,機械設備通常為固定資產，屬於 Category 2
機械及設備,,遠心鑄造機,True,2,機械設備通常為固定資產，屬於 Category 2
機械及設備,,牙科空氣消除器,True,2,機械設備通常為固定資產，屬於 Category 2
機械及設備,,真空除水器,True,2,機械設備通常為固定資產，屬於 Category 2
機械及設備,,溶臘器,True,2,機械設備通常為固定資產，屬於 Category 2
機械及設備,,牙托環觀測器,True,2,機械設備通常為固定資產，屬於 Category 2
機械及設備,,全自動義齒床重合裝置,True,2,機械設備通常為固定資產，屬於 Category 2
機械及設備,,自動練和器,True,2,機械設備通常為固定資產，屬於 Category 2
機械及設備,,臉弓,True,2,機械設備通常為固定資產，屬於 Category 2
機械及設備,,快乾樹脂床強力鍋,True,2,機械設備通常為固定資產，屬於 Category 2
機械及設備,,印糢材溫度調節器,True,2,機械設備通常為固定資產，屬於 Category 2
機械及設備,,根管長度測量器,True,2,機械設備通常為固定資產，屬於 Category 2
機械及設備,,牙科鋸,True,2,機械設備通常為固定資產，屬於 Category 2
機械及設備,,精密真空成形機,True,2,機械設備通常為固定資產，屬於 Category 2
機械及設備,,水焰機,True,2,機械設備通常為固定資產，屬於 Category 2
機械及設備,,牙周囊袋液體測試機,True,2,機械設備通常為固定資產，屬於 Category 2
機械及設備,,玻璃珠消毒器,True,2,機械設備通常為固定資產，屬於 Category 2
機械及設備,,補綴物測試機,True,2,機械設備通常為固定資產，屬於 Category 2
機械及設備,,紫外線表面光滑硬化裝置,True,2,機械設備通常為固定資產，屬於 Category 2
機械及設備,,高速磨牙機,True,2,機械設備通常為固定資產，屬於 Category 2
機械及設備,,剝削機,True,2,機械設備通常為固定資產，屬於 Category 2
機械及設備,,複合器,True,2,機械設備通常為固定資產，屬於 Category 2
機械及設備,,噴砂機,True,2,機械設備通常為固定資產，屬於 Category 2
機械及設備,,去臘乾燥機,True,2,機械設備通常為固定資產，屬於 Category 2
機械及設備,,鑄造機,True,2,機械設備通常為固定資產，屬於 Category 2
機械及設備,,吊石膏機,True,2,機械設備通常為固定資產，屬於 Category 2
機械及設備,,電磁加熱板,True,2,機械設備通常為固定資產，屬於 Category 2
機械及設備,,油壓義齒壓定器,True,2,機械設備通常為固定資產，屬於 Category 2
機械及設備,,超音玻磁粉提震器,True,2,機械設備通常為固定資產，屬於 Category 2
機械及設備,,熱膠處理機,True,2,機械設備通常為固定資產，屬於 Category 2
機械及設備,,定電位電解控制儀,True,2,機械設備通常為固定資產，屬於 Category 2
機械及設備,,牙科植體系統,True,2,機械設備通常為固定資產，屬於 Category 2
機械及設備,10,放射線科器械及設備,True,2,機械設備通常為固定資產，屬於 Category 2
機械及設備,01,Ｘ光透視暨攝影器械及設備,True,2,機械設備通常為固定資產，屬於 Category 2
機械及設備,,鉛衣,True,2,機械設備通常為固定資產，屬於 Category 2
機械及設備,,軟片截斷器械,True,2,機械設備通常為固定資產，屬於 Category 2
機械及設備,,散亂線遮光板,True,2,機械設備通常為固定資產，屬於 Category 2
機械及設備,,腹部壓迫板,True,2,機械設備通常為固定資產，屬於 Category 2
機械及設備,,Ｘ光軟片乾燥器,True,2,機械設備通常為固定資產，屬於 Category 2
機械及設備,,Ｘ光片晒印器,True,2,機械設備通常為固定資產，屬於 Category 2
機械及設備,,Ｘ光片看片箱,True,2,機械設備通常為固定資產，屬於 Category 2
機械及設備,,立位攝影固定器,True,2,機械設備通常為固定資產，屬於 Category 2
機械及設備,,顯影機,True,2,機械設備通常為固定資產，屬於 Category 2
機械及設備,,Ｘ光間接攝影用擴大觀察器,True,2,機械設備通常為固定資產，屬於 Category 2
機械及設備,,Ｘ光攝影台,True,2,機械設備通常為固定資產，屬於 Category 2
機械及設備,,Ｘ光間接攝影機,True,2,機械設備通常為固定資產，屬於 Category 2
機械及設備,,Ｘ光軟片儲存箱,True,2,機械設備通常為固定資產，屬於 Category 2
機械及設備,,Ｘ光量測定器,True,2,機械設備通常為固定資產，屬於 Category 2
機械及設備,,防Ｘ光屏風（台）,True,2,機械設備通常為固定資產，屬於 Category 2
機械及設備,,可調式Ｘ光深部治療台,True,2,機械設備通常為固定資產，屬於 Category 2
機械及設備,,Ｘ光片顯影槽,True,2,機械設備通常為固定資產，屬於 Category 2
機械及設備,,Ｘ光機,True,2,機械設備通常為固定資產，屬於 Category 2
機械及設備,,牙科Ｘ光機,True,2,機械設備通常為固定資產，屬於 Category 2
機械及設備,,Ｘ光反光器,True,2,機械設備通常為固定資產，屬於 Category 2
機械及設備,,Ｘ光反光器寢台,True,2,機械設備通常為固定資產，屬於 Category 2
機械及設備,,Ｘ光片洗片機,True,2,機械設備通常為固定資產，屬於 Category 2
機械及設備,,Ｘ光暗室裝置,True,2,機械設備通常為固定資產，屬於 Category 2
機械及設備,,Ｘ光攝影框,True,2,機械設備通常為固定資產，屬於 Category 2
機械及設備,,海波濾清器,True,2,機械設備通常為固定資產，屬於 Category 2
機械及設備,,Ｘ光片取樣,True,2,機械設備通常為固定資產，屬於 Category 2
機械及設備,,Ｘ光透視台,True,2,機械設備通常為固定資產，屬於 Category 2
機械及設備,,高壓注射器,True,2,機械設備通常為固定資產，屬於 Category 2
機械及設備,,患者固定器,True,2,機械設備通常為固定資產，屬於 Category 2
機械及設備,,濃度計,True,2,機械設備通常為固定資產，屬於 Category 2
機械及設備,,腦室攝影坐椅,True,2,機械設備通常為固定資產，屬於 Category 2
機械及設備,,固定型閃爍雙型分析描繪器,True,2,機械設備通常為固定資產，屬於 Category 2
機械及設備,,Ｘ光軟片自動沖洗器,True,2,機械設備通常為固定資產，屬於 Category 2
機械及設備,,電腦斷層Ｘ光掃描器,True,2,機械設備通常為固定資產，屬於 Category 2
機械及設備,,噴霧式肺臟呼吸掃描器,True,2,機械設備通常為固定資產，屬於 Category 2
機械及設備,,臟器掃描器,True,2,機械設備通常為固定資產，屬於 Category 2
機械及設備,,電腦斷層治療計劃系統,True,2,機械設備通常為固定資產，屬於 Category 2
機械及設備,,Ｘ光片用印名器,True,2,機械設備通常為固定資產，屬於 Category 2
機械及設備,,Ｘ光機管球,True,2,機械設備通常為固定資產，屬於 Category 2
機械及設備,,自動Ｘ光片交換器,True,2,機械設備通常為固定資產，屬於 Category 2
機械及設備,,Ｘ光濾光板,True,2,機械設備通常為固定資產，屬於 Category 2
機械及設備,,Ｘ光拷貝機,True,2,機械設備通常為固定資產，屬於 Category 2
機械及設備,,基礎電子檢查記錄裝置,True,2,機械設備通常為固定資產，屬於 Category 2
機械及設備,,磁振造影機,True,2,機械設備通常為固定資產，屬於 Category 2
機械及設備,,Ｘ光底面感應測定儀,True,2,機械設備通常為固定資產，屬於 Category 2
機械及設備,,鉛櫃,True,2,機械設備通常為固定資產，屬於 Category 2
機械及設備,,多面層造影系統,True,2,機械設備通常為固定資產，屬於 Category 2
機械及設備,,Ｘ光趨動機,True,2,機械設備通常為固定資產，屬於 Category 2
機械及設備,,頭部攝影角度器,True,2,機械設備通常為固定資產，屬於 Category 2
機械及設備,,數位減算影像處理電腦系統,True,2,機械設備通常為固定資產，屬於 Category 2
機械及設備,,Ｘ光藥水自動混合機,True,2,機械設備通常為固定資產，屬於 Category 2
機械及設備,02,物理治療器械及設備,True,2,機械設備通常為固定資產，屬於 Category 2
機械及設備,,蒸汽浴器,True,2,機械設備通常為固定資產，屬於 Category 2
機械及設備,,感應電療機,True,2,機械設備通常為固定資產，屬於 Category 2
機械及設備,,神經筋治療機,True,2,機械設備通常為固定資產，屬於 Category 2
機械及設備,,人工太陽燈,True,2,機械設備通常為固定資產，屬於 Category 2
機械及設備,,赤外線燈,True,2,機械設備通常為固定資產，屬於 Category 2
機械及設備,,石英燈,True,2,機械設備通常為固定資產，屬於 Category 2
機械及設備,,低週波治療機,True,2,機械設備通常為固定資產，屬於 Category 2
機械及設備,,衝擊治療器,True,2,機械設備通常為固定資產，屬於 Category 2
機械及設備,,超短波治療器,True,2,機械設備通常為固定資產，屬於 Category 2
機械及設備,,溫濕布器,True,2,機械設備通常為固定資產，屬於 Category 2
機械及設備,,物理治療鞋,True,2,機械設備通常為固定資產，屬於 Category 2
機械及設備,,物理治療台,True,2,機械設備通常為固定資產，屬於 Category 2
機械及設備,,電氣筋肉刺激器,True,2,機械設備通常為固定資產，屬於 Category 2
機械及設備,,關節機能運動器,True,2,機械設備通常為固定資產，屬於 Category 2
機械及設備,,圓環電器床,True,2,機械設備通常為固定資產，屬於 Category 2
機械及設備,,物理治療起重器,True,2,機械設備通常為固定資產，屬於 Category 2
機械及設備,,步行補助器,True,2,機械設備通常為固定資產，屬於 Category 2
機械及設備,,運動木架,True,2,機械設備通常為固定資產，屬於 Category 2
機械及設備,,病人技能訓練織布機,True,2,機械設備通常為固定資產，屬於 Category 2
機械及設備,,電動渦輪噴射器,True,2,機械設備通常為固定資產，屬於 Category 2
機械及設備,,職能治療用鐵架,True,2,機械設備通常為固定資產，屬於 Category 2
機械及設備,,光線治療器,True,2,機械設備通常為固定資產，屬於 Category 2
機械及設備,,物理治療用水槽,True,2,機械設備通常為固定資產，屬於 Category 2
機械及設備,,離子電療器,True,2,機械設備通常為固定資產，屬於 Category 2
機械及設備,,靜電健康器,True,2,機械設備通常為固定資產，屬於 Category 2
機械及設備,,運動機能測定器,True,2,機械設備通常為固定資產，屬於 Category 2
機械及設備,,生理描寫記錄器,True,2,機械設備通常為固定資產，屬於 Category 2
機械及設備,,肌膚迴饋訓練器,True,2,機械設備通常為固定資產，屬於 Category 2
機械及設備,,腳踏車運動訓練器,True,2,機械設備通常為固定資產，屬於 Category 2
機械及設備,,腳肌運動床,True,2,機械設備通常為固定資產，屬於 Category 2
機械及設備,,肩輪,True,2,機械設備通常為固定資產，屬於 Category 2
機械及設備,,站立床,True,2,機械設備通常為固定資產，屬於 Category 2
機械及設備,,等速運動訓練器,True,2,機械設備通常為固定資產，屬於 Category 2
機械及設備,,鐳射光照射治療刺激器,True,2,機械設備通常為固定資產，屬於 Category 2
機械及設備,,引流排痰治療床,True,2,機械設備通常為固定資產，屬於 Category 2
機械及設備,,生物迴饋儀器,True,2,機械設備通常為固定資產，屬於 Category 2
機械及設備,,手提式震動按掌器,True,2,機械設備通常為固定資產，屬於 Category 2
機械及設備,,職前評估樣品組系列,True,2,機械設備通常為固定資產，屬於 Category 2
機械及設備,,振躍針灸綜合治療儀,True,2,機械設備通常為固定資產，屬於 Category 2
機械及設備,,義肢垂直裝配架,True,2,機械設備通常為固定資產，屬於 Category 2
機械及設備,,紅內線治療器,True,2,機械設備通常為固定資產，屬於 Category 2
機械及設備,,按摩椅,True,2,機械設備通常為固定資產，屬於 Category 2
機械及設備,,跑步機,True,2,機械設備通常為固定資產，屬於 Category 2
機械及設備,,音響指壓椅,True,2,機械設備通常為固定資產，屬於 Category 2
機械及設備,,肩梯,True,2,機械設備通常為固定資產，屬於 Category 2
機械及設備,,復健訓練海棉墊,True,2,機械設備通常為固定資產，屬於 Category 2
機械及設備,,四肢轉動運動器,True,2,機械設備通常為固定資產，屬於 Category 2
機械及設備,,糾姿鏡,True,2,機械設備通常為固定資產，屬於 Category 2
機械及設備,,糾姿雙桿,True,2,機械設備通常為固定資產，屬於 Category 2
機械及設備,,熱敷器（墊）,True,2,機械設備通常為固定資產，屬於 Category 2
機械及設備,,熱敷保溫箱,True,2,機械設備通常為固定資產，屬於 Category 2
機械及設備,,指梯,True,2,機械設備通常為固定資產，屬於 Category 2
機械及設備,,手腳四肢練習器,True,2,機械設備通常為固定資產，屬於 Category 2
機械及設備,,划船器,True,2,機械設備通常為固定資產，屬於 Category 2
機械及設備,,健身平行台,True,2,機械設備通常為固定資產，屬於 Category 2
機械及設備,,四腳手杖,True,2,機械設備通常為固定資產，屬於 Category 2
機械及設備,,運動搖椅,True,2,機械設備通常為固定資產，屬於 Category 2
機械及設備,,靜脈按摩器,True,2,機械設備通常為固定資產，屬於 Category 2
機械及設備,,超音波治療器,True,2,機械設備通常為固定資產，屬於 Category 2
機械及設備,,下肢重量訓練器,True,2,機械設備通常為固定資產，屬於 Category 2
機械及設備,,壁桿訓練器,True,2,機械設備通常為固定資產，屬於 Category 2
機械及設備,,假構音輔助器,True,2,機械設備通常為固定資產，屬於 Category 2
機械及設備,,電極消毒器及去磁器,True,2,機械設備通常為固定資產，屬於 Category 2
機械及設備,,測力計,True,2,機械設備通常為固定資產，屬於 Category 2
機械及設備,,石臘浴槽,True,2,機械設備通常為固定資產，屬於 Category 2
機械及設備,,腕誘器,True,2,機械設備通常為固定資產，屬於 Category 2
機械及設備,,轉腕器,True,2,機械設備通常為固定資產，屬於 Category 2
機械及設備,,反手旋轉器,True,2,機械設備通常為固定資產，屬於 Category 2
機械及設備,,壁梯,True,2,機械設備通常為固定資產，屬於 Category 2
機械及設備,,腕輪,True,2,機械設備通常為固定資產，屬於 Category 2
機械及設備,,啞鈴及架,True,2,機械設備通常為固定資產，屬於 Category 2
機械及設備,,動能變化機,True,2,機械設備通常為固定資產，屬於 Category 2
機械及設備,,諧波復健儀,True,2,機械設備通常為固定資產，屬於 Category 2
機械及設備,,滑輪,True,2,機械設備通常為固定資產，屬於 Category 2
機械及設備,,微波治療機,True,2,機械設備通常為固定資產，屬於 Category 2
機械及設備,,水療不銹鋼旋轉椅,True,2,機械設備通常為固定資產，屬於 Category 2
機械及設備,,足型檢查儀,True,2,機械設備通常為固定資產，屬於 Category 2
機械及設備,,脊椎測突計,True,2,機械設備通常為固定資產，屬於 Category 2
機械及設備,,手部評量治療箱,True,2,機械設備通常為固定資產，屬於 Category 2
機械及設備,,生理實驗裝置,True,2,機械設備通常為固定資產，屬於 Category 2
機械及設備,,氣壓四肢生理循環機,True,2,機械設備通常為固定資產，屬於 Category 2
機械及設備,,淋巴血液循環促進儀,True,2,機械設備通常為固定資產，屬於 Category 2
機械及設備,,後十字韌帶四點護具,True,2,機械設備通常為固定資產，屬於 Category 2
機械及設備,,真空式夾板,True,2,機械設備通常為固定資產，屬於 Category 2
機械及設備,,多功能電腦全身治療儀,True,2,機械設備通常為固定資產，屬於 Category 2
機械及設備,,短波電療機,True,2,機械設備通常為固定資產，屬於 Category 2
機械及設備,,踝部復健訓練器,True,2,機械設備通常為固定資產，屬於 Category 2
機械及設備,,低量鐳射治療儀,True,2,機械設備通常為固定資產，屬於 Category 2
機械及設備,,牽引治療機,True,2,機械設備通常為固定資產，屬於 Category 2
機械及設備,,水療器(機),True,2,機械設備通常為固定資產，屬於 Category 2
機械及設備,,中頻電療機,True,2,機械設備通常為固定資產，屬於 Category 2
機械及設備,,多功能電刺激儀,True,2,機械設備通常為固定資產，屬於 Category 2
機械及設備,,能量屋,True,2,機械設備通常為固定資產，屬於 Category 2
機械及設備,,電動治療床,True,2,機械設備通常為固定資產，屬於 Category 2
機械及設備,,烘烤箱,True,2,機械設備通常為固定資產，屬於 Category 2
機械及設備,,運動傷害護理療床,True,2,機械設備通常為固定資產，屬於 Category 2
機械及設備,,進食輔具評估組,True,2,機械設備通常為固定資產，屬於 Category 2
機械及設備,,上肢肌力訓練器,True,2,機械設備通常為固定資產，屬於 Category 2
機械及設備,03,Ｘ光治療器械及設備,True,2,機械設備通常為固定資產，屬於 Category 2
機械及設備,,Ｘ光治療用計時器,True,2,機械設備通常為固定資產，屬於 Category 2
機械及設備,,Ｘ光深部治療機,True,2,機械設備通常為固定資產，屬於 Category 2
機械及設備,,直線加速器,True,2,機械設備通常為固定資產，屬於 Category 2
機械及設備,,輪廓描線器,True,2,機械設備通常為固定資產，屬於 Category 2
機械及設備,,雷射定位指示器,True,2,機械設備通常為固定資產，屬於 Category 2
機械及設備,,放射線治療計劃系統,True,2,機械設備通常為固定資產，屬於 Category 2
機械及設備,04,同位素設備,True,2,機械設備通常為固定資產，屬於 Category 2
機械及設備,,貝他／伽傌射線偵測器,True,2,機械設備通常為固定資產，屬於 Category 2
機械及設備,,鈷六十治療機及治療台,True,2,機械設備通常為固定資產，屬於 Category 2
機械及設備,,同位素描檢器,True,2,機械設備通常為固定資產，屬於 Category 2
機械及設備,,放射線實驗室探測器,True,2,機械設備通常為固定資產，屬於 Category 2
機械及設備,,單管線狀反方繪圖記錄機,True,2,機械設備通常為固定資產，屬於 Category 2
機械及設備,,遙控吸管,True,2,機械設備通常為固定資產，屬於 Category 2
機械及設備,,放射線劑量充電器,True,2,機械設備通常為固定資產，屬於 Category 2
機械及設備,,何氏切割器,True,2,機械設備通常為固定資產，屬於 Category 2
機械及設備,,Ｘ光部位定位裝置,True,2,機械設備通常為固定資產，屬於 Category 2
機械及設備,,甲狀腺測定器,True,2,機械設備通常為固定資產，屬於 Category 2
機械及設備,,高劑量放射線遙控後荷治療裝置,True,2,機械設備通常為固定資產，屬於 Category 2
機械及設備,,同位素劑量校正模型,True,2,機械設備通常為固定資產，屬於 Category 2
機械及設備,,放射性氣體傳送裝置,True,2,機械設備通常為固定資產，屬於 Category 2
機械及設備,,高壓治療系統,True,2,機械設備通常為固定資產，屬於 Category 2
機械及設備,,骨骼密度測定儀,True,2,機械設備通常為固定資產，屬於 Category 2
機械及設備,11,病理科器械及設備,True,2,機械設備通常為固定資產，屬於 Category 2
機械及設備,01,組織檢查器械及設備,True,2,機械設備通常為固定資產，屬於 Category 2
機械及設備,,顯微鏡用暗視野集光器,True,2,機械設備通常為固定資產，屬於 Category 2
機械及設備,,顯微鏡用描畫器,True,2,機械設備通常為固定資產，屬於 Category 2
機械及設備,,石臘熔融恆溫器,True,2,機械設備通常為固定資產，屬於 Category 2
機械及設備,,顯微鏡燈,True,2,機械設備通常為固定資產，屬於 Category 2
機械及設備,,標本切片機,True,2,機械設備通常為固定資產，屬於 Category 2
機械及設備,,顯微鏡用載物器,True,2,機械設備通常為固定資產，屬於 Category 2
機械及設備,,幻燈片觀察箱,True,2,機械設備通常為固定資產，屬於 Category 2
機械及設備,,顯微鏡位相差裝置,True,2,機械設備通常為固定資產，屬於 Category 2
機械及設備,,離心機,True,2,機械設備通常為固定資產，屬於 Category 2
機械及設備,,電氣玻片加溫器,True,2,機械設備通常為固定資產，屬於 Category 2
機械及設備,,濾過泳動裝置,True,2,機械設備通常為固定資產，屬於 Category 2
機械及設備,,炭疽診斷箱,True,2,機械設備通常為固定資產，屬於 Category 2
機械及設備,,組織迴轉培養箱,True,2,機械設備通常為固定資產，屬於 Category 2
機械及設備,,自動磨刀器,True,2,機械設備通常為固定資產，屬於 Category 2
機械及設備,,電氣石臘刀,True,2,機械設備通常為固定資產，屬於 Category 2
機械及設備,,顯微鏡加溫裝置,True,2,機械設備通常為固定資產，屬於 Category 2
機械及設備,,組織包埋裝置,True,2,機械設備通常為固定資產，屬於 Category 2
機械及設備,,視野縮小接眼鏡,True,2,機械設備通常為固定資產，屬於 Category 2
機械及設備,,超音波細胞分裂器,True,2,機械設備通常為固定資產，屬於 Category 2
機械及設備,,組織冷凍保存器,True,2,機械設備通常為固定資產，屬於 Category 2
機械及設備,,毛細管血球容積測定離心器,True,2,機械設備通常為固定資產，屬於 Category 2
機械及設備,,顯微切片用製刀器,True,2,機械設備通常為固定資產，屬於 Category 2
機械及設備,,自動細胞染色裝置,True,2,機械設備通常為固定資產，屬於 Category 2
機械及設備,,組織切片飄浮機,True,2,機械設備通常為固定資產，屬於 Category 2
機械及設備,,離子覆膜裝置,True,2,機械設備通常為固定資產，屬於 Category 2
機械及設備,,細胞離心抹片機,True,2,機械設備通常為固定資產，屬於 Category 2
機械及設備,,複製器,True,2,機械設備通常為固定資產，屬於 Category 2
機械及設備,,動力細胞壓碎機,True,2,機械設備通常為固定資產，屬於 Category 2
機械及設備,,石臘展片台,True,2,機械設備通常為固定資產，屬於 Category 2
機械及設備,,鑽石切片刀,True,2,機械設備通常為固定資產，屬於 Category 2
機械及設備,,病理切片脫水機,True,2,機械設備通常為固定資產，屬於 Category 2
機械及設備,,標本進退器,True,2,機械設備通常為固定資產，屬於 Category 2
機械及設備,,組織均質機,True,2,機械設備通常為固定資產，屬於 Category 2
機械及設備,,生物處理系統,True,2,機械設備通常為固定資產，屬於 Category 2
機械及設備,,標本處理機,True,2,機械設備通常為固定資產，屬於 Category 2
機械及設備,,細胞研磨機,True,2,機械設備通常為固定資產，屬於 Category 2
機械及設備,,闌尾鎮痛針,True,2,機械設備通常為固定資產，屬於 Category 2
機械及設備,,自動檢體處理機,True,2,機械設備通常為固定資產，屬於 Category 2
機械及設備,,螢光流動細胞儀,True,2,機械設備通常為固定資產，屬於 Category 2
機械及設備,,細菌抗藥性試驗掃描儀,True,2,機械設備通常為固定資產，屬於 Category 2
機械及設備,,低溫動植物血壓測量器,True,2,機械設備通常為固定資產，屬於 Category 2
機械及設備,,血壓轉換器,True,2,機械設備通常為固定資產，屬於 Category 2
機械及設備,,血色素檢驗器,True,2,機械設備通常為固定資產，屬於 Category 2
機械及設備,,細胞融合器,True,2,機械設備通常為固定資產，屬於 Category 2
機械及設備,,血色素測定器,True,2,機械設備通常為固定資產，屬於 Category 2
機械及設備,,超音波細胞壁破壞裝置,True,2,機械設備通常為固定資產，屬於 Category 2
機械及設備,,其他組織檢查器械及設備,True,2,機械設備通常為固定資產，屬於 Category 2
機械及設備,02,解剖器械及設備,True,2,機械設備通常為固定資產，屬於 Category 2
機械及設備,,頭骨保持器,True,2,機械設備通常為固定資產，屬於 Category 2
機械及設備,,解剖台,True,2,機械設備通常為固定資產，屬於 Category 2
機械及設備,,解剖電鋸,True,2,機械設備通常為固定資產，屬於 Category 2
機械及設備,,冷凍停屍室,True,2,機械設備通常為固定資產，屬於 Category 2
機械及設備,12,獸醫器械及設備,True,2,機械設備通常為固定資產，屬於 Category 2
機械及設備,01,獸醫一般器械及設備,True,2,機械設備通常為固定資產，屬於 Category 2
機械及設備,,產科器械,True,2,機械設備通常為固定資產，屬於 Category 2
機械及設備,,煮沸消毒器,True,2,機械設備通常為固定資產，屬於 Category 2
機械及設備,,精子檢查加溫器,True,2,機械設備通常為固定資產，屬於 Category 2
機械及設備,,膣鐵電燈,True,2,機械設備通常為固定資產，屬於 Category 2
機械及設備,,橡膠衣（直腸檢查用）,True,2,機械設備通常為固定資產，屬於 Category 2
機械及設備,,子宮內藥液注入器,True,2,機械設備通常為固定資產，屬於 Category 2
機械及設備,,電氣刺激採精器,True,2,機械設備通常為固定資產，屬於 Category 2
機械及設備,,動物固定台,True,2,機械設備通常為固定資產，屬於 Category 2
機械及設備,,牛卵管疏通檢查器,True,2,機械設備通常為固定資產，屬於 Category 2
機械及設備,,人工膣,True,2,機械設備通常為固定資產，屬於 Category 2
機械及設備,,膣垢採取器,True,2,機械設備通常為固定資產，屬於 Category 2
機械及設備,,受胎增進器,True,2,機械設備通常為固定資產，屬於 Category 2
機械及設備,,子宮內膜採取器,True,2,機械設備通常為固定資產，屬於 Category 2
機械及設備,,剪嘴機,True,2,機械設備通常為固定資產，屬於 Category 2
機械及設備,,心電圖心音圖記錄儀,True,2,機械設備通常為固定資產，屬於 Category 2
機械及設備,,心電圖心音圖監視機,True,2,機械設備通常為固定資產，屬於 Category 2
機械及設備,,超音波掃瞄儀,True,2,機械設備通常為固定資產，屬於 Category 2
機械及設備,,腹腔吸引機,True,2,機械設備通常為固定資產，屬於 Category 2
機械及設備,,手搖骨鑽,True,2,機械設備通常為固定資產，屬於 Category 2
機械及設備,,電刀,True,2,機械設備通常為固定資產，屬於 Category 2
機械及設備,,產科鉗,True,2,機械設備通常為固定資產，屬於 Category 2
機械及設備,,陰道開張器,True,2,機械設備通常為固定資產，屬於 Category 2
機械及設備,,骨針鑽器,True,2,機械設備通常為固定資產，屬於 Category 2
機械及設備,,骨針導入器,True,2,機械設備通常為固定資產，屬於 Category 2
機械及設備,,夾骨鉗,True,2,機械設備通常為固定資產，屬於 Category 2
機械及設備,,紫外燈皮毛檢查器,True,2,機械設備通常為固定資產，屬於 Category 2
機械及設備,,大動物瘤胃液抽出器,True,2,機械設備通常為固定資產，屬於 Category 2
機械及設備,,截胎器,True,2,機械設備通常為固定資產，屬於 Category 2
機械及設備,,人工手動呼吸器,True,2,機械設備通常為固定資產，屬於 Category 2
機械及設備,,小動物全身麻醉裝置,True,2,機械設備通常為固定資產，屬於 Category 2
機械及設備,,大動物瘤胃異物探測儀,True,2,機械設備通常為固定資產，屬於 Category 2
機械及設備,,頭部固定器,True,2,機械設備通常為固定資產，屬於 Category 2
機械及設備,,腦下切除器,True,2,機械設備通常為固定資產，屬於 Category 2
機械及設備,,燒灼器,True,2,機械設備通常為固定資產，屬於 Category 2
機械及設備,,鑽孔器,True,2,機械設備通常為固定資產，屬於 Category 2
機械及設備,,晶體趕豬棒,True,2,機械設備通常為固定資產，屬於 Category 2
機械及設備,,動物剪毛器,True,2,機械設備通常為固定資產，屬於 Category 2
機械及設備,,懷孕測定器,True,2,機械設備通常為固定資產，屬於 Category 2
機械及設備,,發情排卵測定器,True,2,機械設備通常為固定資產，屬於 Category 2
機械及設備,,牛胃內視鏡,True,2,機械設備通常為固定資產，屬於 Category 2
機械及設備,,牛用開口器,True,2,機械設備通常為固定資產，屬於 Category 2
機械及設備,,動物實驗手術桌,True,2,機械設備通常為固定資產，屬於 Category 2
機械及設備,,修蹄工具,True,2,機械設備通常為固定資產，屬於 Category 2
機械及設備,,人工授精器械組件,True,2,機械設備通常為固定資產，屬於 Category 2
機械及設備,,解剖器械組件,True,2,機械設備通常為固定資產，屬於 Category 2
機械及設備,,外科器械組件,True,2,機械設備通常為固定資產，屬於 Category 2
機械及設備,,畜舍畜體藥消毒器,True,2,機械設備通常為固定資產，屬於 Category 2
機械及設備,,疫菌苗真空度測定器,True,2,機械設備通常為固定資產，屬於 Category 2
機械及設備,,妊娠診斷器,True,2,機械設備通常為固定資產，屬於 Category 2
機械及設備,,動物採血箱,True,2,機械設備通常為固定資產，屬於 Category 2
機械及設備,,動物行為觀察組件,True,2,機械設備通常為固定資產，屬於 Category 2
機械及設備,,乳房炎測定器,True,2,機械設備通常為固定資產，屬於 Category 2
機械及設備,13,實驗診斷科器械及設備,True,2,機械設備通常為固定資產，屬於 Category 2
機械及設備,01,血液檢查及輸血器械及設備,True,2,機械設備通常為固定資產，屬於 Category 2
機械及設備,,輸血用臥椅,True,2,機械設備通常為固定資產，屬於 Category 2
機械及設備,,ＲＨ血清測定器,True,2,機械設備通常為固定資產，屬於 Category 2
機械及設備,,輸血加壓器,True,2,機械設備通常為固定資產，屬於 Category 2
機械及設備,,血漿壓出器,True,2,機械設備通常為固定資產，屬於 Category 2
機械及設備,,抽取器,True,2,機械設備通常為固定資產，屬於 Category 2
機械及設備,,血液成份分離裝置,True,2,機械設備通常為固定資產，屬於 Category 2
機械及設備,,抗血友病因子分離器,True,2,機械設備通常為固定資產，屬於 Category 2
機械及設備,,血液洗滌器,True,2,機械設備通常為固定資產，屬於 Category 2
機械及設備,,血小板凝集測定器,True,2,機械設備通常為固定資產，屬於 Category 2
機械及設備,,自動控量抽血擺動器,True,2,機械設備通常為固定資產，屬於 Category 2
機械及設備,,自動血球分類計算器,True,2,機械設備通常為固定資產，屬於 Category 2
機械及設備,,血小板計算儀,True,2,機械設備通常為固定資產，屬於 Category 2
機械及設備,,血液黏度計,True,2,機械設備通常為固定資產，屬於 Category 2
機械及設備,,血漿收集器,True,2,機械設備通常為固定資產，屬於 Category 2
機械及設備,,自動血沉速度測定器,True,2,機械設備通常為固定資產，屬於 Category 2
機械及設備,,試管分類計算器,True,2,機械設備通常為固定資產，屬於 Category 2
機械及設備,,血庫專用回溫計,True,2,機械設備通常為固定資產，屬於 Category 2
機械及設備,,血庫,True,2,機械設備通常為固定資產，屬於 Category 2
機械及設備,,糞便濾過器,True,2,機械設備通常為固定資產，屬於 Category 2
機械及設備,,拍節器,True,2,機械設備通常為固定資產，屬於 Category 2
機械及設備,,血液混合器,True,2,機械設備通常為固定資產，屬於 Category 2
機械及設備,,旋轉器,True,2,機械設備通常為固定資產，屬於 Category 2
機械及設備,,血液沉降測定恆溫器,True,2,機械設備通常為固定資產，屬於 Category 2
機械及設備,,血清培養凝固器,True,2,機械設備通常為固定資產，屬於 Category 2
機械及設備,,血清及培養基凝固器,True,2,機械設備通常為固定資產，屬於 Category 2
機械及設備,,血清蒐集器,True,2,機械設備通常為固定資產，屬於 Category 2
機械及設備,,血液凝聚試驗器,True,2,機械設備通常為固定資產，屬於 Category 2
機械及設備,,自動血球分析器,True,2,機械設備通常為固定資產，屬於 Category 2
機械及設備,,自動凝血酶之時間測定計,True,2,機械設備通常為固定資產，屬於 Category 2
機械及設備,,其他血液檢查及輸血器械及設備,True,2,機械設備通常為固定資產，屬於 Category 2
機械及設備,02,生化學檢查器械及設備,True,2,機械設備通常為固定資產，屬於 Category 2
機械及設備,,色素分劃箱,True,2,機械設備通常為固定資產，屬於 Category 2
機械及設備,,氨基酸自動分析器,True,2,機械設備通常為固定資產，屬於 Category 2
機械及設備,,電解質分析器,True,2,機械設備通常為固定資產，屬於 Category 2
機械及設備,,血中氨量測定器,True,2,機械設備通常為固定資產，屬於 Category 2
機械及設備,,電極式鈉鉀氯分析儀,True,2,機械設備通常為固定資產，屬於 Category 2
機械及設備,,硫酸鋇攪拌器,True,2,機械設備通常為固定資產，屬於 Category 2
機械及設備,,血清蛋白計算器,True,2,機械設備通常為固定資產，屬於 Category 2
機械及設備,,屎比重計,True,2,機械設備通常為固定資產，屬於 Category 2
機械及設備,,血紅素比色計,True,2,機械設備通常為固定資產，屬於 Category 2
機械及設備,,尿蛋白測定計,True,2,機械設備通常為固定資產，屬於 Category 2
機械及設備,,血液蛋白碘結合測定器,True,2,機械設備通常為固定資產，屬於 Category 2
機械及設備,,甲狀腺素Ｔ４試驗儀器,True,2,機械設備通常為固定資產，屬於 Category 2
機械及設備,,自動生化分析儀,True,2,機械設備通常為固定資產，屬於 Category 2
機械及設備,,快速生化化驗儀器,True,2,機械設備通常為固定資產，屬於 Category 2
機械及設備,,電腦控制血液化學分析儀,True,2,機械設備通常為固定資產，屬於 Category 2
機械及設備,,血液氣體酸鹼度分析儀器,True,2,機械設備通常為固定資產，屬於 Category 2
機械及設備,,快速血糖測定器,True,2,機械設備通常為固定資產，屬於 Category 2
機械及設備,,三酸甘油脂測定計,True,2,機械設備通常為固定資產，屬於 Category 2
機械及設備,,膽紅素血液螢光儀,True,2,機械設備通常為固定資產，屬於 Category 2
機械及設備,,尿液化學分析儀,True,2,機械設備通常為固定資產，屬於 Category 2
機械及設備,,去氧核糖核酸透析系統,True,2,機械設備通常為固定資產，屬於 Category 2
機械及設備,,核糖核酸分析系統,True,2,機械設備通常為固定資產，屬於 Category 2
機械及設備,,電氣泳動裝置之密度計,True,2,機械設備通常為固定資產，屬於 Category 2
機械及設備,,免疫電泳用緩衝液槽,True,2,機械設備通常為固定資產，屬於 Category 2
機械及設備,,血清試驗振搖器,True,2,機械設備通常為固定資產，屬於 Category 2
機械及設備,,血球吸管振盪器,True,2,機械設備通常為固定資產，屬於 Category 2
機械及設備,,細菌聚落計算器,True,2,機械設備通常為固定資產，屬於 Category 2
機械及設備,,免疫酵素分析儀,True,2,機械設備通常為固定資產，屬於 Category 2
機械及設備,,尿試紙判讀器,True,2,機械設備通常為固定資產，屬於 Category 2
機械及設備,,高性能血清蛋白分析裝置,True,2,機械設備通常為固定資產，屬於 Category 2
機械及設備,,免疫照射檢查器,True,2,機械設備通常為固定資產，屬於 Category 2
機械及設備,,免疫用放大箱裝置,True,2,機械設備通常為固定資產，屬於 Category 2
機械及設備,,抗生素片擴張器,True,2,機械設備通常為固定資產，屬於 Category 2
機械及設備,,高性能血清蛋白分析裝置,True,2,機械設備通常為固定資產，屬於 Category 2
機械及設備,,西方墨點試驗測定儀,True,2,機械設備通常為固定資產，屬於 Category 2
機械及設備,,酵素免疫分析自動判讀機,True,2,機械設備通常為固定資產，屬於 Category 2
機械及設備,,核甘酸合成儀,True,2,機械設備通常為固定資產，屬於 Category 2
機械及設備,,基因粒子傳送系統,True,2,機械設備通常為固定資產，屬於 Category 2
機械及設備,,電動微量吸液器,True,2,機械設備通常為固定資產，屬於 Category 2
機械及設備,,尿比重屈折計,True,2,機械設備通常為固定資產，屬於 Category 2
機械及設備,,乳酸測定儀,True,2,機械設備通常為固定資產，屬於 Category 2
機械及設備,,良導絡人體生化能量儀,True,2,機械設備通常為固定資產，屬於 Category 2
機械及設備,,藥敏試片打錠機,True,2,機械設備通常為固定資產，屬於 Category 2
機械及設備,,其他生化學檢查器械及設備,True,2,機械設備通常為固定資產，屬於 Category 2
機械及設備,14,心理測驗儀器及設備,True,2,機械設備通常為固定資產，屬於 Category 2
機械及設備,01,一般心理測驗儀器及設備,True,2,機械設備通常為固定資產，屬於 Category 2
機械及設備,,名稱比較檢查器,True,2,機械設備通常為固定資產，屬於 Category 2
機械及設備,,算術檢查器,True,2,機械設備通常為固定資產，屬於 Category 2
機械及設備,,語言檢查器,True,2,機械設備通常為固定資產，屬於 Category 2
機械及設備,,視準檢查器,True,2,機械設備通常為固定資產，屬於 Category 2
機械及設備,,型盤檢查器,True,2,機械設備通常為固定資產，屬於 Category 2
機械及設備,,插棒檢查器,True,2,機械設備通常為固定資產，屬於 Category 2
機械及設備,,拾球檢查器,True,2,機械設備通常為固定資產，屬於 Category 2
機械及設備,,形態檢查器,True,2,機械設備通常為固定資產，屬於 Category 2
機械及設備,,速度檢查器,True,2,機械設備通常為固定資產，屬於 Category 2
機械及設備,,職能判斷,True,2,機械設備通常為固定資產，屬於 Category 2
機械及設備,,鏡映描寫器,True,2,機械設備通常為固定資產，屬於 Category 2
機械及設備,,大小分類器,True,2,機械設備通常為固定資產，屬於 Category 2
機械及設備,,眼球運動攝影記錄器,True,2,機械設備通常為固定資產，屬於 Category 2
機械及設備,,眼球攝影追蹤器,True,2,機械設備通常為固定資產，屬於 Category 2
機械及設備,,生理放大器,True,2,機械設備通常為固定資產，屬於 Category 2
機械及設備,,注意力測驗器,True,2,機械設備通常為固定資產，屬於 Category 2
機械及設備,,眼手協調測驗器,True,2,機械設備通常為固定資產，屬於 Category 2
機械及設備,,標準一般職業性檢查器,True,2,機械設備通常為固定資產，屬於 Category 2
機械及設備,,心理實驗示範,True,2,機械設備通常為固定資產，屬於 Category 2
機械及設備,,重覆作業反應檢查器,True,2,機械設備通常為固定資產，屬於 Category 2
機械及設備,,處置判斷檢查器,True,2,機械設備通常為固定資產，屬於 Category 2
機械及設備,,奧氏行為測驗,True,2,機械設備通常為固定資產，屬於 Category 2
機械及設備,,概念形成測驗,True,2,機械設備通常為固定資產，屬於 Category 2
機械及設備,,成人智力等級測驗,True,2,機械設備通常為固定資產，屬於 Category 2
機械及設備,,運動神精發展測驗,True,2,機械設備通常為固定資產，屬於 Category 2
機械及設備,,手操作速度測驗,True,2,機械設備通常為固定資產，屬於 Category 2
機械及設備,,奧氏手指敏捷測驗,True,2,機械設備通常為固定資產，屬於 Category 2
機械及設備,,奧氏曲微積木測驗,True,2,機械設備通常為固定資產，屬於 Category 2
機械及設備,,穩定性測驗,True,2,機械設備通常為固定資產，屬於 Category 2
機械及設備,,國際性作業等級測驗,True,2,機械設備通常為固定資產，屬於 Category 2
機械及設備,,協調測驗等八種Ｂ,True,2,機械設備通常為固定資產，屬於 Category 2
機械及設備,,一般職業性治療測驗,True,2,機械設備通常為固定資產，屬於 Category 2
機械及設備,,迷津測驗,True,2,機械設備通常為固定資產，屬於 Category 2
機械及設備,,打扣數測驗,True,2,機械設備通常為固定資產，屬於 Category 2
機械及設備,,大小型態分類測驗,True,2,機械設備通常為固定資產，屬於 Category 2
機械及設備,,協調反應動作測驗,True,2,機械設備通常為固定資產，屬於 Category 2
機械及設備,,定時儀,True,2,機械設備通常為固定資產，屬於 Category 2
機械及設備,,反應時間測定器,True,2,機械設備通常為固定資產，屬於 Category 2
機械及設備,,記憶鼓,True,2,機械設備通常為固定資產，屬於 Category 2
機械及設備,,電動分析機,True,2,機械設備通常為固定資產，屬於 Category 2
機械及設備,,四頻道遙傳式記錄器,True,2,機械設備通常為固定資產，屬於 Category 2
機械及設備,,呼吸狀態感應偵測器,True,2,機械設備通常為固定資產，屬於 Category 2
機械及設備,,心跳/血液流量偵測器,True,2,機械設備通常為固定資產，屬於 Category 2
機械及設備,,表面肌電感應偵測器,True,2,機械設備通常為固定資產，屬於 Category 2
機械及設備,,皮膚電阻感應偵測器,True,2,機械設備通常為固定資產，屬於 Category 2
機械及設備,,皮膚溫度感應偵測器,True,2,機械設備通常為固定資產，屬於 Category 2
機械及設備,,腦波感應偵測器,True,2,機械設備通常為固定資產，屬於 Category 2
機械及設備,15,視覺障礙及特殊教育器械及輔助器械,True,2,機械設備通常為固定資產，屬於 Category 2
機械及設備,01,視覺障礙教育及輔助器械,True,2,機械設備通常為固定資產，屬於 Category 2
機械及設備,,點字機,True,2,機械設備通常為固定資產，屬於 Category 2
機械及設備,,點字壓板機,True,2,機械設備通常為固定資產，屬於 Category 2
機械及設備,,視覺障礙者打字製版機,True,2,機械設備通常為固定資產，屬於 Category 2
機械及設備,,視解轉換機,True,2,機械設備通常為固定資產，屬於 Category 2
機械及設備,02,特殊教育及輔助器械,True,2,機械設備通常為固定資產，屬於 Category 2
機械及設備,,特殊教育器材教具及輔具,True,2,機械設備通常為固定資產，屬於 Category 2
機械及設備,,視覺器材教具,True,2,機械設備通常為固定資產，屬於 Category 2
機械及設備,12,污染防止機械及設備,True,2,機械設備通常為固定資產，屬於 Category 2
機械及設備,01,石油化學污染防止機械及設備,True,2,機械設備通常為固定資產，屬於 Category 2
機械及設備,01,水污染防止設備（容槽類）,True,2,機械設備通常為固定資產，屬於 Category 2
機械及設備,,油泥焚化爐,True,2,機械設備通常為固定資產，屬於 Category 2
機械及設備,,垃圾焚化爐,True,2,機械設備通常為固定資產，屬於 Category 2
機械及設備,,樹枝焚化爐,True,2,機械設備通常為固定資產，屬於 Category 2
機械及設備,,污油渣池,True,2,機械設備通常為固定資產，屬於 Category 2
機械及設備,,油水分離池,True,2,機械設備通常為固定資產，屬於 Category 2
機械及設備,,空氣浮上池,True,2,機械設備通常為固定資產，屬於 Category 2
機械及設備,,曝氣氧化池,True,2,機械設備通常為固定資產，屬於 Category 2
機械及設備,,澄清槽,True,2,機械設備通常為固定資產，屬於 Category 2
機械及設備,,中和槽,True,2,機械設備通常為固定資產，屬於 Category 2
機械及設備,,儲槽,True,2,機械設備通常為固定資產，屬於 Category 2
機械及設備,,廢鹼深水井,True,2,機械設備通常為固定資產，屬於 Category 2
機械及設備,,空氣溶解槽,True,2,機械設備通常為固定資產，屬於 Category 2
機械及設備,,硫酸鋁溶液槽,True,2,機械設備通常為固定資產，屬於 Category 2
機械及設備,,立式筒形槽,True,2,機械設備通常為固定資產，屬於 Category 2
機械及設備,,污油槽,True,2,機械設備通常為固定資產，屬於 Category 2
機械及設備,,分離槽,True,2,機械設備通常為固定資產，屬於 Category 2
機械及設備,,裝油渣錐頂油槽,True,2,機械設備通常為固定資產，屬於 Category 2
機械及設備,,壓縮空氣過瀘槽,True,2,機械設備通常為固定資產，屬於 Category 2
機械及設備,,空氣貯槽,True,2,機械設備通常為固定資產，屬於 Category 2
機械及設備,,容受槽,True,2,機械設備通常為固定資產，屬於 Category 2
機械及設備,,廢氣燃燒塔,True,2,機械設備通常為固定資產，屬於 Category 2
機械及設備,,脫水塔,True,2,機械設備通常為固定資產，屬於 Category 2
機械及設備,,中間水槽,True,2,機械設備通常為固定資產，屬於 Category 2
機械及設備,,地下管線,True,2,機械設備通常為固定資產，屬於 Category 2
機械及設備,,水管線,True,2,機械設備通常為固定資產，屬於 Category 2
機械及設備,,滴濾池,True,2,機械設備通常為固定資產，屬於 Category 2
機械及設備,,消化池,True,2,機械設備通常為固定資產，屬於 Category 2
機械及設備,,臭氧反應系統,True,2,機械設備通常為固定資產，屬於 Category 2
機械及設備,02,水污染防止設備（機動類）,True,2,機械設備通常為固定資產，屬於 Category 2
機械及設備,,油污分離機,True,2,機械設備通常為固定資產，屬於 Category 2
機械及設備,,油水分離裝置設備,True,2,機械設備通常為固定資產，屬於 Category 2
機械及設備,,環動油污清除設備,True,2,機械設備通常為固定資產，屬於 Category 2
機械及設備,,螺旋型污泥輸出設備,True,2,機械設備通常為固定資產，屬於 Category 2
機械及設備,,回收設備,True,2,機械設備通常為固定資產，屬於 Category 2
機械及設備,,液面括油機,True,2,機械設備通常為固定資產，屬於 Category 2
機械及設備,,凝聚機,True,2,機械設備通常為固定資產，屬於 Category 2
機械及設備,,輸送機,True,2,機械設備通常為固定資產，屬於 Category 2
機械及設備,,模型處理廠,True,2,機械設備通常為固定資產，屬於 Category 2
機械及設備,,活性污泥處理設備,True,2,機械設備通常為固定資產，屬於 Category 2
機械及設備,,浮筒式攪拌機,True,2,機械設備通常為固定資產，屬於 Category 2
機械及設備,,泵,True,2,機械設備通常為固定資產，屬於 Category 2
機械及設備,,鑄鐵殼立式離心泵,True,2,機械設備通常為固定資產，屬於 Category 2
機械及設備,,深井式離心泵,True,2,機械設備通常為固定資產，屬於 Category 2
機械及設備,,螺形式離心泵,True,2,機械設備通常為固定資產，屬於 Category 2
機械及設備,,不銹鋼臥式離心泵,True,2,機械設備通常為固定資產，屬於 Category 2
機械及設備,,空氣壓縮機,True,2,機械設備通常為固定資產，屬於 Category 2
機械及設備,,雙套管殼熱交換器,True,2,機械設備通常為固定資產，屬於 Category 2
機械及設備,,廢鹼離心泵,True,2,機械設備通常為固定資產，屬於 Category 2
機械及設備,,曝氣機,True,2,機械設備通常為固定資產，屬於 Category 2
機械及設備,,移動式空氣壓縮機,True,2,機械設備通常為固定資產，屬於 Category 2
機械及設備,,臥式迴轉鼓風機,True,2,機械設備通常為固定資產，屬於 Category 2
機械及設備,,一缸汽油機,True,2,機械設備通常為固定資產，屬於 Category 2
機械及設備,,電動機,True,2,機械設備通常為固定資產，屬於 Category 2
機械及設備,,三相變壓機,True,2,機械設備通常為固定資產，屬於 Category 2
機械及設備,,電動機控制站,True,2,機械設備通常為固定資產，屬於 Category 2
機械及設備,,電氣設備,True,2,機械設備通常為固定資產，屬於 Category 2
機械及設備,,污水撒佈機,True,2,機械設備通常為固定資產，屬於 Category 2
機械及設備,,離子交換樹脂設備,True,2,機械設備通常為固定資產，屬於 Category 2
機械及設備,,膈膜電解設備,True,2,機械設備通常為固定資產，屬於 Category 2
機械及設備,,固液分離機,True,2,機械設備通常為固定資產，屬於 Category 2
機械及設備,,除油劑噴灑器,True,2,機械設備通常為固定資產，屬於 Category 2
機械及設備,03,水污染防止設備（儀器類）,True,2,機械設備通常為固定資產，屬於 Category 2
機械及設備,,水樣取樣器,True,2,機械設備通常為固定資產，屬於 Category 2
機械及設備,,酸度指示表,True,2,機械設備通常為固定資產，屬於 Category 2
機械及設備,,流量指示針,True,2,機械設備通常為固定資產，屬於 Category 2
機械及設備,,流量記錄器,True,2,機械設備通常為固定資產，屬於 Category 2
機械及設備,,玻璃液面計,True,2,機械設備通常為固定資產，屬於 Category 2
機械及設備,,自動量油器,True,2,機械設備通常為固定資產，屬於 Category 2
機械及設備,,浮標式容槽液面計,True,2,機械設備通常為固定資產，屬於 Category 2
機械及設備,,液面作動開關,True,2,機械設備通常為固定資產，屬於 Category 2
機械及設備,,流量指示傳送器,True,2,機械設備通常為固定資產，屬於 Category 2
機械及設備,,液面控制器,True,2,機械設備通常為固定資產，屬於 Category 2
機械及設備,,壓力控制器,True,2,機械設備通常為固定資產，屬於 Category 2
機械及設備,,鋼法蘭控制閥,True,2,機械設備通常為固定資產，屬於 Category 2
機械及設備,,需氧量測定器,True,2,機械設備通常為固定資產，屬於 Category 2
機械及設備,,酸度分析儀,True,2,機械設備通常為固定資產，屬於 Category 2
機械及設備,,控制凡而,True,2,機械設備通常為固定資產，屬於 Category 2
機械及設備,,浮標燈台,True,2,機械設備通常為固定資產，屬於 Category 2
機械及設備,,污泥脫水率試驗器,True,2,機械設備通常為固定資產，屬於 Category 2
機械及設備,,大氣蒸發罐,True,2,機械設備通常為固定資產，屬於 Category 2
機械及設備,,地下水油水界面儀,True,2,機械設備通常為固定資產，屬於 Category 2
機械及設備,,油污染檢測儀,True,2,機械設備通常為固定資產，屬於 Category 2
機械及設備,04,空氣污染防止設備,True,2,機械設備通常為固定資產，屬於 Category 2
機械及設備,,風速風向自動記錄裝置,True,2,機械設備通常為固定資產，屬於 Category 2
機械及設備,,濕度測定計,True,2,機械設備通常為固定資產，屬於 Category 2
機械及設備,,濕度記錄器,True,2,機械設備通常為固定資產，屬於 Category 2
機械及設備,,大氣壓記錄器,True,2,機械設備通常為固定資產，屬於 Category 2
機械及設備,,濕度試驗器,True,2,機械設備通常為固定資產，屬於 Category 2
機械及設備,,濕度測定計,True,2,機械設備通常為固定資產，屬於 Category 2
機械及設備,,空氣含鉛量測定器,True,2,機械設備通常為固定資產，屬於 Category 2
機械及設備,,濁度分析儀,True,2,機械設備通常為固定資產，屬於 Category 2
機械及設備,,靜電空氣採樣器,True,2,機械設備通常為固定資產，屬於 Category 2
機械及設備,,空氣污染自動測量儀,True,2,機械設備通常為固定資產，屬於 Category 2
機械及設備,,溫度記錄器,True,2,機械設備通常為固定資產，屬於 Category 2
機械及設備,,雨量記錄器,True,2,機械設備通常為固定資產，屬於 Category 2
機械及設備,,二氧化硫分析記錄儀,True,2,機械設備通常為固定資產，屬於 Category 2
機械及設備,,空氣淨化機,True,2,機械設備通常為固定資產，屬於 Category 2
機械及設備,,空氣呼吸器,True,2,機械設備通常為固定資產，屬於 Category 2
機械及設備,,煙塵粒徑分佈測定儀,True,2,機械設備通常為固定資產，屬於 Category 2
機械及設備,,煙霧收集器,True,2,機械設備通常為固定資產，屬於 Category 2
機械及設備,,懸浮微粒分析儀,True,2,機械設備通常為固定資產，屬於 Category 2
機械及設備,,空氣污染觀測系統,True,2,機械設備通常為固定資產，屬於 Category 2
機械及設備,,手提有機蒸汽分析儀,True,2,機械設備通常為固定資產，屬於 Category 2
機械及設備,,氰酸ＨＣＮ監視器,True,2,機械設備通常為固定資產，屬於 Category 2
機械及設備,,鹽酸ＨＣＣ監視器,True,2,機械設備通常為固定資產，屬於 Category 2
機械及設備,,汽車排氣分析系統,True,2,機械設備通常為固定資產，屬於 Category 2
機械及設備,,煙道自動等速吸引裝置,True,2,機械設備通常為固定資產，屬於 Category 2
機械及設備,,大氣中二氧化硫監視器,True,2,機械設備通常為固定資產，屬於 Category 2
機械及設備,,二氧化硫風速風向監視儀,True,2,機械設備通常為固定資產，屬於 Category 2
機械及設備,,汽車排氣分析記錄儀,True,2,機械設備通常為固定資產，屬於 Category 2
機械及設備,,汽車排氣測定器,True,2,機械設備通常為固定資產，屬於 Category 2
機械及設備,,大氣擴散觀測裝置,True,2,機械設備通常為固定資產，屬於 Category 2
機械及設備,,一氧化碳監視儀,True,2,機械設備通常為固定資產，屬於 Category 2
機械及設備,,一氧化碳電光位即指示板,True,2,機械設備通常為固定資產，屬於 Category 2
機械及設備,,一氧化碳自動測定器,True,2,機械設備通常為固定資產，屬於 Category 2
機械及設備,,空氣採樣幫浦,True,2,機械設備通常為固定資產，屬於 Category 2
機械及設備,,空氣捕集器,True,2,機械設備通常為固定資產，屬於 Category 2
機械及設備,,落塵收集器,True,2,機械設備通常為固定資產，屬於 Category 2
機械及設備,,採樣器,True,2,機械設備通常為固定資產，屬於 Category 2
機械及設備,,高量採樣器,True,2,機械設備通常為固定資產，屬於 Category 2
機械及設備,,大氣懸浮微粒粒徑分離高速採樣器,True,2,機械設備通常為固定資產，屬於 Category 2
機械及設備,,煙道內粒徑分離採樣裝置,True,2,機械設備通常為固定資產，屬於 Category 2
機械及設備,,大流量煙塵採樣器,True,2,機械設備通常為固定資產，屬於 Category 2
機械及設備,,有毒氣體屬析儀積分紀錄器,True,2,機械設備通常為固定資產，屬於 Category 2
機械及設備,,煙道氮氧化物測定器,True,2,機械設備通常為固定資產，屬於 Category 2
機械及設備,,硫化氫分析記錄儀,True,2,機械設備通常為固定資產，屬於 Category 2
機械及設備,,總碳氫化合物分析記錄儀,True,2,機械設備通常為固定資產，屬於 Category 2
機械及設備,,靜電集塵器,True,2,機械設備通常為固定資產，屬於 Category 2
機械及設備,,飛灰儲倉,True,2,機械設備通常為固定資產，屬於 Category 2
機械及設備,,無灰塵御放器,True,2,機械設備通常為固定資產，屬於 Category 2
機械及設備,,粉塵抑制系統,True,2,機械設備通常為固定資產，屬於 Category 2
機械及設備,,有害廢氣處理設備,True,2,機械設備通常為固定資產，屬於 Category 2
機械及設備,,生物洗滌塔試驗系統本體,True,2,機械設備通常為固定資產，屬於 Category 2
機械及設備,,油氣回收設備,True,2,機械設備通常為固定資產，屬於 Category 2
機械及設備,,氨水稀釋風車,True,2,機械設備通常為固定資產，屬於 Category 2
機械及設備,,脫硝出入口及旁路檔板,True,2,機械設備通常為固定資產，屬於 Category 2
機械及設備,,氨水蒸發器,True,2,機械設備通常為固定資產，屬於 Category 2
機械及設備,,氨噴射裝置,True,2,機械設備通常為固定資產，屬於 Category 2
機械及設備,,氨水溶解泵,True,2,機械設備通常為固定資產，屬於 Category 2
機械及設備,,觸媒脫硝設備,True,2,機械設備通常為固定資產，屬於 Category 2
機械及設備,,氨水槽,True,2,機械設備通常為固定資產，屬於 Category 2
機械及設備,,壓力傳送器,True,2,機械設備通常為固定資產，屬於 Category 2
機械及設備,,差壓傳送器,True,2,機械設備通常為固定資產，屬於 Category 2
機械及設備,,遮斷閥,True,2,機械設備通常為固定資產，屬於 Category 2
機械及設備,,廢氣加熱風車,True,2,機械設備通常為固定資產，屬於 Category 2
機械及設備,,引風機,True,2,機械設備通常為固定資產，屬於 Category 2
機械及設備,,氧化鼓風機,True,2,機械設備通常為固定資產，屬於 Category 2
機械及設備,,吸收塔出入口及旁路檔板,True,2,機械設備通常為固定資產，屬於 Category 2
機械及設備,,蒸汽式空氣預熱器,True,2,機械設備通常為固定資產，屬於 Category 2
機械及設備,,純水泵,True,2,機械設備通常為固定資產，屬於 Category 2
機械及設備,,液鹼循環泵,True,2,機械設備通常為固定資產，屬於 Category 2
機械及設備,,廢水泵,True,2,機械設備通常為固定資產，屬於 Category 2
機械及設備,,液鹼加注泵,True,2,機械設備通常為固定資產，屬於 Category 2
機械及設備,,液鹼供給泵,True,2,機械設備通常為固定資產，屬於 Category 2
機械及設備,,分散劑泵,True,2,機械設備通常為固定資產，屬於 Category 2
機械及設備,,分散劑槽,True,2,機械設備通常為固定資產，屬於 Category 2
機械及設備,,氫氧化鈉槽,True,2,機械設備通常為固定資產，屬於 Category 2
機械及設備,,控制閥,True,2,機械設備通常為固定資產，屬於 Category 2
機械及設備,,煙囪連續監視系統,True,2,機械設備通常為固定資產，屬於 Category 2
機械及設備,,吸收槽,True,2,機械設備通常為固定資產，屬於 Category 2
機械及設備,05,噪音污染防止設備,True,2,機械設備通常為固定資產，屬於 Category 2
機械及設備,,音強音測儀,True,2,機械設備通常為固定資產，屬於 Category 2
機械及設備,,噪音量測儀,True,2,機械設備通常為固定資產，屬於 Category 2
機械及設備,,振動量測儀,True,2,機械設備通常為固定資產，屬於 Category 2
機械及設備,,隔音板,True,2,機械設備通常為固定資產，屬於 Category 2
機械及設備,02,動物污染防止機械及設備,True,2,機械設備通常為固定資產，屬於 Category 2
機械及設備,01,水污染防止設備（容槽類）,True,2,機械設備通常為固定資產，屬於 Category 2
機械及設備,,豬糞尿處理設備,True,2,機械設備通常為固定資產，屬於 Category 2
機械及設備,,蓄糞尿池,True,2,機械設備通常為固定資產，屬於 Category 2
機械及設備,,終沉池,True,2,機械設備通常為固定資產，屬於 Category 2
機械及設備,,污泥消化池,True,2,機械設備通常為固定資產，屬於 Category 2
機械及設備,,污水地下輸送管路,True,2,機械設備通常為固定資產，屬於 Category 2
機械及設備,,抽污水坑井,True,2,機械設備通常為固定資產，屬於 Category 2
機械及設備,,調節池,True,2,機械設備通常為固定資產，屬於 Category 2
機械及設備,,攪拌池,True,2,機械設備通常為固定資產，屬於 Category 2
機械及設備,,糞渣沉澱、滲濾風乾池,True,2,機械設備通常為固定資產，屬於 Category 2
機械及設備,,初沉池,True,2,機械設備通常為固定資產，屬於 Category 2
機械及設備,,曝氣反應池,True,2,機械設備通常為固定資產，屬於 Category 2
機械及設備,,簡易沼氣槽,True,2,機械設備通常為固定資產，屬於 Category 2
機械及設備,,嫌氣醱酵槽,True,2,機械設備通常為固定資產，屬於 Category 2
機械及設備,02,水污染防止設備（機動類）,True,2,機械設備通常為固定資產，屬於 Category 2
機械及設備,,糞尿水沉水泵,True,2,機械設備通常為固定資產，屬於 Category 2
機械及設備,,沉水式曝氣機,True,2,機械設備通常為固定資產，屬於 Category 2
機械及設備,,鼓風機,True,2,機械設備通常為固定資產，屬於 Category 2
機械及設備,,生物膜旋轉盤,True,2,機械設備通常為固定資產，屬於 Category 2
機械及設備,,曝氣用散氣裝置,True,2,機械設備通常為固定資產，屬於 Category 2
機械及設備,,滴濾設備,True,2,機械設備通常為固定資產，屬於 Category 2
機械及設備,,刮泥設備,True,2,機械設備通常為固定資產，屬於 Category 2
機械及設備,,空氣輸送管路,True,2,機械設備通常為固定資產，屬於 Category 2
機械及設備,,受電及變電設備,True,2,機械設備通常為固定資產，屬於 Category 2
機械及設備,,指示儀器配電板,True,2,機械設備通常為固定資產，屬於 Category 2
機械及設備,,糞尿水抽送泵,True,2,機械設備通常為固定資產，屬於 Category 2
機械及設備,,污泥抽送泵,True,2,機械設備通常為固定資產，屬於 Category 2
機械及設備,,電動欄污棚,True,2,機械設備通常為固定資產，屬於 Category 2
機械及設備,,固液分離機,True,2,機械設備通常為固定資產，屬於 Category 2
機械及設備,,固定斜置濾網式固液分離機,True,2,機械設備通常為固定資產，屬於 Category 2
機械及設備,,表面曝氣機,True,2,機械設備通常為固定資產，屬於 Category 2
機械及設備,,污泥探測器,True,2,機械設備通常為固定資產，屬於 Category 2
機械及設備,03,堆肥設備,True,2,機械設備通常為固定資產，屬於 Category 2
機械及設備,,糞渣輸送機,True,2,機械設備通常為固定資產，屬於 Category 2
機械及設備,,堆肥醱酵機床,True,2,機械設備通常為固定資產，屬於 Category 2
機械及設備,,堆肥翻堆機,True,2,機械設備通常為固定資產，屬於 Category 2
機械及設備,,堆肥打粒機,True,2,機械設備通常為固定資產，屬於 Category 2
機械及設備,,堆肥篩選機,True,2,機械設備通常為固定資產，屬於 Category 2
機械及設備,,堆肥定量打包機,True,2,機械設備通常為固定資產，屬於 Category 2
機械及設備,,糞渣乾燥設備,True,2,機械設備通常為固定資產，屬於 Category 2
機械及設備,03,工業污染防止機械及設備,True,2,機械設備通常為固定資產，屬於 Category 2
機械及設備,01,水污染防止設備（容槽類）,True,2,機械設備通常為固定資產，屬於 Category 2
機械及設備,,抽水井,True,2,機械設備通常為固定資產，屬於 Category 2
機械及設備,,除油池,True,2,機械設備通常為固定資產，屬於 Category 2
機械及設備,,調節池,True,2,機械設備通常為固定資產，屬於 Category 2
機械及設備,,分（集）水井,True,2,機械設備通常為固定資產，屬於 Category 2
機械及設備,,沈澱池,True,2,機械設備通常為固定資產，屬於 Category 2
機械及設備,,氧化深渠,True,2,機械設備通常為固定資產，屬於 Category 2
機械及設備,,氧化塘,True,2,機械設備通常為固定資產，屬於 Category 2
機械及設備,,曝氣池,True,2,機械設備通常為固定資產，屬於 Category 2
機械及設備,,迴轉生物圓盤槽,True,2,機械設備通常為固定資產，屬於 Category 2
機械及設備,,污泥井,True,2,機械設備通常為固定資產，屬於 Category 2
機械及設備,,加氯槽,True,2,機械設備通常為固定資產，屬於 Category 2
機械及設備,,污泥濃縮池,True,2,機械設備通常為固定資產，屬於 Category 2
機械及設備,,污泥消化槽,True,2,機械設備通常為固定資產，屬於 Category 2
機械及設備,,乾燥砂床,True,2,機械設備通常為固定資產，屬於 Category 2
機械及設備,,砂濾池,True,2,機械設備通常為固定資產，屬於 Category 2
機械及設備,,穩定池,True,2,機械設備通常為固定資產，屬於 Category 2
機械及設備,,貯油槽,True,2,機械設備通常為固定資產，屬於 Category 2
機械及設備,,貯砂槽,True,2,機械設備通常為固定資產，屬於 Category 2
機械及設備,,氧化還原槽,True,2,機械設備通常為固定資產，屬於 Category 2
機械及設備,,污泥貯存池,True,2,機械設備通常為固定資產，屬於 Category 2
機械及設備,,中繼加壓站,True,2,機械設備通常為固定資產，屬於 Category 2
機械及設備,,地下管線,True,2,機械設備通常為固定資產，屬於 Category 2
機械及設備,,藥劑溶解（貯存）桶,True,2,機械設備通常為固定資產，屬於 Category 2
機械及設備,02,水污染防止設備（機動類）,True,2,機械設備通常為固定資產，屬於 Category 2
機械及設備,,攔污柵,True,2,機械設備通常為固定資產，屬於 Category 2
機械及設備,,機械攔污柵,True,2,機械設備通常為固定資產，屬於 Category 2
機械及設備,,攔污破碎柵,True,2,機械設備通常為固定資產，屬於 Category 2
機械及設備,,清水抽水機,True,2,機械設備通常為固定資產，屬於 Category 2
機械及設備,,污水抽水機,True,2,機械設備通常為固定資產，屬於 Category 2
機械及設備,,污泥抽送機,True,2,機械設備通常為固定資產，屬於 Category 2
機械及設備,,廢油抽送機,True,2,機械設備通常為固定資產，屬於 Category 2
機械及設備,,泵,True,2,機械設備通常為固定資產，屬於 Category 2
機械及設備,,曝氣機,True,2,機械設備通常為固定資產，屬於 Category 2
機械及設備,,刮泥設備,True,2,機械設備通常為固定資產，屬於 Category 2
機械及設備,,迴轉生物圓盤設備,True,2,機械設備通常為固定資產，屬於 Category 2
機械及設備,,污泥脫水機設備,True,2,機械設備通常為固定資產，屬於 Category 2
機械及設備,,污泥加熱機,True,2,機械設備通常為固定資產，屬於 Category 2
機械及設備,,瓦斯壓縮機,True,2,機械設備通常為固定資產，屬於 Category 2
機械及設備,,通風機,True,2,機械設備通常為固定資產，屬於 Category 2
機械及設備,,側式攪拌機,True,2,機械設備通常為固定資產，屬於 Category 2
機械及設備,,電動蝶閥,True,2,機械設備通常為固定資產，屬於 Category 2
機械及設備,,閘閥,True,2,機械設備通常為固定資產，屬於 Category 2
機械及設備,,皮帶輸送帶,True,2,機械設備通常為固定資產，屬於 Category 2
機械及設備,,廢氣燃燒塔,True,2,機械設備通常為固定資產，屬於 Category 2
機械及設備,,均勻出水控制器,True,2,機械設備通常為固定資產，屬於 Category 2
機械及設備,,液氯鋼瓶,True,2,機械設備通常為固定資產，屬於 Category 2
機械及設備,,液氯鋼筒,True,2,機械設備通常為固定資產，屬於 Category 2
機械及設備,,控制台,True,2,機械設備通常為固定資產，屬於 Category 2
機械及設備,,指示儀器配電板,True,2,機械設備通常為固定資產，屬於 Category 2
機械及設備,,固液分離器,True,2,機械設備通常為固定資產，屬於 Category 2
機械及設備,,機動式污泥固化處理設備,True,2,機械設備通常為固定資產，屬於 Category 2
機械及設備,03,水污染防止設備（儀錶類）,True,2,機械設備通常為固定資產，屬於 Category 2
機械及設備,,偵測器,True,2,機械設備通常為固定資產，屬於 Category 2
機械及設備,,傳送器,True,2,機械設備通常為固定資產，屬於 Category 2
機械及設備,,記錄器,True,2,機械設備通常為固定資產，屬於 Category 2
機械及設備,,指示器,True,2,機械設備通常為固定資產，屬於 Category 2
機械及設備,,轉換器,True,2,機械設備通常為固定資產，屬於 Category 2
機械及設備,,控制器,True,2,機械設備通常為固定資產，屬於 Category 2
機械及設備,,積算器,True,2,機械設備通常為固定資產，屬於 Category 2
機械及設備,,超音波洗淨器（現場型）,True,2,機械設備通常為固定資產，屬於 Category 2
機械及設備,,傳訊機,True,2,機械設備通常為固定資產，屬於 Category 2
機械及設備,,收訊機,True,2,機械設備通常為固定資產，屬於 Category 2
機械及設備,04,水污染防止設備（儀器類）,True,2,機械設備通常為固定資產，屬於 Category 2
機械及設備,,餘氯分析儀,True,2,機械設備通常為固定資產，屬於 Category 2
機械及設備,,蒸餾水製造器,True,2,機械設備通常為固定資產，屬於 Category 2
機械及設備,,化學需氧量測定裝置,True,2,機械設備通常為固定資產，屬於 Category 2
機械及設備,,生化需氧量恆溫箱,True,2,機械設備通常為固定資產，屬於 Category 2
機械及設備,,油脂測定設備,True,2,機械設備通常為固定資產，屬於 Category 2
機械及設備,,溶解固體量測定器,True,2,機械設備通常為固定資產，屬於 Category 2
機械及設備,,單皿天平,True,2,機械設備通常為固定資產，屬於 Category 2
機械及設備,,手提式流量計,True,2,機械設備通常為固定資產，屬於 Category 2
機械及設備,,杯瓶試驗器,True,2,機械設備通常為固定資產，屬於 Category 2
機械及設備,,氰化物蒸餾裝置,True,2,機械設備通常為固定資產，屬於 Category 2
機械及設備,,活性污泥模型試驗裝置,True,2,機械設備通常為固定資產，屬於 Category 2
機械及設備,,總有機碳總碳測定儀,True,2,機械設備通常為固定資產，屬於 Category 2
機械及設備,,自動注入水樣器,True,2,機械設備通常為固定資產，屬於 Category 2
機械及設備,,自動電位滴定裝置,True,2,機械設備通常為固定資產，屬於 Category 2
機械及設備,,玻璃器皿清洗機,True,2,機械設備通常為固定資產，屬於 Category 2
機械及設備,,生物活性測試器,True,2,機械設備通常為固定資產，屬於 Category 2
機械及設備,,電氣加熱器,True,2,機械設備通常為固定資產，屬於 Category 2
機械及設備,,煙道氣分析儀,True,2,機械設備通常為固定資產，屬於 Category 2
機械及設備,,煙塵取樣器,True,2,機械設備通常為固定資產，屬於 Category 2
機械及設備,,鍋爐燃燒效率測定儀,True,2,機械設備通常為固定資產，屬於 Category 2
機械及設備,,廢液回收設備,True,2,機械設備通常為固定資產，屬於 Category 2
機械及設備,,批式活性污泥處理設備組合-控制盤,True,2,機械設備通常為固定資產，屬於 Category 2
機械及設備,,批槽活性污泥處理設備組合-中和槽,True,2,機械設備通常為固定資產，屬於 Category 2
機械及設備,,批式活性污泥處理設備組合-處理槽,True,2,機械設備通常為固定資產，屬於 Category 2
機械及設備,,高壓過濾器,True,2,機械設備通常為固定資產，屬於 Category 2
機械及設備,13,污染處理機械及設備,True,2,機械設備通常為固定資產，屬於 Category 2
機械及設備,01,污水處理機械及設備,True,2,機械設備通常為固定資產，屬於 Category 2
機械及設備,01,污水處理設備,True,2,機械設備通常為固定資產，屬於 Category 2
機械及設備,,曝晒場,True,2,機械設備通常為固定資產，屬於 Category 2
機械及設備,,污水處理系統,True,2,機械設備通常為固定資產，屬於 Category 2
機械及設備,,污泥風乾床,True,2,機械設備通常為固定資產，屬於 Category 2
機械及設備,,污水溝,True,2,機械設備通常為固定資產，屬於 Category 2
機械及設備,,污（廢）水處理池,True,2,機械設備通常為固定資產，屬於 Category 2
機械及設備,,廢水處理試驗設備,True,2,機械設備通常為固定資產，屬於 Category 2
機械及設備,02,廢棄物處理機械及設備,True,2,機械設備通常為固定資產，屬於 Category 2
機械及設備,01,廢棄物處理設備,True,2,機械設備通常為固定資產，屬於 Category 2
機械及設備,,一般廢棄物焚化爐,True,2,機械設備通常為固定資產，屬於 Category 2
機械及設備,,有害廢棄物焚化爐,True,2,機械設備通常為固定資產，屬於 Category 2
機械及設備,,焚化爐,True,2,機械設備通常為固定資產，屬於 Category 2
機械及設備,,有害廢集物焚化爐周邊設備,True,2,機械設備通常為固定資產，屬於 Category 2
機械及設備,,油煙分離器,True,2,機械設備通常為固定資產，屬於 Category 2
機械及設備,,濕式廢氣洗滌塔,True,2,機械設備通常為固定資產，屬於 Category 2
機械及設備,,廚餘有機物處理設備,True,2,機械設備通常為固定資產，屬於 Category 2
機械及設備,14,電腦設備,True,2,機械設備通常為固定資產，屬於 Category 2
機械及設備,01,電腦系統,True,2,機械設備通常為固定資產，屬於 Category 2
機械及設備,01,一般用途電腦系統,True,2,機械設備通常為固定資產，屬於 Category 2
機械及設備,,主機系統,True,2,機械設備通常為固定資產，屬於 Category 2
機械及設備,,工作站,True,2,機械設備通常為固定資產，屬於 Category 2
機械及設備,,個人電腦,True,2,機械設備通常為固定資產，屬於 Category 2
機械及設備,,電腦切換器,True,2,機械設備通常為固定資產，屬於 Category 2
機械及設備,02,特殊用途電腦系統,True,2,機械設備通常為固定資產，屬於 Category 2
機械及設備,,類比計算機,True,2,機械設備通常為固定資產，屬於 Category 2
機械及設備,,程控電腦,True,2,機械設備通常為固定資產，屬於 Category 2
機械及設備,,程序控制器,True,2,機械設備通常為固定資產，屬於 Category 2
機械及設備,,文書處理機,True,2,機械設備通常為固定資產，屬於 Category 2
機械及設備,,微電腦機械人,True,2,機械設備通常為固定資產，屬於 Category 2
機械及設備,03,整合性電腦系統,True,2,機械設備通常為固定資產，屬於 Category 2
機械及設備,,中央控制管理設備,True,2,機械設備通常為固定資產，屬於 Category 2
機械及設備,,指紋電腦系統,True,2,機械設備通常為固定資產，屬於 Category 2
機械及設備,,電子拍賣系統,True,2,機械設備通常為固定資產，屬於 Category 2
機械及設備,,電腦閱卷系統,True,2,機械設備通常為固定資產，屬於 Category 2
機械及設備,,磁卡門禁系統,True,2,機械設備通常為固定資產，屬於 Category 2
機械及設備,,資料儲存收集器,True,2,機械設備通常為固定資產，屬於 Category 2
機械及設備,,資料亂碼機,True,2,機械設備通常為固定資產，屬於 Category 2
機械及設備,,微處理機發展系統,True,2,機械設備通常為固定資產，屬於 Category 2
機械及設備,,指形機,True,2,機械設備通常為固定資產，屬於 Category 2
機械及設備,04,其他主機相關設備,True,2,機械設備通常為固定資產，屬於 Category 2
機械及設備,,中央處理機,True,2,機械設備通常為固定資產，屬於 Category 2
機械及設備,,運算器,True,2,機械設備通常為固定資產，屬於 Category 2
機械及設備,,平行處理器,True,2,機械設備通常為固定資產，屬於 Category 2
機械及設備,,微處理機,True,2,機械設備通常為固定資產，屬於 Category 2
機械及設備,,主機擴充槽,True,2,機械設備通常為固定資產，屬於 Category 2
機械及設備,,主機板,True,2,機械設備通常為固定資產，屬於 Category 2
機械及設備,,伺服器,True,2,機械設備通常為固定資產，屬於 Category 2
機械及設備,02,電腦儲存設備,True,2,機械設備通常為固定資產，屬於 Category 2
機械及設備,01,主記憶體裝置,True,2,機械設備通常為固定資產，屬於 Category 2
機械及設備,,主記憶體,True,2,機械設備通常為固定資產，屬於 Category 2
機械及設備,,快速存取記憶體,True,2,機械設備通常為固定資產，屬於 Category 2
機械及設備,,記憶體擴充櫃,True,2,機械設備通常為固定資產，屬於 Category 2
機械及設備,,記憶體擴充介面,True,2,機械設備通常為固定資產，屬於 Category 2
機械及設備,,記憶體控制器,True,2,機械設備通常為固定資產，屬於 Category 2
機械及設備,,通道,True,2,機械設備通常為固定資產，屬於 Category 2
機械及設備,,記憶擴充板,True,2,機械設備通常為固定資產，屬於 Category 2
機械及設備,02,磁碟設備,True,2,機械設備通常為固定資產，屬於 Category 2
機械及設備,,硬式磁碟機,True,2,機械設備通常為固定資產，屬於 Category 2
機械及設備,,磁碟控制機,True,2,機械設備通常為固定資產，屬於 Category 2
機械及設備,,硬式磁碟機控制卡,True,2,機械設備通常為固定資產，屬於 Category 2
機械及設備,,可攜式硬式磁碟組,True,2,機械設備通常為固定資產，屬於 Category 2
機械及設備,,個人電腦用硬碟機,True,2,機械設備通常為固定資產，屬於 Category 2
機械及設備,,個人電腦用硬碟機控制卡,True,2,機械設備通常為固定資產，屬於 Category 2
機械及設備,,軟式磁碟機,True,2,機械設備通常為固定資產，屬於 Category 2
機械及設備,,軟式磁碟機控制器,True,2,機械設備通常為固定資產，屬於 Category 2
機械及設備,,軟式磁碟介面卡,True,2,機械設備通常為固定資產，屬於 Category 2
機械及設備,,其他磁碟機,True,2,機械設備通常為固定資產，屬於 Category 2
機械及設備,,磁碟機組外箱,True,2,機械設備通常為固定資產，屬於 Category 2
機械及設備,03,磁帶設備,True,2,機械設備通常為固定資產，屬於 Category 2
機械及設備,,磁帶機,True,2,機械設備通常為固定資產，屬於 Category 2
機械及設備,,磁帶控制機,True,2,機械設備通常為固定資產，屬於 Category 2
機械及設備,,磁帶機介面卡,True,2,機械設備通常為固定資產，屬於 Category 2
機械及設備,,卡（匣）式磁帶機,True,2,機械設備通常為固定資產，屬於 Category 2
機械及設備,04,光碟設備,True,2,機械設備通常為固定資產，屬於 Category 2
機械及設備,,光碟系統,True,2,機械設備通常為固定資產，屬於 Category 2
機械及設備,,光碟機,True,2,機械設備通常為固定資產，屬於 Category 2
機械及設備,,光碟機介面卡,True,2,機械設備通常為固定資產，屬於 Category 2
機械及設備,03,電腦輸出入設備,True,2,機械設備通常為固定資產，屬於 Category 2
機械及設備,01,終端設備,True,2,機械設備通常為固定資產，屬於 Category 2
機械及設備,,終端機,True,2,機械設備通常為固定資產，屬於 Category 2
機械及設備,,電子收銀機,True,2,機械設備通常為固定資產，屬於 Category 2
機械及設備,,電腦售票機,True,2,機械設備通常為固定資產，屬於 Category 2
機械及設備,,自動付款機,True,2,機械設備通常為固定資產，屬於 Category 2
機械及設備,,自動櫃員機,True,2,機械設備通常為固定資產，屬於 Category 2
機械及設備,,電腦傳真機,True,2,機械設備通常為固定資產，屬於 Category 2
機械及設備,,終端機控制器,True,2,機械設備通常為固定資產，屬於 Category 2
機械及設備,,終端機介面卡,True,2,機械設備通常為固定資產，屬於 Category 2
機械及設備,,POS端末機,True,2,機械設備通常為固定資產，屬於 Category 2
機械及設備,02,印表設備,True,2,機械設備通常為固定資產，屬於 Category 2
機械及設備,,印表機,True,2,機械設備通常為固定資產，屬於 Category 2
機械及設備,,繪圖機,True,2,機械設備通常為固定資產，屬於 Category 2
機械及設備,,靜電式電子繪圖儀,True,2,機械設備通常為固定資產，屬於 Category 2
機械及設備,,印表機控制器,True,2,機械設備通常為固定資產，屬於 Category 2
機械及設備,,印表機介面卡,True,2,機械設備通常為固定資產，屬於 Category 2
機械及設備,,自動送紙器,True,2,機械設備通常為固定資產，屬於 Category 2
機械及設備,,分表機,True,2,機械設備通常為固定資產，屬於 Category 2
機械及設備,,雛菊式印字盤,True,2,機械設備通常為固定資產，屬於 Category 2
機械及設備,,自動撕表機,True,2,機械設備通常為固定資產，屬於 Category 2
機械及設備,,高速表報分離機,True,2,機械設備通常為固定資產，屬於 Category 2
機械及設備,,資料處理推表機,True,2,機械設備通常為固定資產，屬於 Category 2
機械及設備,,繪圖機控制器,True,2,機械設備通常為固定資產，屬於 Category 2
機械及設備,,繪圖介面卡,True,2,機械設備通常為固定資產，屬於 Category 2
機械及設備,,資料處理表報振齊器,True,2,機械設備通常為固定資產，屬於 Category 2
機械及設備,,資料處理表報紅外線乾燥器,True,2,機械設備通常為固定資產，屬於 Category 2
機械及設備,,資料處理表報裝訂機,True,2,機械設備通常為固定資產，屬於 Category 2
機械及設備,,其他印表設備,True,2,機械設備通常為固定資產，屬於 Category 2
機械及設備,03,孔卡機,True,2,機械設備通常為固定資產，屬於 Category 2
機械及設備,,製卡機,True,2,機械設備通常為固定資產，屬於 Category 2
機械及設備,,驗卡機,True,2,機械設備通常為固定資產，屬於 Category 2
機械及設備,,分類機,True,2,機械設備通常為固定資產，屬於 Category 2
機械及設備,,組卡機,True,2,機械設備通常為固定資產，屬於 Category 2
機械及設備,,複製卡片機,True,2,機械設備通常為固定資產，屬於 Category 2
機械及設備,,讀卡機,True,2,機械設備通常為固定資產，屬於 Category 2
機械及設備,,製表機,True,2,機械設備通常為固定資產，屬於 Category 2
機械及設備,,譯印機,True,2,機械設備通常為固定資產，屬於 Category 2
機械及設備,,電動打孔機,True,2,機械設備通常為固定資產，屬於 Category 2
機械及設備,,統計機,True,2,機械設備通常為固定資產，屬於 Category 2
機械及設備,,印字打孔機,True,2,機械設備通常為固定資產，屬於 Category 2
機械及設備,04,光學閱讀設備,True,2,機械設備通常為固定資產，屬於 Category 2
機械及設備,,光學閱讀機,True,2,機械設備通常為固定資產，屬於 Category 2
機械及設備,,條碼閱讀機,True,2,機械設備通常為固定資產，屬於 Category 2
機械及設備,,條碼掃描機（器）,True,2,機械設備通常為固定資產，屬於 Category 2
機械及設備,,條碼閱讀機控制器,True,2,機械設備通常為固定資產，屬於 Category 2
機械及設備,,條碼磁帶兩用閱讀機,True,2,機械設備通常為固定資產，屬於 Category 2
機械及設備,,圖形掃描器,True,2,機械設備通常為固定資產，屬於 Category 2
機械及設備,,磁卡處理機,True,2,機械設備通常為固定資產，屬於 Category 2
機械及設備,05,語音設備,True,2,機械設備通常為固定資產，屬於 Category 2
機械及設備,,語音系統,True,2,機械設備通常為固定資產，屬於 Category 2
機械及設備,,語音合成器,True,2,機械設備通常為固定資產，屬於 Category 2
機械及設備,,整合式語音數據工作站,True,2,機械設備通常為固定資產，屬於 Category 2
機械及設備,,語音輸入器,True,2,機械設備通常為固定資產，屬於 Category 2
機械及設備,,音效介面卡,True,2,機械設備通常為固定資產，屬於 Category 2
機械及設備,06,影像設備,True,2,機械設備通常為固定資產，屬於 Category 2
機械及設備,,影像系統,True,2,機械設備通常為固定資產，屬於 Category 2
機械及設備,,影像分析處理設備,True,2,機械設備通常為固定資產，屬於 Category 2
機械及設備,,影像介面卡,True,2,機械設備通常為固定資產，屬於 Category 2
機械及設備,,影像輸入器,True,2,機械設備通常為固定資產，屬於 Category 2
機械及設備,,影像記錄器,True,2,機械設備通常為固定資產，屬於 Category 2
機械及設備,,影像複印機,True,2,機械設備通常為固定資產，屬於 Category 2
機械及設備,,其他影像設備,True,2,機械設備通常為固定資產，屬於 Category 2
機械及設備,07,顯示設備,True,2,機械設備通常為固定資產，屬於 Category 2
機械及設備,,顯示器,True,2,機械設備通常為固定資產，屬於 Category 2
機械及設備,,彩色圖形顯示系統,True,2,機械設備通常為固定資產，屬於 Category 2
機械及設備,,電腦顯示幕,True,2,機械設備通常為固定資產，屬於 Category 2
機械及設備,,字幕加入機,True,2,機械設備通常為固定資產，屬於 Category 2
機械及設備,,顯示控制卡,True,2,機械設備通常為固定資產，屬於 Category 2
機械及設備,,螢幕控制器,True,2,機械設備通常為固定資產，屬於 Category 2
機械及設備,,濾光網,True,2,機械設備通常為固定資產，屬於 Category 2
機械及設備,08,其他輸出入設備,True,2,機械設備通常為固定資產，屬於 Category 2
機械及設備,,鍵盤,True,2,機械設備通常為固定資產，屬於 Category 2
機械及設備,,輸入板,True,2,機械設備通常為固定資產，屬於 Category 2
機械及設備,,光筆系統,True,2,機械設備通常為固定資產，屬於 Category 2
機械及設備,,電腦滑鼠,True,2,機械設備通常為固定資產，屬於 Category 2
機械及設備,,刷卡機,True,2,機械設備通常為固定資產，屬於 Category 2
機械及設備,,中文卡,True,2,機械設備通常為固定資產，屬於 Category 2
機械及設備,,點圖機,True,2,機械設備通常為固定資產，屬於 Category 2
機械及設備,,描圖板,True,2,機械設備通常為固定資產，屬於 Category 2
機械及設備,,磁碟鍵入設備,True,2,機械設備通常為固定資產，屬於 Category 2
機械及設備,,數位讀圖機,True,2,機械設備通常為固定資產，屬於 Category 2
機械及設備,,繪圖用數值板,True,2,機械設備通常為固定資產，屬於 Category 2
機械及設備,,票據交換機,True,2,機械設備通常為固定資產，屬於 Category 2
機械及設備,,數位照相機,True,2,機械設備通常為固定資產，屬於 Category 2
機械及設備,,數位板,True,2,機械設備通常為固定資產，屬於 Category 2
機械及設備,,數位攝影機,True,2,機械設備通常為固定資產，屬於 Category 2
機械及設備,,電子記憶式白板,True,2,機械設備通常為固定資產，屬於 Category 2
機械及設備,,數位投影機,True,2,機械設備通常為固定資產，屬於 Category 2
機械及設備,04,電腦通信設備,True,2,機械設備通常為固定資產，屬於 Category 2
機械及設備,01,網路設備,True,2,機械設備通常為固定資產，屬於 Category 2
機械及設備,,電腦網路系統,True,2,機械設備通常為固定資產，屬於 Category 2
機械及設備,,區域網路,True,2,機械設備通常為固定資產，屬於 Category 2
機械及設備,,個人電腦網路,True,2,機械設備通常為固定資產，屬於 Category 2
機械及設備,,網路伺服器,True,2,機械設備通常為固定資產，屬於 Category 2
機械及設備,,教學網路連結器,True,2,機械設備通常為固定資產，屬於 Category 2
機械及設備,,網路介面,True,2,機械設備通常為固定資產，屬於 Category 2
機械及設備,,網路多工器,True,2,機械設備通常為固定資產，屬於 Category 2
機械及設備,,電傳視訊系統,True,2,機械設備通常為固定資產，屬於 Category 2
機械及設備,,防火牆,True,2,機械設備通常為固定資產，屬於 Category 2
機械及設備,,線交模組,True,2,機械設備通常為固定資產，屬於 Category 2
機械及設備,,列印伺服器參埠,True,2,機械設備通常為固定資產，屬於 Category 2
機械及設備,,線交換,True,2,機械設備通常為固定資產，屬於 Category 2
機械及設備,,光纖模組,True,2,機械設備通常為固定資產，屬於 Category 2
機械及設備,,數位通道器(CSU/DSU),True,2,機械設備通常為固定資產，屬於 Category 2
機械及設備,,多重網路橋接器,True,2,機械設備通常為固定資產，屬於 Category 2
機械及設備,,寬頻整合器(LC),True,2,機械設備通常為固定資產，屬於 Category 2
機械及設備,,負載平衡器(LTM),True,2,機械設備通常為固定資產，屬於 Category 2
機械及設備,,通訊集訊器(DGP)基本系統,True,2,機械設備通常為固定資產，屬於 Category 2
機械及設備,,遠方終接設備,True,2,機械設備通常為固定資產，屬於 Category 2
機械及設備,,數位用戶載波機(DLC),True,2,機械設備通常為固定資產，屬於 Category 2
機械及設備,02,通信控制設備,True,2,機械設備通常為固定資產，屬於 Category 2
機械及設備,,前置處理機,True,2,機械設備通常為固定資產，屬於 Category 2
機械及設備,,控制器,True,2,機械設備通常為固定資產，屬於 Category 2
機械及設備,,多工器,True,2,機械設備通常為固定資產，屬於 Category 2
機械及設備,,多功能卡,True,2,機械設備通常為固定資產，屬於 Category 2
機械及設備,,終端機伺服器,True,2,機械設備通常為固定資產，屬於 Category 2
機械及設備,,資料擷取控制系統,True,2,機械設備通常為固定資產，屬於 Category 2
機械及設備,,加解密器,True,2,機械設備通常為固定資產，屬於 Category 2
機械及設備,03,通信轉接設備,True,2,機械設備通常為固定資產，屬於 Category 2
機械及設備,,數據機,True,2,機械設備通常為固定資產，屬於 Category 2
機械及設備,,調頻器,True,2,機械設備通常為固定資產，屬於 Category 2
機械及設備,,訊號調變機,True,2,機械設備通常為固定資產，屬於 Category 2
機械及設備,,信號加強器,True,2,機械設備通常為固定資產，屬於 Category 2
機械及設備,,單匯流連接器,True,2,機械設備通常為固定資產，屬於 Category 2
機械及設備,,數位訊號處理機,True,2,機械設備通常為固定資產，屬於 Category 2
機械及設備,,非同步線路岔分器,True,2,機械設備通常為固定資產，屬於 Category 2
機械及設備,,信號轉換器組,True,2,機械設備通常為固定資產，屬於 Category 2
機械及設備,,協定轉換器,True,2,機械設備通常為固定資產，屬於 Category 2
機械及設備,,通訊卡,True,2,機械設備通常為固定資產，屬於 Category 2
機械及設備,,數位化器,True,2,機械設備通常為固定資產，屬於 Category 2
機械及設備,,交直流訊號轉換卡,True,2,機械設備通常為固定資產，屬於 Category 2
機械及設備,,非同步通信介面卡,True,2,機械設備通常為固定資產，屬於 Category 2
機械及設備,,共用式交換調變機,True,2,機械設備通常為固定資產，屬於 Category 2
機械及設備,,通信介面控制器,True,2,機械設備通常為固定資產，屬於 Category 2
機械及設備,,通信介面集結器,True,2,機械設備通常為固定資產，屬於 Category 2
機械及設備,,資料收集系統及信號分析儀,True,2,機械設備通常為固定資產，屬於 Category 2
機械及設備,,網路交換器,True,2,機械設備通常為固定資產，屬於 Category 2
機械及設備,,路由器,True,2,機械設備通常為固定資產，屬於 Category 2
機械及設備,,無線網路基地台,True,2,機械設備通常為固定資產，屬於 Category 2
機械及設備,05,電腦相關儀器與設備,True,2,機械設備通常為固定資產，屬於 Category 2
機械及設備,01,電腦模擬及測試儀器,True,2,機械設備通常為固定資產，屬於 Category 2
機械及設備,,模擬器（仿真器）,True,2,機械設備通常為固定資產，屬於 Category 2
機械及設備,,測試器,True,2,機械設備通常為固定資產，屬於 Category 2
機械及設備,,微電腦檢修器,True,2,機械設備通常為固定資產，屬於 Category 2
機械及設備,,校正儀器組,True,2,機械設備通常為固定資產，屬於 Category 2
機械及設備,,彩色校正器,True,2,機械設備通常為固定資產，屬於 Category 2
機械及設備,,電腦輔助測試系統,True,2,機械設備通常為固定資產，屬於 Category 2
機械及設備,,邏輯分析儀,True,2,機械設備通常為固定資產，屬於 Category 2
機械及設備,,三度空間動畫處理器,True,2,機械設備通常為固定資產，屬於 Category 2
機械及設備,,纜線掃瞄器,True,2,機械設備通常為固定資產，屬於 Category 2
機械及設備,02,電腦媒體清潔裝備,True,2,機械設備通常為固定資產，屬於 Category 2
機械及設備,,磁帶清潔機,True,2,機械設備通常為固定資產，屬於 Category 2
機械及設備,03,其他相關儀器,True,2,機械設備通常為固定資產，屬於 Category 2
機械及設備,,積體電路燒錄器,True,2,機械設備通常為固定資產，屬於 Category 2
機械及設備,,積體電路拆取機,True,2,機械設備通常為固定資產，屬於 Category 2
機械及設備,,步進馬達訓練器,True,2,機械設備通常為固定資產，屬於 Category 2
機械及設備,,邏輯控制器,True,2,機械設備通常為固定資產，屬於 Category 2
機械及設備,,電腦製板機,True,2,機械設備通常為固定資產，屬於 Category 2
機械及設備,,多功能電腦電路輔助器,True,2,機械設備通常為固定資產，屬於 Category 2
機械及設備,,微處理學習機,True,2,機械設備通常為固定資產，屬於 Category 2
機械及設備,,記憶消除器,True,2,機械設備通常為固定資產，屬於 Category 2
機械及設備,,線上資料分析監視器,True,2,機械設備通常為固定資產，屬於 Category 2
機械及設備,,光碟燒錄機,True,2,機械設備通常為固定資產，屬於 Category 2
機械及設備,,ＵＰＳ分配器,True,2,機械設備通常為固定資產，屬於 Category 2
機械及設備,,集線器,True,2,機械設備通常為固定資產，屬於 Category 2
交通及運輸設備,4,交通及運輸設備,True,2,車輛、運輸設備通常為固定資產，屬於 Category 2
交通及運輸設備,01,陸運設備,True,2,車輛、運輸設備通常為固定資產，屬於 Category 2
交通及運輸設備,01,路線設備,True,2,車輛、運輸設備通常為固定資產，屬於 Category 2
交通及運輸設備,01,鐵路,True,2,車輛、運輸設備通常為固定資產，屬於 Category 2
交通及運輸設備,,國營鐵路,True,2,車輛、運輸設備通常為固定資產，屬於 Category 2
交通及運輸設備,,省營鐵路,True,2,車輛、運輸設備通常為固定資產，屬於 Category 2
交通及運輸設備,,專用鐵路,True,2,車輛、運輸設備通常為固定資產，屬於 Category 2
交通及運輸設備,02,輕便軌道,True,2,車輛、運輸設備通常為固定資產，屬於 Category 2
交通及運輸設備,,輕便鐵路,True,2,車輛、運輸設備通常為固定資產，屬於 Category 2
交通及運輸設備,03,通行路,True,2,車輛、運輸設備通常為固定資產，屬於 Category 2
交通及運輸設備,,平交道面,True,2,車輛、運輸設備通常為固定資產，屬於 Category 2
交通及運輸設備,,廠(礦)區通行路,True,2,車輛、運輸設備通常為固定資產，屬於 Category 2
交通及運輸設備,04,涵渠,True,2,車輛、運輸設備通常為固定資產，屬於 Category 2
交通及運輸設備,,版涵,True,2,車輛、運輸設備通常為固定資產，屬於 Category 2
交通及運輸設備,,拱涵,True,2,車輛、運輸設備通常為固定資產，屬於 Category 2
交通及運輸設備,,管道,True,2,車輛、運輸設備通常為固定資產，屬於 Category 2
交通及運輸設備,,鋼樑渠,True,2,車輛、運輸設備通常為固定資產，屬於 Category 2
交通及運輸設備,02,站場設備,True,2,車輛、運輸設備通常為固定資產，屬於 Category 2
交通及運輸設備,01,候車設備,True,2,車輛、運輸設備通常為固定資產，屬於 Category 2
交通及運輸設備,,旅客月臺,True,2,車輛、運輸設備通常為固定資產，屬於 Category 2
交通及運輸設備,,貨物月臺,True,2,車輛、運輸設備通常為固定資產，屬於 Category 2
交通及運輸設備,,軍車月臺,True,2,車輛、運輸設備通常為固定資產，屬於 Category 2
交通及運輸設備,,候車亭,True,2,車輛、運輸設備通常為固定資產，屬於 Category 2
交通及運輸設備,,售票亭,True,2,車輛、運輸設備通常為固定資產，屬於 Category 2
交通及運輸設備,02,轉車設備,True,2,車輛、運輸設備通常為固定資產，屬於 Category 2
交通及運輸設備,,轉車臺,True,2,車輛、運輸設備通常為固定資產，屬於 Category 2
交通及運輸設備,,移車臺,True,2,車輛、運輸設備通常為固定資產，屬於 Category 2
交通及運輸設備,,轉撤器,True,2,車輛、運輸設備通常為固定資產，屬於 Category 2
交通及運輸設備,,調車臺,True,2,車輛、運輸設備通常為固定資產，屬於 Category 2
交通及運輸設備,,車輛減速器,True,2,車輛、運輸設備通常為固定資產，屬於 Category 2
交通及運輸設備,03,越軌通路,True,2,車輛、運輸設備通常為固定資產，屬於 Category 2
交通及運輸設備,,天橋,True,2,車輛、運輸設備通常為固定資產，屬於 Category 2
交通及運輸設備,,地道,True,2,車輛、運輸設備通常為固定資產，屬於 Category 2
交通及運輸設備,04,機車燃料及給水設備,True,2,車輛、運輸設備通常為固定資產，屬於 Category 2
交通及運輸設備,,煤臺,True,2,車輛、運輸設備通常為固定資產，屬於 Category 2
交通及運輸設備,,貯油糟,True,2,車輛、運輸設備通常為固定資產，屬於 Category 2
交通及運輸設備,,水鶴,True,2,車輛、運輸設備通常為固定資產，屬於 Category 2
交通及運輸設備,,洗車臺,True,2,車輛、運輸設備通常為固定資產，屬於 Category 2
交通及運輸設備,,洗車機,True,2,車輛、運輸設備通常為固定資產，屬於 Category 2
交通及運輸設備,,灰坑,True,2,車輛、運輸設備通常為固定資產，屬於 Category 2
交通及運輸設備,,手動加油機,True,2,車輛、運輸設備通常為固定資產，屬於 Category 2
交通及運輸設備,,軟水槽,True,2,車輛、運輸設備通常為固定資產，屬於 Category 2
交通及運輸設備,,月臺給水裝置,True,2,車輛、運輸設備通常為固定資產，屬於 Category 2
交通及運輸設備,,給沙塔,True,2,車輛、運輸設備通常為固定資產，屬於 Category 2
交通及運輸設備,,送砂桶,True,2,車輛、運輸設備通常為固定資產，屬於 Category 2
交通及運輸設備,,濾水槽,True,2,車輛、運輸設備通常為固定資產，屬於 Category 2
交通及運輸設備,,貯煤場,True,2,車輛、運輸設備通常為固定資產，屬於 Category 2
交通及運輸設備,05,檢車設備,True,2,車輛、運輸設備通常為固定資產，屬於 Category 2
交通及運輸設備,,檢車坑,True,2,車輛、運輸設備通常為固定資產，屬於 Category 2
交通及運輸設備,,檢車臺,True,2,車輛、運輸設備通常為固定資產，屬於 Category 2
交通及運輸設備,,落輪坑,True,2,車輛、運輸設備通常為固定資產，屬於 Category 2
交通及運輸設備,06,裝卸設備,True,2,車輛、運輸設備通常為固定資產，屬於 Category 2
交通及運輸設備,,裝卸臺,True,2,車輛、運輸設備通常為固定資產，屬於 Category 2
交通及運輸設備,,停車設備,True,2,車輛、運輸設備通常為固定資產，屬於 Category 2
交通及運輸設備,,停車場,True,2,車輛、運輸設備通常為固定資產，屬於 Category 2
交通及運輸設備,07,照明設備,True,2,車輛、運輸設備通常為固定資產，屬於 Category 2
交通及運輸設備,,照明鐵塔,True,2,車輛、運輸設備通常為固定資產，屬於 Category 2
交通及運輸設備,,站場照明設備,True,2,車輛、運輸設備通常為固定資產，屬於 Category 2
交通及運輸設備,,橋隧照明設備,True,2,車輛、運輸設備通常為固定資產，屬於 Category 2
交通及運輸設備,03,行車安全設備,True,2,車輛、運輸設備通常為固定資產，屬於 Category 2
交通及運輸設備,01,中央控制行車裝置,True,2,車輛、運輸設備通常為固定資產，屬於 Category 2
交通及運輸設備,,中央控制行車號誌,True,2,車輛、運輸設備通常為固定資產，屬於 Category 2
交通及運輸設備,,交通連鎖號誌系統模型,True,2,車輛、運輸設備通常為固定資產，屬於 Category 2
交通及運輸設備,,速率槍,True,2,車輛、運輸設備通常為固定資產，屬於 Category 2
交通及運輸設備,,測試雷達,True,2,車輛、運輸設備通常為固定資產，屬於 Category 2
交通及運輸設備,,資訊可變標誌系統,True,2,車輛、運輸設備通常為固定資產，屬於 Category 2
交通及運輸設備,,"中央控制行車號誌就地控制
        臺",True,2,車輛、運輸設備通常為固定資產，屬於 Category 2
交通及運輸設備,,中央控制行車號誌繼電設備,True,2,車輛、運輸設備通常為固定資產，屬於 Category 2
交通及運輸設備,,中央控制行車自動閉塞設備,True,2,車輛、運輸設備通常為固定資產，屬於 Category 2
交通及運輸設備,02,站場聯動設備,True,2,車輛、運輸設備通常為固定資產，屬於 Category 2
交通及運輸設備,,繼電聯動裝置,True,2,車輛、運輸設備通常為固定資產，屬於 Category 2
交通及運輸設備,,電氣聯動裝置,True,2,車輛、運輸設備通常為固定資產，屬於 Category 2
交通及運輸設備,,電氣機械聯動裝置,True,2,車輛、運輸設備通常為固定資產，屬於 Category 2
交通及運輸設備,,機械聯動裝置,True,2,車輛、運輸設備通常為固定資產，屬於 Category 2
交通及運輸設備,,遠距號誌裝置,True,2,車輛、運輸設備通常為固定資產，屬於 Category 2
交通及運輸設備,,車輛自動分類繼電聯動裝置,True,2,車輛、運輸設備通常為固定資產，屬於 Category 2
交通及運輸設備,,號誌線路,True,2,車輛、運輸設備通常為固定資產，屬於 Category 2
交通及運輸設備,,列車出發訊號器,True,2,車輛、運輸設備通常為固定資產，屬於 Category 2
交通及運輸設備,03,閉塞設備,True,2,車輛、運輸設備通常為固定資產，屬於 Category 2
交通及運輸設備,,雙軌自動閉塞裝置,True,2,車輛、運輸設備通常為固定資產，屬於 Category 2
交通及運輸設備,,雙信簡易聯動閉塞裝置,True,2,車輛、運輸設備通常為固定資產，屬於 Category 2
交通及運輸設備,,單軌自動閉塞裝置,True,2,車輛、運輸設備通常為固定資產，屬於 Category 2
交通及運輸設備,,單軌聯動閉塞裝置,True,2,車輛、運輸設備通常為固定資產，屬於 Category 2
交通及運輸設備,,路牌閉塞裝置,True,2,車輛、運輸設備通常為固定資產，屬於 Category 2
交通及運輸設備,,雙單線自動閉塞裝置,True,2,車輛、運輸設備通常為固定資產，屬於 Category 2
交通及運輸設備,,閉塞器,True,2,車輛、運輸設備通常為固定資產，屬於 Category 2
交通及運輸設備,04,平交道保安設備,True,2,車輛、運輸設備通常為固定資產，屬於 Category 2
交通及運輸設備,,遮斷裝置,True,2,車輛、運輸設備通常為固定資產，屬於 Category 2
交通及運輸設備,,警鈴裝置,True,2,車輛、運輸設備通常為固定資產，屬於 Category 2
交通及運輸設備,,電動柵門,True,2,車輛、運輸設備通常為固定資產，屬於 Category 2
交通及運輸設備,,自動交通號誌,True,2,車輛、運輸設備通常為固定資產，屬於 Category 2
交通及運輸設備,,過水橋,True,2,車輛、運輸設備通常為固定資產，屬於 Category 2
交通及運輸設備,,平交道集中監察裝置,True,2,車輛、運輸設備通常為固定資產，屬於 Category 2
交通及運輸設備,,平交道限高通行鐵門架,True,2,車輛、運輸設備通常為固定資產，屬於 Category 2
交通及運輸設備,05,遮欄設備,True,2,車輛、運輸設備通常為固定資產，屬於 Category 2
交通及運輸設備,,柵欄,True,2,車輛、運輸設備通常為固定資產，屬於 Category 2
交通及運輸設備,,護欄,True,2,車輛、運輸設備通常為固定資產，屬於 Category 2
交通及運輸設備,,欄截網,True,2,車輛、運輸設備通常為固定資產，屬於 Category 2
交通及運輸設備,,拒馬,True,2,車輛、運輸設備通常為固定資產，屬於 Category 2
交通及運輸設備,,止衝擋,True,2,車輛、運輸設備通常為固定資產，屬於 Category 2
交通及運輸設備,,站場圍牆,True,2,車輛、運輸設備通常為固定資產，屬於 Category 2
交通及運輸設備,,減速墊,True,2,車輛、運輸設備通常為固定資產，屬於 Category 2
交通及運輸設備,06,路線標誌,True,2,車輛、運輸設備通常為固定資產，屬於 Category 2
交通及運輸設備,,鐵路標誌,True,2,車輛、運輸設備通常為固定資產，屬於 Category 2
交通及運輸設備,,公路標誌,True,2,車輛、運輸設備通常為固定資產，屬於 Category 2
交通及運輸設備,,標誌樁,True,2,車輛、運輸設備通常為固定資產，屬於 Category 2
交通及運輸設備,,界石,True,2,車輛、運輸設備通常為固定資產，屬於 Category 2
交通及運輸設備,07,停車裝置,True,2,車輛、運輸設備通常為固定資產，屬於 Category 2
交通及運輸設備,,列車警告停車裝置,True,2,車輛、運輸設備通常為固定資產，屬於 Category 2
交通及運輸設備,08,養路機具,True,2,車輛、運輸設備通常為固定資產，屬於 Category 2
交通及運輸設備,,鋸軌機,True,2,車輛、運輸設備通常為固定資產，屬於 Category 2
交通及運輸設備,,簡便起道器,True,2,車輛、運輸設備通常為固定資產，屬於 Category 2
交通及運輸設備,,軌隙調整器,True,2,車輛、運輸設備通常為固定資產，屬於 Category 2
交通及運輸設備,,鋼軌接頭平整器,True,2,車輛、運輸設備通常為固定資產，屬於 Category 2
交通及運輸設備,,路軌磨損測定器,True,2,車輛、運輸設備通常為固定資產，屬於 Category 2
交通及運輸設備,,攬道機,True,2,車輛、運輸設備通常為固定資產，屬於 Category 2
交通及運輸設備,09,照明設備,True,2,車輛、運輸設備通常為固定資產，屬於 Category 2
交通及運輸設備,,公路照明燈架,True,2,車輛、運輸設備通常為固定資產，屬於 Category 2
交通及運輸設備,,閃光燈架,True,2,車輛、運輸設備通常為固定資產，屬於 Category 2
交通及運輸設備,,道路反光施工標準竿架,True,2,車輛、運輸設備通常為固定資產，屬於 Category 2
交通及運輸設備,,運動場照明設備,True,2,車輛、運輸設備通常為固定資產，屬於 Category 2
交通及運輸設備,04,鐵路車輛,True,2,車輛、運輸設備通常為固定資產，屬於 Category 2
交通及運輸設備,01,機車,True,2,車輛、運輸設備通常為固定資產，屬於 Category 2
交通及運輸設備,,蒸氣機車,True,2,車輛、運輸設備通常為固定資產，屬於 Category 2
交通及運輸設備,,柴油電力機車,True,2,車輛、運輸設備通常為固定資產，屬於 Category 2
交通及運輸設備,,電力機車,True,2,車輛、運輸設備通常為固定資產，屬於 Category 2
交通及運輸設備,,酒精機車,True,2,車輛、運輸設備通常為固定資產，屬於 Category 2
交通及運輸設備,,柴油機車,True,2,車輛、運輸設備通常為固定資產，屬於 Category 2
交通及運輸設備,,汽油機車,True,2,車輛、運輸設備通常為固定資產，屬於 Category 2
交通及運輸設備,02,鐵路客車,True,2,車輛、運輸設備通常為固定資產，屬於 Category 2
交通及運輸設備,,客車,True,2,車輛、運輸設備通常為固定資產，屬於 Category 2
交通及運輸設備,,機動客車,True,2,車輛、運輸設備通常為固定資產，屬於 Category 2
交通及運輸設備,,專用車,True,2,車輛、運輸設備通常為固定資產，屬於 Category 2
交通及運輸設備,,電力客車,True,2,車輛、運輸設備通常為固定資產，屬於 Category 2
交通及運輸設備,03,鐵路貨車,True,2,車輛、運輸設備通常為固定資產，屬於 Category 2
交通及運輸設備,,敝車,True,2,車輛、運輸設備通常為固定資產，屬於 Category 2
交通及運輸設備,,篷車,True,2,車輛、運輸設備通常為固定資產，屬於 Category 2
交通及運輸設備,,罐車,True,2,車輛、運輸設備通常為固定資產，屬於 Category 2
交通及運輸設備,,冷藏車,True,2,車輛、運輸設備通常為固定資產，屬於 Category 2
交通及運輸設備,,貨守車,True,2,車輛、運輸設備通常為固定資產，屬於 Category 2
交通及運輸設備,,鐵路運材車,True,2,車輛、運輸設備通常為固定資產，屬於 Category 2
交通及運輸設備,,運材貨櫃,True,2,車輛、運輸設備通常為固定資產，屬於 Category 2
交通及運輸設備,,甘蔗車,True,2,車輛、運輸設備通常為固定資產，屬於 Category 2
交通及運輸設備,,糖車,True,2,車輛、運輸設備通常為固定資產，屬於 Category 2
交通及運輸設備,,鹽車,True,2,車輛、運輸設備通常為固定資產，屬於 Category 2
交通及運輸設備,,高欄車,True,2,車輛、運輸設備通常為固定資產，屬於 Category 2
交通及運輸設備,,聯結車,True,2,車輛、運輸設備通常為固定資產，屬於 Category 2
交通及運輸設備,,斗車,True,2,車輛、運輸設備通常為固定資產，屬於 Category 2
交通及運輸設備,,平車,True,2,車輛、運輸設備通常為固定資產，屬於 Category 2
交通及運輸設備,04,軌道工程車,True,2,車輛、運輸設備通常為固定資產，屬於 Category 2
交通及運輸設備,,救援車,True,2,車輛、運輸設備通常為固定資產，屬於 Category 2
交通及運輸設備,,宿營車,True,2,車輛、運輸設備通常為固定資產，屬於 Category 2
交通及運輸設備,,吊車,True,2,車輛、運輸設備通常為固定資產，屬於 Category 2
交通及運輸設備,,平車,True,2,車輛、運輸設備通常為固定資產，屬於 Category 2
交通及運輸設備,,查道車,True,2,車輛、運輸設備通常為固定資產，屬於 Category 2
交通及運輸設備,,軌道汽車,True,2,車輛、運輸設備通常為固定資產，屬於 Category 2
交通及運輸設備,,軌道機器腳踏車,True,2,車輛、運輸設備通常為固定資產，屬於 Category 2
交通及運輸設備,,殺草劑噴撒車,True,2,車輛、運輸設備通常為固定資產，屬於 Category 2
交通及運輸設備,,軌道割草車,True,2,車輛、運輸設備通常為固定資產，屬於 Category 2
交通及運輸設備,,廢料車,True,2,車輛、運輸設備通常為固定資產，屬於 Category 2
交通及運輸設備,,訓練車,True,2,車輛、運輸設備通常為固定資產，屬於 Category 2
交通及運輸設備,,貨車推車機,True,2,車輛、運輸設備通常為固定資產，屬於 Category 2
交通及運輸設備,,電車線檢修車,True,2,車輛、運輸設備通常為固定資產，屬於 Category 2
交通及運輸設備,05,電車,True,2,車輛、運輸設備通常為固定資產，屬於 Category 2
交通及運輸設備,01,電車,True,2,車輛、運輸設備通常為固定資產，屬於 Category 2
交通及運輸設備,,電車,True,2,車輛、運輸設備通常為固定資產，屬於 Category 2
交通及運輸設備,06,纜車,True,2,車輛、運輸設備通常為固定資產，屬於 Category 2
交通及運輸設備,01,纜車,True,2,車輛、運輸設備通常為固定資產，屬於 Category 2
交通及運輸設備,,纜車,True,2,車輛、運輸設備通常為固定資產，屬於 Category 2
交通及運輸設備,07,汽車,True,2,車輛、運輸設備通常為固定資產，屬於 Category 2
交通及運輸設備,01,客車,True,2,車輛、運輸設備通常為固定資產，屬於 Category 2
交通及運輸設備,,大客車,True,2,車輛、運輸設備通常為固定資產，屬於 Category 2
交通及運輸設備,,大眾運輸之營業用大客車,True,2,車輛、運輸設備通常為固定資產，屬於 Category 2
交通及運輸設備,,小客車,True,2,車輛、運輸設備通常為固定資產，屬於 Category 2
交通及運輸設備,,旅行車,True,2,車輛、運輸設備通常為固定資產，屬於 Category 2
交通及運輸設備,,吉普車,True,2,車輛、運輸設備通常為固定資產，屬於 Category 2
交通及運輸設備,,客貨兩用車,True,2,車輛、運輸設備通常為固定資產，屬於 Category 2
交通及運輸設備,02,貨車,True,2,車輛、運輸設備通常為固定資產，屬於 Category 2
交通及運輸設備,,大型貨車,True,2,車輛、運輸設備通常為固定資產，屬於 Category 2
交通及運輸設備,,小型貨車,True,2,車輛、運輸設備通常為固定資產，屬於 Category 2
交通及運輸設備,,傾卸貨車,True,2,車輛、運輸設備通常為固定資產，屬於 Category 2
交通及運輸設備,,罐車,True,2,車輛、運輸設備通常為固定資產，屬於 Category 2
交通及運輸設備,,平板車,True,2,車輛、運輸設備通常為固定資產，屬於 Category 2
交通及運輸設備,,搬運車,True,2,車輛、運輸設備通常為固定資產，屬於 Category 2
交通及運輸設備,,貨櫃,True,2,車輛、運輸設備通常為固定資產，屬於 Category 2
交通及運輸設備,,貨櫃車架,True,2,車輛、運輸設備通常為固定資產，屬於 Category 2
交通及運輸設備,,車架發電機組,True,2,車輛、運輸設備通常為固定資產，屬於 Category 2
交通及運輸設備,,曳引車,True,2,車輛、運輸設備通常為固定資產，屬於 Category 2
交通及運輸設備,03,工程用車,True,2,車輛、運輸設備通常為固定資產，屬於 Category 2
交通及運輸設備,,養護車,True,2,車輛、運輸設備通常為固定資產，屬於 Category 2
交通及運輸設備,,搶修車,True,2,車輛、運輸設備通常為固定資產，屬於 Category 2
交通及運輸設備,,吊車,True,2,車輛、運輸設備通常為固定資產，屬於 Category 2
交通及運輸設備,,壓路機,True,2,車輛、運輸設備通常為固定資產，屬於 Category 2
交通及運輸設備,,超載車,True,2,車輛、運輸設備通常為固定資產，屬於 Category 2
交通及運輸設備,,水泥拌合車,True,2,車輛、運輸設備通常為固定資產，屬於 Category 2
交通及運輸設備,,水泥混合卡車,True,2,車輛、運輸設備通常為固定資產，屬於 Category 2
交通及運輸設備,,高空作業車,True,2,車輛、運輸設備通常為固定資產，屬於 Category 2
交通及運輸設備,,電纜佈放車,True,2,車輛、運輸設備通常為固定資產，屬於 Category 2
交通及運輸設備,04,特種車,True,2,車輛、運輸設備通常為固定資產，屬於 Category 2
交通及運輸設備,,行動郵局車,True,2,車輛、運輸設備通常為固定資產，屬於 Category 2
交通及運輸設備,,救護車,True,2,車輛、運輸設備通常為固定資產，屬於 Category 2
交通及運輸設備,,消防車,True,2,車輛、運輸設備通常為固定資產，屬於 Category 2
交通及運輸設備,,警備車,True,2,車輛、運輸設備通常為固定資產，屬於 Category 2
交通及運輸設備,,警用巡邏車,True,2,車輛、運輸設備通常為固定資產，屬於 Category 2
交通及運輸設備,,偵緝（防）車,True,2,車輛、運輸設備通常為固定資產，屬於 Category 2
交通及運輸設備,,醫療檢驗車,True,2,車輛、運輸設備通常為固定資產，屬於 Category 2
交通及運輸設備,,清潔車,True,2,車輛、運輸設備通常為固定資產，屬於 Category 2
交通及運輸設備,,瀝青車,True,2,車輛、運輸設備通常為固定資產，屬於 Category 2
交通及運輸設備,,鐵公路兩用車,True,2,車輛、運輸設備通常為固定資產，屬於 Category 2
交通及運輸設備,,污油車,True,2,車輛、運輸設備通常為固定資產，屬於 Category 2
交通及運輸設備,,航空氣油加油車,True,2,車輛、運輸設備通常為固定資產，屬於 Category 2
交通及運輸設備,,Ｘ光工程車,True,2,車輛、運輸設備通常為固定資產，屬於 Category 2
交通及運輸設備,,電動車,True,2,車輛、運輸設備通常為固定資產，屬於 Category 2
交通及運輸設備,,嗶音與振動測定車,True,2,車輛、運輸設備通常為固定資產，屬於 Category 2
交通及運輸設備,,空氣品質監測車,True,2,車輛、運輸設備通常為固定資產，屬於 Category 2
交通及運輸設備,,火災鑑識車,True,2,車輛、運輸設備通常為固定資產，屬於 Category 2
交通及運輸設備,,行動公用電話車,True,2,車輛、運輸設備通常為固定資產，屬於 Category 2
交通及運輸設備,,救助器材車,True,2,車輛、運輸設備通常為固定資產，屬於 Category 2
交通及運輸設備,,空氣壓縮車,True,2,車輛、運輸設備通常為固定資產，屬於 Category 2
交通及運輸設備,,化學災害處理車,True,2,車輛、運輸設備通常為固定資產，屬於 Category 2
交通及運輸設備,,特種通訊車,True,2,車輛、運輸設備通常為固定資產，屬於 Category 2
交通及運輸設備,,救災指揮車,True,2,車輛、運輸設備通常為固定資產，屬於 Category 2
交通及運輸設備,,災情勘查車,True,2,車輛、運輸設備通常為固定資產，屬於 Category 2
交通及運輸設備,,其他,True,2,車輛、運輸設備通常為固定資產，屬於 Category 2
交通及運輸設備,05,機器腳踏車,True,2,車輛、運輸設備通常為固定資產，屬於 Category 2
交通及運輸設備,,三輪機踏車,True,2,車輛、運輸設備通常為固定資產，屬於 Category 2
交通及運輸設備,,二輪機踏車,True,2,車輛、運輸設備通常為固定資產，屬於 Category 2
交通及運輸設備,08,人力車,True,2,車輛、運輸設備通常為固定資產，屬於 Category 2
交通及運輸設備,01,腳踏車,True,2,車輛、運輸設備通常為固定資產，屬於 Category 2
交通及運輸設備,,自行車,True,2,車輛、運輸設備通常為固定資產，屬於 Category 2
交通及運輸設備,,三輪貨車,True,2,車輛、運輸設備通常為固定資產，屬於 Category 2
交通及運輸設備,02,手推車,True,2,車輛、運輸設備通常為固定資產，屬於 Category 2
交通及運輸設備,,手推車,True,2,車輛、運輸設備通常為固定資產，屬於 Category 2
交通及運輸設備,,起重車,True,2,車輛、運輸設備通常為固定資產，屬於 Category 2
交通及運輸設備,,老虎車,True,2,車輛、運輸設備通常為固定資產，屬於 Category 2
交通及運輸設備,,三層零件車,True,2,車輛、運輸設備通常為固定資產，屬於 Category 2
交通及運輸設備,,行李搬運車,True,2,車輛、運輸設備通常為固定資產，屬於 Category 2
交通及運輸設備,03,台車,True,2,車輛、運輸設備通常為固定資產，屬於 Category 2
交通及運輸設備,,台車,True,2,車輛、運輸設備通常為固定資產，屬於 Category 2
交通及運輸設備,,索道客車,True,2,車輛、運輸設備通常為固定資產，屬於 Category 2
交通及運輸設備,09,拖車,True,2,車輛、運輸設備通常為固定資產，屬於 Category 2
交通及運輸設備,01,拖車,True,2,車輛、運輸設備通常為固定資產，屬於 Category 2
交通及運輸設備,,二輪拖車,True,2,車輛、運輸設備通常為固定資產，屬於 Category 2
交通及運輸設備,,罐拖車,True,2,車輛、運輸設備通常為固定資產，屬於 Category 2
交通及運輸設備,,斗型拖車,True,2,車輛、運輸設備通常為固定資產，屬於 Category 2
交通及運輸設備,,拖板車,True,2,車輛、運輸設備通常為固定資產，屬於 Category 2
交通及運輸設備,10,獸力車,True,2,車輛、運輸設備通常為固定資產，屬於 Category 2
交通及運輸設備,01,獸力車,True,2,車輛、運輸設備通常為固定資產，屬於 Category 2
交通及運輸設備,,牛車,True,2,車輛、運輸設備通常為固定資產，屬於 Category 2
交通及運輸設備,,馬車,True,2,車輛、運輸設備通常為固定資產，屬於 Category 2
交通及運輸設備,11,軌道機電設備,True,2,車輛、運輸設備通常為固定資產，屬於 Category 2
交通及運輸設備,1,供電設備,True,2,車輛、運輸設備通常為固定資產，屬於 Category 2
交通及運輸設備,,牽引動力變壓器,True,2,車輛、運輸設備通常為固定資產，屬於 Category 2
交通及運輸設備,12,導航設備,True,2,車輛、運輸設備通常為固定資產，屬於 Category 2
交通及運輸設備,1,導航設備,True,2,車輛、運輸設備通常為固定資產，屬於 Category 2
交通及運輸設備,,衛星導航系統,True,2,車輛、運輸設備通常為固定資產，屬於 Category 2
交通及運輸設備,02,水運設備,True,2,車輛、運輸設備通常為固定資產，屬於 Category 2
交通及運輸設備,01,船舶及設備,True,2,車輛、運輸設備通常為固定資產，屬於 Category 2
交通及運輸設備,01,客輪,True,2,車輛、運輸設備通常為固定資產，屬於 Category 2
交通及運輸設備,,客輪,True,2,車輛、運輸設備通常為固定資產，屬於 Category 2
交通及運輸設備,02,客貨輪,True,2,車輛、運輸設備通常為固定資產，屬於 Category 2
交通及運輸設備,,客貨輪,True,2,車輛、運輸設備通常為固定資產，屬於 Category 2
交通及運輸設備,03,乾貨輪,True,2,車輛、運輸設備通常為固定資產，屬於 Category 2
交通及運輸設備,,貨輪,True,2,車輛、運輸設備通常為固定資產，屬於 Category 2
交通及運輸設備,,礦砂輪,True,2,車輛、運輸設備通常為固定資產，屬於 Category 2
交通及運輸設備,,礦砂原油兩用輪,True,2,車輛、運輸設備通常為固定資產，屬於 Category 2
交通及運輸設備,,原木運載輪,True,2,車輛、運輸設備通常為固定資產，屬於 Category 2
交通及運輸設備,,牲畜運載輪,True,2,車輛、運輸設備通常為固定資產，屬於 Category 2
交通及運輸設備,,冷藏輪,True,2,車輛、運輸設備通常為固定資產，屬於 Category 2
交通及運輸設備,,運車輪,True,2,車輛、運輸設備通常為固定資產，屬於 Category 2
交通及運輸設備,,水果輪,True,2,車輛、運輸設備通常為固定資產，屬於 Category 2
交通及運輸設備,,貨櫃輪,True,2,車輛、運輸設備通常為固定資產，屬於 Category 2
交通及運輸設備,04,液體貨輪,True,2,車輛、運輸設備通常為固定資產，屬於 Category 2
交通及運輸設備,,原油油輪,True,2,車輛、運輸設備通常為固定資產，屬於 Category 2
交通及運輸設備,,成品油輪,True,2,車輛、運輸設備通常為固定資產，屬於 Category 2
交通及運輸設備,,淡水運載輪,True,2,車輛、運輸設備通常為固定資產，屬於 Category 2
交通及運輸設備,,特殊液體載運輪,True,2,車輛、運輸設備通常為固定資產，屬於 Category 2
交通及運輸設備,05,拖輪,True,2,車輛、運輸設備通常為固定資產，屬於 Category 2
交通及運輸設備,,遠洋拖輪,True,2,車輛、運輸設備通常為固定資產，屬於 Category 2
交通及運輸設備,,救難拖輪,True,2,車輛、運輸設備通常為固定資產，屬於 Category 2
交通及運輸設備,,港口拖輪,True,2,車輛、運輸設備通常為固定資產，屬於 Category 2
交通及運輸設備,,內河拖輪,True,2,車輛、運輸設備通常為固定資產，屬於 Category 2
交通及運輸設備,,方駁拖輪,True,2,車輛、運輸設備通常為固定資產，屬於 Category 2
交通及運輸設備,C364-06,渡輪,True,2,車輛、運輸設備通常為固定資產，屬於 Category 2
交通及運輸設備,,旅客渡輪,True,2,車輛、運輸設備通常為固定資產，屬於 Category 2
交通及運輸設備,,車輛渡輪,True,2,車輛、運輸設備通常為固定資產，屬於 Category 2
交通及運輸設備,,火車渡輪,True,2,車輛、運輸設備通常為固定資產，屬於 Category 2
交通及運輸設備,,舢板,True,2,車輛、運輸設備通常為固定資產，屬於 Category 2
交通及運輸設備,07,工作船,True,2,車輛、運輸設備通常為固定資產，屬於 Category 2
交通及運輸設備,,浮船塢,True,2,車輛、運輸設備通常為固定資產，屬於 Category 2
交通及運輸設備,,挖泥輪,True,2,車輛、運輸設備通常為固定資產，屬於 Category 2
交通及運輸設備,,領港輪,True,2,車輛、運輸設備通常為固定資產，屬於 Category 2
交通及運輸設備,,水上起重船,True,2,車輛、運輸設備通常為固定資產，屬於 Category 2
交通及運輸設備,,拋石輪,True,2,車輛、運輸設備通常為固定資產，屬於 Category 2
交通及運輸設備,,潛水輪,True,2,車輛、運輸設備通常為固定資產，屬於 Category 2
交通及運輸設備,,修理輪,True,2,車輛、運輸設備通常為固定資產，屬於 Category 2
交通及運輸設備,,燈塔補給輪,True,2,車輛、運輸設備通常為固定資產，屬於 Category 2
交通及運輸設備,,浮筒修理輪,True,2,車輛、運輸設備通常為固定資產，屬於 Category 2
交通及運輸設備,,電纜敷設輪,True,2,車輛、運輸設備通常為固定資產，屬於 Category 2
交通及運輸設備,,港勤船,True,2,車輛、運輸設備通常為固定資產，屬於 Category 2
交通及運輸設備,,測候輪,True,2,車輛、運輸設備通常為固定資產，屬於 Category 2
交通及運輸設備,,測量輪,True,2,車輛、運輸設備通常為固定資產，屬於 Category 2
交通及運輸設備,,訓練輪,True,2,車輛、運輸設備通常為固定資產，屬於 Category 2
交通及運輸設備,,醫務輪,True,2,車輛、運輸設備通常為固定資產，屬於 Category 2
交通及運輸設備,,消防輪,True,2,車輛、運輸設備通常為固定資產，屬於 Category 2
交通及運輸設備,,垃圾船,True,2,車輛、運輸設備通常為固定資產，屬於 Category 2
交通及運輸設備,,燈船,True,2,車輛、運輸設備通常為固定資產，屬於 Category 2
交通及運輸設備,,巡邏船,True,2,車輛、運輸設備通常為固定資產，屬於 Category 2
交通及運輸設備,,躉船,True,2,車輛、運輸設備通常為固定資產，屬於 Category 2
交通及運輸設備,,檢疫艇,True,2,車輛、運輸設備通常為固定資產，屬於 Category 2
交通及運輸設備,,救生艇,True,2,車輛、運輸設備通常為固定資產，屬於 Category 2
交通及運輸設備,,橡皮船,True,2,車輛、運輸設備通常為固定資產，屬於 Category 2
交通及運輸設備,,海底整平船,True,2,車輛、運輸設備通常為固定資產，屬於 Category 2
交通及運輸設備,,拌合船,True,2,車輛、運輸設備通常為固定資產，屬於 Category 2
交通及運輸設備,,打樁船,True,2,車輛、運輸設備通常為固定資產，屬於 Category 2
交通及運輸設備,,錨船,True,2,車輛、運輸設備通常為固定資產，屬於 Category 2
交通及運輸設備,,撈油船,True,2,車輛、運輸設備通常為固定資產，屬於 Category 2
交通及運輸設備,,竹筏,True,2,車輛、運輸設備通常為固定資產，屬於 Category 2
交通及運輸設備,,浮船台,True,2,車輛、運輸設備通常為固定資產，屬於 Category 2
交通及運輸設備,,巡邏艦,True,2,車輛、運輸設備通常為固定資產，屬於 Category 2
交通及運輸設備,,水上摩托車,True,2,車輛、運輸設備通常為固定資產，屬於 Category 2
交通及運輸設備,08,機帆船,True,2,車輛、運輸設備通常為固定資產，屬於 Category 2
交通及運輸設備,,近海機帆船,True,2,車輛、運輸設備通常為固定資產，屬於 Category 2
交通及運輸設備,,內河機帆船,True,2,車輛、運輸設備通常為固定資產，屬於 Category 2
交通及運輸設備,09,駁船,True,2,車輛、運輸設備通常為固定資產，屬於 Category 2
交通及運輸設備,,貨駁船,True,2,車輛、運輸設備通常為固定資產，屬於 Category 2
交通及運輸設備,,油駁船,True,2,車輛、運輸設備通常為固定資產，屬於 Category 2
交通及運輸設備,,鐵駁船,True,2,車輛、運輸設備通常為固定資產，屬於 Category 2
交通及運輸設備,,水駁船,True,2,車輛、運輸設備通常為固定資產，屬於 Category 2
交通及運輸設備,,泥駁船,True,2,車輛、運輸設備通常為固定資產，屬於 Category 2
交通及運輸設備,10,遊艇,True,2,車輛、運輸設備通常為固定資產，屬於 Category 2
交通及運輸設備,,遊艇,True,2,車輛、運輸設備通常為固定資產，屬於 Category 2
交通及運輸設備,11,賽艇,True,2,車輛、運輸設備通常為固定資產，屬於 Category 2
交通及運輸設備,,賽艇,True,2,車輛、運輸設備通常為固定資產，屬於 Category 2
交通及運輸設備,02,港務設備,True,2,車輛、運輸設備通常為固定資產，屬於 Category 2
交通及運輸設備,01,碼頭及繫船設備,True,2,車輛、運輸設備通常為固定資產，屬於 Category 2
交通及運輸設備,,浮筒,True,2,車輛、運輸設備通常為固定資產，屬於 Category 2
交通及運輸設備,,碼頭護舷－碰墊,True,2,車輛、運輸設備通常為固定資產，屬於 Category 2
交通及運輸設備,02,導航設備,True,2,車輛、運輸設備通常為固定資產，屬於 Category 2
交通及運輸設備,,浮標,True,2,車輛、運輸設備通常為固定資產，屬於 Category 2
交通及運輸設備,,訊號臺,True,2,車輛、運輸設備通常為固定資產，屬於 Category 2
交通及運輸設備,,羅蘭,True,2,車輛、運輸設備通常為固定資產，屬於 Category 2
交通及運輸設備,,雷達,True,2,車輛、運輸設備通常為固定資產，屬於 Category 2
交通及運輸設備,,羅經,True,2,車輛、運輸設備通常為固定資產，屬於 Category 2
交通及運輸設備,,航儀,True,2,車輛、運輸設備通常為固定資產，屬於 Category 2
交通及運輸設備,,導航疊標,True,2,車輛、運輸設備通常為固定資產，屬於 Category 2
交通及運輸設備,03,船舶機械設備,True,2,車輛、運輸設備通常為固定資產，屬於 Category 2
交通及運輸設備,,油輪貨載模擬機,True,2,車輛、運輸設備通常為固定資產，屬於 Category 2
交通及運輸設備,,模型船操船模擬裝置,True,2,車輛、運輸設備通常為固定資產，屬於 Category 2
交通及運輸設備,,控制系統性能檢測裝置,True,2,車輛、運輸設備通常為固定資產，屬於 Category 2
交通及運輸設備,03,空運設備,True,2,車輛、運輸設備通常為固定資產，屬於 Category 2
交通及運輸設備,01,機場設備,True,2,車輛、運輸設備通常為固定資產，屬於 Category 2
交通及運輸設備,01,機庫,True,2,車輛、運輸設備通常為固定資產，屬於 Category 2
交通及運輸設備,,機庫,True,2,車輛、運輸設備通常為固定資產，屬於 Category 2
交通及運輸設備,02,飛機,True,2,車輛、運輸設備通常為固定資產，屬於 Category 2
交通及運輸設備,01,客機,True,2,車輛、運輸設備通常為固定資產，屬於 Category 2
交通及運輸設備,,大型客機,True,2,車輛、運輸設備通常為固定資產，屬於 Category 2
交通及運輸設備,,中型客機,True,2,車輛、運輸設備通常為固定資產，屬於 Category 2
交通及運輸設備,,小型客機,True,2,車輛、運輸設備通常為固定資產，屬於 Category 2
交通及運輸設備,,水上客機,True,2,車輛、運輸設備通常為固定資產，屬於 Category 2
交通及運輸設備,,水陸兩用客機,True,2,車輛、運輸設備通常為固定資產，屬於 Category 2
交通及運輸設備,02,貨機,True,2,車輛、運輸設備通常為固定資產，屬於 Category 2
交通及運輸設備,,大型貨機,True,2,車輛、運輸設備通常為固定資產，屬於 Category 2
交通及運輸設備,,中型貨機,True,2,車輛、運輸設備通常為固定資產，屬於 Category 2
交通及運輸設備,,小型貨機,True,2,車輛、運輸設備通常為固定資產，屬於 Category 2
交通及運輸設備,,水上貨機,True,2,車輛、運輸設備通常為固定資產，屬於 Category 2
交通及運輸設備,,水陸兩用貨機,True,2,車輛、運輸設備通常為固定資產，屬於 Category 2
交通及運輸設備,03,直昇機,True,2,車輛、運輸設備通常為固定資產，屬於 Category 2
交通及運輸設備,,客運直昇機,True,2,車輛、運輸設備通常為固定資產，屬於 Category 2
交通及運輸設備,,貨運直昇機,True,2,車輛、運輸設備通常為固定資產，屬於 Category 2
交通及運輸設備,04,航空作業及測試飛機,True,2,車輛、運輸設備通常為固定資產，屬於 Category 2
交通及運輸設備,,農業用機,True,2,車輛、運輸設備通常為固定資產，屬於 Category 2
交通及運輸設備,,漁業用機,True,2,車輛、運輸設備通常為固定資產，屬於 Category 2
交通及運輸設備,,測量機,True,2,車輛、運輸設備通常為固定資產，屬於 Category 2
交通及運輸設備,,測試機,True,2,車輛、運輸設備通常為固定資產，屬於 Category 2
交通及運輸設備,,搜救機,True,2,車輛、運輸設備通常為固定資產，屬於 Category 2
交通及運輸設備,,遙控無人機,True,2,車輛、運輸設備通常為固定資產，屬於 Category 2
交通及運輸設備,05,滑翔機,True,2,車輛、運輸設備通常為固定資產，屬於 Category 2
交通及運輸設備,,動力牽引滑翔機,True,2,車輛、運輸設備通常為固定資產，屬於 Category 2
交通及運輸設備,,人力牽引滑翔機,True,2,車輛、運輸設備通常為固定資產，屬於 Category 2
交通及運輸設備,06,教練機,True,2,車輛、運輸設備通常為固定資產，屬於 Category 2
交通及運輸設備,,教練機,True,2,車輛、運輸設備通常為固定資產，屬於 Category 2
交通及運輸設備,,模擬機,True,2,車輛、運輸設備通常為固定資產，屬於 Category 2
交通及運輸設備,03,航管及導航設備,True,2,車輛、運輸設備通常為固定資產，屬於 Category 2
交通及運輸設備,01,航管設備,True,2,車輛、運輸設備通常為固定資產，屬於 Category 2
交通及運輸設備,,極高頻收發話機,True,2,車輛、運輸設備通常為固定資產，屬於 Category 2
交通及運輸設備,,超高頻收發訊機,True,2,車輛、運輸設備通常為固定資產，屬於 Category 2
交通及運輸設備,,訊號槍,True,2,車輛、運輸設備通常為固定資產，屬於 Category 2
交通及運輸設備,,機場風向儀,True,2,車輛、運輸設備通常為固定資產，屬於 Category 2
交通及運輸設備,02,導航設備,True,2,車輛、運輸設備通常為固定資產，屬於 Category 2
交通及運輸設備,,跑道燈,True,2,車輛、運輸設備通常為固定資產，屬於 Category 2
交通及運輸設備,,進場燈,True,2,車輛、運輸設備通常為固定資產，屬於 Category 2
交通及運輸設備,,滑行道燈,True,2,車輛、運輸設備通常為固定資產，屬於 Category 2
交通及運輸設備,,障礙燈,True,2,車輛、運輸設備通常為固定資產，屬於 Category 2
交通及運輸設備,,旋轉燈,True,2,車輛、運輸設備通常為固定資產，屬於 Category 2
交通及運輸設備,,監聽機,True,2,車輛、運輸設備通常為固定資產，屬於 Category 2
交通及運輸設備,,定位發射機,True,2,車輛、運輸設備通常為固定資產，屬於 Category 2
交通及運輸設備,,信標發射機,True,2,車輛、運輸設備通常為固定資產，屬於 Category 2
交通及運輸設備,,滑降台,True,2,車輛、運輸設備通常為固定資產，屬於 Category 2
交通及運輸設備,,左右定位台,True,2,車輛、運輸設備通常為固定資產，屬於 Category 2
交通及運輸設備,,多向導航台,True,2,車輛、運輸設備通常為固定資產，屬於 Category 2
交通及運輸設備,,航機自動停機引導儀,True,2,車輛、運輸設備通常為固定資產，屬於 Category 2
交通及運輸設備,,人造衛星導航系統,True,2,車輛、運輸設備通常為固定資產，屬於 Category 2
交通及運輸設備,,雷達,True,2,車輛、運輸設備通常為固定資產，屬於 Category 2
交通及運輸設備,,雷達顯示管,True,2,車輛、運輸設備通常為固定資產，屬於 Category 2
交通及運輸設備,,測距儀（ＤＭＥ）,True,2,車輛、運輸設備通常為固定資產，屬於 Category 2
交通及運輸設備,,太康機（ＴＡＣＡＮ）,True,2,車輛、運輸設備通常為固定資產，屬於 Category 2
交通及運輸設備,,目視滑降機,True,2,車輛、運輸設備通常為固定資產，屬於 Category 2
交通及運輸設備,,導航指示標燈,True,2,車輛、運輸設備通常為固定資產，屬於 Category 2
交通及運輸設備,,落地區域燈,True,2,車輛、運輸設備通常為固定資產，屬於 Category 2
交通及運輸設備,04,氣象設備,True,2,車輛、運輸設備通常為固定資產，屬於 Category 2
交通及運輸設備,01,氣象觀測儀器,True,2,車輛、運輸設備通常為固定資產，屬於 Category 2
交通及運輸設備,01,氣壓觀測儀器,True,2,車輛、運輸設備通常為固定資產，屬於 Category 2
交通及運輸設備,,氣壓計,True,2,車輛、運輸設備通常為固定資產，屬於 Category 2
交通及運輸設備,,氣壓儀,True,2,車輛、運輸設備通常為固定資產，屬於 Category 2
交通及運輸設備,02,溫度觀測儀器,True,2,車輛、運輸設備通常為固定資產，屬於 Category 2
交通及運輸設備,,溫度計,True,2,車輛、運輸設備通常為固定資產，屬於 Category 2
交通及運輸設備,,溫度儀,True,2,車輛、運輸設備通常為固定資產，屬於 Category 2
交通及運輸設備,,溫濕計,True,2,車輛、運輸設備通常為固定資產，屬於 Category 2
交通及運輸設備,03,濕度觀測儀器,True,2,車輛、運輸設備通常為固定資產，屬於 Category 2
交通及運輸設備,,濕度計,True,2,車輛、運輸設備通常為固定資產，屬於 Category 2
交通及運輸設備,,濕度儀,True,2,車輛、運輸設備通常為固定資產，屬於 Category 2
交通及運輸設備,,露點計,True,2,車輛、運輸設備通常為固定資產，屬於 Category 2
交通及運輸設備,,露水計,True,2,車輛、運輸設備通常為固定資產，屬於 Category 2
交通及運輸設備,,土壤水份計,True,2,車輛、運輸設備通常為固定資產，屬於 Category 2
交通及運輸設備,04,測風儀器,True,2,車輛、運輸設備通常為固定資產，屬於 Category 2
交通及運輸設備,,風速計,True,2,車輛、運輸設備通常為固定資產，屬於 Category 2
交通及運輸設備,,風速儀,True,2,車輛、運輸設備通常為固定資產，屬於 Category 2
交通及運輸設備,,風壓儀,True,2,車輛、運輸設備通常為固定資產，屬於 Category 2
交通及運輸設備,,風向儀,True,2,車輛、運輸設備通常為固定資產，屬於 Category 2
交通及運輸設備,,風向風速儀,True,2,車輛、運輸設備通常為固定資產，屬於 Category 2
交通及運輸設備,,風量錶,True,2,車輛、運輸設備通常為固定資產，屬於 Category 2
交通及運輸設備,,風車實驗器,True,2,車輛、運輸設備通常為固定資產，屬於 Category 2
交通及運輸設備,,風向風速記錄器,True,2,車輛、運輸設備通常為固定資產，屬於 Category 2
交通及運輸設備,05,能見度觀測儀器,True,2,車輛、運輸設備通常為固定資產，屬於 Category 2
交通及運輸設備,,視程計,True,2,車輛、運輸設備通常為固定資產，屬於 Category 2
交通及運輸設備,,能見度儀,True,2,車輛、運輸設備通常為固定資產，屬於 Category 2
交通及運輸設備,06,測塵儀器,True,2,車輛、運輸設備通常為固定資產，屬於 Category 2
交通及運輸設備,,計塵器,True,2,車輛、運輸設備通常為固定資產，屬於 Category 2
交通及運輸設備,07,降水量觀測儀器,True,2,車輛、運輸設備通常為固定資產，屬於 Category 2
交通及運輸設備,,雨量儀,True,2,車輛、運輸設備通常為固定資產，屬於 Category 2
交通及運輸設備,,雨量器,True,2,車輛、運輸設備通常為固定資產，屬於 Category 2
交通及運輸設備,,雪量器,True,2,車輛、運輸設備通常為固定資產，屬於 Category 2
交通及運輸設備,,人工降雨試驗機,True,2,車輛、運輸設備通常為固定資產，屬於 Category 2
交通及運輸設備,08,蒸發量觀測儀器,True,2,車輛、運輸設備通常為固定資產，屬於 Category 2
交通及運輸設備,,蒸發器,True,2,車輛、運輸設備通常為固定資產，屬於 Category 2
交通及運輸設備,,蒸發儀,True,2,車輛、運輸設備通常為固定資產，屬於 Category 2
交通及運輸設備,,蒸發散量儀,True,2,車輛、運輸設備通常為固定資產，屬於 Category 2
交通及運輸設備,09,日照觀測儀器,True,2,車輛、運輸設備通常為固定資產，屬於 Category 2
交通及運輸設備,,日照計,True,2,車輛、運輸設備通常為固定資產，屬於 Category 2
交通及運輸設備,10,太陽幅射觀測儀器,True,2,車輛、運輸設備通常為固定資產，屬於 Category 2
交通及運輸設備,,輻射計,True,2,車輛、運輸設備通常為固定資產，屬於 Category 2
交通及運輸設備,,日射計,True,2,車輛、運輸設備通常為固定資產，屬於 Category 2
交通及運輸設備,,日射儀,True,2,車輛、運輸設備通常為固定資產，屬於 Category 2
交通及運輸設備,,輻射熱流測定儀,True,2,車輛、運輸設備通常為固定資產，屬於 Category 2
交通及運輸設備,11,測雲儀器,True,2,車輛、運輸設備通常為固定資產，屬於 Category 2
交通及運輸設備,,測雲鏡,True,2,車輛、運輸設備通常為固定資產，屬於 Category 2
交通及運輸設備,,雲幕儀,True,2,車輛、運輸設備通常為固定資產，屬於 Category 2
交通及運輸設備,,雲幕探照燈,True,2,車輛、運輸設備通常為固定資產，屬於 Category 2
交通及運輸設備,12,高空測風儀器,True,2,車輛、運輸設備通常為固定資產，屬於 Category 2
交通及運輸設備,,測風經緯儀,True,2,車輛、運輸設備通常為固定資產，屬於 Category 2
交通及運輸設備,,浮力測定秤,True,2,車輛、運輸設備通常為固定資產，屬於 Category 2
交通及運輸設備,,圖解盤,True,2,車輛、運輸設備通常為固定資產，屬於 Category 2
交通及運輸設備,13,高空探測儀器,True,2,車輛、運輸設備通常為固定資產，屬於 Category 2
交通及運輸設備,,高空探測收報機,True,2,車輛、運輸設備通常為固定資產，屬於 Category 2
交通及運輸設備,,氣球試驗器,True,2,車輛、運輸設備通常為固定資產，屬於 Category 2
交通及運輸設備,14,其他氣象觀測儀器,True,2,車輛、運輸設備通常為固定資產，屬於 Category 2
交通及運輸設備,,氣象雷達,True,2,車輛、運輸設備通常為固定資產，屬於 Category 2
交通及運輸設備,,雷天測定儀,True,2,車輛、運輸設備通常為固定資產，屬於 Category 2
交通及運輸設備,,自動氣象觀測裝置,True,2,車輛、運輸設備通常為固定資產，屬於 Category 2
交通及運輸設備,,霧警報器,True,2,車輛、運輸設備通常為固定資產，屬於 Category 2
交通及運輸設備,,通氣氣孔計,True,2,車輛、運輸設備通常為固定資產，屬於 Category 2
交通及運輸設備,,氣象資料處理機,True,2,車輛、運輸設備通常為固定資產，屬於 Category 2
交通及運輸設備,15,觀測附屬設備,True,2,車輛、運輸設備通常為固定資產，屬於 Category 2
交通及運輸設備,,百葉箱,True,2,車輛、運輸設備通常為固定資產，屬於 Category 2
交通及運輸設備,,雷達天線罩,True,2,車輛、運輸設備通常為固定資產，屬於 Category 2
交通及運輸設備,,儀器架,True,2,車輛、運輸設備通常為固定資產，屬於 Category 2
交通及運輸設備,16,氣象衛星資料接收設備,True,2,車輛、運輸設備通常為固定資產，屬於 Category 2
交通及運輸設備,,頻譜分析儀,True,2,車輛、運輸設備通常為固定資產，屬於 Category 2
交通及運輸設備,,綜合信號產生器,True,2,車輛、運輸設備通常為固定資產，屬於 Category 2
交通及運輸設備,,示波器,True,2,車輛、運輸設備通常為固定資產，屬於 Category 2
交通及運輸設備,,頻率計數計,True,2,車輛、運輸設備通常為固定資產，屬於 Category 2
交通及運輸設備,,４½數位多用錶,True,2,車輛、運輸設備通常為固定資產，屬於 Category 2
交通及運輸設備,,衰減器,True,2,車輛、運輸設備通常為固定資產，屬於 Category 2
交通及運輸設備,,數位功率表,True,2,車輛、運輸設備通常為固定資產，屬於 Category 2
交通及運輸設備,,邏輯分析儀,True,2,車輛、運輸設備通常為固定資產，屬於 Category 2
交通及運輸設備,,直流電源,True,2,車輛、運輸設備通常為固定資產，屬於 Category 2
交通及運輸設備,,功用產生器,True,2,車輛、運輸設備通常為固定資產，屬於 Category 2
交通及運輸設備,,測試器,True,2,車輛、運輸設備通常為固定資產，屬於 Category 2
交通及運輸設備,,衛星電腦軟體,True,2,車輛、運輸設備通常為固定資產，屬於 Category 2
交通及運輸設備,,氣象衛星資料接收站儀器,True,2,車輛、運輸設備通常為固定資產，屬於 Category 2
交通及運輸設備,,衛星信號磁帶機,True,2,車輛、運輸設備通常為固定資產，屬於 Category 2
交通及運輸設備,,衛星信號紀錄消磁器,True,2,車輛、運輸設備通常為固定資產，屬於 Category 2
交通及運輸設備,,衛星影像彩色交替系統,True,2,車輛、運輸設備通常為固定資產，屬於 Category 2
交通及運輸設備,,高解象衛星影像紀錄器,True,2,車輛、運輸設備通常為固定資產，屬於 Category 2
交通及運輸設備,,彩色衛星影像處理設備,True,2,車輛、運輸設備通常為固定資產，屬於 Category 2
交通及運輸設備,,"衛星影像儲存與動態頻示裝
　　　　置",True,2,車輛、運輸設備通常為固定資產，屬於 Category 2
交通及運輸設備,,衛星影像彩色顯示系統,True,2,車輛、運輸設備通常為固定資產，屬於 Category 2
交通及運輸設備,,衛星低解像傳真系統,True,2,車輛、運輸設備通常為固定資產，屬於 Category 2
交通及運輸設備,02,地球物理觀測儀器,True,2,車輛、運輸設備通常為固定資產，屬於 Category 2
交通及運輸設備,01,海洋觀測儀器,True,2,車輛、運輸設備通常為固定資產，屬於 Category 2
交通及運輸設備,,探水器,True,2,車輛、運輸設備通常為固定資產，屬於 Category 2
交通及運輸設備,,挖泥器,True,2,車輛、運輸設備通常為固定資產，屬於 Category 2
交通及運輸設備,,透明板,True,2,車輛、運輸設備通常為固定資產，屬於 Category 2
交通及運輸設備,,鹽分表,True,2,車輛、運輸設備通常為固定資產，屬於 Category 2
交通及運輸設備,,濾水器,True,2,車輛、運輸設備通常為固定資產，屬於 Category 2
交通及運輸設備,,驟潮儀,True,2,車輛、運輸設備通常為固定資產，屬於 Category 2
交通及運輸設備,,命令具,True,2,車輛、運輸設備通常為固定資產，屬於 Category 2
交通及運輸設備,,釋放儀,True,2,車輛、運輸設備通常為固定資產，屬於 Category 2
交通及運輸設備,,閃光器,True,2,車輛、運輸設備通常為固定資產，屬於 Category 2
交通及運輸設備,,海洋資料衛星接收器,True,2,車輛、運輸設備通常為固定資產，屬於 Category 2
交通及運輸設備,,鋼纜座盤,True,2,車輛、運輸設備通常為固定資產，屬於 Category 2
交通及運輸設備,,膠舟掛機,True,2,車輛、運輸設備通常為固定資產，屬於 Category 2
交通及運輸設備,,磁傾儀,True,2,車輛、運輸設備通常為固定資產，屬於 Category 2
交通及運輸設備,,測深儀,True,2,車輛、運輸設備通常為固定資產，屬於 Category 2
交通及運輸設備,,測波儀,True,2,車輛、運輸設備通常為固定資產，屬於 Category 2
交通及運輸設備,,海上資料傳送系統,True,2,車輛、運輸設備通常為固定資產，屬於 Category 2
交通及運輸設備,,海上資料浮標,True,2,車輛、運輸設備通常為固定資產，屬於 Category 2
交通及運輸設備,,驗潮儀,True,2,車輛、運輸設備通常為固定資產，屬於 Category 2
交通及運輸設備,02,天雷觀測儀器,True,2,車輛、運輸設備通常為固定資產，屬於 Category 2
交通及運輸設備,,水滴集電器,True,2,車輛、運輸設備通常為固定資產，屬於 Category 2
交通及運輸設備,,象限電位表,True,2,車輛、運輸設備通常為固定資產，屬於 Category 2
交通及運輸設備,03,地震觀測儀器,True,2,車輛、運輸設備通常為固定資產，屬於 Category 2
交通及運輸設備,,地震計,True,2,車輛、運輸設備通常為固定資產，屬於 Category 2
交通及運輸設備,,感震器,True,2,車輛、運輸設備通常為固定資產，屬於 Category 2
交通及運輸設備,,地滑記錄器,True,2,車輛、運輸設備通常為固定資產，屬於 Category 2
交通及運輸設備,,地滑警報器,True,2,車輛、運輸設備通常為固定資產，屬於 Category 2
交通及運輸設備,,水管式傾斜計,True,2,車輛、運輸設備通常為固定資產，屬於 Category 2
交通及運輸設備,,地下水檢層器,True,2,車輛、運輸設備通常為固定資產，屬於 Category 2
交通及運輸設備,,地震紀錄系統,True,2,車輛、運輸設備通常為固定資產，屬於 Category 2
交通及運輸設備,,強震加速度儀,True,2,車輛、運輸設備通常為固定資產，屬於 Category 2
交通及運輸設備,,地震紀錄系統檢定儀,True,2,車輛、運輸設備通常為固定資產，屬於 Category 2
交通及運輸設備,,地震微處理器,True,2,車輛、運輸設備通常為固定資產，屬於 Category 2
交通及運輸設備,,地震警報器,True,2,車輛、運輸設備通常為固定資產，屬於 Category 2
交通及運輸設備,,地震儀校時系統,True,2,車輛、運輸設備通常為固定資產，屬於 Category 2
交通及運輸設備,,地震偵測系統,True,2,車輛、運輸設備通常為固定資產，屬於 Category 2
交通及運輸設備,,地震遙測系統,True,2,車輛、運輸設備通常為固定資產，屬於 Category 2
交通及運輸設備,,地震資料處理系統,True,2,車輛、運輸設備通常為固定資產，屬於 Category 2
交通及運輸設備,04,地磁觀測儀器,True,2,車輛、運輸設備通常為固定資產，屬於 Category 2
交通及運輸設備,,磁氣機,True,2,車輛、運輸設備通常為固定資產，屬於 Category 2
交通及運輸設備,03,天文觀測儀器,True,2,車輛、運輸設備通常為固定資產，屬於 Category 2
交通及運輸設備,01,光學儀器,True,2,車輛、運輸設備通常為固定資產，屬於 Category 2
交通及運輸設備,,望遠鏡,True,2,車輛、運輸設備通常為固定資產，屬於 Category 2
交通及運輸設備,,赤道儀,True,2,車輛、運輸設備通常為固定資產，屬於 Category 2
交通及運輸設備,,日珥分光儀,True,2,車輛、運輸設備通常為固定資產，屬於 Category 2
交通及運輸設備,,天文台觀測圓頂,True,2,車輛、運輸設備通常為固定資產，屬於 Category 2
交通及運輸設備,,日晷儀,True,2,車輛、運輸設備通常為固定資產，屬於 Category 2
交通及運輸設備,,高角度觀察器,True,2,車輛、運輸設備通常為固定資產，屬於 Category 2
交通及運輸設備,,天文台,True,2,車輛、運輸設備通常為固定資產，屬於 Category 2
交通及運輸設備,,石英光罩,True,2,車輛、運輸設備通常為固定資產，屬於 Category 2
交通及運輸設備,02,計時儀器,True,2,車輛、運輸設備通常為固定資產，屬於 Category 2
交通及運輸設備,,標準鐘,True,2,車輛、運輸設備通常為固定資產，屬於 Category 2
交通及運輸設備,,恆星時鐘,True,2,車輛、運輸設備通常為固定資產，屬於 Category 2
交通及運輸設備,,記時儀,True,2,車輛、運輸設備通常為固定資產，屬於 Category 2
交通及運輸設備,03,其他天文儀器,True,2,車輛、運輸設備通常為固定資產，屬於 Category 2
交通及運輸設備,,天球運行說明儀,True,2,車輛、運輸設備通常為固定資產，屬於 Category 2
交通及運輸設備,,星象放映儀,True,2,車輛、運輸設備通常為固定資產，屬於 Category 2
交通及運輸設備,,旋轉星座盤,True,2,車輛、運輸設備通常為固定資產，屬於 Category 2
交通及運輸設備,,太陽月亮位置測定儀,True,2,車輛、運輸設備通常為固定資產，屬於 Category 2
交通及運輸設備,,透明半球儀,True,2,車輛、運輸設備通常為固定資產，屬於 Category 2
交通及運輸設備,,星象儀,True,2,車輛、運輸設備通常為固定資產，屬於 Category 2
交通及運輸設備,04,氣象檢校儀器,True,2,車輛、運輸設備通常為固定資產，屬於 Category 2
交通及運輸設備,01,氣壓類檢校儀器,True,2,車輛、運輸設備通常為固定資產，屬於 Category 2
交通及運輸設備,,水銀氣壓計檢定槽,True,2,車輛、運輸設備通常為固定資產，屬於 Category 2
交通及運輸設備,,空盒氣壓計檢定槽,True,2,車輛、運輸設備通常為固定資產，屬於 Category 2
交通及運輸設備,,抽氣機,True,2,車輛、運輸設備通常為固定資產，屬於 Category 2
交通及運輸設備,,水銀洗淨及蒸發裝置,True,2,車輛、運輸設備通常為固定資產，屬於 Category 2
交通及運輸設備,,水銀氣壓表檢修設備,True,2,車輛、運輸設備通常為固定資產，屬於 Category 2
交通及運輸設備,,探空儀氣壓檢定儀,True,2,車輛、運輸設備通常為固定資產，屬於 Category 2
交通及運輸設備,02,溫濕類檢校儀器,True,2,車輛、運輸設備通常為固定資產，屬於 Category 2
交通及運輸設備,,溫度檢定儀,True,2,車輛、運輸設備通常為固定資產，屬於 Category 2
交通及運輸設備,,溫濕度檢定儀,True,2,車輛、運輸設備通常為固定資產，屬於 Category 2
交通及運輸設備,,光電濕度計,True,2,車輛、運輸設備通常為固定資產，屬於 Category 2
交通及運輸設備,,溫度檢定槽,True,2,車輛、運輸設備通常為固定資產，屬於 Category 2
交通及運輸設備,03,測風類檢校儀器,True,2,車輛、運輸設備通常為固定資產，屬於 Category 2
交通及運輸設備,,風洞設備,True,2,車輛、運輸設備通常為固定資產，屬於 Category 2
交通及運輸設備,,風速轉速器,True,2,車輛、運輸設備通常為固定資產，屬於 Category 2
交通及運輸設備,04,測雨類檢校儀器,True,2,車輛、運輸設備通常為固定資產，屬於 Category 2
交通及運輸設備,,自動雨量校正記錄器,True,2,車輛、運輸設備通常為固定資產，屬於 Category 2
交通及運輸設備,,雨量計檢定滴定系統,True,2,車輛、運輸設備通常為固定資產，屬於 Category 2
交通及運輸設備,,人工降雨裝置,True,2,車輛、運輸設備通常為固定資產，屬於 Category 2
交通及運輸設備,05,日射類檢校儀器,True,2,車輛、運輸設備通常為固定資產，屬於 Category 2
交通及運輸設備,,日射計檢定儀器,True,2,車輛、運輸設備通常為固定資產，屬於 Category 2
交通及運輸設備,,標準光源,True,2,車輛、運輸設備通常為固定資產，屬於 Category 2
交通及運輸設備,06,電量檢校儀器,True,2,車輛、運輸設備通常為固定資產，屬於 Category 2
交通及運輸設備,,多頻道記錄器,True,2,車輛、運輸設備通常為固定資產，屬於 Category 2
交通及運輸設備,05,大氣理化學研究儀器,True,2,車輛、運輸設備通常為固定資產，屬於 Category 2
交通及運輸設備,01,大氣理化學研究儀器,True,2,車輛、運輸設備通常為固定資產，屬於 Category 2
交通及運輸設備,,雨水酸度測定儀,True,2,車輛、運輸設備通常為固定資產，屬於 Category 2
交通及運輸設備,,大氣污染觀測系統,True,2,車輛、運輸設備通常為固定資產，屬於 Category 2
交通及運輸設備,,導電度計,True,2,車輛、運輸設備通常為固定資產，屬於 Category 2
交通及運輸設備,,高速探樣器,True,2,車輛、運輸設備通常為固定資產，屬於 Category 2
交通及運輸設備,,臭氧分光儀,True,2,車輛、運輸設備通常為固定資產，屬於 Category 2
交通及運輸設備,05,電信設備,True,2,車輛、運輸設備通常為固定資產，屬於 Category 2
交通及運輸設備,01,電信線路設備,True,2,車輛、運輸設備通常為固定資產，屬於 Category 2
交通及運輸設備,01,架空設備,True,2,車輛、運輸設備通常為固定資產，屬於 Category 2
交通及運輸設備,,電桿,True,2,車輛、運輸設備通常為固定資產，屬於 Category 2
交通及運輸設備,,明線,True,2,車輛、運輸設備通常為固定資產，屬於 Category 2
交通及運輸設備,,架空電纜,True,2,車輛、運輸設備通常為固定資產，屬於 Category 2
交通及運輸設備,,架空光纜,True,2,車輛、運輸設備通常為固定資產，屬於 Category 2
交通及運輸設備,,光纖電纜接續,True,2,車輛、運輸設備通常為固定資產，屬於 Category 2
交通及運輸設備,,拉線箱,True,2,車輛、運輸設備通常為固定資產，屬於 Category 2
交通及運輸設備,02,地下設備,True,2,車輛、運輸設備通常為固定資產，屬於 Category 2
交通及運輸設備,,管道,True,2,車輛、運輸設備通常為固定資產，屬於 Category 2
交通及運輸設備,,地下電纜,True,2,車輛、運輸設備通常為固定資產，屬於 Category 2
交通及運輸設備,,地下光纜,True,2,車輛、運輸設備通常為固定資產，屬於 Category 2
交通及運輸設備,,同軸電纜,True,2,車輛、運輸設備通常為固定資產，屬於 Category 2
交通及運輸設備,,獨用人孔,True,2,車輛、運輸設備通常為固定資產，屬於 Category 2
交通及運輸設備,,洞道,True,2,車輛、運輸設備通常為固定資產，屬於 Category 2
交通及運輸設備,03,水底設備,True,2,車輛、運輸設備通常為固定資產，屬於 Category 2
交通及運輸設備,,水底電纜,True,2,車輛、運輸設備通常為固定資產，屬於 Category 2
交通及運輸設備,,水底同軸電纜,True,2,車輛、運輸設備通常為固定資產，屬於 Category 2
交通及運輸設備,,水底光纜,True,2,車輛、運輸設備通常為固定資產，屬於 Category 2
交通及運輸設備,02,電信機械設備,True,2,車輛、運輸設備通常為固定資產，屬於 Category 2
交通及運輸設備,01,交換機械設備,True,2,車輛、運輸設備通常為固定資產，屬於 Category 2
交通及運輸設備,,人工交換台,True,2,車輛、運輸設備通常為固定資產，屬於 Category 2
交通及運輸設備,,步進制自動交換機,True,2,車輛、運輸設備通常為固定資產，屬於 Category 2
交通及運輸設備,,縱橫制自動交換機,True,2,車輛、運輸設備通常為固定資產，屬於 Category 2
交通及運輸設備,,鄉村自動交換機,True,2,車輛、運輸設備通常為固定資產，屬於 Category 2
交通及運輸設備,,拖車自動交換機,True,2,車輛、運輸設備通常為固定資產，屬於 Category 2
交通及運輸設備,,電子自動交換機,True,2,車輛、運輸設備通常為固定資產，屬於 Category 2
交通及運輸設備,,配線架,True,2,車輛、運輸設備通常為固定資產，屬於 Category 2
交通及運輸設備,,按鍵電話交換機,True,2,車輛、運輸設備通常為固定資產，屬於 Category 2
交通及運輸設備,,接收台,True,2,車輛、運輸設備通常為固定資產，屬於 Category 2
交通及運輸設備,,縱橫制集線機,True,2,車輛、運輸設備通常為固定資產，屬於 Category 2
交通及運輸設備,,電子式集線機,True,2,車輛、運輸設備通常為固定資產，屬於 Category 2
交通及運輸設備,,主控台,True,2,車輛、運輸設備通常為固定資產，屬於 Category 2
交通及運輸設備,,數位交接系統,True,2,車輛、運輸設備通常為固定資產，屬於 Category 2
交通及運輸設備,,數位交接集中維運系統,True,2,車輛、運輸設備通常為固定資產，屬於 Category 2
交通及運輸設備,,智慧型交換網路,True,2,車輛、運輸設備通常為固定資產，屬於 Category 2
交通及運輸設備,,行動電話交換機,True,2,車輛、運輸設備通常為固定資產，屬於 Category 2
交通及運輸設備,02,電話終端設備,True,2,車輛、運輸設備通常為固定資產，屬於 Category 2
交通及運輸設備,,一般電話機,True,2,車輛、運輸設備通常為固定資產，屬於 Category 2
交通及運輸設備,,公用電話機,True,2,車輛、運輸設備通常為固定資產，屬於 Category 2
交通及運輸設備,,社會福祉電話機,True,2,車輛、運輸設備通常為固定資產，屬於 Category 2
交通及運輸設備,,有線電話無線主副機,True,2,車輛、運輸設備通常為固定資產，屬於 Category 2
交通及運輸設備,,行動電話機,True,2,車輛、運輸設備通常為固定資產，屬於 Category 2
交通及運輸設備,,投幣式電子控撥電話機,True,2,車輛、運輸設備通常為固定資產，屬於 Category 2
交通及運輸設備,,數位話機,True,2,車輛、運輸設備通常為固定資產，屬於 Category 2
交通及運輸設備,03,傳輸機械設備,True,2,車輛、運輸設備通常為固定資產，屬於 Category 2
交通及運輸設備,,無線電收發信機,True,2,車輛、運輸設備通常為固定資產，屬於 Category 2
交通及運輸設備,,無線電發射機,True,2,車輛、運輸設備通常為固定資產，屬於 Category 2
交通及運輸設備,,無線電接收機,True,2,車輛、運輸設備通常為固定資產，屬於 Category 2
交通及運輸設備,,無線電幫電機,True,2,車輛、運輸設備通常為固定資產，屬於 Category 2
交通及運輸設備,,單路及多路載波終端機,True,2,車輛、運輸設備通常為固定資產，屬於 Category 2
交通及運輸設備,,單路及多路載波幫電機,True,2,車輛、運輸設備通常為固定資產，屬於 Category 2
交通及運輸設備,,音頻幫電機,True,2,車輛、運輸設備通常為固定資產，屬於 Category 2
交通及運輸設備,,無線電叫人收信器,True,2,車輛、運輸設備通常為固定資產，屬於 Category 2
交通及運輸設備,,電話傳真機,True,2,車輛、運輸設備通常為固定資產，屬於 Category 2
交通及運輸設備,,衛星轉頻器,True,2,車輛、運輸設備通常為固定資產，屬於 Category 2
交通及運輸設備,,衛星地面設備,True,2,車輛、運輸設備通常為固定資產，屬於 Category 2
交通及運輸設備,,光纖機械設備,True,2,車輛、運輸設備通常為固定資產，屬於 Category 2
交通及運輸設備,,電碼可選式Ｍ１３多工設備,True,2,車輛、運輸設備通常為固定資產，屬於 Category 2
交通及運輸設備,,Ｔ１多工機,True,2,車輛、運輸設備通常為固定資產，屬於 Category 2
交通及運輸設備,,數位交換系統,True,2,車輛、運輸設備通常為固定資產，屬於 Category 2
交通及運輸設備,,衛星本體設體,True,2,車輛、運輸設備通常為固定資產，屬於 Category 2
交通及運輸設備,,高軌道衛星本體設備,True,2,車輛、運輸設備通常為固定資產，屬於 Category 2
交通及運輸設備,,低軌道衛星本體設備,True,2,車輛、運輸設備通常為固定資產，屬於 Category 2
交通及運輸設備,,衛星定位系統,True,2,車輛、運輸設備通常為固定資產，屬於 Category 2
交通及運輸設備,04,電報機械設備,True,2,車輛、運輸設備通常為固定資產，屬於 Category 2
交通及運輸設備,,人工電報機,True,2,車輛、運輸設備通常為固定資產，屬於 Category 2
交通及運輸設備,,鮑多自動機,True,2,車輛、運輸設備通常為固定資產，屬於 Category 2
交通及運輸設備,,韋氏快機,True,2,車輛、運輸設備通常為固定資產，屬於 Category 2
交通及運輸設備,,紙條複鑿分配機,True,2,車輛、運輸設備通常為固定資產，屬於 Category 2
交通及運輸設備,,多路電報發報機,True,2,車輛、運輸設備通常為固定資產，屬於 Category 2
交通及運輸設備,,電傳打字機,True,2,車輛、運輸設備通常為固定資產，屬於 Category 2
交通及運輸設備,,照片傳真機,True,2,車輛、運輸設備通常為固定資產，屬於 Category 2
交通及運輸設備,,電報集線機,True,2,車輛、運輸設備通常為固定資產，屬於 Category 2
交通及運輸設備,,載波電報終端機,True,2,車輛、運輸設備通常為固定資產，屬於 Category 2
交通及運輸設備,,多路自動校誤電報機,True,2,車輛、運輸設備通常為固定資產，屬於 Category 2
交通及運輸設備,,電報交換機,True,2,車輛、運輸設備通常為固定資產，屬於 Category 2
交通及運輸設備,,電報幫電機,True,2,車輛、運輸設備通常為固定資產，屬於 Category 2
交通及運輸設備,,發射電機寬頻磁帶機,True,2,車輛、運輸設備通常為固定資產，屬於 Category 2
交通及運輸設備,05,電信輔助設備,True,2,車輛、運輸設備通常為固定資產，屬於 Category 2
交通及運輸設備,,電話亭,True,2,車輛、運輸設備通常為固定資產，屬於 Category 2
交通及運輸設備,,輸送設備,True,2,車輛、運輸設備通常為固定資產，屬於 Category 2
交通及運輸設備,,電話測試設備,True,2,車輛、運輸設備通常為固定資產，屬於 Category 2
交通及運輸設備,,電報測試設備,True,2,車輛、運輸設備通常為固定資產，屬於 Category 2
交通及運輸設備,,數據測試設備,True,2,車輛、運輸設備通常為固定資產，屬於 Category 2
交通及運輸設備,,話務查測設備,True,2,車輛、運輸設備通常為固定資產，屬於 Category 2
交通及運輸設備,,通信專用機具,True,2,車輛、運輸設備通常為固定資產，屬於 Category 2
交通及運輸設備,,營業專用機具,True,2,車輛、運輸設備通常為固定資產，屬於 Category 2
交通及運輸設備,,改號錄音截答設備,True,2,車輛、運輸設備通常為固定資產，屬於 Category 2
交通及運輸設備,,監錄設備,True,2,車輛、運輸設備通常為固定資產，屬於 Category 2
交通及運輸設備,,光通信系統測試設備,True,2,車輛、運輸設備通常為固定資產，屬於 Category 2
交通及運輸設備,,集中監控設備,True,2,車輛、運輸設備通常為固定資產，屬於 Category 2
交通及運輸設備,,用戶迴路自動測試設備,True,2,車輛、運輸設備通常為固定資產，屬於 Category 2
交通及運輸設備,,停復話作業設備,True,2,車輛、運輸設備通常為固定資產，屬於 Category 2
交通及運輸設備,,電話障礙申告作業設備,True,2,車輛、運輸設備通常為固定資產，屬於 Category 2
交通及運輸設備,,電子式信號轉換器,True,2,車輛、運輸設備通常為固定資產，屬於 Category 2
交通及運輸設備,06,數據設備,True,2,車輛、運輸設備通常為固定資產，屬於 Category 2
交通及運輸設備,,數據傳輸設備,True,2,車輛、運輸設備通常為固定資產，屬於 Category 2
交通及運輸設備,,數據終端設備,True,2,車輛、運輸設備通常為固定資產，屬於 Category 2
交通及運輸設備,,數據處理設備,True,2,車輛、運輸設備通常為固定資產，屬於 Category 2
交通及運輸設備,,數據交換設備,True,2,車輛、運輸設備通常為固定資產，屬於 Category 2
交通及運輸設備,,電傳視訊接取機,True,2,車輛、運輸設備通常為固定資產，屬於 Category 2
交通及運輸設備,07,電信電源及空調設備,True,2,車輛、運輸設備通常為固定資產，屬於 Category 2
交通及運輸設備,,發電機,True,2,車輛、運輸設備通常為固定資產，屬於 Category 2
交通及運輸設備,,充電設備,True,2,車輛、運輸設備通常為固定資產，屬於 Category 2
交通及運輸設備,,不中斷電源設備,True,2,車輛、運輸設備通常為固定資產，屬於 Category 2
交通及運輸設備,,蓄電池,True,2,車輛、運輸設備通常為固定資產，屬於 Category 2
交通及運輸設備,,受配電設備,True,2,車輛、運輸設備通常為固定資產，屬於 Category 2
交通及運輸設備,,變換器,True,2,車輛、運輸設備通常為固定資產，屬於 Category 2
交通及運輸設備,,鈴流及信號音設備,True,2,車輛、運輸設備通常為固定資產，屬於 Category 2
交通及運輸設備,,空調設備,True,2,車輛、運輸設備通常為固定資產，屬於 Category 2
交通及運輸設備,,太陽能電池板,True,2,車輛、運輸設備通常為固定資產，屬於 Category 2
交通及運輸設備,,太陽能電池交放電控制器,True,2,車輛、運輸設備通常為固定資產，屬於 Category 2
交通及運輸設備,08,其他電話機械,True,2,車輛、運輸設備通常為固定資產，屬於 Category 2
交通及運輸設備,,個別呼出電話機,True,2,車輛、運輸設備通常為固定資產，屬於 Category 2
交通及運輸設備,,對講機,True,2,車輛、運輸設備通常為固定資產，屬於 Category 2
交通及運輸設備,,電話收幣器,True,2,車輛、運輸設備通常為固定資產，屬於 Category 2
交通及運輸設備,,送受話器,True,2,車輛、運輸設備通常為固定資產，屬於 Category 2
交通及運輸設備,,長途電話控制器,True,2,車輛、運輸設備通常為固定資產，屬於 Category 2
交通及運輸設備,,電話號碼記錄撥號機,True,2,車輛、運輸設備通常為固定資產，屬於 Category 2
交通及運輸設備,,個別呼出裝置,True,2,車輛、運輸設備通常為固定資產，屬於 Category 2
交通及運輸設備,,電話自動通報機,True,2,車輛、運輸設備通常為固定資產，屬於 Category 2
交通及運輸設備,,電話答號機,True,2,車輛、運輸設備通常為固定資產，屬於 Category 2
交通及運輸設備,,選頻電話裝置,True,2,車輛、運輸設備通常為固定資產，屬於 Category 2
交通及運輸設備,,電話錄音器,True,2,車輛、運輸設備通常為固定資產，屬於 Category 2
交通及運輸設備,,通訊訓練器,True,2,車輛、運輸設備通常為固定資產，屬於 Category 2
交通及運輸設備,,傳輸線訓練器,True,2,車輛、運輸設備通常為固定資產，屬於 Category 2
交通及運輸設備,,查線機,True,2,車輛、運輸設備通常為固定資產，屬於 Category 2
交通及運輸設備,,電話答錄機,True,2,車輛、運輸設備通常為固定資產，屬於 Category 2
交通及運輸設備,,通訊記錄機,True,2,車輛、運輸設備通常為固定資產，屬於 Category 2
交通及運輸設備,,電話系統,True,2,車輛、運輸設備通常為固定資產，屬於 Category 2
交通及運輸設備,,固接專線,True,2,車輛、運輸設備通常為固定資產，屬於 Category 2
交通及運輸設備,03,廣播設備,True,2,車輛、運輸設備通常為固定資產，屬於 Category 2
交通及運輸設備,01,發射設備,True,2,車輛、運輸設備通常為固定資產，屬於 Category 2
交通及運輸設備,,中波發射機,True,2,車輛、運輸設備通常為固定資產，屬於 Category 2
交通及運輸設備,,短波發射機,True,2,車輛、運輸設備通常為固定資產，屬於 Category 2
交通及運輸設備,,轉波發射機,True,2,車輛、運輸設備通常為固定資產，屬於 Category 2
交通及運輸設備,,廣播發射機,True,2,車輛、運輸設備通常為固定資產，屬於 Category 2
交通及運輸設備,,電視發射機,True,2,車輛、運輸設備通常為固定資產，屬於 Category 2
交通及運輸設備,,有線電裝置,True,2,車輛、運輸設備通常為固定資產，屬於 Category 2
交通及運輸設備,,服務台全套設備,True,2,車輛、運輸設備通常為固定資產，屬於 Category 2
交通及運輸設備,02,接收設備,True,2,車輛、運輸設備通常為固定資產，屬於 Category 2
交通及運輸設備,,交直流接收機,True,2,車輛、運輸設備通常為固定資產，屬於 Category 2
交通及運輸設備,,全波接收機,True,2,車輛、運輸設備通常為固定資產，屬於 Category 2
交通及運輸設備,,無線電通訊接收機,True,2,車輛、運輸設備通常為固定資產，屬於 Category 2
交通及運輸設備,,特高頻接收機,True,2,車輛、運輸設備通常為固定資產，屬於 Category 2
交通及運輸設備,,電視接收機,True,2,車輛、運輸設備通常為固定資產，屬於 Category 2
交通及運輸設備,,調幅調頻通信接收機,True,2,車輛、運輸設備通常為固定資產，屬於 Category 2
交通及運輸設備,,電晶體接收機,True,2,車輛、運輸設備通常為固定資產，屬於 Category 2
交通及運輸設備,,遙控警報接收機,True,2,車輛、運輸設備通常為固定資產，屬於 Category 2
交通及運輸設備,,閉路電視機,True,2,車輛、運輸設備通常為固定資產，屬於 Category 2
交通及運輸設備,,電視轉拷機,True,2,車輛、運輸設備通常為固定資產，屬於 Category 2
交通及運輸設備,,視訊產生變換器,True,2,車輛、運輸設備通常為固定資產，屬於 Category 2
交通及運輸設備,,訊號分配放大器,True,2,車輛、運輸設備通常為固定資產，屬於 Category 2
交通及運輸設備,,同步訊號產生器,True,2,車輛、運輸設備通常為固定資產，屬於 Category 2
交通及運輸設備,,監視接收機,True,2,車輛、運輸設備通常為固定資產，屬於 Category 2
交通及運輸設備,,影像記錄器,True,2,車輛、運輸設備通常為固定資產，屬於 Category 2
交通及運輸設備,,電視字幕機,True,2,車輛、運輸設備通常為固定資產，屬於 Category 2
交通及運輸設備,,正確答案指示器,True,2,車輛、運輸設備通常為固定資產，屬於 Category 2
交通及運輸設備,,訊號分配器,True,2,車輛、運輸設備通常為固定資產，屬於 Category 2
交通及運輸設備,,訊號選擇器,True,2,車輛、運輸設備通常為固定資產，屬於 Category 2
交通及運輸設備,,電視攝影機,True,2,車輛、運輸設備通常為固定資產，屬於 Category 2
交通及運輸設備,,電動迥轉台,True,2,車輛、運輸設備通常為固定資產，屬於 Category 2
交通及運輸設備,,電視示教板,True,2,車輛、運輸設備通常為固定資產，屬於 Category 2
交通及運輸設備,,四劃面處理機,True,2,車輛、運輸設備通常為固定資產，屬於 Category 2
交通及運輸設備,,錄影系統,True,2,車輛、運輸設備通常為固定資產，屬於 Category 2
交通及運輸設備,,電視放映機,True,2,車輛、運輸設備通常為固定資產，屬於 Category 2
交通及運輸設備,,追蹤器,True,2,車輛、運輸設備通常為固定資產，屬於 Category 2
交通及運輸設備,,訊號產生器,True,2,車輛、運輸設備通常為固定資產，屬於 Category 2
交通及運輸設備,,電視調諧器,True,2,車輛、運輸設備通常為固定資產，屬於 Category 2
交通及運輸設備,,視頻監視器,True,2,車輛、運輸設備通常為固定資產，屬於 Category 2
交通及運輸設備,,視訊編解碼器,True,2,車輛、運輸設備通常為固定資產，屬於 Category 2
交通及運輸設備,,ＩＳＤＮ終端轉換器,True,2,車輛、運輸設備通常為固定資產，屬於 Category 2
交通及運輸設備,,多頻道衛星電視系統,True,2,車輛、運輸設備通常為固定資產，屬於 Category 2
交通及運輸設備,03,播音設備,True,2,車輛、運輸設備通常為固定資產，屬於 Category 2
交通及運輸設備,,微音器,True,2,車輛、運輸設備通常為固定資產，屬於 Category 2
交通及運輸設備,,增音器,True,2,車輛、運輸設備通常為固定資產，屬於 Category 2
交通及運輸設備,,強力放大器,True,2,車輛、運輸設備通常為固定資產，屬於 Category 2
交通及運輸設備,,節目總控制器,True,2,車輛、運輸設備通常為固定資產，屬於 Category 2
交通及運輸設備,,電晶體化輕便遙控放大器,True,2,車輛、運輸設備通常為固定資產，屬於 Category 2
交通及運輸設備,,限制放大器,True,2,車輛、運輸設備通常為固定資產，屬於 Category 2
交通及運輸設備,,汎光燈,True,2,車輛、運輸設備通常為固定資產，屬於 Category 2
交通及運輸設備,,公開演講機,True,2,車輛、運輸設備通常為固定資產，屬於 Category 2
交通及運輸設備,,電唱機,True,2,車輛、運輸設備通常為固定資產，屬於 Category 2
交通及運輸設備,,擴音機,True,2,車輛、運輸設備通常為固定資產，屬於 Category 2
交通及運輸設備,,揚聲器,True,2,車輛、運輸設備通常為固定資產，屬於 Category 2
交通及運輸設備,,麥克風車,True,2,車輛、運輸設備通常為固定資產，屬於 Category 2
交通及運輸設備,,麥克風支架,True,2,車輛、運輸設備通常為固定資產，屬於 Category 2
交通及運輸設備,,電源穩定器,True,2,車輛、運輸設備通常為固定資產，屬於 Category 2
交通及運輸設備,,音量控制器,True,2,車輛、運輸設備通常為固定資產，屬於 Category 2
交通及運輸設備,,聲音及影像分配器,True,2,車輛、運輸設備通常為固定資產，屬於 Category 2
交通及運輸設備,,立體聲產生器,True,2,車輛、運輸設備通常為固定資產，屬於 Category 2
交通及運輸設備,,副通信產生器,True,2,車輛、運輸設備通常為固定資產，屬於 Category 2
交通及運輸設備,,伴唱機,True,2,車輛、運輸設備通常為固定資產，屬於 Category 2
交通及運輸設備,,抑音器,True,2,車輛、運輸設備通常為固定資產，屬於 Category 2
交通及運輸設備,,參數式時間延遲器,True,2,車輛、運輸設備通常為固定資產，屬於 Category 2
交通及運輸設備,,鐘聲廣播系統,True,2,車輛、運輸設備通常為固定資產，屬於 Category 2
交通及運輸設備,,唱盤,True,2,車輛、運輸設備通常為固定資產，屬於 Category 2
交通及運輸設備,,廣播控制機,True,2,車輛、運輸設備通常為固定資產，屬於 Category 2
交通及運輸設備,,麥克風,True,2,車輛、運輸設備通常為固定資產，屬於 Category 2
交通及運輸設備,,耳機附麥克風,True,2,車輛、運輸設備通常為固定資產，屬於 Category 2
交通及運輸設備,,音響設備,True,2,車輛、運輸設備通常為固定資產，屬於 Category 2
交通及運輸設備,,擴大混波器,True,2,車輛、運輸設備通常為固定資產，屬於 Category 2
交通及運輸設備,,電化教學播音設備,True,2,車輛、運輸設備通常為固定資產，屬於 Category 2
交通及運輸設備,,微電腦無線電控制桌,True,2,車輛、運輸設備通常為固定資產，屬於 Category 2
交通及運輸設備,,雷射光指示器,True,2,車輛、運輸設備通常為固定資產，屬於 Category 2
交通及運輸設備,,綜合擴大機,True,2,車輛、運輸設備通常為固定資產，屬於 Category 2
交通及運輸設備,,簡報器,True,2,車輛、運輸設備通常為固定資產，屬於 Category 2
交通及運輸設備,,無線電譯意見裝置,True,2,車輛、運輸設備通常為固定資產，屬於 Category 2
交通及運輸設備,,電話錄音控制器,True,2,車輛、運輸設備通常為固定資產，屬於 Category 2
交通及運輸設備,,音樂箱,True,2,車輛、運輸設備通常為固定資產，屬於 Category 2
交通及運輸設備,,廣播前置音響,True,2,車輛、運輸設備通常為固定資產，屬於 Category 2
交通及運輸設備,,同步錄放音機,True,2,車輛、運輸設備通常為固定資產，屬於 Category 2
交通及運輸設備,,變調器,True,2,車輛、運輸設備通常為固定資產，屬於 Category 2
交通及運輸設備,,視聽工程,True,2,車輛、運輸設備通常為固定資產，屬於 Category 2
交通及運輸設備,,碟片自動換片機,True,2,車輛、運輸設備通常為固定資產，屬於 Category 2
交通及運輸設備,,喊話器,True,2,車輛、運輸設備通常為固定資產，屬於 Category 2
交通及運輸設備,04,錄音設備,True,2,車輛、運輸設備通常為固定資產，屬於 Category 2
交通及運輸設備,,唱片錄音機,True,2,車輛、運輸設備通常為固定資產，屬於 Category 2
交通及運輸設備,,傳真記錄器,True,2,車輛、運輸設備通常為固定資產，屬於 Category 2
交通及運輸設備,,磁帶錄音機,True,2,車輛、運輸設備通常為固定資產，屬於 Category 2
交通及運輸設備,,磁線錄音機,True,2,車輛、運輸設備通常為固定資產，屬於 Category 2
交通及運輸設備,,捲筒記錄器,True,2,車輛、運輸設備通常為固定資產，屬於 Category 2
交通及運輸設備,,錄音預先放大器,True,2,車輛、運輸設備通常為固定資產，屬於 Category 2
交通及運輸設備,,消磁器,True,2,車輛、運輸設備通常為固定資產，屬於 Category 2
交通及運輸設備,,電源供應器,True,2,車輛、運輸設備通常為固定資產，屬於 Category 2
交通及運輸設備,,錄波機,True,2,車輛、運輸設備通常為固定資產，屬於 Category 2
交通及運輸設備,,錄音車,True,2,車輛、運輸設備通常為固定資產，屬於 Category 2
交通及運輸設備,,耳機,True,2,車輛、運輸設備通常為固定資產，屬於 Category 2
交通及運輸設備,,錄音帶拷貝機,True,2,車輛、運輸設備通常為固定資產，屬於 Category 2
交通及運輸設備,,接線盤,True,2,車輛、運輸設備通常為固定資產，屬於 Category 2
交通及運輸設備,,混音器,True,2,車輛、運輸設備通常為固定資產，屬於 Category 2
交通及運輸設備,,等化器,True,2,車輛、運輸設備通常為固定資產，屬於 Category 2
交通及運輸設備,,迴音器,True,2,車輛、運輸設備通常為固定資產，屬於 Category 2
交通及運輸設備,,語言學習機,True,2,車輛、運輸設備通常為固定資產，屬於 Category 2
交通及運輸設備,,教材提示機,True,2,車輛、運輸設備通常為固定資產，屬於 Category 2
交通及運輸設備,,語言翻譯機,True,2,車輛、運輸設備通常為固定資產，屬於 Category 2
交通及運輸設備,,錄音座,True,2,車輛、運輸設備通常為固定資產，屬於 Category 2
交通及運輸設備,,語言帶編輯機,True,2,車輛、運輸設備通常為固定資產，屬於 Category 2
交通及運輸設備,,錄音機遙控器,True,2,車輛、運輸設備通常為固定資產，屬於 Category 2
交通及運輸設備,,回答器,True,2,車輛、運輸設備通常為固定資產，屬於 Category 2
交通及運輸設備,,測試器,True,2,車輛、運輸設備通常為固定資產，屬於 Category 2
交通及運輸設備,,收錄音機,True,2,車輛、運輸設備通常為固定資產，屬於 Category 2
交通及運輸設備,,錄音器,True,2,車輛、運輸設備通常為固定資產，屬於 Category 2
交通及運輸設備,,燈位面底板,True,2,車輛、運輸設備通常為固定資產，屬於 Category 2
交通及運輸設備,,８迴路影音選擇器,True,2,車輛、運輸設備通常為固定資產，屬於 Category 2
交通及運輸設備,,會場用錄音設備,True,2,車輛、運輸設備通常為固定資產，屬於 Category 2
交通及運輸設備,04,天線及監測設備,True,2,車輛、運輸設備通常為固定資產，屬於 Category 2
交通及運輸設備,01,天線,True,2,車輛、運輸設備通常為固定資產，屬於 Category 2
交通及運輸設備,,幕形天線,True,2,車輛、運輸設備通常為固定資產，屬於 Category 2
交通及運輸設備,,菱形天線,True,2,車輛、運輸設備通常為固定資產，屬於 Category 2
交通及運輸設備,,拋物面天線,True,2,車輛、運輸設備通常為固定資產，屬於 Category 2
交通及運輸設備,,同軸天線,True,2,車輛、運輸設備通常為固定資產，屬於 Category 2
交通及運輸設備,,束射天線,True,2,車輛、運輸設備通常為固定資產，屬於 Category 2
交通及運輸設備,,偶極天線,True,2,車輛、運輸設備通常為固定資產，屬於 Category 2
交通及運輸設備,,寬頻帶天線,True,2,車輛、運輸設備通常為固定資產，屬於 Category 2
交通及運輸設備,,號角天線,True,2,車輛、運輸設備通常為固定資產，屬於 Category 2
交通及運輸設備,,自立式天線,True,2,車輛、運輸設備通常為固定資產，屬於 Category 2
交通及運輸設備,,拉線式天線,True,2,車輛、運輸設備通常為固定資產，屬於 Category 2
交通及運輸設備,,天線轉合器,True,2,車輛、運輸設備通常為固定資產，屬於 Category 2
交通及運輸設備,,假天線,True,2,車輛、運輸設備通常為固定資產，屬於 Category 2
交通及運輸設備,,操作線,True,2,車輛、運輸設備通常為固定資產，屬於 Category 2
交通及運輸設備,,無線電叫人天線,True,2,車輛、運輸設備通常為固定資產，屬於 Category 2
交通及運輸設備,,行動電話全向性天線,True,2,車輛、運輸設備通常為固定資產，屬於 Category 2
交通及運輸設備,,行動電話指向性天線,True,2,車輛、運輸設備通常為固定資產，屬於 Category 2
交通及運輸設備,,殼型天線,True,2,車輛、運輸設備通常為固定資產，屬於 Category 2
交通及運輸設備,,平板型天線,True,2,車輛、運輸設備通常為固定資產，屬於 Category 2
交通及運輸設備,,通信鐵塔,True,2,車輛、運輸設備通常為固定資產，屬於 Category 2
交通及運輸設備,02,監測設備,True,2,車輛、運輸設備通常為固定資產，屬於 Category 2
交通及運輸設備,,監測台,True,2,車輛、運輸設備通常為固定資產，屬於 Category 2
交通及運輸設備,,音色控制器,True,2,車輛、運輸設備通常為固定資產，屬於 Category 2
交通及運輸設備,,監測接收機,True,2,車輛、運輸設備通常為固定資產，屬於 Category 2
交通及運輸設備,,監測放大器,True,2,車輛、運輸設備通常為固定資產，屬於 Category 2
交通及運輸設備,,警號,True,2,車輛、運輸設備通常為固定資產，屬於 Category 2
交通及運輸設備,,監測調諧機,True,2,車輛、運輸設備通常為固定資產，屬於 Category 2
交通及運輸設備,,監測器,True,2,車輛、運輸設備通常為固定資產，屬於 Category 2
交通及運輸設備,,調幅調製監測器,True,2,車輛、運輸設備通常為固定資產，屬於 Category 2
交通及運輸設備,,竊線警報器,True,2,車輛、運輸設備通常為固定資產，屬於 Category 2
交通及運輸設備,,警鈴設備,True,2,車輛、運輸設備通常為固定資產，屬於 Category 2
交通及運輸設備,,調音器,True,2,車輛、運輸設備通常為固定資產，屬於 Category 2
交通及運輸設備,,爆炸物偵測器,True,2,車輛、運輸設備通常為固定資產，屬於 Category 2
交通及運輸設備,,監視器,True,2,車輛、運輸設備通常為固定資產，屬於 Category 2
交通及運輸設備,,監視系統,True,2,車輛、運輸設備通常為固定資產，屬於 Category 2
交通及運輸設備,06,郵遞設備,True,2,車輛、運輸設備通常為固定資產，屬於 Category 2
交通及運輸設備,01,郵件收發設備,True,2,車輛、運輸設備通常為固定資產，屬於 Category 2
交通及運輸設備,01,分揀設備,True,2,車輛、運輸設備通常為固定資產，屬於 Category 2
交通及運輸設備,,分信台,True,2,車輛、運輸設備通常為固定資產，屬於 Category 2
交通及運輸設備,,分信格,True,2,車輛、運輸設備通常為固定資產，屬於 Category 2
交通及運輸設備,,分信箱格,True,2,車輛、運輸設備通常為固定資產，屬於 Category 2
交通及運輸設備,,分信櫥櫃,True,2,車輛、運輸設備通常為固定資產，屬於 Category 2
交通及運輸設備,,排包裹櫥,True,2,車輛、運輸設備通常為固定資產，屬於 Category 2
交通及運輸設備,,分揀機,True,2,車輛、運輸設備通常為固定資產，屬於 Category 2
交通及運輸設備,,理信機,True,2,車輛、運輸設備通常為固定資產，屬於 Category 2
交通及運輸設備,,郵件安全檢查機,True,2,車輛、運輸設備通常為固定資產，屬於 Category 2
交通及運輸設備,02,封發設備,True,2,車輛、運輸設備通常為固定資產，屬於 Category 2
交通及運輸設備,,封發郵件台,True,2,車輛、運輸設備通常為固定資產，屬於 Category 2
交通及運輸設備,,郵袋架,True,2,車輛、運輸設備通常為固定資產，屬於 Category 2
交通及運輸設備,,封發郵件夾鉗,True,2,車輛、運輸設備通常為固定資產，屬於 Category 2
交通及運輸設備,,洗郵袋機,True,2,車輛、運輸設備通常為固定資產，屬於 Category 2
交通及運輸設備,,郵件乾燥機,True,2,車輛、運輸設備通常為固定資產，屬於 Category 2
交通及運輸設備,,縫袋機,True,2,車輛、運輸設備通常為固定資產，屬於 Category 2
交通及運輸設備,,鉛誌鑄造機,True,2,車輛、運輸設備通常為固定資產，屬於 Category 2
交通及運輸設備,03,受信設備,True,2,車輛、運輸設備通常為固定資產，屬於 Category 2
交通及運輸設備,,信箱,True,2,車輛、運輸設備通常為固定資產，屬於 Category 2
交通及運輸設備,,信筒,True,2,車輛、運輸設備通常為固定資產，屬於 Category 2
交通及運輸設備,04,郵資蓋銷設備,True,2,車輛、運輸設備通常為固定資產，屬於 Category 2
交通及運輸設備,,郵資機,True,2,車輛、運輸設備通常為固定資產，屬於 Category 2
交通及運輸設備,,蓋銷機,True,2,車輛、運輸設備通常為固定資產，屬於 Category 2
交通及運輸設備,,銷印台,True,2,車輛、運輸設備通常為固定資產，屬於 Category 2
交通及運輸設備,,理信銷票機,True,2,車輛、運輸設備通常為固定資產，屬於 Category 2
交通及運輸設備,05,傳遞設備,True,2,車輛、運輸設備通常為固定資產，屬於 Category 2
交通及運輸設備,,滑板桌,True,2,車輛、運輸設備通常為固定資產，屬於 Category 2
交通及運輸設備,,輸送機,True,2,車輛、運輸設備通常為固定資產，屬於 Category 2
交通及運輸設備,,活動盛信器,True,2,車輛、運輸設備通常為固定資產，屬於 Category 2
交通及運輸設備,,升降機,True,2,車輛、運輸設備通常為固定資產，屬於 Category 2
交通及運輸設備,,戽式上升機,True,2,車輛、運輸設備通常為固定資產，屬於 Category 2
交通及運輸設備,,捲揚機,True,2,車輛、運輸設備通常為固定資產，屬於 Category 2
交通及運輸設備,,溜管,True,2,車輛、運輸設備通常為固定資產，屬於 Category 2
交通及運輸設備,,氣送管,True,2,車輛、運輸設備通常為固定資產，屬於 Category 2
交通及運輸設備,,雙帶式垂直升降機,True,2,車輛、運輸設備通常為固定資產，屬於 Category 2
交通及運輸設備,,箱筐裝卸機,True,2,車輛、運輸設備通常為固定資產，屬於 Category 2
交通及運輸設備,06,封裝設備,True,2,車輛、運輸設備通常為固定資產，屬於 Category 2
交通及運輸設備,,牛皮紙分裝機,True,2,車輛、運輸設備通常為固定資產，屬於 Category 2
交通及運輸設備,,密封機,True,2,車輛、運輸設備通常為固定資產，屬於 Category 2
交通及運輸設備,,膠紙打包機,True,2,車輛、運輸設備通常為固定資產，屬於 Category 2
交通及運輸設備,,膠紙封包機,True,2,車輛、運輸設備通常為固定資產，屬於 Category 2
交通及運輸設備,,紙盒漿,True,2,車輛、運輸設備通常為固定資產，屬於 Category 2
交通及運輸設備,,捆紮機,True,2,車輛、運輸設備通常為固定資產，屬於 Category 2
交通及運輸設備,,紙盒裝訂機,True,2,車輛、運輸設備通常為固定資產，屬於 Category 2
交通及運輸設備,07,服務設備,True,2,車輛、運輸設備通常為固定資產，屬於 Category 2
交通及運輸設備,,漿糊台,True,2,車輛、運輸設備通常為固定資產，屬於 Category 2
交通及運輸設備,,郵票出售機,True,2,車輛、運輸設備通常為固定資產，屬於 Category 2
交通及運輸設備,,信函開拆機,True,2,車輛、運輸設備通常為固定資產，屬於 Category 2
交通及運輸設備,,貼票機,True,2,車輛、運輸設備通常為固定資產，屬於 Category 2
交通及運輸設備,,封片出售機,True,2,車輛、運輸設備通常為固定資產，屬於 Category 2
交通及運輸設備,,掛號郵件收寄機,True,2,車輛、運輸設備通常為固定資產，屬於 Category 2
交通及運輸設備,,電動郵票及信封背膠潤濕機,True,2,車輛、運輸設備通常為固定資產，屬於 Category 2
交通及運輸設備,,郵資符誌自動出售機,True,2,車輛、運輸設備通常為固定資產，屬於 Category 2
交通及運輸設備,,郵票冊出售機,True,2,車輛、運輸設備通常為固定資產，屬於 Category 2
交通及運輸設備,,郵政資訊服務機,True,2,車輛、運輸設備通常為固定資產，屬於 Category 2
交通及運輸設備,,其他郵件收發設備,True,2,車輛、運輸設備通常為固定資產，屬於 Category 2
交通及運輸設備,08,郵件自動倉儲設備,True,2,車輛、運輸設備通常為固定資產，屬於 Category 2
交通及運輸設備,,包裹儲存系統,True,2,車輛、運輸設備通常為固定資產，屬於 Category 2
交通及運輸設備,07,交通系統控制設備,True,2,車輛、運輸設備通常為固定資產，屬於 Category 2
交通及運輸設備,01,傳輸設備,True,2,車輛、運輸設備通常為固定資產，屬於 Category 2
交通及運輸設備,01,檢測儀器,True,2,車輛、運輸設備通常為固定資產，屬於 Category 2
交通及運輸設備,,脈波調變測試儀,True,2,車輛、運輸設備通常為固定資產，屬於 Category 2
交通及運輸設備,,變極性碼錯誤偵測器,True,2,車輛、運輸設備通常為固定資產，屬於 Category 2
交通及運輸設備,,雷射光源,True,2,車輛、運輸設備通常為固定資產，屬於 Category 2
交通及運輸設備,,光功率計,True,2,車輛、運輸設備通常為固定資產，屬於 Category 2
交通及運輸設備,,高頻電壓計,True,2,車輛、運輸設備通常為固定資產，屬於 Category 2
交通及運輸設備,,衰減器,True,2,車輛、運輸設備通常為固定資產，屬於 Category 2
交通及運輸設備,,車輛偵測器,True,2,車輛、運輸設備通常為固定資產，屬於 Category 2
交通及運輸設備,02,載波設備,True,2,車輛、運輸設備通常為固定資產，屬於 Category 2
交通及運輸設備,,中心台,True,2,車輛、運輸設備通常為固定資產，屬於 Category 2
交通及運輸設備,,基地台,True,2,車輛、運輸設備通常為固定資產，屬於 Category 2
交通及運輸設備,,圖形顯示板,True,2,車輛、運輸設備通常為固定資產，屬於 Category 2
交通及運輸設備,02,交控設備,True,2,車輛、運輸設備通常為固定資產，屬於 Category 2
交通及運輸設備,01,控制設備,True,2,車輛、運輸設備通常為固定資產，屬於 Category 2
交通及運輸設備,,交控鋼構,True,2,車輛、運輸設備通常為固定資產，屬於 Category 2
交通及運輸設備,,中心控制台,True,2,車輛、運輸設備通常為固定資產，屬於 Category 2
交通及運輸設備,,交通管制設備,True,2,車輛、運輸設備通常為固定資產，屬於 Category 2
交通及運輸設備,02,顯示設備,True,2,車輛、運輸設備通常為固定資產，屬於 Category 2
交通及運輸設備,,數位投影電視牆,True,2,車輛、運輸設備通常為固定資產，屬於 Category 2
交通及運輸設備,,交控資訊標誌板,True,2,車輛、運輸設備通常為固定資產，屬於 Category 2
交通及運輸設備,,資訊服務顯示板,True,2,車輛、運輸設備通常為固定資產，屬於 Category 2
交通及運輸設備,03,蒐集設備,True,2,車輛、運輸設備通常為固定資產，屬於 Category 2
交通及運輸設備,,車牌辨識器,True,2,車輛、運輸設備通常為固定資產，屬於 Category 2
交通及運輸設備,,環境偵測設備,True,2,車輛、運輸設備通常為固定資產，屬於 Category 2
土地及改良物,,土地及改良物,True,2,土地與土地改良物為固定資產，屬於 Category 2
建築物,,建築物,True,2,建築物為固定資產，屬於 Category 2
雜項設備,,雜項設備,True,2,雜項設備（如家具、冷氣設備等）通常為固定資產
非消耗品,,非消耗品,False,1 or 2,非消耗品需視金額與使用年限判斷，可能屬於 Category 1 或 2
消耗品,,消耗品,False,1,消耗品不列為固定資產，屬於 Category 1
