Training ID,原始採購品名,標準品名,大類,子類,資料型態,主要材料,建議規格欄位,常用單位,Scope 3候選類別,排放係數匹配關鍵字,資料品質,訓練備註,適用產業
RP-0001,連結桿等12項單價開口契約,連結桿等12項單價開口契約,醫療用品／藥品,醫藥產品,公開決標採購品名,醫藥產品,採購名稱／官方財物次分類／產業分類／Scope 3候選,,範疇3 類別1,連結桿等12項單價開口契約 / 醫藥產品 / 醫療生技 / 醫療用品 / 藥品 / 範疇3 類別1,公開資料候選，需人工覆核,來源紀錄ID=BDM-1-70614630；真實公開決標紀錄；標準品名、產業與Scope 3為規則式候選，需人工覆核,醫療生技
RP-0002,113年臺南市政府教育局校園數位內容及教學軟體-PaGamO素養學習_中、英文素養題組帳號授權、英文單字小超人帳號授權財物採購案,113年臺南市政府教育局校園數位內容及教學軟體-PaGamO素養學習_中、英文素養題組帳號授權、英文單字小超人帳號授權財物,資訊設備／軟體,計算機及其零件與配件,公開決標採購品名,計算機及其零件與配件,採購名稱／官方財物次分類／產業分類／Scope 3候選,,範疇3 類別1,113年臺南市政府教育局校園數位內容及教學軟體-PaGamO素養學習_中、英文素養題組帳號授權、英文單字小超人帳號授權財物 / 計算機及其零件與配件 / 資訊電子 / 資訊設備 / 軟體 / 範疇3 類別1,公開資料候選，需人工覆核,來源紀錄ID=BDM-1-70614645；真實公開決標紀錄；標準品名、產業與Scope 3為規則式候選，需人工覆核,資訊電子
RP-0003,行政大樓空調設備及能源管理系統(EMS)設置案,行政大樓空調設備及能源管理系統(EMS)設置案,機械／零組件,氣體產生器;蒸餾設備;冷凍及空調設備;過濾機具,公開決標採購品名,氣體產生器;蒸餾設備;冷凍及空調設備;過濾機具,採購名稱／官方財物次分類／產業分類／Scope 3候選,,範疇3 類別1,行政大樓空調設備及能源管理系統(EMS)設置案 / 氣體產生器 / 蒸餾設備 / 冷凍及空調設備 / 過濾機具 / 機械設備 / 機械 / 零組件 / 範疇3 類別1,公開資料候選，需人工覆核,來源紀錄ID=BDM-1-70614668；真實公開決標紀錄；標準品名、產業與Scope 3為規則式候選，需人工覆核,機械設備
RP-0004,水晶體及預載植入器二年單價開口契約,水晶體及預載植入器二年單價開口契約,醫療用品／藥品,醫藥產品,公開決標採購品名,醫藥產品,採購名稱／官方財物次分類／產業分類／Scope 3候選,,範疇3 類別1,水晶體及預載植入器二年單價開口契約 / 醫藥產品 / 醫療生技 / 醫療用品 / 藥品 / 範疇3 類別1,公開資料候選，需人工覆核,來源紀錄ID=BDM-1-70614674；真實公開決標紀錄；標準品名、產業與Scope 3為規則式候選，需人工覆核,醫療生技
RP-0005,113年無線網路基地台更新,113年無線網路基地台更新,資訊設備／軟體,計算機及其零件與配件,公開決標採購品名,計算機及其零件與配件,採購名稱／官方財物次分類／產業分類／Scope 3候選,,範疇3 類別1,113年無線網路基地台更新 / 計算機及其零件與配件 / 資訊電子 / 資訊設備 / 軟體 / 範疇3 類別1,公開資料候選，需人工覆核,來源紀錄ID=BDM-1-70614678；真實公開決標紀錄；標準品名、產業與Scope 3為規則式候選，需人工覆核,資訊電子
RP-0006,苗栗縣113年校園數位內容與教學軟體-PaGamO閱讀素養_中文素養題組帳號授權採購案,苗栗縣113年校園數位內容與教學軟體-PaGamO閱讀素養_中文素養題組帳號授權,資訊設備／軟體,計算機及其零件與配件,公開決標採購品名,計算機及其零件與配件,採購名稱／官方財物次分類／產業分類／Scope 3候選,,範疇3 類別1,苗栗縣113年校園數位內容與教學軟體-PaGamO閱讀素養_中文素養題組帳號授權 / 計算機及其零件與配件 / 資訊電子 / 資訊設備 / 軟體 / 範疇3 類別1,公開資料候選，需人工覆核,來源紀錄ID=BDM-1-70614683；真實公開決標紀錄；標準品名、產業與Scope 3為規則式候選，需人工覆核,資訊電子
RP-0007,專案藥品1項(分10批交貨),專案藥品1項(分10批交貨),醫療用品／藥品,醫藥產品,公開決標採購品名,醫藥產品,採購名稱／官方財物次分類／產業分類／Scope 3候選,,範疇3 類別1,專案藥品1項(分10批交貨) / 醫藥產品 / 醫療生技 / 醫療用品 / 藥品 / 範疇3 類別1,公開資料候選，需人工覆核,來源紀錄ID=BDM-1-70614704；真實公開決標紀錄；標準品名、產業與Scope 3為規則式候選，需人工覆核,醫療生技
RP-0008,馬司血液淨化治療套組(或同等品),馬司血液淨化治療套組(或同等品),醫療用品／藥品,醫藥產品,公開決標採購品名,醫藥產品,採購名稱／官方財物次分類／產業分類／Scope 3候選,,範疇3 類別1,馬司血液淨化治療套組(或同等品) / 醫藥產品 / 醫療生技 / 醫療用品 / 藥品 / 範疇3 類別1,公開資料候選，需人工覆核,來源紀錄ID=BDM-1-70614711；真實公開決標紀錄；標準品名、產業與Scope 3為規則式候選，需人工覆核,醫療生技
RP-0009,抑黴劑等試劑耗材乙批,抑黴劑等試劑耗材,醫療用品／藥品,基本化學產品,公開決標採購品名,基本化學產品,採購名稱／官方財物次分類／產業分類／Scope 3候選,,範疇3 類別1,抑黴劑等試劑耗材 / 基本化學產品 / 醫療生技 / 醫療用品 / 藥品 / 範疇3 類別1,公開資料候選，需人工覆核,來源紀錄ID=BDM-1-70614713；真實公開決標紀錄；標準品名、產業與Scope 3為規則式候選，需人工覆核,醫療生技
RP-0010,礱穀機械設備新建工程,礱穀機械設備新建工程,機械／零組件,農業或林業機具及其零件,公開決標採購品名,農業或林業機具及其零件,採購名稱／官方財物次分類／產業分類／Scope 3候選,,範疇3 類別1,礱穀機械設備新建工程 / 農業或林業機具及其零件 / 機械設備 / 機械 / 零組件 / 範疇3 類別1,公開資料候選，需人工覆核,來源紀錄ID=BDM-1-70614716；真實公開決標紀錄；標準品名、產業與Scope 3為規則式候選，需人工覆核,機械設備
RP-0011,113學年度各年級空白簿本及美勞材料採購案,113學年度各年級空白簿本及美勞材料,紙品／印刷／包材,"紙漿,紙及紙產品;印刷品及相關的商品",公開決標採購品名,"紙漿,紙及紙產品;印刷品及相關的商品",採購名稱／官方財物次分類／產業分類／Scope 3候選,,範疇3 類別1,113學年度各年級空白簿本及美勞材料 / 紙漿 / 紙及紙產品 / 印刷品及相關的商品 / 包材印刷 / 紙品 / 印刷 / 包材 / 範疇3 類別1,公開資料候選，需人工覆核,來源紀錄ID=BDM-1-70614728；真實公開決標紀錄；標準品名、產業與Scope 3為規則式候選，需人工覆核,包材印刷
RP-0012,微量離心管等試劑耗材乙批,微量離心管等試劑耗材,醫療用品／藥品,基本化學產品,公開決標採購品名,基本化學產品,採購名稱／官方財物次分類／產業分類／Scope 3候選,,範疇3 類別1,微量離心管等試劑耗材 / 基本化學產品 / 醫療生技 / 醫療用品 / 藥品 / 範疇3 類別1,公開資料候選，需人工覆核,來源紀錄ID=BDM-1-70614730；真實公開決標紀錄；標準品名、產業與Scope 3為規則式候選，需人工覆核,醫療生技
RP-0013,麻醉機、病床及隧道式血壓計3項醫療設備,麻醉機、病床及隧道式血壓計3項醫療設備,醫療用品／藥品,"醫療,外科及矯形設備",公開決標採購品名,"醫療,外科及矯形設備",採購名稱／官方財物次分類／產業分類／Scope 3候選,,範疇3 類別1,麻醉機、病床及隧道式血壓計3項醫療設備 / 醫療 / 外科及矯形設備 / 醫療生技 / 醫療用品 / 藥品 / 範疇3 類別1,公開資料候選，需人工覆核,來源紀錄ID=BDM-1-70614742；真實公開決標紀錄；標準品名、產業與Scope 3為規則式候選，需人工覆核,醫療生技
RP-0014,皮下針電極-雙針頭(或同等品),皮下針電極-雙針頭(或同等品),醫療用品／藥品,醫藥產品,公開決標採購品名,醫藥產品,採購名稱／官方財物次分類／產業分類／Scope 3候選,,範疇3 類別1,皮下針電極-雙針頭(或同等品) / 醫藥產品 / 醫療生技 / 醫療用品 / 藥品 / 範疇3 類別1,公開資料候選，需人工覆核,來源紀錄ID=BDM-1-70614762；真實公開決標紀錄；標準品名、產業與Scope 3為規則式候選，需人工覆核,醫療生技
RP-0015,113年度「小型消防車1輛」財物採購案,113年度「小型消防車1輛」財物,機械／零組件,其他通用機具,公開決標採購品名,其他通用機具,採購名稱／官方財物次分類／產業分類／Scope 3候選,,範疇3 類別1,113年度「小型消防車1輛」財物 / 其他通用機具 / 機械設備 / 機械 / 零組件 / 範疇3 類別1,公開資料候選，需人工覆核,來源紀錄ID=BDM-1-70614764；真實公開決標紀錄；標準品名、產業與Scope 3為規則式候選，需人工覆核,機械設備
RP-0016,洗衣機,洗衣機,其他財物,家用電器及其零件,公開決標採購品名,家用電器及其零件,採購名稱／官方財物次分類／產業分類／Scope 3候選,,範疇3 類別1,洗衣機 / 家用電器及其零件 / 其他產業 / 其他財物 / 範疇3 類別1,公開資料候選，需人工覆核,來源紀錄ID=BDM-1-70614765；真實公開決標紀錄；標準品名、產業與Scope 3為規則式候選，需人工覆核,其他產業
RP-0017,113年大湳廠鳶山堰1350原水水量計改善更新,113年大湳廠鳶山堰1350原水水量計改善更新,儀器／光學設備,做為測量、檢查、航行及其他目的用之儀器和裝置，除光學儀器;工業程序控制設備;上述各項之零件及附件,公開決標採購品名,做為測量、檢查、航行及其他目的用之儀器和裝置，除光學儀器;工業程序控制設備;上述各項之零件及附件,採購名稱／官方財物次分類／產業分類／Scope 3候選,,範疇3 類別1,113年大湳廠鳶山堰1350原水水量計改善更新 / 做為測量、檢查、航行及其他目的用之儀器和裝置 / 除光學儀器 / 工業程序控制設備 / 上述各項之零件及附件 / 儀器光電 / 儀器 / 光學設備 / 範疇3 類別1,公開資料候選，需人工覆核,來源紀錄ID=BDM-1-70614775；真實公開決標紀錄；標準品名、產業與Scope 3為規則式候選，需人工覆核,儀器光電
RP-0018,113年採購長臂剪枝機等一批,113年採購長臂剪枝機等,機械／零組件,農業或林業機具及其零件,公開決標採購品名,農業或林業機具及其零件,採購名稱／官方財物次分類／產業分類／Scope 3候選,,範疇3 類別1,113年採購長臂剪枝機等 / 農業或林業機具及其零件 / 機械設備 / 機械 / 零組件 / 範疇3 類別1,公開資料候選，需人工覆核,來源紀錄ID=BDM-1-70614781；真實公開決標紀錄；標準品名、產業與Scope 3為規則式候選，需人工覆核,機械設備
RP-0019,113學年度第1學期美勞材料採購,113學年度第1學期美勞材料採購,紙品／印刷／包材,"紙漿,紙及紙產品;印刷品及相關的商品",公開決標採購品名,"紙漿,紙及紙產品;印刷品及相關的商品",採購名稱／官方財物次分類／產業分類／Scope 3候選,,範疇3 類別1,113學年度第1學期美勞材料採購 / 紙漿 / 紙及紙產品 / 印刷品及相關的商品 / 包材印刷 / 紙品 / 印刷 / 包材 / 範疇3 類別1,公開資料候選，需人工覆核,來源紀錄ID=BDM-1-70614792；真實公開決標紀錄；標準品名、產業與Scope 3為規則式候選，需人工覆核,包材印刷
RP-0020,鋁合金床架等5項,鋁合金床架等5項,金屬／五金,傢具,公開決標採購品名,傢具,採購名稱／官方財物次分類／產業分類／Scope 3候選,,範疇3 類別1,鋁合金床架等5項 / 傢具 / 金屬加工 / 金屬 / 五金 / 範疇3 類別1,公開資料候選，需人工覆核,來源紀錄ID=BDM-1-70614796；真實公開決標紀錄；標準品名、產業與Scope 3為規則式候選，需人工覆核,金屬加工
RP-0021,羅莎機械手臂導航手術系統租賃採購案,羅莎機械手臂導航手術系統租賃,醫療用品／藥品,"醫療,外科及矯形設備",公開決標採購品名,"醫療,外科及矯形設備",採購名稱／官方財物次分類／產業分類／Scope 3候選,,範疇3 類別1,羅莎機械手臂導航手術系統租賃 / 醫療 / 外科及矯形設備 / 醫療生技 / 醫療用品 / 藥品 / 範疇3 類別1,公開資料候選，需人工覆核,來源紀錄ID=BDM-1-70614800；真實公開決標紀錄；標準品名、產業與Scope 3為規則式候選，需人工覆核,醫療生技
RP-0022,113-117年度高雄市公有路邊停車開單設備租賃及維運案,113-117年度高雄市公有路邊停車開單設備租賃及維運案,機械／零組件,其他特殊用途之機具及其零件,公開決標採購品名,其他特殊用途之機具及其零件,採購名稱／官方財物次分類／產業分類／Scope 3候選,,範疇3 類別1,113-117年度高雄市公有路邊停車開單設備租賃及維運案 / 其他特殊用途之機具及其零件 / 機械設備 / 機械 / 零組件 / 範疇3 類別1,公開資料候選，需人工覆核,來源紀錄ID=BDM-1-70614806；真實公開決標紀錄；標準品名、產業與Scope 3為規則式候選，需人工覆核,機械設備
RP-0023,113年光復校區館舍網路線路更新一批,113年光復校區館舍網路線路更新,資訊設備／軟體,計算機及其零件與配件,公開決標採購品名,計算機及其零件與配件,採購名稱／官方財物次分類／產業分類／Scope 3候選,,範疇3 類別1,113年光復校區館舍網路線路更新 / 計算機及其零件與配件 / 資訊電子 / 資訊設備 / 軟體 / 範疇3 類別1,公開資料候選，需人工覆核,來源紀錄ID=BDM-1-70614815；真實公開決標紀錄；標準品名、產業與Scope 3為規則式候選，需人工覆核,資訊電子
RP-0024,「檢驗用試劑耗材及農藥標準品」壹批,「檢驗用試劑耗材及農藥標準品」,醫療用品／藥品,醫藥產品,公開決標採購品名,醫藥產品,採購名稱／官方財物次分類／產業分類／Scope 3候選,,範疇3 類別1,「檢驗用試劑耗材及農藥標準品」 / 醫藥產品 / 醫療生技 / 醫療用品 / 藥品 / 範疇3 類別1,公開資料候選，需人工覆核,來源紀錄ID=BDM-1-70614817；真實公開決標紀錄；標準品名、產業與Scope 3為規則式候選，需人工覆核,醫療生技
RP-0025,直立式電催化製氫鍍膜設備機構製作,直立式電催化製氫鍍膜設備機構製作,機械／零組件,其他特殊用途之機具及其零件,公開決標採購品名,其他特殊用途之機具及其零件,採購名稱／官方財物次分類／產業分類／Scope 3候選,,範疇3 類別1,直立式電催化製氫鍍膜設備機構製作 / 其他特殊用途之機具及其零件 / 機械設備 / 機械 / 零組件 / 範疇3 類別1,公開資料候選，需人工覆核,來源紀錄ID=BDM-1-70614818；真實公開決標紀錄；標準品名、產業與Scope 3為規則式候選，需人工覆核,機械設備
RP-0026,113學年度學校外訂午餐(含後續擴充)採購案,113學年度學校外訂午餐(含後續擴充),食品／農產,"穀粉,澱粉及澱粉製品;其他食品",公開決標採購品名,"穀粉,澱粉及澱粉製品;其他食品",採購名稱／官方財物次分類／產業分類／Scope 3候選,,範疇3 類別1,113學年度學校外訂午餐(含後續擴充) / 穀粉 / 澱粉及澱粉製品 / 其他食品 / 食品農產 / 食品 / 農產 / 範疇3 類別1,公開資料候選，需人工覆核,來源紀錄ID=BDM-1-70614829；真實公開決標紀錄；標準品名、產業與Scope 3為規則式候選，需人工覆核,食品農產
RP-0027,空氣品質監測站監測儀器設備一批,空氣品質監測站監測儀器設備,電力設備／電材,電力傳輸、控制設備及其零件,公開決標採購品名,電力傳輸、控制設備及其零件,採購名稱／官方財物次分類／產業分類／Scope 3候選,,範疇3 類別1,空氣品質監測站監測儀器設備 / 電力傳輸、控制設備及其零件 / 電機電控 / 電力設備 / 電材 / 範疇3 類別1,公開資料候選，需人工覆核,來源紀錄ID=BDM-1-70614861；真實公開決標紀錄；標準品名、產業與Scope 3為規則式候選，需人工覆核,電機電控
RP-0028,113年度下半年嘉義地區矯正機關收容人副食品聯合採購案(雜貨蔬果及蛋品組),113年度下半年嘉義地區矯正機關收容人副食品聯合採購案(雜貨蔬果及蛋品組),食品／農產,"肉類,魚,果實,蔬菜,及油脂",公開決標採購品名,"肉類,魚,果實,蔬菜,及油脂",採購名稱／官方財物次分類／產業分類／Scope 3候選,,範疇3 類別1,113年度下半年嘉義地區矯正機關收容人副食品聯合採購案(雜貨蔬果及蛋品組) / 肉類 / 魚 / 果實 / 蔬菜 / 及油脂 / 食品農產 / 食品 / 農產 / 範疇3 類別1,公開資料候選，需人工覆核,來源紀錄ID=BDM-1-70614865；真實公開決標紀錄；標準品名、產業與Scope 3為規則式候選，需人工覆核,食品農產
RP-0029,113年度下半年嘉義地區矯正機關收容人副食品聯合採購案(冷凍肉品及魚肉組),113年度下半年嘉義地區矯正機關收容人副食品聯合採購案(冷凍肉品及魚肉組),食品／農產,"肉類,魚,果實,蔬菜,及油脂",公開決標採購品名,"肉類,魚,果實,蔬菜,及油脂",採購名稱／官方財物次分類／產業分類／Scope 3候選,,範疇3 類別1,113年度下半年嘉義地區矯正機關收容人副食品聯合採購案(冷凍肉品及魚肉組) / 肉類 / 魚 / 果實 / 蔬菜 / 及油脂 / 食品農產 / 食品 / 農產 / 範疇3 類別1,公開資料候選，需人工覆核,來源紀錄ID=BDM-1-70614867；真實公開決標紀錄；標準品名、產業與Scope 3為規則式候選，需人工覆核,食品農產
RP-0030,EMU500型頂內封環等3項用料,EMU500型頂內封環等3項用料,其他財物,鐵路及電車軌道之機車及其零件,公開決標採購品名,鐵路及電車軌道之機車及其零件,採購名稱／官方財物次分類／產業分類／Scope 3候選,,範疇3 類別1,EMU500型頂內封環等3項用料 / 鐵路及電車軌道之機車及其零件 / 其他產業 / 其他財物 / 範疇3 類別1,公開資料候選，需人工覆核,來源紀錄ID=BDM-1-70614886；真實公開決標紀錄；標準品名、產業與Scope 3為規則式候選，需人工覆核,其他產業
RP-0031,日用煤倉控制盤冷卻裝置備品一批,日用煤倉控制盤冷卻裝置備品,電力設備／電材,其他電力設備及零件,公開決標採購品名,其他電力設備及零件,採購名稱／官方財物次分類／產業分類／Scope 3候選,,範疇3 類別1,日用煤倉控制盤冷卻裝置備品 / 其他電力設備及零件 / 電機電控 / 電力設備 / 電材 / 範疇3 類別1,公開資料候選，需人工覆核,來源紀錄ID=BDM-1-70614889；真實公開決標紀錄；標準品名、產業與Scope 3為規則式候選，需人工覆核,電機電控
RP-0032,113-115年機器人小組72項醫材單價合約招標案,113-115年機器人小組72項醫材單價合約招標案,醫療用品／藥品,"醫療,外科及矯形設備",公開決標採購品名,"醫療,外科及矯形設備",採購名稱／官方財物次分類／產業分類／Scope 3候選,,範疇3 類別1,113-115年機器人小組72項醫材單價合約招標案 / 醫療 / 外科及矯形設備 / 醫療生技 / 醫療用品 / 藥品 / 範疇3 類別1,公開資料候選，需人工覆核,來源紀錄ID=BDM-1-70614893；真實公開決標紀錄；標準品名、產業與Scope 3為規則式候選，需人工覆核,醫療生技
RP-0033,113年度學員宿舍廣播系統汰換採購案,113年度學員宿舍廣播系統汰換,通訊／電子設備,"收音機、電視,通訊器材及儀器",公開決標採購品名,"收音機、電視,通訊器材及儀器",採購名稱／官方財物次分類／產業分類／Scope 3候選,,範疇3 類別1,113年度學員宿舍廣播系統汰換 / 收音機、電視 / 通訊器材及儀器 / 電子通訊 / 通訊 / 電子設備 / 範疇3 類別1,公開資料候選，需人工覆核,來源紀錄ID=BDM-1-70614901；真實公開決標紀錄；標準品名、產業與Scope 3為規則式候選，需人工覆核,電子通訊
RP-0034,放射診斷部Canon數位X光機維修案,放射診斷部Canon數位X光機維修案,醫療用品／藥品,"醫療,外科及矯形設備",公開決標採購品名,"醫療,外科及矯形設備",採購名稱／官方財物次分類／產業分類／Scope 3候選,,範疇3 類別1,放射診斷部Canon數位X光機維修案 / 醫療 / 外科及矯形設備 / 醫療生技 / 醫療用品 / 藥品 / 範疇3 類別1,公開資料候選，需人工覆核,來源紀錄ID=BDM-1-70614912；真實公開決標紀錄；標準品名、產業與Scope 3為規則式候選，需人工覆核,醫療生技
RP-0035,南投縣立名間國民中學「113學年度營養午餐公辦民營廠商評選」採購案,南投縣立名間國民中學「113學年度營養午餐公辦民營廠商評選」,食品／農產,"肉類,魚,果實,蔬菜,及油脂",公開決標採購品名,"肉類,魚,果實,蔬菜,及油脂",採購名稱／官方財物次分類／產業分類／Scope 3候選,,範疇3 類別1,南投縣立名間國民中學「113學年度營養午餐公辦民營廠商評選」 / 肉類 / 魚 / 果實 / 蔬菜 / 及油脂 / 食品農產 / 食品 / 農產 / 範疇3 類別1,公開資料候選，需人工覆核,來源紀錄ID=BDM-1-70614918；真實公開決標紀錄；標準品名、產業與Scope 3為規則式候選，需人工覆核,食品農產
RP-0036,113學年度畢業紀念冊採購,113學年度畢業紀念冊採購,紙品／印刷／包材,"紙漿,紙及紙產品;印刷品及相關的商品",公開決標採購品名,"紙漿,紙及紙產品;印刷品及相關的商品",採購名稱／官方財物次分類／產業分類／Scope 3候選,,範疇3 類別1,113學年度畢業紀念冊採購 / 紙漿 / 紙及紙產品 / 印刷品及相關的商品 / 包材印刷 / 紙品 / 印刷 / 包材 / 範疇3 類別1,公開資料候選，需人工覆核,來源紀錄ID=BDM-1-70614929；真實公開決標紀錄；標準品名、產業與Scope 3為規則式候選，需人工覆核,包材印刷
RP-0037,113年花蓮市民代表會機關首長座車(電動車)及充電設備採購,113年花蓮市民代表會機關首長座車(電動車)及充電設備採購,車輛／運輸設備,"機動車,拖車,半拖車;車輛機件",公開決標採購品名,"機動車,拖車,半拖車;車輛機件",採購名稱／官方財物次分類／產業分類／Scope 3候選,,範疇3 類別1,113年花蓮市民代表會機關首長座車(電動車)及充電設備採購 / 機動車 / 拖車 / 半拖車 / 車輛機件 / 運輸設備 / 車輛 / 範疇3 類別1,公開資料候選，需人工覆核,來源紀錄ID=BDM-1-70614947；真實公開決標紀錄；標準品名、產業與Scope 3為規則式候選，需人工覆核,運輸設備
RP-0038,外復進簧等38項,外復進簧等38項,金屬／五金,結構金屬產品及其零件,公開決標採購品名,結構金屬產品及其零件,採購名稱／官方財物次分類／產業分類／Scope 3候選,,範疇3 類別1,外復進簧等38項 / 結構金屬產品及其零件 / 金屬加工 / 金屬 / 五金 / 範疇3 類別1,公開資料候選，需人工覆核,來源紀錄ID=BDM-1-70614948；真實公開決標紀錄；標準品名、產業與Scope 3為規則式候選，需人工覆核,金屬加工
RP-0039,總辦公廳會議室麥克風及視訊系統規劃建置,總辦公廳會議室麥克風及視訊系統規劃建置,通訊／電子設備,"收音機、電視,通訊器材及儀器",公開決標採購品名,"收音機、電視,通訊器材及儀器",採購名稱／官方財物次分類／產業分類／Scope 3候選,,範疇3 類別1,總辦公廳會議室麥克風及視訊系統規劃建置 / 收音機、電視 / 通訊器材及儀器 / 電子通訊 / 通訊 / 電子設備 / 範疇3 類別1,公開資料候選，需人工覆核,來源紀錄ID=BDM-1-70614957；真實公開決標紀錄；標準品名、產業與Scope 3為規則式候選，需人工覆核,電子通訊
RP-0040,新竹臺大分院內視鏡主機及鏡子一批,新竹臺大分院內視鏡主機及鏡子,醫療用品／藥品,"醫療,外科及矯形設備",公開決標採購品名,"醫療,外科及矯形設備",採購名稱／官方財物次分類／產業分類／Scope 3候選,,範疇3 類別1,新竹臺大分院內視鏡主機及鏡子 / 醫療 / 外科及矯形設備 / 醫療生技 / 醫療用品 / 藥品 / 範疇3 類別1,公開資料候選，需人工覆核,來源紀錄ID=BDM-1-70614964；真實公開決標紀錄；標準品名、產業與Scope 3為規則式候選，需人工覆核,醫療生技
RP-0041,113年度平台鋼琴財物採購案,113年度平台鋼琴財物,金屬／五金,樂器,公開決標採購品名,樂器,採購名稱／官方財物次分類／產業分類／Scope 3候選,,範疇3 類別1,113年度平台鋼琴財物 / 樂器 / 金屬加工 / 金屬 / 五金 / 範疇3 類別1,公開資料候選，需人工覆核,來源紀錄ID=BDM-1-70614966；真實公開決標紀錄；標準品名、產業與Scope 3為規則式候選，需人工覆核,金屬加工
RP-0042,彰化縣和美鎮培英國民小學附設幼兒園113學年度午餐、點心生鮮食材委外供應採購,彰化縣和美鎮培英國民小學附設幼兒園113學年度午餐、點心生鮮食材委外供應採購,食品／農產,"肉類,魚,果實,蔬菜,及油脂",公開決標採購品名,"肉類,魚,果實,蔬菜,及油脂",採購名稱／官方財物次分類／產業分類／Scope 3候選,,範疇3 類別1,彰化縣和美鎮培英國民小學附設幼兒園113學年度午餐、點心生鮮食材委外供應採購 / 肉類 / 魚 / 果實 / 蔬菜 / 及油脂 / 食品農產 / 食品 / 農產 / 範疇3 類別1,公開資料候選，需人工覆核,來源紀錄ID=BDM-1-70614970；真實公開決標紀錄；標準品名、產業與Scope 3為規則式候選，需人工覆核,食品農產
RP-0043,113年總院及癌醫中心分院機器人小組72項醫材單價合約招標案,113年總院及癌醫中心分院機器人小組72項醫材單價合約招標案,醫療用品／藥品,"醫療,外科及矯形設備",公開決標採購品名,"醫療,外科及矯形設備",採購名稱／官方財物次分類／產業分類／Scope 3候選,,範疇3 類別1,113年總院及癌醫中心分院機器人小組72項醫材單價合約招標案 / 醫療 / 外科及矯形設備 / 醫療生技 / 醫療用品 / 藥品 / 範疇3 類別1,公開資料候選，需人工覆核,來源紀錄ID=BDM-1-70614976；真實公開決標紀錄；標準品名、產業與Scope 3為規則式候選，需人工覆核,醫療生技
RP-0044,UPS控制卡片一批,UPS控制卡片,電力設備／電材,電力傳輸、控制設備及其零件,公開決標採購品名,電力傳輸、控制設備及其零件,採購名稱／官方財物次分類／產業分類／Scope 3候選,,範疇3 類別1,UPS控制卡片 / 電力傳輸、控制設備及其零件 / 電機電控 / 電力設備 / 電材 / 範疇3 類別1,公開資料候選，需人工覆核,來源紀錄ID=BDM-1-70614979；真實公開決標紀錄；標準品名、產業與Scope 3為規則式候選，需人工覆核,電機電控
RP-0045,無切削液高速切齒系統強力刮齒連續切齒機,無切削液高速切齒系統強力刮齒連續切齒機,其他財物,"工具機,其零件及附件",公開決標採購品名,"工具機,其零件及附件",採購名稱／官方財物次分類／產業分類／Scope 3候選,,範疇3 類別1,無切削液高速切齒系統強力刮齒連續切齒機 / 工具機 / 其零件及附件 / 其他產業 / 其他財物 / 範疇3 類別1,公開資料候選，需人工覆核,來源紀錄ID=BDM-1-70614987；真實公開決標紀錄；標準品名、產業與Scope 3為規則式候選，需人工覆核,其他產業
RP-0046,113年微軟授權系統軟體環境建置採購案,113年微軟授權系統軟體環境建置,資訊設備／軟體,計算機及其零件與配件,公開決標採購品名,計算機及其零件與配件,採購名稱／官方財物次分類／產業分類／Scope 3候選,,範疇3 類別1,113年微軟授權系統軟體環境建置 / 計算機及其零件與配件 / 資訊電子 / 資訊設備 / 軟體 / 範疇3 類別1,公開資料候選，需人工覆核,來源紀錄ID=BDM-1-70614999；真實公開決標紀錄；標準品名、產業與Scope 3為規則式候選，需人工覆核,資訊電子
RP-0047,液體硫酸鋁乙批第1次後續擴充續約(契約變更),液體硫酸鋁乙批第1次後續擴充續約(契約變更),金屬／五金,基本化學產品,公開決標採購品名,基本化學產品,採購名稱／官方財物次分類／產業分類／Scope 3候選,,範疇3 類別1,液體硫酸鋁乙批第1次後續擴充續約(契約變更) / 基本化學產品 / 金屬加工 / 金屬 / 五金 / 範疇3 類別1,公開資料候選，需人工覆核,來源紀錄ID=BDM-1-70615006；真實公開決標紀錄；標準品名、產業與Scope 3為規則式候選，需人工覆核,金屬加工
RP-0048,中央生理監視器(12床)等案,中央生理監視器(12床)等案,醫療用品／藥品,"醫療,外科及矯形設備",公開決標採購品名,"醫療,外科及矯形設備",採購名稱／官方財物次分類／產業分類／Scope 3候選,,範疇3 類別1,中央生理監視器(12床)等案 / 醫療 / 外科及矯形設備 / 醫療生技 / 醫療用品 / 藥品 / 範疇3 類別1,公開資料候選，需人工覆核,來源紀錄ID=BDM-1-70615027；真實公開決標紀錄；標準品名、產業與Scope 3為規則式候選，需人工覆核,醫療生技
RP-0049,113學年度上學期學習材料採購,113學年度上學期學習材料採購,紙品／印刷／包材,"紙漿,紙及紙產品;印刷品及相關的商品",公開決標採購品名,"紙漿,紙及紙產品;印刷品及相關的商品",採購名稱／官方財物次分類／產業分類／Scope 3候選,,範疇3 類別1,113學年度上學期學習材料採購 / 紙漿 / 紙及紙產品 / 印刷品及相關的商品 / 包材印刷 / 紙品 / 印刷 / 包材 / 範疇3 類別1,公開資料候選，需人工覆核,來源紀錄ID=BDM-1-70615028；真實公開決標紀錄；標準品名、產業與Scope 3為規則式候選，需人工覆核,包材印刷
RP-0050,113學年度幼兒園餐點食材採購案,113學年度幼兒園餐點食材,食品／農產,"穀粉,澱粉及澱粉製品;其他食品",公開決標採購品名,"穀粉,澱粉及澱粉製品;其他食品",採購名稱／官方財物次分類／產業分類／Scope 3候選,,範疇3 類別1,113學年度幼兒園餐點食材 / 穀粉 / 澱粉及澱粉製品 / 其他食品 / 食品農產 / 食品 / 農產 / 範疇3 類別1,公開資料候選，需人工覆核,來源紀錄ID=BDM-1-70615045；真實公開決標紀錄；標準品名、產業與Scope 3為規則式候選，需人工覆核,食品農產
RP-0051,113年里鄰長為民服務工作服及環保志工隊工作服、工作鞋採購案,113年里鄰長為民服務工作服及環保志工隊工作服、工作鞋,家具／紡織用品,"成衣,毛皮服裝除外",公開決標採購品名,"成衣,毛皮服裝除外",採購名稱／官方財物次分類／產業分類／Scope 3候選,,範疇3 類別1,113年里鄰長為民服務工作服及環保志工隊工作服、工作鞋 / 成衣 / 毛皮服裝除外 / 民生製造 / 家具 / 紡織用品 / 範疇3 類別1,公開資料候選，需人工覆核,來源紀錄ID=BDM-1-70615052；真實公開決標紀錄；標準品名、產業與Scope 3為規則式候選，需人工覆核,民生製造
RP-0052,高效率區控型變頻多聯溫控系統設備,高效率區控型變頻多聯溫控系統設備,機械／零組件,氣體產生器;蒸餾設備;冷凍及空調設備;過濾機具,公開決標採購品名,氣體產生器;蒸餾設備;冷凍及空調設備;過濾機具,採購名稱／官方財物次分類／產業分類／Scope 3候選,,範疇3 類別1,高效率區控型變頻多聯溫控系統設備 / 氣體產生器 / 蒸餾設備 / 冷凍及空調設備 / 過濾機具 / 機械設備 / 機械 / 零組件 / 範疇3 類別1,公開資料候選，需人工覆核,來源紀錄ID=BDM-1-70615054；真實公開決標紀錄；標準品名、產業與Scope 3為規則式候選，需人工覆核,機械設備
RP-0053,113年冷氣設備更新案,113年冷氣設備更新案,機械／零組件,氣體產生器;蒸餾設備;冷凍及空調設備;過濾機具,公開決標採購品名,氣體產生器;蒸餾設備;冷凍及空調設備;過濾機具,採購名稱／官方財物次分類／產業分類／Scope 3候選,,範疇3 類別1,113年冷氣設備更新案 / 氣體產生器 / 蒸餾設備 / 冷凍及空調設備 / 過濾機具 / 機械設備 / 機械 / 零組件 / 範疇3 類別1,公開資料候選，需人工覆核,來源紀錄ID=BDM-1-70615055；真實公開決標紀錄；標準品名、產業與Scope 3為規則式候選，需人工覆核,機械設備
RP-0054,伸仁國民小學113學年度午餐食材(不含調味品）,伸仁國民小學113學年度午餐食材(不含調味品）,食品／農產,"肉類,魚,果實,蔬菜,及油脂",公開決標採購品名,"肉類,魚,果實,蔬菜,及油脂",採購名稱／官方財物次分類／產業分類／Scope 3候選,,範疇3 類別1,伸仁國民小學113學年度午餐食材(不含調味品） / 肉類 / 魚 / 果實 / 蔬菜 / 及油脂 / 食品農產 / 食品 / 農產 / 範疇3 類別1,公開資料候選，需人工覆核,來源紀錄ID=BDM-1-70615056；真實公開決標紀錄；標準品名、產業與Scope 3為規則式候選，需人工覆核,食品農產
RP-0055,日新國小113學年度學校外訂午餐採購案,日新國小113學年度學校外訂午餐,食品／農產,"穀粉,澱粉及澱粉製品;其他食品",公開決標採購品名,"穀粉,澱粉及澱粉製品;其他食品",採購名稱／官方財物次分類／產業分類／Scope 3候選,,範疇3 類別1,日新國小113學年度學校外訂午餐 / 穀粉 / 澱粉及澱粉製品 / 其他食品 / 食品農產 / 食品 / 農產 / 範疇3 類別1,公開資料候選，需人工覆核,來源紀錄ID=BDM-1-70615059；真實公開決標紀錄；標準品名、產業與Scope 3為規則式候選，需人工覆核,食品農產
RP-0056,第54屆全國技能競賽-冷凍空調職類水電材料類採購,第54屆全國技能競賽-冷凍空調職類水電材料類採購,機械／零組件,氣體產生器;蒸餾設備;冷凍及空調設備;過濾機具,公開決標採購品名,氣體產生器;蒸餾設備;冷凍及空調設備;過濾機具,採購名稱／官方財物次分類／產業分類／Scope 3候選,,範疇3 類別1,第54屆全國技能競賽-冷凍空調職類水電材料類採購 / 氣體產生器 / 蒸餾設備 / 冷凍及空調設備 / 過濾機具 / 機械設備 / 機械 / 零組件 / 範疇3 類別1,公開資料候選，需人工覆核,來源紀錄ID=BDM-1-70615063；真實公開決標紀錄；標準品名、產業與Scope 3為規則式候選，需人工覆核,機械設備
RP-0057,113學年度午餐食材供應採購,113學年度午餐食材供應採購,食品／農產,"肉類,魚,果實,蔬菜,及油脂",公開決標採購品名,"肉類,魚,果實,蔬菜,及油脂",採購名稱／官方財物次分類／產業分類／Scope 3候選,,範疇3 類別1,113學年度午餐食材供應採購 / 肉類 / 魚 / 果實 / 蔬菜 / 及油脂 / 食品農產 / 食品 / 農產 / 範疇3 類別1,公開資料候選，需人工覆核,來源紀錄ID=BDM-1-70615064；真實公開決標紀錄；標準品名、產業與Scope 3為規則式候選，需人工覆核,食品農產
RP-0058,113年度屏東縣九如鄉公所購置11噸抓斗車(11噸傾卸式框式附加吊桿或同等規格)採購,113年度屏東縣九如鄉公所購置11噸抓斗車(11噸傾卸式框式附加吊桿或同等規格)採購,車輛／運輸設備,其他運輸設備及其零件,公開決標採購品名,其他運輸設備及其零件,採購名稱／官方財物次分類／產業分類／Scope 3候選,,範疇3 類別1,113年度屏東縣九如鄉公所購置11噸抓斗車(11噸傾卸式框式附加吊桿或同等規格)採購 / 其他運輸設備及其零件 / 運輸設備 / 車輛 / 範疇3 類別1,公開資料候選，需人工覆核,來源紀錄ID=BDM-1-70615066；真實公開決標紀錄；標準品名、產業與Scope 3為規則式候選，需人工覆核,運輸設備
RP-0059,112學年度偏遠地區學校及非山非市學校整合性計畫第2期資本門設備採購案,112學年度偏遠地區學校及非山非市學校整合性計畫第2期資本門設備,資訊設備／軟體,計算機及其零件與配件,公開決標採購品名,計算機及其零件與配件,採購名稱／官方財物次分類／產業分類／Scope 3候選,,範疇3 類別1,112學年度偏遠地區學校及非山非市學校整合性計畫第2期資本門設備 / 計算機及其零件與配件 / 資訊電子 / 資訊設備 / 軟體 / 範疇3 類別1,公開資料候選，需人工覆核,來源紀錄ID=BDM-1-70615072；真實公開決標紀錄；標準品名、產業與Scope 3為規則式候選，需人工覆核,資訊電子
RP-0060,筆記型電腦45台採購案,筆記型電腦45台,資訊設備／軟體,計算機及其零件與配件,公開決標採購品名,計算機及其零件與配件,採購名稱／官方財物次分類／產業分類／Scope 3候選,,範疇3 類別1,筆記型電腦45台 / 計算機及其零件與配件 / 資訊電子 / 資訊設備 / 軟體 / 範疇3 類別1,公開資料候選，需人工覆核,來源紀錄ID=BDM-1-70615075；真實公開決標紀錄；標準品名、產業與Scope 3為規則式候選，需人工覆核,資訊電子
RP-0061,冷凝水泵及備品,冷凝水泵及備品,電力設備／電材,電力傳輸、控制設備及其零件,公開決標採購品名,電力傳輸、控制設備及其零件,採購名稱／官方財物次分類／產業分類／Scope 3候選,,範疇3 類別1,冷凝水泵及備品 / 電力傳輸、控制設備及其零件 / 電機電控 / 電力設備 / 電材 / 範疇3 類別1,公開資料候選，需人工覆核,來源紀錄ID=BDM-1-70615082；真實公開決標紀錄；標準品名、產業與Scope 3為規則式候選，需人工覆核,電機電控
RP-0062,第54屆全國技能競賽-冷凍空調職類冷凍材料類採購,第54屆全國技能競賽-冷凍空調職類冷凍材料類採購,機械／零組件,氣體產生器;蒸餾設備;冷凍及空調設備;過濾機具,公開決標採購品名,氣體產生器;蒸餾設備;冷凍及空調設備;過濾機具,採購名稱／官方財物次分類／產業分類／Scope 3候選,,範疇3 類別1,第54屆全國技能競賽-冷凍空調職類冷凍材料類採購 / 氣體產生器 / 蒸餾設備 / 冷凍及空調設備 / 過濾機具 / 機械設備 / 機械 / 零組件 / 範疇3 類別1,公開資料候選，需人工覆核,來源紀錄ID=BDM-1-70615085；真實公開決標紀錄；標準品名、產業與Scope 3為規則式候選，需人工覆核,機械設備
RP-0063,雲林縣消防局113年度虎尾第二分隊救災用通訊設備建置採購案,雲林縣消防局113年度虎尾第二分隊救災用通訊設備建置,通訊／電子設備,"收音機、電視,通訊器材及儀器",公開決標採購品名,"收音機、電視,通訊器材及儀器",採購名稱／官方財物次分類／產業分類／Scope 3候選,,範疇3 類別1,雲林縣消防局113年度虎尾第二分隊救災用通訊設備建置 / 收音機、電視 / 通訊器材及儀器 / 電子通訊 / 通訊 / 電子設備 / 範疇3 類別1,公開資料候選，需人工覆核,來源紀錄ID=BDM-1-70615095；真實公開決標紀錄；標準品名、產業與Scope 3為規則式候選，需人工覆核,電子通訊
RP-0064,下顎骨骨釘(或同等品)等5項,下顎骨骨釘(或同等品)等5項,醫療用品／藥品,醫藥產品,公開決標採購品名,醫藥產品,採購名稱／官方財物次分類／產業分類／Scope 3候選,,範疇3 類別1,下顎骨骨釘(或同等品)等5項 / 醫藥產品 / 醫療生技 / 醫療用品 / 藥品 / 範疇3 類別1,公開資料候選，需人工覆核,來源紀錄ID=BDM-1-70615101；真實公開決標紀錄；標準品名、產業與Scope 3為規則式候選，需人工覆核,醫療生技
RP-0065,新北市三重區五華國民小學樂活運動站設備採購案,新北市三重區五華國民小學樂活運動站設備,其他財物,運動商品,公開決標採購品名,運動商品,採購名稱／官方財物次分類／產業分類／Scope 3候選,,範疇3 類別1,新北市三重區五華國民小學樂活運動站設備 / 運動商品 / 其他產業 / 其他財物 / 範疇3 類別1,公開資料候選，需人工覆核,來源紀錄ID=BDM-1-70615105；真實公開決標紀錄；標準品名、產業與Scope 3為規則式候選，需人工覆核,其他產業
RP-0066,113年度雲維L2變壓器檢修工作試驗電力機器特性試驗綜合試驗台,113年度雲維L2變壓器檢修工作試驗電力機器特性試驗綜合試驗台,電力設備／電材,做為測量、檢查、航行及其他目的用之儀器和裝置，除光學儀器;工業程序控制設備;上述各項之零件及附件,公開決標採購品名,做為測量、檢查、航行及其他目的用之儀器和裝置，除光學儀器;工業程序控制設備;上述各項之零件及附件,採購名稱／官方財物次分類／產業分類／Scope 3候選,,範疇3 類別1,113年度雲維L2變壓器檢修工作試驗電力機器特性試驗綜合試驗台 / 做為測量、檢查、航行及其他目的用之儀器和裝置 / 除光學儀器 / 工業程序控制設備 / 上述各項之零件及附件 / 電機電控 / 電力設備 / 電材 / 範疇3 類別1,公開資料候選，需人工覆核,來源紀錄ID=BDM-1-70615111；真實公開決標紀錄；標準品名、產業與Scope 3為規則式候選，需人工覆核,電機電控
RP-0067,加護病房用電動病床,加護病房用電動病床,醫療用品／藥品,"醫療,外科及矯形設備",公開決標採購品名,"醫療,外科及矯形設備",採購名稱／官方財物次分類／產業分類／Scope 3候選,,範疇3 類別1,加護病房用電動病床 / 醫療 / 外科及矯形設備 / 醫療生技 / 醫療用品 / 藥品 / 範疇3 類別1,公開資料候選，需人工覆核,來源紀錄ID=BDM-1-70615119；真實公開決標紀錄；標準品名、產業與Scope 3為規則式候選，需人工覆核,醫療生技
RP-0068,嘉義縣民雄鄉及竹崎鄉國民中小學113學年度學校午餐暨幼兒園點心食材聯合採購,嘉義縣民雄鄉及竹崎鄉國民中小學113學年度學校午餐暨幼兒園點心食材聯合採購,食品／農產,"肉類,魚,果實,蔬菜,及油脂",公開決標採購品名,"肉類,魚,果實,蔬菜,及油脂",採購名稱／官方財物次分類／產業分類／Scope 3候選,,範疇3 類別1,嘉義縣民雄鄉及竹崎鄉國民中小學113學年度學校午餐暨幼兒園點心食材聯合採購 / 肉類 / 魚 / 果實 / 蔬菜 / 及油脂 / 食品農產 / 食品 / 農產 / 範疇3 類別1,公開資料候選，需人工覆核,來源紀錄ID=BDM-1-70615124；真實公開決標紀錄；標準品名、產業與Scope 3為規則式候選，需人工覆核,食品農產
RP-0069,心臟超音波影像報告系統,心臟超音波影像報告系統,資訊設備／軟體,計算機及其零件與配件,公開決標採購品名,計算機及其零件與配件,採購名稱／官方財物次分類／產業分類／Scope 3候選,,範疇3 類別1,心臟超音波影像報告系統 / 計算機及其零件與配件 / 資訊電子 / 資訊設備 / 軟體 / 範疇3 類別1,公開資料候選，需人工覆核,來源紀錄ID=BDM-1-70615127；真實公開決標紀錄；標準品名、產業與Scope 3為規則式候選，需人工覆核,資訊電子
RP-0070,反恐訓練中心南側警衛室車阻採購案,反恐訓練中心南側警衛室車阻,建材／工程物料,建築預製結構,公開決標採購品名,建築預製結構,採購名稱／官方財物次分類／產業分類／Scope 3候選,,範疇3 類別1,反恐訓練中心南側警衛室車阻 / 建築預製結構 / 工程建材 / 建材 / 工程物料 / 範疇3 類別1,公開資料候選，需人工覆核,來源紀錄ID=BDM-1-70615134；真實公開決標紀錄；標準品名、產業與Scope 3為規則式候選，需人工覆核,工程建材
RP-0071,液位控制系統及定位器採購一批,液位控制系統及定位器採購,電力設備／電材,其他電力設備及零件,公開決標採購品名,其他電力設備及零件,採購名稱／官方財物次分類／產業分類／Scope 3候選,,範疇3 類別1,液位控制系統及定位器採購 / 其他電力設備及零件 / 電機電控 / 電力設備 / 電材 / 範疇3 類別1,公開資料候選，需人工覆核,來源紀錄ID=BDM-1-70615135；真實公開決標紀錄；標準品名、產業與Scope 3為規則式候選，需人工覆核,電機電控
RP-0072,E化護理工作車(一)採購案,E化護理工作車(一),醫療用品／藥品,"醫療,外科及矯形設備",公開決標採購品名,"醫療,外科及矯形設備",採購名稱／官方財物次分類／產業分類／Scope 3候選,,範疇3 類別1,E化護理工作車(一) / 醫療 / 外科及矯形設備 / 醫療生技 / 醫療用品 / 藥品 / 範疇3 類別1,公開資料候選，需人工覆核,來源紀錄ID=BDM-1-70615141；真實公開決標紀錄；標準品名、產業與Scope 3為規則式候選，需人工覆核,醫療生技
RP-0073,好護舒防粘黏阻隔凝膠-1.5ml(或同等品)等5項,好護舒防粘黏阻隔凝膠-1.5ml(或同等品)等5項,醫療用品／藥品,醫藥產品,公開決標採購品名,醫藥產品,採購名稱／官方財物次分類／產業分類／Scope 3候選,,範疇3 類別1,好護舒防粘黏阻隔凝膠-1.5ml(或同等品)等5項 / 醫藥產品 / 醫療生技 / 醫療用品 / 藥品 / 範疇3 類別1,公開資料候選，需人工覆核,來源紀錄ID=BDM-1-70615143；真實公開決標紀錄；標準品名、產業與Scope 3為規則式候選，需人工覆核,醫療生技
RP-0074,113、114年學生宿舍鍋爐與電熱水器預約檢修,113、114年學生宿舍鍋爐與電熱水器預約檢修,其他財物,蒸汽產生器(中央暖氣鍋爐除外)及其零件,公開決標採購品名,蒸汽產生器(中央暖氣鍋爐除外)及其零件,採購名稱／官方財物次分類／產業分類／Scope 3候選,,範疇3 類別1,113、114年學生宿舍鍋爐與電熱水器預約檢修 / 蒸汽產生器(中央暖氣鍋爐除外)及其零件 / 其他產業 / 其他財物 / 範疇3 類別1,公開資料候選，需人工覆核,來源紀錄ID=BDM-1-70615147；真實公開決標紀錄；標準品名、產業與Scope 3為規則式候選，需人工覆核,其他產業
RP-0075,113學年度工科新生製圖用具採購案,113學年度工科新生製圖用具,其他財物,"工具機,其零件及附件",公開決標採購品名,"工具機,其零件及附件",採購名稱／官方財物次分類／產業分類／Scope 3候選,,範疇3 類別1,113學年度工科新生製圖用具 / 工具機 / 其零件及附件 / 其他產業 / 其他財物 / 範疇3 類別1,公開資料候選，需人工覆核,來源紀錄ID=BDM-1-70615157；真實公開決標紀錄；標準品名、產業與Scope 3為規則式候選，需人工覆核,其他產業
RP-0076,113年度補助基層運動選手訓練站器材設備-標準室外鏈球鐵餅投擲場(10柱地基及開關門)採購案,113年度補助基層運動選手訓練站器材設備-標準室外鏈球鐵餅投擲場(10柱地基及開關門),其他財物,運動商品,公開決標採購品名,運動商品,採購名稱／官方財物次分類／產業分類／Scope 3候選,,範疇3 類別1,113年度補助基層運動選手訓練站器材設備-標準室外鏈球鐵餅投擲場(10柱地基及開關門) / 運動商品 / 其他產業 / 其他財物 / 範疇3 類別1,公開資料候選，需人工覆核,來源紀錄ID=BDM-1-70615169；真實公開決標紀錄；標準品名、產業與Scope 3為規則式候選，需人工覆核,其他產業
RP-0077,113年度藝采樓監視系統、廣播系統、電話系統更新設備採購,113年度藝采樓監視系統、廣播系統、電話系統更新設備採購,通訊／電子設備,"收音機、電視,通訊器材及儀器",公開決標採購品名,"收音機、電視,通訊器材及儀器",採購名稱／官方財物次分類／產業分類／Scope 3候選,,範疇3 類別1,113年度藝采樓監視系統、廣播系統、電話系統更新設備採購 / 收音機、電視 / 通訊器材及儀器 / 電子通訊 / 通訊 / 電子設備 / 範疇3 類別1,公開資料候選，需人工覆核,來源紀錄ID=BDM-1-70615172；真實公開決標紀錄；標準品名、產業與Scope 3為規則式候選，需人工覆核,電子通訊
RP-0078,113-115年癌醫中心分院機器人小組72項醫材單價合約招標案,113-115年癌醫中心分院機器人小組72項醫材單價合約招標案,醫療用品／藥品,"醫療,外科及矯形設備",公開決標採購品名,"醫療,外科及矯形設備",採購名稱／官方財物次分類／產業分類／Scope 3候選,,範疇3 類別1,113-115年癌醫中心分院機器人小組72項醫材單價合約招標案 / 醫療 / 外科及矯形設備 / 醫療生技 / 醫療用品 / 藥品 / 範疇3 類別1,公開資料候選，需人工覆核,來源紀錄ID=BDM-1-70615173；真實公開決標紀錄；標準品名、產業與Scope 3為規則式候選，需人工覆核,醫療生技
RP-0079,「精算軟體Prophet」財物採購案,「精算軟體Prophet」財物,資訊設備／軟體,計算機及其零件與配件,公開決標採購品名,計算機及其零件與配件,採購名稱／官方財物次分類／產業分類／Scope 3候選,,範疇3 類別1,「精算軟體Prophet」財物 / 計算機及其零件與配件 / 資訊電子 / 資訊設備 / 軟體 / 範疇3 類別1,公開資料候選，需人工覆核,來源紀錄ID=BDM-1-70615176；真實公開決標紀錄；標準品名、產業與Scope 3為規則式候選，需人工覆核,資訊電子
RP-0080,燈管固定座等49項(計五組)(第1、2、4、5組),燈管固定座等49項(計五組)(第1、2、4、5組),其他財物,"軸承,齒輪,傳動裝置,驅動元件及其零件",公開決標採購品名,"軸承,齒輪,傳動裝置,驅動元件及其零件",採購名稱／官方財物次分類／產業分類／Scope 3候選,,範疇3 類別1,燈管固定座等49項(計五組)(第1、2、4、5組) / 軸承 / 齒輪 / 傳動裝置 / 驅動元件及其零件 / 其他產業 / 其他財物 / 範疇3 類別1,公開資料候選，需人工覆核,來源紀錄ID=BDM-1-70615179；真實公開決標紀錄；標準品名、產業與Scope 3為規則式候選，需人工覆核,其他產業
RP-0081,黑色噴漆等19項(計二組),黑色噴漆等19項(計二組),其他財物,漆類、清漆及相關產品；繪畫用色料；墨水,公開決標採購品名,漆類、清漆及相關產品；繪畫用色料；墨水,採購名稱／官方財物次分類／產業分類／Scope 3候選,,範疇3 類別1,黑色噴漆等19項(計二組) / 漆類、清漆及相關產品；繪畫用色料；墨水 / 其他產業 / 其他財物 / 範疇3 類別1,公開資料候選，需人工覆核,來源紀錄ID=BDM-1-70615181；真實公開決標紀錄；標準品名、產業與Scope 3為規則式候選，需人工覆核,其他產業
RP-0082,艦用裝備配線操作模擬系統性能提升案,艦用裝備配線操作模擬系統性能提升案,電力設備／電材,電力傳輸、控制設備及其零件,公開決標採購品名,電力傳輸、控制設備及其零件,採購名稱／官方財物次分類／產業分類／Scope 3候選,,範疇3 類別1,艦用裝備配線操作模擬系統性能提升案 / 電力傳輸、控制設備及其零件 / 電機電控 / 電力設備 / 電材 / 範疇3 類別1,公開資料候選，需人工覆核,來源紀錄ID=BDM-1-70615182；真實公開決標紀錄；標準品名、產業與Scope 3為規則式候選，需人工覆核,電機電控
RP-0083,臺中市梧棲區中正國民小學113學年度學生午餐食材及幼兒園餐點食材採購(含114學年度後續擴充),臺中市梧棲區中正國民小學113學年度學生午餐食材及幼兒園餐點食材採購(含114學年度後續擴充),食品／農產,"肉類,魚,果實,蔬菜,及油脂",公開決標採購品名,"肉類,魚,果實,蔬菜,及油脂",採購名稱／官方財物次分類／產業分類／Scope 3候選,,範疇3 類別1,臺中市梧棲區中正國民小學113學年度學生午餐食材及幼兒園餐點食材採購(含114學年度後續擴充) / 肉類 / 魚 / 果實 / 蔬菜 / 及油脂 / 食品農產 / 食品 / 農產 / 範疇3 類別1,公開資料候選，需人工覆核,來源紀錄ID=BDM-1-70615183；真實公開決標紀錄；標準品名、產業與Scope 3為規則式候選，需人工覆核,食品農產
RP-0084,塑鋼土等13項(計二組),塑鋼土等13項(計二組),金屬／五金,基本化學產品,公開決標採購品名,基本化學產品,採購名稱／官方財物次分類／產業分類／Scope 3候選,,範疇3 類別1,塑鋼土等13項(計二組) / 基本化學產品 / 金屬加工 / 金屬 / 五金 / 範疇3 類別1,公開資料候選，需人工覆核,來源紀錄ID=BDM-1-70615186；真實公開決標紀錄；標準品名、產業與Scope 3為規則式候選，需人工覆核,金屬加工
RP-0085,曲柺軸等6項(計3組),曲柺軸等6項(計3組),機械／零組件,"引擎,渦輪及其零件",公開決標採購品名,"引擎,渦輪及其零件",採購名稱／官方財物次分類／產業分類／Scope 3候選,,範疇3 類別1,曲柺軸等6項(計3組) / 引擎 / 渦輪及其零件 / 機械設備 / 機械 / 零組件 / 範疇3 類別1,公開資料候選，需人工覆核,來源紀錄ID=BDM-1-70615187；真實公開決標紀錄；標準品名、產業與Scope 3為規則式候選，需人工覆核,機械設備
RP-0086,全鋁線795MCM37股48000公斤,全鋁線795MCM37股48000公斤,電力設備／電材,電力傳輸、控制設備及其零件,公開決標採購品名,電力傳輸、控制設備及其零件,採購名稱／官方財物次分類／產業分類／Scope 3候選,,範疇3 類別1,全鋁線795MCM37股48000公斤 / 電力傳輸、控制設備及其零件 / 電機電控 / 電力設備 / 電材 / 範疇3 類別1,公開資料候選，需人工覆核,來源紀錄ID=BDM-1-70615190；真實公開決標紀錄；標準品名、產業與Scope 3為規則式候選，需人工覆核,電機電控
RP-0087,全鋁線1431MCM乙批,全鋁線1431MCM,電力設備／電材,電力傳輸、控制設備及其零件,公開決標採購品名,電力傳輸、控制設備及其零件,採購名稱／官方財物次分類／產業分類／Scope 3候選,,範疇3 類別1,全鋁線1431MCM / 電力傳輸、控制設備及其零件 / 電機電控 / 電力設備 / 電材 / 範疇3 類別1,公開資料候選，需人工覆核,來源紀錄ID=BDM-1-70615195；真實公開決標紀錄；標準品名、產業與Scope 3為規則式候選，需人工覆核,電機電控
RP-0088,臺大癌醫中心分院即時高解析3D成像系統一套,臺大癌醫中心分院即時高解析3D成像系統一套,醫療用品／藥品,"醫療,外科及矯形設備",公開決標採購品名,"醫療,外科及矯形設備",採購名稱／官方財物次分類／產業分類／Scope 3候選,,範疇3 類別1,臺大癌醫中心分院即時高解析3D成像系統一套 / 醫療 / 外科及矯形設備 / 醫療生技 / 醫療用品 / 藥品 / 範疇3 類別1,公開資料候選，需人工覆核,來源紀錄ID=BDM-1-70615208；真實公開決標紀錄；標準品名、產業與Scope 3為規則式候選，需人工覆核,醫療生技
RP-0089,113學年度一年級新生文具採購,113學年度一年級新生文具採購,其他財物,其他製造商品,公開決標採購品名,其他製造商品,採購名稱／官方財物次分類／產業分類／Scope 3候選,,範疇3 類別1,113學年度一年級新生文具採購 / 其他製造商品 / 其他產業 / 其他財物 / 範疇3 類別1,公開資料候選，需人工覆核,來源紀錄ID=BDM-1-70615210；真實公開決標紀錄；標準品名、產業與Scope 3為規則式候選，需人工覆核,其他產業
RP-0090,0.7公升原桶強度麥芽威士忌PX雪莉桶木盒（含手提袋、手冊、紙箱、更換）,0.7公升原桶強度麥芽威士忌PX雪莉桶木盒（含手提袋、手冊、紙箱、更換）,其他財物,"木製品,軟木製品,草及編結材料產品",公開決標採購品名,"木製品,軟木製品,草及編結材料產品",採購名稱／官方財物次分類／產業分類／Scope 3候選,,範疇3 類別1,0.7公升原桶強度麥芽威士忌PX雪莉桶木盒（含手提袋、手冊、紙箱、更換） / 木製品 / 軟木製品 / 草及編結材料產品 / 其他產業 / 其他財物 / 範疇3 類別1,公開資料候選，需人工覆核,來源紀錄ID=BDM-1-70615232；真實公開決標紀錄；標準品名、產業與Scope 3為規則式候選，需人工覆核,其他產業
RP-0091,配電調度監控系統程控防火牆汰舊換新,配電調度監控系統程控防火牆汰舊換新,通訊／電子設備,"收音機、電視,通訊器材及儀器",公開決標採購品名,"收音機、電視,通訊器材及儀器",採購名稱／官方財物次分類／產業分類／Scope 3候選,,範疇3 類別1,配電調度監控系統程控防火牆汰舊換新 / 收音機、電視 / 通訊器材及儀器 / 電子通訊 / 通訊 / 電子設備 / 範疇3 類別1,公開資料候選，需人工覆核,來源紀錄ID=BDM-1-70615237；真實公開決標紀錄；標準品名、產業與Scope 3為規則式候選，需人工覆核,電子通訊
RP-0092,分子鋼(倍造耐BELZONA1311A/B兩劑),分子鋼(倍造耐BELZONA1311A/B兩劑),金屬／五金,其他非鐵金屬及其製品（包括廢料及碎料）；瓷金及其製品；含金屬或其化合物之灰末及渣滓（不包括煉製鋼鐵所產生者）,公開決標採購品名,其他非鐵金屬及其製品（包括廢料及碎料）；瓷金及其製品；含金屬或其化合物之灰末及渣滓（不包括煉製鋼鐵所產生者）,採購名稱／官方財物次分類／產業分類／Scope 3候選,,範疇3 類別1,分子鋼(倍造耐BELZONA1311A/B兩劑) / 其他非鐵金屬及其製品（包括廢料及碎料）；瓷金及其製品；含金屬或其化合物之灰末及渣滓（不包括煉製鋼鐵所產生者） / 金屬加工 / 金屬 / 五金 / 範疇3 類別1,公開資料候選，需人工覆核,來源紀錄ID=BDM-1-70615241；真實公開決標紀錄；標準品名、產業與Scope 3為規則式候選，需人工覆核,金屬加工
RP-0093,集美國小113學年度上學期美勞教材採購案,集美國小113學年度上學期美勞教材,紙品／印刷／包材,"紙漿,紙及紙產品;印刷品及相關的商品",公開決標採購品名,"紙漿,紙及紙產品;印刷品及相關的商品",採購名稱／官方財物次分類／產業分類／Scope 3候選,,範疇3 類別1,集美國小113學年度上學期美勞教材 / 紙漿 / 紙及紙產品 / 印刷品及相關的商品 / 包材印刷 / 紙品 / 印刷 / 包材 / 範疇3 類別1,公開資料候選，需人工覆核,來源紀錄ID=BDM-1-70615246；真實公開決標紀錄；標準品名、產業與Scope 3為規則式候選，需人工覆核,包材印刷
RP-0094,113學年度新屋國小及東明國小午餐暨幼兒園午餐及點心外訂餐盒採購財物採購,113學年度新屋國小及東明國小午餐暨幼兒園午餐及點心外訂餐盒採購,食品／農產,"肉類,魚,果實,蔬菜,及油脂",公開決標採購品名,"肉類,魚,果實,蔬菜,及油脂",採購名稱／官方財物次分類／產業分類／Scope 3候選,,範疇3 類別1,113學年度新屋國小及東明國小午餐暨幼兒園午餐及點心外訂餐盒採購 / 肉類 / 魚 / 果實 / 蔬菜 / 及油脂 / 食品農產 / 食品 / 農產 / 範疇3 類別1,公開資料候選，需人工覆核,來源紀錄ID=BDM-1-70615252；真實公開決標紀錄；標準品名、產業與Scope 3為規則式候選，需人工覆核,食品農產
RP-0095,電昌五號113年下半年船用物料乙批,電昌五號113年下半年船用物料,車輛／運輸設備,船舶,公開決標採購品名,船舶,採購名稱／官方財物次分類／產業分類／Scope 3候選,,範疇3 類別1,電昌五號113年下半年船用物料 / 船舶 / 運輸設備 / 車輛 / 範疇3 類別1,公開資料候選，需人工覆核,來源紀錄ID=BDM-1-70615254；真實公開決標紀錄；標準品名、產業與Scope 3為規則式候選，需人工覆核,運輸設備
RP-0096,113學年度營養午餐外訂桶餐採購案,113學年度營養午餐外訂桶餐,食品／農產,"肉類,魚,果實,蔬菜,及油脂",公開決標採購品名,"肉類,魚,果實,蔬菜,及油脂",採購名稱／官方財物次分類／產業分類／Scope 3候選,,範疇3 類別1,113學年度營養午餐外訂桶餐 / 肉類 / 魚 / 果實 / 蔬菜 / 及油脂 / 食品農產 / 食品 / 農產 / 範疇3 類別1,公開資料候選，需人工覆核,來源紀錄ID=BDM-1-70615257；真實公開決標紀錄；標準品名、產業與Scope 3為規則式候選，需人工覆核,食品農產
RP-0097,伸縮止水栓（球塞型）及止水栓上部等材料(單價採購),伸縮止水栓（球塞型）及止水栓上部等材料(單價採購),金屬／五金,基本的鐵與鋼,公開決標採購品名,基本的鐵與鋼,採購名稱／官方財物次分類／產業分類／Scope 3候選,,範疇3 類別1,伸縮止水栓（球塞型）及止水栓上部等材料(單價採購) / 基本的鐵與鋼 / 金屬加工 / 金屬 / 五金 / 範疇3 類別1,公開資料候選，需人工覆核,來源紀錄ID=BDM-1-70615258；真實公開決標紀錄；標準品名、產業與Scope 3為規則式候選，需人工覆核,金屬加工
RP-0098,112學年度學校午餐外訂盒餐採購後續擴充,112學年度學校午餐外訂盒餐採購後續擴充,食品／農產,"肉類,魚,果實,蔬菜,及油脂",公開決標採購品名,"肉類,魚,果實,蔬菜,及油脂",採購名稱／官方財物次分類／產業分類／Scope 3候選,,範疇3 類別1,112學年度學校午餐外訂盒餐採購後續擴充 / 肉類 / 魚 / 果實 / 蔬菜 / 及油脂 / 食品農產 / 食品 / 農產 / 範疇3 類別1,公開資料候選，需人工覆核,來源紀錄ID=BDM-1-70615265；真實公開決標紀錄；標準品名、產業與Scope 3為規則式候選，需人工覆核,食品農產
RP-0099,屏東縣鶴聲國民小學113學年度午餐食材採購,屏東縣鶴聲國民小學113學年度午餐食材採購,食品／農產,"肉類,魚,果實,蔬菜,及油脂",公開決標採購品名,"肉類,魚,果實,蔬菜,及油脂",採購名稱／官方財物次分類／產業分類／Scope 3候選,,範疇3 類別1,屏東縣鶴聲國民小學113學年度午餐食材採購 / 肉類 / 魚 / 果實 / 蔬菜 / 及油脂 / 食品農產 / 食品 / 農產 / 範疇3 類別1,公開資料候選，需人工覆核,來源紀錄ID=BDM-1-70615272；真實公開決標紀錄；標準品名、產業與Scope 3為規則式候選，需人工覆核,食品農產
RP-0100,113年度興達發電廠大修用儲放櫃拾只,113年度興達發電廠大修用儲放櫃拾只,電力設備／電材,"鐵,鋼或鋁製大桶、水箱及容器",公開決標採購品名,"鐵,鋼或鋁製大桶、水箱及容器",採購名稱／官方財物次分類／產業分類／Scope 3候選,,範疇3 類別1,113年度興達發電廠大修用儲放櫃拾只 / 鐵 / 鋼或鋁製大桶、水箱及容器 / 電機電控 / 電力設備 / 電材 / 範疇3 類別1,公開資料候選，需人工覆核,來源紀錄ID=BDM-1-70615275；真實公開決標紀錄；標準品名、產業與Scope 3為規則式候選，需人工覆核,電機電控
RP-0101,高雄市林園區公所編印中華民國114年日曆採購,高雄市林園區公所編印中華民國114年日曆採購,紙品／印刷／包材,"紙漿,紙及紙產品;印刷品及相關的商品",公開決標採購品名,"紙漿,紙及紙產品;印刷品及相關的商品",採購名稱／官方財物次分類／產業分類／Scope 3候選,,範疇3 類別1,高雄市林園區公所編印中華民國114年日曆採購 / 紙漿 / 紙及紙產品 / 印刷品及相關的商品 / 包材印刷 / 紙品 / 印刷 / 包材 / 範疇3 類別1,公開資料候選，需人工覆核,來源紀錄ID=BDM-1-70615276；真實公開決標紀錄；標準品名、產業與Scope 3為規則式候選，需人工覆核,包材印刷
RP-0102,動力切割系統主機1台,動力切割系統主機1台,醫療用品／藥品,"醫療,外科及矯形設備",公開決標採購品名,"醫療,外科及矯形設備",採購名稱／官方財物次分類／產業分類／Scope 3候選,,範疇3 類別1,動力切割系統主機1台 / 醫療 / 外科及矯形設備 / 醫療生技 / 醫療用品 / 藥品 / 範疇3 類別1,公開資料候選，需人工覆核,來源紀錄ID=BDM-1-70615278；真實公開決標紀錄；標準品名、產業與Scope 3為規則式候選，需人工覆核,醫療生技
RP-0103,磷酸鋰鐵電池一批,磷酸鋰鐵電池,電力設備／電材,做為測量、檢查、航行及其他目的用之儀器和裝置，除光學儀器;工業程序控制設備;上述各項之零件及附件,公開決標採購品名,做為測量、檢查、航行及其他目的用之儀器和裝置，除光學儀器;工業程序控制設備;上述各項之零件及附件,採購名稱／官方財物次分類／產業分類／Scope 3候選,,範疇3 類別1,磷酸鋰鐵電池 / 做為測量、檢查、航行及其他目的用之儀器和裝置 / 除光學儀器 / 工業程序控制設備 / 上述各項之零件及附件 / 電機電控 / 電力設備 / 電材 / 範疇3 類別1,公開資料候選，需人工覆核,來源紀錄ID=BDM-1-70615282；真實公開決標紀錄；標準品名、產業與Scope 3為規則式候選，需人工覆核,電機電控
RP-0104,體外廢液引流管等7項單價開口契約,體外廢液引流管等7項單價開口契約,醫療用品／藥品,醫藥產品,公開決標採購品名,醫藥產品,採購名稱／官方財物次分類／產業分類／Scope 3候選,,範疇3 類別1,體外廢液引流管等7項單價開口契約 / 醫藥產品 / 醫療生技 / 醫療用品 / 藥品 / 範疇3 類別1,公開資料候選，需人工覆核,來源紀錄ID=BDM-1-70615284；真實公開決標紀錄；標準品名、產業與Scope 3為規則式候選，需人工覆核,醫療生技
RP-0105,高解析原子力顯微鏡,高解析原子力顯微鏡,儀器／光學設備,做為測量、檢查、航行及其他目的用之儀器和裝置，除光學儀器;工業程序控制設備;上述各項之零件及附件,公開決標採購品名,做為測量、檢查、航行及其他目的用之儀器和裝置，除光學儀器;工業程序控制設備;上述各項之零件及附件,採購名稱／官方財物次分類／產業分類／Scope 3候選,,範疇3 類別1,高解析原子力顯微鏡 / 做為測量、檢查、航行及其他目的用之儀器和裝置 / 除光學儀器 / 工業程序控制設備 / 上述各項之零件及附件 / 儀器光電 / 儀器 / 光學設備 / 範疇3 類別1,公開資料候選，需人工覆核,來源紀錄ID=BDM-1-70615299；真實公開決標紀錄；標準品名、產業與Scope 3為規則式候選，需人工覆核,儀器光電
RP-0106,Alma雲端知識庫,Alma雲端知識庫,紙品／印刷／包材,"紙漿,紙及紙產品;印刷品及相關的商品",公開決標採購品名,"紙漿,紙及紙產品;印刷品及相關的商品",採購名稱／官方財物次分類／產業分類／Scope 3候選,,範疇3 類別1,Alma雲端知識庫 / 紙漿 / 紙及紙產品 / 印刷品及相關的商品 / 包材印刷 / 紙品 / 印刷 / 包材 / 範疇3 類別1,公開資料候選，需人工覆核,來源紀錄ID=BDM-1-70615322；真實公開決標紀錄；標準品名、產業與Scope 3為規則式候選，需人工覆核,包材印刷
RP-0107,113年樂器設備採購,113年樂器設備採購,其他財物,樂器,公開決標採購品名,樂器,採購名稱／官方財物次分類／產業分類／Scope 3候選,,範疇3 類別1,113年樂器設備採購 / 樂器 / 其他產業 / 其他財物 / 範疇3 類別1,公開資料候選，需人工覆核,來源紀錄ID=BDM-1-70615324；真實公開決標紀錄；標準品名、產業與Scope 3為規則式候選，需人工覆核,其他產業
RP-0108,113年連江縣運動會獎盃採購,113年連江縣運動會獎盃採購,其他財物,其他製造商品,公開決標採購品名,其他製造商品,採購名稱／官方財物次分類／產業分類／Scope 3候選,,範疇3 類別1,113年連江縣運動會獎盃採購 / 其他製造商品 / 其他產業 / 其他財物 / 範疇3 類別1,公開資料候選，需人工覆核,來源紀錄ID=BDM-1-70615330；真實公開決標紀錄；標準品名、產業與Scope 3為規則式候選，需人工覆核,其他產業
RP-0109,彈體乙項,彈體乙項,其他財物,"武器,彈藥及其零件",公開決標採購品名,"武器,彈藥及其零件",採購名稱／官方財物次分類／產業分類／Scope 3候選,,範疇3 類別1,彈體乙項 / 武器 / 彈藥及其零件 / 其他產業 / 其他財物 / 範疇3 類別1,公開資料候選，需人工覆核,來源紀錄ID=BDM-1-70615332；真實公開決標紀錄；標準品名、產業與Scope 3為規則式候選，需人工覆核,其他產業
RP-0110,113~114年內湖院區綜合及病房大樓撒水監控系統修繕開口式,113~114年內湖院區綜合及病房大樓撒水監控系統修繕開口式,機械／零組件,其他通用機具,公開決標採購品名,其他通用機具,採購名稱／官方財物次分類／產業分類／Scope 3候選,,範疇3 類別1,113~114年內湖院區綜合及病房大樓撒水監控系統修繕開口式 / 其他通用機具 / 機械設備 / 機械 / 零組件 / 範疇3 類別1,公開資料候選，需人工覆核,來源紀錄ID=BDM-1-70615334；真實公開決標紀錄；標準品名、產業與Scope 3為規則式候選，需人工覆核,機械設備
RP-0111,新北市立土城國民中學113學年附設幼兒園增班教學設備,新北市立土城國民中學113學年附設幼兒園增班教學設備,其他財物,其他製造商品,公開決標採購品名,其他製造商品,採購名稱／官方財物次分類／產業分類／Scope 3候選,,範疇3 類別1,新北市立土城國民中學113學年附設幼兒園增班教學設備 / 其他製造商品 / 其他產業 / 其他財物 / 範疇3 類別1,公開資料候選，需人工覆核,來源紀錄ID=BDM-1-70615335；真實公開決標紀錄；標準品名、產業與Scope 3為規則式候選，需人工覆核,其他產業
RP-0112,曼谷代表人辦事處處所續租案,曼谷代表人辦事處處所續租案,其他財物,建地及相關土地,公開決標採購品名,建地及相關土地,採購名稱／官方財物次分類／產業分類／Scope 3候選,,範疇3 類別1,曼谷代表人辦事處處所續租案 / 建地及相關土地 / 其他產業 / 其他財物 / 範疇3 類別1,公開資料候選，需人工覆核,來源紀錄ID=BDM-1-70615339；真實公開決標紀錄；標準品名、產業與Scope 3為規則式候選，需人工覆核,其他產業
RP-0113,113學年度學校營養午餐（外訂桶餐）採購,113學年度學校營養午餐（外訂桶餐）採購,食品／農產,"穀粉,澱粉及澱粉製品;其他食品",公開決標採購品名,"穀粉,澱粉及澱粉製品;其他食品",採購名稱／官方財物次分類／產業分類／Scope 3候選,,範疇3 類別1,113學年度學校營養午餐（外訂桶餐）採購 / 穀粉 / 澱粉及澱粉製品 / 其他食品 / 食品農產 / 食品 / 農產 / 範疇3 類別1,公開資料候選，需人工覆核,來源紀錄ID=BDM-1-70615345；真實公開決標紀錄；標準品名、產業與Scope 3為規則式候選，需人工覆核,食品農產
RP-0114,乘員室軟頂艙等8項,乘員室軟頂艙等8項,家具／紡織用品,除服裝以外之紡織品,公開決標採購品名,除服裝以外之紡織品,採購名稱／官方財物次分類／產業分類／Scope 3候選,,範疇3 類別1,乘員室軟頂艙等8項 / 除服裝以外之紡織品 / 民生製造 / 家具 / 紡織用品 / 範疇3 類別1,公開資料候選，需人工覆核,來源紀錄ID=BDM-1-70615349；真實公開決標紀錄；標準品名、產業與Scope 3為規則式候選，需人工覆核,民生製造
RP-0115,NEUMAN&ESSER(原COOPER)壓縮機專用配件,NEUMAN&ESSER(原COOPER)壓縮機專用配件,機械／零組件,"幫浦,壓縮機,液壓與氣動引擎,閥門及其零件",公開決標採購品名,"幫浦,壓縮機,液壓與氣動引擎,閥門及其零件",採購名稱／官方財物次分類／產業分類／Scope 3候選,,範疇3 類別1,NEUMAN&ESSER(原COOPER)壓縮機專用配件 / 幫浦 / 壓縮機 / 液壓與氣動引擎 / 閥門及其零件 / 機械設備 / 機械 / 零組件 / 範疇3 類別1,公開資料候選，需人工覆核,來源紀錄ID=BDM-1-70615355；真實公開決標紀錄；標準品名、產業與Scope 3為規則式候選，需人工覆核,機械設備
RP-0116,高空作業車,高空作業車,其他財物,"吊車,操作處理設備及其零件",公開決標採購品名,"吊車,操作處理設備及其零件",採購名稱／官方財物次分類／產業分類／Scope 3候選,,範疇3 類別1,高空作業車 / 吊車 / 操作處理設備及其零件 / 其他產業 / 其他財物 / 範疇3 類別1,公開資料候選，需人工覆核,來源紀錄ID=BDM-1-70615371；真實公開決標紀錄；標準品名、產業與Scope 3為規則式候選，需人工覆核,其他產業
RP-0117,影音製作設備等5項,影音製作設備等5項,通訊／電子設備,"收音機、電視,通訊器材及儀器",公開決標採購品名,"收音機、電視,通訊器材及儀器",採購名稱／官方財物次分類／產業分類／Scope 3候選,,範疇3 類別1,影音製作設備等5項 / 收音機、電視 / 通訊器材及儀器 / 電子通訊 / 通訊 / 電子設備 / 範疇3 類別1,公開資料候選，需人工覆核,來源紀錄ID=BDM-1-70615374；真實公開決標紀錄；標準品名、產業與Scope 3為規則式候選，需人工覆核,電子通訊
RP-0118,113年度原住民族地方通行語及傳統名稱標示細部執行計畫,113年度原住民族地方通行語及傳統名稱標示細部執行計畫,其他財物,"木製品,軟木製品,草及編結材料產品",公開決標採購品名,"木製品,軟木製品,草及編結材料產品",採購名稱／官方財物次分類／產業分類／Scope 3候選,,範疇3 類別1,113年度原住民族地方通行語及傳統名稱標示細部執行計畫 / 木製品 / 軟木製品 / 草及編結材料產品 / 其他產業 / 其他財物 / 範疇3 類別1,公開資料候選，需人工覆核,來源紀錄ID=BDM-1-70615375；真實公開決標紀錄；標準品名、產業與Scope 3為規則式候選，需人工覆核,其他產業
RP-0119,2024-法律學系-實習法庭設備採購案,2024-法律學系-實習法庭設備,通訊／電子設備,"收音機、電視,通訊器材及儀器",公開決標採購品名,"收音機、電視,通訊器材及儀器",採購名稱／官方財物次分類／產業分類／Scope 3候選,,範疇3 類別1,2024-法律學系-實習法庭設備 / 收音機、電視 / 通訊器材及儀器 / 電子通訊 / 通訊 / 電子設備 / 範疇3 類別1,公開資料候選，需人工覆核,來源紀錄ID=BDM-1-70615383；真實公開決標紀錄；標準品名、產業與Scope 3為規則式候選，需人工覆核,電子通訊
RP-0120,塔山發電廠113年租賃備勤房舍,塔山發電廠113年租賃備勤房舍,電力設備／電材,建地及相關土地,公開決標採購品名,建地及相關土地,採購名稱／官方財物次分類／產業分類／Scope 3候選,,範疇3 類別1,塔山發電廠113年租賃備勤房舍 / 建地及相關土地 / 電機電控 / 電力設備 / 電材 / 範疇3 類別1,公開資料候選，需人工覆核,來源紀錄ID=BDM-1-70615397；真實公開決標紀錄；標準品名、產業與Scope 3為規則式候選，需人工覆核,電機電控
RP-0121,「水林鄉立幼兒園113學年度幼兒輔助教材及國際童謠(美語唱遊)」,「水林鄉立幼兒園113學年度幼兒輔助教材及國際童謠(美語唱遊)」,紙品／印刷／包材,"紙漿,紙及紙產品;印刷品及相關的商品",公開決標採購品名,"紙漿,紙及紙產品;印刷品及相關的商品",採購名稱／官方財物次分類／產業分類／Scope 3候選,,範疇3 類別1,「水林鄉立幼兒園113學年度幼兒輔助教材及國際童謠(美語唱遊)」 / 紙漿 / 紙及紙產品 / 印刷品及相關的商品 / 包材印刷 / 紙品 / 印刷 / 包材 / 範疇3 類別1,公開資料候選，需人工覆核,來源紀錄ID=BDM-1-70615399；真實公開決標紀錄；標準品名、產業與Scope 3為規則式候選，需人工覆核,包材印刷
RP-0122,13學年度午餐食材供應採購,13學年度午餐食材供應採購,食品／農產,"肉類,魚,果實,蔬菜,及油脂",公開決標採購品名,"肉類,魚,果實,蔬菜,及油脂",採購名稱／官方財物次分類／產業分類／Scope 3候選,,範疇3 類別1,13學年度午餐食材供應採購 / 肉類 / 魚 / 果實 / 蔬菜 / 及油脂 / 食品農產 / 食品 / 農產 / 範疇3 類別1,公開資料候選，需人工覆核,來源紀錄ID=BDM-1-70615402；真實公開決標紀錄；標準品名、產業與Scope 3為規則式候選，需人工覆核,食品農產
RP-0123,113學年度日南國小幼兒園午餐、點心食材採購案(RNES11205-1)後續擴充,113學年度日南國小幼兒園午餐、點心食材採購案(RNES11205-1)後續擴充,食品／農產,"肉類,魚,果實,蔬菜,及油脂",公開決標採購品名,"肉類,魚,果實,蔬菜,及油脂",採購名稱／官方財物次分類／產業分類／Scope 3候選,,範疇3 類別1,113學年度日南國小幼兒園午餐、點心食材採購案(RNES11205-1)後續擴充 / 肉類 / 魚 / 果實 / 蔬菜 / 及油脂 / 食品農產 / 食品 / 農產 / 範疇3 類別1,公開資料候選，需人工覆核,來源紀錄ID=BDM-1-70615403；真實公開決標紀錄；標準品名、產業與Scope 3為規則式候選，需人工覆核,食品農產
RP-0124,校務行政雲端環境備份設備更新與擴充建置案,校務行政雲端環境備份設備更新與擴充建置案,資訊設備／軟體,計算機及其零件與配件,公開決標採購品名,計算機及其零件與配件,採購名稱／官方財物次分類／產業分類／Scope 3候選,,範疇3 類別1,校務行政雲端環境備份設備更新與擴充建置案 / 計算機及其零件與配件 / 資訊電子 / 資訊設備 / 軟體 / 範疇3 類別1,公開資料候選，需人工覆核,來源紀錄ID=BDM-1-70615405；真實公開決標紀錄；標準品名、產業與Scope 3為規則式候選，需人工覆核,資訊電子
RP-0125,113年臺中市第十四屆全市運動大會膳食組便當採購,113年臺中市第十四屆全市運動大會膳食組便當採購,食品／農產,"肉類,魚,果實,蔬菜,及油脂",公開決標採購品名,"肉類,魚,果實,蔬菜,及油脂",採購名稱／官方財物次分類／產業分類／Scope 3候選,,範疇3 類別1,113年臺中市第十四屆全市運動大會膳食組便當採購 / 肉類 / 魚 / 果實 / 蔬菜 / 及油脂 / 食品農產 / 食品 / 農產 / 範疇3 類別1,公開資料候選，需人工覆核,來源紀錄ID=BDM-1-70615412；真實公開決標紀錄；標準品名、產業與Scope 3為規則式候選，需人工覆核,食品農產
RP-0126,d-檸檬烯720公斤,d-檸檬烯720公斤,化學品／塑橡膠,基本化學產品,公開決標採購品名,基本化學產品,採購名稱／官方財物次分類／產業分類／Scope 3候選,,範疇3 類別1,d-檸檬烯720公斤 / 基本化學產品 / 化工塑橡膠 / 化學品 / 塑橡膠 / 範疇3 類別1,公開資料候選，需人工覆核,來源紀錄ID=BDM-1-70615413；真實公開決標紀錄；標準品名、產業與Scope 3為規則式候選，需人工覆核,化工塑橡膠
RP-0127,113年度臺灣大學校園網路電信系統擴充建置,113年度臺灣大學校園網路電信系統擴充建置,資訊設備／軟體,計算機及其零件與配件,公開決標採購品名,計算機及其零件與配件,採購名稱／官方財物次分類／產業分類／Scope 3候選,,範疇3 類別1,113年度臺灣大學校園網路電信系統擴充建置 / 計算機及其零件與配件 / 資訊電子 / 資訊設備 / 軟體 / 範疇3 類別1,公開資料候選，需人工覆核,來源紀錄ID=BDM-1-70615420；真實公開決標紀錄；標準品名、產業與Scope 3為規則式候選，需人工覆核,資訊電子
RP-0128,113年海象氣候組資訊設備採購案,113年海象氣候組資訊設備,資訊設備／軟體,計算機及其零件與配件,公開決標採購品名,計算機及其零件與配件,採購名稱／官方財物次分類／產業分類／Scope 3候選,,範疇3 類別1,113年海象氣候組資訊設備 / 計算機及其零件與配件 / 資訊電子 / 資訊設備 / 軟體 / 範疇3 類別1,公開資料候選，需人工覆核,來源紀錄ID=BDM-1-70615423；真實公開決標紀錄；標準品名、產業與Scope 3為規則式候選，需人工覆核,資訊電子
RP-0129,113學年度學校外訂團膳及附設幼兒園點心食材採購案,113學年度學校外訂團膳及附設幼兒園點心食材,食品／農產,"穀粉,澱粉及澱粉製品;其他食品",公開決標採購品名,"穀粉,澱粉及澱粉製品;其他食品",採購名稱／官方財物次分類／產業分類／Scope 3候選,,範疇3 類別1,113學年度學校外訂團膳及附設幼兒園點心食材 / 穀粉 / 澱粉及澱粉製品 / 其他食品 / 食品農產 / 食品 / 農產 / 範疇3 類別1,公開資料候選，需人工覆核,來源紀錄ID=BDM-1-70615459；真實公開決標紀錄；標準品名、產業與Scope 3為規則式候選，需人工覆核,食品農產
RP-0130,電生理心臟構圖紀錄系統壹組採購案,電生理心臟構圖紀錄系統壹組,醫療用品／藥品,"醫療,外科及矯形設備",公開決標採購品名,"醫療,外科及矯形設備",採購名稱／官方財物次分類／產業分類／Scope 3候選,,範疇3 類別1,電生理心臟構圖紀錄系統壹組 / 醫療 / 外科及矯形設備 / 醫療生技 / 醫療用品 / 藥品 / 範疇3 類別1,公開資料候選，需人工覆核,來源紀錄ID=BDM-1-70615463；真實公開決標紀錄；標準品名、產業與Scope 3為規則式候選，需人工覆核,醫療生技
RP-0131,【113年度建置雙向影音指認室財物採購案】,【113年度建置雙向影音指認室財物採購案】,通訊／電子設備,"收音機、電視,通訊器材及儀器",公開決標採購品名,"收音機、電視,通訊器材及儀器",採購名稱／官方財物次分類／產業分類／Scope 3候選,,範疇3 類別1,【113年度建置雙向影音指認室財物採購案】 / 收音機、電視 / 通訊器材及儀器 / 電子通訊 / 通訊 / 電子設備 / 範疇3 類別1,公開資料候選，需人工覆核,來源紀錄ID=BDM-1-70615468；真實公開決標紀錄；標準品名、產業與Scope 3為規則式候選，需人工覆核,電子通訊
RP-0132,研究型碳化爐一套,研究型碳化爐一套,其他財物,"烤箱,熔爐燃燒器及其零件",公開決標採購品名,"烤箱,熔爐燃燒器及其零件",採購名稱／官方財物次分類／產業分類／Scope 3候選,,範疇3 類別1,研究型碳化爐一套 / 烤箱 / 熔爐燃燒器及其零件 / 其他產業 / 其他財物 / 範疇3 類別1,公開資料候選，需人工覆核,來源紀錄ID=BDM-1-70615470；真實公開決標紀錄；標準品名、產業與Scope 3為規則式候選，需人工覆核,其他產業
RP-0133,113學年度附設幼兒園新設專用遊戲場,113學年度附設幼兒園新設專用遊戲場,其他財物,遊樂場迴轉臺、鞦韆臺、射擊場及其他遊樂場之娛樂設備,公開決標採購品名,遊樂場迴轉臺、鞦韆臺、射擊場及其他遊樂場之娛樂設備,採購名稱／官方財物次分類／產業分類／Scope 3候選,,範疇3 類別1,113學年度附設幼兒園新設專用遊戲場 / 遊樂場迴轉臺、鞦韆臺、射擊場及其他遊樂場之娛樂設備 / 其他產業 / 其他財物 / 範疇3 類別1,公開資料候選，需人工覆核,來源紀錄ID=BDM-1-70615481；真實公開決標紀錄；標準品名、產業與Scope 3為規則式候選，需人工覆核,其他產業
RP-0134,瘜肉切除器等8項二年期單價開口契約,瘜肉切除器等8項二年期單價開口契約,醫療用品／藥品,醫藥產品,公開決標採購品名,醫藥產品,採購名稱／官方財物次分類／產業分類／Scope 3候選,,範疇3 類別1,瘜肉切除器等8項二年期單價開口契約 / 醫藥產品 / 醫療生技 / 醫療用品 / 藥品 / 範疇3 類別1,公開資料候選，需人工覆核,來源紀錄ID=BDM-1-70615483；真實公開決標紀錄；標準品名、產業與Scope 3為規則式候選，需人工覆核,醫療生技
RP-0135,阿里山林業鐵路機關車引擎及發電機整修物料採購開口契約,阿里山林業鐵路機關車引擎及發電機整修物料採購開口契約,電力設備／電材,鐵路及電車軌道之機車及其零件,公開決標採購品名,鐵路及電車軌道之機車及其零件,採購名稱／官方財物次分類／產業分類／Scope 3候選,,範疇3 類別1,阿里山林業鐵路機關車引擎及發電機整修物料採購開口契約 / 鐵路及電車軌道之機車及其零件 / 電機電控 / 電力設備 / 電材 / 範疇3 類別1,公開資料候選，需人工覆核,來源紀錄ID=BDM-1-70615484；真實公開決標紀錄；標準品名、產業與Scope 3為規則式候選，需人工覆核,電機電控
RP-0136,113學年度第一學期教科書,113學年度第一學期教科書,紙品／印刷／包材,"紙漿,紙及紙產品;印刷品及相關的商品",公開決標採購品名,"紙漿,紙及紙產品;印刷品及相關的商品",採購名稱／官方財物次分類／產業分類／Scope 3候選,,範疇3 類別1,113學年度第一學期教科書 / 紙漿 / 紙及紙產品 / 印刷品及相關的商品 / 包材印刷 / 紙品 / 印刷 / 包材 / 範疇3 類別1,公開資料候選，需人工覆核,來源紀錄ID=BDM-1-70615486；真實公開決標紀錄；標準品名、產業與Scope 3為規則式候選，需人工覆核,包材印刷
RP-0137,臺南市五甲國小營養午餐委外辦理桶餐財物採購案(113學年度),臺南市五甲國小營養午餐委外辦理桶餐財物,食品／農產,"肉類,魚,果實,蔬菜,及油脂",公開決標採購品名,"肉類,魚,果實,蔬菜,及油脂",採購名稱／官方財物次分類／產業分類／Scope 3候選,,範疇3 類別1,臺南市五甲國小營養午餐委外辦理桶餐財物 / 肉類 / 魚 / 果實 / 蔬菜 / 及油脂 / 食品農產 / 食品 / 農產 / 範疇3 類別1,公開資料候選，需人工覆核,來源紀錄ID=BDM-1-70615495；真實公開決標紀錄；標準品名、產業與Scope 3為規則式候選，需人工覆核,食品農產
RP-0138,113年度虛擬實境頭盔裝置及配件採購案,113年度虛擬實境頭盔裝置及配件,通訊／電子設備,"收音機、電視,通訊器材及儀器",公開決標採購品名,"收音機、電視,通訊器材及儀器",採購名稱／官方財物次分類／產業分類／Scope 3候選,,範疇3 類別1,113年度虛擬實境頭盔裝置及配件 / 收音機、電視 / 通訊器材及儀器 / 電子通訊 / 通訊 / 電子設備 / 範疇3 類別1,公開資料候選，需人工覆核,來源紀錄ID=BDM-1-70615497；真實公開決標紀錄；標準品名、產業與Scope 3為規則式候選，需人工覆核,電子通訊
RP-0139,真空斷路器設備五套,真空斷路器設備五套,電力設備／電材,其他電力設備及零件,公開決標採購品名,其他電力設備及零件,採購名稱／官方財物次分類／產業分類／Scope 3候選,,範疇3 類別1,真空斷路器設備五套 / 其他電力設備及零件 / 電機電控 / 電力設備 / 電材 / 範疇3 類別1,公開資料候選，需人工覆核,來源紀錄ID=BDM-1-70615505；真實公開決標紀錄；標準品名、產業與Scope 3為規則式候選，需人工覆核,電機電控
RP-0140,「標普全球市場財智服務三年期」採購案,「標普全球市場財智服務三年期」,資訊設備／軟體,計算機及其零件與配件,公開決標採購品名,計算機及其零件與配件,採購名稱／官方財物次分類／產業分類／Scope 3候選,,範疇3 類別1,「標普全球市場財智服務三年期」 / 計算機及其零件與配件 / 資訊電子 / 資訊設備 / 軟體 / 範疇3 類別1,公開資料候選，需人工覆核,來源紀錄ID=BDM-1-70615519；真實公開決標紀錄；標準品名、產業與Scope 3為規則式候選，需人工覆核,資訊電子
RP-0141,大型名址標籤貼紙(A款),大型名址標籤貼紙(A款),紙品／印刷／包材,"紙漿,紙及紙產品;印刷品及相關的商品",公開決標採購品名,"紙漿,紙及紙產品;印刷品及相關的商品",採購名稱／官方財物次分類／產業分類／Scope 3候選,,範疇3 類別1,大型名址標籤貼紙(A款) / 紙漿 / 紙及紙產品 / 印刷品及相關的商品 / 包材印刷 / 紙品 / 印刷 / 包材 / 範疇3 類別1,公開資料候選，需人工覆核,來源紀錄ID=BDM-1-70615528；真實公開決標紀錄；標準品名、產業與Scope 3為規則式候選，需人工覆核,包材印刷
RP-0142,靜修國小113、114學年度外訂學生午餐採購案,靜修國小113、114學年度外訂學生午餐,食品／農產,"肉類,魚,果實,蔬菜,及油脂",公開決標採購品名,"肉類,魚,果實,蔬菜,及油脂",採購名稱／官方財物次分類／產業分類／Scope 3候選,,範疇3 類別1,靜修國小113、114學年度外訂學生午餐 / 肉類 / 魚 / 果實 / 蔬菜 / 及油脂 / 食品農產 / 食品 / 農產 / 範疇3 類別1,公開資料候選，需人工覆核,來源紀錄ID=BDM-1-70615529；真實公開決標紀錄；標準品名、產業與Scope 3為規則式候選，需人工覆核,食品農產
RP-0143,IR吸收劑20公斤,IR吸收劑20公斤,化學品／塑橡膠,基本化學產品,公開決標採購品名,基本化學產品,採購名稱／官方財物次分類／產業分類／Scope 3候選,,範疇3 類別1,IR吸收劑20公斤 / 基本化學產品 / 化工塑橡膠 / 化學品 / 塑橡膠 / 範疇3 類別1,公開資料候選，需人工覆核,來源紀錄ID=BDM-1-70615530；真實公開決標紀錄；標準品名、產業與Scope 3為規則式候選，需人工覆核,化工塑橡膠
RP-0144,給水用鍍鋅有縫鋼管1批,給水用鍍鋅有縫鋼管1批,金屬／五金,其他預鑄金屬產品,公開決標採購品名,其他預鑄金屬產品,採購名稱／官方財物次分類／產業分類／Scope 3候選,,範疇3 類別1,給水用鍍鋅有縫鋼管1批 / 其他預鑄金屬產品 / 金屬加工 / 金屬 / 五金 / 範疇3 類別1,公開資料候選，需人工覆核,來源紀錄ID=BDM-1-70615531；真實公開決標紀錄；標準品名、產業與Scope 3為規則式候選，需人工覆核,金屬加工
RP-0145,永興國小113年度木製課桌椅財物採購案,永興國小113年度木製課桌椅財物,其他財物,"木製品,軟木製品,草及編結材料產品",公開決標採購品名,"木製品,軟木製品,草及編結材料產品",採購名稱／官方財物次分類／產業分類／Scope 3候選,,範疇3 類別1,永興國小113年度木製課桌椅財物 / 木製品 / 軟木製品 / 草及編結材料產品 / 其他產業 / 其他財物 / 範疇3 類別1,公開資料候選，需人工覆核,來源紀錄ID=BDM-1-70615538；真實公開決標紀錄；標準品名、產業與Scope 3為規則式候選，需人工覆核,其他產業
RP-0146,113年度三星鄉清潔隊員工作服採購,113年度三星鄉清潔隊員工作服採購,其他財物,"成衣,毛皮服裝除外",公開決標採購品名,"成衣,毛皮服裝除外",採購名稱／官方財物次分類／產業分類／Scope 3候選,,範疇3 類別1,113年度三星鄉清潔隊員工作服採購 / 成衣 / 毛皮服裝除外 / 其他產業 / 其他財物 / 範疇3 類別1,公開資料候選，需人工覆核,來源紀錄ID=BDM-1-70615539；真實公開決標紀錄；標準品名、產業與Scope 3為規則式候選，需人工覆核,其他產業
RP-0147,體育室體育中心教學區域節能照明設備,體育室體育中心教學區域節能照明設備,其他財物,燈絲電燈泡或放電式燈泡；弧光燈；照明設備；上述各項之零件,公開決標採購品名,燈絲電燈泡或放電式燈泡；弧光燈；照明設備；上述各項之零件,採購名稱／官方財物次分類／產業分類／Scope 3候選,,範疇3 類別1,體育室體育中心教學區域節能照明設備 / 燈絲電燈泡或放電式燈泡；弧光燈；照明設備；上述各項之零件 / 其他產業 / 其他財物 / 範疇3 類別1,公開資料候選，需人工覆核,來源紀錄ID=BDM-1-70615542；真實公開決標紀錄；標準品名、產業與Scope 3為規則式候選，需人工覆核,其他產業
RP-0148,113-115年骨科部醫材5項單價合約招標案,113-115年骨科部醫材5項單價合約招標案,醫療用品／藥品,"醫療,外科及矯形設備",公開決標採購品名,"醫療,外科及矯形設備",採購名稱／官方財物次分類／產業分類／Scope 3候選,,範疇3 類別1,113-115年骨科部醫材5項單價合約招標案 / 醫療 / 外科及矯形設備 / 醫療生技 / 醫療用品 / 藥品 / 範疇3 類別1,公開資料候選，需人工覆核,來源紀錄ID=BDM-1-70615544；真實公開決標紀錄；標準品名、產業與Scope 3為規則式候選，需人工覆核,醫療生技
RP-0149,空調箱各式過濾網開口供應合約財物採購,空調箱各式過濾網開口供應合約,機械／零組件,氣體產生器;蒸餾設備;冷凍及空調設備;過濾機具,公開決標採購品名,氣體產生器;蒸餾設備;冷凍及空調設備;過濾機具,採購名稱／官方財物次分類／產業分類／Scope 3候選,,範疇3 類別1,空調箱各式過濾網開口供應合約 / 氣體產生器 / 蒸餾設備 / 冷凍及空調設備 / 過濾機具 / 機械設備 / 機械 / 零組件 / 範疇3 類別1,公開資料候選，需人工覆核,來源紀錄ID=BDM-1-70615547；真實公開決標紀錄；標準品名、產業與Scope 3為規則式候選，需人工覆核,機械設備
RP-0150,彈簧栓塞等6項二年單價開口契約,彈簧栓塞等6項二年單價開口契約,醫療用品／藥品,醫藥產品,公開決標採購品名,醫藥產品,採購名稱／官方財物次分類／產業分類／Scope 3候選,,範疇3 類別1,彈簧栓塞等6項二年單價開口契約 / 醫藥產品 / 醫療生技 / 醫療用品 / 藥品 / 範疇3 類別1,公開資料候選，需人工覆核,來源紀錄ID=BDM-1-70615554；真實公開決標紀錄；標準品名、產業與Scope 3為規則式候選，需人工覆核,醫療生技
RP-0151,乘坐駕駛式草坪吸葉機1台,乘坐駕駛式草坪吸葉機1台,機械／零組件,農業或林業機具及其零件,公開決標採購品名,農業或林業機具及其零件,採購名稱／官方財物次分類／產業分類／Scope 3候選,,範疇3 類別1,乘坐駕駛式草坪吸葉機1台 / 農業或林業機具及其零件 / 機械設備 / 機械 / 零組件 / 範疇3 類別1,公開資料候選，需人工覆核,來源紀錄ID=BDM-1-70615558；真實公開決標紀錄；標準品名、產業與Scope 3為規則式候選，需人工覆核,機械設備
RP-0152,台糖咖啡禮盒空禮盒印製增購案,台糖咖啡禮盒空禮盒印製增購案,紙品／印刷／包材,"紙漿,紙及紙產品;印刷品及相關的商品",公開決標採購品名,"紙漿,紙及紙產品;印刷品及相關的商品",採購名稱／官方財物次分類／產業分類／Scope 3候選,,範疇3 類別1,台糖咖啡禮盒空禮盒印製增購案 / 紙漿 / 紙及紙產品 / 印刷品及相關的商品 / 包材印刷 / 紙品 / 印刷 / 包材 / 範疇3 類別1,公開資料候選，需人工覆核,來源紀錄ID=BDM-1-70615561；真實公開決標紀錄；標準品名、產業與Scope 3為規則式候選，需人工覆核,包材印刷
RP-0153,370型電聯車用轉轍鋼輪採購,370型電聯車用轉轍鋼輪採購,金屬／五金,鐵路及電車軌道之機車及其零件,公開決標採購品名,鐵路及電車軌道之機車及其零件,採購名稱／官方財物次分類／產業分類／Scope 3候選,,範疇3 類別1,370型電聯車用轉轍鋼輪採購 / 鐵路及電車軌道之機車及其零件 / 金屬加工 / 金屬 / 五金 / 範疇3 類別1,公開資料候選，需人工覆核,來源紀錄ID=BDM-1-70615571；真實公開決標紀錄；標準品名、產業與Scope 3為規則式候選，需人工覆核,金屬加工
RP-0154,113學年度午餐乳品,113學年度午餐乳品,其他財物,牛奶品,公開決標採購品名,牛奶品,採購名稱／官方財物次分類／產業分類／Scope 3候選,,範疇3 類別1,113學年度午餐乳品 / 牛奶品 / 其他產業 / 其他財物 / 範疇3 類別1,公開資料候選，需人工覆核,來源紀錄ID=BDM-1-70615575；真實公開決標紀錄；標準品名、產業與Scope 3為規則式候選，需人工覆核,其他產業
RP-0155,電燒剪刀絕緣蓋等3項二年單價開口契約,電燒剪刀絕緣蓋等3項二年單價開口契約,醫療用品／藥品,醫藥產品,公開決標採購品名,醫藥產品,採購名稱／官方財物次分類／產業分類／Scope 3候選,,範疇3 類別1,電燒剪刀絕緣蓋等3項二年單價開口契約 / 醫藥產品 / 醫療生技 / 醫療用品 / 藥品 / 範疇3 類別1,公開資料候選，需人工覆核,來源紀錄ID=BDM-1-70615585；真實公開決標紀錄；標準品名、產業與Scope 3為規則式候選，需人工覆核,醫療生技
RP-0156,AI無標記動作擷取分析系統擴充,AI無標記動作擷取分析系統擴充,儀器／光學設備,"光學儀器,攝影設備及其零件與附件",公開決標採購品名,"光學儀器,攝影設備及其零件與附件",採購名稱／官方財物次分類／產業分類／Scope 3候選,,範疇3 類別1,AI無標記動作擷取分析系統擴充 / 光學儀器 / 攝影設備及其零件與附件 / 儀器光電 / 儀器 / 光學設備 / 範疇3 類別1,公開資料候選，需人工覆核,來源紀錄ID=BDM-1-70615592；真實公開決標紀錄；標準品名、產業與Scope 3為規則式候選，需人工覆核,儀器光電
RP-0157,中醫藥品財物採購一批,中醫藥品財物採購,醫療用品／藥品,醫藥產品,公開決標採購品名,醫藥產品,採購名稱／官方財物次分類／產業分類／Scope 3候選,,範疇3 類別1,中醫藥品財物採購 / 醫藥產品 / 醫療生技 / 醫療用品 / 藥品 / 範疇3 類別1,公開資料候選，需人工覆核,來源紀錄ID=BDM-1-70615596；真實公開決標紀錄；標準品名、產業與Scope 3為規則式候選，需人工覆核,醫療生技
RP-0158,傳真機及影印機耗材,傳真機及影印機耗材,其他財物,辦公室及會計機器，其零件及附件,公開決標採購品名,辦公室及會計機器，其零件及附件,採購名稱／官方財物次分類／產業分類／Scope 3候選,,範疇3 類別1,傳真機及影印機耗材 / 辦公室及會計機器 / 其零件及附件 / 其他產業 / 其他財物 / 範疇3 類別1,公開資料候選，需人工覆核,來源紀錄ID=BDM-1-70615599；真實公開決標紀錄；標準品名、產業與Scope 3為規則式候選，需人工覆核,其他產業
RP-0159,生理監視器，攜帶式(生理監視器)等4項,生理監視器，攜帶式(生理監視器)等4項,醫療用品／藥品,"醫療,外科及矯形設備",公開決標採購品名,"醫療,外科及矯形設備",採購名稱／官方財物次分類／產業分類／Scope 3候選,,範疇3 類別1,生理監視器 / 攜帶式(生理監視器)等4項 / 醫療 / 外科及矯形設備 / 醫療生技 / 醫療用品 / 藥品 / 範疇3 類別1,公開資料候選，需人工覆核,來源紀錄ID=BDM-1-70615602；真實公開決標紀錄；標準品名、產業與Scope 3為規則式候選，需人工覆核,醫療生技
RP-0160,奈米流式細胞儀1台,奈米流式細胞儀1台,醫療用品／藥品,"醫療,外科及矯形設備",公開決標採購品名,"醫療,外科及矯形設備",採購名稱／官方財物次分類／產業分類／Scope 3候選,,範疇3 類別1,奈米流式細胞儀1台 / 醫療 / 外科及矯形設備 / 醫療生技 / 醫療用品 / 藥品 / 範疇3 類別1,公開資料候選，需人工覆核,來源紀錄ID=BDM-1-70615628；真實公開決標紀錄；標準品名、產業與Scope 3為規則式候選，需人工覆核,醫療生技
RP-0161,南投縣光榮國小113年度「充實改善視聽教室教學環境設備」採購案,南投縣光榮國小113年度「充實改善視聽教室教學環境設備」,通訊／電子設備,"收音機、電視,通訊器材及儀器",公開決標採購品名,"收音機、電視,通訊器材及儀器",採購名稱／官方財物次分類／產業分類／Scope 3候選,,範疇3 類別1,南投縣光榮國小113年度「充實改善視聽教室教學環境設備」 / 收音機、電視 / 通訊器材及儀器 / 電子通訊 / 通訊 / 電子設備 / 範疇3 類別1,公開資料候選，需人工覆核,來源紀錄ID=BDM-1-70615629；真實公開決標紀錄；標準品名、產業與Scope 3為規則式候選，需人工覆核,電子通訊
RP-0162,113學年度簿本暨美勞教材採購,113學年度簿本暨美勞教材採購,其他財物,其他製造商品,公開決標採購品名,其他製造商品,採購名稱／官方財物次分類／產業分類／Scope 3候選,,範疇3 類別1,113學年度簿本暨美勞教材採購 / 其他製造商品 / 其他產業 / 其他財物 / 範疇3 類別1,公開資料候選，需人工覆核,來源紀錄ID=BDM-1-70615630；真實公開決標紀錄；標準品名、產業與Scope 3為規則式候選，需人工覆核,其他產業
RP-0163,綠光雷射光纖二年單價開口契約,綠光雷射光纖二年單價開口契約,醫療用品／藥品,醫藥產品,公開決標採購品名,醫藥產品,採購名稱／官方財物次分類／產業分類／Scope 3候選,,範疇3 類別1,綠光雷射光纖二年單價開口契約 / 醫藥產品 / 醫療生技 / 醫療用品 / 藥品 / 範疇3 類別1,公開資料候選，需人工覆核,來源紀錄ID=BDM-1-70615640；真實公開決標紀錄；標準品名、產業與Scope 3為規則式候選，需人工覆核,醫療生技
RP-0164,『腹腔鏡沖吸組等4項醫材』2年期單價開口契約,『腹腔鏡沖吸組等4項醫材』2年期單價開口契約,醫療用品／藥品,醫藥產品,公開決標採購品名,醫藥產品,採購名稱／官方財物次分類／產業分類／Scope 3候選,,範疇3 類別1,『腹腔鏡沖吸組等4項醫材』2年期單價開口契約 / 醫藥產品 / 醫療生技 / 醫療用品 / 藥品 / 範疇3 類別1,公開資料候選，需人工覆核,來源紀錄ID=BDM-1-70615641；真實公開決標紀錄；標準品名、產業與Scope 3為規則式候選，需人工覆核,醫療生技
RP-0165,113學年度新生校服財物採購案,113學年度新生校服財物,其他財物,"成衣,毛皮服裝除外",公開決標採購品名,"成衣,毛皮服裝除外",採購名稱／官方財物次分類／產業分類／Scope 3候選,,範疇3 類別1,113學年度新生校服財物 / 成衣 / 毛皮服裝除外 / 其他產業 / 其他財物 / 範疇3 類別1,公開資料候選，需人工覆核,來源紀錄ID=BDM-1-70615653；真實公開決標紀錄；標準品名、產業與Scope 3為規則式候選，需人工覆核,其他產業
RP-0166,台糖高地小農咖啡系列商品委託代工採購,台糖高地小農咖啡系列商品委託代工採購,食品／農產,飲料,公開決標採購品名,飲料,採購名稱／官方財物次分類／產業分類／Scope 3候選,,範疇3 類別1,台糖高地小農咖啡系列商品委託代工採購 / 飲料 / 食品農產 / 食品 / 農產 / 範疇3 類別1,公開資料候選，需人工覆核,來源紀錄ID=BDM-1-70615668；真實公開決標紀錄；標準品名、產業與Scope 3為規則式候選，需人工覆核,食品農產
RP-0167,新北市泰山區泰山國民小學113學年度第1學期代辦學用品（作業簿本、美勞材料）採購案,新北市泰山區泰山國民小學113學年度第1學期代辦學用品（作業簿本、美勞材料）,紙品／印刷／包材,"紙漿,紙及紙產品;印刷品及相關的商品",公開決標採購品名,"紙漿,紙及紙產品;印刷品及相關的商品",採購名稱／官方財物次分類／產業分類／Scope 3候選,,範疇3 類別1,新北市泰山區泰山國民小學113學年度第1學期代辦學用品（作業簿本、美勞材料） / 紙漿 / 紙及紙產品 / 印刷品及相關的商品 / 包材印刷 / 紙品 / 印刷 / 包材 / 範疇3 類別1,公開資料候選，需人工覆核,來源紀錄ID=BDM-1-70615671；真實公開決標紀錄；標準品名、產業與Scope 3為規則式候選，需人工覆核,包材印刷
RP-0168,113學年度師生午餐團膳及幼兒園點心採購,113學年度師生午餐團膳及幼兒園點心採購,食品／農產,"肉類,魚,果實,蔬菜,及油脂",公開決標採購品名,"肉類,魚,果實,蔬菜,及油脂",採購名稱／官方財物次分類／產業分類／Scope 3候選,,範疇3 類別1,113學年度師生午餐團膳及幼兒園點心採購 / 肉類 / 魚 / 果實 / 蔬菜 / 及油脂 / 食品農產 / 食品 / 農產 / 範疇3 類別1,公開資料候選，需人工覆核,來源紀錄ID=BDM-1-70615673；真實公開決標紀錄；標準品名、產業與Scope 3為規則式候選，需人工覆核,食品農產
RP-0169,113學年度漢寶國小、建新國小、草湖國小、草湖國中、幼兒園午餐生鮮食材聯合採購,113學年度漢寶國小、建新國小、草湖國小、草湖國中、幼兒園午餐生鮮食材聯合採購,食品／農產,"肉類,魚,果實,蔬菜,及油脂",公開決標採購品名,"肉類,魚,果實,蔬菜,及油脂",採購名稱／官方財物次分類／產業分類／Scope 3候選,,範疇3 類別1,113學年度漢寶國小、建新國小、草湖國小、草湖國中、幼兒園午餐生鮮食材聯合採購 / 肉類 / 魚 / 果實 / 蔬菜 / 及油脂 / 食品農產 / 食品 / 農產 / 範疇3 類別1,公開資料候選，需人工覆核,來源紀錄ID=BDM-1-70615675；真實公開決標紀錄；標準品名、產業與Scope 3為規則式候選，需人工覆核,食品農產
RP-0170,113學年度學生簿本學用品及美勞教材採購,113學年度學生簿本學用品及美勞教材採購,紙品／印刷／包材,"紙漿,紙及紙產品;印刷品及相關的商品",公開決標採購品名,"紙漿,紙及紙產品;印刷品及相關的商品",採購名稱／官方財物次分類／產業分類／Scope 3候選,,範疇3 類別1,113學年度學生簿本學用品及美勞教材採購 / 紙漿 / 紙及紙產品 / 印刷品及相關的商品 / 包材印刷 / 紙品 / 印刷 / 包材 / 範疇3 類別1,公開資料候選，需人工覆核,來源紀錄ID=BDM-1-70615683；真實公開決標紀錄；標準品名、產業與Scope 3為規則式候選，需人工覆核,包材印刷
RP-0171,113-115年總分院耐籠三維多孔鈦合金椎間融合器(T)單價合約招標案,113-115年總分院耐籠三維多孔鈦合金椎間融合器(T)單價合約招標案,醫療用品／藥品,"醫療,外科及矯形設備",公開決標採購品名,"醫療,外科及矯形設備",採購名稱／官方財物次分類／產業分類／Scope 3候選,,範疇3 類別1,113-115年總分院耐籠三維多孔鈦合金椎間融合器(T)單價合約招標案 / 醫療 / 外科及矯形設備 / 醫療生技 / 醫療用品 / 藥品 / 範疇3 類別1,公開資料候選，需人工覆核,來源紀錄ID=BDM-1-70615685；真實公開決標紀錄；標準品名、產業與Scope 3為規則式候選，需人工覆核,醫療生技
RP-0172,「PACS醫療影像伺服主機」購置案,「PACS醫療影像伺服主機」購置案,醫療用品／藥品,"醫療,外科及矯形設備",公開決標採購品名,"醫療,外科及矯形設備",採購名稱／官方財物次分類／產業分類／Scope 3候選,,範疇3 類別1,「PACS醫療影像伺服主機」購置案 / 醫療 / 外科及矯形設備 / 醫療生技 / 醫療用品 / 藥品 / 範疇3 類別1,公開資料候選，需人工覆核,來源紀錄ID=BDM-1-70615692；真實公開決標紀錄；標準品名、產業與Scope 3為規則式候選，需人工覆核,醫療生技
RP-0173,文化景觀明建新村監視器系統汰換建置及維護開口契約,文化景觀明建新村監視器系統汰換建置及維護開口契約,通訊／電子設備,"收音機、電視,通訊器材及儀器",公開決標採購品名,"收音機、電視,通訊器材及儀器",採購名稱／官方財物次分類／產業分類／Scope 3候選,,範疇3 類別1,文化景觀明建新村監視器系統汰換建置及維護開口契約 / 收音機、電視 / 通訊器材及儀器 / 電子通訊 / 通訊 / 電子設備 / 範疇3 類別1,公開資料候選，需人工覆核,來源紀錄ID=BDM-1-70615694；真實公開決標紀錄；標準品名、產業與Scope 3為規則式候選，需人工覆核,電子通訊
RP-0174,「台糖高雄市鹽埕區大勇路11號4樓部分空間租賃採購案」,「台糖高雄市鹽埕區大勇路11號4樓部分空間租賃採購案」,其他財物,建地及相關土地,公開決標採購品名,建地及相關土地,採購名稱／官方財物次分類／產業分類／Scope 3候選,,範疇3 類別1,「台糖高雄市鹽埕區大勇路11號4樓部分空間租賃採購案」 / 建地及相關土地 / 其他產業 / 其他財物 / 範疇3 類別1,公開資料候選，需人工覆核,來源紀錄ID=BDM-1-70615698；真實公開決標紀錄；標準品名、產業與Scope 3為規則式候選，需人工覆核,其他產業
RP-0175,113年度贓證物品管理智能庫房建置採購案,113年度贓證物品管理智能庫房建置,電力設備／電材,電力傳輸、控制設備及其零件,公開決標採購品名,電力傳輸、控制設備及其零件,採購名稱／官方財物次分類／產業分類／Scope 3候選,,範疇3 類別1,113年度贓證物品管理智能庫房建置 / 電力傳輸、控制設備及其零件 / 電機電控 / 電力設備 / 電材 / 範疇3 類別1,公開資料候選，需人工覆核,來源紀錄ID=BDM-1-70615704；真實公開決標紀錄；標準品名、產業與Scope 3為規則式候選，需人工覆核,電機電控
RP-0176,113年度執行科分離式冷氣額外項採購案,113年度執行科分離式冷氣額外項,其他財物,家用電器及其零件,公開決標採購品名,家用電器及其零件,採購名稱／官方財物次分類／產業分類／Scope 3候選,,範疇3 類別1,113年度執行科分離式冷氣額外項 / 家用電器及其零件 / 其他產業 / 其他財物 / 範疇3 類別1,公開資料候選，需人工覆核,來源紀錄ID=BDM-1-70615708；真實公開決標紀錄；標準品名、產業與Scope 3為規則式候選，需人工覆核,其他產業
RP-0177,113年臺中市第十四屆全市運動大會獎品組採購案,113年臺中市第十四屆全市運動大會獎品組,其他財物,其他製造商品,公開決標採購品名,其他製造商品,採購名稱／官方財物次分類／產業分類／Scope 3候選,,範疇3 類別1,113年臺中市第十四屆全市運動大會獎品組 / 其他製造商品 / 其他產業 / 其他財物 / 範疇3 類別1,公開資料候選，需人工覆核,來源紀錄ID=BDM-1-70615712；真實公開決標紀錄；標準品名、產業與Scope 3為規則式候選，需人工覆核,其他產業
RP-0178,「微區掃描式X光螢光光譜分析儀｣採購案,「微區掃描式X光螢光光譜分析儀｣,儀器／光學設備,"光學儀器,攝影設備及其零件與附件",公開決標採購品名,"光學儀器,攝影設備及其零件與附件",採購名稱／官方財物次分類／產業分類／Scope 3候選,,範疇3 類別1,「微區掃描式X光螢光光譜分析儀｣ / 光學儀器 / 攝影設備及其零件與附件 / 儀器光電 / 儀器 / 光學設備 / 範疇3 類別1,公開資料候選，需人工覆核,來源紀錄ID=BDM-1-70615732；真實公開決標紀錄；標準品名、產業與Scope 3為規則式候選，需人工覆核,儀器光電
RP-0179,Procurementofmedicalequipmentandconsumables,Procurementofmedicalequipmentandconsumables,醫療用品／藥品,醫藥產品,公開決標採購品名,醫藥產品,採購名稱／官方財物次分類／產業分類／Scope 3候選,,範疇3 類別1,Procurementofmedicalequipmentandconsumables / 醫藥產品 / 醫療生技 / 醫療用品 / 藥品 / 範疇3 類別1,公開資料候選，需人工覆核,來源紀錄ID=BDM-1-70615738；真實公開決標紀錄；標準品名、產業與Scope 3為規則式候選，需人工覆核,醫療生技
RP-0180,113學年度附設幼兒園餐點--飲品點心類食材採購,113學年度附設幼兒園餐點--飲品點心類食材採購,食品／農產,"穀粉,澱粉及澱粉製品;其他食品",公開決標採購品名,"穀粉,澱粉及澱粉製品;其他食品",採購名稱／官方財物次分類／產業分類／Scope 3候選,,範疇3 類別1,113學年度附設幼兒園餐點--飲品點心類食材採購 / 穀粉 / 澱粉及澱粉製品 / 其他食品 / 食品農產 / 食品 / 農產 / 範疇3 類別1,公開資料候選，需人工覆核,來源紀錄ID=BDM-1-70615742；真實公開決標紀錄；標準品名、產業與Scope 3為規則式候選，需人工覆核,食品農產
RP-0181,113學年度附設幼兒園餐點--非生鮮食材類食材採購,113學年度附設幼兒園餐點--非生鮮食材類食材採購,食品／農產,"穀粉,澱粉及澱粉製品;其他食品",公開決標採購品名,"穀粉,澱粉及澱粉製品;其他食品",採購名稱／官方財物次分類／產業分類／Scope 3候選,,範疇3 類別1,113學年度附設幼兒園餐點--非生鮮食材類食材採購 / 穀粉 / 澱粉及澱粉製品 / 其他食品 / 食品農產 / 食品 / 農產 / 範疇3 類別1,公開資料候選，需人工覆核,來源紀錄ID=BDM-1-70615743；真實公開決標紀錄；標準品名、產業與Scope 3為規則式候選，需人工覆核,食品農產
RP-0182,10M3/h天然氣微電腦膜式氣量計300PC,10M3/h天然氣微電腦膜式氣量計300PC,資訊設備／軟體,做為測量、檢查、航行及其他目的用之儀器和裝置，除光學儀器;工業程序控制設備;上述各項之零件及附件,公開決標採購品名,做為測量、檢查、航行及其他目的用之儀器和裝置，除光學儀器;工業程序控制設備;上述各項之零件及附件,採購名稱／官方財物次分類／產業分類／Scope 3候選,,範疇3 類別1,10M3/h天然氣微電腦膜式氣量計300PC / 做為測量、檢查、航行及其他目的用之儀器和裝置 / 除光學儀器 / 工業程序控制設備 / 上述各項之零件及附件 / 資訊電子 / 資訊設備 / 軟體 / 範疇3 類別1,公開資料候選，需人工覆核,來源紀錄ID=BDM-1-70615748；真實公開決標紀錄；標準品名、產業與Scope 3為規則式候選，需人工覆核,資訊電子
RP-0183,113年統一發票推行暨「行動e報稅好禮相送」租稅宣導活動電子禮券(購物金)採購案,113年統一發票推行暨「行動e報稅好禮相送」租稅宣導活動電子禮券(購物金),紙品／印刷／包材,"紙漿,紙及紙產品;印刷品及相關的商品",公開決標採購品名,"紙漿,紙及紙產品;印刷品及相關的商品",採購名稱／官方財物次分類／產業分類／Scope 3候選,,範疇3 類別1,113年統一發票推行暨「行動e報稅好禮相送」租稅宣導活動電子禮券(購物金) / 紙漿 / 紙及紙產品 / 印刷品及相關的商品 / 包材印刷 / 紙品 / 印刷 / 包材 / 範疇3 類別1,公開資料候選，需人工覆核,來源紀錄ID=BDM-1-70615758；真實公開決標紀錄；標準品名、產業與Scope 3為規則式候選，需人工覆核,包材印刷
RP-0184,113年大尺寸觸控式顯示器及黑板設備採購案,113年大尺寸觸控式顯示器及黑板設備,通訊／電子設備,"收音機、電視,通訊器材及儀器",公開決標採購品名,"收音機、電視,通訊器材及儀器",採購名稱／官方財物次分類／產業分類／Scope 3候選,,範疇3 類別1,113年大尺寸觸控式顯示器及黑板設備 / 收音機、電視 / 通訊器材及儀器 / 電子通訊 / 通訊 / 電子設備 / 範疇3 類別1,公開資料候選，需人工覆核,來源紀錄ID=BDM-1-70615761；真實公開決標紀錄；標準品名、產業與Scope 3為規則式候選，需人工覆核,電子通訊
RP-0185,骨科踝關節髓內釘系統採購案,骨科踝關節髓內釘系統,醫療用品／藥品,"醫療,外科及矯形設備",公開決標採購品名,"醫療,外科及矯形設備",採購名稱／官方財物次分類／產業分類／Scope 3候選,,範疇3 類別1,骨科踝關節髓內釘系統 / 醫療 / 外科及矯形設備 / 醫療生技 / 醫療用品 / 藥品 / 範疇3 類別1,公開資料候選，需人工覆核,來源紀錄ID=BDM-1-70615774；真實公開決標紀錄；標準品名、產業與Scope 3為規則式候選，需人工覆核,醫療生技
RP-0186,113學年度學校午餐外訂桶餐採購案,113學年度學校午餐外訂桶餐,食品／農產,"穀粉,澱粉及澱粉製品;其他食品",公開決標採購品名,"穀粉,澱粉及澱粉製品;其他食品",採購名稱／官方財物次分類／產業分類／Scope 3候選,,範疇3 類別1,113學年度學校午餐外訂桶餐 / 穀粉 / 澱粉及澱粉製品 / 其他食品 / 食品農產 / 食品 / 農產 / 範疇3 類別1,公開資料候選，需人工覆核,來源紀錄ID=BDM-1-70615779；真實公開決標紀錄；標準品名、產業與Scope 3為規則式候選，需人工覆核,食品農產
RP-0187,非聯標衛材9項採購案,非聯標衛材9項,醫療用品／藥品,"醫療,外科及矯形設備",公開決標採購品名,"醫療,外科及矯形設備",採購名稱／官方財物次分類／產業分類／Scope 3候選,,範疇3 類別1,非聯標衛材9項 / 醫療 / 外科及矯形設備 / 醫療生技 / 醫療用品 / 藥品 / 範疇3 類別1,公開資料候選，需人工覆核,來源紀錄ID=BDM-1-70615788；真實公開決標紀錄；標準品名、產業與Scope 3為規則式候選，需人工覆核,醫療生技
RP-0188,全自動注射藥配藥分包機等2項,全自動注射藥配藥分包機等2項,醫療用品／藥品,"醫療,外科及矯形設備",公開決標採購品名,"醫療,外科及矯形設備",採購名稱／官方財物次分類／產業分類／Scope 3候選,,範疇3 類別1,全自動注射藥配藥分包機等2項 / 醫療 / 外科及矯形設備 / 醫療生技 / 醫療用品 / 藥品 / 範疇3 類別1,公開資料候選，需人工覆核,來源紀錄ID=BDM-1-70615792；真實公開決標紀錄；標準品名、產業與Scope 3為規則式候選，需人工覆核,醫療生技
RP-0189,113學年度六年級畢業紀念冊,113學年度六年級畢業紀念冊,紙品／印刷／包材,"紙漿,紙及紙產品;印刷品及相關的商品",公開決標採購品名,"紙漿,紙及紙產品;印刷品及相關的商品",採購名稱／官方財物次分類／產業分類／Scope 3候選,,範疇3 類別1,113學年度六年級畢業紀念冊 / 紙漿 / 紙及紙產品 / 印刷品及相關的商品 / 包材印刷 / 紙品 / 印刷 / 包材 / 範疇3 類別1,公開資料候選，需人工覆核,來源紀錄ID=BDM-1-70615799；真實公開決標紀錄；標準品名、產業與Scope 3為規則式候選，需人工覆核,包材印刷
RP-0190,氣柱,氣柱,醫療用品／藥品,"醫療,外科及矯形設備",公開決標採購品名,"醫療,外科及矯形設備",採購名稱／官方財物次分類／產業分類／Scope 3候選,,範疇3 類別1,氣柱 / 醫療 / 外科及矯形設備 / 醫療生技 / 醫療用品 / 藥品 / 範疇3 類別1,公開資料候選，需人工覆核,來源紀錄ID=BDM-1-70615804；真實公開決標紀錄；標準品名、產業與Scope 3為規則式候選，需人工覆核,醫療生技
RP-0191,藥袋印表機墨水匣一批後續擴充,藥袋印表機墨水匣一批後續擴充,資訊設備／軟體,辦公室及會計機器，其零件及附件,公開決標採購品名,辦公室及會計機器，其零件及附件,採購名稱／官方財物次分類／產業分類／Scope 3候選,,範疇3 類別1,藥袋印表機墨水匣一批後續擴充 / 辦公室及會計機器 / 其零件及附件 / 資訊電子 / 資訊設備 / 軟體 / 範疇3 類別1,公開資料候選，需人工覆核,來源紀錄ID=BDM-1-70615814；真實公開決標紀錄；標準品名、產業與Scope 3為規則式候選，需人工覆核,資訊電子
RP-0192,新竹縣安興國小113學年度非審訂本教科書(本土語及國際教育)財物採購,新竹縣安興國小113學年度非審訂本教科書(本土語及國際教育),紙品／印刷／包材,"紙漿,紙及紙產品;印刷品及相關的商品",公開決標採購品名,"紙漿,紙及紙產品;印刷品及相關的商品",採購名稱／官方財物次分類／產業分類／Scope 3候選,,範疇3 類別1,新竹縣安興國小113學年度非審訂本教科書(本土語及國際教育) / 紙漿 / 紙及紙產品 / 印刷品及相關的商品 / 包材印刷 / 紙品 / 印刷 / 包材 / 範疇3 類別1,公開資料候選，需人工覆核,來源紀錄ID=BDM-1-70615817；真實公開決標紀錄；標準品名、產業與Scope 3為規則式候選，需人工覆核,包材印刷
RP-0193,113年度汽車科協辦54屆全國技能競賽汽車技術職種材料機具場地整備採購案,113年度汽車科協辦54屆全國技能競賽汽車技術職種材料機具場地整備,機械／零組件,"機動車,拖車,半拖車;車輛機件",公開決標採購品名,"機動車,拖車,半拖車;車輛機件",採購名稱／官方財物次分類／產業分類／Scope 3候選,,範疇3 類別1,113年度汽車科協辦54屆全國技能競賽汽車技術職種材料機具場地整備 / 機動車 / 拖車 / 半拖車 / 車輛機件 / 機械設備 / 機械 / 零組件 / 範疇3 類別1,公開資料候選，需人工覆核,來源紀錄ID=BDM-1-70615824；真實公開決標紀錄；標準品名、產業與Scope 3為規則式候選，需人工覆核,機械設備
RP-0194,69kVPEAMJ2型鐵柱一批,69kVPEAMJ2型鐵柱,電力設備／電材,電力傳輸、控制設備及其零件,公開決標採購品名,電力傳輸、控制設備及其零件,採購名稱／官方財物次分類／產業分類／Scope 3候選,,範疇3 類別1,69kVPEAMJ2型鐵柱 / 電力傳輸、控制設備及其零件 / 電機電控 / 電力設備 / 電材 / 範疇3 類別1,公開資料候選，需人工覆核,來源紀錄ID=BDM-1-70615828；真實公開決標紀錄；標準品名、產業與Scope 3為規則式候選，需人工覆核,電機電控
RP-0195,113年度安全鞋,113年度安全鞋,家具／紡織用品,"皮革與皮革品,鞋靴",公開決標採購品名,"皮革與皮革品,鞋靴",採購名稱／官方財物次分類／產業分類／Scope 3候選,,範疇3 類別1,113年度安全鞋 / 皮革與皮革品 / 鞋靴 / 民生製造 / 家具 / 紡織用品 / 範疇3 類別1,公開資料候選，需人工覆核,來源紀錄ID=BDM-1-70615852；真實公開決標紀錄；標準品名、產業與Scope 3為規則式候選，需人工覆核,民生製造
RP-0196,膳食補充食品2項(113),膳食補充食品2項,食品／農產,"穀粉,澱粉及澱粉製品;其他食品",公開決標採購品名,"穀粉,澱粉及澱粉製品;其他食品",採購名稱／官方財物次分類／產業分類／Scope 3候選,,範疇3 類別1,膳食補充食品2項 / 穀粉 / 澱粉及澱粉製品 / 其他食品 / 食品農產 / 食品 / 農產 / 範疇3 類別1,公開資料候選，需人工覆核,來源紀錄ID=BDM-1-70615865；真實公開決標紀錄；標準品名、產業與Scope 3為規則式候選，需人工覆核,食品農產
RP-0197,一般教室視聽設備,一般教室視聽設備,資訊設備／軟體,計算機及其零件與配件,公開決標採購品名,計算機及其零件與配件,採購名稱／官方財物次分類／產業分類／Scope 3候選,,範疇3 類別1,一般教室視聽設備 / 計算機及其零件與配件 / 資訊電子 / 資訊設備 / 軟體 / 範疇3 類別1,公開資料候選，需人工覆核,來源紀錄ID=BDM-1-70615867；真實公開決標紀錄；標準品名、產業與Scope 3為規則式候選，需人工覆核,資訊電子
RP-0198,69kV鐵柱防墜裝置等一批,69kV鐵柱防墜裝置等,電力設備／電材,電力傳輸、控制設備及其零件,公開決標採購品名,電力傳輸、控制設備及其零件,採購名稱／官方財物次分類／產業分類／Scope 3候選,,範疇3 類別1,69kV鐵柱防墜裝置等 / 電力傳輸、控制設備及其零件 / 電機電控 / 電力設備 / 電材 / 範疇3 類別1,公開資料候選，需人工覆核,來源紀錄ID=BDM-1-70615872；真實公開決標紀錄；標準品名、產業與Scope 3為規則式候選，需人工覆核,電機電控
RP-0199,醫療儀器設備等4項,醫療儀器設備等4項,醫療用品／藥品,"醫療,外科及矯形設備",公開決標採購品名,"醫療,外科及矯形設備",採購名稱／官方財物次分類／產業分類／Scope 3候選,,範疇3 類別1,醫療儀器設備等4項 / 醫療 / 外科及矯形設備 / 醫療生技 / 醫療用品 / 藥品 / 範疇3 類別1,公開資料候選，需人工覆核,來源紀錄ID=BDM-1-70615874；真實公開決標紀錄；標準品名、產業與Scope 3為規則式候選，需人工覆核,醫療生技
RP-0200,鼻甲雙極射頻治療探針等12項單價開口契約,鼻甲雙極射頻治療探針等12項單價開口契約,醫療用品／藥品,醫藥產品,公開決標採購品名,醫藥產品,採購名稱／官方財物次分類／產業分類／Scope 3候選,,範疇3 類別1,鼻甲雙極射頻治療探針等12項單價開口契約 / 醫藥產品 / 醫療生技 / 醫療用品 / 藥品 / 範疇3 類別1,公開資料候選，需人工覆核,來源紀錄ID=BDM-1-70615886；真實公開決標紀錄；標準品名、產業與Scope 3為規則式候選，需人工覆核,醫療生技
RP-0201,200及300人教室視聽設備,200及300人教室視聽設備,資訊設備／軟體,計算機及其零件與配件,公開決標採購品名,計算機及其零件與配件,採購名稱／官方財物次分類／產業分類／Scope 3候選,,範疇3 類別1,200及300人教室視聽設備 / 計算機及其零件與配件 / 資訊電子 / 資訊設備 / 軟體 / 範疇3 類別1,公開資料候選，需人工覆核,來源紀錄ID=BDM-1-70615891；真實公開決標紀錄；標準品名、產業與Scope 3為規則式候選，需人工覆核,資訊電子
RP-0202,輸電線路用鐵柱委外加工及爬梯增設等一批,輸電線路用鐵柱委外加工及爬梯增設等,電力設備／電材,電力傳輸、控制設備及其零件,公開決標採購品名,電力傳輸、控制設備及其零件,採購名稱／官方財物次分類／產業分類／Scope 3候選,,範疇3 類別1,輸電線路用鐵柱委外加工及爬梯增設等 / 電力傳輸、控制設備及其零件 / 電機電控 / 電力設備 / 電材 / 範疇3 類別1,公開資料候選，需人工覆核,來源紀錄ID=BDM-1-70615899；真實公開決標紀錄；標準品名、產業與Scope 3為規則式候選，需人工覆核,電機電控
RP-0203,視聽教學環境硬體設施改善-桌上型電腦及螢幕,視聽教學環境硬體設施改善-桌上型電腦及螢幕,資訊設備／軟體,計算機及其零件與配件,公開決標採購品名,計算機及其零件與配件,採購名稱／官方財物次分類／產業分類／Scope 3候選,,範疇3 類別1,視聽教學環境硬體設施改善-桌上型電腦及螢幕 / 計算機及其零件與配件 / 資訊電子 / 資訊設備 / 軟體 / 範疇3 類別1,公開資料候選，需人工覆核,來源紀錄ID=BDM-1-70615903；真實公開決標紀錄；標準品名、產業與Scope 3為規則式候選，需人工覆核,資訊電子
RP-0204,113塔二期引擎機組曲軸配件採購,113塔二期引擎機組曲軸配件採購,機械／零組件,"引擎,渦輪及其零件",公開決標採購品名,"引擎,渦輪及其零件",採購名稱／官方財物次分類／產業分類／Scope 3候選,,範疇3 類別1,113塔二期引擎機組曲軸配件採購 / 引擎 / 渦輪及其零件 / 機械設備 / 機械 / 零組件 / 範疇3 類別1,公開資料候選，需人工覆核,來源紀錄ID=BDM-1-70615917；真實公開決標紀錄；標準品名、產業與Scope 3為規則式候選，需人工覆核,機械設備
RP-0205,"紅色調版紙1,540令","紅色調版紙1,540令",紙品／印刷／包材,"紙漿,紙及紙產品;印刷品及相關的商品",公開決標採購品名,"紙漿,紙及紙產品;印刷品及相關的商品",採購名稱／官方財物次分類／產業分類／Scope 3候選,,範疇3 類別1,紅色調版紙1 / 540令 / 紙漿 / 紙及紙產品 / 印刷品及相關的商品 / 包材印刷 / 紙品 / 印刷 / 包材 / 範疇3 類別1,公開資料候選，需人工覆核,來源紀錄ID=BDM-1-70615920；真實公開決標紀錄；標準品名、產業與Scope 3為規則式候選，需人工覆核,包材印刷
RP-0206,113年度防蚊液採購,113年度防蚊液採購,醫療用品／藥品,醫藥產品,公開決標採購品名,醫藥產品,採購名稱／官方財物次分類／產業分類／Scope 3候選,,範疇3 類別1,113年度防蚊液採購 / 醫藥產品 / 醫療生技 / 醫療用品 / 藥品 / 範疇3 類別1,公開資料候選，需人工覆核,來源紀錄ID=BDM-1-70615922；真實公開決標紀錄；標準品名、產業與Scope 3為規則式候選，需人工覆核,醫療生技
RP-0207,EMU800型用密封等4項,EMU800型用密封等4項,其他財物,鐵路及電車軌道之機車及其零件,公開決標採購品名,鐵路及電車軌道之機車及其零件,採購名稱／官方財物次分類／產業分類／Scope 3候選,,範疇3 類別1,EMU800型用密封等4項 / 鐵路及電車軌道之機車及其零件 / 其他產業 / 其他財物 / 範疇3 類別1,公開資料候選，需人工覆核,來源紀錄ID=BDM-1-70615931；真實公開決標紀錄；標準品名、產業與Scope 3為規則式候選，需人工覆核,其他產業
RP-0208,113學年度學校午餐外訂桶餐/餐盒採購案,113學年度學校午餐外訂桶餐/餐盒,食品／農產,"穀粉,澱粉及澱粉製品;其他食品",公開決標採購品名,"穀粉,澱粉及澱粉製品;其他食品",採購名稱／官方財物次分類／產業分類／Scope 3候選,,範疇3 類別1,113學年度學校午餐外訂桶餐/餐盒 / 穀粉 / 澱粉及澱粉製品 / 其他食品 / 食品農產 / 食品 / 農產 / 範疇3 類別1,公開資料候選，需人工覆核,來源紀錄ID=BDM-1-70615932；真實公開決標紀錄；標準品名、產業與Scope 3為規則式候選，需人工覆核,食品農產
RP-0209,高壓電纜故障探測器及掃描指示信號產生器,高壓電纜故障探測器及掃描指示信號產生器,電力設備／電材,做為測量、檢查、航行及其他目的用之儀器和裝置，除光學儀器;工業程序控制設備;上述各項之零件及附件,公開決標採購品名,做為測量、檢查、航行及其他目的用之儀器和裝置，除光學儀器;工業程序控制設備;上述各項之零件及附件,採購名稱／官方財物次分類／產業分類／Scope 3候選,,範疇3 類別1,高壓電纜故障探測器及掃描指示信號產生器 / 做為測量、檢查、航行及其他目的用之儀器和裝置 / 除光學儀器 / 工業程序控制設備 / 上述各項之零件及附件 / 電機電控 / 電力設備 / 電材 / 範疇3 類別1,公開資料候選，需人工覆核,來源紀錄ID=BDM-1-70615949；真實公開決標紀錄；標準品名、產業與Scope 3為規則式候選，需人工覆核,電機電控
RP-0210,網路交換器與無線網路設備汰舊換新採購案(113),網路交換器與無線網路設備汰舊換新,電力設備／電材,電力傳輸、控制設備及其零件,公開決標採購品名,電力傳輸、控制設備及其零件,採購名稱／官方財物次分類／產業分類／Scope 3候選,,範疇3 類別1,網路交換器與無線網路設備汰舊換新 / 電力傳輸、控制設備及其零件 / 電機電控 / 電力設備 / 電材 / 範疇3 類別1,公開資料候選，需人工覆核,來源紀錄ID=BDM-1-70615958；真實公開決標紀錄；標準品名、產業與Scope 3為規則式候選，需人工覆核,電機電控
RP-0211,32項藥品單價開口契約,32項藥品單價開口契約,醫療用品／藥品,醫藥產品,公開決標採購品名,醫藥產品,採購名稱／官方財物次分類／產業分類／Scope 3候選,,範疇3 類別1,32項藥品單價開口契約 / 醫藥產品 / 醫療生技 / 醫療用品 / 藥品 / 範疇3 類別1,公開資料候選，需人工覆核,來源紀錄ID=BDM-1-70615968；真實公開決標紀錄；標準品名、產業與Scope 3為規則式候選，需人工覆核,醫療生技
RP-0212,鴻運油輪離心式泵浦配件,鴻運油輪離心式泵浦配件,車輛／運輸設備,船舶,公開決標採購品名,船舶,採購名稱／官方財物次分類／產業分類／Scope 3候選,,範疇3 類別1,鴻運油輪離心式泵浦配件 / 船舶 / 運輸設備 / 車輛 / 範疇3 類別1,公開資料候選，需人工覆核,來源紀錄ID=BDM-1-70615970；真實公開決標紀錄；標準品名、產業與Scope 3為規則式候選，需人工覆核,運輸設備
RP-0213,「骨幹網路威脅分析資料暨場域資料封存架構建置」採購案,「骨幹網路威脅分析資料暨場域資料封存架構建置」,資訊設備／軟體,計算機及其零件與配件,公開決標採購品名,計算機及其零件與配件,採購名稱／官方財物次分類／產業分類／Scope 3候選,,範疇3 類別1,「骨幹網路威脅分析資料暨場域資料封存架構建置」 / 計算機及其零件與配件 / 資訊電子 / 資訊設備 / 軟體 / 範疇3 類別1,公開資料候選，需人工覆核,來源紀錄ID=BDM-1-70615972；真實公開決標紀錄；標準品名、產業與Scope 3為規則式候選，需人工覆核,資訊電子
RP-0214,組織研磨機壹組,組織研磨機壹組,醫療用品／藥品,"醫療,外科及矯形設備",公開決標採購品名,"醫療,外科及矯形設備",採購名稱／官方財物次分類／產業分類／Scope 3候選,,範疇3 類別1,組織研磨機壹組 / 醫療 / 外科及矯形設備 / 醫療生技 / 醫療用品 / 藥品 / 範疇3 類別1,公開資料候選，需人工覆核,來源紀錄ID=BDM-1-70615973；真實公開決標紀錄；標準品名、產業與Scope 3為規則式候選，需人工覆核,醫療生技
RP-0215,『高功率綠光雷射系統壹項醫材』2年期單價開口契約,『高功率綠光雷射系統壹項醫材』2年期單價開口契約,醫療用品／藥品,醫藥產品,公開決標採購品名,醫藥產品,採購名稱／官方財物次分類／產業分類／Scope 3候選,,範疇3 類別1,『高功率綠光雷射系統壹項醫材』2年期單價開口契約 / 醫藥產品 / 醫療生技 / 醫療用品 / 藥品 / 範疇3 類別1,公開資料候選，需人工覆核,來源紀錄ID=BDM-1-70615975；真實公開決標紀錄；標準品名、產業與Scope 3為規則式候選，需人工覆核,醫療生技
RP-0216,電動沙發椅12EA,電動沙發椅12EA,其他財物,傢具,公開決標採購品名,傢具,採購名稱／官方財物次分類／產業分類／Scope 3候選,,範疇3 類別1,電動沙發椅12EA / 傢具 / 其他產業 / 其他財物 / 範疇3 類別1,公開資料候選，需人工覆核,來源紀錄ID=BDM-1-70615986；真實公開決標紀錄；標準品名、產業與Scope 3為規則式候選，需人工覆核,其他產業
RP-0217,113年五股、泰山職訓場冷氣新增及汰換,113年五股、泰山職訓場冷氣新增及汰換,機械／零組件,氣體產生器;蒸餾設備;冷凍及空調設備;過濾機具,公開決標採購品名,氣體產生器;蒸餾設備;冷凍及空調設備;過濾機具,採購名稱／官方財物次分類／產業分類／Scope 3候選,,範疇3 類別1,113年五股、泰山職訓場冷氣新增及汰換 / 氣體產生器 / 蒸餾設備 / 冷凍及空調設備 / 過濾機具 / 機械設備 / 機械 / 零組件 / 範疇3 類別1,公開資料候選，需人工覆核,來源紀錄ID=BDM-1-70615988；真實公開決標紀錄；標準品名、產業與Scope 3為規則式候選，需人工覆核,機械設備
RP-0218,本局113年度為充實本局及各分局鑑識設備購置「單眼數位相機」採購案,本局113年度為充實本局及各分局鑑識設備購置「單眼數位相機」,儀器／光學設備,"光學儀器,攝影設備及其零件與附件",公開決標採購品名,"光學儀器,攝影設備及其零件與附件",採購名稱／官方財物次分類／產業分類／Scope 3候選,,範疇3 類別1,本局113年度為充實本局及各分局鑑識設備購置「單眼數位相機」 / 光學儀器 / 攝影設備及其零件與附件 / 儀器光電 / 儀器 / 光學設備 / 範疇3 類別1,公開資料候選，需人工覆核,來源紀錄ID=BDM-1-70615998；真實公開決標紀錄；標準品名、產業與Scope 3為規則式候選，需人工覆核,儀器光電
RP-0219,鴻運、盛運、華運及通運油輪離心式泵浦配件(113年),鴻運、盛運、華運及通運油輪離心式泵浦配件,車輛／運輸設備,船舶,公開決標採購品名,船舶,採購名稱／官方財物次分類／產業分類／Scope 3候選,,範疇3 類別1,鴻運、盛運、華運及通運油輪離心式泵浦配件 / 船舶 / 運輸設備 / 車輛 / 範疇3 類別1,公開資料候選，需人工覆核,來源紀錄ID=BDM-1-70616006；真實公開決標紀錄；標準品名、產業與Scope 3為規則式候選，需人工覆核,運輸設備
RP-0220,號誌LED紅色燈板及控制電路板採購,號誌LED紅色燈板及控制電路板採購,其他財物,鐵路及電車軌道之機車及其零件,公開決標採購品名,鐵路及電車軌道之機車及其零件,採購名稱／官方財物次分類／產業分類／Scope 3候選,,範疇3 類別1,號誌LED紅色燈板及控制電路板採購 / 鐵路及電車軌道之機車及其零件 / 其他產業 / 其他財物 / 範疇3 類別1,公開資料候選，需人工覆核,來源紀錄ID=BDM-1-70616008；真實公開決標紀錄；標準品名、產業與Scope 3為規則式候選，需人工覆核,其他產業
RP-0221,導線等6項二年期單價開口契約,導線等6項二年期單價開口契約,醫療用品／藥品,醫藥產品,公開決標採購品名,醫藥產品,採購名稱／官方財物次分類／產業分類／Scope 3候選,,範疇3 類別1,導線等6項二年期單價開口契約 / 醫藥產品 / 醫療生技 / 醫療用品 / 藥品 / 範疇3 類別1,公開資料候選，需人工覆核,來源紀錄ID=BDM-1-70616010；真實公開決標紀錄；標準品名、產業與Scope 3為規則式候選，需人工覆核,醫療生技
RP-0222,台糖4合1火鍋餃系列商品採購契約,台糖4合1火鍋餃系列商品採購契約,食品／農產,"穀粉,澱粉及澱粉製品;其他食品",公開決標採購品名,"穀粉,澱粉及澱粉製品;其他食品",採購名稱／官方財物次分類／產業分類／Scope 3候選,,範疇3 類別1,台糖4合1火鍋餃系列商品採購契約 / 穀粉 / 澱粉及澱粉製品 / 其他食品 / 食品農產 / 食品 / 農產 / 範疇3 類別1,公開資料候選，需人工覆核,來源紀錄ID=BDM-1-70616015；真實公開決標紀錄；標準品名、產業與Scope 3為規則式候選，需人工覆核,食品農產
RP-0223,泵室循環水泵泵軸及設備配件一批,泵室循環水泵泵軸及設備配件,電力設備／電材,其他電力設備及零件,公開決標採購品名,其他電力設備及零件,採購名稱／官方財物次分類／產業分類／Scope 3候選,,範疇3 類別1,泵室循環水泵泵軸及設備配件 / 其他電力設備及零件 / 電機電控 / 電力設備 / 電材 / 範疇3 類別1,公開資料候選，需人工覆核,來源紀錄ID=BDM-1-70616019；真實公開決標紀錄；標準品名、產業與Scope 3為規則式候選，需人工覆核,電機電控
RP-0224,臺中市太平區中華國小113學年度學童午餐食材採購,臺中市太平區中華國小113學年度學童午餐食材採購,食品／農產,"肉類,魚,果實,蔬菜,及油脂",公開決標採購品名,"肉類,魚,果實,蔬菜,及油脂",採購名稱／官方財物次分類／產業分類／Scope 3候選,,範疇3 類別1,臺中市太平區中華國小113學年度學童午餐食材採購 / 肉類 / 魚 / 果實 / 蔬菜 / 及油脂 / 食品農產 / 食品 / 農產 / 範疇3 類別1,公開資料候選，需人工覆核,來源紀錄ID=BDM-1-70616037；真實公開決標紀錄；標準品名、產業與Scope 3為規則式候選，需人工覆核,食品農產
RP-0225,113學年度雲林、中和國小二校學生午餐供應副食品、幼兒園及學前班點心聯合供應採購公開評選,113學年度雲林、中和國小二校學生午餐供應副食品、幼兒園及學前班點心聯合供應採購公開評選,食品／農產,"肉類,魚,果實,蔬菜,及油脂",公開決標採購品名,"肉類,魚,果實,蔬菜,及油脂",採購名稱／官方財物次分類／產業分類／Scope 3候選,,範疇3 類別1,113學年度雲林、中和國小二校學生午餐供應副食品、幼兒園及學前班點心聯合供應採購公開評選 / 肉類 / 魚 / 果實 / 蔬菜 / 及油脂 / 食品農產 / 食品 / 農產 / 範疇3 類別1,公開資料候選，需人工覆核,來源紀錄ID=BDM-1-70616045；真實公開決標紀錄；標準品名、產業與Scope 3為規則式候選，需人工覆核,食品農產
RP-0226,數位化基因偵測儀1台採購案,數位化基因偵測儀1台,儀器／光學設備,做為測量、檢查、航行及其他目的用之儀器和裝置，除光學儀器;工業程序控制設備;上述各項之零件及附件,公開決標採購品名,做為測量、檢查、航行及其他目的用之儀器和裝置，除光學儀器;工業程序控制設備;上述各項之零件及附件,採購名稱／官方財物次分類／產業分類／Scope 3候選,,範疇3 類別1,數位化基因偵測儀1台 / 做為測量、檢查、航行及其他目的用之儀器和裝置 / 除光學儀器 / 工業程序控制設備 / 上述各項之零件及附件 / 儀器光電 / 儀器 / 光學設備 / 範疇3 類別1,公開資料候選，需人工覆核,來源紀錄ID=BDM-1-70616056；真實公開決標紀錄；標準品名、產業與Scope 3為規則式候選，需人工覆核,儀器光電
RP-0227,大林廠RFCC工場PT-5700透平機配件(廠牌：SiemensEnergy)一批,大林廠RFCC工場PT-5700透平機配件(廠牌：SiemensEnergy),機械／零組件,"幫浦,壓縮機,液壓與氣動引擎,閥門及其零件",公開決標採購品名,"幫浦,壓縮機,液壓與氣動引擎,閥門及其零件",採購名稱／官方財物次分類／產業分類／Scope 3候選,,範疇3 類別1,大林廠RFCC工場PT-5700透平機配件(廠牌：SiemensEnergy) / 幫浦 / 壓縮機 / 液壓與氣動引擎 / 閥門及其零件 / 機械設備 / 機械 / 零組件 / 範疇3 類別1,公開資料候選，需人工覆核,來源紀錄ID=BDM-1-70616060；真實公開決標紀錄；標準品名、產業與Scope 3為規則式候選，需人工覆核,機械設備
RP-0228,低碳輔助⽣質能之分離設備平台及其附屬設施,低碳輔助⽣質能之分離設備平台及其附屬設施,機械／零組件,其他特殊用途之機具及其零件,公開決標採購品名,其他特殊用途之機具及其零件,採購名稱／官方財物次分類／產業分類／Scope 3候選,,範疇3 類別1,低碳輔助⽣質能之分離設備平台及其附屬設施 / 其他特殊用途之機具及其零件 / 機械設備 / 機械 / 零組件 / 範疇3 類別1,公開資料候選，需人工覆核,來源紀錄ID=BDM-1-70616066；真實公開決標紀錄；標準品名、產業與Scope 3為規則式候選，需人工覆核,機械設備
RP-0229,臺中市立光明國中113學年度學校午餐公辦民營採購,臺中市立光明國中113學年度學校午餐公辦民營採購,食品／農產,"肉類,魚,果實,蔬菜,及油脂",公開決標採購品名,"肉類,魚,果實,蔬菜,及油脂",採購名稱／官方財物次分類／產業分類／Scope 3候選,,範疇3 類別1,臺中市立光明國中113學年度學校午餐公辦民營採購 / 肉類 / 魚 / 果實 / 蔬菜 / 及油脂 / 食品農產 / 食品 / 農產 / 範疇3 類別1,公開資料候選，需人工覆核,來源紀錄ID=BDM-1-70616072；真實公開決標紀錄；標準品名、產業與Scope 3為規則式候選，需人工覆核,食品農產
RP-0230,112學年度充實資訊學習教學設備計畫-觸控電視財物採購案,112學年度充實資訊學習教學設備計畫-觸控電視財物,資訊設備／軟體,"收音機、電視,通訊器材及儀器",公開決標採購品名,"收音機、電視,通訊器材及儀器",採購名稱／官方財物次分類／產業分類／Scope 3候選,,範疇3 類別1,112學年度充實資訊學習教學設備計畫-觸控電視財物 / 收音機、電視 / 通訊器材及儀器 / 資訊電子 / 資訊設備 / 軟體 / 範疇3 類別1,公開資料候選，需人工覆核,來源紀錄ID=BDM-1-70616078；真實公開決標紀錄；標準品名、產業與Scope 3為規則式候選，需人工覆核,資訊電子
RP-0231,化學試藥(後續擴充),化學試藥(後續擴充),化學品／塑橡膠,基本化學產品,公開決標採購品名,基本化學產品,採購名稱／官方財物次分類／產業分類／Scope 3候選,,範疇3 類別1,化學試藥(後續擴充) / 基本化學產品 / 化工塑橡膠 / 化學品 / 塑橡膠 / 範疇3 類別1,公開資料候選，需人工覆核,來源紀錄ID=BDM-1-70616095；真實公開決標紀錄；標準品名、產業與Scope 3為規則式候選，需人工覆核,化工塑橡膠
RP-0232,"台酒啤酒酵母鮮蔬脆片8,000盒議價案","台酒啤酒酵母鮮蔬脆片8,000盒議價案",食品／農產,"穀粉,澱粉及澱粉製品;其他食品",公開決標採購品名,"穀粉,澱粉及澱粉製品;其他食品",採購名稱／官方財物次分類／產業分類／Scope 3候選,,範疇3 類別1,台酒啤酒酵母鮮蔬脆片8 / 000盒議價案 / 穀粉 / 澱粉及澱粉製品 / 其他食品 / 食品農產 / 食品 / 農產 / 範疇3 類別1,公開資料候選，需人工覆核,來源紀錄ID=BDM-1-70616098；真實公開決標紀錄；標準品名、產業與Scope 3為規則式候選，需人工覆核,食品農產
RP-0233,神外醫材10項二年期單價開口契約,神外醫材10項二年期單價開口契約,醫療用品／藥品,醫藥產品,公開決標採購品名,醫藥產品,採購名稱／官方財物次分類／產業分類／Scope 3候選,,範疇3 類別1,神外醫材10項二年期單價開口契約 / 醫藥產品 / 醫療生技 / 醫療用品 / 藥品 / 範疇3 類別1,公開資料候選，需人工覆核,來源紀錄ID=BDM-1-70616101；真實公開決標紀錄；標準品名、產業與Scope 3為規則式候選，需人工覆核,醫療生技
RP-0234,113學年度第一學期教科書採購案,113學年度第一學期教科書,紙品／印刷／包材,"紙漿,紙及紙產品;印刷品及相關的商品",公開決標採購品名,"紙漿,紙及紙產品;印刷品及相關的商品",採購名稱／官方財物次分類／產業分類／Scope 3候選,,範疇3 類別1,113學年度第一學期教科書 / 紙漿 / 紙及紙產品 / 印刷品及相關的商品 / 包材印刷 / 紙品 / 印刷 / 包材 / 範疇3 類別1,公開資料候選，需人工覆核,來源紀錄ID=BDM-1-70616102；真實公開決標紀錄；標準品名、產業與Scope 3為規則式候選，需人工覆核,包材印刷
RP-0235,113年中央氣象署磁帶及記憶體擴充採購案,113年中央氣象署磁帶及記憶體擴充,資訊設備／軟體,計算機及其零件與配件,公開決標採購品名,計算機及其零件與配件,採購名稱／官方財物次分類／產業分類／Scope 3候選,,範疇3 類別1,113年中央氣象署磁帶及記憶體擴充 / 計算機及其零件與配件 / 資訊電子 / 資訊設備 / 軟體 / 範疇3 類別1,公開資料候選，需人工覆核,來源紀錄ID=BDM-1-70616107；真實公開決標紀錄；標準品名、產業與Scope 3為規則式候選，需人工覆核,資訊電子
RP-0236,考選部國家考場250RT冰水主機汰換工程案,考選部國家考場250RT冰水主機汰換工程案,金屬／五金,結構金屬產品及其零件,公開決標採購品名,結構金屬產品及其零件,採購名稱／官方財物次分類／產業分類／Scope 3候選,,範疇3 類別1,考選部國家考場250RT冰水主機汰換工程案 / 結構金屬產品及其零件 / 金屬加工 / 金屬 / 五金 / 範疇3 類別1,公開資料候選，需人工覆核,來源紀錄ID=BDM-1-70616120；真實公開決標紀錄；標準品名、產業與Scope 3為規則式候選，需人工覆核,金屬加工
RP-0237,113年度曲棍球隊及田徑隊訓練器材採購案,113年度曲棍球隊及田徑隊訓練器材,其他財物,運動商品,公開決標採購品名,運動商品,採購名稱／官方財物次分類／產業分類／Scope 3候選,,範疇3 類別1,113年度曲棍球隊及田徑隊訓練器材 / 運動商品 / 其他產業 / 其他財物 / 範疇3 類別1,公開資料候選，需人工覆核,來源紀錄ID=BDM-1-70616128；真實公開決標紀錄；標準品名、產業與Scope 3為規則式候選，需人工覆核,其他產業
RP-0238,113學年度魚池鄉國民中小學暨水里鄉新興國小午餐及各校附設幼兒園點心食材聯合採購,113學年度魚池鄉國民中小學暨水里鄉新興國小午餐及各校附設幼兒園點心食材聯合採購,食品／農產,"肉類,魚,果實,蔬菜,及油脂",公開決標採購品名,"肉類,魚,果實,蔬菜,及油脂",採購名稱／官方財物次分類／產業分類／Scope 3候選,,範疇3 類別1,113學年度魚池鄉國民中小學暨水里鄉新興國小午餐及各校附設幼兒園點心食材聯合採購 / 肉類 / 魚 / 果實 / 蔬菜 / 及油脂 / 食品農產 / 食品 / 農產 / 範疇3 類別1,公開資料候選，需人工覆核,來源紀錄ID=BDM-1-70616131；真實公開決標紀錄；標準品名、產業與Scope 3為規則式候選，需人工覆核,食品農產
RP-0239,校園監視器設備採購案,校園監視器設備,儀器／光學設備,"光學儀器,攝影設備及其零件與附件",公開決標採購品名,"光學儀器,攝影設備及其零件與附件",採購名稱／官方財物次分類／產業分類／Scope 3候選,,範疇3 類別1,校園監視器設備 / 光學儀器 / 攝影設備及其零件與附件 / 儀器光電 / 儀器 / 光學設備 / 範疇3 類別1,公開資料候選，需人工覆核,來源紀錄ID=BDM-1-70616132；真實公開決標紀錄；標準品名、產業與Scope 3為規則式候選，需人工覆核,儀器光電
RP-0240,臺南市海佃國小113學年度師生素食午餐桶餐財務採購,臺南市海佃國小113學年度師生素食午餐桶餐財務採購,食品／農產,"肉類,魚,果實,蔬菜,及油脂",公開決標採購品名,"肉類,魚,果實,蔬菜,及油脂",採購名稱／官方財物次分類／產業分類／Scope 3候選,,範疇3 類別1,臺南市海佃國小113學年度師生素食午餐桶餐財務採購 / 肉類 / 魚 / 果實 / 蔬菜 / 及油脂 / 食品農產 / 食品 / 農產 / 範疇3 類別1,公開資料候選，需人工覆核,來源紀錄ID=BDM-1-70616133；真實公開決標紀錄；標準品名、產業與Scope 3為規則式候選，需人工覆核,食品農產
RP-0241,桃園市113年新生贈禮計畫-國中文具套組,桃園市113年新生贈禮計畫-國中文具套組,其他財物,其他製造商品,公開決標採購品名,其他製造商品,採購名稱／官方財物次分類／產業分類／Scope 3候選,,範疇3 類別1,桃園市113年新生贈禮計畫-國中文具套組 / 其他製造商品 / 其他產業 / 其他財物 / 範疇3 類別1,公開資料候選，需人工覆核,來源紀錄ID=BDM-1-70616136；真實公開決標紀錄；標準品名、產業與Scope 3為規則式候選，需人工覆核,其他產業
RP-0242,113學年度鎮南國小午餐暨附設幼兒園午餐及點心(含調味品食用油)、水果食材採購,113學年度鎮南國小午餐暨附設幼兒園午餐及點心(含調味品食用油)、水果食材採購,食品／農產,"肉類,魚,果實,蔬菜,及油脂",公開決標採購品名,"肉類,魚,果實,蔬菜,及油脂",採購名稱／官方財物次分類／產業分類／Scope 3候選,,範疇3 類別1,113學年度鎮南國小午餐暨附設幼兒園午餐及點心(含調味品食用油)、水果食材採購 / 肉類 / 魚 / 果實 / 蔬菜 / 及油脂 / 食品農產 / 食品 / 農產 / 範疇3 類別1,公開資料候選，需人工覆核,來源紀錄ID=BDM-1-70616143；真實公開決標紀錄；標準品名、產業與Scope 3為規則式候選，需人工覆核,食品農產
RP-0243,壓縮機配件(MAKER:VOITH)For烷化C-2001一批,壓縮機配件(MAKER:VOITH)For烷化C-2001,機械／零組件,"幫浦,壓縮機,液壓與氣動引擎,閥門及其零件",公開決標採購品名,"幫浦,壓縮機,液壓與氣動引擎,閥門及其零件",採購名稱／官方財物次分類／產業分類／Scope 3候選,,範疇3 類別1,壓縮機配件(MAKER:VOITH)For烷化C-2001 / 幫浦 / 壓縮機 / 液壓與氣動引擎 / 閥門及其零件 / 機械設備 / 機械 / 零組件 / 範疇3 類別1,公開資料候選，需人工覆核,來源紀錄ID=BDM-1-70616144；真實公開決標紀錄；標準品名、產業與Scope 3為規則式候選，需人工覆核,機械設備
RP-0244,專科教室觸控螢幕及開合式黑板採購案,專科教室觸控螢幕及開合式黑板,資訊設備／軟體,計算機及其零件與配件,公開決標採購品名,計算機及其零件與配件,採購名稱／官方財物次分類／產業分類／Scope 3候選,,範疇3 類別1,專科教室觸控螢幕及開合式黑板 / 計算機及其零件與配件 / 資訊電子 / 資訊設備 / 軟體 / 範疇3 類別1,公開資料候選，需人工覆核,來源紀錄ID=BDM-1-70616145；真實公開決標紀錄；標準品名、產業與Scope 3為規則式候選，需人工覆核,資訊電子
RP-0245,成功淨水場沉澱池傾斜管採購案,成功淨水場沉澱池傾斜管,其他財物,塑料半製品,公開決標採購品名,塑料半製品,採購名稱／官方財物次分類／產業分類／Scope 3候選,,範疇3 類別1,成功淨水場沉澱池傾斜管 / 塑料半製品 / 其他產業 / 其他財物 / 範疇3 類別1,公開資料候選，需人工覆核,來源紀錄ID=BDM-1-70616158；真實公開決標紀錄；標準品名、產業與Scope 3為規則式候選，需人工覆核,其他產業
RP-0246,"氚氣自發光管13,000支","氚氣自發光管13,000支",化學品／塑橡膠,未明列於其他章節之化學產品,公開決標採購品名,未明列於其他章節之化學產品,採購名稱／官方財物次分類／產業分類／Scope 3候選,,範疇3 類別1,氚氣自發光管13 / 000支 / 未明列於其他章節之化學產品 / 化工塑橡膠 / 化學品 / 塑橡膠 / 範疇3 類別1,公開資料候選，需人工覆核,來源紀錄ID=BDM-1-70616164；真實公開決標紀錄；標準品名、產業與Scope 3為規則式候選，需人工覆核,化工塑橡膠
RP-0247,113年度高教深耕計畫台經院產經資料庫採購案,113年度高教深耕計畫台經院產經資料庫,紙品／印刷／包材,"紙漿,紙及紙產品;印刷品及相關的商品",公開決標採購品名,"紙漿,紙及紙產品;印刷品及相關的商品",採購名稱／官方財物次分類／產業分類／Scope 3候選,,範疇3 類別1,113年度高教深耕計畫台經院產經資料庫 / 紙漿 / 紙及紙產品 / 印刷品及相關的商品 / 包材印刷 / 紙品 / 印刷 / 包材 / 範疇3 類別1,公開資料候選，需人工覆核,來源紀錄ID=BDM-1-70616173；真實公開決標紀錄；標準品名、產業與Scope 3為規則式候選，需人工覆核,包材印刷
RP-0248,「ALK非小細胞癌檢測試劑三年期單價開口契約(含提供儀器設備、耗材及維修)」,「ALK非小細胞癌檢測試劑三年期單價開口契約(含提供儀器設備、耗材及維修)」,醫療用品／藥品,醫藥產品,公開決標採購品名,醫藥產品,採購名稱／官方財物次分類／產業分類／Scope 3候選,,範疇3 類別1,「ALK非小細胞癌檢測試劑三年期單價開口契約(含提供儀器設備、耗材及維修)」 / 醫藥產品 / 醫療生技 / 醫療用品 / 藥品 / 範疇3 類別1,公開資料候選，需人工覆核,來源紀錄ID=BDM-1-70616214；真實公開決標紀錄；標準品名、產業與Scope 3為規則式候選，需人工覆核,醫療生技
RP-0249,樂利國小113學年度第一學期代辦學用品採購,樂利國小113學年度第一學期代辦學用品採購,其他財物,其他製造商品,公開決標採購品名,其他製造商品,採購名稱／官方財物次分類／產業分類／Scope 3候選,,範疇3 類別1,樂利國小113學年度第一學期代辦學用品採購 / 其他製造商品 / 其他產業 / 其他財物 / 範疇3 類別1,公開資料候選，需人工覆核,來源紀錄ID=BDM-1-70616216；真實公開決標紀錄；標準品名、產業與Scope 3為規則式候選，需人工覆核,其他產業
RP-0250,113學年度上學期美勞材料採購-,113學年度上學期美勞材料採購-,紙品／印刷／包材,"紙漿,紙及紙產品;印刷品及相關的商品",公開決標採購品名,"紙漿,紙及紙產品;印刷品及相關的商品",採購名稱／官方財物次分類／產業分類／Scope 3候選,,範疇3 類別1,113學年度上學期美勞材料採購- / 紙漿 / 紙及紙產品 / 印刷品及相關的商品 / 包材印刷 / 紙品 / 印刷 / 包材 / 範疇3 類別1,公開資料候選，需人工覆核,來源紀錄ID=BDM-1-70616226；真實公開決標紀錄；標準品名、產業與Scope 3為規則式候選，需人工覆核,包材印刷
RP-0251,113-116年數位乳房X光攝影設備巡迴車租賃三年合約,113-116年數位乳房X光攝影設備巡迴車租賃三年合約,醫療用品／藥品,"醫療,外科及矯形設備",公開決標採購品名,"醫療,外科及矯形設備",採購名稱／官方財物次分類／產業分類／Scope 3候選,,範疇3 類別1,113-116年數位乳房X光攝影設備巡迴車租賃三年合約 / 醫療 / 外科及矯形設備 / 醫療生技 / 醫療用品 / 藥品 / 範疇3 類別1,公開資料候選，需人工覆核,來源紀錄ID=BDM-1-70616234；真實公開決標紀錄；標準品名、產業與Scope 3為規則式候選，需人工覆核,醫療生技
RP-0252,113年中文圖書採購(開口契約)案(113年後續擴充),113年中文圖書採購(開口契約)案,紙品／印刷／包材,"紙漿,紙及紙產品;印刷品及相關的商品",公開決標採購品名,"紙漿,紙及紙產品;印刷品及相關的商品",採購名稱／官方財物次分類／產業分類／Scope 3候選,,範疇3 類別1,113年中文圖書採購(開口契約)案 / 紙漿 / 紙及紙產品 / 印刷品及相關的商品 / 包材印刷 / 紙品 / 印刷 / 包材 / 範疇3 類別1,公開資料候選，需人工覆核,來源紀錄ID=BDM-1-70616235；真實公開決標紀錄；標準品名、產業與Scope 3為規則式候選，需人工覆核,包材印刷
RP-0253,113年配電外線施工及試驗設備等一批,113年配電外線施工及試驗設備等,電力設備／電材,電力傳輸、控制設備及其零件,公開決標採購品名,電力傳輸、控制設備及其零件,採購名稱／官方財物次分類／產業分類／Scope 3候選,,範疇3 類別1,113年配電外線施工及試驗設備等 / 電力傳輸、控制設備及其零件 / 電機電控 / 電力設備 / 電材 / 範疇3 類別1,公開資料候選，需人工覆核,來源紀錄ID=BDM-1-70616239；真實公開決標紀錄；標準品名、產業與Scope 3為規則式候選，需人工覆核,電機電控
RP-0254,「六堆園區數位式纜線測試器」財物採購案,「六堆園區數位式纜線測試器」財物,通訊／電子設備,"收音機、電視,通訊器材及儀器",公開決標採購品名,"收音機、電視,通訊器材及儀器",採購名稱／官方財物次分類／產業分類／Scope 3候選,,範疇3 類別1,「六堆園區數位式纜線測試器」財物 / 收音機、電視 / 通訊器材及儀器 / 電子通訊 / 通訊 / 電子設備 / 範疇3 類別1,公開資料候選，需人工覆核,來源紀錄ID=BDM-1-70616252；真實公開決標紀錄；標準品名、產業與Scope 3為規則式候選，需人工覆核,電子通訊
RP-0255,0.9L16年陳高禮盒瓷瓶含蓋(三太子-發)500組議價案,0.9L16年陳高禮盒瓷瓶含蓋(三太子-發)500組議價案,其他財物,耐火產品及結構性非耐火黏土產品,公開決標採購品名,耐火產品及結構性非耐火黏土產品,採購名稱／官方財物次分類／產業分類／Scope 3候選,,範疇3 類別1,0.9L16年陳高禮盒瓷瓶含蓋(三太子-發)500組議價案 / 耐火產品及結構性非耐火黏土產品 / 其他產業 / 其他財物 / 範疇3 類別1,公開資料候選，需人工覆核,來源紀錄ID=BDM-1-70616255；真實公開決標紀錄；標準品名、產業與Scope 3為規則式候選，需人工覆核,其他產業
RP-0256,113學年度學生午餐肉類食材供應採購,113學年度學生午餐肉類食材供應採購,食品／農產,"肉類,魚,果實,蔬菜,及油脂",公開決標採購品名,"肉類,魚,果實,蔬菜,及油脂",採購名稱／官方財物次分類／產業分類／Scope 3候選,,範疇3 類別1,113學年度學生午餐肉類食材供應採購 / 肉類 / 魚 / 果實 / 蔬菜 / 及油脂 / 食品農產 / 食品 / 農產 / 範疇3 類別1,公開資料候選，需人工覆核,來源紀錄ID=BDM-1-70616260；真實公開決標紀錄；標準品名、產業與Scope 3為規則式候選，需人工覆核,食品農產
RP-0257,2歲專班教室設備採購,2歲專班教室設備採購,其他財物,"木製品,軟木製品,草及編結材料產品",公開決標採購品名,"木製品,軟木製品,草及編結材料產品",採購名稱／官方財物次分類／產業分類／Scope 3候選,,範疇3 類別1,2歲專班教室設備採購 / 木製品 / 軟木製品 / 草及編結材料產品 / 其他產業 / 其他財物 / 範疇3 類別1,公開資料候選，需人工覆核,來源紀錄ID=BDM-1-70616262；真實公開決標紀錄；標準品名、產業與Scope 3為規則式候選，需人工覆核,其他產業
RP-0258,泰源國中--113年暑假7、8月學生宿舍三餐伙食食材採購案,泰源國中--113年暑假7、8月學生宿舍三餐伙食食材,食品／農產,"肉類,魚,果實,蔬菜,及油脂",公開決標採購品名,"肉類,魚,果實,蔬菜,及油脂",採購名稱／官方財物次分類／產業分類／Scope 3候選,,範疇3 類別1,泰源國中--113年暑假7、8月學生宿舍三餐伙食食材 / 肉類 / 魚 / 果實 / 蔬菜 / 及油脂 / 食品農產 / 食品 / 農產 / 範疇3 類別1,公開資料候選，需人工覆核,來源紀錄ID=BDM-1-70616270；真實公開決標紀錄；標準品名、產業與Scope 3為規則式候選，需人工覆核,食品農產
RP-0259,臺北市立仁愛國⺠中學113學年度學校午餐外訂桶餐盒餐採購案,臺北市立仁愛國⺠中學113學年度學校午餐外訂桶餐盒餐,食品／農產,"肉類,魚,果實,蔬菜,及油脂",公開決標採購品名,"肉類,魚,果實,蔬菜,及油脂",採購名稱／官方財物次分類／產業分類／Scope 3候選,,範疇3 類別1,臺北市立仁愛國⺠中學113學年度學校午餐外訂桶餐盒餐 / 肉類 / 魚 / 果實 / 蔬菜 / 及油脂 / 食品農產 / 食品 / 農產 / 範疇3 類別1,公開資料候選，需人工覆核,來源紀錄ID=BDM-1-70616272；真實公開決標紀錄；標準品名、產業與Scope 3為規則式候選，需人工覆核,食品農產
RP-0260,114年林一機GGH加熱元件大修用料採購一批,114年林一機GGH加熱元件大修用料採購,電力設備／電材,"電力,瓦斯,蒸氣及熱水",公開決標採購品名,"電力,瓦斯,蒸氣及熱水",採購名稱／官方財物次分類／產業分類／Scope 3候選,,範疇3 類別1,114年林一機GGH加熱元件大修用料採購 / 電力 / 瓦斯 / 蒸氣及熱水 / 電機電控 / 電力設備 / 電材 / 範疇3 類別1,公開資料候選，需人工覆核,來源紀錄ID=BDM-1-70616280；真實公開決標紀錄；標準品名、產業與Scope 3為規則式候選，需人工覆核,電機電控
RP-0261,113學年度學生午餐蔬菜食材供應採購,113學年度學生午餐蔬菜食材供應採購,食品／農產,"肉類,魚,果實,蔬菜,及油脂",公開決標採購品名,"肉類,魚,果實,蔬菜,及油脂",採購名稱／官方財物次分類／產業分類／Scope 3候選,,範疇3 類別1,113學年度學生午餐蔬菜食材供應採購 / 肉類 / 魚 / 果實 / 蔬菜 / 及油脂 / 食品農產 / 食品 / 農產 / 範疇3 類別1,公開資料候選，需人工覆核,來源紀錄ID=BDM-1-70616281；真實公開決標紀錄；標準品名、產業與Scope 3為規則式候選，需人工覆核,食品農產
RP-0262,113學年度學生午餐水產食材供應採購,113學年度學生午餐水產食材供應採購,食品／農產,"肉類,魚,果實,蔬菜,及油脂",公開決標採購品名,"肉類,魚,果實,蔬菜,及油脂",採購名稱／官方財物次分類／產業分類／Scope 3候選,,範疇3 類別1,113學年度學生午餐水產食材供應採購 / 肉類 / 魚 / 果實 / 蔬菜 / 及油脂 / 食品農產 / 食品 / 農產 / 範疇3 類別1,公開資料候選，需人工覆核,來源紀錄ID=BDM-1-70616282；真實公開決標紀錄；標準品名、產業與Scope 3為規則式候選，需人工覆核,食品農產
RP-0263,113學年度學生午餐水果食材供應採購,113學年度學生午餐水果食材供應採購,食品／農產,"肉類,魚,果實,蔬菜,及油脂",公開決標採購品名,"肉類,魚,果實,蔬菜,及油脂",採購名稱／官方財物次分類／產業分類／Scope 3候選,,範疇3 類別1,113學年度學生午餐水果食材供應採購 / 肉類 / 魚 / 果實 / 蔬菜 / 及油脂 / 食品農產 / 食品 / 農產 / 範疇3 類別1,公開資料候選，需人工覆核,來源紀錄ID=BDM-1-70616283；真實公開決標紀錄；標準品名、產業與Scope 3為規則式候選，需人工覆核,食品農產
RP-0264,113年度深耕基層棒球扎根運動器材採購案,113年度深耕基層棒球扎根運動器材,其他財物,運動商品,公開決標採購品名,運動商品,採購名稱／官方財物次分類／產業分類／Scope 3候選,,範疇3 類別1,113年度深耕基層棒球扎根運動器材 / 運動商品 / 其他產業 / 其他財物 / 範疇3 類別1,公開資料候選，需人工覆核,來源紀錄ID=BDM-1-70616286；真實公開決標紀錄；標準品名、產業與Scope 3為規則式候選，需人工覆核,其他產業
RP-0265,113年正壓風機保養維修用零組件等一批,113年正壓風機保養維修用零組件等,機械／零組件,"幫浦,壓縮機,液壓與氣動引擎,閥門及其零件",公開決標採購品名,"幫浦,壓縮機,液壓與氣動引擎,閥門及其零件",採購名稱／官方財物次分類／產業分類／Scope 3候選,,範疇3 類別1,113年正壓風機保養維修用零組件等 / 幫浦 / 壓縮機 / 液壓與氣動引擎 / 閥門及其零件 / 機械設備 / 機械 / 零組件 / 範疇3 類別1,公開資料候選，需人工覆核,來源紀錄ID=BDM-1-70616301；真實公開決標紀錄；標準品名、產業與Scope 3為規則式候選，需人工覆核,機械設備
RP-0266,環境部資源循環署潮州大樓房屋租賃,環境部資源循環署潮州大樓房屋租賃,其他財物,建地及相關土地,公開決標採購品名,建地及相關土地,採購名稱／官方財物次分類／產業分類／Scope 3候選,,範疇3 類別1,環境部資源循環署潮州大樓房屋租賃 / 建地及相關土地 / 其他產業 / 其他財物 / 範疇3 類別1,公開資料候選，需人工覆核,來源紀錄ID=BDM-1-70616305；真實公開決標紀錄；標準品名、產業與Scope 3為規則式候選，需人工覆核,其他產業
RP-0267,重油裂解工場_E-3201A-179鰭板無縫換熱管等一批,重油裂解工場_E-3201A-179鰭板無縫換熱管等,金屬／五金,"滾壓,拉拔,摺疊製鋼鐵製品",公開決標採購品名,"滾壓,拉拔,摺疊製鋼鐵製品",採購名稱／官方財物次分類／產業分類／Scope 3候選,,範疇3 類別1,重油裂解工場_E-3201A-179鰭板無縫換熱管等 / 滾壓 / 拉拔 / 摺疊製鋼鐵製品 / 金屬加工 / 金屬 / 五金 / 範疇3 類別1,公開資料候選，需人工覆核,來源紀錄ID=BDM-1-70616311；真實公開決標紀錄；標準品名、產業與Scope 3為規則式候選，需人工覆核,金屬加工
RP-0268,"113年度電子處裡作業權狀增印〈15,000張〉採購案","113年度電子處裡作業權狀增印〈15,000張〉",紙品／印刷／包材,"紙漿,紙及紙產品;印刷品及相關的商品",公開決標採購品名,"紙漿,紙及紙產品;印刷品及相關的商品",採購名稱／官方財物次分類／產業分類／Scope 3候選,,範疇3 類別1,113年度電子處裡作業權狀增印〈15 / 000張〉 / 紙漿 / 紙及紙產品 / 印刷品及相關的商品 / 包材印刷 / 紙品 / 印刷 / 包材 / 範疇3 類別1,公開資料候選，需人工覆核,來源紀錄ID=BDM-1-70616312；真實公開決標紀錄；標準品名、產業與Scope 3為規則式候選，需人工覆核,包材印刷
RP-0269,臨購血癌藥品採購案,臨購血癌藥品,醫療用品／藥品,醫藥產品,公開決標採購品名,醫藥產品,採購名稱／官方財物次分類／產業分類／Scope 3候選,,範疇3 類別1,臨購血癌藥品 / 醫藥產品 / 醫療生技 / 醫療用品 / 藥品 / 範疇3 類別1,公開資料候選，需人工覆核,來源紀錄ID=BDM-1-70616316；真實公開決標紀錄；標準品名、產業與Scope 3為規則式候選，需人工覆核,醫療生技
RP-0270,113年度停車管理中心雨衣及雨鞋採購案,113年度停車管理中心雨衣及雨鞋,家具／紡織用品,"成衣,毛皮服裝除外",公開決標採購品名,"成衣,毛皮服裝除外",採購名稱／官方財物次分類／產業分類／Scope 3候選,,範疇3 類別1,113年度停車管理中心雨衣及雨鞋 / 成衣 / 毛皮服裝除外 / 民生製造 / 家具 / 紡織用品 / 範疇3 類別1,公開資料候選，需人工覆核,來源紀錄ID=BDM-1-70616323；真實公開決標紀錄；標準品名、產業與Scope 3為規則式候選，需人工覆核,民生製造
RP-0271,本校「113學年度午餐團膳採購案」,本校「113學年度午餐團膳採購案」,食品／農產,"肉類,魚,果實,蔬菜,及油脂",公開決標採購品名,"肉類,魚,果實,蔬菜,及油脂",採購名稱／官方財物次分類／產業分類／Scope 3候選,,範疇3 類別1,本校「113學年度午餐團膳採購案」 / 肉類 / 魚 / 果實 / 蔬菜 / 及油脂 / 食品農產 / 食品 / 農產 / 範疇3 類別1,公開資料候選，需人工覆核,來源紀錄ID=BDM-1-70616325；真實公開決標紀錄；標準品名、產業與Scope 3為規則式候選，需人工覆核,食品農產
RP-0272,臨購乳癌輔助療法用藥採購案,臨購乳癌輔助療法用藥,醫療用品／藥品,醫藥產品,公開決標採購品名,醫藥產品,採購名稱／官方財物次分類／產業分類／Scope 3候選,,範疇3 類別1,臨購乳癌輔助療法用藥 / 醫藥產品 / 醫療生技 / 醫療用品 / 藥品 / 範疇3 類別1,公開資料候選，需人工覆核,來源紀錄ID=BDM-1-70616331；真實公開決標紀錄；標準品名、產業與Scope 3為規則式候選，需人工覆核,醫療生技
RP-0273,桃園國際機場服務旅客電動車汰換採購案,桃園國際機場服務旅客電動車汰換,車輛／運輸設備,"機動車,拖車,半拖車;車輛機件",公開決標採購品名,"機動車,拖車,半拖車;車輛機件",採購名稱／官方財物次分類／產業分類／Scope 3候選,,範疇3 類別1,桃園國際機場服務旅客電動車汰換 / 機動車 / 拖車 / 半拖車 / 車輛機件 / 運輸設備 / 車輛 / 範疇3 類別1,公開資料候選，需人工覆核,來源紀錄ID=BDM-1-70616343；真實公開決標紀錄；標準品名、產業與Scope 3為規則式候選，需人工覆核,運輸設備
RP-0274,水煮鯖魚罐頭採購,水煮鯖魚罐頭採購,食品／農產,魚類及其他魚類產物,公開決標採購品名,魚類及其他魚類產物,採購名稱／官方財物次分類／產業分類／Scope 3候選,,範疇3 類別1,水煮鯖魚罐頭採購 / 魚類及其他魚類產物 / 食品農產 / 食品 / 農產 / 範疇3 類別1,公開資料候選，需人工覆核,來源紀錄ID=BDM-1-70616345；真實公開決標紀錄；標準品名、產業與Scope 3為規則式候選，需人工覆核,食品農產
RP-0275,113年教室86吋觸控式螢幕及嵌入式黑(白)板財物採購案,113年教室86吋觸控式螢幕及嵌入式黑(白)板財物,資訊設備／軟體,計算機及其零件與配件,公開決標採購品名,計算機及其零件與配件,採購名稱／官方財物次分類／產業分類／Scope 3候選,,範疇3 類別1,113年教室86吋觸控式螢幕及嵌入式黑(白)板財物 / 計算機及其零件與配件 / 資訊電子 / 資訊設備 / 軟體 / 範疇3 類別1,公開資料候選，需人工覆核,來源紀錄ID=BDM-1-70616347；真實公開決標紀錄；標準品名、產業與Scope 3為規則式候選，需人工覆核,資訊電子
RP-0276,戰傷救護訓練器材-個人裝備模組等4項,戰傷救護訓練器材-個人裝備模組等4項,醫療用品／藥品,"醫療,外科及矯形設備",公開決標採購品名,"醫療,外科及矯形設備",採購名稱／官方財物次分類／產業分類／Scope 3候選,,範疇3 類別1,戰傷救護訓練器材-個人裝備模組等4項 / 醫療 / 外科及矯形設備 / 醫療生技 / 醫療用品 / 藥品 / 範疇3 類別1,公開資料候選，需人工覆核,來源紀錄ID=BDM-1-70616358；真實公開決標紀錄；標準品名、產業與Scope 3為規則式候選，需人工覆核,醫療生技
RP-0277,Emerson公司Roxar2600MPFM三相流量計之文氏管1只,Emerson公司Roxar2600MPFM三相流量計之文氏管1只,機械／零組件,其他通用機具,公開決標採購品名,其他通用機具,採購名稱／官方財物次分類／產業分類／Scope 3候選,,範疇3 類別1,Emerson公司Roxar2600MPFM三相流量計之文氏管1只 / 其他通用機具 / 機械設備 / 機械 / 零組件 / 範疇3 類別1,公開資料候選，需人工覆核,來源紀錄ID=BDM-1-70616372；真實公開決標紀錄；標準品名、產業與Scope 3為規則式候選，需人工覆核,機械設備
RP-0278,『種豬檢定舍及種原培育室第三期設備採購案』,『種豬檢定舍及種原培育室第三期設備採購案』,機械／零組件,其他特殊用途之機具及其零件,公開決標採購品名,其他特殊用途之機具及其零件,採購名稱／官方財物次分類／產業分類／Scope 3候選,,範疇3 類別1,『種豬檢定舍及種原培育室第三期設備採購案』 / 其他特殊用途之機具及其零件 / 機械設備 / 機械 / 零組件 / 範疇3 類別1,公開資料候選，需人工覆核,來源紀錄ID=BDM-1-70616387；真實公開決標紀錄；標準品名、產業與Scope 3為規則式候選，需人工覆核,機械設備
RP-0279,113年度開放式伺服器帳號權限管理系統功能擴充,113年度開放式伺服器帳號權限管理系統功能擴充,資訊設備／軟體,計算機及其零件與配件,公開決標採購品名,計算機及其零件與配件,採購名稱／官方財物次分類／產業分類／Scope 3候選,,範疇3 類別1,113年度開放式伺服器帳號權限管理系統功能擴充 / 計算機及其零件與配件 / 資訊電子 / 資訊設備 / 軟體 / 範疇3 類別1,公開資料候選，需人工覆核,來源紀錄ID=BDM-1-70616395；真實公開決標紀錄；標準品名、產業與Scope 3為規則式候選，需人工覆核,資訊電子
RP-0280,台糖公司臺南市永康區平道段合建分屋開發案,台糖公司臺南市永康區平道段合建分屋開發案,其他財物,建地及相關土地,公開決標採購品名,建地及相關土地,採購名稱／官方財物次分類／產業分類／Scope 3候選,,範疇3 類別1,台糖公司臺南市永康區平道段合建分屋開發案 / 建地及相關土地 / 其他產業 / 其他財物 / 範疇3 類別1,公開資料候選，需人工覆核,來源紀錄ID=BDM-1-70616397；真實公開決標紀錄；標準品名、產業與Scope 3為規則式候選，需人工覆核,其他產業
RP-0281,113年油壓觀察床5床採購案,113年油壓觀察床5床,醫療用品／藥品,"醫療,外科及矯形設備",公開決標採購品名,"醫療,外科及矯形設備",採購名稱／官方財物次分類／產業分類／Scope 3候選,,範疇3 類別1,113年油壓觀察床5床 / 醫療 / 外科及矯形設備 / 醫療生技 / 醫療用品 / 藥品 / 範疇3 類別1,公開資料候選，需人工覆核,來源紀錄ID=BDM-1-70616400；真實公開決標紀錄；標準品名、產業與Scope 3為規則式候選，需人工覆核,醫療生技
RP-0282,苗栗縣客庄國小113學年度簿本暨美勞材料採購案,苗栗縣客庄國小113學年度簿本暨美勞材料,紙品／印刷／包材,"紙漿,紙及紙產品;印刷品及相關的商品",公開決標採購品名,"紙漿,紙及紙產品;印刷品及相關的商品",採購名稱／官方財物次分類／產業分類／Scope 3候選,,範疇3 類別1,苗栗縣客庄國小113學年度簿本暨美勞材料 / 紙漿 / 紙及紙產品 / 印刷品及相關的商品 / 包材印刷 / 紙品 / 印刷 / 包材 / 範疇3 類別1,公開資料候選，需人工覆核,來源紀錄ID=BDM-1-70616402；真實公開決標紀錄；標準品名、產業與Scope 3為規則式候選，需人工覆核,包材印刷
RP-0283,微創中空螺絲脊椎固定系統：中空多軸螺絲680組,微創中空螺絲脊椎固定系統：中空多軸螺絲680組,醫療用品／藥品,"醫療,外科及矯形設備",公開決標採購品名,"醫療,外科及矯形設備",採購名稱／官方財物次分類／產業分類／Scope 3候選,,範疇3 類別1,微創中空螺絲脊椎固定系統：中空多軸螺絲680組 / 醫療 / 外科及矯形設備 / 醫療生技 / 醫療用品 / 藥品 / 範疇3 類別1,公開資料候選，需人工覆核,來源紀錄ID=BDM-1-70616405；真實公開決標紀錄；標準品名、產業與Scope 3為規則式候選，需人工覆核,醫療生技
RP-0284,東區處處本部消防總機系統汰換,東區處處本部消防總機系統汰換,機械／零組件,其他通用機具,公開決標採購品名,其他通用機具,採購名稱／官方財物次分類／產業分類／Scope 3候選,,範疇3 類別1,東區處處本部消防總機系統汰換 / 其他通用機具 / 機械設備 / 機械 / 零組件 / 範疇3 類別1,公開資料候選，需人工覆核,來源紀錄ID=BDM-1-70616408；真實公開決標紀錄；標準品名、產業與Scope 3為規則式候選，需人工覆核,機械設備
RP-0285,台中廠BOG壓縮機專用配件,台中廠BOG壓縮機專用配件,機械／零組件,"幫浦,壓縮機,液壓與氣動引擎,閥門及其零件",公開決標採購品名,"幫浦,壓縮機,液壓與氣動引擎,閥門及其零件",採購名稱／官方財物次分類／產業分類／Scope 3候選,,範疇3 類別1,台中廠BOG壓縮機專用配件 / 幫浦 / 壓縮機 / 液壓與氣動引擎 / 閥門及其零件 / 機械設備 / 機械 / 零組件 / 範疇3 類別1,公開資料候選，需人工覆核,來源紀錄ID=BDM-1-70616410；真實公開決標紀錄；標準品名、產業與Scope 3為規則式候選，需人工覆核,機械設備
RP-0286,連江縣政府114年精裝日曆案,連江縣政府114年精裝日曆案,紙品／印刷／包材,"紙漿,紙及紙產品;印刷品及相關的商品",公開決標採購品名,"紙漿,紙及紙產品;印刷品及相關的商品",採購名稱／官方財物次分類／產業分類／Scope 3候選,,範疇3 類別1,連江縣政府114年精裝日曆案 / 紙漿 / 紙及紙產品 / 印刷品及相關的商品 / 包材印刷 / 紙品 / 印刷 / 包材 / 範疇3 類別1,公開資料候選，需人工覆核,來源紀錄ID=BDM-1-70616430；真實公開決標紀錄；標準品名、產業與Scope 3為規則式候選，需人工覆核,包材印刷
RP-0287,東里國小監視器系統設備財物採購,東里國小監視器系統設備,通訊／電子設備,"收音機、電視,通訊器材及儀器",公開決標採購品名,"收音機、電視,通訊器材及儀器",採購名稱／官方財物次分類／產業分類／Scope 3候選,,範疇3 類別1,東里國小監視器系統設備 / 收音機、電視 / 通訊器材及儀器 / 電子通訊 / 通訊 / 電子設備 / 範疇3 類別1,公開資料候選，需人工覆核,來源紀錄ID=BDM-1-70616438；真實公開決標紀錄；標準品名、產業與Scope 3為規則式候選，需人工覆核,電子通訊
RP-0288,112年四氯乙烯長約後續擴充,112年四氯乙烯長約後續擴充,化學品／塑橡膠,基本化學產品,公開決標採購品名,基本化學產品,採購名稱／官方財物次分類／產業分類／Scope 3候選,,範疇3 類別1,112年四氯乙烯長約後續擴充 / 基本化學產品 / 化工塑橡膠 / 化學品 / 塑橡膠 / 範疇3 類別1,公開資料候選，需人工覆核,來源紀錄ID=BDM-1-70616440；真實公開決標紀錄；標準品名、產業與Scope 3為規則式候選，需人工覆核,化工塑橡膠
RP-0289,113年臺中市海洋污染監控無人機購置計畫,113年臺中市海洋污染監控無人機購置計畫,儀器／光學設備,做為測量、檢查、航行及其他目的用之儀器和裝置，除光學儀器;工業程序控制設備;上述各項之零件及附件,公開決標採購品名,做為測量、檢查、航行及其他目的用之儀器和裝置，除光學儀器;工業程序控制設備;上述各項之零件及附件,採購名稱／官方財物次分類／產業分類／Scope 3候選,,範疇3 類別1,113年臺中市海洋污染監控無人機購置計畫 / 做為測量、檢查、航行及其他目的用之儀器和裝置 / 除光學儀器 / 工業程序控制設備 / 上述各項之零件及附件 / 儀器光電 / 儀器 / 光學設備 / 範疇3 類別1,公開資料候選，需人工覆核,來源紀錄ID=BDM-1-70616445；真實公開決標紀錄；標準品名、產業與Scope 3為規則式候選，需人工覆核,儀器光電
RP-0290,113學年度上學期學用品及美勞材料採購,113學年度上學期學用品及美勞材料採購,紙品／印刷／包材,"紙漿,紙及紙產品;印刷品及相關的商品",公開決標採購品名,"紙漿,紙及紙產品;印刷品及相關的商品",採購名稱／官方財物次分類／產業分類／Scope 3候選,,範疇3 類別1,113學年度上學期學用品及美勞材料採購 / 紙漿 / 紙及紙產品 / 印刷品及相關的商品 / 包材印刷 / 紙品 / 印刷 / 包材 / 範疇3 類別1,公開資料候選，需人工覆核,來源紀錄ID=BDM-1-70616450；真實公開決標紀錄；標準品名、產業與Scope 3為規則式候選，需人工覆核,包材印刷
RP-0291,花蓮縣警察局113年度M-Police載具導入電子舉發製單列表機採購案,花蓮縣警察局113年度M-Police載具導入電子舉發製單列表機,機械／零組件,其他特殊用途之機具及其零件,公開決標採購品名,其他特殊用途之機具及其零件,採購名稱／官方財物次分類／產業分類／Scope 3候選,,範疇3 類別1,花蓮縣警察局113年度M-Police載具導入電子舉發製單列表機 / 其他特殊用途之機具及其零件 / 機械設備 / 機械 / 零組件 / 範疇3 類別1,公開資料候選，需人工覆核,來源紀錄ID=BDM-1-70616451；真實公開決標紀錄；標準品名、產業與Scope 3為規則式候選，需人工覆核,機械設備
RP-0292,「屏東縣113年度一般地區學校課桌椅汰舊換新計畫」採購案,「屏東縣113年度一般地區學校課桌椅汰舊換新計畫」,其他財物,"木製品,軟木製品,草及編結材料產品",公開決標採購品名,"木製品,軟木製品,草及編結材料產品",採購名稱／官方財物次分類／產業分類／Scope 3候選,,範疇3 類別1,「屏東縣113年度一般地區學校課桌椅汰舊換新計畫」 / 木製品 / 軟木製品 / 草及編結材料產品 / 其他產業 / 其他財物 / 範疇3 類別1,公開資料候選，需人工覆核,來源紀錄ID=BDM-1-70616479；真實公開決標紀錄；標準品名、產業與Scope 3為規則式候選，需人工覆核,其他產業
RP-0293,「雲林縣消防局113年度攜帶式儲能設備及移動式無線擴音機設備各20組採購案」第一次契約變更增購原有項目議價,「雲林縣消防局113年度攜帶式儲能設備及移動式無線擴音機設備各20組採購案」第一次契約變更增購原有項目議價,機械／零組件,其他通用機具,公開決標採購品名,其他通用機具,採購名稱／官方財物次分類／產業分類／Scope 3候選,,範疇3 類別1,「雲林縣消防局113年度攜帶式儲能設備及移動式無線擴音機設備各20組採購案」第一次契約變更增購原有項目議價 / 其他通用機具 / 機械設備 / 機械 / 零組件 / 範疇3 類別1,公開資料候選，需人工覆核,來源紀錄ID=BDM-1-70616481；真實公開決標紀錄；標準品名、產業與Scope 3為規則式候選，需人工覆核,機械設備
RP-0294,呼吸管路組等6項二年期單價開口契約,呼吸管路組等6項二年期單價開口契約,醫療用品／藥品,醫藥產品,公開決標採購品名,醫藥產品,採購名稱／官方財物次分類／產業分類／Scope 3候選,,範疇3 類別1,呼吸管路組等6項二年期單價開口契約 / 醫藥產品 / 醫療生技 / 醫療用品 / 藥品 / 範疇3 類別1,公開資料候選，需人工覆核,來源紀錄ID=BDM-1-70616482；真實公開決標紀錄；標準品名、產業與Scope 3為規則式候選，需人工覆核,醫療生技
RP-0295,窩軋頭SC-30114等器材採購案,窩軋頭SC-30114等器材,電力設備／電材,電力傳輸、控制設備及其零件,公開決標採購品名,電力傳輸、控制設備及其零件,採購名稱／官方財物次分類／產業分類／Scope 3候選,,範疇3 類別1,窩軋頭SC-30114等器材 / 電力傳輸、控制設備及其零件 / 電機電控 / 電力設備 / 電材 / 範疇3 類別1,公開資料候選，需人工覆核,來源紀錄ID=BDM-1-70616483；真實公開決標紀錄；標準品名、產業與Scope 3為規則式候選，需人工覆核,電機電控
RP-0296,113年電腦設備租賃案,113年電腦設備租賃案,資訊設備／軟體,計算機及其零件與配件,公開決標採購品名,計算機及其零件與配件,採購名稱／官方財物次分類／產業分類／Scope 3候選,,範疇3 類別1,113年電腦設備租賃案 / 計算機及其零件與配件 / 資訊電子 / 資訊設備 / 軟體 / 範疇3 類別1,公開資料候選，需人工覆核,來源紀錄ID=BDM-1-70616489；真實公開決標紀錄；標準品名、產業與Scope 3為規則式候選，需人工覆核,資訊電子
RP-0297,解剖型骨盆骨板系統等11項貳年期單價開口契約,解剖型骨盆骨板系統等11項貳年期單價開口契約,醫療用品／藥品,醫藥產品,公開決標採購品名,醫藥產品,採購名稱／官方財物次分類／產業分類／Scope 3候選,,範疇3 類別1,解剖型骨盆骨板系統等11項貳年期單價開口契約 / 醫藥產品 / 醫療生技 / 醫療用品 / 藥品 / 範疇3 類別1,公開資料候選，需人工覆核,來源紀錄ID=BDM-1-70616494；真實公開決標紀錄；標準品名、產業與Scope 3為規則式候選，需人工覆核,醫療生技
RP-0298,臺中市立霧峰幼兒園113學年度暨寒暑假加托服務期間幼兒餐點食材,臺中市立霧峰幼兒園113學年度暨寒暑假加托服務期間幼兒餐點食材,食品／農產,"肉類,魚,果實,蔬菜,及油脂",公開決標採購品名,"肉類,魚,果實,蔬菜,及油脂",採購名稱／官方財物次分類／產業分類／Scope 3候選,,範疇3 類別1,臺中市立霧峰幼兒園113學年度暨寒暑假加托服務期間幼兒餐點食材 / 肉類 / 魚 / 果實 / 蔬菜 / 及油脂 / 食品農產 / 食品 / 農產 / 範疇3 類別1,公開資料候選，需人工覆核,來源紀錄ID=BDM-1-70616496；真實公開決標紀錄；標準品名、產業與Scope 3為規則式候選，需人工覆核,食品農產
RP-0299,113-114年外勤士差夏季制服,113-114年外勤士差夏季制服,其他財物,"成衣,毛皮服裝除外",公開決標採購品名,"成衣,毛皮服裝除外",採購名稱／官方財物次分類／產業分類／Scope 3候選,,範疇3 類別1,113-114年外勤士差夏季制服 / 成衣 / 毛皮服裝除外 / 其他產業 / 其他財物 / 範疇3 類別1,公開資料候選，需人工覆核,來源紀錄ID=BDM-1-70616498；真實公開決標紀錄；標準品名、產業與Scope 3為規則式候選，需人工覆核,其他產業
RP-0300,總管理處緊急發電機冷卻器更新工作,總管理處緊急發電機冷卻器更新工作,電力設備／電材,"電動機,發電機,變壓器及其附件",公開決標採購品名,"電動機,發電機,變壓器及其附件",採購名稱／官方財物次分類／產業分類／Scope 3候選,,範疇3 類別1,總管理處緊急發電機冷卻器更新工作 / 電動機 / 發電機 / 變壓器及其附件 / 電機電控 / 電力設備 / 電材 / 範疇3 類別1,公開資料候選，需人工覆核,來源紀錄ID=BDM-1-70616501；真實公開決標紀錄；標準品名、產業與Scope 3為規則式候選，需人工覆核,電機電控
RP-0301,檢察官職務宿舍1戶租賃續約採購案,檢察官職務宿舍1戶租賃續約,其他財物,建地及相關土地,公開決標採購品名,建地及相關土地,採購名稱／官方財物次分類／產業分類／Scope 3候選,,範疇3 類別1,檢察官職務宿舍1戶租賃續約 / 建地及相關土地 / 其他產業 / 其他財物 / 範疇3 類別1,公開資料候選，需人工覆核,來源紀錄ID=BDM-1-70616504；真實公開決標紀錄；標準品名、產業與Scope 3為規則式候選，需人工覆核,其他產業
RP-0302,蛋白質分離純化系統1組,蛋白質分離純化系統1組,儀器／光學設備,做為測量、檢查、航行及其他目的用之儀器和裝置，除光學儀器;工業程序控制設備;上述各項之零件及附件,公開決標採購品名,做為測量、檢查、航行及其他目的用之儀器和裝置，除光學儀器;工業程序控制設備;上述各項之零件及附件,採購名稱／官方財物次分類／產業分類／Scope 3候選,,範疇3 類別1,蛋白質分離純化系統1組 / 做為測量、檢查、航行及其他目的用之儀器和裝置 / 除光學儀器 / 工業程序控制設備 / 上述各項之零件及附件 / 儀器光電 / 儀器 / 光學設備 / 範疇3 類別1,公開資料候選，需人工覆核,來源紀錄ID=BDM-1-70616513；真實公開決標紀錄；標準品名、產業與Scope 3為規則式候選，需人工覆核,儀器光電
RP-0303,臨購藥品一項(Enhertu),臨購藥品一項(Enhertu),醫療用品／藥品,醫藥產品,公開決標採購品名,醫藥產品,採購名稱／官方財物次分類／產業分類／Scope 3候選,,範疇3 類別1,臨購藥品一項(Enhertu) / 醫藥產品 / 醫療生技 / 醫療用品 / 藥品 / 範疇3 類別1,公開資料候選，需人工覆核,來源紀錄ID=BDM-1-70616516；真實公開決標紀錄；標準品名、產業與Scope 3為規則式候選，需人工覆核,醫療生技
RP-0304,氣壓教學訓練模組2套採購案,氣壓教學訓練模組2套,其他財物,"工具機,其零件及附件",公開決標採購品名,"工具機,其零件及附件",採購名稱／官方財物次分類／產業分類／Scope 3候選,,範疇3 類別1,氣壓教學訓練模組2套 / 工具機 / 其零件及附件 / 其他產業 / 其他財物 / 範疇3 類別1,公開資料候選，需人工覆核,來源紀錄ID=BDM-1-70616523；真實公開決標紀錄；標準品名、產業與Scope 3為規則式候選，需人工覆核,其他產業
RP-0305,112年度火災搶救裝備器材採購案(第二項)第2次後續擴充,112年度火災搶救裝備器材採購案(第二項)第2次後續擴充,機械／零組件,其他通用機具,公開決標採購品名,其他通用機具,採購名稱／官方財物次分類／產業分類／Scope 3候選,,範疇3 類別1,112年度火災搶救裝備器材採購案(第二項)第2次後續擴充 / 其他通用機具 / 機械設備 / 機械 / 零組件 / 範疇3 類別1,公開資料候選，需人工覆核,來源紀錄ID=BDM-1-70616532；真實公開決標紀錄；標準品名、產業與Scope 3為規則式候選，需人工覆核,機械設備
RP-0306,113學年度第1學期簿本、美勞教材採購,113學年度第1學期簿本、美勞教材採購,其他財物,其他製造商品,公開決標採購品名,其他製造商品,採購名稱／官方財物次分類／產業分類／Scope 3候選,,範疇3 類別1,113學年度第1學期簿本、美勞教材採購 / 其他製造商品 / 其他產業 / 其他財物 / 範疇3 類別1,公開資料候選，需人工覆核,來源紀錄ID=BDM-1-70616535；真實公開決標紀錄；標準品名、產業與Scope 3為規則式候選，需人工覆核,其他產業
RP-0307,彰化縣平和國小113學年度外訂午餐採購,彰化縣平和國小113學年度外訂午餐採購,食品／農產,"肉類,魚,果實,蔬菜,及油脂",公開決標採購品名,"肉類,魚,果實,蔬菜,及油脂",採購名稱／官方財物次分類／產業分類／Scope 3候選,,範疇3 類別1,彰化縣平和國小113學年度外訂午餐採購 / 肉類 / 魚 / 果實 / 蔬菜 / 及油脂 / 食品農產 / 食品 / 農產 / 範疇3 類別1,公開資料候選，需人工覆核,來源紀錄ID=BDM-1-70616546；真實公開決標紀錄；標準品名、產業與Scope 3為規則式候選，需人工覆核,食品農產
RP-0308,113年度紅外線熱顯像無人機組4組,113年度紅外線熱顯像無人機組4組,儀器／光學設備,"光學儀器,攝影設備及其零件與附件",公開決標採購品名,"光學儀器,攝影設備及其零件與附件",採購名稱／官方財物次分類／產業分類／Scope 3候選,,範疇3 類別1,113年度紅外線熱顯像無人機組4組 / 光學儀器 / 攝影設備及其零件與附件 / 儀器光電 / 儀器 / 光學設備 / 範疇3 類別1,公開資料候選，需人工覆核,來源紀錄ID=BDM-1-70616555；真實公開決標紀錄；標準品名、產業與Scope 3為規則式候選，需人工覆核,儀器光電
RP-0309,後煞車盤固定環等11項採購,後煞車盤固定環等11項採購,其他財物,鐵路及電車軌道之機車及其零件,公開決標採購品名,鐵路及電車軌道之機車及其零件,採購名稱／官方財物次分類／產業分類／Scope 3候選,,範疇3 類別1,後煞車盤固定環等11項採購 / 鐵路及電車軌道之機車及其零件 / 其他產業 / 其他財物 / 範疇3 類別1,公開資料候選，需人工覆核,來源紀錄ID=BDM-1-70616569；真實公開決標紀錄；標準品名、產業與Scope 3為規則式候選，需人工覆核,其他產業
RP-0310,視網膜影像診斷系統等4項,視網膜影像診斷系統等4項,醫療用品／藥品,"醫療,外科及矯形設備",公開決標採購品名,"醫療,外科及矯形設備",採購名稱／官方財物次分類／產業分類／Scope 3候選,,範疇3 類別1,視網膜影像診斷系統等4項 / 醫療 / 外科及矯形設備 / 醫療生技 / 醫療用品 / 藥品 / 範疇3 類別1,公開資料候選，需人工覆核,來源紀錄ID=BDM-1-70616581；真實公開決標紀錄；標準品名、產業與Scope 3為規則式候選，需人工覆核,醫療生技
RP-0311,113年度關西鎮公所補助錄影監視系統建置案,113年度關西鎮公所補助錄影監視系統建置案,機械／零組件,其他特殊用途之機具及其零件,公開決標採購品名,其他特殊用途之機具及其零件,採購名稱／官方財物次分類／產業分類／Scope 3候選,,範疇3 類別1,113年度關西鎮公所補助錄影監視系統建置案 / 其他特殊用途之機具及其零件 / 機械設備 / 機械 / 零組件 / 範疇3 類別1,公開資料候選，需人工覆核,來源紀錄ID=BDM-1-70616584；真實公開決標紀錄；標準品名、產業與Scope 3為規則式候選，需人工覆核,機械設備
RP-0312,113年龍潭廠原水水量計維護更新,113年龍潭廠原水水量計維護更新,儀器／光學設備,做為測量、檢查、航行及其他目的用之儀器和裝置，除光學儀器;工業程序控制設備;上述各項之零件及附件,公開決標採購品名,做為測量、檢查、航行及其他目的用之儀器和裝置，除光學儀器;工業程序控制設備;上述各項之零件及附件,採購名稱／官方財物次分類／產業分類／Scope 3候選,,範疇3 類別1,113年龍潭廠原水水量計維護更新 / 做為測量、檢查、航行及其他目的用之儀器和裝置 / 除光學儀器 / 工業程序控制設備 / 上述各項之零件及附件 / 儀器光電 / 儀器 / 光學設備 / 範疇3 類別1,公開資料候選，需人工覆核,來源紀錄ID=BDM-1-70616601；真實公開決標紀錄；標準品名、產業與Scope 3為規則式候選，需人工覆核,儀器光電
RP-0313,經皮式黃疸測定儀,經皮式黃疸測定儀,醫療用品／藥品,"醫療,外科及矯形設備",公開決標採購品名,"醫療,外科及矯形設備",採購名稱／官方財物次分類／產業分類／Scope 3候選,,範疇3 類別1,經皮式黃疸測定儀 / 醫療 / 外科及矯形設備 / 醫療生技 / 醫療用品 / 藥品 / 範疇3 類別1,公開資料候選，需人工覆核,來源紀錄ID=BDM-1-70616603；真實公開決標紀錄；標準品名、產業與Scope 3為規則式候選，需人工覆核,醫療生技
RP-0314,113學年度新生制服採購案,113學年度新生制服,其他財物,"紗及線,編織及簇織飾物",公開決標採購品名,"紗及線,編織及簇織飾物",採購名稱／官方財物次分類／產業分類／Scope 3候選,,範疇3 類別1,113學年度新生制服 / 紗及線 / 編織及簇織飾物 / 其他產業 / 其他財物 / 範疇3 類別1,公開資料候選，需人工覆核,來源紀錄ID=BDM-1-70616613；真實公開決標紀錄；標準品名、產業與Scope 3為規則式候選，需人工覆核,其他產業
RP-0315,113學年度設置班級置物櫃,113學年度設置班級置物櫃,其他財物,傢具,公開決標採購品名,傢具,採購名稱／官方財物次分類／產業分類／Scope 3候選,,範疇3 類別1,113學年度設置班級置物櫃 / 傢具 / 其他產業 / 其他財物 / 範疇3 類別1,公開資料候選，需人工覆核,來源紀錄ID=BDM-1-70616617；真實公開決標紀錄；標準品名、產業與Scope 3為規則式候選，需人工覆核,其他產業
RP-0316,112年月眉文化健康站階梯式座椅升降機(曲線型),112年月眉文化健康站階梯式座椅升降機(曲線型),車輛／運輸設備,其他運輸設備及其零件,公開決標採購品名,其他運輸設備及其零件,採購名稱／官方財物次分類／產業分類／Scope 3候選,,範疇3 類別1,112年月眉文化健康站階梯式座椅升降機(曲線型) / 其他運輸設備及其零件 / 運輸設備 / 車輛 / 範疇3 類別1,公開資料候選，需人工覆核,來源紀錄ID=BDM-1-70616618；真實公開決標紀錄；標準品名、產業與Scope 3為規則式候選，需人工覆核,運輸設備
RP-0317,臺中市大肚區大肚國民小學113學年度學校午餐食材採購,臺中市大肚區大肚國民小學113學年度學校午餐食材採購,食品／農產,"肉類,魚,果實,蔬菜,及油脂",公開決標採購品名,"肉類,魚,果實,蔬菜,及油脂",採購名稱／官方財物次分類／產業分類／Scope 3候選,,範疇3 類別1,臺中市大肚區大肚國民小學113學年度學校午餐食材採購 / 肉類 / 魚 / 果實 / 蔬菜 / 及油脂 / 食品農產 / 食品 / 農產 / 範疇3 類別1,公開資料候選，需人工覆核,來源紀錄ID=BDM-1-70616641；真實公開決標紀錄；標準品名、產業與Scope 3為規則式候選，需人工覆核,食品農產
RP-0318,113學年度學校午餐外訂桶餐盒餐財物採購案,113學年度學校午餐外訂桶餐盒餐財物,食品／農產,"肉類,魚,果實,蔬菜,及油脂",公開決標採購品名,"肉類,魚,果實,蔬菜,及油脂",採購名稱／官方財物次分類／產業分類／Scope 3候選,,範疇3 類別1,113學年度學校午餐外訂桶餐盒餐財物 / 肉類 / 魚 / 果實 / 蔬菜 / 及油脂 / 食品農產 / 食品 / 農產 / 範疇3 類別1,公開資料候選，需人工覆核,來源紀錄ID=BDM-1-70616667；真實公開決標紀錄；標準品名、產業與Scope 3為規則式候選，需人工覆核,食品農產
RP-0319,中央生理監視系統,中央生理監視系統,醫療用品／藥品,"醫療,外科及矯形設備",公開決標採購品名,"醫療,外科及矯形設備",採購名稱／官方財物次分類／產業分類／Scope 3候選,,範疇3 類別1,中央生理監視系統 / 醫療 / 外科及矯形設備 / 醫療生技 / 醫療用品 / 藥品 / 範疇3 類別1,公開資料候選，需人工覆核,來源紀錄ID=BDM-1-70616669；真實公開決標紀錄；標準品名、產業與Scope 3為規則式候選，需人工覆核,醫療生技
RP-0320,電聯車LED車廂燈管等2項物料採購,電聯車LED車廂燈管等2項物料採購,其他財物,燈絲電燈泡或放電式燈泡；弧光燈；照明設備；上述各項之零件,公開決標採購品名,燈絲電燈泡或放電式燈泡；弧光燈；照明設備；上述各項之零件,採購名稱／官方財物次分類／產業分類／Scope 3候選,,範疇3 類別1,電聯車LED車廂燈管等2項物料採購 / 燈絲電燈泡或放電式燈泡；弧光燈；照明設備；上述各項之零件 / 其他產業 / 其他財物 / 範疇3 類別1,公開資料候選，需人工覆核,來源紀錄ID=BDM-1-70616677；真實公開決標紀錄；標準品名、產業與Scope 3為規則式候選，需人工覆核,其他產業
RP-0321,輪椅一批,輪椅,醫療用品／藥品,"醫療,外科及矯形設備",公開決標採購品名,"醫療,外科及矯形設備",採購名稱／官方財物次分類／產業分類／Scope 3候選,,範疇3 類別1,輪椅 / 醫療 / 外科及矯形設備 / 醫療生技 / 醫療用品 / 藥品 / 範疇3 類別1,公開資料候選，需人工覆核,來源紀錄ID=BDM-1-70616695；真實公開決標紀錄；標準品名、產業與Scope 3為規則式候選，需人工覆核,醫療生技
RP-0322,2項口醫部衛材單價開口契約,2項口醫部衛材單價開口契約,醫療用品／藥品,醫藥產品,公開決標採購品名,醫藥產品,採購名稱／官方財物次分類／產業分類／Scope 3候選,,範疇3 類別1,2項口醫部衛材單價開口契約 / 醫藥產品 / 醫療生技 / 醫療用品 / 藥品 / 範疇3 類別1,公開資料候選，需人工覆核,來源紀錄ID=BDM-1-70616706；真實公開決標紀錄；標準品名、產業與Scope 3為規則式候選，需人工覆核,醫療生技
RP-0323,新城鄉內村辦、老人會館及社區活動中心等健康設備採購,新城鄉內村辦、老人會館及社區活動中心等健康設備採購,醫療用品／藥品,"醫療,外科及矯形設備",公開決標採購品名,"醫療,外科及矯形設備",採購名稱／官方財物次分類／產業分類／Scope 3候選,,範疇3 類別1,新城鄉內村辦、老人會館及社區活動中心等健康設備採購 / 醫療 / 外科及矯形設備 / 醫療生技 / 醫療用品 / 藥品 / 範疇3 類別1,公開資料候選，需人工覆核,來源紀錄ID=BDM-1-70616707；真實公開決標紀錄；標準品名、產業與Scope 3為規則式候選，需人工覆核,醫療生技
RP-0324,113年度高級中等以下學校績效優良體育班-器材設備採購案,113年度高級中等以下學校績效優良體育班-器材設備,其他財物,運動商品,公開決標採購品名,運動商品,採購名稱／官方財物次分類／產業分類／Scope 3候選,,範疇3 類別1,113年度高級中等以下學校績效優良體育班-器材設備 / 運動商品 / 其他產業 / 其他財物 / 範疇3 類別1,公開資料候選，需人工覆核,來源紀錄ID=BDM-1-70616727；真實公開決標紀錄；標準品名、產業與Scope 3為規則式候選，需人工覆核,其他產業
RP-0325,骨材等15項單價開口契約,骨材等15項單價開口契約,醫療用品／藥品,醫藥產品,公開決標採購品名,醫藥產品,採購名稱／官方財物次分類／產業分類／Scope 3候選,,範疇3 類別1,骨材等15項單價開口契約 / 醫藥產品 / 醫療生技 / 醫療用品 / 藥品 / 範疇3 類別1,公開資料候選，需人工覆核,來源紀錄ID=BDM-1-70616729；真實公開決標紀錄；標準品名、產業與Scope 3為規則式候選，需人工覆核,醫療生技
RP-0326,113學年度國中小畢業紀念冊財物採購案,113學年度國中小畢業紀念冊財物,紙品／印刷／包材,"紙漿,紙及紙產品;印刷品及相關的商品",公開決標採購品名,"紙漿,紙及紙產品;印刷品及相關的商品",採購名稱／官方財物次分類／產業分類／Scope 3候選,,範疇3 類別1,113學年度國中小畢業紀念冊財物 / 紙漿 / 紙及紙產品 / 印刷品及相關的商品 / 包材印刷 / 紙品 / 印刷 / 包材 / 範疇3 類別1,公開資料候選，需人工覆核,來源紀錄ID=BDM-1-70616735；真實公開決標紀錄；標準品名、產業與Scope 3為規則式候選，需人工覆核,包材印刷
RP-0327,附設幼兒園113學年度自立午餐食材採購,附設幼兒園113學年度自立午餐食材採購,食品／農產,"肉類,魚,果實,蔬菜,及油脂",公開決標採購品名,"肉類,魚,果實,蔬菜,及油脂",採購名稱／官方財物次分類／產業分類／Scope 3候選,,範疇3 類別1,附設幼兒園113學年度自立午餐食材採購 / 肉類 / 魚 / 果實 / 蔬菜 / 及油脂 / 食品農產 / 食品 / 農產 / 範疇3 類別1,公開資料候選，需人工覆核,來源紀錄ID=BDM-1-70616738；真實公開決標紀錄；標準品名、產業與Scope 3為規則式候選，需人工覆核,食品農產
RP-0328,113年度員警服裝62套,113年度員警服裝62套,其他財物,"成衣,毛皮服裝除外",公開決標採購品名,"成衣,毛皮服裝除外",採購名稱／官方財物次分類／產業分類／Scope 3候選,,範疇3 類別1,113年度員警服裝62套 / 成衣 / 毛皮服裝除外 / 其他產業 / 其他財物 / 範疇3 類別1,公開資料候選，需人工覆核,來源紀錄ID=BDM-1-70616752；真實公開決標紀錄；標準品名、產業與Scope 3為規則式候選，需人工覆核,其他產業
RP-0329,113開闔式黑板及大型觸控顯示器採購,113開闔式黑板及大型觸控顯示器採購,通訊／電子設備,"收音機、電視,通訊器材及儀器",公開決標採購品名,"收音機、電視,通訊器材及儀器",採購名稱／官方財物次分類／產業分類／Scope 3候選,,範疇3 類別1,113開闔式黑板及大型觸控顯示器採購 / 收音機、電視 / 通訊器材及儀器 / 電子通訊 / 通訊 / 電子設備 / 範疇3 類別1,公開資料候選，需人工覆核,來源紀錄ID=BDM-1-70616778；真實公開決標紀錄；標準品名、產業與Scope 3為規則式候選，需人工覆核,電子通訊
RP-0330,112學年度學校午餐外訂餐盒/桶餐採購案(後續擴充),112學年度學校午餐外訂餐盒/桶餐採購案(後續擴充),食品／農產,"肉類,魚,果實,蔬菜,及油脂",公開決標採購品名,"肉類,魚,果實,蔬菜,及油脂",採購名稱／官方財物次分類／產業分類／Scope 3候選,,範疇3 類別1,112學年度學校午餐外訂餐盒/桶餐採購案(後續擴充) / 肉類 / 魚 / 果實 / 蔬菜 / 及油脂 / 食品農產 / 食品 / 農產 / 範疇3 類別1,公開資料候選，需人工覆核,來源紀錄ID=BDM-1-70616784；真實公開決標紀錄；標準品名、產業與Scope 3為規則式候選，需人工覆核,食品農產
RP-0331,新北巿板橋區溪洲國民小學113學年度自立午餐食材採購案,新北巿板橋區溪洲國民小學113學年度自立午餐食材,食品／農產,"穀粉,澱粉及澱粉製品;其他食品",公開決標採購品名,"穀粉,澱粉及澱粉製品;其他食品",採購名稱／官方財物次分類／產業分類／Scope 3候選,,範疇3 類別1,新北巿板橋區溪洲國民小學113學年度自立午餐食材 / 穀粉 / 澱粉及澱粉製品 / 其他食品 / 食品農產 / 食品 / 農產 / 範疇3 類別1,公開資料候選，需人工覆核,來源紀錄ID=BDM-1-70616789；真實公開決標紀錄；標準品名、產業與Scope 3為規則式候選，需人工覆核,食品農產
RP-0332,113年物件式儲存系統擴充採購案,113年物件式儲存系統擴充,資訊設備／軟體,計算機及其零件與配件,公開決標採購品名,計算機及其零件與配件,採購名稱／官方財物次分類／產業分類／Scope 3候選,,範疇3 類別1,113年物件式儲存系統擴充 / 計算機及其零件與配件 / 資訊電子 / 資訊設備 / 軟體 / 範疇3 類別1,公開資料候選，需人工覆核,來源紀錄ID=BDM-1-70616795；真實公開決標紀錄；標準品名、產業與Scope 3為規則式候選，需人工覆核,資訊電子
RP-0333,113年高雄市深水苗圃苗木採購開口契約,113年高雄市深水苗圃苗木採購開口契約,其他財物,林業及伐木產物,公開決標採購品名,林業及伐木產物,採購名稱／官方財物次分類／產業分類／Scope 3候選,,範疇3 類別1,113年高雄市深水苗圃苗木採購開口契約 / 林業及伐木產物 / 其他產業 / 其他財物 / 範疇3 類別1,公開資料候選，需人工覆核,來源紀錄ID=BDM-1-70616802；真實公開決標紀錄；標準品名、產業與Scope 3為規則式候選，需人工覆核,其他產業
RP-0334,臺南市大灣國小「113學年度新生制服、運動服」財物採購案,臺南市大灣國小「113學年度新生制服、運動服」財物,其他財物,"成衣,毛皮服裝除外",公開決標採購品名,"成衣,毛皮服裝除外",採購名稱／官方財物次分類／產業分類／Scope 3候選,,範疇3 類別1,臺南市大灣國小「113學年度新生制服、運動服」財物 / 成衣 / 毛皮服裝除外 / 其他產業 / 其他財物 / 範疇3 類別1,公開資料候選，需人工覆核,來源紀錄ID=BDM-1-70616837；真實公開決標紀錄；標準品名、產業與Scope 3為規則式候選，需人工覆核,其他產業
RP-0335,移動式線上型油中氣體分析儀2台,移動式線上型油中氣體分析儀2台,電力設備／電材,電力傳輸、控制設備及其零件,公開決標採購品名,電力傳輸、控制設備及其零件,採購名稱／官方財物次分類／產業分類／Scope 3候選,,範疇3 類別1,移動式線上型油中氣體分析儀2台 / 電力傳輸、控制設備及其零件 / 電機電控 / 電力設備 / 電材 / 範疇3 類別1,公開資料候選，需人工覆核,來源紀錄ID=BDM-1-70616860；真實公開決標紀錄；標準品名、產業與Scope 3為規則式候選，需人工覆核,電機電控
RP-0336,113年充實公立國民中小學圖書館(室)藏書量D區(埔里、仁愛)聯合採購,113年充實公立國民中小學圖書館(室)藏書量D區(埔里、仁愛)聯合採購,紙品／印刷／包材,"紙漿,紙及紙產品;印刷品及相關的商品",公開決標採購品名,"紙漿,紙及紙產品;印刷品及相關的商品",採購名稱／官方財物次分類／產業分類／Scope 3候選,,範疇3 類別1,113年充實公立國民中小學圖書館(室)藏書量D區(埔里、仁愛)聯合採購 / 紙漿 / 紙及紙產品 / 印刷品及相關的商品 / 包材印刷 / 紙品 / 印刷 / 包材 / 範疇3 類別1,公開資料候選，需人工覆核,來源紀錄ID=BDM-1-70616915；真實公開決標紀錄；標準品名、產業與Scope 3為規則式候選，需人工覆核,包材印刷
RP-0337,標準訊號接收卡等3項,標準訊號接收卡等3項,通訊／電子設備,"收音機、電視,通訊器材及儀器",公開決標採購品名,"收音機、電視,通訊器材及儀器",採購名稱／官方財物次分類／產業分類／Scope 3候選,,範疇3 類別1,標準訊號接收卡等3項 / 收音機、電視 / 通訊器材及儀器 / 電子通訊 / 通訊 / 電子設備 / 範疇3 類別1,公開資料候選，需人工覆核,來源紀錄ID=BDM-1-70616922；真實公開決標紀錄；標準品名、產業與Scope 3為規則式候選，需人工覆核,電子通訊
RP-0338,高壓關斷閥備品等一批,高壓關斷閥備品等,電力設備／電材,電力傳輸、控制設備及其零件,公開決標採購品名,電力傳輸、控制設備及其零件,採購名稱／官方財物次分類／產業分類／Scope 3候選,,範疇3 類別1,高壓關斷閥備品等 / 電力傳輸、控制設備及其零件 / 電機電控 / 電力設備 / 電材 / 範疇3 類別1,公開資料候選，需人工覆核,來源紀錄ID=BDM-1-70616942；真實公開決標紀錄；標準品名、產業與Scope 3為規則式候選，需人工覆核,電機電控
RP-0339,113年度臺灣高雄地方檢察署贓證物品管理智能庫房計劃財物採購案,113年度臺灣高雄地方檢察署贓證物品管理智能庫房計劃財物,機械／零組件,其他特殊用途之機具及其零件,公開決標採購品名,其他特殊用途之機具及其零件,採購名稱／官方財物次分類／產業分類／Scope 3候選,,範疇3 類別1,113年度臺灣高雄地方檢察署贓證物品管理智能庫房計劃財物 / 其他特殊用途之機具及其零件 / 機械設備 / 機械 / 零組件 / 範疇3 類別1,公開資料候選，需人工覆核,來源紀錄ID=BDM-1-70616943；真實公開決標紀錄；標準品名、產業與Scope 3為規則式候選，需人工覆核,機械設備
RP-0340,0.7LOMAR方圓瓶(含蓋),0.7LOMAR方圓瓶(含蓋),建材／工程物料,玻璃及玻璃產品,公開決標採購品名,玻璃及玻璃產品,採購名稱／官方財物次分類／產業分類／Scope 3候選,,範疇3 類別1,0.7LOMAR方圓瓶(含蓋) / 玻璃及玻璃產品 / 工程建材 / 建材 / 工程物料 / 範疇3 類別1,公開資料候選，需人工覆核,來源紀錄ID=BDM-1-70616950；真實公開決標紀錄；標準品名、產業與Scope 3為規則式候選，需人工覆核,工程建材
RP-0341,正極材料極片製作系統一組,正極材料極片製作系統一組,機械／零組件,其他特殊用途之機具及其零件,公開決標採購品名,其他特殊用途之機具及其零件,採購名稱／官方財物次分類／產業分類／Scope 3候選,,範疇3 類別1,正極材料極片製作系統一組 / 其他特殊用途之機具及其零件 / 機械設備 / 機械 / 零組件 / 範疇3 類別1,公開資料候選，需人工覆核,來源紀錄ID=BDM-1-70616955；真實公開決標紀錄；標準品名、產業與Scope 3為規則式候選，需人工覆核,機械設備
RP-0342,GEM-X單細胞3'基因表現檢測套組(4反應)等9項單價合約。,GEM-X單細胞3'基因表現檢測套組(4反應)等9項單價合約。,醫療用品／藥品,醫藥產品,公開決標採購品名,醫藥產品,採購名稱／官方財物次分類／產業分類／Scope 3候選,,範疇3 類別1,GEM-X單細胞3'基因表現檢測套組(4反應)等9項單價合約。 / 醫藥產品 / 醫療生技 / 醫療用品 / 藥品 / 範疇3 類別1,公開資料候選，需人工覆核,來源紀錄ID=BDM-1-70616974；真實公開決標紀錄；標準品名、產業與Scope 3為規則式候選，需人工覆核,醫療生技
RP-0343,善化啤酒廠化粧品工場增購全自動六頭式灌裝機及旋蓋機1套,善化啤酒廠化粧品工場增購全自動六頭式灌裝機及旋蓋機1套,機械／零組件,其他通用機具,公開決標採購品名,其他通用機具,採購名稱／官方財物次分類／產業分類／Scope 3候選,,範疇3 類別1,善化啤酒廠化粧品工場增購全自動六頭式灌裝機及旋蓋機1套 / 其他通用機具 / 機械設備 / 機械 / 零組件 / 範疇3 類別1,公開資料候選，需人工覆核,來源紀錄ID=BDM-1-70616985；真實公開決標紀錄；標準品名、產業與Scope 3為規則式候選，需人工覆核,機械設備
RP-0344,WOODWARDGOVERNOR汽輪機專用配件,WOODWARDGOVERNOR汽輪機專用配件,機械／零組件,"幫浦,壓縮機,液壓與氣動引擎,閥門及其零件",公開決標採購品名,"幫浦,壓縮機,液壓與氣動引擎,閥門及其零件",採購名稱／官方財物次分類／產業分類／Scope 3候選,,範疇3 類別1,WOODWARDGOVERNOR汽輪機專用配件 / 幫浦 / 壓縮機 / 液壓與氣動引擎 / 閥門及其零件 / 機械設備 / 機械 / 零組件 / 範疇3 類別1,公開資料候選，需人工覆核,來源紀錄ID=BDM-1-70616994；真實公開決標紀錄；標準品名、產業與Scope 3為規則式候選，需人工覆核,機械設備
RP-0345,113年度學校活動中心音響設備採購,113年度學校活動中心音響設備採購,其他財物,家用電器及其零件,公開決標採購品名,家用電器及其零件,採購名稱／官方財物次分類／產業分類／Scope 3候選,,範疇3 類別1,113年度學校活動中心音響設備採購 / 家用電器及其零件 / 其他產業 / 其他財物 / 範疇3 類別1,公開資料候選，需人工覆核,來源紀錄ID=BDM-1-70616995；真實公開決標紀錄；標準品名、產業與Scope 3為規則式候選，需人工覆核,其他產業
RP-0346,"酵素SapI1,250units(NEB)等5項單價合約","酵素SapI1,250units(NEB)等5項單價合約",醫療用品／藥品,醫藥產品,公開決標採購品名,醫藥產品,採購名稱／官方財物次分類／產業分類／Scope 3候選,,範疇3 類別1,酵素SapI1 / 250units(NEB)等5項單價合約 / 醫藥產品 / 醫療生技 / 醫療用品 / 藥品 / 範疇3 類別1,公開資料候選，需人工覆核,來源紀錄ID=BDM-1-70617018；真實公開決標紀錄；標準品名、產業與Scope 3為規則式候選，需人工覆核,醫療生技
RP-0347,中五至八機鍋爐引風機聯軸器一批兩項,中五至八機鍋爐引風機聯軸器一批兩項,其他財物,"軸承,齒輪,傳動裝置,驅動元件及其零件",公開決標採購品名,"軸承,齒輪,傳動裝置,驅動元件及其零件",採購名稱／官方財物次分類／產業分類／Scope 3候選,,範疇3 類別1,中五至八機鍋爐引風機聯軸器一批兩項 / 軸承 / 齒輪 / 傳動裝置 / 驅動元件及其零件 / 其他產業 / 其他財物 / 範疇3 類別1,公開資料候選，需人工覆核,來源紀錄ID=BDM-1-70617027；真實公開決標紀錄；標準品名、產業與Scope 3為規則式候選，需人工覆核,其他產業
RP-0348,113年度下半年至114年度上半年康軒版教材,113年度下半年至114年度上半年康軒版教材,紙品／印刷／包材,"紙漿,紙及紙產品;印刷品及相關的商品",公開決標採購品名,"紙漿,紙及紙產品;印刷品及相關的商品",採購名稱／官方財物次分類／產業分類／Scope 3候選,,範疇3 類別1,113年度下半年至114年度上半年康軒版教材 / 紙漿 / 紙及紙產品 / 印刷品及相關的商品 / 包材印刷 / 紙品 / 印刷 / 包材 / 範疇3 類別1,公開資料候選，需人工覆核,來源紀錄ID=BDM-1-70617028；真實公開決標紀錄；標準品名、產業與Scope 3為規則式候選，需人工覆核,包材印刷
RP-0349,台糖公司蜜鄰便利超市商品交易採購,台糖公司蜜鄰便利超市商品交易採購,食品／農產,"穀粉,澱粉及澱粉製品;其他食品",公開決標採購品名,"穀粉,澱粉及澱粉製品;其他食品",採購名稱／官方財物次分類／產業分類／Scope 3候選,,範疇3 類別1,台糖公司蜜鄰便利超市商品交易採購 / 穀粉 / 澱粉及澱粉製品 / 其他食品 / 食品農產 / 食品 / 農產 / 範疇3 類別1,公開資料候選，需人工覆核,來源紀錄ID=BDM-1-70617041；真實公開決標紀錄；標準品名、產業與Scope 3為規則式候選，需人工覆核,食品農產
RP-0350,113學年度學生午餐外訂盒(桶)餐暨幼兒園點心,113學年度學生午餐外訂盒(桶)餐暨幼兒園點心,食品／農產,"肉類,魚,果實,蔬菜,及油脂",公開決標採購品名,"肉類,魚,果實,蔬菜,及油脂",採購名稱／官方財物次分類／產業分類／Scope 3候選,,範疇3 類別1,113學年度學生午餐外訂盒(桶)餐暨幼兒園點心 / 肉類 / 魚 / 果實 / 蔬菜 / 及油脂 / 食品農產 / 食品 / 農產 / 範疇3 類別1,公開資料候選，需人工覆核,來源紀錄ID=BDM-1-70617051；真實公開決標紀錄；標準品名、產業與Scope 3為規則式候選，需人工覆核,食品農產
RP-0351,113年度天然氣用嗅劑採購案,113年度天然氣用嗅劑,化學品／塑橡膠,基本化學產品,公開決標採購品名,基本化學產品,採購名稱／官方財物次分類／產業分類／Scope 3候選,,範疇3 類別1,113年度天然氣用嗅劑 / 基本化學產品 / 化工塑橡膠 / 化學品 / 塑橡膠 / 範疇3 類別1,公開資料候選，需人工覆核,來源紀錄ID=BDM-1-70617058；真實公開決標紀錄；標準品名、產業與Scope 3為規則式候選，需人工覆核,化工塑橡膠
RP-0352,新竹縣橫山鄉113年重陽敬老禮品及敬老框狀(含A4敬老狀套印)採購招標案,新竹縣橫山鄉113年重陽敬老禮品及敬老框狀(含A4敬老狀套印)採購招標案,其他財物,其他製造商品,公開決標採購品名,其他製造商品,採購名稱／官方財物次分類／產業分類／Scope 3候選,,範疇3 類別1,新竹縣橫山鄉113年重陽敬老禮品及敬老框狀(含A4敬老狀套印)採購招標案 / 其他製造商品 / 其他產業 / 其他財物 / 範疇3 類別1,公開資料候選，需人工覆核,來源紀錄ID=BDM-1-70617059；真實公開決標紀錄；標準品名、產業與Scope 3為規則式候選，需人工覆核,其他產業
RP-0353,"Omega-3(飼料用)48,000Kg","Omega-3(飼料用)48,000Kg",其他財物,"農業,園藝及市場園藝產品",公開決標採購品名,"農業,園藝及市場園藝產品",採購名稱／官方財物次分類／產業分類／Scope 3候選,,範疇3 類別1,Omega-3(飼料用)48 / 000Kg / 農業 / 園藝及市場園藝產品 / 其他產業 / 其他財物 / 範疇3 類別1,公開資料候選，需人工覆核,來源紀錄ID=BDM-1-70617064；真實公開決標紀錄；標準品名、產業與Scope 3為規則式候選，需人工覆核,其他產業
RP-0354,113學年第1學期教科書採購案,113學年第1學期教科書,紙品／印刷／包材,"紙漿,紙及紙產品;印刷品及相關的商品",公開決標採購品名,"紙漿,紙及紙產品;印刷品及相關的商品",採購名稱／官方財物次分類／產業分類／Scope 3候選,,範疇3 類別1,113學年第1學期教科書 / 紙漿 / 紙及紙產品 / 印刷品及相關的商品 / 包材印刷 / 紙品 / 印刷 / 包材 / 範疇3 類別1,公開資料候選，需人工覆核,來源紀錄ID=BDM-1-70617068；真實公開決標紀錄；標準品名、產業與Scope 3為規則式候選，需人工覆核,包材印刷
RP-0355,模具科六軸協作型機械手臂設備採購案,模具科六軸協作型機械手臂設備,機械／零組件,"工具機,其零件及附件",公開決標採購品名,"工具機,其零件及附件",採購名稱／官方財物次分類／產業分類／Scope 3候選,,範疇3 類別1,模具科六軸協作型機械手臂設備 / 工具機 / 其零件及附件 / 機械設備 / 機械 / 零組件 / 範疇3 類別1,公開資料候選，需人工覆核,來源紀錄ID=BDM-1-70617069；真實公開決標紀錄；標準品名、產業與Scope 3為規則式候選，需人工覆核,機械設備
RP-0356,傳統碳鋼岔心及岔尖組採購,傳統碳鋼岔心及岔尖組採購,金屬／五金,其他製造商品,公開決標採購品名,其他製造商品,採購名稱／官方財物次分類／產業分類／Scope 3候選,,範疇3 類別1,傳統碳鋼岔心及岔尖組採購 / 其他製造商品 / 金屬加工 / 金屬 / 五金 / 範疇3 類別1,公開資料候選，需人工覆核,來源紀錄ID=BDM-1-70617073；真實公開決標紀錄；標準品名、產業與Scope 3為規則式候選，需人工覆核,金屬加工
RP-0357,113年新竹縣體育場田徑器材財物採購案,113年新竹縣體育場田徑器材財物,其他財物,運動商品,公開決標採購品名,運動商品,採購名稱／官方財物次分類／產業分類／Scope 3候選,,範疇3 類別1,113年新竹縣體育場田徑器材財物 / 運動商品 / 其他產業 / 其他財物 / 範疇3 類別1,公開資料候選，需人工覆核,來源紀錄ID=BDM-1-70617077；真實公開決標紀錄；標準品名、產業與Scope 3為規則式候選，需人工覆核,其他產業
RP-0358,顎碎機等一批,顎碎機等,其他財物,"烤箱,熔爐燃燒器及其零件",公開決標採購品名,"烤箱,熔爐燃燒器及其零件",採購名稱／官方財物次分類／產業分類／Scope 3候選,,範疇3 類別1,顎碎機等 / 烤箱 / 熔爐燃燒器及其零件 / 其他產業 / 其他財物 / 範疇3 類別1,公開資料候選，需人工覆核,來源紀錄ID=BDM-1-70617081；真實公開決標紀錄；標準品名、產業與Scope 3為規則式候選，需人工覆核,其他產業
RP-0359,113學年度幼兒園餐點食材採購,113學年度幼兒園餐點食材採購,食品／農產,"肉類,魚,果實,蔬菜,及油脂",公開決標採購品名,"肉類,魚,果實,蔬菜,及油脂",採購名稱／官方財物次分類／產業分類／Scope 3候選,,範疇3 類別1,113學年度幼兒園餐點食材採購 / 肉類 / 魚 / 果實 / 蔬菜 / 及油脂 / 食品農產 / 食品 / 農產 / 範疇3 類別1,公開資料候選，需人工覆核,來源紀錄ID=BDM-1-70617095；真實公開決標紀錄；標準品名、產業與Scope 3為規則式候選，需人工覆核,食品農產
RP-0360,國立苗栗高商113學年度第1學期教科書採購案,國立苗栗高商113學年度第1學期教科書,紙品／印刷／包材,"紙漿,紙及紙產品;印刷品及相關的商品",公開決標採購品名,"紙漿,紙及紙產品;印刷品及相關的商品",採購名稱／官方財物次分類／產業分類／Scope 3候選,,範疇3 類別1,國立苗栗高商113學年度第1學期教科書 / 紙漿 / 紙及紙產品 / 印刷品及相關的商品 / 包材印刷 / 紙品 / 印刷 / 包材 / 範疇3 類別1,公開資料候選，需人工覆核,來源紀錄ID=BDM-1-70617132；真實公開決標紀錄；標準品名、產業與Scope 3為規則式候選，需人工覆核,包材印刷
RP-0361,熱重/熱示差同步分析儀,熱重/熱示差同步分析儀,儀器／光學設備,做為測量、檢查、航行及其他目的用之儀器和裝置，除光學儀器;工業程序控制設備;上述各項之零件及附件,公開決標採購品名,做為測量、檢查、航行及其他目的用之儀器和裝置，除光學儀器;工業程序控制設備;上述各項之零件及附件,採購名稱／官方財物次分類／產業分類／Scope 3候選,,範疇3 類別1,熱重/熱示差同步分析儀 / 做為測量、檢查、航行及其他目的用之儀器和裝置 / 除光學儀器 / 工業程序控制設備 / 上述各項之零件及附件 / 儀器光電 / 儀器 / 光學設備 / 範疇3 類別1,公開資料候選，需人工覆核,來源紀錄ID=BDM-1-70617135；真實公開決標紀錄；標準品名、產業與Scope 3為規則式候選，需人工覆核,儀器光電
RP-0362,南部地區機動海巡隊安平艦112年度歲修後續擴充案,南部地區機動海巡隊安平艦112年度歲修後續擴充案,車輛／運輸設備,船舶,公開決標採購品名,船舶,採購名稱／官方財物次分類／產業分類／Scope 3候選,,範疇3 類別1,南部地區機動海巡隊安平艦112年度歲修後續擴充案 / 船舶 / 運輸設備 / 車輛 / 範疇3 類別1,公開資料候選，需人工覆核,來源紀錄ID=BDM-1-70617151；真實公開決標紀錄；標準品名、產業與Scope 3為規則式候選，需人工覆核,運輸設備
RP-0363,台東零售加油站POS系統設備汰換(前台機),台東零售加油站POS系統設備汰換(前台機),資訊設備／軟體,計算機及其零件與配件,公開決標採購品名,計算機及其零件與配件,採購名稱／官方財物次分類／產業分類／Scope 3候選,,範疇3 類別1,台東零售加油站POS系統設備汰換(前台機) / 計算機及其零件與配件 / 資訊電子 / 資訊設備 / 軟體 / 範疇3 類別1,公開資料候選，需人工覆核,來源紀錄ID=BDM-1-70617160；真實公開決標紀錄；標準品名、產業與Scope 3為規則式候選，需人工覆核,資訊電子
RP-0364,和美鎮公所中型巴士財物採購案,和美鎮公所中型巴士財物,車輛／運輸設備,"機動車,拖車,半拖車;車輛機件",公開決標採購品名,"機動車,拖車,半拖車;車輛機件",採購名稱／官方財物次分類／產業分類／Scope 3候選,,範疇3 類別1,和美鎮公所中型巴士財物 / 機動車 / 拖車 / 半拖車 / 車輛機件 / 運輸設備 / 車輛 / 範疇3 類別1,公開資料候選，需人工覆核,來源紀錄ID=BDM-1-70617163；真實公開決標紀錄；標準品名、產業與Scope 3為規則式候選，需人工覆核,運輸設備
RP-0365,113年度臺北市政府基隆河六號地13戶國民住宅房屋租賃採購案,113年度臺北市政府基隆河六號地13戶國民住宅房屋租賃,其他財物,建地及相關土地,公開決標採購品名,建地及相關土地,採購名稱／官方財物次分類／產業分類／Scope 3候選,,範疇3 類別1,113年度臺北市政府基隆河六號地13戶國民住宅房屋租賃 / 建地及相關土地 / 其他產業 / 其他財物 / 範疇3 類別1,公開資料候選，需人工覆核,來源紀錄ID=BDM-1-70617168；真實公開決標紀錄；標準品名、產業與Scope 3為規則式候選，需人工覆核,其他產業
RP-0366,隨身型蒐證配件一批,隨身型蒐證配件,儀器／光學設備,"光學儀器,攝影設備及其零件與附件",公開決標採購品名,"光學儀器,攝影設備及其零件與附件",採購名稱／官方財物次分類／產業分類／Scope 3候選,,範疇3 類別1,隨身型蒐證配件 / 光學儀器 / 攝影設備及其零件與附件 / 儀器光電 / 儀器 / 光學設備 / 範疇3 類別1,公開資料候選，需人工覆核,來源紀錄ID=BDM-1-70617169；真實公開決標紀錄；標準品名、產業與Scope 3為規則式候選，需人工覆核,儀器光電
RP-0367,維智敏造影注射液劑1項貳年期單價開口合約,維智敏造影注射液劑1項貳年期單價開口合約,醫療用品／藥品,醫藥產品,公開決標採購品名,醫藥產品,採購名稱／官方財物次分類／產業分類／Scope 3候選,,範疇3 類別1,維智敏造影注射液劑1項貳年期單價開口合約 / 醫藥產品 / 醫療生技 / 醫療用品 / 藥品 / 範疇3 類別1,公開資料候選，需人工覆核,來源紀錄ID=BDM-1-70617170；真實公開決標紀錄；標準品名、產業與Scope 3為規則式候選，需人工覆核,醫療生技
RP-0368,2024王功漁火節活動工作人員便當採購案,2024王功漁火節活動工作人員便當,食品／農產,"肉類,魚,果實,蔬菜,及油脂",公開決標採購品名,"肉類,魚,果實,蔬菜,及油脂",採購名稱／官方財物次分類／產業分類／Scope 3候選,,範疇3 類別1,2024王功漁火節活動工作人員便當 / 肉類 / 魚 / 果實 / 蔬菜 / 及油脂 / 食品農產 / 食品 / 農產 / 範疇3 類別1,公開資料候選，需人工覆核,來源紀錄ID=BDM-1-70617171；真實公開決標紀錄；標準品名、產業與Scope 3為規則式候選，需人工覆核,食品農產
RP-0369,水質分析儀25只,水質分析儀25只,儀器／光學設備,做為測量、檢查、航行及其他目的用之儀器和裝置，除光學儀器;工業程序控制設備;上述各項之零件及附件,公開決標採購品名,做為測量、檢查、航行及其他目的用之儀器和裝置，除光學儀器;工業程序控制設備;上述各項之零件及附件,採購名稱／官方財物次分類／產業分類／Scope 3候選,,範疇3 類別1,水質分析儀25只 / 做為測量、檢查、航行及其他目的用之儀器和裝置 / 除光學儀器 / 工業程序控制設備 / 上述各項之零件及附件 / 儀器光電 / 儀器 / 光學設備 / 範疇3 類別1,公開資料候選，需人工覆核,來源紀錄ID=BDM-1-70617186；真實公開決標紀錄；標準品名、產業與Scope 3為規則式候選，需人工覆核,儀器光電
RP-0370,溫控傳遞墊,溫控傳遞墊,醫療用品／藥品,醫藥產品,公開決標採購品名,醫藥產品,採購名稱／官方財物次分類／產業分類／Scope 3候選,,範疇3 類別1,溫控傳遞墊 / 醫藥產品 / 醫療生技 / 醫療用品 / 藥品 / 範疇3 類別1,公開資料候選，需人工覆核,來源紀錄ID=BDM-1-70617187；真實公開決標紀錄；標準品名、產業與Scope 3為規則式候選，需人工覆核,醫療生技
RP-0371,113學年度學生美勞材料採購,113學年度學生美勞材料採購,紙品／印刷／包材,"紙漿,紙及紙產品;印刷品及相關的商品",公開決標採購品名,"紙漿,紙及紙產品;印刷品及相關的商品",採購名稱／官方財物次分類／產業分類／Scope 3候選,,範疇3 類別1,113學年度學生美勞材料採購 / 紙漿 / 紙及紙產品 / 印刷品及相關的商品 / 包材印刷 / 紙品 / 印刷 / 包材 / 範疇3 類別1,公開資料候選，需人工覆核,來源紀錄ID=BDM-1-70617188；真實公開決標紀錄；標準品名、產業與Scope 3為規則式候選，需人工覆核,包材印刷
RP-0372,門控器(DCSS5)等2項採購,門控器(DCSS5)等2項採購,車輛／運輸設備,其他運輸設備及其零件,公開決標採購品名,其他運輸設備及其零件,採購名稱／官方財物次分類／產業分類／Scope 3候選,,範疇3 類別1,門控器(DCSS5)等2項採購 / 其他運輸設備及其零件 / 運輸設備 / 車輛 / 範疇3 類別1,公開資料候選，需人工覆核,來源紀錄ID=BDM-1-70617191；真實公開決標紀錄；標準品名、產業與Scope 3為規則式候選，需人工覆核,運輸設備
RP-0373,113年「推動中小學數位學習精進方案」教學軟體及數位內容(二)採購案,113年「推動中小學數位學習精進方案」教學軟體及數位內容(二),資訊設備／軟體,計算機及其零件與配件,公開決標採購品名,計算機及其零件與配件,採購名稱／官方財物次分類／產業分類／Scope 3候選,,範疇3 類別1,113年「推動中小學數位學習精進方案」教學軟體及數位內容(二) / 計算機及其零件與配件 / 資訊電子 / 資訊設備 / 軟體 / 範疇3 類別1,公開資料候選，需人工覆核,來源紀錄ID=BDM-1-70617194；真實公開決標紀錄；標準品名、產業與Scope 3為規則式候選，需人工覆核,資訊電子
RP-0374,行政院主計總處「視訊會議室設備採購及空間裝修」財物採購案,行政院主計總處「視訊會議室設備採購及空間裝修」財物,通訊／電子設備,"收音機、電視,通訊器材及儀器",公開決標採購品名,"收音機、電視,通訊器材及儀器",採購名稱／官方財物次分類／產業分類／Scope 3候選,,範疇3 類別1,行政院主計總處「視訊會議室設備採購及空間裝修」財物 / 收音機、電視 / 通訊器材及儀器 / 電子通訊 / 通訊 / 電子設備 / 範疇3 類別1,公開資料候選，需人工覆核,來源紀錄ID=BDM-1-70617201；真實公開決標紀錄；標準品名、產業與Scope 3為規則式候選，需人工覆核,電子通訊
RP-0375,手持式干涉光眼底斷層掃描機1台,手持式干涉光眼底斷層掃描機1台,醫療用品／藥品,"醫療,外科及矯形設備",公開決標採購品名,"醫療,外科及矯形設備",採購名稱／官方財物次分類／產業分類／Scope 3候選,,範疇3 類別1,手持式干涉光眼底斷層掃描機1台 / 醫療 / 外科及矯形設備 / 醫療生技 / 醫療用品 / 藥品 / 範疇3 類別1,公開資料候選，需人工覆核,來源紀錄ID=BDM-1-70617225；真實公開決標紀錄；標準品名、產業與Scope 3為規則式候選，需人工覆核,醫療生技
RP-0376,郵政物流園區物流中心1D單元大型風扇,郵政物流園區物流中心1D單元大型風扇,其他財物,辦公室及會計機器，其零件及附件,公開決標採購品名,辦公室及會計機器，其零件及附件,採購名稱／官方財物次分類／產業分類／Scope 3候選,,範疇3 類別1,郵政物流園區物流中心1D單元大型風扇 / 辦公室及會計機器 / 其零件及附件 / 其他產業 / 其他財物 / 範疇3 類別1,公開資料候選，需人工覆核,來源紀錄ID=BDM-1-70617235；真實公開決標紀錄；標準品名、產業與Scope 3為規則式候選，需人工覆核,其他產業
RP-0377,113-115總分院濃縮酵素清潔劑單價合約招標案,113-115總分院濃縮酵素清潔劑單價合約招標案,醫療用品／藥品,醫藥產品,公開決標採購品名,醫藥產品,採購名稱／官方財物次分類／產業分類／Scope 3候選,,範疇3 類別1,113-115總分院濃縮酵素清潔劑單價合約招標案 / 醫藥產品 / 醫療生技 / 醫療用品 / 藥品 / 範疇3 類別1,公開資料候選，需人工覆核,來源紀錄ID=BDM-1-70617238；真實公開決標紀錄；標準品名、產業與Scope 3為規則式候選，需人工覆核,醫療生技
RP-0378,新海瓦斯150表燈供氣服務,新海瓦斯150表燈供氣服務,其他財物,石油及天然氣,公開決標採購品名,石油及天然氣,採購名稱／官方財物次分類／產業分類／Scope 3候選,,範疇3 類別1,新海瓦斯150表燈供氣服務 / 石油及天然氣 / 其他產業 / 其他財物 / 範疇3 類別1,公開資料候選，需人工覆核,來源紀錄ID=BDM-1-70617253；真實公開決標紀錄；標準品名、產業與Scope 3為規則式候選，需人工覆核,其他產業
RP-0379,113年度五堵國小教室窗簾汰換採購,113年度五堵國小教室窗簾汰換採購,其他財物,編織或鉤針織品,公開決標採購品名,編織或鉤針織品,採購名稱／官方財物次分類／產業分類／Scope 3候選,,範疇3 類別1,113年度五堵國小教室窗簾汰換採購 / 編織或鉤針織品 / 其他產業 / 其他財物 / 範疇3 類別1,公開資料候選，需人工覆核,來源紀錄ID=BDM-1-70617255；真實公開決標紀錄；標準品名、產業與Scope 3為規則式候選，需人工覆核,其他產業
RP-0380,屏東縣113年度充實所轄國中小圖書館(室)藏書量計畫聯合採購案,屏東縣113年度充實所轄國中小圖書館(室)藏書量計畫聯合,紙品／印刷／包材,"紙漿,紙及紙產品;印刷品及相關的商品",公開決標採購品名,"紙漿,紙及紙產品;印刷品及相關的商品",採購名稱／官方財物次分類／產業分類／Scope 3候選,,範疇3 類別1,屏東縣113年度充實所轄國中小圖書館(室)藏書量計畫聯合 / 紙漿 / 紙及紙產品 / 印刷品及相關的商品 / 包材印刷 / 紙品 / 印刷 / 包材 / 範疇3 類別1,公開資料候選，需人工覆核,來源紀錄ID=BDM-1-70617265；真實公開決標紀錄；標準品名、產業與Scope 3為規則式候選，需人工覆核,包材印刷
RP-0381,影視虛擬製作攝影棚設備含修繕乙批,影視虛擬製作攝影棚設備含修繕,其他財物,辦公室及會計機器，其零件及附件,公開決標採購品名,辦公室及會計機器，其零件及附件,採購名稱／官方財物次分類／產業分類／Scope 3候選,,範疇3 類別1,影視虛擬製作攝影棚設備含修繕 / 辦公室及會計機器 / 其零件及附件 / 其他產業 / 其他財物 / 範疇3 類別1,公開資料候選，需人工覆核,來源紀錄ID=BDM-1-70617274；真實公開決標紀錄；標準品名、產業與Scope 3為規則式候選，需人工覆核,其他產業
RP-0382,直流高壓絕緣測定器乙具,直流高壓絕緣測定器乙具,電力設備／電材,電力傳輸、控制設備及其零件,公開決標採購品名,電力傳輸、控制設備及其零件,採購名稱／官方財物次分類／產業分類／Scope 3候選,,範疇3 類別1,直流高壓絕緣測定器乙具 / 電力傳輸、控制設備及其零件 / 電機電控 / 電力設備 / 電材 / 範疇3 類別1,公開資料候選，需人工覆核,來源紀錄ID=BDM-1-70617275；真實公開決標紀錄；標準品名、產業與Scope 3為規則式候選，需人工覆核,電機電控
RP-0383,2-Deoxy-2-[18F]fluoro-D-glucoseinj.10mCi藥品採購案,2-Deoxy-2-[18F]fluoro-D-glucoseinj.10mCi藥品,醫療用品／藥品,醫藥產品,公開決標採購品名,醫藥產品,採購名稱／官方財物次分類／產業分類／Scope 3候選,,範疇3 類別1,2-Deoxy-2-[18F]fluoro-D-glucoseinj.10mCi藥品 / 醫藥產品 / 醫療生技 / 醫療用品 / 藥品 / 範疇3 類別1,公開資料候選，需人工覆核,來源紀錄ID=BDM-1-70617281；真實公開決標紀錄；標準品名、產業與Scope 3為規則式候選，需人工覆核,醫療生技
RP-0384,增設安養院區自動撒水設備,增設安養院區自動撒水設備,機械／零組件,其他通用機具,公開決標採購品名,其他通用機具,採購名稱／官方財物次分類／產業分類／Scope 3候選,,範疇3 類別1,增設安養院區自動撒水設備 / 其他通用機具 / 機械設備 / 機械 / 零組件 / 範疇3 類別1,公開資料候選，需人工覆核,來源紀錄ID=BDM-1-70617283；真實公開決標紀錄；標準品名、產業與Scope 3為規則式候選，需人工覆核,機械設備
RP-0385,麥寮高中113年改善訓練環境及器材設備招標,麥寮高中113年改善訓練環境及器材設備招標,其他財物,運動商品,公開決標採購品名,運動商品,採購名稱／官方財物次分類／產業分類／Scope 3候選,,範疇3 類別1,麥寮高中113年改善訓練環境及器材設備招標 / 運動商品 / 其他產業 / 其他財物 / 範疇3 類別1,公開資料候選，需人工覆核,來源紀錄ID=BDM-1-70617296；真實公開決標紀錄；標準品名、產業與Scope 3為規則式候選，需人工覆核,其他產業
RP-0386,本校生物科、物理科、化學科、數學科113年充實一般科目教學設備財物採購案,本校生物科、物理科、化學科、數學科113年充實一般科目教學設備財物,儀器／光學設備,"光學儀器,攝影設備及其零件與附件",公開決標採購品名,"光學儀器,攝影設備及其零件與附件",採購名稱／官方財物次分類／產業分類／Scope 3候選,,範疇3 類別1,本校生物科、物理科、化學科、數學科113年充實一般科目教學設備財物 / 光學儀器 / 攝影設備及其零件與附件 / 儀器光電 / 儀器 / 光學設備 / 範疇3 類別1,公開資料候選，需人工覆核,來源紀錄ID=BDM-1-70617318；真實公開決標紀錄；標準品名、產業與Scope 3為規則式候選，需人工覆核,儀器光電
RP-0387,113學年度第1學期教科書採購案,113學年度第1學期教科書,紙品／印刷／包材,"紙漿,紙及紙產品;印刷品及相關的商品",公開決標採購品名,"紙漿,紙及紙產品;印刷品及相關的商品",採購名稱／官方財物次分類／產業分類／Scope 3候選,,範疇3 類別1,113學年度第1學期教科書 / 紙漿 / 紙及紙產品 / 印刷品及相關的商品 / 包材印刷 / 紙品 / 印刷 / 包材 / 範疇3 類別1,公開資料候選，需人工覆核,來源紀錄ID=BDM-1-70617322；真實公開決標紀錄；標準品名、產業與Scope 3為規則式候選，需人工覆核,包材印刷
RP-0388,113學年冷凍冷藏及乾雜貨食材採購,113學年冷凍冷藏及乾雜貨食材採購,食品／農產,"肉類,魚,果實,蔬菜,及油脂",公開決標採購品名,"肉類,魚,果實,蔬菜,及油脂",採購名稱／官方財物次分類／產業分類／Scope 3候選,,範疇3 類別1,113學年冷凍冷藏及乾雜貨食材採購 / 肉類 / 魚 / 果實 / 蔬菜 / 及油脂 / 食品農產 / 食品 / 農產 / 範疇3 類別1,公開資料候選，需人工覆核,來源紀錄ID=BDM-1-70617325；真實公開決標紀錄；標準品名、產業與Scope 3為規則式候選，需人工覆核,食品農產
RP-0389,麥寮高中113學年度暑期學藝活動便當招標,麥寮高中113學年度暑期學藝活動便當招標,食品／農產,"穀粉,澱粉及澱粉製品;其他食品",公開決標採購品名,"穀粉,澱粉及澱粉製品;其他食品",採購名稱／官方財物次分類／產業分類／Scope 3候選,,範疇3 類別1,麥寮高中113學年度暑期學藝活動便當招標 / 穀粉 / 澱粉及澱粉製品 / 其他食品 / 食品農產 / 食品 / 農產 / 範疇3 類別1,公開資料候選，需人工覆核,來源紀錄ID=BDM-1-70617328；真實公開決標紀錄；標準品名、產業與Scope 3為規則式候選，需人工覆核,食品農產
RP-0390,113年度基層選手訓練站財物採購案,113年度基層選手訓練站財物,其他財物,運動商品,公開決標採購品名,運動商品,採購名稱／官方財物次分類／產業分類／Scope 3候選,,範疇3 類別1,113年度基層選手訓練站財物 / 運動商品 / 其他產業 / 其他財物 / 範疇3 類別1,公開資料候選，需人工覆核,來源紀錄ID=BDM-1-70617330；真實公開決標紀錄；標準品名、產業與Scope 3為規則式候選，需人工覆核,其他產業
RP-0391,不鏽鋼球塞閥一批,不鏽鋼球塞閥,機械／零組件,"幫浦,壓縮機,液壓與氣動引擎,閥門及其零件",公開決標採購品名,"幫浦,壓縮機,液壓與氣動引擎,閥門及其零件",採購名稱／官方財物次分類／產業分類／Scope 3候選,,範疇3 類別1,不鏽鋼球塞閥 / 幫浦 / 壓縮機 / 液壓與氣動引擎 / 閥門及其零件 / 機械設備 / 機械 / 零組件 / 範疇3 類別1,公開資料候選，需人工覆核,來源紀錄ID=BDM-1-70617347；真實公開決標紀錄；標準品名、產業與Scope 3為規則式候選，需人工覆核,機械設備
RP-0392,高功率雷射焊接機(檢測裝置–微缺陷斷層掃描)設備一臺,高功率雷射焊接機(檢測裝置–微缺陷斷層掃描)設備一臺,儀器／光學設備,做為測量、檢查、航行及其他目的用之儀器和裝置，除光學儀器;工業程序控制設備;上述各項之零件及附件,公開決標採購品名,做為測量、檢查、航行及其他目的用之儀器和裝置，除光學儀器;工業程序控制設備;上述各項之零件及附件,採購名稱／官方財物次分類／產業分類／Scope 3候選,,範疇3 類別1,高功率雷射焊接機(檢測裝置–微缺陷斷層掃描)設備一臺 / 做為測量、檢查、航行及其他目的用之儀器和裝置 / 除光學儀器 / 工業程序控制設備 / 上述各項之零件及附件 / 儀器光電 / 儀器 / 光學設備 / 範疇3 類別1,公開資料候選，需人工覆核,來源紀錄ID=BDM-1-70617362；真實公開決標紀錄；標準品名、產業與Scope 3為規則式候選，需人工覆核,儀器光電
RP-0393,麥寮高中113年度學校活動中心音響設備案招標,麥寮高中113年度學校活動中心音響設備案招標,通訊／電子設備,"收音機、電視,通訊器材及儀器",公開決標採購品名,"收音機、電視,通訊器材及儀器",採購名稱／官方財物次分類／產業分類／Scope 3候選,,範疇3 類別1,麥寮高中113年度學校活動中心音響設備案招標 / 收音機、電視 / 通訊器材及儀器 / 電子通訊 / 通訊 / 電子設備 / 範疇3 類別1,公開資料候選，需人工覆核,來源紀錄ID=BDM-1-70617365；真實公開決標紀錄；標準品名、產業與Scope 3為規則式候選，需人工覆核,電子通訊
RP-0394,揚雅停車場機械設備更新案,揚雅停車場機械設備更新案,機械／零組件,"軸承,齒輪,傳動裝置,驅動元件及其零件",公開決標採購品名,"軸承,齒輪,傳動裝置,驅動元件及其零件",採購名稱／官方財物次分類／產業分類／Scope 3候選,,範疇3 類別1,揚雅停車場機械設備更新案 / 軸承 / 齒輪 / 傳動裝置 / 驅動元件及其零件 / 機械設備 / 機械 / 零組件 / 範疇3 類別1,公開資料候選，需人工覆核,來源紀錄ID=BDM-1-70617396；真實公開決標紀錄；標準品名、產業與Scope 3為規則式候選，需人工覆核,機械設備
RP-0395,Microsoft365全校教職員及學生校園授權合約3年(113-116年),Microsoft365全校教職員及學生校園授權合約3年,資訊設備／軟體,計算機及其零件與配件,公開決標採購品名,計算機及其零件與配件,採購名稱／官方財物次分類／產業分類／Scope 3候選,,範疇3 類別1,Microsoft365全校教職員及學生校園授權合約3年 / 計算機及其零件與配件 / 資訊電子 / 資訊設備 / 軟體 / 範疇3 類別1,公開資料候選，需人工覆核,來源紀錄ID=BDM-1-70617398；真實公開決標紀錄；標準品名、產業與Scope 3為規則式候選，需人工覆核,資訊電子
RP-0396,113學年度學生簿本及學用品採購案,113學年度學生簿本及學用品,其他財物,其他製造商品,公開決標採購品名,其他製造商品,採購名稱／官方財物次分類／產業分類／Scope 3候選,,範疇3 類別1,113學年度學生簿本及學用品 / 其他製造商品 / 其他產業 / 其他財物 / 範疇3 類別1,公開資料候選，需人工覆核,來源紀錄ID=BDM-1-70617402；真實公開決標紀錄；標準品名、產業與Scope 3為規則式候選，需人工覆核,其他產業
RP-0397,113年下半年度高雄二區矯正機關收容人副食品聯合採購-雞鴨肉類,113年下半年度高雄二區矯正機關收容人副食品聯合採購-雞鴨肉類,食品／農產,"肉類,魚,果實,蔬菜,及油脂",公開決標採購品名,"肉類,魚,果實,蔬菜,及油脂",採購名稱／官方財物次分類／產業分類／Scope 3候選,,範疇3 類別1,113年下半年度高雄二區矯正機關收容人副食品聯合採購-雞鴨肉類 / 肉類 / 魚 / 果實 / 蔬菜 / 及油脂 / 食品農產 / 食品 / 農產 / 範疇3 類別1,公開資料候選，需人工覆核,來源紀錄ID=BDM-1-70617408；真實公開決標紀錄；標準品名、產業與Scope 3為規則式候選，需人工覆核,食品農產
RP-0398,海水溶解態氮氧氬質譜走航測定系統採購案,海水溶解態氮氧氬質譜走航測定系統,儀器／光學設備,做為測量、檢查、航行及其他目的用之儀器和裝置，除光學儀器;工業程序控制設備;上述各項之零件及附件,公開決標採購品名,做為測量、檢查、航行及其他目的用之儀器和裝置，除光學儀器;工業程序控制設備;上述各項之零件及附件,採購名稱／官方財物次分類／產業分類／Scope 3候選,,範疇3 類別1,海水溶解態氮氧氬質譜走航測定系統 / 做為測量、檢查、航行及其他目的用之儀器和裝置 / 除光學儀器 / 工業程序控制設備 / 上述各項之零件及附件 / 儀器光電 / 儀器 / 光學設備 / 範疇3 類別1,公開資料候選，需人工覆核,來源紀錄ID=BDM-1-70617411；真實公開決標紀錄；標準品名、產業與Scope 3為規則式候選，需人工覆核,儀器光電
RP-0399,113年下半年度高雄二區矯正機關收容人副食品聯合採購-蔬果及蛋類,113年下半年度高雄二區矯正機關收容人副食品聯合採購-蔬果及蛋類,食品／農產,"肉類,魚,果實,蔬菜,及油脂",公開決標採購品名,"肉類,魚,果實,蔬菜,及油脂",採購名稱／官方財物次分類／產業分類／Scope 3候選,,範疇3 類別1,113年下半年度高雄二區矯正機關收容人副食品聯合採購-蔬果及蛋類 / 肉類 / 魚 / 果實 / 蔬菜 / 及油脂 / 食品農產 / 食品 / 農產 / 範疇3 類別1,公開資料候選，需人工覆核,來源紀錄ID=BDM-1-70617413；真實公開決標紀錄；標準品名、產業與Scope 3為規則式候選，需人工覆核,食品農產
RP-0400,113年度業務宣導品,113年度業務宣導品,其他財物,其他製造商品,公開決標採購品名,其他製造商品,採購名稱／官方財物次分類／產業分類／Scope 3候選,,範疇3 類別1,113年度業務宣導品 / 其他製造商品 / 其他產業 / 其他財物 / 範疇3 類別1,公開資料候選，需人工覆核,來源紀錄ID=BDM-1-70617415；真實公開決標紀錄；標準品名、產業與Scope 3為規則式候選，需人工覆核,其他產業
RP-0401,370型電聯車用空氣壓縮機總成採購,370型電聯車用空氣壓縮機總成採購,機械／零組件,鐵路及電車軌道之機車及其零件,公開決標採購品名,鐵路及電車軌道之機車及其零件,採購名稱／官方財物次分類／產業分類／Scope 3候選,,範疇3 類別1,370型電聯車用空氣壓縮機總成採購 / 鐵路及電車軌道之機車及其零件 / 機械設備 / 機械 / 零組件 / 範疇3 類別1,公開資料候選，需人工覆核,來源紀錄ID=BDM-1-70617420；真實公開決標紀錄；標準品名、產業與Scope 3為規則式候選，需人工覆核,機械設備
RP-0402,113學年度電機、空調科工具採購,113學年度電機、空調科工具採購,金屬／五金,其他預鑄金屬產品,公開決標採購品名,其他預鑄金屬產品,採購名稱／官方財物次分類／產業分類／Scope 3候選,,範疇3 類別1,113學年度電機、空調科工具採購 / 其他預鑄金屬產品 / 金屬加工 / 金屬 / 五金 / 範疇3 類別1,公開資料候選，需人工覆核,來源紀錄ID=BDM-1-70617422；真實公開決標紀錄；標準品名、產業與Scope 3為規則式候選，需人工覆核,金屬加工
RP-0403,113學年度學校午餐(便當)及學生宿舍桶餐供應,113學年度學校午餐(便當)及學生宿舍桶餐供應,食品／農產,"肉類,魚,果實,蔬菜,及油脂",公開決標採購品名,"肉類,魚,果實,蔬菜,及油脂",採購名稱／官方財物次分類／產業分類／Scope 3候選,,範疇3 類別1,113學年度學校午餐(便當)及學生宿舍桶餐供應 / 肉類 / 魚 / 果實 / 蔬菜 / 及油脂 / 食品農產 / 食品 / 農產 / 範疇3 類別1,公開資料候選，需人工覆核,來源紀錄ID=BDM-1-70617434；真實公開決標紀錄；標準品名、產業與Scope 3為規則式候選，需人工覆核,食品農產
RP-0404,建置資訊機房骨幹網路架構,建置資訊機房骨幹網路架構,資訊設備／軟體,計算機及其零件與配件,公開決標採購品名,計算機及其零件與配件,採購名稱／官方財物次分類／產業分類／Scope 3候選,,範疇3 類別1,建置資訊機房骨幹網路架構 / 計算機及其零件與配件 / 資訊電子 / 資訊設備 / 軟體 / 範疇3 類別1,公開資料候選，需人工覆核,來源紀錄ID=BDM-1-70617439；真實公開決標紀錄；標準品名、產業與Scope 3為規則式候選，需人工覆核,資訊電子
RP-0405,113年下半年收容人副食品-豬羊類,113年下半年收容人副食品-豬羊類,食品／農產,"肉類,魚,果實,蔬菜,及油脂",公開決標採購品名,"肉類,魚,果實,蔬菜,及油脂",採購名稱／官方財物次分類／產業分類／Scope 3候選,,範疇3 類別1,113年下半年收容人副食品-豬羊類 / 肉類 / 魚 / 果實 / 蔬菜 / 及油脂 / 食品農產 / 食品 / 農產 / 範疇3 類別1,公開資料候選，需人工覆核,來源紀錄ID=BDM-1-70617453；真實公開決標紀錄；標準品名、產業與Scope 3為規則式候選，需人工覆核,食品農產
RP-0406,微軟CA大專授權最新版方案(全校授權一年),微軟CA大專授權最新版方案(全校授權一年),資訊設備／軟體,計算機及其零件與配件,公開決標採購品名,計算機及其零件與配件,採購名稱／官方財物次分類／產業分類／Scope 3候選,,範疇3 類別1,微軟CA大專授權最新版方案(全校授權一年) / 計算機及其零件與配件 / 資訊電子 / 資訊設備 / 軟體 / 範疇3 類別1,公開資料候選，需人工覆核,來源紀錄ID=BDM-1-70617455；真實公開決標紀錄；標準品名、產業與Scope 3為規則式候選，需人工覆核,資訊電子
RP-0407,衛星影像水深推估軟體等3項,衛星影像水深推估軟體等3項,資訊設備／軟體,計算機及其零件與配件,公開決標採購品名,計算機及其零件與配件,採購名稱／官方財物次分類／產業分類／Scope 3候選,,範疇3 類別1,衛星影像水深推估軟體等3項 / 計算機及其零件與配件 / 資訊電子 / 資訊設備 / 軟體 / 範疇3 類別1,公開資料候選，需人工覆核,來源紀錄ID=BDM-1-70617465；真實公開決標紀錄；標準品名、產業與Scope 3為規則式候選，需人工覆核,資訊電子
RP-0408,113學年度午餐團膳財物採購,113學年度午餐團膳,食品／農產,"肉類,魚,果實,蔬菜,及油脂",公開決標採購品名,"肉類,魚,果實,蔬菜,及油脂",採購名稱／官方財物次分類／產業分類／Scope 3候選,,範疇3 類別1,113學年度午餐團膳 / 肉類 / 魚 / 果實 / 蔬菜 / 及油脂 / 食品農產 / 食品 / 農產 / 範疇3 類別1,公開資料候選，需人工覆核,來源紀錄ID=BDM-1-70617467；真實公開決標紀錄；標準品名、產業與Scope 3為規則式候選，需人工覆核,食品農產
RP-0409,羅東鎮公所立體停車場停管設備系統升級,羅東鎮公所立體停車場停管設備系統升級,電力設備／電材,電力傳輸、控制設備及其零件,公開決標採購品名,電力傳輸、控制設備及其零件,採購名稱／官方財物次分類／產業分類／Scope 3候選,,範疇3 類別1,羅東鎮公所立體停車場停管設備系統升級 / 電力傳輸、控制設備及其零件 / 電機電控 / 電力設備 / 電材 / 範疇3 類別1,公開資料候選，需人工覆核,來源紀錄ID=BDM-1-70617474；真實公開決標紀錄；標準品名、產業與Scope 3為規則式候選，需人工覆核,電機電控
RP-0410,偏遠地區移動式消防幫浦一批,偏遠地區移動式消防幫浦,機械／零組件,"幫浦,壓縮機,液壓與氣動引擎,閥門及其零件",公開決標採購品名,"幫浦,壓縮機,液壓與氣動引擎,閥門及其零件",採購名稱／官方財物次分類／產業分類／Scope 3候選,,範疇3 類別1,偏遠地區移動式消防幫浦 / 幫浦 / 壓縮機 / 液壓與氣動引擎 / 閥門及其零件 / 機械設備 / 機械 / 零組件 / 範疇3 類別1,公開資料候選，需人工覆核,來源紀錄ID=BDM-1-70617483；真實公開決標紀錄；標準品名、產業與Scope 3為規則式候選，需人工覆核,機械設備
RP-0411,"0.33L24罐包裝膜6,000,000PC","0.33L24罐包裝膜6,000,000PC",紙品／印刷／包材,塑料製包裝產品,公開決標採購品名,塑料製包裝產品,採購名稱／官方財物次分類／產業分類／Scope 3候選,,範疇3 類別1,0.33L24罐包裝膜6 / 000 / 000PC / 塑料製包裝產品 / 包材印刷 / 紙品 / 印刷 / 包材 / 範疇3 類別1,公開資料候選，需人工覆核,來源紀錄ID=BDM-1-70617491；真實公開決標紀錄；標準品名、產業與Scope 3為規則式候選，需人工覆核,包材印刷
RP-0412,113年度消防人員勤務雨鞋採購案,113年度消防人員勤務雨鞋,家具／紡織用品,"皮革與皮革品,鞋靴",公開決標採購品名,"皮革與皮革品,鞋靴",採購名稱／官方財物次分類／產業分類／Scope 3候選,,範疇3 類別1,113年度消防人員勤務雨鞋 / 皮革與皮革品 / 鞋靴 / 民生製造 / 家具 / 紡織用品 / 範疇3 類別1,公開資料候選，需人工覆核,來源紀錄ID=BDM-1-70617498；真實公開決標紀錄；標準品名、產業與Scope 3為規則式候選，需人工覆核,民生製造
RP-0413,113年度行動印表機採購案,113年度行動印表機,資訊設備／軟體,計算機及其零件與配件,公開決標採購品名,計算機及其零件與配件,採購名稱／官方財物次分類／產業分類／Scope 3候選,,範疇3 類別1,113年度行動印表機 / 計算機及其零件與配件 / 資訊電子 / 資訊設備 / 軟體 / 範疇3 類別1,公開資料候選，需人工覆核,來源紀錄ID=BDM-1-70617504；真實公開決標紀錄；標準品名、產業與Scope 3為規則式候選，需人工覆核,資訊電子
RP-0414,113年學度機械科工具採購,113年學度機械科工具採購,機械／零組件,其他製造商品,公開決標採購品名,其他製造商品,採購名稱／官方財物次分類／產業分類／Scope 3候選,,範疇3 類別1,113年學度機械科工具採購 / 其他製造商品 / 機械設備 / 機械 / 零組件 / 範疇3 類別1,公開資料候選，需人工覆核,來源紀錄ID=BDM-1-70617508；真實公開決標紀錄；標準品名、產業與Scope 3為規則式候選，需人工覆核,機械設備
RP-0415,微生物檢驗試劑一批,微生物檢驗試劑,醫療用品／藥品,基本化學產品,公開決標採購品名,基本化學產品,採購名稱／官方財物次分類／產業分類／Scope 3候選,,範疇3 類別1,微生物檢驗試劑 / 基本化學產品 / 醫療生技 / 醫療用品 / 藥品 / 範疇3 類別1,公開資料候選，需人工覆核,來源紀錄ID=BDM-1-70617520；真實公開決標紀錄；標準品名、產業與Scope 3為規則式候選，需人工覆核,醫療生技
RP-0416,國立高雄大學綜合大樓學生宿舍公共空間改善案固定家具採購,國立高雄大學綜合大樓學生宿舍公共空間改善案固定家具採購,家具／紡織用品,傢具,公開決標採購品名,傢具,採購名稱／官方財物次分類／產業分類／Scope 3候選,,範疇3 類別1,國立高雄大學綜合大樓學生宿舍公共空間改善案固定家具採購 / 傢具 / 民生製造 / 家具 / 紡織用品 / 範疇3 類別1,公開資料候選，需人工覆核,來源紀錄ID=BDM-1-70617523；真實公開決標紀錄；標準品名、產業與Scope 3為規則式候選，需人工覆核,民生製造
RP-0417,113學年度電子科工具採購,113學年度電子科工具採購,機械／零組件,其他特殊用途之機具及其零件,公開決標採購品名,其他特殊用途之機具及其零件,採購名稱／官方財物次分類／產業分類／Scope 3候選,,範疇3 類別1,113學年度電子科工具採購 / 其他特殊用途之機具及其零件 / 機械設備 / 機械 / 零組件 / 範疇3 類別1,公開資料候選，需人工覆核,來源紀錄ID=BDM-1-70617528；真實公開決標紀錄；標準品名、產業與Scope 3為規則式候選，需人工覆核,機械設備
RP-0418,小港廠10噸鍋爐燃燒系統配件1批,小港廠10噸鍋爐燃燒系統配件1批,其他財物,"烤箱,熔爐燃燒器及其零件",公開決標採購品名,"烤箱,熔爐燃燒器及其零件",採購名稱／官方財物次分類／產業分類／Scope 3候選,,範疇3 類別1,小港廠10噸鍋爐燃燒系統配件1批 / 烤箱 / 熔爐燃燒器及其零件 / 其他產業 / 其他財物 / 範疇3 類別1,公開資料候選，需人工覆核,來源紀錄ID=BDM-1-70617533；真實公開決標紀錄；標準品名、產業與Scope 3為規則式候選，需人工覆核,其他產業
RP-0419,多功能校正器2台及壓力錶5個,多功能校正器2台及壓力錶5個,儀器／光學設備,做為測量、檢查、航行及其他目的用之儀器和裝置，除光學儀器;工業程序控制設備;上述各項之零件及附件,公開決標採購品名,做為測量、檢查、航行及其他目的用之儀器和裝置，除光學儀器;工業程序控制設備;上述各項之零件及附件,採購名稱／官方財物次分類／產業分類／Scope 3候選,,範疇3 類別1,多功能校正器2台及壓力錶5個 / 做為測量、檢查、航行及其他目的用之儀器和裝置 / 除光學儀器 / 工業程序控制設備 / 上述各項之零件及附件 / 儀器光電 / 儀器 / 光學設備 / 範疇3 類別1,公開資料候選，需人工覆核,來源紀錄ID=BDM-1-70617536；真實公開決標紀錄；標準品名、產業與Scope 3為規則式候選，需人工覆核,儀器光電
RP-0420,113年下半年收容人副食品-雞鴨類,113年下半年收容人副食品-雞鴨類,食品／農產,"肉類,魚,果實,蔬菜,及油脂",公開決標採購品名,"肉類,魚,果實,蔬菜,及油脂",採購名稱／官方財物次分類／產業分類／Scope 3候選,,範疇3 類別1,113年下半年收容人副食品-雞鴨類 / 肉類 / 魚 / 果實 / 蔬菜 / 及油脂 / 食品農產 / 食品 / 農產 / 範疇3 類別1,公開資料候選，需人工覆核,來源紀錄ID=BDM-1-70617539；真實公開決標紀錄；標準品名、產業與Scope 3為規則式候選，需人工覆核,食品農產
RP-0421,建置VT203特色教室整合設備採購案,建置VT203特色教室整合設備,資訊設備／軟體,計算機及其零件與配件,公開決標採購品名,計算機及其零件與配件,採購名稱／官方財物次分類／產業分類／Scope 3候選,,範疇3 類別1,建置VT203特色教室整合設備 / 計算機及其零件與配件 / 資訊電子 / 資訊設備 / 軟體 / 範疇3 類別1,公開資料候選，需人工覆核,來源紀錄ID=BDM-1-70617540；真實公開決標紀錄；標準品名、產業與Scope 3為規則式候選，需人工覆核,資訊電子
RP-0422,371型車門顯示器-控制板等4項採購,371型車門顯示器-控制板等4項採購,車輛／運輸設備,其他運輸設備及其零件,公開決標採購品名,其他運輸設備及其零件,採購名稱／官方財物次分類／產業分類／Scope 3候選,,範疇3 類別1,371型車門顯示器-控制板等4項採購 / 其他運輸設備及其零件 / 運輸設備 / 車輛 / 範疇3 類別1,公開資料候選，需人工覆核,來源紀錄ID=BDM-1-70617541；真實公開決標紀錄；標準品名、產業與Scope 3為規則式候選，需人工覆核,運輸設備
RP-0423,Agalsidasebeta35mg/vial,Agalsidasebeta35mg/vial,醫療用品／藥品,醫藥產品,公開決標採購品名,醫藥產品,採購名稱／官方財物次分類／產業分類／Scope 3候選,,範疇3 類別1,Agalsidasebeta35mg/vial / 醫藥產品 / 醫療生技 / 醫療用品 / 藥品 / 範疇3 類別1,公開資料候選，需人工覆核,來源紀錄ID=BDM-1-70617543；真實公開決標紀錄；標準品名、產業與Scope 3為規則式候選，需人工覆核,醫療生技
RP-0424,鳳翔營區空調設備,鳳翔營區空調設備,機械／零組件,氣體產生器;蒸餾設備;冷凍及空調設備;過濾機具,公開決標採購品名,氣體產生器;蒸餾設備;冷凍及空調設備;過濾機具,採購名稱／官方財物次分類／產業分類／Scope 3候選,,範疇3 類別1,鳳翔營區空調設備 / 氣體產生器 / 蒸餾設備 / 冷凍及空調設備 / 過濾機具 / 機械設備 / 機械 / 零組件 / 範疇3 類別1,公開資料候選，需人工覆核,來源紀錄ID=BDM-1-70617554；真實公開決標紀錄；標準品名、產業與Scope 3為規則式候選，需人工覆核,機械設備
RP-0425,商品券,商品券,紙品／印刷／包材,"紙漿,紙及紙產品;印刷品及相關的商品",公開決標採購品名,"紙漿,紙及紙產品;印刷品及相關的商品",採購名稱／官方財物次分類／產業分類／Scope 3候選,,範疇3 類別1,商品券 / 紙漿 / 紙及紙產品 / 印刷品及相關的商品 / 包材印刷 / 紙品 / 印刷 / 包材 / 範疇3 類別1,公開資料候選，需人工覆核,來源紀錄ID=BDM-1-70617556；真實公開決標紀錄；標準品名、產業與Scope 3為規則式候選，需人工覆核,包材印刷
RP-0426,駐德國代表處館舍租約續約案,駐德國代表處館舍租約續約案,其他財物,建地及相關土地,公開決標採購品名,建地及相關土地,採購名稱／官方財物次分類／產業分類／Scope 3候選,,範疇3 類別1,駐德國代表處館舍租約續約案 / 建地及相關土地 / 其他產業 / 其他財物 / 範疇3 類別1,公開資料候選，需人工覆核,來源紀錄ID=BDM-1-70617560；真實公開決標紀錄；標準品名、產業與Scope 3為規則式候選，需人工覆核,其他產業
RP-0427,藥品一批採購案,藥品一批,醫療用品／藥品,醫藥產品,公開決標採購品名,醫藥產品,採購名稱／官方財物次分類／產業分類／Scope 3候選,,範疇3 類別1,藥品一批 / 醫藥產品 / 醫療生技 / 醫療用品 / 藥品 / 範疇3 類別1,公開資料候選，需人工覆核,來源紀錄ID=BDM-1-70617561；真實公開決標紀錄；標準品名、產業與Scope 3為規則式候選，需人工覆核,醫療生技
RP-0428,113年度暑假期間運動團隊學生午餐財物採購,113年度暑假期間運動團隊學生午餐,食品／農產,"穀粉,澱粉及澱粉製品;其他食品",公開決標採購品名,"穀粉,澱粉及澱粉製品;其他食品",採購名稱／官方財物次分類／產業分類／Scope 3候選,,範疇3 類別1,113年度暑假期間運動團隊學生午餐 / 穀粉 / 澱粉及澱粉製品 / 其他食品 / 食品農產 / 食品 / 農產 / 範疇3 類別1,公開資料候選，需人工覆核,來源紀錄ID=BDM-1-70617565；真實公開決標紀錄；標準品名、產業與Scope 3為規則式候選，需人工覆核,食品農產
RP-0429,113學年度第1學期教科書採購,113學年度第1學期教科書採購,紙品／印刷／包材,"紙漿,紙及紙產品;印刷品及相關的商品",公開決標採購品名,"紙漿,紙及紙產品;印刷品及相關的商品",採購名稱／官方財物次分類／產業分類／Scope 3候選,,範疇3 類別1,113學年度第1學期教科書採購 / 紙漿 / 紙及紙產品 / 印刷品及相關的商品 / 包材印刷 / 紙品 / 印刷 / 包材 / 範疇3 類別1,公開資料候選，需人工覆核,來源紀錄ID=BDM-1-70617600；真實公開決標紀錄；標準品名、產業與Scope 3為規則式候選，需人工覆核,包材印刷
RP-0430,113年身心障礙學生交通車採購案,113年身心障礙學生交通車,車輛／運輸設備,"機動車,拖車,半拖車;車輛機件",公開決標採購品名,"機動車,拖車,半拖車;車輛機件",採購名稱／官方財物次分類／產業分類／Scope 3候選,,範疇3 類別1,113年身心障礙學生交通車 / 機動車 / 拖車 / 半拖車 / 車輛機件 / 運輸設備 / 車輛 / 範疇3 類別1,公開資料候選，需人工覆核,來源紀錄ID=BDM-1-70617602；真實公開決標紀錄；標準品名、產業與Scope 3為規則式候選，需人工覆核,運輸設備
RP-0431,內視鏡、腹腔鏡等手術衛材一批採購案,內視鏡、腹腔鏡等手術衛材一批,醫療用品／藥品,"醫療,外科及矯形設備",公開決標採購品名,"醫療,外科及矯形設備",採購名稱／官方財物次分類／產業分類／Scope 3候選,,範疇3 類別1,內視鏡、腹腔鏡等手術衛材一批 / 醫療 / 外科及矯形設備 / 醫療生技 / 醫療用品 / 藥品 / 範疇3 類別1,公開資料候選，需人工覆核,來源紀錄ID=BDM-1-70617605；真實公開決標紀錄；標準品名、產業與Scope 3為規則式候選，需人工覆核,醫療生技
RP-0432,UNSN06030合金鋼板,UNSN06030合金鋼板,金屬／五金,結構金屬產品及其零件,公開決標採購品名,結構金屬產品及其零件,採購名稱／官方財物次分類／產業分類／Scope 3候選,,範疇3 類別1,UNSN06030合金鋼板 / 結構金屬產品及其零件 / 金屬加工 / 金屬 / 五金 / 範疇3 類別1,公開資料候選，需人工覆核,來源紀錄ID=BDM-1-70617607；真實公開決標紀錄；標準品名、產業與Scope 3為規則式候選，需人工覆核,金屬加工
RP-0433,SASIB軟包機零組件壹批(計32項),SASIB軟包機零組件壹批(計32項),機械／零組件,其他特殊用途之機具及其零件,公開決標採購品名,其他特殊用途之機具及其零件,採購名稱／官方財物次分類／產業分類／Scope 3候選,,範疇3 類別1,SASIB軟包機零組件壹批(計32項) / 其他特殊用途之機具及其零件 / 機械設備 / 機械 / 零組件 / 範疇3 類別1,公開資料候選，需人工覆核,來源紀錄ID=BDM-1-70617610；真實公開決標紀錄；標準品名、產業與Scope 3為規則式候選，需人工覆核,機械設備
RP-0434,113年度工作服,113年度工作服,其他財物,"成衣,毛皮服裝除外",公開決標採購品名,"成衣,毛皮服裝除外",採購名稱／官方財物次分類／產業分類／Scope 3候選,,範疇3 類別1,113年度工作服 / 成衣 / 毛皮服裝除外 / 其他產業 / 其他財物 / 範疇3 類別1,公開資料候選，需人工覆核,來源紀錄ID=BDM-1-70617611；真實公開決標紀錄；標準品名、產業與Scope 3為規則式候選，需人工覆核,其他產業
RP-0435,113年下半年收容人副食品-加工類,113年下半年收容人副食品-加工類,食品／農產,"肉類,魚,果實,蔬菜,及油脂",公開決標採購品名,"肉類,魚,果實,蔬菜,及油脂",採購名稱／官方財物次分類／產業分類／Scope 3候選,,範疇3 類別1,113年下半年收容人副食品-加工類 / 肉類 / 魚 / 果實 / 蔬菜 / 及油脂 / 食品農產 / 食品 / 農產 / 範疇3 類別1,公開資料候選，需人工覆核,來源紀錄ID=BDM-1-70617623；真實公開決標紀錄；標準品名、產業與Scope 3為規則式候選，需人工覆核,食品農產
RP-0436,113年度工作雨衣褲、雨鞋統一採購案,113年度工作雨衣褲、雨鞋統一,家具／紡織用品,"成衣,毛皮服裝除外",公開決標採購品名,"成衣,毛皮服裝除外",採購名稱／官方財物次分類／產業分類／Scope 3候選,,範疇3 類別1,113年度工作雨衣褲、雨鞋統一 / 成衣 / 毛皮服裝除外 / 民生製造 / 家具 / 紡織用品 / 範疇3 類別1,公開資料候選，需人工覆核,來源紀錄ID=BDM-1-70617626；真實公開決標紀錄；標準品名、產業與Scope 3為規則式候選，需人工覆核,民生製造
RP-0437,馬祖區營業處西莒電廠1500kW緊供發電機組租賃案(含安裝)(後續擴充),馬祖區營業處西莒電廠1500kW緊供發電機組租賃案(含安裝)(後續擴充),電力設備／電材,其他電力設備及零件,公開決標採購品名,其他電力設備及零件,採購名稱／官方財物次分類／產業分類／Scope 3候選,,範疇3 類別1,馬祖區營業處西莒電廠1500kW緊供發電機組租賃案(含安裝)(後續擴充) / 其他電力設備及零件 / 電機電控 / 電力設備 / 電材 / 範疇3 類別1,公開資料候選，需人工覆核,來源紀錄ID=BDM-1-70617630；真實公開決標紀錄；標準品名、產業與Scope 3為規則式候選，需人工覆核,電機電控
RP-0438,113年下半年收容人副食品-蔬菜類,113年下半年收容人副食品-蔬菜類,食品／農產,"肉類,魚,果實,蔬菜,及油脂",公開決標採購品名,"肉類,魚,果實,蔬菜,及油脂",採購名稱／官方財物次分類／產業分類／Scope 3候選,,範疇3 類別1,113年下半年收容人副食品-蔬菜類 / 肉類 / 魚 / 果實 / 蔬菜 / 及油脂 / 食品農產 / 食品 / 農產 / 範疇3 類別1,公開資料候選，需人工覆核,來源紀錄ID=BDM-1-70617631；真實公開決標紀錄；標準品名、產業與Scope 3為規則式候選，需人工覆核,食品農產
RP-0439,彰化縣113學年度D4群午餐生鮮食材聯合採購(後續擴充),彰化縣113學年度D4群午餐生鮮食材聯合採購(後續擴充),食品／農產,"肉類,魚,果實,蔬菜,及油脂",公開決標採購品名,"肉類,魚,果實,蔬菜,及油脂",採購名稱／官方財物次分類／產業分類／Scope 3候選,,範疇3 類別1,彰化縣113學年度D4群午餐生鮮食材聯合採購(後續擴充) / 肉類 / 魚 / 果實 / 蔬菜 / 及油脂 / 食品農產 / 食品 / 農產 / 範疇3 類別1,公開資料候選，需人工覆核,來源紀錄ID=BDM-1-70617634；真實公開決標紀錄；標準品名、產業與Scope 3為規則式候選，需人工覆核,食品農產
RP-0440,新北市立新店高中113學年度第一學期教科書採購案,新北市立新店高中113學年度第一學期教科書,紙品／印刷／包材,"紙漿,紙及紙產品;印刷品及相關的商品",公開決標採購品名,"紙漿,紙及紙產品;印刷品及相關的商品",採購名稱／官方財物次分類／產業分類／Scope 3候選,,範疇3 類別1,新北市立新店高中113學年度第一學期教科書 / 紙漿 / 紙及紙產品 / 印刷品及相關的商品 / 包材印刷 / 紙品 / 印刷 / 包材 / 範疇3 類別1,公開資料候選，需人工覆核,來源紀錄ID=BDM-1-70617639；真實公開決標紀錄；標準品名、產業與Scope 3為規則式候選，需人工覆核,包材印刷
RP-0441,思科IdentityServiceEngine一批,思科IdentityServiceEngine,資訊設備／軟體,計算機及其零件與配件,公開決標採購品名,計算機及其零件與配件,採購名稱／官方財物次分類／產業分類／Scope 3候選,,範疇3 類別1,思科IdentityServiceEngine / 計算機及其零件與配件 / 資訊電子 / 資訊設備 / 軟體 / 範疇3 類別1,公開資料候選，需人工覆核,來源紀錄ID=BDM-1-70617640；真實公開決標紀錄；標準品名、產業與Scope 3為規則式候選，需人工覆核,資訊電子
RP-0442,卜特蘭石灰石水泥(PLC)低碳混凝土耐震性能研究之實驗儀器使用及相關技術支援壹式,卜特蘭石灰石水泥(PLC)低碳混凝土耐震性能研究之實驗儀器使用及相關技術支援壹式,儀器／光學設備,做為測量、檢查、航行及其他目的用之儀器和裝置，除光學儀器;工業程序控制設備;上述各項之零件及附件,公開決標採購品名,做為測量、檢查、航行及其他目的用之儀器和裝置，除光學儀器;工業程序控制設備;上述各項之零件及附件,採購名稱／官方財物次分類／產業分類／Scope 3候選,,範疇3 類別1,卜特蘭石灰石水泥(PLC)低碳混凝土耐震性能研究之實驗儀器使用及相關技術支援壹式 / 做為測量、檢查、航行及其他目的用之儀器和裝置 / 除光學儀器 / 工業程序控制設備 / 上述各項之零件及附件 / 儀器光電 / 儀器 / 光學設備 / 範疇3 類別1,公開資料候選，需人工覆核,來源紀錄ID=BDM-1-70617650；真實公開決標紀錄；標準品名、產業與Scope 3為規則式候選，需人工覆核,儀器光電
RP-0443,特殊不鏽鋼法蘭閘閥一批,特殊不鏽鋼法蘭閘閥,機械／零組件,"幫浦,壓縮機,液壓與氣動引擎,閥門及其零件",公開決標採購品名,"幫浦,壓縮機,液壓與氣動引擎,閥門及其零件",採購名稱／官方財物次分類／產業分類／Scope 3候選,,範疇3 類別1,特殊不鏽鋼法蘭閘閥 / 幫浦 / 壓縮機 / 液壓與氣動引擎 / 閥門及其零件 / 機械設備 / 機械 / 零組件 / 範疇3 類別1,公開資料候選，需人工覆核,來源紀錄ID=BDM-1-70617668；真實公開決標紀錄；標準品名、產業與Scope 3為規則式候選，需人工覆核,機械設備
RP-0444,113年天生國小校園女兒牆欄杆安全補強計畫,113年天生國小校園女兒牆欄杆安全補強計畫,金屬／五金,"銅,鎳,鋁,氧化鋁,鉛,鋅及錫或其合金之半製品",公開決標採購品名,"銅,鎳,鋁,氧化鋁,鉛,鋅及錫或其合金之半製品",採購名稱／官方財物次分類／產業分類／Scope 3候選,,範疇3 類別1,113年天生國小校園女兒牆欄杆安全補強計畫 / 銅 / 鎳 / 鋁 / 氧化鋁 / 鉛 / 鋅及錫或其合金之半製品 / 金屬加工 / 金屬 / 五金 / 範疇3 類別1,公開資料候選，需人工覆核,來源紀錄ID=BDM-1-70617669；真實公開決標紀錄；標準品名、產業與Scope 3為規則式候選，需人工覆核,金屬加工
RP-0445,113年度臺中市協助弱勢婦女及家庭消弭月經貧窮計畫生理用品採購案,113年度臺中市協助弱勢婦女及家庭消弭月經貧窮計畫生理用品,化學品／塑橡膠,未明列於其他章節之化學產品,公開決標採購品名,未明列於其他章節之化學產品,採購名稱／官方財物次分類／產業分類／Scope 3候選,,範疇3 類別1,113年度臺中市協助弱勢婦女及家庭消弭月經貧窮計畫生理用品 / 未明列於其他章節之化學產品 / 化工塑橡膠 / 化學品 / 塑橡膠 / 範疇3 類別1,公開資料候選，需人工覆核,來源紀錄ID=BDM-1-70617671；真實公開決標紀錄；標準品名、產業與Scope 3為規則式候選，需人工覆核,化工塑橡膠
RP-0446,非全時公務車租賃,非全時公務車租賃,車輛／運輸設備,"機動車,拖車,半拖車;車輛機件",公開決標採購品名,"機動車,拖車,半拖車;車輛機件",採購名稱／官方財物次分類／產業分類／Scope 3候選,,範疇3 類別1,非全時公務車租賃 / 機動車 / 拖車 / 半拖車 / 車輛機件 / 運輸設備 / 車輛 / 範疇3 類別1,公開資料候選，需人工覆核,來源紀錄ID=BDM-1-70617676；真實公開決標紀錄；標準品名、產業與Scope 3為規則式候選，需人工覆核,運輸設備
RP-0447,過渡金屬離子鹼性沉澱反應系統一批,過渡金屬離子鹼性沉澱反應系統,機械／零組件,其他特殊用途之機具及其零件,公開決標採購品名,其他特殊用途之機具及其零件,採購名稱／官方財物次分類／產業分類／Scope 3候選,,範疇3 類別1,過渡金屬離子鹼性沉澱反應系統 / 其他特殊用途之機具及其零件 / 機械設備 / 機械 / 零組件 / 範疇3 類別1,公開資料候選，需人工覆核,來源紀錄ID=BDM-1-70617678；真實公開決標紀錄；標準品名、產業與Scope 3為規則式候選，需人工覆核,機械設備
RP-0448,臺中港三號碼頭配電站暨部分管道及電力改善,臺中港三號碼頭配電站暨部分管道及電力改善,電力設備／電材,電力傳輸、控制設備及其零件,公開決標採購品名,電力傳輸、控制設備及其零件,採購名稱／官方財物次分類／產業分類／Scope 3候選,,範疇3 類別1,臺中港三號碼頭配電站暨部分管道及電力改善 / 電力傳輸、控制設備及其零件 / 電機電控 / 電力設備 / 電材 / 範疇3 類別1,公開資料候選，需人工覆核,來源紀錄ID=BDM-1-70617682；真實公開決標紀錄；標準品名、產業與Scope 3為規則式候選，需人工覆核,電機電控
RP-0449,台電萬隆聯合辦公大樓7間會議室視聽設備採購含安裝,台電萬隆聯合辦公大樓7間會議室視聽設備採購含安裝,儀器／光學設備,"光學儀器,攝影設備及其零件與附件",公開決標採購品名,"光學儀器,攝影設備及其零件與附件",採購名稱／官方財物次分類／產業分類／Scope 3候選,,範疇3 類別1,台電萬隆聯合辦公大樓7間會議室視聽設備採購含安裝 / 光學儀器 / 攝影設備及其零件與附件 / 儀器光電 / 儀器 / 光學設備 / 範疇3 類別1,公開資料候選，需人工覆核,來源紀錄ID=BDM-1-70617684；真實公開決標紀錄；標準品名、產業與Scope 3為規則式候選，需人工覆核,儀器光電
RP-0450,113學年度學校午餐外訂桶餐/盒餐採購案,113學年度學校午餐外訂桶餐/盒餐,食品／農產,"穀粉,澱粉及澱粉製品;其他食品",公開決標採購品名,"穀粉,澱粉及澱粉製品;其他食品",採購名稱／官方財物次分類／產業分類／Scope 3候選,,範疇3 類別1,113學年度學校午餐外訂桶餐/盒餐 / 穀粉 / 澱粉及澱粉製品 / 其他食品 / 食品農產 / 食品 / 農產 / 範疇3 類別1,公開資料候選，需人工覆核,來源紀錄ID=BDM-1-70617699；真實公開決標紀錄；標準品名、產業與Scope 3為規則式候選，需人工覆核,食品農產
RP-0451,天輪#5機冷卻水泵採購及檢修含安裝,天輪#5機冷卻水泵採購及檢修含安裝,電力設備／電材,"電動機,發電機,變壓器及其附件",公開決標採購品名,"電動機,發電機,變壓器及其附件",採購名稱／官方財物次分類／產業分類／Scope 3候選,,範疇3 類別1,天輪#5機冷卻水泵採購及檢修含安裝 / 電動機 / 發電機 / 變壓器及其附件 / 電機電控 / 電力設備 / 電材 / 範疇3 類別1,公開資料候選，需人工覆核,來源紀錄ID=BDM-1-70617702；真實公開決標紀錄；標準品名、產業與Scope 3為規則式候選，需人工覆核,電機電控
RP-0452,伺服器貳台,伺服器貳台,資訊設備／軟體,計算機及其零件與配件,公開決標採購品名,計算機及其零件與配件,採購名稱／官方財物次分類／產業分類／Scope 3候選,,範疇3 類別1,伺服器貳台 / 計算機及其零件與配件 / 資訊電子 / 資訊設備 / 軟體 / 範疇3 類別1,公開資料候選，需人工覆核,來源紀錄ID=BDM-1-70617705；真實公開決標紀錄；標準品名、產業與Scope 3為規則式候選，需人工覆核,資訊電子
RP-0453,台北校區自強大樓網路設備採購案,台北校區自強大樓網路設備,資訊設備／軟體,計算機及其零件與配件,公開決標採購品名,計算機及其零件與配件,採購名稱／官方財物次分類／產業分類／Scope 3候選,,範疇3 類別1,台北校區自強大樓網路設備 / 計算機及其零件與配件 / 資訊電子 / 資訊設備 / 軟體 / 範疇3 類別1,公開資料候選，需人工覆核,來源紀錄ID=BDM-1-70617706；真實公開決標紀錄；標準品名、產業與Scope 3為規則式候選，需人工覆核,資訊電子
RP-0454,「112學年度契約屆滿之非營利幼兒園永續經營之房舍修繕及設施設備改善、維護與購置計畫」,「112學年度契約屆滿之非營利幼兒園永續經營之房舍修繕及設施設備改善、維護與購置計畫」,其他財物,其他製造商品,公開決標採購品名,其他製造商品,採購名稱／官方財物次分類／產業分類／Scope 3候選,,範疇3 類別1,「112學年度契約屆滿之非營利幼兒園永續經營之房舍修繕及設施設備改善、維護與購置計畫」 / 其他製造商品 / 其他產業 / 其他財物 / 範疇3 類別1,公開資料候選，需人工覆核,來源紀錄ID=BDM-1-70617713；真實公開決標紀錄；標準品名、產業與Scope 3為規則式候選，需人工覆核,其他產業
RP-0455,程序升溫總有機碳分析儀1套,程序升溫總有機碳分析儀1套,儀器／光學設備,做為測量、檢查、航行及其他目的用之儀器和裝置，除光學儀器;工業程序控制設備;上述各項之零件及附件,公開決標採購品名,做為測量、檢查、航行及其他目的用之儀器和裝置，除光學儀器;工業程序控制設備;上述各項之零件及附件,採購名稱／官方財物次分類／產業分類／Scope 3候選,,範疇3 類別1,程序升溫總有機碳分析儀1套 / 做為測量、檢查、航行及其他目的用之儀器和裝置 / 除光學儀器 / 工業程序控制設備 / 上述各項之零件及附件 / 儀器光電 / 儀器 / 光學設備 / 範疇3 類別1,公開資料候選，需人工覆核,來源紀錄ID=BDM-1-70617719；真實公開決標紀錄；標準品名、產業與Scope 3為規則式候選，需人工覆核,儀器光電
RP-0456,嘉義縣立中埔國民中學113學年度學生午餐團膳採購,嘉義縣立中埔國民中學113學年度學生午餐團膳採購,食品／農產,"肉類,魚,果實,蔬菜,及油脂",公開決標採購品名,"肉類,魚,果實,蔬菜,及油脂",採購名稱／官方財物次分類／產業分類／Scope 3候選,,範疇3 類別1,嘉義縣立中埔國民中學113學年度學生午餐團膳採購 / 肉類 / 魚 / 果實 / 蔬菜 / 及油脂 / 食品農產 / 食品 / 農產 / 範疇3 類別1,公開資料候選，需人工覆核,來源紀錄ID=BDM-1-70617724；真實公開決標紀錄；標準品名、產業與Scope 3為規則式候選，需人工覆核,食品農產
RP-0457,高中英語文口說及寫作遊戲開發與推廣計畫之Gradingly人工智能寫作學習系統租賃,高中英語文口說及寫作遊戲開發與推廣計畫之Gradingly人工智能寫作學習系統租賃,資訊設備／軟體,計算機及其零件與配件,公開決標採購品名,計算機及其零件與配件,採購名稱／官方財物次分類／產業分類／Scope 3候選,,範疇3 類別1,高中英語文口說及寫作遊戲開發與推廣計畫之Gradingly人工智能寫作學習系統租賃 / 計算機及其零件與配件 / 資訊電子 / 資訊設備 / 軟體 / 範疇3 類別1,公開資料候選，需人工覆核,來源紀錄ID=BDM-1-70617725；真實公開決標紀錄；標準品名、產業與Scope 3為規則式候選，需人工覆核,資訊電子
RP-0458,環保碳粉匣等35項,環保碳粉匣等35項,資訊設備／軟體,計算機及其零件與配件,公開決標採購品名,計算機及其零件與配件,採購名稱／官方財物次分類／產業分類／Scope 3候選,,範疇3 類別1,環保碳粉匣等35項 / 計算機及其零件與配件 / 資訊電子 / 資訊設備 / 軟體 / 範疇3 類別1,公開資料候選，需人工覆核,來源紀錄ID=BDM-1-70617729；真實公開決標紀錄；標準品名、產業與Scope 3為規則式候選，需人工覆核,資訊電子
RP-0459,四輕丁二烯C5101-1/2機械軸封(廠牌：EAGLEBURGMANN)一批,四輕丁二烯C5101-1/2機械軸封(廠牌：EAGLEBURGMANN),機械／零組件,"幫浦,壓縮機,液壓與氣動引擎,閥門及其零件",公開決標採購品名,"幫浦,壓縮機,液壓與氣動引擎,閥門及其零件",採購名稱／官方財物次分類／產業分類／Scope 3候選,,範疇3 類別1,四輕丁二烯C5101-1/2機械軸封(廠牌：EAGLEBURGMANN) / 幫浦 / 壓縮機 / 液壓與氣動引擎 / 閥門及其零件 / 機械設備 / 機械 / 零組件 / 範疇3 類別1,公開資料候選，需人工覆核,來源紀錄ID=BDM-1-70617742；真實公開決標紀錄；標準品名、產業與Scope 3為規則式候選，需人工覆核,機械設備
RP-0460,嘉義市立民生國民中學113學年度新生制服及運動服採購,嘉義市立民生國民中學113學年度新生制服及運動服採購,其他財物,"成衣,毛皮服裝除外",公開決標採購品名,"成衣,毛皮服裝除外",採購名稱／官方財物次分類／產業分類／Scope 3候選,,範疇3 類別1,嘉義市立民生國民中學113學年度新生制服及運動服採購 / 成衣 / 毛皮服裝除外 / 其他產業 / 其他財物 / 範疇3 類別1,公開資料候選，需人工覆核,來源紀錄ID=BDM-1-70617748；真實公開決標紀錄；標準品名、產業與Scope 3為規則式候選，需人工覆核,其他產業
RP-0461,113學年度第1學期簿本及美勞材料採購,113學年度第1學期簿本及美勞材料採購,其他財物,其他製造商品,公開決標採購品名,其他製造商品,採購名稱／官方財物次分類／產業分類／Scope 3候選,,範疇3 類別1,113學年度第1學期簿本及美勞材料採購 / 其他製造商品 / 其他產業 / 其他財物 / 範疇3 類別1,公開資料候選，需人工覆核,來源紀錄ID=BDM-1-70617750；真實公開決標紀錄；標準品名、產業與Scope 3為規則式候選，需人工覆核,其他產業
RP-0462,42吋不鏽鋼巨型三通一件,42吋不鏽鋼巨型三通一件,金屬／五金,結構金屬產品及其零件,公開決標採購品名,結構金屬產品及其零件,採購名稱／官方財物次分類／產業分類／Scope 3候選,,範疇3 類別1,42吋不鏽鋼巨型三通一件 / 結構金屬產品及其零件 / 金屬加工 / 金屬 / 五金 / 範疇3 類別1,公開資料候選，需人工覆核,來源紀錄ID=BDM-1-70617754；真實公開決標紀錄；標準品名、產業與Scope 3為規則式候選，需人工覆核,金屬加工
RP-0463,心臟外科用耗材乙項(含設備)(開口契約),心臟外科用耗材乙項(含設備)(開口契約),醫療用品／藥品,醫藥產品,公開決標採購品名,醫藥產品,採購名稱／官方財物次分類／產業分類／Scope 3候選,,範疇3 類別1,心臟外科用耗材乙項(含設備)(開口契約) / 醫藥產品 / 醫療生技 / 醫療用品 / 藥品 / 範疇3 類別1,公開資料候選，需人工覆核,來源紀錄ID=BDM-1-70617765；真實公開決標紀錄；標準品名、產業與Scope 3為規則式候選，需人工覆核,醫療生技
RP-0464,外科拋棄式息肉切除器等衛材8項(開口契約),外科拋棄式息肉切除器等衛材8項(開口契約),醫療用品／藥品,醫藥產品,公開決標採購品名,醫藥產品,採購名稱／官方財物次分類／產業分類／Scope 3候選,,範疇3 類別1,外科拋棄式息肉切除器等衛材8項(開口契約) / 醫藥產品 / 醫療生技 / 醫療用品 / 藥品 / 範疇3 類別1,公開資料候選，需人工覆核,來源紀錄ID=BDM-1-70617781；真實公開決標紀錄；標準品名、產業與Scope 3為規則式候選，需人工覆核,醫療生技
RP-0465,113學年度幼兒餐點食材供應採購,113學年度幼兒餐點食材供應採購,食品／農產,"肉類,魚,果實,蔬菜,及油脂",公開決標採購品名,"肉類,魚,果實,蔬菜,及油脂",採購名稱／官方財物次分類／產業分類／Scope 3候選,,範疇3 類別1,113學年度幼兒餐點食材供應採購 / 肉類 / 魚 / 果實 / 蔬菜 / 及油脂 / 食品農產 / 食品 / 農產 / 範疇3 類別1,公開資料候選，需人工覆核,來源紀錄ID=BDM-1-70617793；真實公開決標紀錄；標準品名、產業與Scope 3為規則式候選，需人工覆核,食品農產
RP-0466,蘇澳港區船舶智慧追踨監控系統建置案,蘇澳港區船舶智慧追踨監控系統建置案,儀器／光學設備,做為測量、檢查、航行及其他目的用之儀器和裝置，除光學儀器;工業程序控制設備;上述各項之零件及附件,公開決標採購品名,做為測量、檢查、航行及其他目的用之儀器和裝置，除光學儀器;工業程序控制設備;上述各項之零件及附件,採購名稱／官方財物次分類／產業分類／Scope 3候選,,範疇3 類別1,蘇澳港區船舶智慧追踨監控系統建置案 / 做為測量、檢查、航行及其他目的用之儀器和裝置 / 除光學儀器 / 工業程序控制設備 / 上述各項之零件及附件 / 儀器光電 / 儀器 / 光學設備 / 範疇3 類別1,公開資料候選，需人工覆核,來源紀錄ID=BDM-1-70617798；真實公開決標紀錄；標準品名、產業與Scope 3為規則式候選，需人工覆核,儀器光電
RP-0467,113年度飛灰/底灰輸灰系統閥件等一批,113年度飛灰/底灰輸灰系統閥件等,機械／零組件,"幫浦,壓縮機,液壓與氣動引擎,閥門及其零件",公開決標採購品名,"幫浦,壓縮機,液壓與氣動引擎,閥門及其零件",採購名稱／官方財物次分類／產業分類／Scope 3候選,,範疇3 類別1,113年度飛灰/底灰輸灰系統閥件等 / 幫浦 / 壓縮機 / 液壓與氣動引擎 / 閥門及其零件 / 機械設備 / 機械 / 零組件 / 範疇3 類別1,公開資料候選，需人工覆核,來源紀錄ID=BDM-1-70617799；真實公開決標紀錄；標準品名、產業與Scope 3為規則式候選，需人工覆核,機械設備
RP-0468,113~114年儀器管件長約,113~114年儀器管件長約,儀器／光學設備,結構金屬產品及其零件,公開決標採購品名,結構金屬產品及其零件,採購名稱／官方財物次分類／產業分類／Scope 3候選,,範疇3 類別1,113~114年儀器管件長約 / 結構金屬產品及其零件 / 儀器光電 / 儀器 / 光學設備 / 範疇3 類別1,公開資料候選，需人工覆核,來源紀錄ID=BDM-1-70617802；真實公開決標紀錄；標準品名、產業與Scope 3為規則式候選，需人工覆核,儀器光電
RP-0469,澎湖縣政府警察局113年度治安要點錄影監視系統後續擴充增置案,澎湖縣政府警察局113年度治安要點錄影監視系統後續擴充增置案,儀器／光學設備,"光學儀器,攝影設備及其零件與附件",公開決標採購品名,"光學儀器,攝影設備及其零件與附件",採購名稱／官方財物次分類／產業分類／Scope 3候選,,範疇3 類別1,澎湖縣政府警察局113年度治安要點錄影監視系統後續擴充增置案 / 光學儀器 / 攝影設備及其零件與附件 / 儀器光電 / 儀器 / 光學設備 / 範疇3 類別1,公開資料候選，需人工覆核,來源紀錄ID=BDM-1-70617808；真實公開決標紀錄；標準品名、產業與Scope 3為規則式候選，需人工覆核,儀器光電
RP-0470,113年屏藝經典-典藏藝術品購置（雷斌作品）,113年屏藝經典-典藏藝術品購置（雷斌作品）,紙品／印刷／包材,"紙漿,紙及紙產品;印刷品及相關的商品",公開決標採購品名,"紙漿,紙及紙產品;印刷品及相關的商品",採購名稱／官方財物次分類／產業分類／Scope 3候選,,範疇3 類別1,113年屏藝經典-典藏藝術品購置（雷斌作品） / 紙漿 / 紙及紙產品 / 印刷品及相關的商品 / 包材印刷 / 紙品 / 印刷 / 包材 / 範疇3 類別1,公開資料候選，需人工覆核,來源紀錄ID=BDM-1-70617816；真實公開決標紀錄；標準品名、產業與Scope 3為規則式候選，需人工覆核,包材印刷
RP-0471,封口劑(防水膠)等10項,封口劑(防水膠)等10項,化學品／塑橡膠,未明列於其他章節之化學產品,公開決標採購品名,未明列於其他章節之化學產品,採購名稱／官方財物次分類／產業分類／Scope 3候選,,範疇3 類別1,封口劑(防水膠)等10項 / 未明列於其他章節之化學產品 / 化工塑橡膠 / 化學品 / 塑橡膠 / 範疇3 類別1,公開資料候選，需人工覆核,來源紀錄ID=BDM-1-70617817；真實公開決標紀錄；標準品名、產業與Scope 3為規則式候選，需人工覆核,化工塑橡膠
RP-0472,連續抽取式60抽盒裝面紙採購,連續抽取式60抽盒裝面紙採購,紙品／印刷／包材,"紙漿,紙及紙產品;印刷品及相關的商品",公開決標採購品名,"紙漿,紙及紙產品;印刷品及相關的商品",採購名稱／官方財物次分類／產業分類／Scope 3候選,,範疇3 類別1,連續抽取式60抽盒裝面紙採購 / 紙漿 / 紙及紙產品 / 印刷品及相關的商品 / 包材印刷 / 紙品 / 印刷 / 包材 / 範疇3 類別1,公開資料候選，需人工覆核,來源紀錄ID=BDM-1-70617836；真實公開決標紀錄；標準品名、產業與Scope 3為規則式候選，需人工覆核,包材印刷
RP-0473,黴漿菌肺炎試劑等二組試劑檢驗科衛材採購案,黴漿菌肺炎試劑等二組試劑檢驗科衛材,醫療用品／藥品,"醫療,外科及矯形設備",公開決標採購品名,"醫療,外科及矯形設備",採購名稱／官方財物次分類／產業分類／Scope 3候選,,範疇3 類別1,黴漿菌肺炎試劑等二組試劑檢驗科衛材 / 醫療 / 外科及矯形設備 / 醫療生技 / 醫療用品 / 藥品 / 範疇3 類別1,公開資料候選，需人工覆核,來源紀錄ID=BDM-1-70617847；真實公開決標紀錄；標準品名、產業與Scope 3為規則式候選，需人工覆核,醫療生技
RP-0474,1樓東側中繼站機櫃搬遷,1樓東側中繼站機櫃搬遷,資訊設備／軟體,計算機及其零件與配件,公開決標採購品名,計算機及其零件與配件,採購名稱／官方財物次分類／產業分類／Scope 3候選,,範疇3 類別1,1樓東側中繼站機櫃搬遷 / 計算機及其零件與配件 / 資訊電子 / 資訊設備 / 軟體 / 範疇3 類別1,公開資料候選，需人工覆核,來源紀錄ID=BDM-1-70617849；真實公開決標紀錄；標準品名、產業與Scope 3為規則式候選，需人工覆核,資訊電子
RP-0475,汰換垃圾場北側電力開關箱、航機務大樓老舊變壓器及採購電動機等維護修繕工具等財物採購,汰換垃圾場北側電力開關箱、航機務大樓老舊變壓器及採購電動機等維護修繕工具等,電力設備／電材,"電動機,發電機,變壓器及其附件",公開決標採購品名,"電動機,發電機,變壓器及其附件",採購名稱／官方財物次分類／產業分類／Scope 3候選,,範疇3 類別1,汰換垃圾場北側電力開關箱、航機務大樓老舊變壓器及採購電動機等維護修繕工具等 / 電動機 / 發電機 / 變壓器及其附件 / 電機電控 / 電力設備 / 電材 / 範疇3 類別1,公開資料候選，需人工覆核,來源紀錄ID=BDM-1-70617851；真實公開決標紀錄；標準品名、產業與Scope 3為規則式候選，需人工覆核,電機電控
RP-0476,槽鋼,槽鋼,金屬／五金,結構金屬產品及其零件,公開決標採購品名,結構金屬產品及其零件,採購名稱／官方財物次分類／產業分類／Scope 3候選,,範疇3 類別1,槽鋼 / 結構金屬產品及其零件 / 金屬加工 / 金屬 / 五金 / 範疇3 類別1,公開資料候選，需人工覆核,來源紀錄ID=BDM-1-70617865；真實公開決標紀錄；標準品名、產業與Scope 3為規則式候選，需人工覆核,金屬加工
RP-0477,法務部矯正署所屬臺北地區矯正機關113年下半年度收容人副食品聯合採購-加工食品類,法務部矯正署所屬臺北地區矯正機關113年下半年度收容人副食品聯合採購-加工食品類,食品／農產,"肉類,魚,果實,蔬菜,及油脂",公開決標採購品名,"肉類,魚,果實,蔬菜,及油脂",採購名稱／官方財物次分類／產業分類／Scope 3候選,,範疇3 類別1,法務部矯正署所屬臺北地區矯正機關113年下半年度收容人副食品聯合採購-加工食品類 / 肉類 / 魚 / 果實 / 蔬菜 / 及油脂 / 食品農產 / 食品 / 農產 / 範疇3 類別1,公開資料候選，需人工覆核,來源紀錄ID=BDM-1-70617871；真實公開決標紀錄；標準品名、產業與Scope 3為規則式候選，需人工覆核,食品農產
RP-0478,113學年度學校午餐食材採購,113學年度學校午餐食材採購,食品／農產,"肉類,魚,果實,蔬菜,及油脂",公開決標採購品名,"肉類,魚,果實,蔬菜,及油脂",採購名稱／官方財物次分類／產業分類／Scope 3候選,,範疇3 類別1,113學年度學校午餐食材採購 / 肉類 / 魚 / 果實 / 蔬菜 / 及油脂 / 食品農產 / 食品 / 農產 / 範疇3 類別1,公開資料候選，需人工覆核,來源紀錄ID=BDM-1-70617878；真實公開決標紀錄；標準品名、產業與Scope 3為規則式候選，需人工覆核,食品農產
RP-0479,儲備用O型口蹄疫不活化疫苗,儲備用O型口蹄疫不活化疫苗,醫療用品／藥品,醫藥產品,公開決標採購品名,醫藥產品,採購名稱／官方財物次分類／產業分類／Scope 3候選,,範疇3 類別1,儲備用O型口蹄疫不活化疫苗 / 醫藥產品 / 醫療生技 / 醫療用品 / 藥品 / 範疇3 類別1,公開資料候選，需人工覆核,來源紀錄ID=BDM-1-70617884；真實公開決標紀錄；標準品名、產業與Scope 3為規則式候選，需人工覆核,醫療生技
RP-0480,文湖線暨貓空纜車閉路電視不斷電設備電池採購,文湖線暨貓空纜車閉路電視不斷電設備電池採購,通訊／電子設備,蓄電池、一次性電池及其零件,公開決標採購品名,蓄電池、一次性電池及其零件,採購名稱／官方財物次分類／產業分類／Scope 3候選,,範疇3 類別1,文湖線暨貓空纜車閉路電視不斷電設備電池採購 / 蓄電池、一次性電池及其零件 / 電子通訊 / 通訊 / 電子設備 / 範疇3 類別1,公開資料候選，需人工覆核,來源紀錄ID=BDM-1-70617892；真實公開決標紀錄；標準品名、產業與Scope 3為規則式候選，需人工覆核,電子通訊
RP-0481,桃園市政府社會局實物代券實施計畫禮券採購案,桃園市政府社會局實物代券實施計畫禮券,紙品／印刷／包材,"紙漿,紙及紙產品;印刷品及相關的商品",公開決標採購品名,"紙漿,紙及紙產品;印刷品及相關的商品",採購名稱／官方財物次分類／產業分類／Scope 3候選,,範疇3 類別1,桃園市政府社會局實物代券實施計畫禮券 / 紙漿 / 紙及紙產品 / 印刷品及相關的商品 / 包材印刷 / 紙品 / 印刷 / 包材 / 範疇3 類別1,公開資料候選，需人工覆核,來源紀錄ID=BDM-1-70617931；真實公開決標紀錄；標準品名、產業與Scope 3為規則式候選，需人工覆核,包材印刷
RP-0482,113年度1L-58.8度福鶴千禧酒禮盒及提袋,113年度1L-58.8度福鶴千禧酒禮盒及提袋,紙品／印刷／包材,"紙漿,紙及紙產品;印刷品及相關的商品",公開決標採購品名,"紙漿,紙及紙產品;印刷品及相關的商品",採購名稱／官方財物次分類／產業分類／Scope 3候選,,範疇3 類別1,113年度1L-58.8度福鶴千禧酒禮盒及提袋 / 紙漿 / 紙及紙產品 / 印刷品及相關的商品 / 包材印刷 / 紙品 / 印刷 / 包材 / 範疇3 類別1,公開資料候選，需人工覆核,來源紀錄ID=BDM-1-70617938；真實公開決標紀錄；標準品名、產業與Scope 3為規則式候選，需人工覆核,包材印刷
RP-0483,屏東榮民總醫院112年資本門設備乙案(彩色光譜電腦斷層+高壓注射器+病患生理監視器),屏東榮民總醫院112年資本門設備乙案(彩色光譜電腦斷層+高壓注射器+病患生理監視器),醫療用品／藥品,"醫療,外科及矯形設備",公開決標採購品名,"醫療,外科及矯形設備",採購名稱／官方財物次分類／產業分類／Scope 3候選,,範疇3 類別1,屏東榮民總醫院112年資本門設備乙案(彩色光譜電腦斷層+高壓注射器+病患生理監視器) / 醫療 / 外科及矯形設備 / 醫療生技 / 醫療用品 / 藥品 / 範疇3 類別1,公開資料候選，需人工覆核,來源紀錄ID=BDM-2-70342317；真實公開決標紀錄；標準品名、產業與Scope 3為規則式候選，需人工覆核,醫療生技
RP-0484,屏東榮民總醫院常備衛材等8項,屏東榮民總醫院常備衛材等8項,醫療用品／藥品,醫藥產品,公開決標採購品名,醫藥產品,採購名稱／官方財物次分類／產業分類／Scope 3候選,,範疇3 類別1,屏東榮民總醫院常備衛材等8項 / 醫藥產品 / 醫療生技 / 醫療用品 / 藥品 / 範疇3 類別1,公開資料候選，需人工覆核,來源紀錄ID=BDM-2-70451805；真實公開決標紀錄；標準品名、產業與Scope 3為規則式候選，需人工覆核,醫療生技
RP-0485,11號變電站4.16kV高壓配電盤(含安裝、測試及教育訓練等),11號變電站4.16kV高壓配電盤(含安裝、測試及教育訓練等),電力設備／電材,其他電力設備及零件,公開決標採購品名,其他電力設備及零件,採購名稱／官方財物次分類／產業分類／Scope 3候選,,範疇3 類別1,11號變電站4.16kV高壓配電盤(含安裝、測試及教育訓練等) / 其他電力設備及零件 / 電機電控 / 電力設備 / 電材 / 範疇3 類別1,公開資料候選，需人工覆核,來源紀錄ID=BDM-2-70488247；真實公開決標紀錄；標準品名、產業與Scope 3為規則式候選，需人工覆核,電機電控
RP-0486,豬肉等8類計194項食材(開口契約),豬肉等8類計194項食材(開口契約),食品／農產,"肉類,魚,果實,蔬菜,及油脂",公開決標採購品名,"肉類,魚,果實,蔬菜,及油脂",採購名稱／官方財物次分類／產業分類／Scope 3候選,,範疇3 類別1,豬肉等8類計194項食材(開口契約) / 肉類 / 魚 / 果實 / 蔬菜 / 及油脂 / 食品農產 / 食品 / 農產 / 範疇3 類別1,公開資料候選，需人工覆核,來源紀錄ID=BDM-2-70559592；真實公開決標紀錄；標準品名、產業與Scope 3為規則式候選，需人工覆核,食品農產
RP-0487,豬肉等8類計194項食材(開口契約)(本次招標2類),豬肉等8類計194項食材(開口契約)(本次招標2類),食品／農產,"肉類,魚,果實,蔬菜,及油脂",公開決標採購品名,"肉類,魚,果實,蔬菜,及油脂",採購名稱／官方財物次分類／產業分類／Scope 3候選,,範疇3 類別1,豬肉等8類計194項食材(開口契約)(本次招標2類) / 肉類 / 魚 / 果實 / 蔬菜 / 及油脂 / 食品農產 / 食品 / 農產 / 範疇3 類別1,公開資料候選，需人工覆核,來源紀錄ID=BDM-2-70585300；真實公開決標紀錄；標準品名、產業與Scope 3為規則式候選，需人工覆核,食品農產
RP-0488,2024金門老兵召集令活動規劃及執行委託案(第2次),2024金門老兵召集令活動規劃及執行委託案(第2次),家具／紡織用品,除服裝以外之紡織品,公開決標採購品名,除服裝以外之紡織品,採購名稱／官方財物次分類／產業分類／Scope 3候選,,範疇3 類別1,2024金門老兵召集令活動規劃及執行委託案(第2次) / 除服裝以外之紡織品 / 民生製造 / 家具 / 紡織用品 / 範疇3 類別1,公開資料候選，需人工覆核,來源紀錄ID=BDM-2-70595639；真實公開決標紀錄；標準品名、產業與Scope 3為規則式候選，需人工覆核,民生製造
RP-0489,第十/十一蒸餾工場除鐵劑一批(De-metalagentfortopping10/11unit)等一批,第十/十一蒸餾工場除鐵劑一批(De-metalagentfortopping10/11unit)等,化學品／塑橡膠,基本化學產品,公開決標採購品名,基本化學產品,採購名稱／官方財物次分類／產業分類／Scope 3候選,,範疇3 類別1,第十/十一蒸餾工場除鐵劑一批(De-metalagentfortopping10/11unit)等 / 基本化學產品 / 化工塑橡膠 / 化學品 / 塑橡膠 / 範疇3 類別1,公開資料候選，需人工覆核,來源紀錄ID=BDM-2-70605905；真實公開決標紀錄；標準品名、產業與Scope 3為規則式候選，需人工覆核,化工塑橡膠
RP-0490,檢測儀器用氣體一批,檢測儀器用氣體,儀器／光學設備,基本化學產品,公開決標採購品名,基本化學產品,採購名稱／官方財物次分類／產業分類／Scope 3候選,,範疇3 類別1,檢測儀器用氣體 / 基本化學產品 / 儀器光電 / 儀器 / 光學設備 / 範疇3 類別1,公開資料候選，需人工覆核,來源紀錄ID=BDM-2-70606807；真實公開決標紀錄；標準品名、產業與Scope 3為規則式候選，需人工覆核,儀器光電
RP-0491,南非分行行舍租賃採購案,南非分行行舍租賃,其他財物,建地及相關土地,公開決標採購品名,建地及相關土地,採購名稱／官方財物次分類／產業分類／Scope 3候選,,範疇3 類別1,南非分行行舍租賃 / 建地及相關土地 / 其他產業 / 其他財物 / 範疇3 類別1,公開資料候選，需人工覆核,來源紀錄ID=BDM-2-70610634；真實公開決標紀錄；標準品名、產業與Scope 3為規則式候選，需人工覆核,其他產業
RP-0492,耐優捷凝膠人工骨泥-0.5ml(或同等品)等5項案,耐優捷凝膠人工骨泥-0.5ml(或同等品)等5項案,醫療用品／藥品,醫藥產品,公開決標採購品名,醫藥產品,採購名稱／官方財物次分類／產業分類／Scope 3候選,,範疇3 類別1,耐優捷凝膠人工骨泥-0.5ml(或同等品)等5項案 / 醫藥產品 / 醫療生技 / 醫療用品 / 藥品 / 範疇3 類別1,公開資料候選，需人工覆核,來源紀錄ID=BDM-2-70612999；真實公開決標紀錄；標準品名、產業與Scope 3為規則式候選，需人工覆核,醫療生技
RP-0495,花蓮縣鳳林國小113年度已達汰換年限之汰舊換新身心障礙學生交通車(含升降設備),花蓮縣鳳林國小113年度已達汰換年限之汰舊換新身心障礙學生交通車(含升降設備),車輛／運輸設備,"機動車,拖車,半拖車;車輛機件",公開決標採購品名,"機動車,拖車,半拖車;車輛機件",採購名稱／官方財物次分類／產業分類／Scope 3候選,,範疇3 類別1,花蓮縣鳳林國小113年度已達汰換年限之汰舊換新身心障礙學生交通車(含升降設備) / 機動車 / 拖車 / 半拖車 / 車輛機件 / 運輸設備 / 車輛 / 範疇3 類別1,公開資料候選，需人工覆核,來源紀錄ID=NAI-1-70614628；真實公開決標紀錄；標準品名、產業與Scope 3為規則式候選，需人工覆核,運輸設備
RP-0496,113學年度同富國中學區午餐暨幼兒園點心食材供應商聯合採購案,113學年度同富國中學區午餐暨幼兒園點心食材供應商聯合,食品／農產,"肉類,魚,果實,蔬菜,及油脂",公開決標採購品名,"肉類,魚,果實,蔬菜,及油脂",採購名稱／官方財物次分類／產業分類／Scope 3候選,,範疇3 類別1,113學年度同富國中學區午餐暨幼兒園點心食材供應商聯合 / 肉類 / 魚 / 果實 / 蔬菜 / 及油脂 / 食品農產 / 食品 / 農產 / 範疇3 類別1,公開資料候選，需人工覆核,來源紀錄ID=NAI-1-70614648；真實公開決標紀錄；標準品名、產業與Scope 3為規則式候選，需人工覆核,食品農產
RP-0497,團隊運動訓練生理監控穿戴裝置系統、移動心電圖/心肺測量系統、加壓阻力運動訓練系統,團隊運動訓練生理監控穿戴裝置系統、移動心電圖/心肺測量系統、加壓阻力運動訓練系統,醫療用品／藥品,"醫療,外科及矯形設備",公開決標採購品名,"醫療,外科及矯形設備",採購名稱／官方財物次分類／產業分類／Scope 3候選,,範疇3 類別1,團隊運動訓練生理監控穿戴裝置系統、移動心電圖/心肺測量系統、加壓阻力運動訓練系統 / 醫療 / 外科及矯形設備 / 醫療生技 / 醫療用品 / 藥品 / 範疇3 類別1,公開資料候選，需人工覆核,來源紀錄ID=NAI-1-70614670；真實公開決標紀錄；標準品名、產業與Scope 3為規則式候選，需人工覆核,醫療生技
RP-0498,植入性抗菌引流導管等2項單價開口契約,植入性抗菌引流導管等2項單價開口契約,醫療用品／藥品,醫藥產品,公開決標採購品名,醫藥產品,採購名稱／官方財物次分類／產業分類／Scope 3候選,,範疇3 類別1,植入性抗菌引流導管等2項單價開口契約 / 醫藥產品 / 醫療生技 / 醫療用品 / 藥品 / 範疇3 類別1,公開資料候選，需人工覆核,來源紀錄ID=NAI-1-70614671；真實公開決標紀錄；標準品名、產業與Scope 3為規則式候選，需人工覆核,醫療生技
RP-0499,肱骨髓內釘系統組等6項單價開口契約,肱骨髓內釘系統組等6項單價開口契約,醫療用品／藥品,醫藥產品,公開決標採購品名,醫藥產品,採購名稱／官方財物次分類／產業分類／Scope 3候選,,範疇3 類別1,肱骨髓內釘系統組等6項單價開口契約 / 醫藥產品 / 醫療生技 / 醫療用品 / 藥品 / 範疇3 類別1,公開資料候選，需人工覆核,來源紀錄ID=NAI-1-70614672；真實公開決標紀錄；標準品名、產業與Scope 3為規則式候選，需人工覆核,醫療生技
RP-0500,113年校園無線網路基地台設備採購案,113年校園無線網路基地台設備,資訊設備／軟體,計算機及其零件與配件,公開決標採購品名,計算機及其零件與配件,採購名稱／官方財物次分類／產業分類／Scope 3候選,,範疇3 類別1,113年校園無線網路基地台設備 / 計算機及其零件與配件 / 資訊電子 / 資訊設備 / 軟體 / 範疇3 類別1,公開資料候選，需人工覆核,來源紀錄ID=NAI-1-70614675；真實公開決標紀錄；標準品名、產業與Scope 3為規則式候選，需人工覆核,資訊電子
RP-0501,錐形滾柱軸承外環等4項採購,錐形滾柱軸承外環等4項採購,其他財物,鐵路及電車軌道之機車及其零件,公開決標採購品名,鐵路及電車軌道之機車及其零件,採購名稱／官方財物次分類／產業分類／Scope 3候選,,範疇3 類別1,錐形滾柱軸承外環等4項採購 / 鐵路及電車軌道之機車及其零件 / 其他產業 / 其他財物 / 範疇3 類別1,公開資料候選，需人工覆核,來源紀錄ID=NAI-1-70614680；真實公開決標紀錄；標準品名、產業與Scope 3為規則式候選，需人工覆核,其他產業
RP-0502,駐米蘭辦事處採購館車,駐米蘭辦事處採購館車,車輛／運輸設備,"機動車,拖車,半拖車;車輛機件",公開決標採購品名,"機動車,拖車,半拖車;車輛機件",採購名稱／官方財物次分類／產業分類／Scope 3候選,,範疇3 類別1,駐米蘭辦事處採購館車 / 機動車 / 拖車 / 半拖車 / 車輛機件 / 運輸設備 / 車輛 / 範疇3 類別1,公開資料候選，需人工覆核,來源紀錄ID=NAI-1-70614687；真實公開決標紀錄；標準品名、產業與Scope 3為規則式候選，需人工覆核,運輸設備
RP-0503,鋼材用料長期合約採購,鋼材用料長期合約採購,金屬／五金,結構金屬產品及其零件,公開決標採購品名,結構金屬產品及其零件,採購名稱／官方財物次分類／產業分類／Scope 3候選,,範疇3 類別1,鋼材用料長期合約採購 / 結構金屬產品及其零件 / 金屬加工 / 金屬 / 五金 / 範疇3 類別1,公開資料候選，需人工覆核,來源紀錄ID=NAI-1-70614719；真實公開決標紀錄；標準品名、產業與Scope 3為規則式候選，需人工覆核,金屬加工
RP-0504,渦電流磁場式探傷器壹批,渦電流磁場式探傷器,儀器／光學設備,做為測量、檢查、航行及其他目的用之儀器和裝置，除光學儀器;工業程序控制設備;上述各項之零件及附件,公開決標採購品名,做為測量、檢查、航行及其他目的用之儀器和裝置，除光學儀器;工業程序控制設備;上述各項之零件及附件,採購名稱／官方財物次分類／產業分類／Scope 3候選,,範疇3 類別1,渦電流磁場式探傷器 / 做為測量、檢查、航行及其他目的用之儀器和裝置 / 除光學儀器 / 工業程序控制設備 / 上述各項之零件及附件 / 儀器光電 / 儀器 / 光學設備 / 範疇3 類別1,公開資料候選，需人工覆核,來源紀錄ID=NAI-1-70614721；真實公開決標紀錄；標準品名、產業與Scope 3為規則式候選，需人工覆核,儀器光電
RP-0506,汐止E/S等11所12組蓄電池採購暨汰換安裝,汐止E/S等11所12組蓄電池採購暨汰換安裝,電力設備／電材,其他電力設備及零件,公開決標採購品名,其他電力設備及零件,採購名稱／官方財物次分類／產業分類／Scope 3候選,,範疇3 類別1,汐止E/S等11所12組蓄電池採購暨汰換安裝 / 其他電力設備及零件 / 電機電控 / 電力設備 / 電材 / 範疇3 類別1,公開資料候選，需人工覆核,來源紀錄ID=NAI-1-70614726；真實公開決標紀錄；標準品名、產業與Scope 3為規則式候選，需人工覆核,電機電控
RP-0507,113年度中型身心障礙學生交通車採購案,113年度中型身心障礙學生交通車,車輛／運輸設備,"機動車,拖車,半拖車;車輛機件",公開決標採購品名,"機動車,拖車,半拖車;車輛機件",採購名稱／官方財物次分類／產業分類／Scope 3候選,,範疇3 類別1,113年度中型身心障礙學生交通車 / 機動車 / 拖車 / 半拖車 / 車輛機件 / 運輸設備 / 車輛 / 範疇3 類別1,公開資料候選，需人工覆核,來源紀錄ID=NAI-1-70614731；真實公開決標紀錄；標準品名、產業與Scope 3為規則式候選，需人工覆核,運輸設備
RP-0508,三星鄉幸福巴士車輛購置案,三星鄉幸福巴士車輛購置案,車輛／運輸設備,"機動車,拖車,半拖車;車輛機件",公開決標採購品名,"機動車,拖車,半拖車;車輛機件",採購名稱／官方財物次分類／產業分類／Scope 3候選,,範疇3 類別1,三星鄉幸福巴士車輛購置案 / 機動車 / 拖車 / 半拖車 / 車輛機件 / 運輸設備 / 車輛 / 範疇3 類別1,公開資料候選，需人工覆核,來源紀錄ID=NAI-1-70614754；真實公開決標紀錄；標準品名、產業與Scope 3為規則式候選，需人工覆核,運輸設備
RP-0509,113年度嘉義市國民中小學充實圖書館藏書量聯合採購案,113年度嘉義市國民中小學充實圖書館藏書量聯合,紙品／印刷／包材,"紙漿,紙及紙產品;印刷品及相關的商品",公開決標採購品名,"紙漿,紙及紙產品;印刷品及相關的商品",採購名稱／官方財物次分類／產業分類／Scope 3候選,,範疇3 類別1,113年度嘉義市國民中小學充實圖書館藏書量聯合 / 紙漿 / 紙及紙產品 / 印刷品及相關的商品 / 包材印刷 / 紙品 / 印刷 / 包材 / 範疇3 類別1,公開資料候選，需人工覆核,來源紀錄ID=NAI-1-70614755；真實公開決標紀錄；標準品名、產業與Scope 3為規則式候選，需人工覆核,包材印刷
RP-0510,中油1999級船舶液壓系統閥件採購一批,中油1999級船舶液壓系統閥件採購,機械／零組件,"引擎,渦輪及其零件",公開決標採購品名,"引擎,渦輪及其零件",採購名稱／官方財物次分類／產業分類／Scope 3候選,,範疇3 類別1,中油1999級船舶液壓系統閥件採購 / 引擎 / 渦輪及其零件 / 機械設備 / 機械 / 零組件 / 範疇3 類別1,公開資料候選，需人工覆核,來源紀錄ID=NAI-1-70614767；真實公開決標紀錄；標準品名、產業與Scope 3為規則式候選，需人工覆核,機械設備
RP-0511,113年金門縣林務所採購園藝資材一批(開口契約),113年金門縣林務所採購園藝資材一批(開口契約),其他財物,"農業,園藝及市場園藝產品",公開決標採購品名,"農業,園藝及市場園藝產品",採購名稱／官方財物次分類／產業分類／Scope 3候選,,範疇3 類別1,113年金門縣林務所採購園藝資材一批(開口契約) / 農業 / 園藝及市場園藝產品 / 其他產業 / 其他財物 / 範疇3 類別1,公開資料候選，需人工覆核,來源紀錄ID=NAI-1-70614768；真實公開決標紀錄；標準品名、產業與Scope 3為規則式候選，需人工覆核,其他產業
RP-0512,中央生理監視器及胎兒/孕婦監視器2台,中央生理監視器及胎兒/孕婦監視器2台,醫療用品／藥品,"醫療,外科及矯形設備",公開決標採購品名,"醫療,外科及矯形設備",採購名稱／官方財物次分類／產業分類／Scope 3候選,,範疇3 類別1,中央生理監視器及胎兒/孕婦監視器2台 / 醫療 / 外科及矯形設備 / 醫療生技 / 醫療用品 / 藥品 / 範疇3 類別1,公開資料候選，需人工覆核,來源紀錄ID=NAI-1-70614770；真實公開決標紀錄；標準品名、產業與Scope 3為規則式候選，需人工覆核,醫療生技
RP-0513,112學年度遊樂器材增設,112學年度遊樂器材增設,其他財物,遊樂場迴轉臺、鞦韆臺、射擊場及其他遊樂場之娛樂設備,公開決標採購品名,遊樂場迴轉臺、鞦韆臺、射擊場及其他遊樂場之娛樂設備,採購名稱／官方財物次分類／產業分類／Scope 3候選,,範疇3 類別1,112學年度遊樂器材增設 / 遊樂場迴轉臺、鞦韆臺、射擊場及其他遊樂場之娛樂設備 / 其他產業 / 其他財物 / 範疇3 類別1,公開資料候選，需人工覆核,來源紀錄ID=NAI-1-70614776；真實公開決標紀錄；標準品名、產業與Scope 3為規則式候選，需人工覆核,其他產業
RP-0514,113學年度第1學期教科書採購招標案,113學年度第1學期教科書採購招標案,紙品／印刷／包材,"紙漿,紙及紙產品;印刷品及相關的商品",公開決標採購品名,"紙漿,紙及紙產品;印刷品及相關的商品",採購名稱／官方財物次分類／產業分類／Scope 3候選,,範疇3 類別1,113學年度第1學期教科書採購招標案 / 紙漿 / 紙及紙產品 / 印刷品及相關的商品 / 包材印刷 / 紙品 / 印刷 / 包材 / 範疇3 類別1,公開資料候選，需人工覆核,來源紀錄ID=NAI-1-70614783；真實公開決標紀錄；標準品名、產業與Scope 3為規則式候選，需人工覆核,包材印刷
RP-0516,113年度高級中等學校充實教學及實習設備-教學設備採購案,113年度高級中等學校充實教學及實習設備-教學設備,資訊設備／軟體,計算機及其零件與配件,公開決標採購品名,計算機及其零件與配件,採購名稱／官方財物次分類／產業分類／Scope 3候選,,範疇3 類別1,113年度高級中等學校充實教學及實習設備-教學設備 / 計算機及其零件與配件 / 資訊電子 / 資訊設備 / 軟體 / 範疇3 類別1,公開資料候選，需人工覆核,來源紀錄ID=NAI-1-70614790；真實公開決標紀錄；標準品名、產業與Scope 3為規則式候選，需人工覆核,資訊電子
RP-0517,國立歷史博物館微環境控制展櫃製作案,國立歷史博物館微環境控制展櫃製作案,金屬／五金,結構金屬產品及其零件,公開決標採購品名,結構金屬產品及其零件,採購名稱／官方財物次分類／產業分類／Scope 3候選,,範疇3 類別1,國立歷史博物館微環境控制展櫃製作案 / 結構金屬產品及其零件 / 金屬加工 / 金屬 / 五金 / 範疇3 類別1,公開資料候選，需人工覆核,來源紀錄ID=NAI-1-70614793；真實公開決標紀錄；標準品名、產業與Scope 3為規則式候選，需人工覆核,金屬加工
RP-0518,感測器桿等12項,感測器桿等12項,機械／零組件,"引擎,渦輪及其零件",公開決標採購品名,"引擎,渦輪及其零件",採購名稱／官方財物次分類／產業分類／Scope 3候選,,範疇3 類別1,感測器桿等12項 / 引擎 / 渦輪及其零件 / 機械設備 / 機械 / 零組件 / 範疇3 類別1,公開資料候選，需人工覆核,來源紀錄ID=NAI-1-70614795；真實公開決標紀錄；標準品名、產業與Scope 3為規則式候選，需人工覆核,機械設備
RP-0519,丙酮等7項,丙酮等7項,化學品／塑橡膠,基本化學產品,公開決標採購品名,基本化學產品,採購名稱／官方財物次分類／產業分類／Scope 3候選,,範疇3 類別1,丙酮等7項 / 基本化學產品 / 化工塑橡膠 / 化學品 / 塑橡膠 / 範疇3 類別1,公開資料候選，需人工覆核,來源紀錄ID=NAI-1-70614798；真實公開決標紀錄；標準品名、產業與Scope 3為規則式候選，需人工覆核,化工塑橡膠
RP-0520,一四級分供空氣閥等8項,一四級分供空氣閥等8項,機械／零組件,"引擎,渦輪及其零件",公開決標採購品名,"引擎,渦輪及其零件",採購名稱／官方財物次分類／產業分類／Scope 3候選,,範疇3 類別1,一四級分供空氣閥等8項 / 引擎 / 渦輪及其零件 / 機械設備 / 機械 / 零組件 / 範疇3 類別1,公開資料候選，需人工覆核,來源紀錄ID=NAI-1-70614802；真實公開決標紀錄；標準品名、產業與Scope 3為規則式候選，需人工覆核,機械設備
RP-0521,高效保膚劑採購案,高效保膚劑,醫療用品／藥品,醫藥產品,公開決標採購品名,醫藥產品,採購名稱／官方財物次分類／產業分類／Scope 3候選,,範疇3 類別1,高效保膚劑 / 醫藥產品 / 醫療生技 / 醫療用品 / 藥品 / 範疇3 類別1,公開資料候選，需人工覆核,來源紀錄ID=NAI-1-70614807；真實公開決標紀錄；標準品名、產業與Scope 3為規則式候選，需人工覆核,醫療生技
RP-0522,113學年度學校營養午餐暨附幼點心食材,113學年度學校營養午餐暨附幼點心食材,食品／農產,"肉類,魚,果實,蔬菜,及油脂",公開決標採購品名,"肉類,魚,果實,蔬菜,及油脂",採購名稱／官方財物次分類／產業分類／Scope 3候選,,範疇3 類別1,113學年度學校營養午餐暨附幼點心食材 / 肉類 / 魚 / 果實 / 蔬菜 / 及油脂 / 食品農產 / 食品 / 農產 / 範疇3 類別1,公開資料候選，需人工覆核,來源紀錄ID=NAI-1-70614814；真實公開決標紀錄；標準品名、產業與Scope 3為規則式候選，需人工覆核,食品農產
RP-0523,117年商轉燃氣機組電力採購,117年商轉燃氣機組電力採購,電力設備／電材,"電力,瓦斯,蒸氣及熱水",公開決標採購品名,"電力,瓦斯,蒸氣及熱水",採購名稱／官方財物次分類／產業分類／Scope 3候選,,範疇3 類別1,117年商轉燃氣機組電力採購 / 電力 / 瓦斯 / 蒸氣及熱水 / 電機電控 / 電力設備 / 電材 / 範疇3 類別1,公開資料候選，需人工覆核,來源紀錄ID=NAI-1-70614816；真實公開決標紀錄；標準品名、產業與Scope 3為規則式候選，需人工覆核,電機電控
RP-0524,"藍色顏料粉(有機顏料Blue15:1)1,500公斤","藍色顏料粉(有機顏料Blue15:1)1,500公斤",化學品／塑橡膠,基本化學產品,公開決標採購品名,基本化學產品,採購名稱／官方財物次分類／產業分類／Scope 3候選,,範疇3 類別1,藍色顏料粉(有機顏料Blue15:1)1 / 500公斤 / 基本化學產品 / 化工塑橡膠 / 化學品 / 塑橡膠 / 範疇3 類別1,公開資料候選，需人工覆核,來源紀錄ID=NAI-1-70614822；真實公開決標紀錄；標準品名、產業與Scope 3為規則式候選，需人工覆核,化工塑橡膠
RP-0525,桌上型電子順磁共振儀一套,桌上型電子順磁共振儀一套,儀器／光學設備,做為測量、檢查、航行及其他目的用之儀器和裝置，除光學儀器;工業程序控制設備;上述各項之零件及附件,公開決標採購品名,做為測量、檢查、航行及其他目的用之儀器和裝置，除光學儀器;工業程序控制設備;上述各項之零件及附件,採購名稱／官方財物次分類／產業分類／Scope 3候選,,範疇3 類別1,桌上型電子順磁共振儀一套 / 做為測量、檢查、航行及其他目的用之儀器和裝置 / 除光學儀器 / 工業程序控制設備 / 上述各項之零件及附件 / 儀器光電 / 儀器 / 光學設備 / 範疇3 類別1,公開資料候選，需人工覆核,來源紀錄ID=NAI-1-70614823；真實公開決標紀錄；標準品名、產業與Scope 3為規則式候選，需人工覆核,儀器光電
RP-0526,113學年度午餐公辦民營服務廠商評選採購,113學年度午餐公辦民營服務廠商評選採購,食品／農產,"肉類,魚,果實,蔬菜,及油脂",公開決標採購品名,"肉類,魚,果實,蔬菜,及油脂",採購名稱／官方財物次分類／產業分類／Scope 3候選,,範疇3 類別1,113學年度午餐公辦民營服務廠商評選採購 / 肉類 / 魚 / 果實 / 蔬菜 / 及油脂 / 食品農產 / 食品 / 農產 / 範疇3 類別1,公開資料候選，需人工覆核,來源紀錄ID=NAI-1-70614830；真實公開決標紀錄；標準品名、產業與Scope 3為規則式候選，需人工覆核,食品農產
RP-0527,113年災害搶救類器材開口契約採購案,113年災害搶救類器材開口契約,機械／零組件,其他通用機具,公開決標採購品名,其他通用機具,採購名稱／官方財物次分類／產業分類／Scope 3候選,,範疇3 類別1,113年災害搶救類器材開口契約 / 其他通用機具 / 機械設備 / 機械 / 零組件 / 範疇3 類別1,公開資料候選，需人工覆核,來源紀錄ID=NAI-1-70614831；真實公開決標紀錄；標準品名、產業與Scope 3為規則式候選，需人工覆核,機械設備
RP-0528,113年紅外線熱顯像儀開口契約採購案,113年紅外線熱顯像儀開口契約,機械／零組件,其他通用機具,公開決標採購品名,其他通用機具,採購名稱／官方財物次分類／產業分類／Scope 3候選,,範疇3 類別1,113年紅外線熱顯像儀開口契約 / 其他通用機具 / 機械設備 / 機械 / 零組件 / 範疇3 類別1,公開資料候選，需人工覆核,來源紀錄ID=NAI-1-70614833；真實公開決標紀錄；標準品名、產業與Scope 3為規則式候選，需人工覆核,機械設備
RP-0529,113學年度第1學期高中教科書採購案,113學年度第1學期高中教科書,紙品／印刷／包材,"紙漿,紙及紙產品;印刷品及相關的商品",公開決標採購品名,"紙漿,紙及紙產品;印刷品及相關的商品",採購名稱／官方財物次分類／產業分類／Scope 3候選,,範疇3 類別1,113學年度第1學期高中教科書 / 紙漿 / 紙及紙產品 / 印刷品及相關的商品 / 包材印刷 / 紙品 / 印刷 / 包材 / 範疇3 類別1,公開資料候選，需人工覆核,來源紀錄ID=NAI-1-70614842；真實公開決標紀錄；標準品名、產業與Scope 3為規則式候選，需人工覆核,包材印刷
RP-0530,航空燃油過濾器濾芯,航空燃油過濾器濾芯,機械／零組件,氣體產生器;蒸餾設備;冷凍及空調設備;過濾機具,公開決標採購品名,氣體產生器;蒸餾設備;冷凍及空調設備;過濾機具,採購名稱／官方財物次分類／產業分類／Scope 3候選,,範疇3 類別1,航空燃油過濾器濾芯 / 氣體產生器 / 蒸餾設備 / 冷凍及空調設備 / 過濾機具 / 機械設備 / 機械 / 零組件 / 範疇3 類別1,公開資料候選，需人工覆核,來源紀錄ID=NAI-1-70614853；真實公開決標紀錄；標準品名、產業與Scope 3為規則式候選，需人工覆核,機械設備
RP-0531,骨材等9項單價開口契約,骨材等9項單價開口契約,醫療用品／藥品,醫藥產品,公開決標採購品名,醫藥產品,採購名稱／官方財物次分類／產業分類／Scope 3候選,,範疇3 類別1,骨材等9項單價開口契約 / 醫藥產品 / 醫療生技 / 醫療用品 / 藥品 / 範疇3 類別1,公開資料候選，需人工覆核,來源紀錄ID=NAI-1-70614866；真實公開決標紀錄；標準品名、產業與Scope 3為規則式候選，需人工覆核,醫療生技
RP-0532,身體組成分析儀,身體組成分析儀,其他財物,運動商品,公開決標採購品名,運動商品,採購名稱／官方財物次分類／產業分類／Scope 3候選,,範疇3 類別1,身體組成分析儀 / 運動商品 / 其他產業 / 其他財物 / 範疇3 類別1,公開資料候選，需人工覆核,來源紀錄ID=NAI-1-70614880；真實公開決標紀錄；標準品名、產業與Scope 3為規則式候選，需人工覆核,其他產業
RP-0533,大林工場6g棒型包裝紙採購,大林工場6g棒型包裝紙採購,紙品／印刷／包材,"紙漿,紙及紙產品;印刷品及相關的商品",公開決標採購品名,"紙漿,紙及紙產品;印刷品及相關的商品",採購名稱／官方財物次分類／產業分類／Scope 3候選,,範疇3 類別1,大林工場6g棒型包裝紙採購 / 紙漿 / 紙及紙產品 / 印刷品及相關的商品 / 包材印刷 / 紙品 / 印刷 / 包材 / 範疇3 類別1,公開資料候選，需人工覆核,來源紀錄ID=NAI-1-70614881；真實公開決標紀錄；標準品名、產業與Scope 3為規則式候選，需人工覆核,包材印刷
RP-0534,本局113年度數位鑑識及科技偵防工具軟體授權更新採購案,本局113年度數位鑑識及科技偵防工具軟體授權更新,資訊設備／軟體,"光學儀器,攝影設備及其零件與附件",公開決標採購品名,"光學儀器,攝影設備及其零件與附件",採購名稱／官方財物次分類／產業分類／Scope 3候選,,範疇3 類別1,本局113年度數位鑑識及科技偵防工具軟體授權更新 / 光學儀器 / 攝影設備及其零件與附件 / 資訊電子 / 資訊設備 / 軟體 / 範疇3 類別1,公開資料候選，需人工覆核,來源紀錄ID=NAI-1-70614884；真實公開決標紀錄；標準品名、產業與Scope 3為規則式候選，需人工覆核,資訊電子
RP-0535,"易洗樂720ml一打裝紙箱(A款)24,000個","易洗樂720ml一打裝紙箱(A款)24,000個",紙品／印刷／包材,"紙漿,紙及紙產品;印刷品及相關的商品",公開決標採購品名,"紙漿,紙及紙產品;印刷品及相關的商品",採購名稱／官方財物次分類／產業分類／Scope 3候選,,範疇3 類別1,易洗樂720ml一打裝紙箱(A款)24 / 000個 / 紙漿 / 紙及紙產品 / 印刷品及相關的商品 / 包材印刷 / 紙品 / 印刷 / 包材 / 範疇3 類別1,公開資料候選，需人工覆核,來源紀錄ID=NAI-1-70614899；真實公開決標紀錄；標準品名、產業與Scope 3為規則式候選，需人工覆核,包材印刷
RP-0536,宜蘭縣政府消防局113年購置本縣義勇消防總隊防宣義消分隊團體服,宜蘭縣政府消防局113年購置本縣義勇消防總隊防宣義消分隊團體服,機械／零組件,"製造紡織品,服裝及皮革產品之機具及其零件",公開決標採購品名,"製造紡織品,服裝及皮革產品之機具及其零件",採購名稱／官方財物次分類／產業分類／Scope 3候選,,範疇3 類別1,宜蘭縣政府消防局113年購置本縣義勇消防總隊防宣義消分隊團體服 / 製造紡織品 / 服裝及皮革產品之機具及其零件 / 機械設備 / 機械 / 零組件 / 範疇3 類別1,公開資料候選，需人工覆核,來源紀錄ID=NAI-1-70614902；真實公開決標紀錄；標準品名、產業與Scope 3為規則式候選，需人工覆核,機械設備
RP-0537,"小港廠鹽酸440,000kg","小港廠鹽酸440,000kg",化學品／塑橡膠,基本化學產品,公開決標採購品名,基本化學產品,採購名稱／官方財物次分類／產業分類／Scope 3候選,,範疇3 類別1,小港廠鹽酸440 / 000kg / 基本化學產品 / 化工塑橡膠 / 化學品 / 塑橡膠 / 範疇3 類別1,公開資料候選，需人工覆核,來源紀錄ID=NAI-1-70614903；真實公開決標紀錄；標準品名、產業與Scope 3為規則式候選，需人工覆核,化工塑橡膠
RP-0538,113年至115年網路設備汰換暨iTaiwan無線網路服務提供財物採購案,113年至115年網路設備汰換暨iTaiwan無線網路服務提供財物,資訊設備／軟體,計算機及其零件與配件,公開決標採購品名,計算機及其零件與配件,採購名稱／官方財物次分類／產業分類／Scope 3候選,,範疇3 類別1,113年至115年網路設備汰換暨iTaiwan無線網路服務提供財物 / 計算機及其零件與配件 / 資訊電子 / 資訊設備 / 軟體 / 範疇3 類別1,公開資料候選，需人工覆核,來源紀錄ID=NAI-1-70614909；真實公開決標紀錄；標準品名、產業與Scope 3為規則式候選，需人工覆核,資訊電子
RP-0539,86吋大型觸控電子白板及雙層嵌入式白板,86吋大型觸控電子白板及雙層嵌入式白板,通訊／電子設備,"收音機、電視,通訊器材及儀器",公開決標採購品名,"收音機、電視,通訊器材及儀器",採購名稱／官方財物次分類／產業分類／Scope 3候選,,範疇3 類別1,86吋大型觸控電子白板及雙層嵌入式白板 / 收音機、電視 / 通訊器材及儀器 / 電子通訊 / 通訊 / 電子設備 / 範疇3 類別1,公開資料候選，需人工覆核,來源紀錄ID=NAI-1-70614924；真實公開決標紀錄；標準品名、產業與Scope 3為規則式候選，需人工覆核,電子通訊
RP-0540,長億高中113學年度學生午餐團膳採購,長億高中113學年度學生午餐團膳採購,食品／農產,"肉類,魚,果實,蔬菜,及油脂",公開決標採購品名,"肉類,魚,果實,蔬菜,及油脂",採購名稱／官方財物次分類／產業分類／Scope 3候選,,範疇3 類別1,長億高中113學年度學生午餐團膳採購 / 肉類 / 魚 / 果實 / 蔬菜 / 及油脂 / 食品農產 / 食品 / 農產 / 範疇3 類別1,公開資料候選，需人工覆核,來源紀錄ID=NAI-1-70614928；真實公開決標紀錄；標準品名、產業與Scope 3為規則式候選，需人工覆核,食品農產
RP-0541,林園石化廠電子儀器用變壓器配件一批,林園石化廠電子儀器用變壓器配件,電力設備／電材,其他電力設備及零件,公開決標採購品名,其他電力設備及零件,採購名稱／官方財物次分類／產業分類／Scope 3候選,,範疇3 類別1,林園石化廠電子儀器用變壓器配件 / 其他電力設備及零件 / 電機電控 / 電力設備 / 電材 / 範疇3 類別1,公開資料候選，需人工覆核,來源紀錄ID=NAI-1-70614937；真實公開決標紀錄；標準品名、產業與Scope 3為規則式候選，需人工覆核,電機電控
RP-0542,醫療診間報到機採購案,醫療診間報到機,醫療用品／藥品,計算機及其零件與配件,公開決標採購品名,計算機及其零件與配件,採購名稱／官方財物次分類／產業分類／Scope 3候選,,範疇3 類別1,醫療診間報到機 / 計算機及其零件與配件 / 醫療生技 / 醫療用品 / 藥品 / 範疇3 類別1,公開資料候選，需人工覆核,來源紀錄ID=NAI-1-70614941；真實公開決標紀錄；標準品名、產業與Scope 3為規則式候選，需人工覆核,醫療生技
RP-0543,「113年度新臺幣點驗鈔機設備暨保固期滿後4年維護」採購案,「113年度新臺幣點驗鈔機設備暨保固期滿後4年維護」,其他財物,辦公室及會計機器，其零件及附件,公開決標採購品名,辦公室及會計機器，其零件及附件,採購名稱／官方財物次分類／產業分類／Scope 3候選,,範疇3 類別1,「113年度新臺幣點驗鈔機設備暨保固期滿後4年維護」 / 辦公室及會計機器 / 其零件及附件 / 其他產業 / 其他財物 / 範疇3 類別1,公開資料候選，需人工覆核,來源紀錄ID=NAI-1-70614943；真實公開決標紀錄；標準品名、產業與Scope 3為規則式候選，需人工覆核,其他產業
RP-0544,電動立式彈性座封閘閥、蝶型閥（安裝試車）及鋼製可撓管等1批,電動立式彈性座封閘閥、蝶型閥（安裝試車）及鋼製可撓管等1批,機械／零組件,"幫浦,壓縮機,液壓與氣動引擎,閥門及其零件",公開決標採購品名,"幫浦,壓縮機,液壓與氣動引擎,閥門及其零件",採購名稱／官方財物次分類／產業分類／Scope 3候選,,範疇3 類別1,電動立式彈性座封閘閥、蝶型閥（安裝試車）及鋼製可撓管等1批 / 幫浦 / 壓縮機 / 液壓與氣動引擎 / 閥門及其零件 / 機械設備 / 機械 / 零組件 / 範疇3 類別1,公開資料候選，需人工覆核,來源紀錄ID=NAI-1-70614967；真實公開決標紀錄；標準品名、產業與Scope 3為規則式候選，需人工覆核,機械設備
RP-0545,手持型XRF光譜儀1式,手持型XRF光譜儀1式,儀器／光學設備,"光學儀器,攝影設備及其零件與附件",公開決標採購品名,"光學儀器,攝影設備及其零件與附件",採購名稱／官方財物次分類／產業分類／Scope 3候選,,範疇3 類別1,手持型XRF光譜儀1式 / 光學儀器 / 攝影設備及其零件與附件 / 儀器光電 / 儀器 / 光學設備 / 範疇3 類別1,公開資料候選，需人工覆核,來源紀錄ID=NAI-1-70614973；真實公開決標紀錄；標準品名、產業與Scope 3為規則式候選，需人工覆核,儀器光電
RP-0546,112年石化事業部遊覽車租賃一批,112年石化事業部遊覽車租賃,車輛／運輸設備,"機動車,拖車,半拖車;車輛機件",公開決標採購品名,"機動車,拖車,半拖車;車輛機件",採購名稱／官方財物次分類／產業分類／Scope 3候選,,範疇3 類別1,112年石化事業部遊覽車租賃 / 機動車 / 拖車 / 半拖車 / 車輛機件 / 運輸設備 / 車輛 / 範疇3 類別1,公開資料候選，需人工覆核,來源紀錄ID=NAI-1-70614977；真實公開決標紀錄；標準品名、產業與Scope 3為規則式候選，需人工覆核,運輸設備
RP-0547,深度計,深度計,金屬／五金,其他預鑄金屬產品,公開決標採購品名,其他預鑄金屬產品,採購名稱／官方財物次分類／產業分類／Scope 3候選,,範疇3 類別1,深度計 / 其他預鑄金屬產品 / 金屬加工 / 金屬 / 五金 / 範疇3 類別1,公開資料候選，需人工覆核,來源紀錄ID=NAI-1-70614980；真實公開決標紀錄；標準品名、產業與Scope 3為規則式候選，需人工覆核,金屬加工
RP-0548,人工植牙系統-植牙手術套組(Implant+Cover+Healing)(或同等品)等5項,人工植牙系統-植牙手術套組(Implant+Cover+Healing)(或同等品)等5項,醫療用品／藥品,醫藥產品,公開決標採購品名,醫藥產品,採購名稱／官方財物次分類／產業分類／Scope 3候選,,範疇3 類別1,人工植牙系統-植牙手術套組(Implant+Cover+Healing)(或同等品)等5項 / 醫藥產品 / 醫療生技 / 醫療用品 / 藥品 / 範疇3 類別1,公開資料候選，需人工覆核,來源紀錄ID=NAI-1-70614981；真實公開決標紀錄；標準品名、產業與Scope 3為規則式候選，需人工覆核,醫療生技
RP-0549,恆溫沖洗液推進器,恆溫沖洗液推進器,醫療用品／藥品,"醫療,外科及矯形設備",公開決標採購品名,"醫療,外科及矯形設備",採購名稱／官方財物次分類／產業分類／Scope 3候選,,範疇3 類別1,恆溫沖洗液推進器 / 醫療 / 外科及矯形設備 / 醫療生技 / 醫療用品 / 藥品 / 範疇3 類別1,公開資料候選，需人工覆核,來源紀錄ID=NAI-1-70614984；真實公開決標紀錄；標準品名、產業與Scope 3為規則式候選，需人工覆核,醫療生技
RP-0550,113年度10L-58.2度金城廠老窖酒-蛇來運轉(員工專供)瓷瓶,113年度10L-58.2度金城廠老窖酒-蛇來運轉(員工專供)瓷瓶,建材／工程物料,非結構性陶瓷製品,公開決標採購品名,非結構性陶瓷製品,採購名稱／官方財物次分類／產業分類／Scope 3候選,,範疇3 類別1,113年度10L-58.2度金城廠老窖酒-蛇來運轉(員工專供)瓷瓶 / 非結構性陶瓷製品 / 工程建材 / 建材 / 工程物料 / 範疇3 類別1,公開資料候選，需人工覆核,來源紀錄ID=NAI-1-70614989；真實公開決標紀錄；標準品名、產業與Scope 3為規則式候選，需人工覆核,工程建材
RP-0551,齒輪嚙合分析與噪音檢測儀,齒輪嚙合分析與噪音檢測儀,儀器／光學設備,做為測量、檢查、航行及其他目的用之儀器和裝置，除光學儀器;工業程序控制設備;上述各項之零件及附件,公開決標採購品名,做為測量、檢查、航行及其他目的用之儀器和裝置，除光學儀器;工業程序控制設備;上述各項之零件及附件,採購名稱／官方財物次分類／產業分類／Scope 3候選,,範疇3 類別1,齒輪嚙合分析與噪音檢測儀 / 做為測量、檢查、航行及其他目的用之儀器和裝置 / 除光學儀器 / 工業程序控制設備 / 上述各項之零件及附件 / 儀器光電 / 儀器 / 光學設備 / 範疇3 類別1,公開資料候選，需人工覆核,來源紀錄ID=NAI-1-70615011；真實公開決標紀錄；標準品名、產業與Scope 3為規則式候選，需人工覆核,儀器光電
RP-0552,113年整體發展獎補助經費_醫護相關教學設備,113年整體發展獎補助經費_醫護相關教學設備,醫療用品／藥品,"醫療,外科及矯形設備",公開決標採購品名,"醫療,外科及矯形設備",採購名稱／官方財物次分類／產業分類／Scope 3候選,,範疇3 類別1,113年整體發展獎補助經費_醫護相關教學設備 / 醫療 / 外科及矯形設備 / 醫療生技 / 醫療用品 / 藥品 / 範疇3 類別1,公開資料候選，需人工覆核,來源紀錄ID=NAI-1-70615013；真實公開決標紀錄；標準品名、產業與Scope 3為規則式候選，需人工覆核,醫療生技
RP-0553,轉盤式超高速微切削手機,轉盤式超高速微切削手機,醫療用品／藥品,"醫療,外科及矯形設備",公開決標採購品名,"醫療,外科及矯形設備",採購名稱／官方財物次分類／產業分類／Scope 3候選,,範疇3 類別1,轉盤式超高速微切削手機 / 醫療 / 外科及矯形設備 / 醫療生技 / 醫療用品 / 藥品 / 範疇3 類別1,公開資料候選，需人工覆核,來源紀錄ID=NAI-1-70615050；真實公開決標紀錄；標準品名、產業與Scope 3為規則式候選，需人工覆核,醫療生技
RP-0554,113~114年電氣管件長約,113~114年電氣管件長約,金屬／五金,結構金屬產品及其零件,公開決標採購品名,結構金屬產品及其零件,採購名稱／官方財物次分類／產業分類／Scope 3候選,,範疇3 類別1,113~114年電氣管件長約 / 結構金屬產品及其零件 / 金屬加工 / 金屬 / 五金 / 範疇3 類別1,公開資料候選，需人工覆核,來源紀錄ID=NAI-1-70615079；真實公開決標紀錄；標準品名、產業與Scope 3為規則式候選，需人工覆核,金屬加工
RP-0555,女護師服等計3項(開口契約),女護師服等計3項(開口契約),其他財物,編織或鉤針織品,公開決標採購品名,編織或鉤針織品,採購名稱／官方財物次分類／產業分類／Scope 3候選,,範疇3 類別1,女護師服等計3項(開口契約) / 編織或鉤針織品 / 其他產業 / 其他財物 / 範疇3 類別1,公開資料候選，需人工覆核,來源紀錄ID=NAI-1-70615086；真實公開決標紀錄；標準品名、產業與Scope 3為規則式候選，需人工覆核,其他產業
RP-0556,113年明潭發電廠修配機械維修一般設備購置,113年明潭發電廠修配機械維修一般設備購置,電力設備／電材,"工具機,其零件及附件",公開決標採購品名,"工具機,其零件及附件",採購名稱／官方財物次分類／產業分類／Scope 3候選,,範疇3 類別1,113年明潭發電廠修配機械維修一般設備購置 / 工具機 / 其零件及附件 / 電機電控 / 電力設備 / 電材 / 範疇3 類別1,公開資料候選，需人工覆核,來源紀錄ID=NAI-1-70615121；真實公開決標紀錄；標準品名、產業與Scope 3為規則式候選，需人工覆核,電機電控
RP-0557,114年寶月泉金門高粱酒瓶(含瓶蓋及塞),114年寶月泉金門高粱酒瓶(含瓶蓋及塞),建材／工程物料,玻璃及玻璃產品,公開決標採購品名,玻璃及玻璃產品,採購名稱／官方財物次分類／產業分類／Scope 3候選,,範疇3 類別1,114年寶月泉金門高粱酒瓶(含瓶蓋及塞) / 玻璃及玻璃產品 / 工程建材 / 建材 / 工程物料 / 範疇3 類別1,公開資料候選，需人工覆核,來源紀錄ID=NAI-1-70615138；真實公開決標紀錄；標準品名、產業與Scope 3為規則式候選，需人工覆核,工程建材
RP-0558,臺南市東興國小活動中心冷氣空調系統汰舊換新採購案,臺南市東興國小活動中心冷氣空調系統汰舊換新,其他財物,家用電器及其零件,公開決標採購品名,家用電器及其零件,採購名稱／官方財物次分類／產業分類／Scope 3候選,,範疇3 類別1,臺南市東興國小活動中心冷氣空調系統汰舊換新 / 家用電器及其零件 / 其他產業 / 其他財物 / 範疇3 類別1,公開資料候選，需人工覆核,來源紀錄ID=NAI-1-70615185；真實公開決標紀錄；標準品名、產業與Scope 3為規則式候選，需人工覆核,其他產業
RP-0559,VR噴漆系統(攜帶式)1台採購案,VR噴漆系統(攜帶式)1台,資訊設備／軟體,計算機及其零件與配件,公開決標採購品名,計算機及其零件與配件,採購名稱／官方財物次分類／產業分類／Scope 3候選,,範疇3 類別1,VR噴漆系統(攜帶式)1台 / 計算機及其零件與配件 / 資訊電子 / 資訊設備 / 軟體 / 範疇3 類別1,公開資料候選，需人工覆核,來源紀錄ID=NAI-1-70615196；真實公開決標紀錄；標準品名、產業與Scope 3為規則式候選，需人工覆核,資訊電子
RP-0560,120mmCV-Ⅱ活性炭過濾頭(GI)等2項,120mmCV-Ⅱ活性炭過濾頭(GI)等2項,其他財物,塑料半製品,公開決標採購品名,塑料半製品,採購名稱／官方財物次分類／產業分類／Scope 3候選,,範疇3 類別1,120mmCV-Ⅱ活性炭過濾頭(GI)等2項 / 塑料半製品 / 其他產業 / 其他財物 / 範疇3 類別1,公開資料候選，需人工覆核,來源紀錄ID=NAI-1-70615200；真實公開決標紀錄；標準品名、產業與Scope 3為規則式候選，需人工覆核,其他產業
RP-0561,電纜用無間隙型避雷器乙批,電纜用無間隙型避雷器,電力設備／電材,其他電力設備及零件,公開決標採購品名,其他電力設備及零件,採購名稱／官方財物次分類／產業分類／Scope 3候選,,範疇3 類別1,電纜用無間隙型避雷器 / 其他電力設備及零件 / 電機電控 / 電力設備 / 電材 / 範疇3 類別1,公開資料候選，需人工覆核,來源紀錄ID=NAI-1-70615203；真實公開決標紀錄；標準品名、產業與Scope 3為規則式候選，需人工覆核,電機電控
RP-0562,發動機零附件開口式採購,發動機零附件開口式採購,機械／零組件,"引擎,渦輪及其零件",公開決標採購品名,"引擎,渦輪及其零件",採購名稱／官方財物次分類／產業分類／Scope 3候選,,範疇3 類別1,發動機零附件開口式採購 / 引擎 / 渦輪及其零件 / 機械設備 / 機械 / 零組件 / 範疇3 類別1,公開資料候選，需人工覆核,來源紀錄ID=NAI-1-70615206；真實公開決標紀錄；標準品名、產業與Scope 3為規則式候選，需人工覆核,機械設備
RP-0563,113年施工設備及修理機具,113年施工設備及修理機具,電力設備／電材,其他電力設備及零件,公開決標採購品名,其他電力設備及零件,採購名稱／官方財物次分類／產業分類／Scope 3候選,,範疇3 類別1,113年施工設備及修理機具 / 其他電力設備及零件 / 電機電控 / 電力設備 / 電材 / 範疇3 類別1,公開資料候選，需人工覆核,來源紀錄ID=NAI-1-70615209；真實公開決標紀錄；標準品名、產業與Scope 3為規則式候選，需人工覆核,電機電控
RP-0564,"六次甲基四胺60,000公斤","六次甲基四胺60,000公斤",化學品／塑橡膠,基本化學產品,公開決標採購品名,基本化學產品,採購名稱／官方財物次分類／產業分類／Scope 3候選,,範疇3 類別1,六次甲基四胺60 / 000公斤 / 基本化學產品 / 化工塑橡膠 / 化學品 / 塑橡膠 / 範疇3 類別1,公開資料候選，需人工覆核,來源紀錄ID=NAI-1-70615213；真實公開決標紀錄；標準品名、產業與Scope 3為規則式候選，需人工覆核,化工塑橡膠
RP-0565,「113年衛星定位儀及相關配備」採購案,「113年衛星定位儀及相關配備」,儀器／光學設備,做為測量、檢查、航行及其他目的用之儀器和裝置，除光學儀器;工業程序控制設備;上述各項之零件及附件,公開決標採購品名,做為測量、檢查、航行及其他目的用之儀器和裝置，除光學儀器;工業程序控制設備;上述各項之零件及附件,採購名稱／官方財物次分類／產業分類／Scope 3候選,,範疇3 類別1,「113年衛星定位儀及相關配備」 / 做為測量、檢查、航行及其他目的用之儀器和裝置 / 除光學儀器 / 工業程序控制設備 / 上述各項之零件及附件 / 儀器光電 / 儀器 / 光學設備 / 範疇3 類別1,公開資料候選，需人工覆核,來源紀錄ID=NAI-1-70615243；真實公開決標紀錄；標準品名、產業與Scope 3為規則式候選，需人工覆核,儀器光電
RP-0566,採購2.5噸電動堆高機1台,採購2.5噸電動堆高機1台,車輛／運輸設備,"機動車,拖車,半拖車;車輛機件",公開決標採購品名,"機動車,拖車,半拖車;車輛機件",採購名稱／官方財物次分類／產業分類／Scope 3候選,,範疇3 類別1,採購2.5噸電動堆高機1台 / 機動車 / 拖車 / 半拖車 / 車輛機件 / 運輸設備 / 車輛 / 範疇3 類別1,公開資料候選，需人工覆核,來源紀錄ID=NAI-1-70615279；真實公開決標紀錄；標準品名、產業與Scope 3為規則式候選，需人工覆核,運輸設備
RP-0567,內視鏡處理感控履歷設備汰換採購案,內視鏡處理感控履歷設備汰換,醫療用品／藥品,"醫療,外科及矯形設備",公開決標採購品名,"醫療,外科及矯形設備",採購名稱／官方財物次分類／產業分類／Scope 3候選,,範疇3 類別1,內視鏡處理感控履歷設備汰換 / 醫療 / 外科及矯形設備 / 醫療生技 / 醫療用品 / 藥品 / 範疇3 類別1,公開資料候選，需人工覆核,來源紀錄ID=NAI-1-70615295；真實公開決標紀錄；標準品名、產業與Scope 3為規則式候選，需人工覆核,醫療生技
RP-0568,EGFR基因突變試劑套組(附儀器)等3項單價合約,EGFR基因突變試劑套組(附儀器)等3項單價合約,醫療用品／藥品,醫藥產品,公開決標採購品名,醫藥產品,採購名稱／官方財物次分類／產業分類／Scope 3候選,,範疇3 類別1,EGFR基因突變試劑套組(附儀器)等3項單價合約 / 醫藥產品 / 醫療生技 / 醫療用品 / 藥品 / 範疇3 類別1,公開資料候選，需人工覆核,來源紀錄ID=NAI-1-70615306；真實公開決標紀錄；標準品名、產業與Scope 3為規則式候選，需人工覆核,醫療生技
RP-0569,113年度人文大樓無線網路及校園有線網路交換器,113年度人文大樓無線網路及校園有線網路交換器,資訊設備／軟體,計算機及其零件與配件,公開決標採購品名,計算機及其零件與配件,採購名稱／官方財物次分類／產業分類／Scope 3候選,,範疇3 類別1,113年度人文大樓無線網路及校園有線網路交換器 / 計算機及其零件與配件 / 資訊電子 / 資訊設備 / 軟體 / 範疇3 類別1,公開資料候選，需人工覆核,來源紀錄ID=NAI-1-70615313；真實公開決標紀錄；標準品名、產業與Scope 3為規則式候選，需人工覆核,資訊電子
RP-0570,機架式高階儲存陣列等2項,機架式高階儲存陣列等2項,資訊設備／軟體,計算機及其零件與配件,公開決標採購品名,計算機及其零件與配件,採購名稱／官方財物次分類／產業分類／Scope 3候選,,範疇3 類別1,機架式高階儲存陣列等2項 / 計算機及其零件與配件 / 資訊電子 / 資訊設備 / 軟體 / 範疇3 類別1,公開資料候選，需人工覆核,來源紀錄ID=NAI-1-70615315；真實公開決標紀錄；標準品名、產業與Scope 3為規則式候選，需人工覆核,資訊電子
RP-0571,六硫E-6304換熱器配件組一批,六硫E-6304換熱器配件組,金屬／五金,"鐵,鋼或鋁製大桶、水箱及容器",公開決標採購品名,"鐵,鋼或鋁製大桶、水箱及容器",採購名稱／官方財物次分類／產業分類／Scope 3候選,,範疇3 類別1,六硫E-6304換熱器配件組 / 鐵 / 鋼或鋁製大桶、水箱及容器 / 金屬加工 / 金屬 / 五金 / 範疇3 類別1,公開資料候選，需人工覆核,來源紀錄ID=NAI-1-70615320；真實公開決標紀錄；標準品名、產業與Scope 3為規則式候選，需人工覆核,金屬加工
RP-0572,消防員特種工作服一批,消防員特種工作服,機械／零組件,其他通用機具,公開決標採購品名,其他通用機具,採購名稱／官方財物次分類／產業分類／Scope 3候選,,範疇3 類別1,消防員特種工作服 / 其他通用機具 / 機械設備 / 機械 / 零組件 / 範疇3 類別1,公開資料候選，需人工覆核,來源紀錄ID=NAI-1-70615344；真實公開決標紀錄；標準品名、產業與Scope 3為規則式候選，需人工覆核,機械設備
RP-0573,20公秉ISO儲罐,20公秉ISO儲罐,金屬／五金,"鐵,鋼或鋁製大桶、水箱及容器",公開決標採購品名,"鐵,鋼或鋁製大桶、水箱及容器",採購名稱／官方財物次分類／產業分類／Scope 3候選,,範疇3 類別1,20公秉ISO儲罐 / 鐵 / 鋼或鋁製大桶、水箱及容器 / 金屬加工 / 金屬 / 五金 / 範疇3 類別1,公開資料候選，需人工覆核,來源紀錄ID=NAI-1-70615369；真實公開決標紀錄；標準品名、產業與Scope 3為規則式候選，需人工覆核,金屬加工
RP-0574,術中專用超音波掃描系統1組,術中專用超音波掃描系統1組,醫療用品／藥品,"醫療,外科及矯形設備",公開決標採購品名,"醫療,外科及矯形設備",採購名稱／官方財物次分類／產業分類／Scope 3候選,,範疇3 類別1,術中專用超音波掃描系統1組 / 醫療 / 外科及矯形設備 / 醫療生技 / 醫療用品 / 藥品 / 範疇3 類別1,公開資料候選，需人工覆核,來源紀錄ID=NAI-1-70615386；真實公開決標紀錄；標準品名、產業與Scope 3為規則式候選，需人工覆核,醫療生技
RP-0575,熱傳導量測儀1套,熱傳導量測儀1套,儀器／光學設備,做為測量、檢查、航行及其他目的用之儀器和裝置，除光學儀器;工業程序控制設備;上述各項之零件及附件,公開決標採購品名,做為測量、檢查、航行及其他目的用之儀器和裝置，除光學儀器;工業程序控制設備;上述各項之零件及附件,採購名稱／官方財物次分類／產業分類／Scope 3候選,,範疇3 類別1,熱傳導量測儀1套 / 做為測量、檢查、航行及其他目的用之儀器和裝置 / 除光學儀器 / 工業程序控制設備 / 上述各項之零件及附件 / 儀器光電 / 儀器 / 光學設備 / 範疇3 類別1,公開資料候選，需人工覆核,來源紀錄ID=NAI-1-70615425；真實公開決標紀錄；標準品名、產業與Scope 3為規則式候選，需人工覆核,儀器光電
RP-0576,中壓變頻器配件(MAKER：AllenBradley)一批,中壓變頻器配件(MAKER：AllenBradley),電力設備／電材,電力傳輸、控制設備及其零件,公開決標採購品名,電力傳輸、控制設備及其零件,採購名稱／官方財物次分類／產業分類／Scope 3候選,,範疇3 類別1,中壓變頻器配件(MAKER：AllenBradley) / 電力傳輸、控制設備及其零件 / 電機電控 / 電力設備 / 電材 / 範疇3 類別1,公開資料候選，需人工覆核,來源紀錄ID=NAI-1-70615430；真實公開決標紀錄；標準品名、產業與Scope 3為規則式候選，需人工覆核,電機電控
RP-0577,軸承(齒輪箱小齒輪用)等8項採購,軸承(齒輪箱小齒輪用)等8項採購,其他財物,"軸承,齒輪,傳動裝置,驅動元件及其零件",公開決標採購品名,"軸承,齒輪,傳動裝置,驅動元件及其零件",採購名稱／官方財物次分類／產業分類／Scope 3候選,,範疇3 類別1,軸承(齒輪箱小齒輪用)等8項採購 / 軸承 / 齒輪 / 傳動裝置 / 驅動元件及其零件 / 其他產業 / 其他財物 / 範疇3 類別1,公開資料候選，需人工覆核,來源紀錄ID=NAI-1-70615432；真實公開決標紀錄；標準品名、產業與Scope 3為規則式候選，需人工覆核,其他產業
RP-0578,常備藥品2項單價開口契約,常備藥品2項單價開口契約,醫療用品／藥品,醫藥產品,公開決標採購品名,醫藥產品,採購名稱／官方財物次分類／產業分類／Scope 3候選,,範疇3 類別1,常備藥品2項單價開口契約 / 醫藥產品 / 醫療生技 / 醫療用品 / 藥品 / 範疇3 類別1,公開資料候選，需人工覆核,來源紀錄ID=NAI-1-70615433；真實公開決標紀錄；標準品名、產業與Scope 3為規則式候選，需人工覆核,醫療生技
RP-0579,第五媒組工場_C-5201鋼法蘭閘閥一批,第五媒組工場_C-5201鋼法蘭閘閥,機械／零組件,"幫浦,壓縮機,液壓與氣動引擎,閥門及其零件",公開決標採購品名,"幫浦,壓縮機,液壓與氣動引擎,閥門及其零件",採購名稱／官方財物次分類／產業分類／Scope 3候選,,範疇3 類別1,第五媒組工場_C-5201鋼法蘭閘閥 / 幫浦 / 壓縮機 / 液壓與氣動引擎 / 閥門及其零件 / 機械設備 / 機械 / 零組件 / 範疇3 類別1,公開資料候選，需人工覆核,來源紀錄ID=NAI-1-70615437；真實公開決標紀錄；標準品名、產業與Scope 3為規則式候選，需人工覆核,機械設備
RP-0580,熱交換器配件,熱交換器配件,機械／零組件,其他特殊用途之機具及其零件,公開決標採購品名,其他特殊用途之機具及其零件,採購名稱／官方財物次分類／產業分類／Scope 3候選,,範疇3 類別1,熱交換器配件 / 其他特殊用途之機具及其零件 / 機械設備 / 機械 / 零組件 / 範疇3 類別1,公開資料候選，需人工覆核,來源紀錄ID=NAI-1-70615448；真實公開決標紀錄；標準品名、產業與Scope 3為規則式候選，需人工覆核,機械設備
RP-0581,台北營業所辦公室冷氣更新,台北營業所辦公室冷氣更新,機械／零組件,氣體產生器;蒸餾設備;冷凍及空調設備;過濾機具,公開決標採購品名,氣體產生器;蒸餾設備;冷凍及空調設備;過濾機具,採購名稱／官方財物次分類／產業分類／Scope 3候選,,範疇3 類別1,台北營業所辦公室冷氣更新 / 氣體產生器 / 蒸餾設備 / 冷凍及空調設備 / 過濾機具 / 機械設備 / 機械 / 零組件 / 範疇3 類別1,公開資料候選，需人工覆核,來源紀錄ID=NAI-1-70615451；真實公開決標紀錄；標準品名、產業與Scope 3為規則式候選，需人工覆核,機械設備
RP-0582,採購乾醪蒸餾鍋及2.5噸柴油堆高機等設備。,採購乾醪蒸餾鍋及2.5噸柴油堆高機等設備。,機械／零組件,氣體產生器;蒸餾設備;冷凍及空調設備;過濾機具,公開決標採購品名,氣體產生器;蒸餾設備;冷凍及空調設備;過濾機具,採購名稱／官方財物次分類／產業分類／Scope 3候選,,範疇3 類別1,採購乾醪蒸餾鍋及2.5噸柴油堆高機等設備。 / 氣體產生器 / 蒸餾設備 / 冷凍及空調設備 / 過濾機具 / 機械設備 / 機械 / 零組件 / 範疇3 類別1,公開資料候選，需人工覆核,來源紀錄ID=NAI-1-70615460；真實公開決標紀錄；標準品名、產業與Scope 3為規則式候選，需人工覆核,機械設備
RP-0583,個人電腦等設備採購案,個人電腦等設備,資訊設備／軟體,計算機及其零件與配件,公開決標採購品名,計算機及其零件與配件,採購名稱／官方財物次分類／產業分類／Scope 3候選,,範疇3 類別1,個人電腦等設備 / 計算機及其零件與配件 / 資訊電子 / 資訊設備 / 軟體 / 範疇3 類別1,公開資料候選，需人工覆核,來源紀錄ID=NAI-1-70615462；真實公開決標紀錄；標準品名、產業與Scope 3為規則式候選，需人工覆核,資訊電子
RP-0584,微創噴射灌洗器(開口契約),微創噴射灌洗器(開口契約),醫療用品／藥品,醫藥產品,公開決標採購品名,醫藥產品,採購名稱／官方財物次分類／產業分類／Scope 3候選,,範疇3 類別1,微創噴射灌洗器(開口契約) / 醫藥產品 / 醫療生技 / 醫療用品 / 藥品 / 範疇3 類別1,公開資料候選，需人工覆核,來源紀錄ID=NAI-1-70615464；真實公開決標紀錄；標準品名、產業與Scope 3為規則式候選，需人工覆核,醫療生技
RP-0585,漏油處理器材,漏油處理器材,機械／零組件,其他通用機具,公開決標採購品名,其他通用機具,採購名稱／官方財物次分類／產業分類／Scope 3候選,,範疇3 類別1,漏油處理器材 / 其他通用機具 / 機械設備 / 機械 / 零組件 / 範疇3 類別1,公開資料候選，需人工覆核,來源紀錄ID=NAI-1-70615467；真實公開決標紀錄；標準品名、產業與Scope 3為規則式候選，需人工覆核,機械設備
RP-0586,新三輕汽油氫化P4127A/B泵浦配件(廠牌：KSB)一批,新三輕汽油氫化P4127A/B泵浦配件(廠牌：KSB),機械／零組件,"幫浦,壓縮機,液壓與氣動引擎,閥門及其零件",公開決標採購品名,"幫浦,壓縮機,液壓與氣動引擎,閥門及其零件",採購名稱／官方財物次分類／產業分類／Scope 3候選,,範疇3 類別1,新三輕汽油氫化P4127A/B泵浦配件(廠牌：KSB) / 幫浦 / 壓縮機 / 液壓與氣動引擎 / 閥門及其零件 / 機械設備 / 機械 / 零組件 / 範疇3 類別1,公開資料候選，需人工覆核,來源紀錄ID=NAI-1-70615498；真實公開決標紀錄；標準品名、產業與Scope 3為規則式候選，需人工覆核,機械設備
RP-0587,113年度測風塔及氣象式光達校驗場域發展委辦計畫-測風塔塔架採購案,113年度測風塔及氣象式光達校驗場域發展委辦計畫-測風塔塔架,機械／零組件,其他特殊用途之機具及其零件,公開決標採購品名,其他特殊用途之機具及其零件,採購名稱／官方財物次分類／產業分類／Scope 3候選,,範疇3 類別1,113年度測風塔及氣象式光達校驗場域發展委辦計畫-測風塔塔架 / 其他特殊用途之機具及其零件 / 機械設備 / 機械 / 零組件 / 範疇3 類別1,公開資料候選，需人工覆核,來源紀錄ID=NAI-1-70615511；真實公開決標紀錄；標準品名、產業與Scope 3為規則式候選，需人工覆核,機械設備
RP-0588,乙基硫醇一批,乙基硫醇,化學品／塑橡膠,基本化學產品,公開決標採購品名,基本化學產品,採購名稱／官方財物次分類／產業分類／Scope 3候選,,範疇3 類別1,乙基硫醇 / 基本化學產品 / 化工塑橡膠 / 化學品 / 塑橡膠 / 範疇3 類別1,公開資料候選，需人工覆核,來源紀錄ID=NAI-1-70615513；真實公開決標紀錄；標準品名、產業與Scope 3為規則式候選，需人工覆核,化工塑橡膠
RP-0589,中正國小113年暑假經濟弱勢學生午餐券採購,中正國小113年暑假經濟弱勢學生午餐券採購,食品／農產,"肉類,魚,果實,蔬菜,及油脂",公開決標採購品名,"肉類,魚,果實,蔬菜,及油脂",採購名稱／官方財物次分類／產業分類／Scope 3候選,,範疇3 類別1,中正國小113年暑假經濟弱勢學生午餐券採購 / 肉類 / 魚 / 果實 / 蔬菜 / 及油脂 / 食品農產 / 食品 / 農產 / 範疇3 類別1,公開資料候選，需人工覆核,來源紀錄ID=NAI-1-70615515；真實公開決標紀錄；標準品名、產業與Scope 3為規則式候選，需人工覆核,食品農產
RP-0590,113年度操作課兩點相關儀採購,113年度操作課兩點相關儀採購,儀器／光學設備,做為測量、檢查、航行及其他目的用之儀器和裝置，除光學儀器;工業程序控制設備;上述各項之零件及附件,公開決標採購品名,做為測量、檢查、航行及其他目的用之儀器和裝置，除光學儀器;工業程序控制設備;上述各項之零件及附件,採購名稱／官方財物次分類／產業分類／Scope 3候選,,範疇3 類別1,113年度操作課兩點相關儀採購 / 做為測量、檢查、航行及其他目的用之儀器和裝置 / 除光學儀器 / 工業程序控制設備 / 上述各項之零件及附件 / 儀器光電 / 儀器 / 光學設備 / 範疇3 類別1,公開資料候選，需人工覆核,來源紀錄ID=NAI-1-70615525；真實公開決標紀錄；標準品名、產業與Scope 3為規則式候選，需人工覆核,儀器光電
RP-0591,托籃式洗碗機,托籃式洗碗機,機械／零組件,其他特殊用途之機具及其零件,公開決標採購品名,其他特殊用途之機具及其零件,採購名稱／官方財物次分類／產業分類／Scope 3候選,,範疇3 類別1,托籃式洗碗機 / 其他特殊用途之機具及其零件 / 機械設備 / 機械 / 零組件 / 範疇3 類別1,公開資料候選，需人工覆核,來源紀錄ID=NAI-1-70615540；真實公開決標紀錄；標準品名、產業與Scope 3為規則式候選，需人工覆核,機械設備
RP-0592,立霧、溪口69kVPT四具採購,立霧、溪口69kVPT四具採購,電力設備／電材,"電動機,發電機,變壓器及其附件",公開決標採購品名,"電動機,發電機,變壓器及其附件",採購名稱／官方財物次分類／產業分類／Scope 3候選,,範疇3 類別1,立霧、溪口69kVPT四具採購 / 電動機 / 發電機 / 變壓器及其附件 / 電機電控 / 電力設備 / 電材 / 範疇3 類別1,公開資料候選，需人工覆核,來源紀錄ID=NAI-1-70615545；真實公開決標紀錄；標準品名、產業與Scope 3為規則式候選，需人工覆核,電機電控
RP-0593,南投辦事處113年中央空調系統建置採購案,南投辦事處113年中央空調系統建置,機械／零組件,氣體產生器;蒸餾設備;冷凍及空調設備;過濾機具,公開決標採購品名,氣體產生器;蒸餾設備;冷凍及空調設備;過濾機具,採購名稱／官方財物次分類／產業分類／Scope 3候選,,範疇3 類別1,南投辦事處113年中央空調系統建置 / 氣體產生器 / 蒸餾設備 / 冷凍及空調設備 / 過濾機具 / 機械設備 / 機械 / 零組件 / 範疇3 類別1,公開資料候選，需人工覆核,來源紀錄ID=NAI-1-70615553；真實公開決標紀錄；標準品名、產業與Scope 3為規則式候選，需人工覆核,機械設備
RP-0594,113學年度增設身心障礙特殊教育班教材輔具採購,113學年度增設身心障礙特殊教育班教材輔具採購,其他財物,遊戲及玩具,公開決標採購品名,遊戲及玩具,採購名稱／官方財物次分類／產業分類／Scope 3候選,,範疇3 類別1,113學年度增設身心障礙特殊教育班教材輔具採購 / 遊戲及玩具 / 其他產業 / 其他財物 / 範疇3 類別1,公開資料候選，需人工覆核,來源紀錄ID=NAI-1-70615646；真實公開決標紀錄；標準品名、產業與Scope 3為規則式候選，需人工覆核,其他產業
RP-0595,113年阿里山林鐵平交道感測器試驗計畫,113年阿里山林鐵平交道感測器試驗計畫,電力設備／電材,電力傳輸、控制設備及其零件,公開決標採購品名,電力傳輸、控制設備及其零件,採購名稱／官方財物次分類／產業分類／Scope 3候選,,範疇3 類別1,113年阿里山林鐵平交道感測器試驗計畫 / 電力傳輸、控制設備及其零件 / 電機電控 / 電力設備 / 電材 / 範疇3 類別1,公開資料候選，需人工覆核,來源紀錄ID=NAI-1-70615658；真實公開決標紀錄；標準品名、產業與Scope 3為規則式候選，需人工覆核,電機電控
RP-0596,電子經緯儀及自動水準儀各10台採購案,電子經緯儀及自動水準儀各10台,儀器／光學設備,做為測量、檢查、航行及其他目的用之儀器和裝置，除光學儀器;工業程序控制設備;上述各項之零件及附件,公開決標採購品名,做為測量、檢查、航行及其他目的用之儀器和裝置，除光學儀器;工業程序控制設備;上述各項之零件及附件,採購名稱／官方財物次分類／產業分類／Scope 3候選,,範疇3 類別1,電子經緯儀及自動水準儀各10台 / 做為測量、檢查、航行及其他目的用之儀器和裝置 / 除光學儀器 / 工業程序控制設備 / 上述各項之零件及附件 / 儀器光電 / 儀器 / 光學設備 / 範疇3 類別1,公開資料候選，需人工覆核,來源紀錄ID=NAI-1-70615662；真實公開決標紀錄；標準品名、產業與Scope 3為規則式候選，需人工覆核,儀器光電
RP-0597,113學年度暑假暨寒假午餐及點心(含課後照顧班及幼兒園暑期)財務採購案,113學年度暑假暨寒假午餐及點心(含課後照顧班及幼兒園暑期)財務,食品／農產,"肉類,魚,果實,蔬菜,及油脂",公開決標採購品名,"肉類,魚,果實,蔬菜,及油脂",採購名稱／官方財物次分類／產業分類／Scope 3候選,,範疇3 類別1,113學年度暑假暨寒假午餐及點心(含課後照顧班及幼兒園暑期)財務 / 肉類 / 魚 / 果實 / 蔬菜 / 及油脂 / 食品農產 / 食品 / 農產 / 範疇3 類別1,公開資料候選，需人工覆核,來源紀錄ID=NAI-1-70615677；真實公開決標紀錄；標準品名、產業與Scope 3為規則式候選，需人工覆核,食品農產
RP-0598,2024年南非分行公務車乙輛採購案,2024年南非分行公務車乙輛,車輛／運輸設備,"機動車,拖車,半拖車;車輛機件",公開決標採購品名,"機動車,拖車,半拖車;車輛機件",採購名稱／官方財物次分類／產業分類／Scope 3候選,,範疇3 類別1,2024年南非分行公務車乙輛 / 機動車 / 拖車 / 半拖車 / 車輛機件 / 運輸設備 / 車輛 / 範疇3 類別1,公開資料候選，需人工覆核,來源紀錄ID=NAI-1-70615702；真實公開決標紀錄；標準品名、產業與Scope 3為規則式候選，需人工覆核,運輸設備
RP-0599,113學年度學生午餐餐盒、桶餐採購案,113學年度學生午餐餐盒、桶餐,食品／農產,"穀粉,澱粉及澱粉製品;其他食品",公開決標採購品名,"穀粉,澱粉及澱粉製品;其他食品",採購名稱／官方財物次分類／產業分類／Scope 3候選,,範疇3 類別1,113學年度學生午餐餐盒、桶餐 / 穀粉 / 澱粉及澱粉製品 / 其他食品 / 食品農產 / 食品 / 農產 / 範疇3 類別1,公開資料候選，需人工覆核,來源紀錄ID=NAI-1-70615726；真實公開決標紀錄；標準品名、產業與Scope 3為規則式候選，需人工覆核,食品農產
RP-0600,整壓站設備一批,整壓站設備,儀器／光學設備,做為測量、檢查、航行及其他目的用之儀器和裝置，除光學儀器;工業程序控制設備;上述各項之零件及附件,公開決標採購品名,做為測量、檢查、航行及其他目的用之儀器和裝置，除光學儀器;工業程序控制設備;上述各項之零件及附件,採購名稱／官方財物次分類／產業分類／Scope 3候選,,範疇3 類別1,整壓站設備 / 做為測量、檢查、航行及其他目的用之儀器和裝置 / 除光學儀器 / 工業程序控制設備 / 上述各項之零件及附件 / 儀器光電 / 儀器 / 光學設備 / 範疇3 類別1,公開資料候選，需人工覆核,來源紀錄ID=NAI-1-70615754；真實公開決標紀錄；標準品名、產業與Scope 3為規則式候選，需人工覆核,儀器光電
RP-0601,遠距離雷射瓦斯獵漏偵測儀2台,遠距離雷射瓦斯獵漏偵測儀2台,儀器／光學設備,做為測量、檢查、航行及其他目的用之儀器和裝置，除光學儀器;工業程序控制設備;上述各項之零件及附件,公開決標採購品名,做為測量、檢查、航行及其他目的用之儀器和裝置，除光學儀器;工業程序控制設備;上述各項之零件及附件,採購名稱／官方財物次分類／產業分類／Scope 3候選,,範疇3 類別1,遠距離雷射瓦斯獵漏偵測儀2台 / 做為測量、檢查、航行及其他目的用之儀器和裝置 / 除光學儀器 / 工業程序控制設備 / 上述各項之零件及附件 / 儀器光電 / 儀器 / 光學設備 / 範疇3 類別1,公開資料候選，需人工覆核,來源紀錄ID=NAI-1-70615755；真實公開決標紀錄；標準品名、產業與Scope 3為規則式候選，需人工覆核,儀器光電
RP-0602,無線電基地台電力供應單元雙電源模組採購,無線電基地台電力供應單元雙電源模組採購,通訊／電子設備,"收音機、電視,通訊器材及儀器",公開決標採購品名,"收音機、電視,通訊器材及儀器",採購名稱／官方財物次分類／產業分類／Scope 3候選,,範疇3 類別1,無線電基地台電力供應單元雙電源模組採購 / 收音機、電視 / 通訊器材及儀器 / 電子通訊 / 通訊 / 電子設備 / 範疇3 類別1,公開資料候選，需人工覆核,來源紀錄ID=NAI-1-70615777；真實公開決標紀錄；標準品名、產業與Scope 3為規則式候選，需人工覆核,電子通訊
RP-0603,通霄電廠第二期更新改建計畫複循環發電機組設備及廠房與相關設施採購帶安裝案,通霄電廠第二期更新改建計畫複循環發電機組設備及廠房與相關設施採購帶安裝案,電力設備／電材,"電力,瓦斯,蒸氣及熱水",公開決標採購品名,"電力,瓦斯,蒸氣及熱水",採購名稱／官方財物次分類／產業分類／Scope 3候選,,範疇3 類別1,通霄電廠第二期更新改建計畫複循環發電機組設備及廠房與相關設施採購帶安裝案 / 電力 / 瓦斯 / 蒸氣及熱水 / 電機電控 / 電力設備 / 電材 / 範疇3 類別1,公開資料候選，需人工覆核,來源紀錄ID=NAI-1-70615778；真實公開決標紀錄；標準品名、產業與Scope 3為規則式候選，需人工覆核,電機電控
RP-0604,大林廠二橋及高松二區油庫控制系統更新(採購帶安裝)一批,大林廠二橋及高松二區油庫控制系統更新(採購帶安裝),儀器／光學設備,做為測量、檢查、航行及其他目的用之儀器和裝置，除光學儀器;工業程序控制設備;上述各項之零件及附件,公開決標採購品名,做為測量、檢查、航行及其他目的用之儀器和裝置，除光學儀器;工業程序控制設備;上述各項之零件及附件,採購名稱／官方財物次分類／產業分類／Scope 3候選,,範疇3 類別1,大林廠二橋及高松二區油庫控制系統更新(採購帶安裝) / 做為測量、檢查、航行及其他目的用之儀器和裝置 / 除光學儀器 / 工業程序控制設備 / 上述各項之零件及附件 / 儀器光電 / 儀器 / 光學設備 / 範疇3 類別1,公開資料候選，需人工覆核,來源紀錄ID=NAI-1-70615784；真實公開決標紀錄；標準品名、產業與Scope 3為規則式候選，需人工覆核,儀器光電
RP-0605,基隆市113學年度國民中小學家庭聯絡簿編印工作實施計畫暨印刷製作採購,基隆市113學年度國民中小學家庭聯絡簿編印工作實施計畫暨印刷製作採購,紙品／印刷／包材,"紙漿,紙及紙產品;印刷品及相關的商品",公開決標採購品名,"紙漿,紙及紙產品;印刷品及相關的商品",採購名稱／官方財物次分類／產業分類／Scope 3候選,,範疇3 類別1,基隆市113學年度國民中小學家庭聯絡簿編印工作實施計畫暨印刷製作採購 / 紙漿 / 紙及紙產品 / 印刷品及相關的商品 / 包材印刷 / 紙品 / 印刷 / 包材 / 範疇3 類別1,公開資料候選，需人工覆核,來源紀錄ID=NAI-1-70615789；真實公開決標紀錄；標準品名、產業與Scope 3為規則式候選，需人工覆核,包材印刷
RP-0607,全脊椎減壓高清晰內視鏡組,全脊椎減壓高清晰內視鏡組,醫療用品／藥品,"醫療,外科及矯形設備",公開決標採購品名,"醫療,外科及矯形設備",採購名稱／官方財物次分類／產業分類／Scope 3候選,,範疇3 類別1,全脊椎減壓高清晰內視鏡組 / 醫療 / 外科及矯形設備 / 醫療生技 / 醫療用品 / 藥品 / 範疇3 類別1,公開資料候選，需人工覆核,來源紀錄ID=NAI-1-70615801；真實公開決標紀錄；標準品名、產業與Scope 3為規則式候選，需人工覆核,醫療生技
RP-0608,平台掃描式色彩測量及控制設備1組,平台掃描式色彩測量及控制設備1組,儀器／光學設備,其他特殊用途之機具及其零件,公開決標採購品名,其他特殊用途之機具及其零件,採購名稱／官方財物次分類／產業分類／Scope 3候選,,範疇3 類別1,平台掃描式色彩測量及控制設備1組 / 其他特殊用途之機具及其零件 / 儀器光電 / 儀器 / 光學設備 / 範疇3 類別1,公開資料候選，需人工覆核,來源紀錄ID=NAI-1-70615808；真實公開決標紀錄；標準品名、產業與Scope 3為規則式候選，需人工覆核,儀器光電
RP-0609,立式冷凍櫃-50~-90,立式冷凍櫃-50~-90,醫療用品／藥品,"醫療,外科及矯形設備",公開決標採購品名,"醫療,外科及矯形設備",採購名稱／官方財物次分類／產業分類／Scope 3候選,,範疇3 類別1,立式冷凍櫃-50~-90 / 醫療 / 外科及矯形設備 / 醫療生技 / 醫療用品 / 藥品 / 範疇3 類別1,公開資料候選，需人工覆核,來源紀錄ID=NAI-1-70615812；真實公開決標紀錄；標準品名、產業與Scope 3為規則式候選，需人工覆核,醫療生技
RP-0610,BiotageExtrahera全自動SLESPE工作站租賃1式,BiotageExtrahera全自動SLESPE工作站租賃1式,醫療用品／藥品,"醫療,外科及矯形設備",公開決標採購品名,"醫療,外科及矯形設備",採購名稱／官方財物次分類／產業分類／Scope 3候選,,範疇3 類別1,BiotageExtrahera全自動SLESPE工作站租賃1式 / 醫療 / 外科及矯形設備 / 醫療生技 / 醫療用品 / 藥品 / 範疇3 類別1,公開資料候選，需人工覆核,來源紀錄ID=NAI-1-70615813；真實公開決標紀錄；標準品名、產業與Scope 3為規則式候選，需人工覆核,醫療生技
RP-0611,內視鏡影像系統,內視鏡影像系統,醫療用品／藥品,"醫療,外科及矯形設備",公開決標採購品名,"醫療,外科及矯形設備",採購名稱／官方財物次分類／產業分類／Scope 3候選,,範疇3 類別1,內視鏡影像系統 / 醫療 / 外科及矯形設備 / 醫療生技 / 醫療用品 / 藥品 / 範疇3 類別1,公開資料候選，需人工覆核,來源紀錄ID=NAI-1-70615815；真實公開決標紀錄；標準品名、產業與Scope 3為規則式候選，需人工覆核,醫療生技
RP-0612,113年度加油站工讀生(勞務)長、短袖T恤工作服採購,113年度加油站工讀生(勞務)長、短袖T恤工作服採購,其他財物,"成衣,毛皮服裝除外",公開決標採購品名,"成衣,毛皮服裝除外",採購名稱／官方財物次分類／產業分類／Scope 3候選,,範疇3 類別1,113年度加油站工讀生(勞務)長、短袖T恤工作服採購 / 成衣 / 毛皮服裝除外 / 其他產業 / 其他財物 / 範疇3 類別1,公開資料候選，需人工覆核,來源紀錄ID=NAI-1-70615830；真實公開決標紀錄；標準品名、產業與Scope 3為規則式候選，需人工覆核,其他產業
RP-0613,50Cr-50Ni-Nb加熱爐管固定環組,50Cr-50Ni-Nb加熱爐管固定環組,金屬／五金,結構金屬產品及其零件,公開決標採購品名,結構金屬產品及其零件,採購名稱／官方財物次分類／產業分類／Scope 3候選,,範疇3 類別1,50Cr-50Ni-Nb加熱爐管固定環組 / 結構金屬產品及其零件 / 金屬加工 / 金屬 / 五金 / 範疇3 類別1,公開資料候選，需人工覆核,來源紀錄ID=NAI-1-70615833；真實公開決標紀錄；標準品名、產業與Scope 3為規則式候選，需人工覆核,金屬加工
RP-0614,網路交換器採購案,網路交換器,資訊設備／軟體,計算機及其零件與配件,公開決標採購品名,計算機及其零件與配件,採購名稱／官方財物次分類／產業分類／Scope 3候選,,範疇3 類別1,網路交換器 / 計算機及其零件與配件 / 資訊電子 / 資訊設備 / 軟體 / 範疇3 類別1,公開資料候選，需人工覆核,來源紀錄ID=NAI-1-70615843；真實公開決標紀錄；標準品名、產業與Scope 3為規則式候選，需人工覆核,資訊電子
RP-0615,新竹縣湖口文小非營利幼兒園冷氣設備財物採購案,新竹縣湖口文小非營利幼兒園冷氣設備財物,機械／零組件,氣體產生器;蒸餾設備;冷凍及空調設備;過濾機具,公開決標採購品名,氣體產生器;蒸餾設備;冷凍及空調設備;過濾機具,採購名稱／官方財物次分類／產業分類／Scope 3候選,,範疇3 類別1,新竹縣湖口文小非營利幼兒園冷氣設備財物 / 氣體產生器 / 蒸餾設備 / 冷凍及空調設備 / 過濾機具 / 機械設備 / 機械 / 零組件 / 範疇3 類別1,公開資料候選，需人工覆核,來源紀錄ID=NAI-1-70615855；真實公開決標紀錄；標準品名、產業與Scope 3為規則式候選，需人工覆核,機械設備
RP-0616,113年度山崎國小消防安全設備,113年度山崎國小消防安全設備,機械／零組件,其他通用機具,公開決標採購品名,其他通用機具,採購名稱／官方財物次分類／產業分類／Scope 3候選,,範疇3 類別1,113年度山崎國小消防安全設備 / 其他通用機具 / 機械設備 / 機械 / 零組件 / 範疇3 類別1,公開資料候選，需人工覆核,來源紀錄ID=NAI-1-70615856；真實公開決標紀錄；標準品名、產業與Scope 3為規則式候選，需人工覆核,機械設備
RP-0617,電子束直寫系統零件更換,電子束直寫系統零件更換,儀器／光學設備,做為測量、檢查、航行及其他目的用之儀器和裝置，除光學儀器;工業程序控制設備;上述各項之零件及附件,公開決標採購品名,做為測量、檢查、航行及其他目的用之儀器和裝置，除光學儀器;工業程序控制設備;上述各項之零件及附件,採購名稱／官方財物次分類／產業分類／Scope 3候選,,範疇3 類別1,電子束直寫系統零件更換 / 做為測量、檢查、航行及其他目的用之儀器和裝置 / 除光學儀器 / 工業程序控制設備 / 上述各項之零件及附件 / 儀器光電 / 儀器 / 光學設備 / 範疇3 類別1,公開資料候選，需人工覆核,來源紀錄ID=NAI-1-70615863；真實公開決標紀錄；標準品名、產業與Scope 3為規則式候選，需人工覆核,儀器光電
RP-0618,介入性血管攝影X光系統(含工程)及8年維護保養合約,介入性血管攝影X光系統(含工程)及8年維護保養合約,醫療用品／藥品,"醫療,外科及矯形設備",公開決標採購品名,"醫療,外科及矯形設備",採購名稱／官方財物次分類／產業分類／Scope 3候選,,範疇3 類別1,介入性血管攝影X光系統(含工程)及8年維護保養合約 / 醫療 / 外科及矯形設備 / 醫療生技 / 醫療用品 / 藥品 / 範疇3 類別1,公開資料候選，需人工覆核,來源紀錄ID=NAI-1-70615866；真實公開決標紀錄；標準品名、產業與Scope 3為規則式候選，需人工覆核,醫療生技
RP-0620,113年臺北水源特定區非點源污染削減（LID）現地處理設施採購及設置案,113年臺北水源特定區非點源污染削減（LID）現地處理設施採購及設置案,其他財物,其他製造商品,公開決標採購品名,其他製造商品,採購名稱／官方財物次分類／產業分類／Scope 3候選,,範疇3 類別1,113年臺北水源特定區非點源污染削減（LID）現地處理設施採購及設置案 / 其他製造商品 / 其他產業 / 其他財物 / 範疇3 類別1,公開資料候選，需人工覆核,來源紀錄ID=NAI-1-70615894；真實公開決標紀錄；標準品名、產業與Scope 3為規則式候選，需人工覆核,其他產業
RP-0621,全興加壓站配電設備更新,全興加壓站配電設備更新,電力設備／電材,電力傳輸、控制設備及其零件,公開決標採購品名,電力傳輸、控制設備及其零件,採購名稱／官方財物次分類／產業分類／Scope 3候選,,範疇3 類別1,全興加壓站配電設備更新 / 電力傳輸、控制設備及其零件 / 電機電控 / 電力設備 / 電材 / 範疇3 類別1,公開資料候選，需人工覆核,來源紀錄ID=NAI-1-70615908；真實公開決標紀錄；標準品名、產業與Scope 3為規則式候選，需人工覆核,電機電控
RP-0622,極低頻耐壓測試器兩套(含VLF、TD及PD),極低頻耐壓測試器兩套(含VLF、TD及PD),電力設備／電材,其他電力設備及零件,公開決標採購品名,其他電力設備及零件,採購名稱／官方財物次分類／產業分類／Scope 3候選,,範疇3 類別1,極低頻耐壓測試器兩套(含VLF、TD及PD) / 其他電力設備及零件 / 電機電控 / 電力設備 / 電材 / 範疇3 類別1,公開資料候選，需人工覆核,來源紀錄ID=NAI-1-70615923；真實公開決標紀錄；標準品名、產業與Scope 3為規則式候選，需人工覆核,電機電控
RP-0623,113年度廢棄物處理場作業面建置AI監控系統,113年度廢棄物處理場作業面建置AI監控系統,儀器／光學設備,"光學儀器,攝影設備及其零件與附件",公開決標採購品名,"光學儀器,攝影設備及其零件與附件",採購名稱／官方財物次分類／產業分類／Scope 3候選,,範疇3 類別1,113年度廢棄物處理場作業面建置AI監控系統 / 光學儀器 / 攝影設備及其零件與附件 / 儀器光電 / 儀器 / 光學設備 / 範疇3 類別1,公開資料候選，需人工覆核,來源紀錄ID=NAI-1-70615967；真實公開決標紀錄；標準品名、產業與Scope 3為規則式候選，需人工覆核,儀器光電
RP-0624,牡丹水庫無人機偵測告警系統及干擾裝置採購,牡丹水庫無人機偵測告警系統及干擾裝置採購,車輛／運輸設備,其他運輸設備及其零件,公開決標採購品名,其他運輸設備及其零件,採購名稱／官方財物次分類／產業分類／Scope 3候選,,範疇3 類別1,牡丹水庫無人機偵測告警系統及干擾裝置採購 / 其他運輸設備及其零件 / 運輸設備 / 車輛 / 範疇3 類別1,公開資料候選，需人工覆核,來源紀錄ID=NAI-1-70615984；真實公開決標紀錄；標準品名、產業與Scope 3為規則式候選，需人工覆核,運輸設備
RP-0625,空氣呼吸器面罩、揹架及空氣瓶組及個人面罩擴音器組一批,空氣呼吸器面罩、揹架及空氣瓶組及個人面罩擴音器組,機械／零組件,其他通用機具,公開決標採購品名,其他通用機具,採購名稱／官方財物次分類／產業分類／Scope 3候選,,範疇3 類別1,空氣呼吸器面罩、揹架及空氣瓶組及個人面罩擴音器組 / 其他通用機具 / 機械設備 / 機械 / 零組件 / 範疇3 類別1,公開資料候選，需人工覆核,來源紀錄ID=NAI-1-70615996；真實公開決標紀錄；標準品名、產業與Scope 3為規則式候選，需人工覆核,機械設備
RP-0626,113年度登革熱煙霧式殺蟲劑採購(開口契約),113年度登革熱煙霧式殺蟲劑採購(開口契約),化學品／塑橡膠,未明列於其他章節之化學產品,公開決標採購品名,未明列於其他章節之化學產品,採購名稱／官方財物次分類／產業分類／Scope 3候選,,範疇3 類別1,113年度登革熱煙霧式殺蟲劑採購(開口契約) / 未明列於其他章節之化學產品 / 化工塑橡膠 / 化學品 / 塑橡膠 / 範疇3 類別1,公開資料候選，需人工覆核,來源紀錄ID=NAI-1-70616009；真實公開決標紀錄；標準品名、產業與Scope 3為規則式候選，需人工覆核,化工塑橡膠
RP-0627,113年購置「國際人道救援隊裝備器材」採購案,113年購置「國際人道救援隊裝備器材」,機械／零組件,其他通用機具,公開決標採購品名,其他通用機具,採購名稱／官方財物次分類／產業分類／Scope 3候選,,範疇3 類別1,113年購置「國際人道救援隊裝備器材」 / 其他通用機具 / 機械設備 / 機械 / 零組件 / 範疇3 類別1,公開資料候選，需人工覆核,來源紀錄ID=NAI-1-70616018；真實公開決標紀錄；標準品名、產業與Scope 3為規則式候選，需人工覆核,機械設備
RP-0628,烏材林儲運課新增P0110A/B廢水泵一批,烏材林儲運課新增P0110A/B廢水泵,機械／零組件,"幫浦,壓縮機,液壓與氣動引擎,閥門及其零件",公開決標採購品名,"幫浦,壓縮機,液壓與氣動引擎,閥門及其零件",採購名稱／官方財物次分類／產業分類／Scope 3候選,,範疇3 類別1,烏材林儲運課新增P0110A/B廢水泵 / 幫浦 / 壓縮機 / 液壓與氣動引擎 / 閥門及其零件 / 機械設備 / 機械 / 零組件 / 範疇3 類別1,公開資料候選，需人工覆核,來源紀錄ID=NAI-1-70616044；真實公開決標紀錄；標準品名、產業與Scope 3為規則式候選，需人工覆核,機械設備
RP-0629,控制閥及流量傳送器等(含安裝測試),控制閥及流量傳送器等(含安裝測試),機械／零組件,"幫浦,壓縮機,液壓與氣動引擎,閥門及其零件",公開決標採購品名,"幫浦,壓縮機,液壓與氣動引擎,閥門及其零件",採購名稱／官方財物次分類／產業分類／Scope 3候選,,範疇3 類別1,控制閥及流量傳送器等(含安裝測試) / 幫浦 / 壓縮機 / 液壓與氣動引擎 / 閥門及其零件 / 機械設備 / 機械 / 零組件 / 範疇3 類別1,公開資料候選，需人工覆核,來源紀錄ID=NAI-1-70616048；真實公開決標紀錄；標準品名、產業與Scope 3為規則式候選，需人工覆核,機械設備
RP-0630,16M3/h天然氣微電腦膜式氣量計150PC,16M3/h天然氣微電腦膜式氣量計150PC,資訊設備／軟體,做為測量、檢查、航行及其他目的用之儀器和裝置，除光學儀器;工業程序控制設備;上述各項之零件及附件,公開決標採購品名,做為測量、檢查、航行及其他目的用之儀器和裝置，除光學儀器;工業程序控制設備;上述各項之零件及附件,採購名稱／官方財物次分類／產業分類／Scope 3候選,,範疇3 類別1,16M3/h天然氣微電腦膜式氣量計150PC / 做為測量、檢查、航行及其他目的用之儀器和裝置 / 除光學儀器 / 工業程序控制設備 / 上述各項之零件及附件 / 資訊電子 / 資訊設備 / 軟體 / 範疇3 類別1,公開資料候選，需人工覆核,來源紀錄ID=NAI-1-70616054；真實公開決標紀錄；標準品名、產業與Scope 3為規則式候選，需人工覆核,資訊電子
RP-0631,5噸級快艇3艘財物採購案,5噸級快艇3艘財物,車輛／運輸設備,船舶,公開決標採購品名,船舶,採購名稱／官方財物次分類／產業分類／Scope 3候選,,範疇3 類別1,5噸級快艇3艘財物 / 船舶 / 運輸設備 / 車輛 / 範疇3 類別1,公開資料候選，需人工覆核,來源紀錄ID=NAI-1-70616059；真實公開決標紀錄；標準品名、產業與Scope 3為規則式候選，需人工覆核,運輸設備
RP-0633,113年度警告及宣導告示牌設置計畫,113年度警告及宣導告示牌設置計畫,金屬／五金,結構金屬產品及其零件,公開決標採購品名,結構金屬產品及其零件,採購名稱／官方財物次分類／產業分類／Scope 3候選,,範疇3 類別1,113年度警告及宣導告示牌設置計畫 / 結構金屬產品及其零件 / 金屬加工 / 金屬 / 五金 / 範疇3 類別1,公開資料候選，需人工覆核,來源紀錄ID=NAI-1-70616087；真實公開決標紀錄；標準品名、產業與Scope 3為規則式候選，需人工覆核,金屬加工
RP-0634,蒸汽橡膠管一批,蒸汽橡膠管,金屬／五金,結構金屬產品及其零件,公開決標採購品名,結構金屬產品及其零件,採購名稱／官方財物次分類／產業分類／Scope 3候選,,範疇3 類別1,蒸汽橡膠管 / 結構金屬產品及其零件 / 金屬加工 / 金屬 / 五金 / 範疇3 類別1,公開資料候選，需人工覆核,來源紀錄ID=NAI-1-70616091；真實公開決標紀錄；標準品名、產業與Scope 3為規則式候選，需人工覆核,金屬加工
RP-0635,113學年度學校午餐外訂桶餐/盒餐採購,113學年度學校午餐外訂桶餐/盒餐採購,食品／農產,"穀粉,澱粉及澱粉製品;其他食品",公開決標採購品名,"穀粉,澱粉及澱粉製品;其他食品",採購名稱／官方財物次分類／產業分類／Scope 3候選,,範疇3 類別1,113學年度學校午餐外訂桶餐/盒餐採購 / 穀粉 / 澱粉及澱粉製品 / 其他食品 / 食品農產 / 食品 / 農產 / 範疇3 類別1,公開資料候選，需人工覆核,來源紀錄ID=NAI-1-70616112；真實公開決標紀錄；標準品名、產業與Scope 3為規則式候選，需人工覆核,食品農產
RP-0636,深溝水源生態園區8人座無障礙電動車採購,深溝水源生態園區8人座無障礙電動車採購,車輛／運輸設備,"機動車,拖車,半拖車;車輛機件",公開決標採購品名,"機動車,拖車,半拖車;車輛機件",採購名稱／官方財物次分類／產業分類／Scope 3候選,,範疇3 類別1,深溝水源生態園區8人座無障礙電動車採購 / 機動車 / 拖車 / 半拖車 / 車輛機件 / 運輸設備 / 車輛 / 範疇3 類別1,公開資料候選，需人工覆核,來源紀錄ID=NAI-1-70616134；真實公開決標紀錄；標準品名、產業與Scope 3為規則式候選，需人工覆核,運輸設備
RP-0637,錦和加壓站2號電動蝶閥及逆止閥更新案,錦和加壓站2號電動蝶閥及逆止閥更新案,機械／零組件,"幫浦,壓縮機,液壓與氣動引擎,閥門及其零件",公開決標採購品名,"幫浦,壓縮機,液壓與氣動引擎,閥門及其零件",採購名稱／官方財物次分類／產業分類／Scope 3候選,,範疇3 類別1,錦和加壓站2號電動蝶閥及逆止閥更新案 / 幫浦 / 壓縮機 / 液壓與氣動引擎 / 閥門及其零件 / 機械設備 / 機械 / 零組件 / 範疇3 類別1,公開資料候選，需人工覆核,來源紀錄ID=NAI-1-70616135；真實公開決標紀錄；標準品名、產業與Scope 3為規則式候選，需人工覆核,機械設備
RP-0638,減壓閥一批,減壓閥,儀器／光學設備,做為測量、檢查、航行及其他目的用之儀器和裝置，除光學儀器;工業程序控制設備;上述各項之零件及附件,公開決標採購品名,做為測量、檢查、航行及其他目的用之儀器和裝置，除光學儀器;工業程序控制設備;上述各項之零件及附件,採購名稱／官方財物次分類／產業分類／Scope 3候選,,範疇3 類別1,減壓閥 / 做為測量、檢查、航行及其他目的用之儀器和裝置 / 除光學儀器 / 工業程序控制設備 / 上述各項之零件及附件 / 儀器光電 / 儀器 / 光學設備 / 範疇3 類別1,公開資料候選，需人工覆核,來源紀錄ID=NAI-1-70616163；真實公開決標紀錄；標準品名、產業與Scope 3為規則式候選，需人工覆核,儀器光電
RP-0639,PEERLESS消防泵浦,PEERLESS消防泵浦,機械／零組件,"幫浦,壓縮機,液壓與氣動引擎,閥門及其零件",公開決標採購品名,"幫浦,壓縮機,液壓與氣動引擎,閥門及其零件",採購名稱／官方財物次分類／產業分類／Scope 3候選,,範疇3 類別1,PEERLESS消防泵浦 / 幫浦 / 壓縮機 / 液壓與氣動引擎 / 閥門及其零件 / 機械設備 / 機械 / 零組件 / 範疇3 類別1,公開資料候選，需人工覆核,來源紀錄ID=NAI-1-70616179；真實公開決標紀錄；標準品名、產業與Scope 3為規則式候選，需人工覆核,機械設備
RP-0640,「租賃非全時公務車19輛」採購案,「租賃非全時公務車19輛」,車輛／運輸設備,"機動車,拖車,半拖車;車輛機件",公開決標採購品名,"機動車,拖車,半拖車;車輛機件",採購名稱／官方財物次分類／產業分類／Scope 3候選,,範疇3 類別1,「租賃非全時公務車19輛」 / 機動車 / 拖車 / 半拖車 / 車輛機件 / 運輸設備 / 車輛 / 範疇3 類別1,公開資料候選，需人工覆核,來源紀錄ID=NAI-1-70616231；真實公開決標紀錄；標準品名、產業與Scope 3為規則式候選，需人工覆核,運輸設備
RP-0641,高壓電纜故障定位設備等一批,高壓電纜故障定位設備等,電力設備／電材,其他特殊用途之機具及其零件,公開決標採購品名,其他特殊用途之機具及其零件,採購名稱／官方財物次分類／產業分類／Scope 3候選,,範疇3 類別1,高壓電纜故障定位設備等 / 其他特殊用途之機具及其零件 / 電機電控 / 電力設備 / 電材 / 範疇3 類別1,公開資料候選，需人工覆核,來源紀錄ID=NAI-1-70616238；真實公開決標紀錄；標準品名、產業與Scope 3為規則式候選，需人工覆核,電機電控
RP-0642,雲林縣四湖鄉13所國民中小學113學年度學校午餐食材採購,雲林縣四湖鄉13所國民中小學113學年度學校午餐食材採購,食品／農產,"肉類,魚,果實,蔬菜,及油脂",公開決標採購品名,"肉類,魚,果實,蔬菜,及油脂",採購名稱／官方財物次分類／產業分類／Scope 3候選,,範疇3 類別1,雲林縣四湖鄉13所國民中小學113學年度學校午餐食材採購 / 肉類 / 魚 / 果實 / 蔬菜 / 及油脂 / 食品農產 / 食品 / 農產 / 範疇3 類別1,公開資料候選，需人工覆核,來源紀錄ID=NAI-1-70616240；真實公開決標紀錄；標準品名、產業與Scope 3為規則式候選，需人工覆核,食品農產
RP-0643,10G網路核心骨幹路由交換器管理模組擴充及無線音訊會議系統設備採購,10G網路核心骨幹路由交換器管理模組擴充及無線音訊會議系統設備採購,資訊設備／軟體,計算機及其零件與配件,公開決標採購品名,計算機及其零件與配件,採購名稱／官方財物次分類／產業分類／Scope 3候選,,範疇3 類別1,10G網路核心骨幹路由交換器管理模組擴充及無線音訊會議系統設備採購 / 計算機及其零件與配件 / 資訊電子 / 資訊設備 / 軟體 / 範疇3 類別1,公開資料候選，需人工覆核,來源紀錄ID=NAI-1-70616250；真實公開決標紀錄；標準品名、產業與Scope 3為規則式候選，需人工覆核,資訊電子
RP-0644,113年度藥品(疫苗)恆溫冷藏冰箱、藥品(疫苗)恆溫冷藏櫃、藥品冷藏冰箱採購案,113年度藥品(疫苗)恆溫冷藏冰箱、藥品(疫苗)恆溫冷藏櫃、藥品冷藏冰箱,醫療用品／藥品,氣體產生器;蒸餾設備;冷凍及空調設備;過濾機具,公開決標採購品名,氣體產生器;蒸餾設備;冷凍及空調設備;過濾機具,採購名稱／官方財物次分類／產業分類／Scope 3候選,,範疇3 類別1,113年度藥品(疫苗)恆溫冷藏冰箱、藥品(疫苗)恆溫冷藏櫃、藥品冷藏冰箱 / 氣體產生器 / 蒸餾設備 / 冷凍及空調設備 / 過濾機具 / 醫療生技 / 醫療用品 / 藥品 / 範疇3 類別1,公開資料候選，需人工覆核,來源紀錄ID=NAI-1-70616251；真實公開決標紀錄；標準品名、產業與Scope 3為規則式候選，需人工覆核,醫療生技
RP-0645,"存摺封套2,000束","存摺封套2,000束",化學品／塑橡膠,其他橡膠產品,公開決標採購品名,其他橡膠產品,採購名稱／官方財物次分類／產業分類／Scope 3候選,,範疇3 類別1,存摺封套2 / 000束 / 其他橡膠產品 / 化工塑橡膠 / 化學品 / 塑橡膠 / 範疇3 類別1,公開資料候選，需人工覆核,來源紀錄ID=NAI-1-70616253；真實公開決標紀錄；標準品名、產業與Scope 3為規則式候選，需人工覆核,化工塑橡膠
RP-0646,雷射一套（高能量短脈衝飛秒雷射）,雷射一套（高能量短脈衝飛秒雷射）,儀器／光學設備,"光學儀器,攝影設備及其零件與附件",公開決標採購品名,"光學儀器,攝影設備及其零件與附件",採購名稱／官方財物次分類／產業分類／Scope 3候選,,範疇3 類別1,雷射一套（高能量短脈衝飛秒雷射） / 光學儀器 / 攝影設備及其零件與附件 / 儀器光電 / 儀器 / 光學設備 / 範疇3 類別1,公開資料候選，需人工覆核,來源紀錄ID=NAI-1-70616304；真實公開決標紀錄；標準品名、產業與Scope 3為規則式候選，需人工覆核,儀器光電
RP-0647,空氣彈簧保護套採購,空氣彈簧保護套採購,其他財物,鐵路及電車軌道之機車及其零件,公開決標採購品名,鐵路及電車軌道之機車及其零件,採購名稱／官方財物次分類／產業分類／Scope 3候選,,範疇3 類別1,空氣彈簧保護套採購 / 鐵路及電車軌道之機車及其零件 / 其他產業 / 其他財物 / 範疇3 類別1,公開資料候選，需人工覆核,來源紀錄ID=NAI-1-70616315；真實公開決標紀錄；標準品名、產業與Scope 3為規則式候選，需人工覆核,其他產業
RP-0648,智慧光學感測系統1套,智慧光學感測系統1套,儀器／光學設備,其他特殊用途之機具及其零件,公開決標採購品名,其他特殊用途之機具及其零件,採購名稱／官方財物次分類／產業分類／Scope 3候選,,範疇3 類別1,智慧光學感測系統1套 / 其他特殊用途之機具及其零件 / 儀器光電 / 儀器 / 光學設備 / 範疇3 類別1,公開資料候選，需人工覆核,來源紀錄ID=NAI-1-70616339；真實公開決標紀錄；標準品名、產業與Scope 3為規則式候選，需人工覆核,儀器光電
RP-0649,資料傳輸韌性強化暨發放共用基礎平臺建置計畫之伺服器儲存空間擴充及機房設備採購案,資料傳輸韌性強化暨發放共用基礎平臺建置計畫之伺服器儲存空間擴充及機房設備,資訊設備／軟體,計算機及其零件與配件,公開決標採購品名,計算機及其零件與配件,採購名稱／官方財物次分類／產業分類／Scope 3候選,,範疇3 類別1,資料傳輸韌性強化暨發放共用基礎平臺建置計畫之伺服器儲存空間擴充及機房設備 / 計算機及其零件與配件 / 資訊電子 / 資訊設備 / 軟體 / 範疇3 類別1,公開資料候選，需人工覆核,來源紀錄ID=NAI-1-70616353；真實公開決標紀錄；標準品名、產業與Scope 3為規則式候選，需人工覆核,資訊電子
RP-0650,全電動倒立螢光顯微鏡含影像系統1組,全電動倒立螢光顯微鏡含影像系統1組,醫療用品／藥品,"醫療,外科及矯形設備",公開決標採購品名,"醫療,外科及矯形設備",採購名稱／官方財物次分類／產業分類／Scope 3候選,,範疇3 類別1,全電動倒立螢光顯微鏡含影像系統1組 / 醫療 / 外科及矯形設備 / 醫療生技 / 醫療用品 / 藥品 / 範疇3 類別1,公開資料候選，需人工覆核,來源紀錄ID=NAI-1-70616390；真實公開決標紀錄；標準品名、產業與Scope 3為規則式候選，需人工覆核,醫療生技
RP-0651,伺服器網段防火牆採購案,伺服器網段防火牆,資訊設備／軟體,計算機及其零件與配件,公開決標採購品名,計算機及其零件與配件,採購名稱／官方財物次分類／產業分類／Scope 3候選,,範疇3 類別1,伺服器網段防火牆 / 計算機及其零件與配件 / 資訊電子 / 資訊設備 / 軟體 / 範疇3 類別1,公開資料候選，需人工覆核,來源紀錄ID=NAI-1-70616392；真實公開決標紀錄；標準品名、產業與Scope 3為規則式候選，需人工覆核,資訊電子
RP-0652,113生化檢驗試劑乙批採購案,113生化檢驗試劑乙批,醫療用品／藥品,"醫療,外科及矯形設備",公開決標採購品名,"醫療,外科及矯形設備",採購名稱／官方財物次分類／產業分類／Scope 3候選,,範疇3 類別1,113生化檢驗試劑乙批 / 醫療 / 外科及矯形設備 / 醫療生技 / 醫療用品 / 藥品 / 範疇3 類別1,公開資料候選，需人工覆核,來源紀錄ID=NAI-1-70616416；真實公開決標紀錄；標準品名、產業與Scope 3為規則式候選，需人工覆核,醫療生技
RP-0653,113年智慧互動電視（大屏）財物採購案,113年智慧互動電視（大屏）財物,通訊／電子設備,"收音機、電視,通訊器材及儀器",公開決標採購品名,"收音機、電視,通訊器材及儀器",採購名稱／官方財物次分類／產業分類／Scope 3候選,,範疇3 類別1,113年智慧互動電視（大屏）財物 / 收音機、電視 / 通訊器材及儀器 / 電子通訊 / 通訊 / 電子設備 / 範疇3 類別1,公開資料候選，需人工覆核,來源紀錄ID=NAI-1-70616420；真實公開決標紀錄；標準品名、產業與Scope 3為規則式候選，需人工覆核,電子通訊
RP-0654,機房自動滅火系統採購案,機房自動滅火系統,機械／零組件,其他通用機具,公開決標採購品名,其他通用機具,採購名稱／官方財物次分類／產業分類／Scope 3候選,,範疇3 類別1,機房自動滅火系統 / 其他通用機具 / 機械設備 / 機械 / 零組件 / 範疇3 類別1,公開資料候選，需人工覆核,來源紀錄ID=NAI-1-70616425；真實公開決標紀錄；標準品名、產業與Scope 3為規則式候選，需人工覆核,機械設備
RP-0655,敬老所公共安全設施設備-119火災通報裝置及自動撒水設備,敬老所公共安全設施設備-119火災通報裝置及自動撒水設備,機械／零組件,其他通用機具,公開決標採購品名,其他通用機具,採購名稱／官方財物次分類／產業分類／Scope 3候選,,範疇3 類別1,敬老所公共安全設施設備-119火災通報裝置及自動撒水設備 / 其他通用機具 / 機械設備 / 機械 / 零組件 / 範疇3 類別1,公開資料候選，需人工覆核,來源紀錄ID=NAI-1-70616434；真實公開決標紀錄；標準品名、產業與Scope 3為規則式候選，需人工覆核,機械設備
RP-0656,網路交換器一批採購案,網路交換器一批,資訊設備／軟體,計算機及其零件與配件,公開決標採購品名,計算機及其零件與配件,採購名稱／官方財物次分類／產業分類／Scope 3候選,,範疇3 類別1,網路交換器一批 / 計算機及其零件與配件 / 資訊電子 / 資訊設備 / 軟體 / 範疇3 類別1,公開資料候選，需人工覆核,來源紀錄ID=NAI-1-70616446；真實公開決標紀錄；標準品名、產業與Scope 3為規則式候選，需人工覆核,資訊電子
RP-0657,比賽型拳擊擂台及固定式訓練擂台,比賽型拳擊擂台及固定式訓練擂台,其他財物,運動商品,公開決標採購品名,運動商品,採購名稱／官方財物次分類／產業分類／Scope 3候選,,範疇3 類別1,比賽型拳擊擂台及固定式訓練擂台 / 運動商品 / 其他產業 / 其他財物 / 範疇3 類別1,公開資料候選，需人工覆核,來源紀錄ID=NAI-1-70616497；真實公開決標紀錄；標準品名、產業與Scope 3為規則式候選，需人工覆核,其他產業
RP-0658,教育部國民及學前教育署前瞻基礎建設數位建設高級中等學校智慧網路環境暨學術網路提升計畫設備採購案,教育部國民及學前教育署前瞻基礎建設數位建設高級中等學校智慧網路環境暨學術網路提升計畫設備,資訊設備／軟體,計算機及其零件與配件,公開決標採購品名,計算機及其零件與配件,採購名稱／官方財物次分類／產業分類／Scope 3候選,,範疇3 類別1,教育部國民及學前教育署前瞻基礎建設數位建設高級中等學校智慧網路環境暨學術網路提升計畫設備 / 計算機及其零件與配件 / 資訊電子 / 資訊設備 / 軟體 / 範疇3 類別1,公開資料候選，需人工覆核,來源紀錄ID=NAI-1-70616508；真實公開決標紀錄；標準品名、產業與Scope 3為規則式候選，需人工覆核,資訊電子
RP-0659,小港廠純水RO泵2台購裝,小港廠純水RO泵2台購裝,其他財物,"工具機,其零件及附件",公開決標採購品名,"工具機,其零件及附件",採購名稱／官方財物次分類／產業分類／Scope 3候選,,範疇3 類別1,小港廠純水RO泵2台購裝 / 工具機 / 其零件及附件 / 其他產業 / 其他財物 / 範疇3 類別1,公開資料候選，需人工覆核,來源紀錄ID=NAI-1-70616512；真實公開決標紀錄；標準品名、產業與Scope 3為規則式候選，需人工覆核,其他產業
RP-0660,新北巿板橋區溪洲國民小學113年度學生課桌椅更新採購案,新北巿板橋區溪洲國民小學113年度學生課桌椅更新,其他財物,傢具,公開決標採購品名,傢具,採購名稱／官方財物次分類／產業分類／Scope 3候選,,範疇3 類別1,新北巿板橋區溪洲國民小學113年度學生課桌椅更新 / 傢具 / 其他產業 / 其他財物 / 範疇3 類別1,公開資料候選，需人工覆核,來源紀錄ID=NAI-1-70616519；真實公開決標紀錄；標準品名、產業與Scope 3為規則式候選，需人工覆核,其他產業
RP-0661,桌上型紫外光無光罩曝光機,桌上型紫外光無光罩曝光機,儀器／光學設備,做為測量、檢查、航行及其他目的用之儀器和裝置，除光學儀器;工業程序控制設備;上述各項之零件及附件,公開決標採購品名,做為測量、檢查、航行及其他目的用之儀器和裝置，除光學儀器;工業程序控制設備;上述各項之零件及附件,採購名稱／官方財物次分類／產業分類／Scope 3候選,,範疇3 類別1,桌上型紫外光無光罩曝光機 / 做為測量、檢查、航行及其他目的用之儀器和裝置 / 除光學儀器 / 工業程序控制設備 / 上述各項之零件及附件 / 儀器光電 / 儀器 / 光學設備 / 範疇3 類別1,公開資料候選，需人工覆核,來源紀錄ID=NAI-1-70616522；真實公開決標紀錄；標準品名、產業與Scope 3為規則式候選，需人工覆核,儀器光電
RP-0662,影印紙A4,影印紙A4,紙品／印刷／包材,"紙漿,紙及紙產品;印刷品及相關的商品",公開決標採購品名,"紙漿,紙及紙產品;印刷品及相關的商品",採購名稱／官方財物次分類／產業分類／Scope 3候選,,範疇3 類別1,影印紙A4 / 紙漿 / 紙及紙產品 / 印刷品及相關的商品 / 包材印刷 / 紙品 / 印刷 / 包材 / 範疇3 類別1,公開資料候選，需人工覆核,來源紀錄ID=NAI-1-70616528；真實公開決標紀錄；標準品名、產業與Scope 3為規則式候選，需人工覆核,包材印刷
RP-0663,113學年度學校午餐暨幼兒園點心食材及幸福早餐採購,113學年度學校午餐暨幼兒園點心食材及幸福早餐採購,食品／農產,"肉類,魚,果實,蔬菜,及油脂",公開決標採購品名,"肉類,魚,果實,蔬菜,及油脂",採購名稱／官方財物次分類／產業分類／Scope 3候選,,範疇3 類別1,113學年度學校午餐暨幼兒園點心食材及幸福早餐採購 / 肉類 / 魚 / 果實 / 蔬菜 / 及油脂 / 食品農產 / 食品 / 農產 / 範疇3 類別1,公開資料候選，需人工覆核,來源紀錄ID=NAI-1-70616529；真實公開決標紀錄；標準品名、產業與Scope 3為規則式候選，需人工覆核,食品農產
RP-0664,113年度專案工作平台基礎設施整建採購案,113年度專案工作平台基礎設施整建,機械／零組件,氣體產生器;蒸餾設備;冷凍及空調設備;過濾機具,公開決標採購品名,氣體產生器;蒸餾設備;冷凍及空調設備;過濾機具,採購名稱／官方財物次分類／產業分類／Scope 3候選,,範疇3 類別1,113年度專案工作平台基礎設施整建 / 氣體產生器 / 蒸餾設備 / 冷凍及空調設備 / 過濾機具 / 機械設備 / 機械 / 零組件 / 範疇3 類別1,公開資料候選，需人工覆核,來源紀錄ID=NAI-1-70616537；真實公開決標紀錄；標準品名、產業與Scope 3為規則式候選，需人工覆核,機械設備
RP-0665,教室門更新工程,教室門更新工程,金屬／五金,結構金屬產品及其零件,公開決標採購品名,結構金屬產品及其零件,採購名稱／官方財物次分類／產業分類／Scope 3候選,,範疇3 類別1,教室門更新工程 / 結構金屬產品及其零件 / 金屬加工 / 金屬 / 五金 / 範疇3 類別1,公開資料候選，需人工覆核,來源紀錄ID=NAI-1-70616543；真實公開決標紀錄；標準品名、產業與Scope 3為規則式候選，需人工覆核,金屬加工
RP-0666,MOTOROLAMXP600數位無線電電池採購,MOTOROLAMXP600數位無線電電池採購,通訊／電子設備,"收音機、電視,通訊器材及儀器",公開決標採購品名,"收音機、電視,通訊器材及儀器",採購名稱／官方財物次分類／產業分類／Scope 3候選,,範疇3 類別1,MOTOROLAMXP600數位無線電電池採購 / 收音機、電視 / 通訊器材及儀器 / 電子通訊 / 通訊 / 電子設備 / 範疇3 類別1,公開資料候選，需人工覆核,來源紀錄ID=NAI-1-70616559；真實公開決標紀錄；標準品名、產業與Scope 3為規則式候選，需人工覆核,電子通訊
RP-0667,租賃全方位研究績效分析工具InCites,租賃全方位研究績效分析工具InCites,資訊設備／軟體,計算機及其零件與配件,公開決標採購品名,計算機及其零件與配件,採購名稱／官方財物次分類／產業分類／Scope 3候選,,範疇3 類別1,租賃全方位研究績效分析工具InCites / 計算機及其零件與配件 / 資訊電子 / 資訊設備 / 軟體 / 範疇3 類別1,公開資料候選，需人工覆核,來源紀錄ID=NAI-1-70616568；真實公開決標紀錄；標準品名、產業與Scope 3為規則式候選，需人工覆核,資訊電子
RP-0668,神經外科用耗材計2項(含設備)(開口契約),神經外科用耗材計2項(含設備)(開口契約),醫療用品／藥品,醫藥產品,公開決標採購品名,醫藥產品,採購名稱／官方財物次分類／產業分類／Scope 3候選,,範疇3 類別1,神經外科用耗材計2項(含設備)(開口契約) / 醫藥產品 / 醫療生技 / 醫療用品 / 藥品 / 範疇3 類別1,公開資料候選，需人工覆核,來源紀錄ID=NAI-1-70616576；真實公開決標紀錄；標準品名、產業與Scope 3為規則式候選，需人工覆核,醫療生技
RP-0670,門診醫療大樓冰水泵浦汰換採購,門診醫療大樓冰水泵浦汰換採購,醫療用品／藥品,氣體產生器;蒸餾設備;冷凍及空調設備;過濾機具,公開決標採購品名,氣體產生器;蒸餾設備;冷凍及空調設備;過濾機具,採購名稱／官方財物次分類／產業分類／Scope 3候選,,範疇3 類別1,門診醫療大樓冰水泵浦汰換採購 / 氣體產生器 / 蒸餾設備 / 冷凍及空調設備 / 過濾機具 / 醫療生技 / 醫療用品 / 藥品 / 範疇3 類別1,公開資料候選，需人工覆核,來源紀錄ID=NAI-1-70616585；真實公開決標紀錄；標準品名、產業與Scope 3為規則式候選，需人工覆核,醫療生技
RP-0671,愛樂園納骨塔骨灰櫃採購暨裝設一案,愛樂園納骨塔骨灰櫃採購暨裝設一案,其他財物,其他製造商品,公開決標採購品名,其他製造商品,採購名稱／官方財物次分類／產業分類／Scope 3候選,,範疇3 類別1,愛樂園納骨塔骨灰櫃採購暨裝設一案 / 其他製造商品 / 其他產業 / 其他財物 / 範疇3 類別1,公開資料候選，需人工覆核,來源紀錄ID=NAI-1-70616595；真實公開決標紀錄；標準品名、產業與Scope 3為規則式候選，需人工覆核,其他產業
RP-0672,新竹縣113學年度和興國小自辦午餐食材採購,新竹縣113學年度和興國小自辦午餐食材採購,食品／農產,"肉類,魚,果實,蔬菜,及油脂",公開決標採購品名,"肉類,魚,果實,蔬菜,及油脂",採購名稱／官方財物次分類／產業分類／Scope 3候選,,範疇3 類別1,新竹縣113學年度和興國小自辦午餐食材採購 / 肉類 / 魚 / 果實 / 蔬菜 / 及油脂 / 食品農產 / 食品 / 農產 / 範疇3 類別1,公開資料候選，需人工覆核,來源紀錄ID=NAI-1-70616607；真實公開決標紀錄；標準品名、產業與Scope 3為規則式候選，需人工覆核,食品農產
RP-0673,屏東縣政府113年度補助本縣國中小電腦教室資訊設備更新採購案,屏東縣政府113年度補助本縣國中小電腦教室資訊設備更新,資訊設備／軟體,計算機及其零件與配件,公開決標採購品名,計算機及其零件與配件,採購名稱／官方財物次分類／產業分類／Scope 3候選,,範疇3 類別1,屏東縣政府113年度補助本縣國中小電腦教室資訊設備更新 / 計算機及其零件與配件 / 資訊電子 / 資訊設備 / 軟體 / 範疇3 類別1,公開資料候選，需人工覆核,來源紀錄ID=NAI-1-70616608；真實公開決標紀錄；標準品名、產業與Scope 3為規則式候選，需人工覆核,資訊電子
RP-0674,113學年度上下學期美勞教材及作業簿本,113學年度上下學期美勞教材及作業簿本,其他財物,其他製造商品,公開決標採購品名,其他製造商品,採購名稱／官方財物次分類／產業分類／Scope 3候選,,範疇3 類別1,113學年度上下學期美勞教材及作業簿本 / 其他製造商品 / 其他產業 / 其他財物 / 範疇3 類別1,公開資料候選，需人工覆核,來源紀錄ID=NAI-1-70616610；真實公開決標紀錄；標準品名、產業與Scope 3為規則式候選，需人工覆核,其他產業
RP-0675,際仁頸椎融合器等7項,際仁頸椎融合器等7項,醫療用品／藥品,"醫療,外科及矯形設備",公開決標採購品名,"醫療,外科及矯形設備",採購名稱／官方財物次分類／產業分類／Scope 3候選,,範疇3 類別1,際仁頸椎融合器等7項 / 醫療 / 外科及矯形設備 / 醫療生技 / 醫療用品 / 藥品 / 範疇3 類別1,公開資料候選，需人工覆核,來源紀錄ID=NAI-1-70616611；真實公開決標紀錄；標準品名、產業與Scope 3為規則式候選，需人工覆核,醫療生技
RP-0676,低洩漏量鋼絲口閘閥等(ISO-15848)等一批,低洩漏量鋼絲口閘閥等(ISO-15848)等,金屬／五金,結構金屬產品及其零件,公開決標採購品名,結構金屬產品及其零件,採購名稱／官方財物次分類／產業分類／Scope 3候選,,範疇3 類別1,低洩漏量鋼絲口閘閥等(ISO-15848)等 / 結構金屬產品及其零件 / 金屬加工 / 金屬 / 五金 / 範疇3 類別1,公開資料候選，需人工覆核,來源紀錄ID=NAI-1-70616622；真實公開決標紀錄；標準品名、產業與Scope 3為規則式候選，需人工覆核,金屬加工
RP-0677,應用程式及資料庫伺服主機9台案,應用程式及資料庫伺服主機9台案,資訊設備／軟體,計算機及其零件與配件,公開決標採購品名,計算機及其零件與配件,採購名稱／官方財物次分類／產業分類／Scope 3候選,,範疇3 類別1,應用程式及資料庫伺服主機9台案 / 計算機及其零件與配件 / 資訊電子 / 資訊設備 / 軟體 / 範疇3 類別1,公開資料候選，需人工覆核,來源紀錄ID=NAI-1-70616626；真實公開決標紀錄；標準品名、產業與Scope 3為規則式候選，需人工覆核,資訊電子
RP-0678,網路分析儀(ZNAVectorNetworkAnalyzer),網路分析儀(ZNAVectorNetworkAnalyzer),儀器／光學設備,做為測量、檢查、航行及其他目的用之儀器和裝置，除光學儀器;工業程序控制設備;上述各項之零件及附件,公開決標採購品名,做為測量、檢查、航行及其他目的用之儀器和裝置，除光學儀器;工業程序控制設備;上述各項之零件及附件,採購名稱／官方財物次分類／產業分類／Scope 3候選,,範疇3 類別1,網路分析儀(ZNAVectorNetworkAnalyzer) / 做為測量、檢查、航行及其他目的用之儀器和裝置 / 除光學儀器 / 工業程序控制設備 / 上述各項之零件及附件 / 儀器光電 / 儀器 / 光學設備 / 範疇3 類別1,公開資料候選，需人工覆核,來源紀錄ID=NAI-1-70616631；真實公開決標紀錄；標準品名、產業與Scope 3為規則式候選，需人工覆核,儀器光電
RP-0679,一項藥品二年單價開口合約,一項藥品二年單價開口合約,醫療用品／藥品,醫藥產品,公開決標採購品名,醫藥產品,採購名稱／官方財物次分類／產業分類／Scope 3候選,,範疇3 類別1,一項藥品二年單價開口合約 / 醫藥產品 / 醫療生技 / 醫療用品 / 藥品 / 範疇3 類別1,公開資料候選，需人工覆核,來源紀錄ID=NAI-1-70616632；真實公開決標紀錄；標準品名、產業與Scope 3為規則式候選，需人工覆核,醫療生技
RP-0680,口照科專業教室教學設備,口照科專業教室教學設備,其他財物,傢具,公開決標採購品名,傢具,採購名稱／官方財物次分類／產業分類／Scope 3候選,,範疇3 類別1,口照科專業教室教學設備 / 傢具 / 其他產業 / 其他財物 / 範疇3 類別1,公開資料候選，需人工覆核,來源紀錄ID=NAI-1-70616642；真實公開決標紀錄；標準品名、產業與Scope 3為規則式候選，需人工覆核,其他產業
RP-0681,嘉義縣立民雄國民中學113學年度午餐外訂桶餐採購案,嘉義縣立民雄國民中學113學年度午餐外訂桶餐,食品／農產,"肉類,魚,果實,蔬菜,及油脂",公開決標採購品名,"肉類,魚,果實,蔬菜,及油脂",採購名稱／官方財物次分類／產業分類／Scope 3候選,,範疇3 類別1,嘉義縣立民雄國民中學113學年度午餐外訂桶餐 / 肉類 / 魚 / 果實 / 蔬菜 / 及油脂 / 食品農產 / 食品 / 農產 / 範疇3 類別1,公開資料候選，需人工覆核,來源紀錄ID=NAI-1-70616646；真實公開決標紀錄；標準品名、產業與Scope 3為規則式候選，需人工覆核,食品農產
RP-0682,複合材料成形系統1台,複合材料成形系統1台,資訊設備／軟體,計算機及其零件與配件,公開決標採購品名,計算機及其零件與配件,採購名稱／官方財物次分類／產業分類／Scope 3候選,,範疇3 類別1,複合材料成形系統1台 / 計算機及其零件與配件 / 資訊電子 / 資訊設備 / 軟體 / 範疇3 類別1,公開資料候選，需人工覆核,來源紀錄ID=NAI-1-70616653；真實公開決標紀錄；標準品名、產業與Scope 3為規則式候選，需人工覆核,資訊電子
RP-0683,全自動卡匣式毛細管螢光基因分析儀1台,全自動卡匣式毛細管螢光基因分析儀1台,儀器／光學設備,做為測量、檢查、航行及其他目的用之儀器和裝置，除光學儀器;工業程序控制設備;上述各項之零件及附件,公開決標採購品名,做為測量、檢查、航行及其他目的用之儀器和裝置，除光學儀器;工業程序控制設備;上述各項之零件及附件,採購名稱／官方財物次分類／產業分類／Scope 3候選,,範疇3 類別1,全自動卡匣式毛細管螢光基因分析儀1台 / 做為測量、檢查、航行及其他目的用之儀器和裝置 / 除光學儀器 / 工業程序控制設備 / 上述各項之零件及附件 / 儀器光電 / 儀器 / 光學設備 / 範疇3 類別1,公開資料候選，需人工覆核,來源紀錄ID=NAI-1-70616656；真實公開決標紀錄；標準品名、產業與Scope 3為規則式候選，需人工覆核,儀器光電
RP-0684,PACS系統儲存空間1式,PACS系統儲存空間1式,資訊設備／軟體,計算機及其零件與配件,公開決標採購品名,計算機及其零件與配件,採購名稱／官方財物次分類／產業分類／Scope 3候選,,範疇3 類別1,PACS系統儲存空間1式 / 計算機及其零件與配件 / 資訊電子 / 資訊設備 / 軟體 / 範疇3 類別1,公開資料候選，需人工覆核,來源紀錄ID=NAI-1-70616657；真實公開決標紀錄；標準品名、產業與Scope 3為規則式候選，需人工覆核,資訊電子
RP-0685,活動中心投影機採購案,活動中心投影機,儀器／光學設備,"光學儀器,攝影設備及其零件與附件",公開決標採購品名,"光學儀器,攝影設備及其零件與附件",採購名稱／官方財物次分類／產業分類／Scope 3候選,,範疇3 類別1,活動中心投影機 / 光學儀器 / 攝影設備及其零件與附件 / 儀器光電 / 儀器 / 光學設備 / 範疇3 類別1,公開資料候選，需人工覆核,來源紀錄ID=NAI-1-70616658；真實公開決標紀錄；標準品名、產業與Scope 3為規則式候選，需人工覆核,儀器光電
RP-0686,火星塞等68項,火星塞等68項,電力設備／電材,"電動機,發電機,變壓器及其附件",公開決標採購品名,"電動機,發電機,變壓器及其附件",採購名稱／官方財物次分類／產業分類／Scope 3候選,,範疇3 類別1,火星塞等68項 / 電動機 / 發電機 / 變壓器及其附件 / 電機電控 / 電力設備 / 電材 / 範疇3 類別1,公開資料候選，需人工覆核,來源紀錄ID=NAI-1-70616659；真實公開決標紀錄；標準品名、產業與Scope 3為規則式候選，需人工覆核,電機電控
RP-0687,引擎啟動器等104項,引擎啟動器等104項,電力設備／電材,"電動機,發電機,變壓器及其附件",公開決標採購品名,"電動機,發電機,變壓器及其附件",採購名稱／官方財物次分類／產業分類／Scope 3候選,,範疇3 類別1,引擎啟動器等104項 / 電動機 / 發電機 / 變壓器及其附件 / 電機電控 / 電力設備 / 電材 / 範疇3 類別1,公開資料候選，需人工覆核,來源紀錄ID=NAI-1-70616660；真實公開決標紀錄；標準品名、產業與Scope 3為規則式候選，需人工覆核,電機電控
RP-0688,海淡水壓力表等104項,海淡水壓力表等104項,電力設備／電材,"電動機,發電機,變壓器及其附件",公開決標採購品名,"電動機,發電機,變壓器及其附件",採購名稱／官方財物次分類／產業分類／Scope 3候選,,範疇3 類別1,海淡水壓力表等104項 / 電動機 / 發電機 / 變壓器及其附件 / 電機電控 / 電力設備 / 電材 / 範疇3 類別1,公開資料候選，需人工覆核,來源紀錄ID=NAI-1-70616664；真實公開決標紀錄；標準品名、產業與Scope 3為規則式候選，需人工覆核,電機電控
RP-0689,113學年度第一學期高中部教科書採購,113學年度第一學期高中部教科書採購,紙品／印刷／包材,"紙漿,紙及紙產品;印刷品及相關的商品",公開決標採購品名,"紙漿,紙及紙產品;印刷品及相關的商品",採購名稱／官方財物次分類／產業分類／Scope 3候選,,範疇3 類別1,113學年度第一學期高中部教科書採購 / 紙漿 / 紙及紙產品 / 印刷品及相關的商品 / 包材印刷 / 紙品 / 印刷 / 包材 / 範疇3 類別1,公開資料候選，需人工覆核,來源紀錄ID=NAI-1-70616665；真實公開決標紀錄；標準品名、產業與Scope 3為規則式候選，需人工覆核,包材印刷
RP-0690,萬金所350HP豎軸、沉水式抽水機一批,萬金所350HP豎軸、沉水式抽水機,機械／零組件,"幫浦,壓縮機,液壓與氣動引擎,閥門及其零件",公開決標採購品名,"幫浦,壓縮機,液壓與氣動引擎,閥門及其零件",採購名稱／官方財物次分類／產業分類／Scope 3候選,,範疇3 類別1,萬金所350HP豎軸、沉水式抽水機 / 幫浦 / 壓縮機 / 液壓與氣動引擎 / 閥門及其零件 / 機械設備 / 機械 / 零組件 / 範疇3 類別1,公開資料候選，需人工覆核,來源紀錄ID=NAI-1-70616666；真實公開決標紀錄；標準品名、產業與Scope 3為規則式候選，需人工覆核,機械設備
RP-0691,CO2雷射儀,CO2雷射儀,醫療用品／藥品,"醫療,外科及矯形設備",公開決標採購品名,"醫療,外科及矯形設備",採購名稱／官方財物次分類／產業分類／Scope 3候選,,範疇3 類別1,CO2雷射儀 / 醫療 / 外科及矯形設備 / 醫療生技 / 醫療用品 / 藥品 / 範疇3 類別1,公開資料候選，需人工覆核,來源紀錄ID=NAI-1-70616672；真實公開決標紀錄；標準品名、產業與Scope 3為規則式候選，需人工覆核,醫療生技
RP-0692,113年度客製化藥庫智能藥櫃管制系統採購案（仁愛、松德）,113年度客製化藥庫智能藥櫃管制系統採購案（仁愛、松德）,機械／零組件,其他特殊用途之機具及其零件,公開決標採購品名,其他特殊用途之機具及其零件,採購名稱／官方財物次分類／產業分類／Scope 3候選,,範疇3 類別1,113年度客製化藥庫智能藥櫃管制系統採購案（仁愛、松德） / 其他特殊用途之機具及其零件 / 機械設備 / 機械 / 零組件 / 範疇3 類別1,公開資料候選，需人工覆核,來源紀錄ID=NAI-1-70616681；真實公開決標紀錄；標準品名、產業與Scope 3為規則式候選，需人工覆核,機械設備
RP-0693,113年度中型復康巴士財物採購,113年度中型復康巴士,車輛／運輸設備,其他運輸設備及其零件,公開決標採購品名,其他運輸設備及其零件,採購名稱／官方財物次分類／產業分類／Scope 3候選,,範疇3 類別1,113年度中型復康巴士 / 其他運輸設備及其零件 / 運輸設備 / 車輛 / 範疇3 類別1,公開資料候選，需人工覆核,來源紀錄ID=NAI-1-70616692；真實公開決標紀錄；標準品名、產業與Scope 3為規則式候選，需人工覆核,運輸設備
RP-0694,113學年度第一、二學期高一、高二、高三教科書,113學年度第一、二學期高一、高二、高三教科書,紙品／印刷／包材,"紙漿,紙及紙產品;印刷品及相關的商品",公開決標採購品名,"紙漿,紙及紙產品;印刷品及相關的商品",採購名稱／官方財物次分類／產業分類／Scope 3候選,,範疇3 類別1,113學年度第一、二學期高一、高二、高三教科書 / 紙漿 / 紙及紙產品 / 印刷品及相關的商品 / 包材印刷 / 紙品 / 印刷 / 包材 / 範疇3 類別1,公開資料候選，需人工覆核,來源紀錄ID=NAI-1-70616696；真實公開決標紀錄；標準品名、產業與Scope 3為規則式候選，需人工覆核,包材印刷
RP-0695,內埔菸廠製造課包裝股捲菸機光電偵測器等4項零組件,內埔菸廠製造課包裝股捲菸機光電偵測器等4項零組件,機械／零組件,"食品,飲料及菸草處理之機具及其零件",公開決標採購品名,"食品,飲料及菸草處理之機具及其零件",採購名稱／官方財物次分類／產業分類／Scope 3候選,,範疇3 類別1,內埔菸廠製造課包裝股捲菸機光電偵測器等4項零組件 / 食品 / 飲料及菸草處理之機具及其零件 / 機械設備 / 機械 / 零組件 / 範疇3 類別1,公開資料候選，需人工覆核,來源紀錄ID=NAI-1-70616697；真實公開決標紀錄；標準品名、產業與Scope 3為規則式候選，需人工覆核,機械設備
RP-0696,113學年度第1學期高中部教科書採購案,113學年度第1學期高中部教科書,紙品／印刷／包材,"紙漿,紙及紙產品;印刷品及相關的商品",公開決標採購品名,"紙漿,紙及紙產品;印刷品及相關的商品",採購名稱／官方財物次分類／產業分類／Scope 3候選,,範疇3 類別1,113學年度第1學期高中部教科書 / 紙漿 / 紙及紙產品 / 印刷品及相關的商品 / 包材印刷 / 紙品 / 印刷 / 包材 / 範疇3 類別1,公開資料候選，需人工覆核,來源紀錄ID=NAI-1-70616703；真實公開決標紀錄；標準品名、產業與Scope 3為規則式候選，需人工覆核,包材印刷
RP-0697,校園與宿舍網路建構暨宿舍機房結構化佈線,校園與宿舍網路建構暨宿舍機房結構化佈線,資訊設備／軟體,計算機及其零件與配件,公開決標採購品名,計算機及其零件與配件,採購名稱／官方財物次分類／產業分類／Scope 3候選,,範疇3 類別1,校園與宿舍網路建構暨宿舍機房結構化佈線 / 計算機及其零件與配件 / 資訊電子 / 資訊設備 / 軟體 / 範疇3 類別1,公開資料候選，需人工覆核,來源紀錄ID=NAI-1-70616704；真實公開決標紀錄；標準品名、產業與Scope 3為規則式候選，需人工覆核,資訊電子
RP-0698,113學年度第一學期各科教科書,113學年度第一學期各科教科書,紙品／印刷／包材,"紙漿,紙及紙產品;印刷品及相關的商品",公開決標採購品名,"紙漿,紙及紙產品;印刷品及相關的商品",採購名稱／官方財物次分類／產業分類／Scope 3候選,,範疇3 類別1,113學年度第一學期各科教科書 / 紙漿 / 紙及紙產品 / 印刷品及相關的商品 / 包材印刷 / 紙品 / 印刷 / 包材 / 範疇3 類別1,公開資料候選，需人工覆核,來源紀錄ID=NAI-1-70616717；真實公開決標紀錄；標準品名、產業與Scope 3為規則式候選，需人工覆核,包材印刷
RP-0699,運動心電圖,運動心電圖,醫療用品／藥品,"醫療,外科及矯形設備",公開決標採購品名,"醫療,外科及矯形設備",採購名稱／官方財物次分類／產業分類／Scope 3候選,,範疇3 類別1,運動心電圖 / 醫療 / 外科及矯形設備 / 醫療生技 / 醫療用品 / 藥品 / 範疇3 類別1,公開資料候選，需人工覆核,來源紀錄ID=NAI-1-70616739；真實公開決標紀錄；標準品名、產業與Scope 3為規則式候選，需人工覆核,醫療生技
RP-0700,行政大樓門窗修繕採購案,行政大樓門窗修繕,建材／工程物料,建築預製結構,公開決標採購品名,建築預製結構,採購名稱／官方財物次分類／產業分類／Scope 3候選,,範疇3 類別1,行政大樓門窗修繕 / 建築預製結構 / 工程建材 / 建材 / 工程物料 / 範疇3 類別1,公開資料候選，需人工覆核,來源紀錄ID=NAI-1-70616740；真實公開決標紀錄；標準品名、產業與Scope 3為規則式候選，需人工覆核,工程建材
RP-0701,板新廠錦和加壓站1200mm超音波流量計汰換,板新廠錦和加壓站1200mm超音波流量計汰換,電力設備／電材,電力傳輸、控制設備及其零件,公開決標採購品名,電力傳輸、控制設備及其零件,採購名稱／官方財物次分類／產業分類／Scope 3候選,,範疇3 類別1,板新廠錦和加壓站1200mm超音波流量計汰換 / 電力傳輸、控制設備及其零件 / 電機電控 / 電力設備 / 電材 / 範疇3 類別1,公開資料候選，需人工覆核,來源紀錄ID=NAI-1-70616742；真實公開決標紀錄；標準品名、產業與Scope 3為規則式候選，需人工覆核,電機電控
RP-0702,24小時攜帶式心電圖,24小時攜帶式心電圖,醫療用品／藥品,"醫療,外科及矯形設備",公開決標採購品名,"醫療,外科及矯形設備",採購名稱／官方財物次分類／產業分類／Scope 3候選,,範疇3 類別1,24小時攜帶式心電圖 / 醫療 / 外科及矯形設備 / 醫療生技 / 醫療用品 / 藥品 / 範疇3 類別1,公開資料候選，需人工覆核,來源紀錄ID=NAI-1-70616744；真實公開決標紀錄；標準品名、產業與Scope 3為規則式候選，需人工覆核,醫療生技
RP-0703,主動脈氣球導管二年單價開口契約,主動脈氣球導管二年單價開口契約,醫療用品／藥品,醫藥產品,公開決標採購品名,醫藥產品,採購名稱／官方財物次分類／產業分類／Scope 3候選,,範疇3 類別1,主動脈氣球導管二年單價開口契約 / 醫藥產品 / 醫療生技 / 醫療用品 / 藥品 / 範疇3 類別1,公開資料候選，需人工覆核,來源紀錄ID=NAI-1-70616747；真實公開決標紀錄；標準品名、產業與Scope 3為規則式候選，需人工覆核,醫療生技
RP-0704,平板電腦2年單價開口契約,平板電腦2年單價開口契約,資訊設備／軟體,計算機及其零件與配件,公開決標採購品名,計算機及其零件與配件,採購名稱／官方財物次分類／產業分類／Scope 3候選,,範疇3 類別1,平板電腦2年單價開口契約 / 計算機及其零件與配件 / 資訊電子 / 資訊設備 / 軟體 / 範疇3 類別1,公開資料候選，需人工覆核,來源紀錄ID=NAI-1-70616755；真實公開決標紀錄；標準品名、產業與Scope 3為規則式候選，需人工覆核,資訊電子
RP-0705,觀音區保障掩埋場消防機房及設備維護改善,觀音區保障掩埋場消防機房及設備維護改善,金屬／五金,結構金屬產品及其零件,公開決標採購品名,結構金屬產品及其零件,採購名稱／官方財物次分類／產業分類／Scope 3候選,,範疇3 類別1,觀音區保障掩埋場消防機房及設備維護改善 / 結構金屬產品及其零件 / 金屬加工 / 金屬 / 五金 / 範疇3 類別1,公開資料候選，需人工覆核,來源紀錄ID=NAI-1-70616760；真實公開決標紀錄；標準品名、產業與Scope 3為規則式候選，需人工覆核,金屬加工
RP-0706,113-115年度黃金資收站綠色商品採購,113-115年度黃金資收站綠色商品採購,其他財物,"肥皂,清潔劑,香水及盥洗用品",公開決標採購品名,"肥皂,清潔劑,香水及盥洗用品",採購名稱／官方財物次分類／產業分類／Scope 3候選,,範疇3 類別1,113-115年度黃金資收站綠色商品採購 / 肥皂 / 清潔劑 / 香水及盥洗用品 / 其他產業 / 其他財物 / 範疇3 類別1,公開資料候選，需人工覆核,來源紀錄ID=NAI-1-70616764；真實公開決標紀錄；標準品名、產業與Scope 3為規則式候選，需人工覆核,其他產業
RP-0707,辦公廳舍設備更新採購案,辦公廳舍設備更新,其他財物,傢具,公開決標採購品名,傢具,採購名稱／官方財物次分類／產業分類／Scope 3候選,,範疇3 類別1,辦公廳舍設備更新 / 傢具 / 其他產業 / 其他財物 / 範疇3 類別1,公開資料候選，需人工覆核,來源紀錄ID=NAI-1-70616779；真實公開決標紀錄；標準品名、產業與Scope 3為規則式候選，需人工覆核,其他產業
RP-0708,自動身高體重計(電子),自動身高體重計(電子),醫療用品／藥品,"醫療,外科及矯形設備",公開決標採購品名,"醫療,外科及矯形設備",採購名稱／官方財物次分類／產業分類／Scope 3候選,,範疇3 類別1,自動身高體重計(電子) / 醫療 / 外科及矯形設備 / 醫療生技 / 醫療用品 / 藥品 / 範疇3 類別1,公開資料候選，需人工覆核,來源紀錄ID=NAI-1-70616794；真實公開決標紀錄；標準品名、產業與Scope 3為規則式候選，需人工覆核,醫療生技
RP-0709,113學年度營養午餐、附幼點心食材暨人力委外採購,113學年度營養午餐、附幼點心食材暨人力委外採購,食品／農產,"肉類,魚,果實,蔬菜,及油脂",公開決標採購品名,"肉類,魚,果實,蔬菜,及油脂",採購名稱／官方財物次分類／產業分類／Scope 3候選,,範疇3 類別1,113學年度營養午餐、附幼點心食材暨人力委外採購 / 肉類 / 魚 / 果實 / 蔬菜 / 及油脂 / 食品農產 / 食品 / 農產 / 範疇3 類別1,公開資料候選，需人工覆核,來源紀錄ID=NAI-1-70616797；真實公開決標紀錄；標準品名、產業與Scope 3為規則式候選，需人工覆核,食品農產
RP-0710,竹塘鄉立幼兒園113學年度幼童餐點食材採購案,竹塘鄉立幼兒園113學年度幼童餐點食材,食品／農產,"肉類,魚,果實,蔬菜,及油脂",公開決標採購品名,"肉類,魚,果實,蔬菜,及油脂",採購名稱／官方財物次分類／產業分類／Scope 3候選,,範疇3 類別1,竹塘鄉立幼兒園113學年度幼童餐點食材 / 肉類 / 魚 / 果實 / 蔬菜 / 及油脂 / 食品農產 / 食品 / 農產 / 範疇3 類別1,公開資料候選，需人工覆核,來源紀錄ID=NAI-1-70616799；真實公開決標紀錄；標準品名、產業與Scope 3為規則式候選，需人工覆核,食品農產
RP-0711,0.6綠色螺口圓瓶,0.6綠色螺口圓瓶,建材／工程物料,玻璃及玻璃產品,公開決標採購品名,玻璃及玻璃產品,採購名稱／官方財物次分類／產業分類／Scope 3候選,,範疇3 類別1,0.6綠色螺口圓瓶 / 玻璃及玻璃產品 / 工程建材 / 建材 / 工程物料 / 範疇3 類別1,公開資料候選，需人工覆核,來源紀錄ID=NAI-1-70616817；真實公開決標紀錄；標準品名、產業與Scope 3為規則式候選，需人工覆核,工程建材
RP-0712,113年購置沼液沼渣施灌機具,113年購置沼液沼渣施灌機具,機械／零組件,"機動車,拖車,半拖車;車輛機件",公開決標採購品名,"機動車,拖車,半拖車;車輛機件",採購名稱／官方財物次分類／產業分類／Scope 3候選,,範疇3 類別1,113年購置沼液沼渣施灌機具 / 機動車 / 拖車 / 半拖車 / 車輛機件 / 機械設備 / 機械 / 零組件 / 範疇3 類別1,公開資料候選，需人工覆核,來源紀錄ID=NAI-1-70616818；真實公開決標紀錄；標準品名、產業與Scope 3為規則式候選，需人工覆核,機械設備
RP-0713,扁桃腺切除裝置兩年單價開口契約,扁桃腺切除裝置兩年單價開口契約,醫療用品／藥品,醫藥產品,公開決標採購品名,醫藥產品,採購名稱／官方財物次分類／產業分類／Scope 3候選,,範疇3 類別1,扁桃腺切除裝置兩年單價開口契約 / 醫藥產品 / 醫療生技 / 醫療用品 / 藥品 / 範疇3 類別1,公開資料候選，需人工覆核,來源紀錄ID=NAI-1-70616819；真實公開決標紀錄；標準品名、產業與Scope 3為規則式候選，需人工覆核,醫療生技
RP-0714,雷射測距雙眼熱像儀,雷射測距雙眼熱像儀,儀器／光學設備,"光學儀器,攝影設備及其零件與附件",公開決標採購品名,"光學儀器,攝影設備及其零件與附件",採購名稱／官方財物次分類／產業分類／Scope 3候選,,範疇3 類別1,雷射測距雙眼熱像儀 / 光學儀器 / 攝影設備及其零件與附件 / 儀器光電 / 儀器 / 光學設備 / 範疇3 類別1,公開資料候選，需人工覆核,來源紀錄ID=NAI-1-70616823；真實公開決標紀錄；標準品名、產業與Scope 3為規則式候選，需人工覆核,儀器光電
RP-0715,屏東縣崁頂鄉立幼兒園113年度午餐食材採購,屏東縣崁頂鄉立幼兒園113年度午餐食材採購,食品／農產,"肉類,魚,果實,蔬菜,及油脂",公開決標採購品名,"肉類,魚,果實,蔬菜,及油脂",採購名稱／官方財物次分類／產業分類／Scope 3候選,,範疇3 類別1,屏東縣崁頂鄉立幼兒園113年度午餐食材採購 / 肉類 / 魚 / 果實 / 蔬菜 / 及油脂 / 食品農產 / 食品 / 農產 / 範疇3 類別1,公開資料候選，需人工覆核,來源紀錄ID=NAI-1-70616824；真實公開決標紀錄；標準品名、產業與Scope 3為規則式候選，需人工覆核,食品農產
RP-0716,可移動材料自動快速篩測分析系統,可移動材料自動快速篩測分析系統,機械／零組件,其他特殊用途之機具及其零件,公開決標採購品名,其他特殊用途之機具及其零件,採購名稱／官方財物次分類／產業分類／Scope 3候選,,範疇3 類別1,可移動材料自動快速篩測分析系統 / 其他特殊用途之機具及其零件 / 機械設備 / 機械 / 零組件 / 範疇3 類別1,公開資料候選，需人工覆核,來源紀錄ID=NAI-1-70616828；真實公開決標紀錄；標準品名、產業與Scope 3為規則式候選，需人工覆核,機械設備
RP-0717,"小港廠汽電工場25%氨水200,000kg","小港廠汽電工場25%氨水200,000kg",化學品／塑橡膠,基本化學產品,公開決標採購品名,基本化學產品,採購名稱／官方財物次分類／產業分類／Scope 3候選,,範疇3 類別1,小港廠汽電工場25%氨水200 / 000kg / 基本化學產品 / 化工塑橡膠 / 化學品 / 塑橡膠 / 範疇3 類別1,公開資料候選，需人工覆核,來源紀錄ID=NAI-1-70616831；真實公開決標紀錄；標準品名、產業與Scope 3為規則式候選，需人工覆核,化工塑橡膠
RP-0718,113學年度新社區國民小學午餐食材(含幼兒園點心)聯合採購,113學年度新社區國民小學午餐食材(含幼兒園點心)聯合採購,食品／農產,"肉類,魚,果實,蔬菜,及油脂",公開決標採購品名,"肉類,魚,果實,蔬菜,及油脂",採購名稱／官方財物次分類／產業分類／Scope 3候選,,範疇3 類別1,113學年度新社區國民小學午餐食材(含幼兒園點心)聯合採購 / 肉類 / 魚 / 果實 / 蔬菜 / 及油脂 / 食品農產 / 食品 / 農產 / 範疇3 類別1,公開資料候選，需人工覆核,來源紀錄ID=NAI-1-70616835；真實公開決標紀錄；標準品名、產業與Scope 3為規則式候選，需人工覆核,食品農產
RP-0719,專用相紙60吋等13項,專用相紙60吋等13項,紙品／印刷／包材,"紙漿,紙及紙產品;印刷品及相關的商品",公開決標採購品名,"紙漿,紙及紙產品;印刷品及相關的商品",採購名稱／官方財物次分類／產業分類／Scope 3候選,,範疇3 類別1,專用相紙60吋等13項 / 紙漿 / 紙及紙產品 / 印刷品及相關的商品 / 包材印刷 / 紙品 / 印刷 / 包材 / 範疇3 類別1,公開資料候選，需人工覆核,來源紀錄ID=NAI-1-70616840；真實公開決標紀錄；標準品名、產業與Scope 3為規則式候選，需人工覆核,包材印刷
RP-0720,標租權益類金融數據及基本資料資訊服務,標租權益類金融數據及基本資料資訊服務,資訊設備／軟體,計算機及其零件與配件,公開決標採購品名,計算機及其零件與配件,採購名稱／官方財物次分類／產業分類／Scope 3候選,,範疇3 類別1,標租權益類金融數據及基本資料資訊服務 / 計算機及其零件與配件 / 資訊電子 / 資訊設備 / 軟體 / 範疇3 類別1,公開資料候選，需人工覆核,來源紀錄ID=NAI-1-70616843；真實公開決標紀錄；標準品名、產業與Scope 3為規則式候選，需人工覆核,資訊電子
RP-0721,113學年度幼兒園午餐暨點心食材採購,113學年度幼兒園午餐暨點心食材採購,食品／農產,"穀粉,澱粉及澱粉製品;其他食品",公開決標採購品名,"穀粉,澱粉及澱粉製品;其他食品",採購名稱／官方財物次分類／產業分類／Scope 3候選,,範疇3 類別1,113學年度幼兒園午餐暨點心食材採購 / 穀粉 / 澱粉及澱粉製品 / 其他食品 / 食品農產 / 食品 / 農產 / 範疇3 類別1,公開資料候選，需人工覆核,來源紀錄ID=NAI-1-70616851；真實公開決標紀錄；標準品名、產業與Scope 3為規則式候選，需人工覆核,食品農產
RP-0722,113年度教育部校園網路優化補助案,113年度教育部校園網路優化補助案,資訊設備／軟體,計算機及其零件與配件,公開決標採購品名,計算機及其零件與配件,採購名稱／官方財物次分類／產業分類／Scope 3候選,,範疇3 類別1,113年度教育部校園網路優化補助案 / 計算機及其零件與配件 / 資訊電子 / 資訊設備 / 軟體 / 範疇3 類別1,公開資料候選，需人工覆核,來源紀錄ID=NAI-1-70616863；真實公開決標紀錄；標準品名、產業與Scope 3為規則式候選，需人工覆核,資訊電子
RP-0723,113-115年總分院護理部醫材2項單價合約招標案,113-115年總分院護理部醫材2項單價合約招標案,醫療用品／藥品,醫藥產品,公開決標採購品名,醫藥產品,採購名稱／官方財物次分類／產業分類／Scope 3候選,,範疇3 類別1,113-115年總分院護理部醫材2項單價合約招標案 / 醫藥產品 / 醫療生技 / 醫療用品 / 藥品 / 範疇3 類別1,公開資料候選，需人工覆核,來源紀錄ID=NAI-1-70616868；真實公開決標紀錄；標準品名、產業與Scope 3為規則式候選，需人工覆核,醫療生技
RP-0724,感應耦合電漿發射光譜儀（ICP-OES）等一批,感應耦合電漿發射光譜儀（ICP-OES）等,機械／零組件,其他特殊用途之機具及其零件,公開決標採購品名,其他特殊用途之機具及其零件,採購名稱／官方財物次分類／產業分類／Scope 3候選,,範疇3 類別1,感應耦合電漿發射光譜儀（ICP-OES）等 / 其他特殊用途之機具及其零件 / 機械設備 / 機械 / 零組件 / 範疇3 類別1,公開資料候選，需人工覆核,來源紀錄ID=NAI-1-70616871；真實公開決標紀錄；標準品名、產業與Scope 3為規則式候選，需人工覆核,機械設備
RP-0725,購置桿上安全帶乙批,購置桿上安全帶,機械／零組件,其他通用機具,公開決標採購品名,其他通用機具,採購名稱／官方財物次分類／產業分類／Scope 3候選,,範疇3 類別1,購置桿上安全帶 / 其他通用機具 / 機械設備 / 機械 / 零組件 / 範疇3 類別1,公開資料候選，需人工覆核,來源紀錄ID=NAI-1-70616872；真實公開決標紀錄；標準品名、產業與Scope 3為規則式候選，需人工覆核,機械設備
RP-0726,"113-114年度百慕達乾草100,000公斤","113-114年度百慕達乾草100,000公斤",其他財物,"農業,園藝及市場園藝產品",公開決標採購品名,"農業,園藝及市場園藝產品",採購名稱／官方財物次分類／產業分類／Scope 3候選,,範疇3 類別1,113-114年度百慕達乾草100 / 000公斤 / 農業 / 園藝及市場園藝產品 / 其他產業 / 其他財物 / 範疇3 類別1,公開資料候選，需人工覆核,來源紀錄ID=NAI-1-70616875；真實公開決標紀錄；標準品名、產業與Scope 3為規則式候選，需人工覆核,其他產業
RP-0727,舞臺委商架設案,舞臺委商架設案,電力設備／電材,其他電力設備及零件,公開決標採購品名,其他電力設備及零件,採購名稱／官方財物次分類／產業分類／Scope 3候選,,範疇3 類別1,舞臺委商架設案 / 其他電力設備及零件 / 電機電控 / 電力設備 / 電材 / 範疇3 類別1,公開資料候選，需人工覆核,來源紀錄ID=NAI-1-70616876；真實公開決標紀錄；標準品名、產業與Scope 3為規則式候選，需人工覆核,電機電控
RP-0728,交直流複合微電網研究試驗平台1套,交直流複合微電網研究試驗平台1套,儀器／光學設備,做為測量、檢查、航行及其他目的用之儀器和裝置，除光學儀器;工業程序控制設備;上述各項之零件及附件,公開決標採購品名,做為測量、檢查、航行及其他目的用之儀器和裝置，除光學儀器;工業程序控制設備;上述各項之零件及附件,採購名稱／官方財物次分類／產業分類／Scope 3候選,,範疇3 類別1,交直流複合微電網研究試驗平台1套 / 做為測量、檢查、航行及其他目的用之儀器和裝置 / 除光學儀器 / 工業程序控制設備 / 上述各項之零件及附件 / 儀器光電 / 儀器 / 光學設備 / 範疇3 類別1,公開資料候選，需人工覆核,來源紀錄ID=NAI-1-70616882；真實公開決標紀錄；標準品名、產業與Scope 3為規則式候選，需人工覆核,儀器光電
RP-0729,疤痕凝膠,疤痕凝膠,醫療用品／藥品,"醫療,外科及矯形設備",公開決標採購品名,"醫療,外科及矯形設備",採購名稱／官方財物次分類／產業分類／Scope 3候選,,範疇3 類別1,疤痕凝膠 / 醫療 / 外科及矯形設備 / 醫療生技 / 醫療用品 / 藥品 / 範疇3 類別1,公開資料候選，需人工覆核,來源紀錄ID=NAI-1-70616898；真實公開決標紀錄；標準品名、產業與Scope 3為規則式候選，需人工覆核,醫療生技
RP-0730,無光罩直寫曝光機,無光罩直寫曝光機,儀器／光學設備,"光學儀器,攝影設備及其零件與附件",公開決標採購品名,"光學儀器,攝影設備及其零件與附件",採購名稱／官方財物次分類／產業分類／Scope 3候選,,範疇3 類別1,無光罩直寫曝光機 / 光學儀器 / 攝影設備及其零件與附件 / 儀器光電 / 儀器 / 光學設備 / 範疇3 類別1,公開資料候選，需人工覆核,來源紀錄ID=NAI-1-70616903；真實公開決標紀錄；標準品名、產業與Scope 3為規則式候選，需人工覆核,儀器光電
RP-0731,港灣型攔油索一批,港灣型攔油索,其他財物,其他製造商品,公開決標採購品名,其他製造商品,採購名稱／官方財物次分類／產業分類／Scope 3候選,,範疇3 類別1,港灣型攔油索 / 其他製造商品 / 其他產業 / 其他財物 / 範疇3 類別1,公開資料候選，需人工覆核,來源紀錄ID=NAI-1-70616914；真實公開決標紀錄；標準品名、產業與Scope 3為規則式候選，需人工覆核,其他產業
RP-0732,萬新國中廚房設備更新及安裝採購,萬新國中廚房設備更新及安裝採購,機械／零組件,"食品,飲料及菸草處理之機具及其零件",公開決標採購品名,"食品,飲料及菸草處理之機具及其零件",採購名稱／官方財物次分類／產業分類／Scope 3候選,,範疇3 類別1,萬新國中廚房設備更新及安裝採購 / 食品 / 飲料及菸草處理之機具及其零件 / 機械設備 / 機械 / 零組件 / 範疇3 類別1,公開資料候選，需人工覆核,來源紀錄ID=NAI-1-70616931；真實公開決標紀錄；標準品名、產業與Scope 3為規則式候選，需人工覆核,機械設備
RP-0733,新北市立林口幼兒園113學年度營養餐點食材統一採購案,新北市立林口幼兒園113學年度營養餐點食材統一,食品／農產,"肉類,魚,果實,蔬菜,及油脂",公開決標採購品名,"肉類,魚,果實,蔬菜,及油脂",採購名稱／官方財物次分類／產業分類／Scope 3候選,,範疇3 類別1,新北市立林口幼兒園113學年度營養餐點食材統一 / 肉類 / 魚 / 果實 / 蔬菜 / 及油脂 / 食品農產 / 食品 / 農產 / 範疇3 類別1,公開資料候選，需人工覆核,來源紀錄ID=NAI-1-70616939；真實公開決標紀錄；標準品名、產業與Scope 3為規則式候選，需人工覆核,食品農產
RP-0734,「113年端點偵查設備管理系統」採購案,「113年端點偵查設備管理系統」,資訊設備／軟體,計算機及其零件與配件,公開決標採購品名,計算機及其零件與配件,採購名稱／官方財物次分類／產業分類／Scope 3候選,,範疇3 類別1,「113年端點偵查設備管理系統」 / 計算機及其零件與配件 / 資訊電子 / 資訊設備 / 軟體 / 範疇3 類別1,公開資料候選，需人工覆核,來源紀錄ID=NAI-1-70616957；真實公開決標紀錄；標準品名、產業與Scope 3為規則式候選，需人工覆核,資訊電子
RP-0735,指示燈泡等6項,指示燈泡等6項,其他財物,"武器,彈藥及其零件",公開決標採購品名,"武器,彈藥及其零件",採購名稱／官方財物次分類／產業分類／Scope 3候選,,範疇3 類別1,指示燈泡等6項 / 武器 / 彈藥及其零件 / 其他產業 / 其他財物 / 範疇3 類別1,公開資料候選，需人工覆核,來源紀錄ID=NAI-1-70616958；真實公開決標紀錄；標準品名、產業與Scope 3為規則式候選，需人工覆核,其他產業
RP-0736,胸腔引流調節器單價開口契約,胸腔引流調節器單價開口契約,醫療用品／藥品,醫藥產品,公開決標採購品名,醫藥產品,採購名稱／官方財物次分類／產業分類／Scope 3候選,,範疇3 類別1,胸腔引流調節器單價開口契約 / 醫藥產品 / 醫療生技 / 醫療用品 / 藥品 / 範疇3 類別1,公開資料候選，需人工覆核,來源紀錄ID=NAI-1-70616963；真實公開決標紀錄；標準品名、產業與Scope 3為規則式候選，需人工覆核,醫療生技
RP-0737,"硫酸(60%~63%)-本島450,000公斤","硫酸(60%~63%)-本島450,000公斤",化學品／塑橡膠,基本化學產品,公開決標採購品名,基本化學產品,採購名稱／官方財物次分類／產業分類／Scope 3候選,,範疇3 類別1,硫酸(60%~63%)-本島450 / 000公斤 / 基本化學產品 / 化工塑橡膠 / 化學品 / 塑橡膠 / 範疇3 類別1,公開資料候選，需人工覆核,來源紀錄ID=NAI-1-70616970；真實公開決標紀錄；標準品名、產業與Scope 3為規則式候選，需人工覆核,化工塑橡膠
RP-0738,導管固定防水透氣敷料單價開口契約,導管固定防水透氣敷料單價開口契約,醫療用品／藥品,醫藥產品,公開決標採購品名,醫藥產品,採購名稱／官方財物次分類／產業分類／Scope 3候選,,範疇3 類別1,導管固定防水透氣敷料單價開口契約 / 醫藥產品 / 醫療生技 / 醫療用品 / 藥品 / 範疇3 類別1,公開資料候選，需人工覆核,來源紀錄ID=NAI-1-70616973；真實公開決標紀錄；標準品名、產業與Scope 3為規則式候選，需人工覆核,醫療生技
RP-0739,113學年度外訂盒(桶)餐採購案,113學年度外訂盒(桶)餐,食品／農產,"肉類,魚,果實,蔬菜,及油脂",公開決標採購品名,"肉類,魚,果實,蔬菜,及油脂",採購名稱／官方財物次分類／產業分類／Scope 3候選,,範疇3 類別1,113學年度外訂盒(桶)餐 / 肉類 / 魚 / 果實 / 蔬菜 / 及油脂 / 食品農產 / 食品 / 農產 / 範疇3 類別1,公開資料候選，需人工覆核,來源紀錄ID=NAI-1-70617010；真實公開決標紀錄；標準品名、產業與Scope 3為規則式候選，需人工覆核,食品農產
RP-0740,113年新竹二場加藥機汰換採購,113年新竹二場加藥機汰換採購,電力設備／電材,其他電力設備及零件,公開決標採購品名,其他電力設備及零件,採購名稱／官方財物次分類／產業分類／Scope 3候選,,範疇3 類別1,113年新竹二場加藥機汰換採購 / 其他電力設備及零件 / 電機電控 / 電力設備 / 電材 / 範疇3 類別1,公開資料候選，需人工覆核,來源紀錄ID=NAI-1-70617032；真實公開決標紀錄；標準品名、產業與Scope 3為規則式候選，需人工覆核,電機電控
RP-0741,數位乳房斷層攝影系統一式(含房間工程)及保固期滿後五年維護規範,數位乳房斷層攝影系統一式(含房間工程)及保固期滿後五年維護規範,醫療用品／藥品,"醫療,外科及矯形設備",公開決標採購品名,"醫療,外科及矯形設備",採購名稱／官方財物次分類／產業分類／Scope 3候選,,範疇3 類別1,數位乳房斷層攝影系統一式(含房間工程)及保固期滿後五年維護規範 / 醫療 / 外科及矯形設備 / 醫療生技 / 醫療用品 / 藥品 / 範疇3 類別1,公開資料候選，需人工覆核,來源紀錄ID=NAI-1-70617044；真實公開決標紀錄；標準品名、產業與Scope 3為規則式候選，需人工覆核,醫療生技
RP-0742,113學年度文光、永寧、梧棲、中港等國小午餐及幼兒園點心食材聯合採購,113學年度文光、永寧、梧棲、中港等國小午餐及幼兒園點心食材聯合採購,食品／農產,"肉類,魚,果實,蔬菜,及油脂",公開決標採購品名,"肉類,魚,果實,蔬菜,及油脂",採購名稱／官方財物次分類／產業分類／Scope 3候選,,範疇3 類別1,113學年度文光、永寧、梧棲、中港等國小午餐及幼兒園點心食材聯合採購 / 肉類 / 魚 / 果實 / 蔬菜 / 及油脂 / 食品農產 / 食品 / 農產 / 範疇3 類別1,公開資料候選，需人工覆核,來源紀錄ID=NAI-1-70617046；真實公開決標紀錄；標準品名、產業與Scope 3為規則式候選，需人工覆核,食品農產
RP-0743,高速攝影機一台,高速攝影機一台,儀器／光學設備,"光學儀器,攝影設備及其零件與附件",公開決標採購品名,"光學儀器,攝影設備及其零件與附件",採購名稱／官方財物次分類／產業分類／Scope 3候選,,範疇3 類別1,高速攝影機一台 / 光學儀器 / 攝影設備及其零件與附件 / 儀器光電 / 儀器 / 光學設備 / 範疇3 類別1,公開資料候選，需人工覆核,來源紀錄ID=NAI-1-70617067；真實公開決標紀錄；標準品名、產業與Scope 3為規則式候選，需人工覆核,儀器光電
RP-0744,大林工場6g棒型細砂提袋購置,大林工場6g棒型細砂提袋購置,紙品／印刷／包材,"紙漿,紙及紙產品;印刷品及相關的商品",公開決標採購品名,"紙漿,紙及紙產品;印刷品及相關的商品",採購名稱／官方財物次分類／產業分類／Scope 3候選,,範疇3 類別1,大林工場6g棒型細砂提袋購置 / 紙漿 / 紙及紙產品 / 印刷品及相關的商品 / 包材印刷 / 紙品 / 印刷 / 包材 / 範疇3 類別1,公開資料候選，需人工覆核,來源紀錄ID=NAI-1-70617091；真實公開決標紀錄；標準品名、產業與Scope 3為規則式候選，需人工覆核,包材印刷
RP-0745,113學年度棒球隊外訂熟食,113學年度棒球隊外訂熟食,食品／農產,"肉類,魚,果實,蔬菜,及油脂",公開決標採購品名,"肉類,魚,果實,蔬菜,及油脂",採購名稱／官方財物次分類／產業分類／Scope 3候選,,範疇3 類別1,113學年度棒球隊外訂熟食 / 肉類 / 魚 / 果實 / 蔬菜 / 及油脂 / 食品農產 / 食品 / 農產 / 範疇3 類別1,公開資料候選，需人工覆核,來源紀錄ID=NAI-1-70617104；真實公開決標紀錄；標準品名、產業與Scope 3為規則式候選，需人工覆核,食品農產
RP-0746,嘉義市113年度教育部補助校園網路優化－中小學教室無線網路建置採購,嘉義市113年度教育部補助校園網路優化－中小學教室無線網路建置採購,資訊設備／軟體,計算機及其零件與配件,公開決標採購品名,計算機及其零件與配件,採購名稱／官方財物次分類／產業分類／Scope 3候選,,範疇3 類別1,嘉義市113年度教育部補助校園網路優化－中小學教室無線網路建置採購 / 計算機及其零件與配件 / 資訊電子 / 資訊設備 / 軟體 / 範疇3 類別1,公開資料候選，需人工覆核,來源紀錄ID=NAI-1-70617106；真實公開決標紀錄；標準品名、產業與Scope 3為規則式候選，需人工覆核,資訊電子
RP-0747,113年宿舍網路設備採購案,113年宿舍網路設備,資訊設備／軟體,計算機及其零件與配件,公開決標採購品名,計算機及其零件與配件,採購名稱／官方財物次分類／產業分類／Scope 3候選,,範疇3 類別1,113年宿舍網路設備 / 計算機及其零件與配件 / 資訊電子 / 資訊設備 / 軟體 / 範疇3 類別1,公開資料候選，需人工覆核,來源紀錄ID=NAI-1-70617109；真實公開決標紀錄；標準品名、產業與Scope 3為規則式候選，需人工覆核,資訊電子
RP-0748,113年3.49噸小型運郵卡車10輛,113年3.49噸小型運郵卡車10輛,車輛／運輸設備,"機動車,拖車,半拖車;車輛機件",公開決標採購品名,"機動車,拖車,半拖車;車輛機件",採購名稱／官方財物次分類／產業分類／Scope 3候選,,範疇3 類別1,113年3.49噸小型運郵卡車10輛 / 機動車 / 拖車 / 半拖車 / 車輛機件 / 運輸設備 / 車輛 / 範疇3 類別1,公開資料候選，需人工覆核,來源紀錄ID=NAI-1-70617112；真實公開決標紀錄；標準品名、產業與Scope 3為規則式候選，需人工覆核,運輸設備
RP-0749,113年七區網路交換器汰換採購,113年七區網路交換器汰換採購,資訊設備／軟體,計算機及其零件與配件,公開決標採購品名,計算機及其零件與配件,採購名稱／官方財物次分類／產業分類／Scope 3候選,,範疇3 類別1,113年七區網路交換器汰換採購 / 計算機及其零件與配件 / 資訊電子 / 資訊設備 / 軟體 / 範疇3 類別1,公開資料候選，需人工覆核,來源紀錄ID=NAI-1-70617134；真實公開決標紀錄；標準品名、產業與Scope 3為規則式候選，需人工覆核,資訊電子
RP-0750,阿納鯧鰺Trachinotusanak魚苗5公分以上8.5萬尾放流採購(花蓮縣),阿納鯧鰺Trachinotusanak魚苗5公分以上8.5萬尾放流採購(花蓮縣),食品／農產,魚類及其他魚類產物,公開決標採購品名,魚類及其他魚類產物,採購名稱／官方財物次分類／產業分類／Scope 3候選,,範疇3 類別1,阿納鯧鰺Trachinotusanak魚苗5公分以上8.5萬尾放流採購(花蓮縣) / 魚類及其他魚類產物 / 食品農產 / 食品 / 農產 / 範疇3 類別1,公開資料候選，需人工覆核,來源紀錄ID=NAI-1-70617143；真實公開決標紀錄；標準品名、產業與Scope 3為規則式候選，需人工覆核,食品農產
RP-0751,台中供油泵浦振動自動量測系統及白油集管區柴油回收泵1台(含安裝),台中供油泵浦振動自動量測系統及白油集管區柴油回收泵1台(含安裝),機械／零組件,"引擎,渦輪及其零件",公開決標採購品名,"引擎,渦輪及其零件",採購名稱／官方財物次分類／產業分類／Scope 3候選,,範疇3 類別1,台中供油泵浦振動自動量測系統及白油集管區柴油回收泵1台(含安裝) / 引擎 / 渦輪及其零件 / 機械設備 / 機械 / 零組件 / 範疇3 類別1,公開資料候選，需人工覆核,來源紀錄ID=NAI-1-70617164；真實公開決標紀錄；標準品名、產業與Scope 3為規則式候選，需人工覆核,機械設備
RP-0752,113年大提琴(第3席位專用)採購案,113年大提琴(第3席位專用),其他財物,樂器,公開決標採購品名,樂器,採購名稱／官方財物次分類／產業分類／Scope 3候選,,範疇3 類別1,113年大提琴(第3席位專用) / 樂器 / 其他產業 / 其他財物 / 範疇3 類別1,公開資料候選，需人工覆核,來源紀錄ID=NAI-1-70617166；真實公開決標紀錄；標準品名、產業與Scope 3為規則式候選，需人工覆核,其他產業
RP-0753,高強度聚焦超音波消融系統(或同等品)等5項,高強度聚焦超音波消融系統(或同等品)等5項,醫療用品／藥品,醫藥產品,公開決標採購品名,醫藥產品,採購名稱／官方財物次分類／產業分類／Scope 3候選,,範疇3 類別1,高強度聚焦超音波消融系統(或同等品)等5項 / 醫藥產品 / 醫療生技 / 醫療用品 / 藥品 / 範疇3 類別1,公開資料候選，需人工覆核,來源紀錄ID=NAI-1-70617180；真實公開決標紀錄；標準品名、產業與Scope 3為規則式候選，需人工覆核,醫療生技
RP-0754,113年度彰化縣鹿港鎮公所採購都市計畫區計畫道路已開闢未徵收道路土地,113年度彰化縣鹿港鎮公所採購都市計畫區計畫道路已開闢未徵收道路土地,其他財物,其他土地,公開決標採購品名,其他土地,採購名稱／官方財物次分類／產業分類／Scope 3候選,,範疇3 類別1,113年度彰化縣鹿港鎮公所採購都市計畫區計畫道路已開闢未徵收道路土地 / 其他土地 / 其他產業 / 其他財物 / 範疇3 類別1,公開資料候選，需人工覆核,來源紀錄ID=NAI-1-70617183；真實公開決標紀錄；標準品名、產業與Scope 3為規則式候選，需人工覆核,其他產業
RP-0755,(霧峰所)速度型橫軸奧多曼電子式水量計(含安裝、試車)乙批,(霧峰所)速度型橫軸奧多曼電子式水量計(含安裝、試車),儀器／光學設備,做為測量、檢查、航行及其他目的用之儀器和裝置，除光學儀器;工業程序控制設備;上述各項之零件及附件,公開決標採購品名,做為測量、檢查、航行及其他目的用之儀器和裝置，除光學儀器;工業程序控制設備;上述各項之零件及附件,採購名稱／官方財物次分類／產業分類／Scope 3候選,,範疇3 類別1,(霧峰所)速度型橫軸奧多曼電子式水量計(含安裝、試車) / 做為測量、檢查、航行及其他目的用之儀器和裝置 / 除光學儀器 / 工業程序控制設備 / 上述各項之零件及附件 / 儀器光電 / 儀器 / 光學設備 / 範疇3 類別1,公開資料候選，需人工覆核,來源紀錄ID=NAI-1-70617210；真實公開決標紀錄；標準品名、產業與Scope 3為規則式候選，需人工覆核,儀器光電
RP-0756,"液態氧儲槽3,000L(含地基圍籬)租賃等2項","液態氧儲槽3,000L(含地基圍籬)租賃等2項",醫療用品／藥品,醫藥產品,公開決標採購品名,醫藥產品,採購名稱／官方財物次分類／產業分類／Scope 3候選,,範疇3 類別1,液態氧儲槽3 / 000L(含地基圍籬)租賃等2項 / 醫藥產品 / 醫療生技 / 醫療用品 / 藥品 / 範疇3 類別1,公開資料候選，需人工覆核,來源紀錄ID=NAI-1-70617217；真實公開決標紀錄；標準品名、產業與Scope 3為規則式候選，需人工覆核,醫療生技
RP-0757,陽明高中113學年度第1學期教科書財物採購案,陽明高中113學年度第1學期教科書財物,紙品／印刷／包材,"紙漿,紙及紙產品;印刷品及相關的商品",公開決標採購品名,"紙漿,紙及紙產品;印刷品及相關的商品",採購名稱／官方財物次分類／產業分類／Scope 3候選,,範疇3 類別1,陽明高中113學年度第1學期教科書財物 / 紙漿 / 紙及紙產品 / 印刷品及相關的商品 / 包材印刷 / 紙品 / 印刷 / 包材 / 範疇3 類別1,公開資料候選，需人工覆核,來源紀錄ID=NAI-1-70617228；真實公開決標紀錄；標準品名、產業與Scope 3為規則式候選，需人工覆核,包材印刷
RP-0758,2600mm超音波式水量計1套(含安裝試車),2600mm超音波式水量計1套(含安裝試車),儀器／光學設備,做為測量、檢查、航行及其他目的用之儀器和裝置，除光學儀器;工業程序控制設備;上述各項之零件及附件,公開決標採購品名,做為測量、檢查、航行及其他目的用之儀器和裝置，除光學儀器;工業程序控制設備;上述各項之零件及附件,採購名稱／官方財物次分類／產業分類／Scope 3候選,,範疇3 類別1,2600mm超音波式水量計1套(含安裝試車) / 做為測量、檢查、航行及其他目的用之儀器和裝置 / 除光學儀器 / 工業程序控制設備 / 上述各項之零件及附件 / 儀器光電 / 儀器 / 光學設備 / 範疇3 類別1,公開資料候選，需人工覆核,來源紀錄ID=NAI-1-70617234；真實公開決標紀錄；標準品名、產業與Scope 3為規則式候選，需人工覆核,儀器光電
RP-0759,113年工作服採購案,113年工作服,機械／零組件,"製造紡織品,服裝及皮革產品之機具及其零件",公開決標採購品名,"製造紡織品,服裝及皮革產品之機具及其零件",採購名稱／官方財物次分類／產業分類／Scope 3候選,,範疇3 類別1,113年工作服 / 製造紡織品 / 服裝及皮革產品之機具及其零件 / 機械設備 / 機械 / 零組件 / 範疇3 類別1,公開資料候選，需人工覆核,來源紀錄ID=NAI-1-70617250；真實公開決標紀錄；標準品名、產業與Scope 3為規則式候選，需人工覆核,機械設備
RP-0760,「電動乘坐式割草機採購案」,「電動乘坐式割草機採購案」,機械／零組件,農業或林業機具及其零件,公開決標採購品名,農業或林業機具及其零件,採購名稱／官方財物次分類／產業分類／Scope 3候選,,範疇3 類別1,「電動乘坐式割草機採購案」 / 農業或林業機具及其零件 / 機械設備 / 機械 / 零組件 / 範疇3 類別1,公開資料候選，需人工覆核,來源紀錄ID=NAI-1-70617254；真實公開決標紀錄；標準品名、產業與Scope 3為規則式候選，需人工覆核,機械設備
RP-0761,大湳廠污泥進料設備採購,大湳廠污泥進料設備採購,機械／零組件,其他特殊用途之機具及其零件,公開決標採購品名,其他特殊用途之機具及其零件,採購名稱／官方財物次分類／產業分類／Scope 3候選,,範疇3 類別1,大湳廠污泥進料設備採購 / 其他特殊用途之機具及其零件 / 機械設備 / 機械 / 零組件 / 範疇3 類別1,公開資料候選，需人工覆核,來源紀錄ID=NAI-1-70617257；真實公開決標紀錄；標準品名、產業與Scope 3為規則式候選，需人工覆核,機械設備
RP-0762,Trastuzumabderuxtecaninj.100mg藥品採購案,Trastuzumabderuxtecaninj.100mg藥品,醫療用品／藥品,醫藥產品,公開決標採購品名,醫藥產品,採購名稱／官方財物次分類／產業分類／Scope 3候選,,範疇3 類別1,Trastuzumabderuxtecaninj.100mg藥品 / 醫藥產品 / 醫療生技 / 醫療用品 / 藥品 / 範疇3 類別1,公開資料候選，需人工覆核,來源紀錄ID=NAI-1-70617264；真實公開決標紀錄；標準品名、產業與Scope 3為規則式候選，需人工覆核,醫療生技
RP-0763,113學年度中壢高鐵幼兒園餐點食材採購,113學年度中壢高鐵幼兒園餐點食材採購,食品／農產,"肉類,魚,果實,蔬菜,及油脂",公開決標採購品名,"肉類,魚,果實,蔬菜,及油脂",採購名稱／官方財物次分類／產業分類／Scope 3候選,,範疇3 類別1,113學年度中壢高鐵幼兒園餐點食材採購 / 肉類 / 魚 / 果實 / 蔬菜 / 及油脂 / 食品農產 / 食品 / 農產 / 範疇3 類別1,公開資料候選，需人工覆核,來源紀錄ID=NAI-1-70617290；真實公開決標紀錄；標準品名、產業與Scope 3為規則式候選，需人工覆核,食品農產
RP-0764,送水車2輛,送水車2輛,車輛／運輸設備,"機動車,拖車,半拖車;車輛機件",公開決標採購品名,"機動車,拖車,半拖車;車輛機件",採購名稱／官方財物次分類／產業分類／Scope 3候選,,範疇3 類別1,送水車2輛 / 機動車 / 拖車 / 半拖車 / 車輛機件 / 運輸設備 / 車輛 / 範疇3 類別1,公開資料候選，需人工覆核,來源紀錄ID=NAI-1-70617303；真實公開決標紀錄；標準品名、產業與Scope 3為規則式候選，需人工覆核,運輸設備
RP-0765,「113年度社頭鄉立圖書館圖書採購案」,「113年度社頭鄉立圖書館圖書採購案」,紙品／印刷／包材,"紙漿,紙及紙產品;印刷品及相關的商品",公開決標採購品名,"紙漿,紙及紙產品;印刷品及相關的商品",採購名稱／官方財物次分類／產業分類／Scope 3候選,,範疇3 類別1,「113年度社頭鄉立圖書館圖書採購案」 / 紙漿 / 紙及紙產品 / 印刷品及相關的商品 / 包材印刷 / 紙品 / 印刷 / 包材 / 範疇3 類別1,公開資料候選，需人工覆核,來源紀錄ID=NAI-1-70617306；真實公開決標紀錄；標準品名、產業與Scope 3為規則式候選，需人工覆核,包材印刷
RP-0766,113至115年度衛廚材料開口契約財物採購併案招標案,113至115年度衛廚材料開口契約財物採購併案招標案,機械／零組件,其他特殊用途之機具及其零件,公開決標採購品名,其他特殊用途之機具及其零件,採購名稱／官方財物次分類／產業分類／Scope 3候選,,範疇3 類別1,113至115年度衛廚材料開口契約財物採購併案招標案 / 其他特殊用途之機具及其零件 / 機械設備 / 機械 / 零組件 / 範疇3 類別1,公開資料候選，需人工覆核,來源紀錄ID=NAI-1-70617336；真實公開決標紀錄；標準品名、產業與Scope 3為規則式候選，需人工覆核,機械設備
RP-0767,HEGWEIN點火控制系統專用配件(含安裝、測試及教育訓練等),HEGWEIN點火控制系統專用配件(含安裝、測試及教育訓練等),儀器／光學設備,做為測量、檢查、航行及其他目的用之儀器和裝置，除光學儀器;工業程序控制設備;上述各項之零件及附件,公開決標採購品名,做為測量、檢查、航行及其他目的用之儀器和裝置，除光學儀器;工業程序控制設備;上述各項之零件及附件,採購名稱／官方財物次分類／產業分類／Scope 3候選,,範疇3 類別1,HEGWEIN點火控制系統專用配件(含安裝、測試及教育訓練等) / 做為測量、檢查、航行及其他目的用之儀器和裝置 / 除光學儀器 / 工業程序控制設備 / 上述各項之零件及附件 / 儀器光電 / 儀器 / 光學設備 / 範疇3 類別1,公開資料候選，需人工覆核,來源紀錄ID=NAI-1-70617348；真實公開決標紀錄；標準品名、產業與Scope 3為規則式候選，需人工覆核,儀器光電
RP-0768,洛新骨內植體(骨高度錐形)-8~16mm(SLActive)(或同等品)等5項,洛新骨內植體(骨高度錐形)-8~16mm(SLActive)(或同等品)等5項,醫療用品／藥品,醫藥產品,公開決標採購品名,醫藥產品,採購名稱／官方財物次分類／產業分類／Scope 3候選,,範疇3 類別1,洛新骨內植體(骨高度錐形)-8~16mm(SLActive)(或同等品)等5項 / 醫藥產品 / 醫療生技 / 醫療用品 / 藥品 / 範疇3 類別1,公開資料候選，需人工覆核,來源紀錄ID=NAI-1-70617392；真實公開決標紀錄；標準品名、產業與Scope 3為規則式候選，需人工覆核,醫療生技
RP-0769,努特徹500國際單位注射液劑(或同等品),努特徹500國際單位注射液劑(或同等品),醫療用品／藥品,醫藥產品,公開決標採購品名,醫藥產品,採購名稱／官方財物次分類／產業分類／Scope 3候選,,範疇3 類別1,努特徹500國際單位注射液劑(或同等品) / 醫藥產品 / 醫療生技 / 醫療用品 / 藥品 / 範疇3 類別1,公開資料候選，需人工覆核,來源紀錄ID=NAI-1-70617393；真實公開決標紀錄；標準品名、產業與Scope 3為規則式候選，需人工覆核,醫療生技
RP-0770,113年度下半年收容人副食品聯合招標採購案(水產類),113年度下半年收容人副食品聯合招標採購案(水產類),食品／農產,魚類及其他魚類產物,公開決標採購品名,魚類及其他魚類產物,採購名稱／官方財物次分類／產業分類／Scope 3候選,,範疇3 類別1,113年度下半年收容人副食品聯合招標採購案(水產類) / 魚類及其他魚類產物 / 食品農產 / 食品 / 農產 / 範疇3 類別1,公開資料候選，需人工覆核,來源紀錄ID=NAI-1-70617395；真實公開決標紀錄；標準品名、產業與Scope 3為規則式候選，需人工覆核,食品農產
RP-0771,身體組成分析儀,身體組成分析儀,醫療用品／藥品,"醫療,外科及矯形設備",公開決標採購品名,"醫療,外科及矯形設備",採購名稱／官方財物次分類／產業分類／Scope 3候選,,範疇3 類別1,身體組成分析儀 / 醫療 / 外科及矯形設備 / 醫療生技 / 醫療用品 / 藥品 / 範疇3 類別1,公開資料候選，需人工覆核,來源紀錄ID=NAI-1-70617405；真實公開決標紀錄；標準品名、產業與Scope 3為規則式候選，需人工覆核,醫療生技
RP-0772,種蝦生殖腺成熟度孕期判斷模組暨智慧管理平台壹式,種蝦生殖腺成熟度孕期判斷模組暨智慧管理平台壹式,資訊設備／軟體,計算機及其零件與配件,公開決標採購品名,計算機及其零件與配件,採購名稱／官方財物次分類／產業分類／Scope 3候選,,範疇3 類別1,種蝦生殖腺成熟度孕期判斷模組暨智慧管理平台壹式 / 計算機及其零件與配件 / 資訊電子 / 資訊設備 / 軟體 / 範疇3 類別1,公開資料候選，需人工覆核,來源紀錄ID=NAI-1-70617426；真實公開決標紀錄；標準品名、產業與Scope 3為規則式候選，需人工覆核,資訊電子
RP-0773,114年潭頂場300HP抽水機汰換,114年潭頂場300HP抽水機汰換,機械／零組件,"幫浦,壓縮機,液壓與氣動引擎,閥門及其零件",公開決標採購品名,"幫浦,壓縮機,液壓與氣動引擎,閥門及其零件",採購名稱／官方財物次分類／產業分類／Scope 3候選,,範疇3 類別1,114年潭頂場300HP抽水機汰換 / 幫浦 / 壓縮機 / 液壓與氣動引擎 / 閥門及其零件 / 機械設備 / 機械 / 零組件 / 範疇3 類別1,公開資料候選，需人工覆核,來源紀錄ID=NAI-1-70617435；真實公開決標紀錄；標準品名、產業與Scope 3為規則式候選，需人工覆核,機械設備
RP-0774,113年度近海水文觀測儀器設備採購,113年度近海水文觀測儀器設備採購,儀器／光學設備,做為測量、檢查、航行及其他目的用之儀器和裝置，除光學儀器;工業程序控制設備;上述各項之零件及附件,公開決標採購品名,做為測量、檢查、航行及其他目的用之儀器和裝置，除光學儀器;工業程序控制設備;上述各項之零件及附件,採購名稱／官方財物次分類／產業分類／Scope 3候選,,範疇3 類別1,113年度近海水文觀測儀器設備採購 / 做為測量、檢查、航行及其他目的用之儀器和裝置 / 除光學儀器 / 工業程序控制設備 / 上述各項之零件及附件 / 儀器光電 / 儀器 / 光學設備 / 範疇3 類別1,公開資料候選，需人工覆核,來源紀錄ID=NAI-1-70617459；真實公開決標紀錄；標準品名、產業與Scope 3為規則式候選，需人工覆核,儀器光電
RP-0775,3D雷射數位顯微鏡採購案,3D雷射數位顯微鏡,儀器／光學設備,做為測量、檢查、航行及其他目的用之儀器和裝置，除光學儀器;工業程序控制設備;上述各項之零件及附件,公開決標採購品名,做為測量、檢查、航行及其他目的用之儀器和裝置，除光學儀器;工業程序控制設備;上述各項之零件及附件,採購名稱／官方財物次分類／產業分類／Scope 3候選,,範疇3 類別1,3D雷射數位顯微鏡 / 做為測量、檢查、航行及其他目的用之儀器和裝置 / 除光學儀器 / 工業程序控制設備 / 上述各項之零件及附件 / 儀器光電 / 儀器 / 光學設備 / 範疇3 類別1,公開資料候選，需人工覆核,來源紀錄ID=NAI-1-70617460；真實公開決標紀錄；標準品名、產業與Scope 3為規則式候選，需人工覆核,儀器光電
RP-0776,非游離輻射監測設備採購案,非游離輻射監測設備,儀器／光學設備,做為測量、檢查、航行及其他目的用之儀器和裝置，除光學儀器;工業程序控制設備;上述各項之零件及附件,公開決標採購品名,做為測量、檢查、航行及其他目的用之儀器和裝置，除光學儀器;工業程序控制設備;上述各項之零件及附件,採購名稱／官方財物次分類／產業分類／Scope 3候選,,範疇3 類別1,非游離輻射監測設備 / 做為測量、檢查、航行及其他目的用之儀器和裝置 / 除光學儀器 / 工業程序控制設備 / 上述各項之零件及附件 / 儀器光電 / 儀器 / 光學設備 / 範疇3 類別1,公開資料候選，需人工覆核,來源紀錄ID=NAI-1-70617468；真實公開決標紀錄；標準品名、產業與Scope 3為規則式候選，需人工覆核,儀器光電
RP-0777,資料庫儲存設備及運算擴充,資料庫儲存設備及運算擴充,資訊設備／軟體,計算機及其零件與配件,公開決標採購品名,計算機及其零件與配件,採購名稱／官方財物次分類／產業分類／Scope 3候選,,範疇3 類別1,資料庫儲存設備及運算擴充 / 計算機及其零件與配件 / 資訊電子 / 資訊設備 / 軟體 / 範疇3 類別1,公開資料候選，需人工覆核,來源紀錄ID=NAI-1-70617471；真實公開決標紀錄；標準品名、產業與Scope 3為規則式候選，需人工覆核,資訊電子
RP-0778,不活化A型肝炎疫苗招標案,不活化A型肝炎疫苗招標案,醫療用品／藥品,醫藥產品,公開決標採購品名,醫藥產品,採購名稱／官方財物次分類／產業分類／Scope 3候選,,範疇3 類別1,不活化A型肝炎疫苗招標案 / 醫藥產品 / 醫療生技 / 醫療用品 / 藥品 / 範疇3 類別1,公開資料候選，需人工覆核,來源紀錄ID=NAI-1-70617478；真實公開決標紀錄；標準品名、產業與Scope 3為規則式候選，需人工覆核,醫療生技
RP-0779,113年充實公立國民中小學圖書館(室)藏書量採購,113年充實公立國民中小學圖書館(室)藏書量採購,紙品／印刷／包材,"紙漿,紙及紙產品;印刷品及相關的商品",公開決標採購品名,"紙漿,紙及紙產品;印刷品及相關的商品",採購名稱／官方財物次分類／產業分類／Scope 3候選,,範疇3 類別1,113年充實公立國民中小學圖書館(室)藏書量採購 / 紙漿 / 紙及紙產品 / 印刷品及相關的商品 / 包材印刷 / 紙品 / 印刷 / 包材 / 範疇3 類別1,公開資料候選，需人工覆核,來源紀錄ID=NAI-1-70617480；真實公開決標紀錄；標準品名、產業與Scope 3為規則式候選，需人工覆核,包材印刷
RP-0780,「UFED等數位鑑識軟體授權更新」採購案,「UFED等數位鑑識軟體授權更新」,資訊設備／軟體,計算機及其零件與配件,公開決標採購品名,計算機及其零件與配件,採購名稱／官方財物次分類／產業分類／Scope 3候選,,範疇3 類別1,「UFED等數位鑑識軟體授權更新」 / 計算機及其零件與配件 / 資訊電子 / 資訊設備 / 軟體 / 範疇3 類別1,公開資料候選，需人工覆核,來源紀錄ID=NAI-1-70617489；真實公開決標紀錄；標準品名、產業與Scope 3為規則式候選，需人工覆核,資訊電子
RP-0781,病患資料傳輸功能閘道器,病患資料傳輸功能閘道器,醫療用品／藥品,"醫療,外科及矯形設備",公開決標採購品名,"醫療,外科及矯形設備",採購名稱／官方財物次分類／產業分類／Scope 3候選,,範疇3 類別1,病患資料傳輸功能閘道器 / 醫療 / 外科及矯形設備 / 醫療生技 / 醫療用品 / 藥品 / 範疇3 類別1,公開資料候選，需人工覆核,來源紀錄ID=NAI-1-70617493；真實公開決標紀錄；標準品名、產業與Scope 3為規則式候選，需人工覆核,醫療生技
RP-0782,合金鍛鋼(自緊前加工)乙項,合金鍛鋼(自緊前加工)乙項,金屬／五金,"武器,彈藥及其零件",公開決標採購品名,"武器,彈藥及其零件",採購名稱／官方財物次分類／產業分類／Scope 3候選,,範疇3 類別1,合金鍛鋼(自緊前加工)乙項 / 武器 / 彈藥及其零件 / 金屬加工 / 金屬 / 五金 / 範疇3 類別1,公開資料候選，需人工覆核,來源紀錄ID=NAI-1-70617502；真實公開決標紀錄；標準品名、產業與Scope 3為規則式候選，需人工覆核,金屬加工
RP-0783,2024年核心網路升級案,2024年核心網路升級案,資訊設備／軟體,計算機及其零件與配件,公開決標採購品名,計算機及其零件與配件,採購名稱／官方財物次分類／產業分類／Scope 3候選,,範疇3 類別1,2024年核心網路升級案 / 計算機及其零件與配件 / 資訊電子 / 資訊設備 / 軟體 / 範疇3 類別1,公開資料候選，需人工覆核,來源紀錄ID=NAI-1-70617537；真實公開決標紀錄；標準品名、產業與Scope 3為規則式候選，需人工覆核,資訊電子
RP-0784,「113年筆記型電腦LTE-4G模組」採購案,「113年筆記型電腦LTE-4G模組」,資訊設備／軟體,計算機及其零件與配件,公開決標採購品名,計算機及其零件與配件,採購名稱／官方財物次分類／產業分類／Scope 3候選,,範疇3 類別1,「113年筆記型電腦LTE-4G模組」 / 計算機及其零件與配件 / 資訊電子 / 資訊設備 / 軟體 / 範疇3 類別1,公開資料候選，需人工覆核,來源紀錄ID=NAI-1-70617550；真實公開決標紀錄；標準品名、產業與Scope 3為規則式候選，需人工覆核,資訊電子
RP-0785,離岸風電系統整合設備,離岸風電系統整合設備,儀器／光學設備,做為測量、檢查、航行及其他目的用之儀器和裝置，除光學儀器;工業程序控制設備;上述各項之零件及附件,公開決標採購品名,做為測量、檢查、航行及其他目的用之儀器和裝置，除光學儀器;工業程序控制設備;上述各項之零件及附件,採購名稱／官方財物次分類／產業分類／Scope 3候選,,範疇3 類別1,離岸風電系統整合設備 / 做為測量、檢查、航行及其他目的用之儀器和裝置 / 除光學儀器 / 工業程序控制設備 / 上述各項之零件及附件 / 儀器光電 / 儀器 / 光學設備 / 範疇3 類別1,公開資料候選，需人工覆核,來源紀錄ID=NAI-1-70617569；真實公開決標紀錄；標準品名、產業與Scope 3為規則式候選，需人工覆核,儀器光電
RP-0786,烷化工場_E-2001SA-334-6無縫低溫鋼換熱管一批,烷化工場_E-2001SA-334-6無縫低溫鋼換熱管,金屬／五金,"滾壓,拉拔,摺疊製鋼鐵製品",公開決標採購品名,"滾壓,拉拔,摺疊製鋼鐵製品",採購名稱／官方財物次分類／產業分類／Scope 3候選,,範疇3 類別1,烷化工場_E-2001SA-334-6無縫低溫鋼換熱管 / 滾壓 / 拉拔 / 摺疊製鋼鐵製品 / 金屬加工 / 金屬 / 五金 / 範疇3 類別1,公開資料候選，需人工覆核,來源紀錄ID=NAI-1-70617571；真實公開決標紀錄；標準品名、產業與Scope 3為規則式候選，需人工覆核,金屬加工
RP-0787,第四救災救護大隊大肚分隊廳舍傢俱設備採購案,第四救災救護大隊大肚分隊廳舍傢俱設備,其他財物,傢具,公開決標採購品名,傢具,採購名稱／官方財物次分類／產業分類／Scope 3候選,,範疇3 類別1,第四救災救護大隊大肚分隊廳舍傢俱設備 / 傢具 / 其他產業 / 其他財物 / 範疇3 類別1,公開資料候選，需人工覆核,來源紀錄ID=NAI-1-70617575；真實公開決標紀錄；標準品名、產業與Scope 3為規則式候選，需人工覆核,其他產業
RP-0788,重油裂解工場之電動驅動器(採購帶安裝)一批,重油裂解工場之電動驅動器(採購帶安裝),電力設備／電材,其他電力設備及零件,公開決標採購品名,其他電力設備及零件,採購名稱／官方財物次分類／產業分類／Scope 3候選,,範疇3 類別1,重油裂解工場之電動驅動器(採購帶安裝) / 其他電力設備及零件 / 電機電控 / 電力設備 / 電材 / 範疇3 類別1,公開資料候選，需人工覆核,來源紀錄ID=NAI-1-70617593；真實公開決標紀錄；標準品名、產業與Scope 3為規則式候選，需人工覆核,電機電控
RP-0789,「縣立三和游泳池旁公園綠地遊戲場修繕」採購案,「縣立三和游泳池旁公園綠地遊戲場修繕」,其他財物,遊樂場迴轉臺、鞦韆臺、射擊場及其他遊樂場之娛樂設備,公開決標採購品名,遊樂場迴轉臺、鞦韆臺、射擊場及其他遊樂場之娛樂設備,採購名稱／官方財物次分類／產業分類／Scope 3候選,,範疇3 類別1,「縣立三和游泳池旁公園綠地遊戲場修繕」 / 遊樂場迴轉臺、鞦韆臺、射擊場及其他遊樂場之娛樂設備 / 其他產業 / 其他財物 / 範疇3 類別1,公開資料候選，需人工覆核,來源紀錄ID=NAI-1-70617613；真實公開決標紀錄；標準品名、產業與Scope 3為規則式候選，需人工覆核,其他產業
RP-0790,113年度冷氣相關設備裝設（含校園能源管理系統EMS建置及局部電力改善工程）,113年度冷氣相關設備裝設（含校園能源管理系統EMS建置及局部電力改善工程）,電力設備／電材,家用電器及其零件,公開決標採購品名,家用電器及其零件,採購名稱／官方財物次分類／產業分類／Scope 3候選,,範疇3 類別1,113年度冷氣相關設備裝設（含校園能源管理系統EMS建置及局部電力改善工程） / 家用電器及其零件 / 電機電控 / 電力設備 / 電材 / 範疇3 類別1,公開資料候選，需人工覆核,來源紀錄ID=NAI-1-70617616；真實公開決標紀錄；標準品名、產業與Scope 3為規則式候選，需人工覆核,電機電控
RP-0791,真空鍍膜儀器擴充系統,真空鍍膜儀器擴充系統,儀器／光學設備,做為測量、檢查、航行及其他目的用之儀器和裝置，除光學儀器;工業程序控制設備;上述各項之零件及附件,公開決標採購品名,做為測量、檢查、航行及其他目的用之儀器和裝置，除光學儀器;工業程序控制設備;上述各項之零件及附件,採購名稱／官方財物次分類／產業分類／Scope 3候選,,範疇3 類別1,真空鍍膜儀器擴充系統 / 做為測量、檢查、航行及其他目的用之儀器和裝置 / 除光學儀器 / 工業程序控制設備 / 上述各項之零件及附件 / 儀器光電 / 儀器 / 光學設備 / 範疇3 類別1,公開資料候選，需人工覆核,來源紀錄ID=NAI-1-70617621；真實公開決標紀錄；標準品名、產業與Scope 3為規則式候選，需人工覆核,儀器光電
RP-0792,手術導航租賃案,手術導航租賃案,醫療用品／藥品,"醫療,外科及矯形設備",公開決標採購品名,"醫療,外科及矯形設備",採購名稱／官方財物次分類／產業分類／Scope 3候選,,範疇3 類別1,手術導航租賃案 / 醫療 / 外科及矯形設備 / 醫療生技 / 醫療用品 / 藥品 / 範疇3 類別1,公開資料候選，需人工覆核,來源紀錄ID=NAI-1-70617624；真實公開決標紀錄；標準品名、產業與Scope 3為規則式候選，需人工覆核,醫療生技
RP-0793,113年度金寧廠購置液鹼等三項,113年度金寧廠購置液鹼等三項,化學品／塑橡膠,基本化學產品,公開決標採購品名,基本化學產品,採購名稱／官方財物次分類／產業分類／Scope 3候選,,範疇3 類別1,113年度金寧廠購置液鹼等三項 / 基本化學產品 / 化工塑橡膠 / 化學品 / 塑橡膠 / 範疇3 類別1,公開資料候選，需人工覆核,來源紀錄ID=NAI-1-70617636；真實公開決標紀錄；標準品名、產業與Scope 3為規則式候選，需人工覆核,化工塑橡膠
RP-0794,冷場高解析掃描式電子顯微鏡壹組,冷場高解析掃描式電子顯微鏡壹組,儀器／光學設備,做為測量、檢查、航行及其他目的用之儀器和裝置，除光學儀器;工業程序控制設備;上述各項之零件及附件,公開決標採購品名,做為測量、檢查、航行及其他目的用之儀器和裝置，除光學儀器;工業程序控制設備;上述各項之零件及附件,採購名稱／官方財物次分類／產業分類／Scope 3候選,,範疇3 類別1,冷場高解析掃描式電子顯微鏡壹組 / 做為測量、檢查、航行及其他目的用之儀器和裝置 / 除光學儀器 / 工業程序控制設備 / 上述各項之零件及附件 / 儀器光電 / 儀器 / 光學設備 / 範疇3 類別1,公開資料候選，需人工覆核,來源紀錄ID=NAI-1-70617643；真實公開決標紀錄；標準品名、產業與Scope 3為規則式候選，需人工覆核,儀器光電
RP-0795,四極柱感應耦合電漿質譜儀壹套,四極柱感應耦合電漿質譜儀壹套,儀器／光學設備,做為測量、檢查、航行及其他目的用之儀器和裝置，除光學儀器;工業程序控制設備;上述各項之零件及附件,公開決標採購品名,做為測量、檢查、航行及其他目的用之儀器和裝置，除光學儀器;工業程序控制設備;上述各項之零件及附件,採購名稱／官方財物次分類／產業分類／Scope 3候選,,範疇3 類別1,四極柱感應耦合電漿質譜儀壹套 / 做為測量、檢查、航行及其他目的用之儀器和裝置 / 除光學儀器 / 工業程序控制設備 / 上述各項之零件及附件 / 儀器光電 / 儀器 / 光學設備 / 範疇3 類別1,公開資料候選，需人工覆核,來源紀錄ID=NAI-1-70617644；真實公開決標紀錄；標準品名、產業與Scope 3為規則式候選，需人工覆核,儀器光電
RP-0796,全脊椎內視鏡融合器械組,全脊椎內視鏡融合器械組,醫療用品／藥品,"醫療,外科及矯形設備",公開決標採購品名,"醫療,外科及矯形設備",採購名稱／官方財物次分類／產業分類／Scope 3候選,,範疇3 類別1,全脊椎內視鏡融合器械組 / 醫療 / 外科及矯形設備 / 醫療生技 / 醫療用品 / 藥品 / 範疇3 類別1,公開資料候選，需人工覆核,來源紀錄ID=NAI-1-70617653；真實公開決標紀錄；標準品名、產業與Scope 3為規則式候選，需人工覆核,醫療生技
RP-0797,智慧校務研究暨校庫硬體設備擴充建置及防火牆設備壹式,智慧校務研究暨校庫硬體設備擴充建置及防火牆設備壹式,資訊設備／軟體,計算機及其零件與配件,公開決標採購品名,計算機及其零件與配件,採購名稱／官方財物次分類／產業分類／Scope 3候選,,範疇3 類別1,智慧校務研究暨校庫硬體設備擴充建置及防火牆設備壹式 / 計算機及其零件與配件 / 資訊電子 / 資訊設備 / 軟體 / 範疇3 類別1,公開資料候選，需人工覆核,來源紀錄ID=NAI-1-70617656；真實公開決標紀錄；標準品名、產業與Scope 3為規則式候選，需人工覆核,資訊電子
RP-0798,過載熱絲等33項(計二組),過載熱絲等33項(計二組),電力設備／電材,其他電力設備及零件,公開決標採購品名,其他電力設備及零件,採購名稱／官方財物次分類／產業分類／Scope 3候選,,範疇3 類別1,過載熱絲等33項(計二組) / 其他電力設備及零件 / 電機電控 / 電力設備 / 電材 / 範疇3 類別1,公開資料候選，需人工覆核,來源紀錄ID=NAI-1-70617658；真實公開決標紀錄；標準品名、產業與Scope 3為規則式候選，需人工覆核,電機電控
RP-0799,油駁船用繫纜繩長約一批,油駁船用繫纜繩長約,車輛／運輸設備,"紗及線,編織及簇織飾物",公開決標採購品名,"紗及線,編織及簇織飾物",採購名稱／官方財物次分類／產業分類／Scope 3候選,,範疇3 類別1,油駁船用繫纜繩長約 / 紗及線 / 編織及簇織飾物 / 運輸設備 / 車輛 / 範疇3 類別1,公開資料候選，需人工覆核,來源紀錄ID=NAI-1-70617670；真實公開決標紀錄；標準品名、產業與Scope 3為規則式候選，需人工覆核,運輸設備
RP-0800,大潭電廠連絡變壓器油中氣體檢出裝置一批採購帶安裝,大潭電廠連絡變壓器油中氣體檢出裝置一批採購帶安裝,電力設備／電材,電力傳輸、控制設備及其零件,公開決標採購品名,電力傳輸、控制設備及其零件,採購名稱／官方財物次分類／產業分類／Scope 3候選,,範疇3 類別1,大潭電廠連絡變壓器油中氣體檢出裝置一批採購帶安裝 / 電力傳輸、控制設備及其零件 / 電機電控 / 電力設備 / 電材 / 範疇3 類別1,公開資料候選，需人工覆核,來源紀錄ID=NAI-1-70617672；真實公開決標紀錄；標準品名、產業與Scope 3為規則式候選，需人工覆核,電機電控
RP-0801,113年臺北市高中職及國中小網路惡意行為偵測及防毒系統服務案,113年臺北市高中職及國中小網路惡意行為偵測及防毒系統服務案,資訊設備／軟體,計算機及其零件與配件,公開決標採購品名,計算機及其零件與配件,採購名稱／官方財物次分類／產業分類／Scope 3候選,,範疇3 類別1,113年臺北市高中職及國中小網路惡意行為偵測及防毒系統服務案 / 計算機及其零件與配件 / 資訊電子 / 資訊設備 / 軟體 / 範疇3 類別1,公開資料候選，需人工覆核,來源紀錄ID=NAI-1-70617679；真實公開決標紀錄；標準品名、產業與Scope 3為規則式候選，需人工覆核,資訊電子
RP-0802,113-118年微量吸管尖附自動微量分注系統等4項單價合約招標案,113-118年微量吸管尖附自動微量分注系統等4項單價合約招標案,醫療用品／藥品,"醫療,外科及矯形設備",公開決標採購品名,"醫療,外科及矯形設備",採購名稱／官方財物次分類／產業分類／Scope 3候選,,範疇3 類別1,113-118年微量吸管尖附自動微量分注系統等4項單價合約招標案 / 醫療 / 外科及矯形設備 / 醫療生技 / 醫療用品 / 藥品 / 範疇3 類別1,公開資料候選，需人工覆核,來源紀錄ID=NAI-1-70617689；真實公開決標紀錄；標準品名、產業與Scope 3為規則式候選，需人工覆核,醫療生技
RP-0803,校正用標準氣體一批,校正用標準氣體,化學品／塑橡膠,石油及天然氣,公開決標採購品名,石油及天然氣,採購名稱／官方財物次分類／產業分類／Scope 3候選,,範疇3 類別1,校正用標準氣體 / 石油及天然氣 / 化工塑橡膠 / 化學品 / 塑橡膠 / 範疇3 類別1,公開資料候選，需人工覆核,來源紀錄ID=NAI-1-70617701；真實公開決標紀錄；標準品名、產業與Scope 3為規則式候選，需人工覆核,化工塑橡膠
RP-0804,大林廠烷化工場D-4006塔槽配件(MAKER:MECSBrink),大林廠烷化工場D-4006塔槽配件(MAKER:MECSBrink),機械／零組件,其他特殊用途之機具及其零件,公開決標採購品名,其他特殊用途之機具及其零件,採購名稱／官方財物次分類／產業分類／Scope 3候選,,範疇3 類別1,大林廠烷化工場D-4006塔槽配件(MAKER:MECSBrink) / 其他特殊用途之機具及其零件 / 機械設備 / 機械 / 零組件 / 範疇3 類別1,公開資料候選，需人工覆核,來源紀錄ID=NAI-1-70617707；真實公開決標紀錄；標準品名、產業與Scope 3為規則式候選，需人工覆核,機械設備
RP-0805,改善學生輔導工作場地及設備,改善學生輔導工作場地及設備,其他財物,傢具,公開決標採購品名,傢具,採購名稱／官方財物次分類／產業分類／Scope 3候選,,範疇3 類別1,改善學生輔導工作場地及設備 / 傢具 / 其他產業 / 其他財物 / 範疇3 類別1,公開資料候選，需人工覆核,來源紀錄ID=NAI-1-70617727；真實公開決標紀錄；標準品名、產業與Scope 3為規則式候選，需人工覆核,其他產業
RP-0806,學生活動平台,學生活動平台,其他財物,塑料半製品,公開決標採購品名,塑料半製品,採購名稱／官方財物次分類／產業分類／Scope 3候選,,範疇3 類別1,學生活動平台 / 塑料半製品 / 其他產業 / 其他財物 / 範疇3 類別1,公開資料候選，需人工覆核,來源紀錄ID=NAI-1-70617737；真實公開決標紀錄；標準品名、產業與Scope 3為規則式候選，需人工覆核,其他產業
RP-0807,虛擬平台軟體續約支援與設備零組件擴充,虛擬平台軟體續約支援與設備零組件擴充,資訊設備／軟體,計算機及其零件與配件,公開決標採購品名,計算機及其零件與配件,採購名稱／官方財物次分類／產業分類／Scope 3候選,,範疇3 類別1,虛擬平台軟體續約支援與設備零組件擴充 / 計算機及其零件與配件 / 資訊電子 / 資訊設備 / 軟體 / 範疇3 類別1,公開資料候選，需人工覆核,來源紀錄ID=NAI-1-70617739；真實公開決標紀錄；標準品名、產業與Scope 3為規則式候選，需人工覆核,資訊電子
RP-0808,O型環33項採購,O型環33項採購,機械／零組件,其他特殊用途之機具及其零件,公開決標採購品名,其他特殊用途之機具及其零件,採購名稱／官方財物次分類／產業分類／Scope 3候選,,範疇3 類別1,O型環33項採購 / 其他特殊用途之機具及其零件 / 機械設備 / 機械 / 零組件 / 範疇3 類別1,公開資料候選，需人工覆核,來源紀錄ID=NAI-1-70617744；真實公開決標紀錄；標準品名、產業與Scope 3為規則式候選，需人工覆核,機械設備
RP-0809,治療瀰漫性大型B細胞淋巴瘤藥品招標案,治療瀰漫性大型B細胞淋巴瘤藥品招標案,醫療用品／藥品,醫藥產品,公開決標採購品名,醫藥產品,採購名稱／官方財物次分類／產業分類／Scope 3候選,,範疇3 類別1,治療瀰漫性大型B細胞淋巴瘤藥品招標案 / 醫藥產品 / 醫療生技 / 醫療用品 / 藥品 / 範疇3 類別1,公開資料候選，需人工覆核,來源紀錄ID=NAI-1-70617760；真實公開決標紀錄；標準品名、產業與Scope 3為規則式候選，需人工覆核,醫療生技
RP-0810,屏東縣來義鄉立幼兒園113學年度辦理午餐點心食材供應廠商評選,屏東縣來義鄉立幼兒園113學年度辦理午餐點心食材供應廠商評選,食品／農產,"肉類,魚,果實,蔬菜,及油脂",公開決標採購品名,"肉類,魚,果實,蔬菜,及油脂",採購名稱／官方財物次分類／產業分類／Scope 3候選,,範疇3 類別1,屏東縣來義鄉立幼兒園113學年度辦理午餐點心食材供應廠商評選 / 肉類 / 魚 / 果實 / 蔬菜 / 及油脂 / 食品農產 / 食品 / 農產 / 範疇3 類別1,公開資料候選，需人工覆核,來源紀錄ID=NAI-1-70617767；真實公開決標紀錄；標準品名、產業與Scope 3為規則式候選，需人工覆核,食品農產
RP-0811,坐臥兩用陪伴床椅一批,坐臥兩用陪伴床椅,醫療用品／藥品,"醫療,外科及矯形設備",公開決標採購品名,"醫療,外科及矯形設備",採購名稱／官方財物次分類／產業分類／Scope 3候選,,範疇3 類別1,坐臥兩用陪伴床椅 / 醫療 / 外科及矯形設備 / 醫療生技 / 醫療用品 / 藥品 / 範疇3 類別1,公開資料候選，需人工覆核,來源紀錄ID=NAI-1-70617768；真實公開決標紀錄；標準品名、產業與Scope 3為規則式候選，需人工覆核,醫療生技
RP-0812,促甲狀腺素受體抗體檢驗等2項檢驗科衛材採購案,促甲狀腺素受體抗體檢驗等2項檢驗科衛材,醫療用品／藥品,"醫療,外科及矯形設備",公開決標採購品名,"醫療,外科及矯形設備",採購名稱／官方財物次分類／產業分類／Scope 3候選,,範疇3 類別1,促甲狀腺素受體抗體檢驗等2項檢驗科衛材 / 醫療 / 外科及矯形設備 / 醫療生技 / 醫療用品 / 藥品 / 範疇3 類別1,公開資料候選，需人工覆核,來源紀錄ID=NAI-1-70617775；真實公開決標紀錄；標準品名、產業與Scope 3為規則式候選，需人工覆核,醫療生技
RP-0813,整形外科用耗材計5項(含設備)(開口契約),整形外科用耗材計5項(含設備)(開口契約),醫療用品／藥品,醫藥產品,公開決標採購品名,醫藥產品,採購名稱／官方財物次分類／產業分類／Scope 3候選,,範疇3 類別1,整形外科用耗材計5項(含設備)(開口契約) / 醫藥產品 / 醫療生技 / 醫療用品 / 藥品 / 範疇3 類別1,公開資料候選，需人工覆核,來源紀錄ID=NAI-1-70617786；真實公開決標紀錄；標準品名、產業與Scope 3為規則式候選，需人工覆核,醫療生技
RP-0814,治療BRAF突變之癌症藥品招標案,治療BRAF突變之癌症藥品招標案,醫療用品／藥品,醫藥產品,公開決標採購品名,醫藥產品,採購名稱／官方財物次分類／產業分類／Scope 3候選,,範疇3 類別1,治療BRAF突變之癌症藥品招標案 / 醫藥產品 / 醫療生技 / 醫療用品 / 藥品 / 範疇3 類別1,公開資料候選，需人工覆核,來源紀錄ID=NAI-1-70617794；真實公開決標紀錄；標準品名、產業與Scope 3為規則式候選，需人工覆核,醫療生技
RP-0815,值班處所及生活空間非制式陣營具,值班處所及生活空間非制式陣營具,其他財物,傢具,公開決標採購品名,傢具,採購名稱／官方財物次分類／產業分類／Scope 3候選,,範疇3 類別1,值班處所及生活空間非制式陣營具 / 傢具 / 其他產業 / 其他財物 / 範疇3 類別1,公開資料候選，需人工覆核,來源紀錄ID=NAI-1-70617806；真實公開決標紀錄；標準品名、產業與Scope 3為規則式候選，需人工覆核,其他產業
RP-0816,掌上型電腦抄表設備,掌上型電腦抄表設備,資訊設備／軟體,計算機及其零件與配件,公開決標採購品名,計算機及其零件與配件,採購名稱／官方財物次分類／產業分類／Scope 3候選,,範疇3 類別1,掌上型電腦抄表設備 / 計算機及其零件與配件 / 資訊電子 / 資訊設備 / 軟體 / 範疇3 類別1,公開資料候選，需人工覆核,來源紀錄ID=NAI-1-70617814；真實公開決標紀錄；標準品名、產業與Scope 3為規則式候選，需人工覆核,資訊電子
RP-0817,速普新單針關節內注射劑單價合約,速普新單針關節內注射劑單價合約,醫療用品／藥品,醫藥產品,公開決標採購品名,醫藥產品,採購名稱／官方財物次分類／產業分類／Scope 3候選,,範疇3 類別1,速普新單針關節內注射劑單價合約 / 醫藥產品 / 醫療生技 / 醫療用品 / 藥品 / 範疇3 類別1,公開資料候選，需人工覆核,來源紀錄ID=NAI-1-70617857；真實公開決標紀錄；標準品名、產業與Scope 3為規則式候選，需人工覆核,醫療生技
RP-0818,宜蘭縣宜蘭市育才國民小學廚房鍋爐設備更新,宜蘭縣宜蘭市育才國民小學廚房鍋爐設備更新,機械／零組件,"食品,飲料及菸草處理之機具及其零件",公開決標採購品名,"食品,飲料及菸草處理之機具及其零件",採購名稱／官方財物次分類／產業分類／Scope 3候選,,範疇3 類別1,宜蘭縣宜蘭市育才國民小學廚房鍋爐設備更新 / 食品 / 飲料及菸草處理之機具及其零件 / 機械設備 / 機械 / 零組件 / 範疇3 類別1,公開資料候選，需人工覆核,來源紀錄ID=NAI-1-70617866；真實公開決標紀錄；標準品名、產業與Scope 3為規則式候選，需人工覆核,機械設備
RP-0819,臺北市中山區中山國民小學113學年度學校午餐外訂桶餐,臺北市中山區中山國民小學113學年度學校午餐外訂桶餐,食品／農產,"穀粉,澱粉及澱粉製品;其他食品",公開決標採購品名,"穀粉,澱粉及澱粉製品;其他食品",採購名稱／官方財物次分類／產業分類／Scope 3候選,,範疇3 類別1,臺北市中山區中山國民小學113學年度學校午餐外訂桶餐 / 穀粉 / 澱粉及澱粉製品 / 其他食品 / 食品農產 / 食品 / 農產 / 範疇3 類別1,公開資料候選，需人工覆核,來源紀錄ID=NAI-1-70617868；真實公開決標紀錄；標準品名、產業與Scope 3為規則式候選，需人工覆核,食品農產
RP-0821,生理量測系統1批,生理量測系統1批,醫療用品／藥品,"醫療,外科及矯形設備",公開決標採購品名,"醫療,外科及矯形設備",採購名稱／官方財物次分類／產業分類／Scope 3候選,,範疇3 類別1,生理量測系統1批 / 醫療 / 外科及矯形設備 / 醫療生技 / 醫療用品 / 藥品 / 範疇3 類別1,公開資料候選，需人工覆核,來源紀錄ID=NAI-1-70617900；真實公開決標紀錄；標準品名、產業與Scope 3為規則式候選，需人工覆核,醫療生技
RP-0822,膠原蛋白敷料,膠原蛋白敷料,醫療用品／藥品,醫藥產品,公開決標採購品名,醫藥產品,採購名稱／官方財物次分類／產業分類／Scope 3候選,,範疇3 類別1,膠原蛋白敷料 / 醫藥產品 / 醫療生技 / 醫療用品 / 藥品 / 範疇3 類別1,公開資料候選，需人工覆核,來源紀錄ID=NAI-1-70617922；真實公開決標紀錄；標準品名、產業與Scope 3為規則式候選，需人工覆核,醫療生技
RP-0823,護理科衛耗材一批,護理科衛耗材,醫療用品／藥品,醫藥產品,公開決標採購品名,醫藥產品,採購名稱／官方財物次分類／產業分類／Scope 3候選,,範疇3 類別1,護理科衛耗材 / 醫藥產品 / 醫療生技 / 醫療用品 / 藥品 / 範疇3 類別1,公開資料候選，需人工覆核,來源紀錄ID=NAI-1-70617926；真實公開決標紀錄；標準品名、產業與Scope 3為規則式候選，需人工覆核,醫療生技
RP-0824,大腸直腸外科用耗材計1項(開口契約),大腸直腸外科用耗材計1項(開口契約),醫療用品／藥品,醫藥產品,公開決標採購品名,醫藥產品,採購名稱／官方財物次分類／產業分類／Scope 3候選,,範疇3 類別1,大腸直腸外科用耗材計1項(開口契約) / 醫藥產品 / 醫療生技 / 醫療用品 / 藥品 / 範疇3 類別1,公開資料候選，需人工覆核,來源紀錄ID=NAI-1-70617935；真實公開決標紀錄；標準品名、產業與Scope 3為規則式候選，需人工覆核,醫療生技
