source,country,country_name,product_id,product_name,product_code,search_text,emission_factor_per_meur,co2_per_meur,ch4_per_meur,n2o_per_meur,output_meur,unit,base_year,gwp_version,data_quality,tier
EXIOBASE,TW,台灣,1,Paddy rice,C_PARI,稻米 Paddy rice 水稻 稻穀 rice paddy 農業 台灣,1244970.550735908,1238954.4274408612,23.45074497969887,20.22453749288764,755.952227831,kg CO2e/M.EUR,2022,AR5,Medium,3
EXIOBASE,TW,台灣,2,Wheat,C_WHEA,小麥 Wheat 麵粉 wheat flour 農業 台灣,487438.4436985925,485502.0569351951,11.951633594245427,6.044305746258541,377.310818476,kg CO2e/M.EUR,2022,AR5,Medium,3
EXIOBASE,TW,台灣,3,Cereal grains nec,C_OCER,其他穀物 Cereal grains nec 穀物 grains cereals 雜糧 農業 台灣,1720353.8437855018,1712682.258887292,89.69511164378393,19.472157630882084,136.137532063,kg CO2e/M.EUR,2022,AR5,Medium,3
EXIOBASE,TW,台灣,4,"Vegetables, fruit, nuts",C_FVEG,"蔬菜水果堅果 Vegetables, fruit, nuts 蔬果 vegetables fruits nuts 農產品 農業 台灣",48525.46011135288,48409.43830318724,1.1959009546152646,0.3114587978732749,6339.95882914,kg CO2e/M.EUR,2022,AR5,Medium,3
EXIOBASE,TW,台灣,5,Oil seeds,C_OILS,油料作物 Oil seeds 油籽 oilseeds 大豆 soybean 農業 台灣,280512.4467336262,279029.61762185465,16.27417038144538,3.8760465701550153,255.559144524,kg CO2e/M.EUR,2022,AR5,Medium,3
EXIOBASE,TW,台灣,6,"Sugar cane, sugar beet",C_SUGB,"甘蔗甜菜 Sugar cane, sugar beet 甘蔗 sugar cane 甜菜 sugar beet 農業 台灣",0.0,0.0,0.0,0.0,0.0,kg CO2e/M.EUR,2022,AR5,Medium,3
EXIOBASE,TW,台灣,7,Plant-based fibers,C_FIBR,植物纖維 Plant-based fibers 纖維 fibers 棉花 cotton 農業 台灣,22.12174589816162,21.99098603636501,0.003856808421872,8.592160748752616e-05,1.44174646651,kg CO2e/M.EUR,2022,AR5,Medium,3
EXIOBASE,TW,台灣,8,Crops nec,C_OTCR,其他作物 Crops nec 作物 crops 農作物 農業 台灣,12231.306724242302,12199.481559307696,0.1577177265919996,0.1034304475095571,1737.88725185,kg CO2e/M.EUR,2022,AR5,Medium,3
EXIOBASE,TW,台灣,9,Cattle,C_CATL,牛 Cattle 肉牛 cattle beef 牛肉 畜牧業 台灣,1487.4774945167378,1480.859882231055,0.0535634920461552,0.0193125830505299,825.402164956,kg CO2e/M.EUR,2022,AR5,Medium,3
EXIOBASE,TW,台灣,10,Pigs,C_PIGS,豬 Pigs 豬肉 pigs pork 畜牧業 台灣,665.1142802982164,660.214056263452,0.0447160677562349,0.0137666948588294,3901.84312447,kg CO2e/M.EUR,2022,AR5,Medium,3
EXIOBASE,TW,台灣,11,Poultry,C_PLTR,家禽 Poultry 雞 禽類 chicken poultry 畜牧業 台灣,557.4320662323007,554.08258596317,0.0483744779639262,0.0075282825892106,136.885933203,kg CO2e/M.EUR,2022,AR5,Medium,3
EXIOBASE,TW,台灣,12,Meat animals nec,C_OMEA,其他肉用動物 Meat animals nec 肉品 meat 動物 畜牧業 台灣,20.37466539318979,20.260078341704173,0.0023317664362604,0.0001860286463031,202.924977544,kg CO2e/M.EUR,2022,AR5,Medium,3
EXIOBASE,TW,台灣,13,Animal products nec,C_OANP,其他畜產品 Animal products nec 畜產品 animal products 畜牧業 台灣,3159.606672100468,3152.4368050360235,0.0340685780980518,0.0234564033120723,1629.3866318,kg CO2e/M.EUR,2022,AR5,Medium,3
EXIOBASE,TW,台灣,14,Raw milk,C_MILK,鮮乳 Raw milk 牛奶 milk 乳品 畜牧業 台灣,1548.5867335281805,1544.2221383803392,0.0243605482937986,0.0138962256438298,593.952080926,kg CO2e/M.EUR,2022,AR5,Medium,3
EXIOBASE,TW,台灣,15,"Wool, silk-worm cocoons",C_WOOL,"羊毛蠶繭 Wool, silk-worm cocoons 羊毛 wool 蠶絲 silk 畜牧業 台灣",0.0824179624270074,0.0817620443775682,2.1717719421865443e-05,1.8046002123384882e-07,32.8935669282,kg CO2e/M.EUR,2022,AR5,Medium,3
EXIOBASE,TW,台灣,16,Manure (conventional treatment),C_MANC,Manure (conventional treatment) 台灣,0.0,0.0,0.0,0.0,0.0,kg CO2e/M.EUR,2022,AR5,Medium,3
EXIOBASE,TW,台灣,17,Manure (biogas treatment),C_MANB,Manure (biogas treatment) 台灣,0.0,0.0,0.0,0.0,0.0,kg CO2e/M.EUR,2022,AR5,Medium,3
EXIOBASE,TW,台灣,18,"Products of forestry, logging and related services (02)",C_FORE,"林業產品 Products of forestry, logging and related services (02) 木材 forestry 林產 木頭 林業 台灣",207646.41925635893,17778.0638803425,560.724864954126,657.2379590841543,115.354230197,kg CO2e/M.EUR,2022,AR5,Medium,3
EXIOBASE,TW,台灣,19,Fish and other fishing products; services incidental of fishing (05),C_FISH,漁業產品 Fish and other fishing products; services incidental of fishing (05) 魚類 fish 海鮮 seafood 水產 漁業 台灣,22686.324274268496,22522.24550415972,0.7191140045535668,0.5431833131369154,3669.25855058,kg CO2e/M.EUR,2022,AR5,Medium,3
EXIOBASE,TW,台灣,20,Anthracite,C_ANTH,無煙煤 Anthracite 煤炭 coal anthracite 礦業 台灣,0.0,0.0,0.0,0.0,0.0,kg CO2e/M.EUR,2022,AR5,Medium,3
EXIOBASE,TW,台灣,21,Coking Coal,C_COKC,焦煤 Coking Coal 煉焦煤 coking coal 礦業 台灣,0.0,0.0,0.0,0.0,0.0,kg CO2e/M.EUR,2022,AR5,Medium,3
EXIOBASE,TW,台灣,22,Other Bituminous Coal,C_OTBC,煙煤 Other Bituminous Coal 瀝青煤 bituminous coal 礦業 台灣,0.0,0.0,0.0,0.0,0.0,kg CO2e/M.EUR,2022,AR5,Medium,3
EXIOBASE,TW,台灣,23,Sub-Bituminous Coal,C_SUBC,Sub-Bituminous Coal 台灣,0.0,0.0,0.0,0.0,0.0,kg CO2e/M.EUR,2022,AR5,Medium,3
EXIOBASE,TW,台灣,24,Patent Fuel,C_PATF,Patent Fuel 台灣,0.0,0.0,0.0,0.0,0.0,kg CO2e/M.EUR,2022,AR5,Medium,3
EXIOBASE,TW,台灣,25,Lignite/Brown Coal,C_LIBC,Lignite/Brown Coal 台灣,0.0,0.0,0.0,0.0,0.0,kg CO2e/M.EUR,2022,AR5,Medium,3
EXIOBASE,TW,台灣,26,BKB/Peat Briquettes,C_BKBP,BKB/Peat Briquettes 台灣,0.0,0.0,0.0,0.0,0.0,kg CO2e/M.EUR,2022,AR5,Medium,3
EXIOBASE,TW,台灣,27,Peat,C_PEAT,Peat 台灣,0.0,0.0,0.0,0.0,0.0,kg CO2e/M.EUR,2022,AR5,Medium,3
EXIOBASE,TW,台灣,28,"Crude petroleum and services related to crude oil extraction, excluding surveying",C_COIL,"原油 Crude petroleum and services related to crude oil extraction, excluding surveying 石油 petroleum crude oil 礦業 台灣",9235.719722083457,9160.41355370886,0.5622543622086899,0.2247662121990684,205.537837768,kg CO2e/M.EUR,2022,AR5,Medium,3
EXIOBASE,TW,台灣,29,"Natural gas and services related to natural gas extraction, excluding surveying",C_GASE,"天然氣 Natural gas and services related to natural gas extraction, excluding surveying gas natural gas 礦業 台灣",475986.8825205647,473223.9731667453,89.7208496526004,0.9461342020625512,349.205547792,kg CO2e/M.EUR,2022,AR5,Medium,3
EXIOBASE,TW,台灣,30,Natural Gas Liquids,C_GASL,Natural Gas Liquids 台灣,0.0,0.0,0.0,0.0,0.0,kg CO2e/M.EUR,2022,AR5,Medium,3
EXIOBASE,TW,台灣,31,Other Hydrocarbons,C_OGPL,Other Hydrocarbons 台灣,0.0,0.0,0.0,0.0,0.0,kg CO2e/M.EUR,2022,AR5,Medium,3
EXIOBASE,TW,台灣,32,Uranium and thorium ores (12),C_ORAN,Uranium and thorium ores (12) 台灣,0.0,0.0,0.0,0.0,0.0,kg CO2e/M.EUR,2022,AR5,Medium,3
EXIOBASE,TW,台灣,33,Iron ores,C_IRON,鐵礦 Iron ores 鐵礦石 iron ore 礦業 台灣,15.287698290821652,15.15899265794824,0.0043095768077816,3.033012171896728e-05,968.895053287,kg CO2e/M.EUR,2022,AR5,Medium,3
EXIOBASE,TW,台灣,34,Copper ores and concentrates,C_COPO,銅礦 Copper ores and concentrates 銅 copper 礦業 台灣,189.8891312273272,189.0498158335928,0.0048863431219452,0.0026509350427165,323.219203569,kg CO2e/M.EUR,2022,AR5,Medium,3
EXIOBASE,TW,台灣,35,Nickel ores and concentrates,C_NIKO,Nickel ores and concentrates 台灣,0.0,0.0,0.0,0.0,0.0,kg CO2e/M.EUR,2022,AR5,Medium,3
EXIOBASE,TW,台灣,36,Aluminium ores and concentrates,C_ALUO,鋁礦 Aluminium ores and concentrates 鋁 aluminum bauxite 礦業 台灣,1055.9513915920909,1046.9809231945803,0.0785371343935706,0.0255525608848692,26.0103873936,kg CO2e/M.EUR,2022,AR5,Medium,3
EXIOBASE,TW,台灣,37,Precious metal ores and concentrates,C_PREO,Precious metal ores and concentrates 台灣,1335.6994877568916,1327.895180513557,0.0989675531542348,0.0189932670000592,106.39520664,kg CO2e/M.EUR,2022,AR5,Medium,3
EXIOBASE,TW,台灣,38,"Lead, zinc and tin ores and concentrates",C_LZTO,"Lead, zinc and tin ores and concentrates 台灣",11849758.53742558,11788078.61488451,737.3380737890043,154.84700556595882,196.538913415,kg CO2e/M.EUR,2022,AR5,Medium,3
EXIOBASE,TW,台灣,39,Other non-ferrous metal ores and concentrates,C_ONFO,Other non-ferrous metal ores and concentrates 台灣,53.495644770349536,53.04494899871576,0.0154264690370585,7.077222111748376e-05,20.2834011624,kg CO2e/M.EUR,2022,AR5,Medium,3
EXIOBASE,TW,台灣,40,Stone,C_STON,Stone 台灣,0.0,0.0,0.0,0.0,0.0,kg CO2e/M.EUR,2022,AR5,Medium,3
EXIOBASE,TW,台灣,41,Sand and clay,C_SDCL,砂土 Sand and clay 沙 sand 黏土 clay 礦業 台灣,53139.5314105388,53017.442457343575,0.6234956463361453,0.3948342456521087,2419.15803025,kg CO2e/M.EUR,2022,AR5,Medium,3
EXIOBASE,TW,台灣,42,"Chemical and fertilizer minerals, salt and other mining and quarrying products n.e.c.",C_CHMF,"Chemical and fertilizer minerals, salt and other mining and quarrying products n.e.c. 台灣",611843.3257591391,608684.7732023253,32.92412483160782,8.440290798221758,525.068860725,kg CO2e/M.EUR,2022,AR5,Medium,3
EXIOBASE,TW,台灣,43,Products of meat cattle,C_PCAT,牛肉製品 Products of meat cattle 牛肉 beef products 食品加工 台灣,388663.9154377853,385668.7371294171,30.361568701074304,8.09454484806846,835.765230431,kg CO2e/M.EUR,2022,AR5,Medium,3
EXIOBASE,TW,台灣,44,Products of meat pigs,C_PPIG,豬肉製品 Products of meat pigs 豬肉 pork products 食品加工 台灣,102089.26925425076,101532.58245846734,5.837293285998758,1.4839342783979508,3937.1244938,kg CO2e/M.EUR,2022,AR5,Medium,3
EXIOBASE,TW,台灣,45,Products of meat poultry,C_PPLT,禽肉製品 Products of meat poultry 雞肉 chicken products 食品加工 台灣,37850.557464675374,37624.94462838904,2.824224823016348,0.5529605329881973,412.142713648,kg CO2e/M.EUR,2022,AR5,Medium,3
EXIOBASE,TW,台灣,46,Meat products nec,C_POME,其他肉製品 Meat products nec 肉品 meat products 食品加工 台灣,220016.2598415532,219548.3523454403,4.733553645069753,1.265539600192033,1119.21808316,kg CO2e/M.EUR,2022,AR5,Medium,3
EXIOBASE,TW,台灣,47,products of Vegetable oils and fats,C_VOIL,植物油脂 products of Vegetable oils and fats 食用油 vegetable oil 油脂 食品加工 台灣,975.6938601995896,968.460967502078,0.191434420633358,0.0070669015840671,1453.97286277,kg CO2e/M.EUR,2022,AR5,Medium,3
EXIOBASE,TW,台灣,48,Dairy products,C_DAIR,乳製品 Dairy products 奶製品 dairy 乳品 食品加工 台灣,3920.7066973947135,3879.50790751918,0.4291572548159985,0.1101222141157973,1659.88057334,kg CO2e/M.EUR,2022,AR5,Medium,3
EXIOBASE,TW,台灣,49,Processed rice,C_RICE,加工米 Processed rice 白米 processed rice 食品加工 台灣,23842.235354715565,23774.024004488467,0.5282663391477485,0.2015845008715524,1017.77561373,kg CO2e/M.EUR,2022,AR5,Medium,3
EXIOBASE,TW,台灣,50,Sugar,C_SUGR,糖 Sugar 砂糖 sugar 食品加工 台灣,2108.629299213568,2088.397708394744,0.1542060512423393,0.0600521561661823,2777.14606349,kg CO2e/M.EUR,2022,AR5,Medium,3
EXIOBASE,TW,台灣,51,Food products nec,C_OFOD,其他食品 Food products nec 食品 food products 食品加工 台灣,2417.9537037111986,2354.095773833192,0.464899442109638,0.1918518698073091,14606.9281805,kg CO2e/M.EUR,2022,AR5,Medium,3
EXIOBASE,TW,台灣,52,Beverages,C_BEVR,飲料 Beverages 飲品 beverages drinks 食品加工 台灣,33279.38564088533,33116.487966933986,1.2318499887621903,0.4845504689283231,4844.38888001,kg CO2e/M.EUR,2022,AR5,Medium,3
EXIOBASE,TW,台灣,53,Fish products,C_FSHP,魚產品 Fish products 魚製品 fish products 海鮮產品 食品加工 台灣,204368.15895962596,203189.43557865973,8.900186872558548,3.5076156548473945,676.843262502,kg CO2e/M.EUR,2022,AR5,Medium,3
EXIOBASE,TW,台灣,54,Tobacco products (16),C_TOBC,菸草製品 Tobacco products (16) 香菸 tobacco cigarettes 食品加工 台灣,357755.5235283074,356928.73182909697,4.429746931910097,2.6519199438375285,2033.14289288,kg CO2e/M.EUR,2022,AR5,Medium,3
EXIOBASE,TW,台灣,55,Textiles (17),C_TEXT,紡織品 Textiles (17) 紡織 textiles 布料 製造業 台灣,39933.582506470426,39790.3048908624,1.1453825182070745,0.4196486984838644,29580.8752217,kg CO2e/M.EUR,2022,AR5,Medium,3
EXIOBASE,TW,台灣,56,Wearing apparel; furs (18),C_GARM,服飾 Wearing apparel; furs (18) 服裝 apparel 衣服 clothing 製造業 台灣,21651.539939114464,21553.211192429968,1.3205386419722982,0.2315232630538581,5306.00777471,kg CO2e/M.EUR,2022,AR5,Medium,3
EXIOBASE,TW,台灣,57,Leather and leather products (19),C_LETH,皮革製品 Leather and leather products (19) 皮革 leather 製造業 台灣,16741.58284452025,16694.217084913045,0.2629058087922976,0.1509599885321486,3556.23367277,kg CO2e/M.EUR,2022,AR5,Medium,3
EXIOBASE,TW,台灣,58,Wood and products of wood and cork (except furniture); articles of straw and plaiting materials (20),C_WOOD,木製品 Wood and products of wood and cork (except furniture); articles of straw and plaiting materials (20) 木材製品 wood products 製造業 台灣,20346.693839367163,20272.31563552789,0.5220251991066928,0.2255150877897445,2789.60038533,kg CO2e/M.EUR,2022,AR5,Medium,3
EXIOBASE,TW,台灣,59,"Wood material for treatment, Re-processing of secondary wood material into new wood material",C_WOOW,"Wood material for treatment, Re-processing of secondary wood material into new wood material 台灣",0.0,0.0,0.0,0.0,0.0,kg CO2e/M.EUR,2022,AR5,Medium,3
EXIOBASE,TW,台灣,60,Pulp,C_PULP,Pulp 台灣,11636924.73434778,11495535.402882842,302.3287989088735,501.600472058449,53.6609290969,kg CO2e/M.EUR,2022,AR5,Medium,3
EXIOBASE,TW,台灣,61,"Secondary paper for treatment, Re-processing of secondary paper into new pulp",C_PAPR,"Secondary paper for treatment, Re-processing of secondary paper into new pulp 台灣",0.0,0.0,0.0,0.0,0.0,kg CO2e/M.EUR,2022,AR5,Medium,3
EXIOBASE,TW,台灣,62,Paper and paper products,C_PAPE,紙製品 Paper and paper products 紙 paper 製造業 台灣,126692.23684002925,125640.82130849957,2.1930461324762347,3.7358876974353095,10964.5909387,kg CO2e/M.EUR,2022,AR5,Medium,3
EXIOBASE,TW,台灣,63,Printed matter and recorded media (22),C_MDIA,印刷品 Printed matter and recorded media (22) 印刷 printed 出版 製造業 台灣,14528.811247738928,14460.633156274154,0.7531931667159283,0.1776931426291599,13101.7534322,kg CO2e/M.EUR,2022,AR5,Medium,3
EXIOBASE,TW,台灣,64,Coke Oven Coke,C_COKE,焦炭 Coke Oven Coke coke 石化 台灣,2431436.3078447217,2427141.879345825,136.585274273136,1.7737389405634558,2220.80186357,kg CO2e/M.EUR,2022,AR5,Medium,3
EXIOBASE,TW,台灣,65,Gas Coke,C_GCOK,Gas Coke 台灣,0.0,0.0,0.0,0.0,0.0,kg CO2e/M.EUR,2022,AR5,Medium,3
EXIOBASE,TW,台灣,66,Coal Tar,C_COTA,Coal Tar 台灣,0.0,0.0,0.0,0.0,0.0,kg CO2e/M.EUR,2022,AR5,Medium,3
EXIOBASE,TW,台灣,67,Motor Gasoline,C_MGSL,汽油 Motor Gasoline gasoline petrol 石化 台灣,179089.75156297232,178202.62053012307,23.47431641360553,0.8673591444086161,12286.7028227,kg CO2e/M.EUR,2022,AR5,Medium,3
EXIOBASE,TW,台灣,68,Aviation Gasoline,C_AGSL,Aviation Gasoline 台灣,0.0,0.0,0.0,0.0,0.0,kg CO2e/M.EUR,2022,AR5,Medium,3
EXIOBASE,TW,台灣,69,Gasoline Type Jet Fuel,C_GJET,Gasoline Type Jet Fuel 台灣,0.0,0.0,0.0,0.0,0.0,kg CO2e/M.EUR,2022,AR5,Medium,3
EXIOBASE,TW,台灣,70,Kerosene Type Jet Fuel,C_KJET,Kerosene Type Jet Fuel 台灣,179089.75162505673,178202.62059190322,23.474316421655693,0.8673591447061614,2468.9667674,kg CO2e/M.EUR,2022,AR5,Medium,3
EXIOBASE,TW,台灣,71,Kerosene,C_KERO,煤油 Kerosene kerosene 石化 台灣,0.0,0.0,0.0,0.0,0.0,kg CO2e/M.EUR,2022,AR5,Medium,3
EXIOBASE,TW,台灣,72,Gas/Diesel Oil,C_DOIL,柴油 Gas/Diesel Oil diesel 石化 台灣,179089.75157934768,178202.6205464202,23.474316415671865,0.8673591444855538,8739.83770011,kg CO2e/M.EUR,2022,AR5,Medium,3
EXIOBASE,TW,台灣,73,Heavy Fuel Oil,C_FOIL,Heavy Fuel Oil 台灣,179089.7516326503,178202.6205994605,23.474316422613665,0.8673591447419774,5641.68299612,kg CO2e/M.EUR,2022,AR5,Medium,3
EXIOBASE,TW,台灣,74,Refinery Gas,C_RGAS,Refinery Gas 台灣,179089.75652439918,178202.6254669755,23.4743170638695,0.8673591684352671,75.0108335535,kg CO2e/M.EUR,2022,AR5,Medium,3
EXIOBASE,TW,台灣,75,Liquefied Petroleum Gases (LPG),C_LPGA,液化石油氣 Liquefied Petroleum Gases (LPG) LPG 瓦斯 石化 台灣,179089.7517767791,178202.6207428744,23.474316441551483,0.8673591454387474,1484.5734841,kg CO2e/M.EUR,2022,AR5,Medium,3
EXIOBASE,TW,台灣,76,Refinery Feedstocks,C_REFF,Refinery Feedstocks 台灣,179089.75159072856,178202.62055774702,23.47431641711165,0.8673591445373409,605.835882464,kg CO2e/M.EUR,2022,AR5,Medium,3
EXIOBASE,TW,台灣,77,Ethane,C_ETHA,Ethane 台灣,0.0,0.0,0.0,0.0,0.0,kg CO2e/M.EUR,2022,AR5,Medium,3
EXIOBASE,TW,台灣,78,Naphtha,C_NAPT,石腦油 Naphtha naphtha 石化 台灣,179089.75148053237,178202.62044809593,23.47431640268826,0.8673591440044348,12486.7488774,kg CO2e/M.EUR,2022,AR5,Medium,3
EXIOBASE,TW,台灣,79,White Spirit & SBP,C_WHSP,White Spirit & SBP 台灣,179089.75202284247,178202.62098772076,23.47431647374786,0.8673591466292816,648.46964087,kg CO2e/M.EUR,2022,AR5,Medium,3
EXIOBASE,TW,台灣,80,Lubricants,C_LUBR,潤滑油 Lubricants 機油 lubricants 石化 台灣,179089.75263866942,178202.62160049446,23.47431655453636,0.8673591496149718,195.165963192,kg CO2e/M.EUR,2022,AR5,Medium,3
EXIOBASE,TW,台灣,81,Bitumen,C_BITU,Bitumen 台灣,179089.75233709702,178202.6213004151,23.47431651503503,0.8673591481544256,253.910042422,kg CO2e/M.EUR,2022,AR5,Medium,3
EXIOBASE,TW,台灣,82,Paraffin Waxes,C_PARW,Paraffin Waxes 台灣,0.0,0.0,0.0,0.0,0.0,kg CO2e/M.EUR,2022,AR5,Medium,3
EXIOBASE,TW,台灣,83,Petroleum Coke,C_PETC,石油焦 Petroleum Coke petroleum coke 石化 台灣,179089.76318308598,178202.632092681,23.47431793658457,0.8673592006814581,18.0991491233,kg CO2e/M.EUR,2022,AR5,Medium,3
EXIOBASE,TW,台灣,84,Non-specified Petroleum Products,C_NSPP,Non-specified Petroleum Products 台灣,179089.7526762628,178202.62163790307,23.47431655943082,0.867359149795022,227.025453708,kg CO2e/M.EUR,2022,AR5,Medium,3
EXIOBASE,TW,台灣,85,Nuclear fuel,C_NUCF,Nuclear fuel 台灣,177407.03267105934,175817.26653898755,11.112403578103915,4.824976724093872,1.49519690267,kg CO2e/M.EUR,2022,AR5,Medium,3
EXIOBASE,TW,台灣,86,"Plastics, basic",C_PLAS,"塑膠原料 Plastics, basic 塑膠 plastic 樹脂 化工 台灣",400349.9639776565,398441.1668603717,3.9235334176284025,6.788445968268652,32532.2957094,kg CO2e/M.EUR,2022,AR5,Medium,3
EXIOBASE,TW,台灣,87,"Secondary plastic for treatment, Re-processing of secondary plastic into new plastic",C_PLAW,"Secondary plastic for treatment, Re-processing of secondary plastic into new plastic 台灣",0.0,0.0,0.0,0.0,0.0,kg CO2e/M.EUR,2022,AR5,Medium,3
EXIOBASE,TW,台灣,88,N-fertiliser,C_NFER,氮肥 N-fertiliser nitrogen fertilizer 肥料 化工 台灣,130627.73586237316,129870.82291018328,13.578690140072036,1.4215457670485403,4.34585016969,kg CO2e/M.EUR,2022,AR5,Medium,3
EXIOBASE,TW,台灣,89,P- and other fertiliser,C_PFER,磷肥及其他肥料 P- and other fertiliser phosphorus fertilizer 肥料 化工 台灣,333345.7045178623,332276.0670909052,4.874629418420271,3.5213124650618504,837.640567841,kg CO2e/M.EUR,2022,AR5,Medium,3
EXIOBASE,TW,台灣,90,Chemicals nec,C_CHEM,其他化學品 Chemicals nec 化學品 chemicals 化工 台灣,143606.796494447,143087.18926272364,3.2893809495371835,1.6132247740992078,80118.7817328,kg CO2e/M.EUR,2022,AR5,Medium,3
EXIOBASE,TW,台灣,91,Charcoal,C_CHAR,Charcoal 台灣,0.0,0.0,0.0,0.0,0.0,kg CO2e/M.EUR,2022,AR5,Medium,3
EXIOBASE,TW,台灣,92,Additives/Blending Components,C_ADDC,Additives/Blending Components 台灣,0.0,0.0,0.0,0.0,0.0,kg CO2e/M.EUR,2022,AR5,Medium,3
EXIOBASE,TW,台灣,93,Biogasoline,C_BIOG,Biogasoline 台灣,143606.796748006,143087.1895153651,3.2893809553543942,1.6132247769470425,49.7038101491,kg CO2e/M.EUR,2022,AR5,Medium,3
EXIOBASE,TW,台灣,94,Biodiesels,C_BIOD,Biodiesels 台灣,0.0,0.0,0.0,0.0,0.0,kg CO2e/M.EUR,2022,AR5,Medium,3
EXIOBASE,TW,台灣,95,Other Liquid Biofuels,C_OBIO,Other Liquid Biofuels 台灣,143606.79682148818,143087.1895885805,3.28938095703155,1.6132247777765825,120.818058813,kg CO2e/M.EUR,2022,AR5,Medium,3
EXIOBASE,TW,台灣,96,Rubber and plastic products (25),C_RUBP,塑橡膠製品 Rubber and plastic products (25) 塑膠 plastic 橡膠 rubber 製造業 台灣,9282.93702456036,9255.606734910678,0.0560914272080026,0.0972065271239888,27989.9330047,kg CO2e/M.EUR,2022,AR5,Medium,3
EXIOBASE,TW,台灣,97,Glass and glass products,C_GLAS,玻璃製品 Glass and glass products 玻璃 glass 製造業 台灣,170200.5137386832,169537.1355190988,11.909871189950191,1.2449125519462751,2928.00621504,kg CO2e/M.EUR,2022,AR5,Medium,3
EXIOBASE,TW,台灣,98,"Secondary glass for treatment, Re-processing of secondary glass into new glass",C_GLAW,"Secondary glass for treatment, Re-processing of secondary glass into new glass 台灣",0.0,0.0,0.0,0.0,0.0,kg CO2e/M.EUR,2022,AR5,Medium,3
EXIOBASE,TW,台灣,99,Ceramic goods,C_CRMC,陶瓷製品 Ceramic goods 陶瓷 ceramic 製造業 台灣,3686159.8818854815,3669238.015189024,13.087864301565007,62.47323206042758,586.148033828,kg CO2e/M.EUR,2022,AR5,Medium,3
EXIOBASE,TW,台灣,100,"Bricks, tiles and construction products, in baked clay",C_BRIK,"磚瓦 Bricks, tiles and construction products, in baked clay 磚 tiles 建材 製造業 台灣",9087360.213197997,9046409.679871194,51.75405411009553,149.06196155364998,43.4315900841,kg CO2e/M.EUR,2022,AR5,Medium,3
EXIOBASE,TW,台灣,101,"Cement, lime and plaster",C_CMNT,"水泥石灰 Cement, lime and plaster 水泥 cement 製造業 台灣",1013900.652276501,1009454.5168710494,14.484229610123856,15.247460288181474,1859.02674983,kg CO2e/M.EUR,2022,AR5,Medium,3
EXIOBASE,TW,台灣,102,"Ash for treatment, Re-processing of ash into clinker",C_ASHW,"Ash for treatment, Re-processing of ash into clinker 台灣",0.0,0.0,0.0,0.0,0.0,kg CO2e/M.EUR,2022,AR5,Medium,3
EXIOBASE,TW,台灣,103,Other non-metallic mineral products,C_ONMM,Other non-metallic mineral products 台灣,315072.76040888694,313629.83221324,11.692652676711024,4.209561964902092,11000.2189003,kg CO2e/M.EUR,2022,AR5,Medium,3
EXIOBASE,TW,台灣,104,Basic iron and steel and of ferro-alloys and first products thereof,C_STEL,鋼鐵 Basic iron and steel and of ferro-alloys and first products thereof 鐵 steel iron 鋼材 製造業 台灣,65306.782692064,64933.775010253325,7.859906734975338,0.5770954461560974,71744.7571404,kg CO2e/M.EUR,2022,AR5,Medium,3
EXIOBASE,TW,台灣,105,"Secondary steel for treatment, Re-processing of secondary steel into new steel",C_STEW,"Secondary steel for treatment, Re-processing of secondary steel into new steel 台灣",0.0,0.0,0.0,0.0,0.0,kg CO2e/M.EUR,2022,AR5,Medium,3
EXIOBASE,TW,台灣,106,Precious metals,C_PREM,Precious metals 台灣,7171.22324354128,7058.128343287217,3.728598363569348,0.03280809839291,1629.34734269,kg CO2e/M.EUR,2022,AR5,Medium,3
EXIOBASE,TW,台灣,107,"Secondary preciuos metals for treatment, Re-processing of secondary preciuos metals into new preciuos metals",C_PREW,"Secondary preciuos metals for treatment, Re-processing of secondary preciuos metals into new preciuos metals 台灣",0.0,0.0,0.0,0.0,0.0,kg CO2e/M.EUR,2022,AR5,Medium,3
EXIOBASE,TW,台灣,108,Aluminium and aluminium products,C_ALUM,鋁製品 Aluminium and aluminium products 鋁 aluminum 製造業 台灣,34615.84213797003,34440.43643631589,3.417508652645228,0.3008130542644148,6095.69118313,kg CO2e/M.EUR,2022,AR5,Medium,3
EXIOBASE,TW,台灣,109,"Secondary aluminium for treatment, Re-processing of secondary aluminium into new aluminium",C_ALUW,"Secondary aluminium for treatment, Re-processing of secondary aluminium into new aluminium 台灣",0.0,0.0,0.0,0.0,0.0,kg CO2e/M.EUR,2022,AR5,Medium,3
EXIOBASE,TW,台灣,110,"Lead, zinc and tin and products thereof",C_LZTP,"Lead, zinc and tin and products thereof 台灣",88398.91099345442,87709.55179374365,7.771342683085342,1.7802324701297916,943.648756495,kg CO2e/M.EUR,2022,AR5,Medium,3
EXIOBASE,TW,台灣,111,"Secondary lead for treatment, Re-processing of secondary lead into new lead",C_LZTW,"Secondary lead for treatment, Re-processing of secondary lead into new lead 台灣",0.0,0.0,0.0,0.0,0.0,kg CO2e/M.EUR,2022,AR5,Medium,3
EXIOBASE,TW,台灣,112,Copper products,C_COPP,銅製品 Copper products 銅 copper 製造業 台灣,16975.351951565026,16865.984474125376,2.9724355027248888,0.0986388051447158,2524.44384113,kg CO2e/M.EUR,2022,AR5,Medium,3
EXIOBASE,TW,台灣,113,"Secondary copper for treatment, Re-processing of secondary copper into new copper",C_COPW,"Secondary copper for treatment, Re-processing of secondary copper into new copper 台灣",0.0,0.0,0.0,0.0,0.0,kg CO2e/M.EUR,2022,AR5,Medium,3
EXIOBASE,TW,台灣,114,Other non-ferrous metal products,C_ONFM,Other non-ferrous metal products 台灣,11577.788338984485,11490.637371370232,2.65431776686601,0.0484153590264254,2419.88379983,kg CO2e/M.EUR,2022,AR5,Medium,3
EXIOBASE,TW,台灣,115,"Secondary other non-ferrous metals for treatment, Re-processing of secondary other non-ferrous metals into new other non-ferrous metals",C_ONFW,"Secondary other non-ferrous metals for treatment, Re-processing of secondary other non-ferrous metals into new other non-ferrous metals 台灣",0.0,0.0,0.0,0.0,0.0,kg CO2e/M.EUR,2022,AR5,Medium,3
EXIOBASE,TW,台灣,116,Foundry work services,C_METC,Foundry work services 台灣,534451.9525309836,531782.6495682009,45.809312003840496,5.2326121761325854,2639.28755389,kg CO2e/M.EUR,2022,AR5,Medium,3
EXIOBASE,TW,台灣,117,"Fabricated metal products, except machinery and equipment (28)",C_FABM,"Fabricated metal products, except machinery and equipment (28) 台灣",9792.713972701738,9744.31395374676,0.5643805446159886,0.1230089196442586,38481.4115169,kg CO2e/M.EUR,2022,AR5,Medium,3
EXIOBASE,TW,台灣,118,Machinery and equipment n.e.c. (29),C_MACH,Machinery and equipment n.e.c. (29) 台灣,10469.125633660493,10414.88177069303,0.7974462980421705,0.1204353457444566,53333.8056238,kg CO2e/M.EUR,2022,AR5,Medium,3
EXIOBASE,TW,台灣,119,Office machinery and computers (30),C_OFMA,Office machinery and computers (30) 台灣,3424.270157804547,3402.0340735000414,0.5637907765276812,0.0243394058933225,12852.2463517,kg CO2e/M.EUR,2022,AR5,Medium,3
EXIOBASE,TW,台灣,120,Electrical machinery and apparatus n.e.c. (31),C_ELMA,Electrical machinery and apparatus n.e.c. (31) 台灣,14552.739403375685,14470.052786951845,0.9178869672085498,0.2150406843094318,35577.5782904,kg CO2e/M.EUR,2022,AR5,Medium,3
EXIOBASE,TW,台灣,121,"Radio, television and communication equipment and apparatus (32)",C_RATV,"通訊設備 Radio, television and communication equipment and apparatus (32) 通信 communication 電訊 製造業 台灣",34802.20357430492,34565.58879242127,0.956999922329028,0.7917689964469316,132655.556198,kg CO2e/M.EUR,2022,AR5,Medium,3
EXIOBASE,TW,台灣,122,"Medical, precision and optical instruments, watches and clocks (33)",C_MEIN,"精密儀器 Medical, precision and optical instruments, watches and clocks (33) 儀器 instruments 醫療器材 製造業 台灣",23984.637925031053,23827.395931750703,0.380595691943849,0.553152127946872,45955.4623437,kg CO2e/M.EUR,2022,AR5,Medium,3
EXIOBASE,TW,台灣,123,"Motor vehicles, trailers and semi-trailers (34)",C_MOTO,"Motor vehicles, trailers and semi-trailers (34) 台灣",114585.46370943775,113810.65761285744,16.32463220260881,1.1989297921028528,25361.3104074,kg CO2e/M.EUR,2022,AR5,Medium,3
EXIOBASE,TW,台灣,124,Other transport equipment (35),C_OTRE,其他運輸設備 Other transport equipment (35) 運輸設備 transport equipment 製造業 台灣,74479.74701593454,73881.27871922552,19.654239761586016,0.1816965410740188,14756.3725355,kg CO2e/M.EUR,2022,AR5,Medium,3
EXIOBASE,TW,台灣,125,Furniture; other manufactured goods n.e.c. (36),C_FURN,家具 Furniture; other manufactured goods n.e.c. (36) furniture 傢俱 製造業 台灣,7299.586192386459,7256.903274002965,0.258999091435698,0.1337016748048825,17429.2332049,kg CO2e/M.EUR,2022,AR5,Medium,3
EXIOBASE,TW,台灣,126,Secondary raw materials,C_RYMS,Secondary raw materials 台灣,509515.2852633023,506176.3765207621,8.392784700704066,11.71287083366248,6829.32966007,kg CO2e/M.EUR,2022,AR5,Medium,3
EXIOBASE,TW,台灣,127,"Bottles for treatment, Recycling of bottles by direct reuse",C_BOTW,"Bottles for treatment, Recycling of bottles by direct reuse 台灣",0.0,0.0,0.0,0.0,0.0,kg CO2e/M.EUR,2022,AR5,Medium,3
EXIOBASE,TW,台灣,128,Electricity by coal,C_POWC,燃煤發電 Electricity by coal 煤電 coal power 火力發電 電力 台灣,12716140.91989594,12659909.37240892,45.92854669448733,207.34169124367747,5470.19492962,kg CO2e/M.EUR,2022,AR5,Medium,3
EXIOBASE,TW,台灣,129,Electricity by gas,C_POWG,天然氣發電 Electricity by gas 氣電 gas power 燃氣發電 電力 台灣,8719771.956972973,8669157.78214628,1643.971793884549,17.294206029905162,4058.60164897,kg CO2e/M.EUR,2022,AR5,Medium,3
EXIOBASE,TW,台灣,130,Electricity by nuclear,C_POWN,核能發電 Electricity by nuclear 核電 nuclear power 電力 台灣,19214.264979260293,19044.715519779893,1.8607542017697043,0.4432012899277337,2058.50230106,kg CO2e/M.EUR,2022,AR5,Medium,3
EXIOBASE,TW,台灣,131,Electricity by hydro,C_POWH,水力發電 Electricity by hydro 水電 hydro power 電力 台灣,154549.66564673753,153098.80690082168,10.890942612253957,4.324197557632954,218.360339223,kg CO2e/M.EUR,2022,AR5,Medium,3
EXIOBASE,TW,台灣,132,Electricity by wind,C_POWW,風力發電 Electricity by wind 風電 wind power 電力 台灣,1588.3246260575525,1582.5234472343695,0.0405763558133915,0.0176039277751242,23.8660463075,kg CO2e/M.EUR,2022,AR5,Medium,3
EXIOBASE,TW,台灣,133,Electricity by petroleum and other oil derivatives,C_POWP,燃油發電 Electricity by petroleum and other oil derivatives 油電 oil power 電力 台灣,6120597.830523032,6104185.641047894,83.18712314607977,53.14320764923605,990.519044218,kg CO2e/M.EUR,2022,AR5,Medium,3
EXIOBASE,TW,台灣,134,Electricity by biomass and waste,C_POWB,生質能發電 Electricity by biomass and waste 生質能 biomass 電力 台灣,367565.7263461614,366882.2534324239,22.03344090275655,0.2510813904164468,169.410193177,kg CO2e/M.EUR,2022,AR5,Medium,3
EXIOBASE,TW,台灣,135,Electricity by solar photovoltaic,C_POWS,太陽能發電 Electricity by solar photovoltaic 太陽能 solar power PV 電力 台灣,60889.61256235942,60326.61691017079,2.484242928255,1.8620258498018845,0.147139307101,kg CO2e/M.EUR,2022,AR5,Medium,3
EXIOBASE,TW,台灣,136,Electricity by solar thermal,C_POWE,太陽熱能發電 Electricity by solar thermal 太陽熱能 solar thermal 電力 台灣,0.0,0.0,0.0,0.0,0.0,kg CO2e/M.EUR,2022,AR5,Medium,3
EXIOBASE,TW,台灣,137,"Electricity by tide, wave, ocean",C_POWO,"海洋能發電 Electricity by tide, wave, ocean 海洋能 ocean power 電力 台灣",0.0,0.0,0.0,0.0,0.0,kg CO2e/M.EUR,2022,AR5,Medium,3
EXIOBASE,TW,台灣,138,Electricity by Geothermal,C_POWM,地熱發電 Electricity by Geothermal 地熱 geothermal 電力 台灣,0.0,0.0,0.0,0.0,0.0,kg CO2e/M.EUR,2022,AR5,Medium,3
EXIOBASE,TW,台灣,139,Electricity nec,C_POWZ,其他電力 Electricity nec 電力 electricity 電力 台灣,45.81524687441951,45.60868627050683,0.0006660120616494,0.0007091028912697,146.85560932,kg CO2e/M.EUR,2022,AR5,Medium,3
EXIOBASE,TW,台灣,140,Transmission services of electricity,C_POWT,電力輸配 Transmission services of electricity 輸電 transmission 電力 台灣,3102.430358381362,3070.7212872879227,0.1188430234584148,0.1070998733456739,2182.16374218,kg CO2e/M.EUR,2022,AR5,Medium,3
EXIOBASE,TW,台灣,141,Distribution and trade services of electricity,C_POWD,電力配售 Distribution and trade services of electricity 配電 distribution 電力 台灣,70.75837018604484,70.34498479294162,0.0011785023463131,0.0014354238770054,6060.09731117,kg CO2e/M.EUR,2022,AR5,Medium,3
EXIOBASE,TW,台灣,142,Coke oven gas,C_COOG,Coke oven gas 台灣,10110847.646198666,10095841.389046151,487.0258139524261,5.168054195642912,60.2403804396,kg CO2e/M.EUR,2022,AR5,Medium,3
EXIOBASE,TW,台灣,143,Blast Furnace Gas,C_MBFG,Blast Furnace Gas 台灣,10110847.518060436,10095841.261098152,487.0258077786566,5.168054130110147,239.952330202,kg CO2e/M.EUR,2022,AR5,Medium,3
EXIOBASE,TW,台灣,144,Oxygen Steel Furnace Gas,C_MOSG,Oxygen Steel Furnace Gas 台灣,10110867.587474711,10095861.300725916,487.026774495202,5.1680643884119,0.524138899843,kg CO2e/M.EUR,2022,AR5,Medium,3
EXIOBASE,TW,台灣,145,Gas Works Gas,C_MGWG,Gas Works Gas 台灣,0.0,0.0,0.0,0.0,0.0,kg CO2e/M.EUR,2022,AR5,Medium,3
EXIOBASE,TW,台灣,146,Biogas,C_MBIO,Biogas 台灣,0.0,0.0,0.0,0.0,0.0,kg CO2e/M.EUR,2022,AR5,Medium,3
EXIOBASE,TW,台灣,147,Distribution services of gaseous fuels through mains,C_GASD,Distribution services of gaseous fuels through mains 台灣,10110847.452999704,10095841.196133938,487.0258046461128,5.168054096887251,1174.00684193,kg CO2e/M.EUR,2022,AR5,Medium,3
EXIOBASE,TW,台灣,148,Steam and hot water supply services,C_HWAT,蒸汽熱水供應 Steam and hot water supply services 蒸汽 steam 能源 台灣,0.0,0.0,0.0,0.0,0.0,kg CO2e/M.EUR,2022,AR5,Medium,3
EXIOBASE,TW,台灣,149,"Collected and purified water, distribution services of water (41)",C_WATR,"Collected and purified water, distribution services of water (41) 台灣",21658.649729443463,21588.206319986155,1.100628707733461,0.1495313420406473,1546.56562859,kg CO2e/M.EUR,2022,AR5,Medium,3
EXIOBASE,TW,台灣,150,Construction work (45),C_CONS,Construction work (45) 台灣,5066.965929084876,5051.734415304311,0.14266548264753,0.0424033217601237,54954.3014312,kg CO2e/M.EUR,2022,AR5,Medium,3
EXIOBASE,TW,台灣,151,"Secondary construction material for treatment, Re-processing of secondary construction material into aggregates",C_CONW,"Secondary construction material for treatment, Re-processing of secondary construction material into aggregates 台灣",0.0,0.0,0.0,0.0,0.0,kg CO2e/M.EUR,2022,AR5,Medium,3
EXIOBASE,TW,台灣,152,"Sale, maintenance, repair of motor vehicles, motor vehicles parts, motorcycles, motor cycles parts and accessoiries",C_TDMO,"Sale, maintenance, repair of motor vehicles, motor vehicles parts, motorcycles, motor cycles parts and accessoiries 台灣",6681.952403531361,6555.112808588189,4.271111906463473,0.0273526851403548,20485.7032262,kg CO2e/M.EUR,2022,AR5,Medium,3
EXIOBASE,TW,台灣,153,Retail trade services of motor fuel,C_TDFU,Retail trade services of motor fuel 台灣,57894.90543201378,57385.74044721328,5.442510722747113,1.346319564390852,64.5390514657,kg CO2e/M.EUR,2022,AR5,Medium,3
EXIOBASE,TW,台灣,154,"Wholesale trade and commission trade services, except of motor vehicles and motorcycles (51)",C_TDWH,"Wholesale trade and commission trade services, except of motor vehicles and motorcycles (51) 台灣",6216.170686133469,6093.858730257611,4.225656066164893,0.0150701359367568,68186.8310261,kg CO2e/M.EUR,2022,AR5,Medium,3
EXIOBASE,TW,台灣,155,"Retail  trade services, except of motor vehicles and motorcycles; repair services of personal and household goods (52)",C_TDRT,"Retail  trade services, except of motor vehicles and motorcycles; repair services of personal and household goods (52) 台灣",6483.902263560558,6435.453005168489,1.2258589028541969,0.0533026758949106,982.00700653,kg CO2e/M.EUR,2022,AR5,Medium,3
EXIOBASE,TW,台灣,156,Hotel and restaurant services (55),C_HORE,Hotel and restaurant services (55) 台灣,5206.648996375781,5107.953633125464,3.346152991854648,0.0188795452014591,25718.4305717,kg CO2e/M.EUR,2022,AR5,Medium,3
EXIOBASE,TW,台灣,157,Railway transportation services,C_TRAI,Railway transportation services 台灣,97489.38580235362,96695.63520810714,3.539288175910455,2.62132273706034,1647.70819171,kg CO2e/M.EUR,2022,AR5,Medium,3
EXIOBASE,TW,台灣,158,Other land transportation services,C_TLND,Other land transportation services 台灣,8190.586260553749,8157.708588946625,0.3472654795668826,0.0873744836952836,13846.1220152,kg CO2e/M.EUR,2022,AR5,Medium,3
EXIOBASE,TW,台灣,159,Transportation services via pipelines,C_TPIP,Transportation services via pipelines 台灣,688767.2790451782,685758.759267337,15.786756164561975,9.68487020842834,57.618516975,kg CO2e/M.EUR,2022,AR5,Medium,3
EXIOBASE,TW,台灣,160,Sea and coastal water transportation services,C_TWAS,海運服務 Sea and coastal water transportation services 海運 sea transport 運輸業 台灣,19284716.915441163,19240898.41252581,590.5734849538183,102.95262391186576,1589.73844794,kg CO2e/M.EUR,2022,AR5,Medium,3
EXIOBASE,TW,台灣,161,Inland water transportation services,C_TWAI,Inland water transportation services 台灣,12327401.021154718,12261153.807817224,401.6461838349006,207.5513969438456,99.9996380902,kg CO2e/M.EUR,2022,AR5,Medium,3
EXIOBASE,TW,台灣,162,Air transport services (62),C_TAIR,Air transport services (62) 台灣,2846343.2283527968,2810286.0693127634,8.3086752827392,135.1868533287424,9642.76390486,kg CO2e/M.EUR,2022,AR5,Medium,3
EXIOBASE,TW,台灣,163,Supporting and auxiliary transport services; travel agency services (63),C_TAUX,Supporting and auxiliary transport services; travel agency services (63) 台灣,146887.95910255256,145910.9493501736,10.026464835146342,2.6274291962070486,11544.3702298,kg CO2e/M.EUR,2022,AR5,Medium,3
EXIOBASE,TW,台灣,164,Post and telecommunication services (64),C_PTEL,Post and telecommunication services (64) 台灣,7031.982074876425,6914.335531170669,3.92500649171828,0.0292315544816741,23094.4371784,kg CO2e/M.EUR,2022,AR5,Medium,3
EXIOBASE,TW,台灣,165,"Financial intermediation services, except insurance and pension funding services (65)",C_FINT,"Financial intermediation services, except insurance and pension funding services (65) 台灣",32200.063840841125,31963.438563233256,4.181714830041595,0.4510840089309486,28361.5167756,kg CO2e/M.EUR,2022,AR5,Medium,3
EXIOBASE,TW,台灣,166,"Insurance and pension funding services, except compulsory social security services (66)",C_FINS,"Insurance and pension funding services, except compulsory social security services (66) 台灣",62716.40507306467,62373.675820623794,5.035458683496116,0.7612694690678607,11795.5729644,kg CO2e/M.EUR,2022,AR5,Medium,3
EXIOBASE,TW,台灣,167,Services auxiliary to financial intermediation (67),C_FAUX,Services auxiliary to financial intermediation (67) 台灣,30219.996759919795,29987.790429177043,5.2235346212817015,0.3243296654598761,8263.47634679,kg CO2e/M.EUR,2022,AR5,Medium,3
EXIOBASE,TW,台灣,168,Real estate services (70),C_REAL,Real estate services (70) 台灣,24629.88116828809,24427.35261763524,3.5680155937335414,0.3872608076540038,54598.8253642,kg CO2e/M.EUR,2022,AR5,Medium,3
EXIOBASE,TW,台灣,169,Renting services of machinery and equipment without operator and of personal and household goods (71),C_MARE,Renting services of machinery and equipment without operator and of personal and household goods (71) 台灣,100250.48570411307,99856.30112723129,5.377923546216292,0.919255538067002,3517.69389182,kg CO2e/M.EUR,2022,AR5,Medium,3
EXIOBASE,TW,台灣,170,Computer and related services (72),C_COMP,Computer and related services (72) 台灣,11753.997286663014,11626.40528000183,4.075288030581311,0.0508827992637989,9706.23941917,kg CO2e/M.EUR,2022,AR5,Medium,3
EXIOBASE,TW,台灣,171,Research and development services (73),C_RESD,Research and development services (73) 台灣,74429.95594418551,74128.09026604779,5.452650481403331,0.5629866590884209,15037.6021616,kg CO2e/M.EUR,2022,AR5,Medium,3
EXIOBASE,TW,台灣,172,Other business services (74),C_OBUS,Other business services (74) 台灣,12402.349473665376,12264.184231318586,4.166769132623564,0.081115874088047,25794.2547948,kg CO2e/M.EUR,2022,AR5,Medium,3
EXIOBASE,TW,台灣,173,Public administration and defence services; compulsory social security services (75),C_PADF,Public administration and defence services; compulsory social security services (75) 台灣,24369.561787194147,24148.288972850805,4.816374776437595,0.3260917758607158,75978.6640301,kg CO2e/M.EUR,2022,AR5,Medium,3
EXIOBASE,TW,台灣,174,Education services (80),C_EDUC,Education services (80) 台灣,6973.319403763144,6823.854901314722,4.849279155453911,0.0516403248894803,27289.8435408,kg CO2e/M.EUR,2022,AR5,Medium,3
EXIOBASE,TW,台灣,175,Health and social work services (85),C_HEAL,Health and social work services (85) 台灣,37562.919934676975,37303.50835801724,6.663051417209822,0.2748910829353507,19015.986445,kg CO2e/M.EUR,2022,AR5,Medium,3
EXIOBASE,TW,台灣,176,Food waste for treatment: incineration,C_INCF,食物廢棄物焚化 Food waste for treatment: incineration 廚餘 food waste 廢棄物處理 台灣,409058.9834630037,62831.023756186274,2442.274375776219,1048.4689705097485,91.6781011494,kg CO2e/M.EUR,2022,AR5,Medium,3
EXIOBASE,TW,台灣,177,Paper waste for treatment: incineration,C_INCP,紙類廢棄物焚化 Paper waste for treatment: incineration 廢紙 paper waste 廢棄物處理 台灣,402085.23281377857,57785.7601709587,2428.692893017371,1042.6266854276737,94.656084486,kg CO2e/M.EUR,2022,AR5,Medium,3
EXIOBASE,TW,台灣,178,Plastic waste for treatment: incineration,C_INCL,塑膠廢棄物焚化 Plastic waste for treatment: incineration 塑膠廢棄物 plastic waste 廢塑膠 廢棄物處理 台灣,24060548.085466266,23679190.146086626,2691.068771978448,1154.747221751845,39.3454329698,kg CO2e/M.EUR,2022,AR5,Medium,3
EXIOBASE,TW,台灣,179,Intert/metal waste for treatment: incineration,C_INCM,惰性金屬廢棄物焚化 Intert/metal waste for treatment: incineration 金屬廢棄物 metal waste 廢棄物處理 台灣,20601958.806824923,20275521.926384337,2302.150899065843,988.5911519499736,140.882638015,kg CO2e/M.EUR,2022,AR5,Medium,3
EXIOBASE,TW,台灣,180,Textiles waste for treatment: incineration,C_INCT,紡織廢棄物焚化 Textiles waste for treatment: incineration 紡織廢棄物 textile waste 廢棄物處理 廢棄物處理 台灣,27354059.99937829,26920464.82018505,3059.6987248503374,1312.919301499741,16.916865947,kg CO2e/M.EUR,2022,AR5,Medium,3
EXIOBASE,TW,台灣,181,Wood waste for treatment: incineration,C_INCW,木材廢棄物焚化 Wood waste for treatment: incineration 木材廢棄物 wood waste 廢棄物處理 台灣,421001.2381918674,39240.73312022506,2694.101767752124,1155.9458700927655,27.2340926212,kg CO2e/M.EUR,2022,AR5,Medium,3
EXIOBASE,TW,台灣,182,Oil/hazardous waste for treatment: incineration,C_INCO,油類有害廢棄物焚化 Oil/hazardous waste for treatment: incineration 有害廢棄物 hazardous waste 廢棄物處理 台灣,49192.09692990708,48902.77776443037,6.807375330218723,0.3725005895494206,65.4594375794,kg CO2e/M.EUR,2022,AR5,Medium,3
EXIOBASE,TW,台灣,183,Food waste for treatment: biogasification and land application,C_BIOF,Food waste for treatment: biogasification and land application 台灣,19020.057787488266,18784.43628797248,7.370154542940752,0.1104044238243254,23.7586127722,kg CO2e/M.EUR,2022,AR5,Medium,3
EXIOBASE,TW,台灣,184,Paper waste for treatment: biogasification and land application,C_BIOP,Paper waste for treatment: biogasification and land application 台灣,15981.875117652457,15562.255391446884,14.74446166724002,0.0255652812183028,2.46736338709,kg CO2e/M.EUR,2022,AR5,Medium,3
EXIOBASE,TW,台灣,185,Sewage sludge for treatment: biogasification and land application,C_BIOS,Sewage sludge for treatment: biogasification and land application 台灣,11384.385282110316,11192.531171340604,6.409989854486831,0.0466958296003102,57.8700681018,kg CO2e/M.EUR,2022,AR5,Medium,3
EXIOBASE,TW,台灣,186,Food waste for treatment: composting and land application,C_COMF,Food waste for treatment: composting and land application 台灣,94245.07937332153,93845.6405322114,6.492783519391899,0.8212864247816725,116.82066658,kg CO2e/M.EUR,2022,AR5,Medium,3
EXIOBASE,TW,台灣,187,Paper and wood waste for treatment: composting and land application,C_COMW,Paper and wood waste for treatment: composting and land application 台灣,17628.99263417352,17310.338971943835,10.702886317840765,0.0715956427552611,4.60009991848,kg CO2e/M.EUR,2022,AR5,Medium,3
EXIOBASE,TW,台灣,188,Food waste for treatment: waste water treatment,C_WASF,Food waste for treatment: waste water treatment 台灣,120684.62867068515,120214.31842527566,6.885627525986724,1.0472176403089093,149.677323724,kg CO2e/M.EUR,2022,AR5,Medium,3
EXIOBASE,TW,台灣,189,Other waste for treatment: waste water treatment,C_WASO,Other waste for treatment: waste water treatment 台灣,108817.23635860064,108373.79755565966,6.626950400546674,0.9731478933044596,235.56258843,kg CO2e/M.EUR,2022,AR5,Medium,3
EXIOBASE,TW,台灣,190,Food waste for treatment: landfill,C_LANF,Food waste for treatment: landfill 台灣,110746.1743950465,110288.19539618897,6.642666333641697,1.0263560057191148,229.822494446,kg CO2e/M.EUR,2022,AR5,Medium,3
EXIOBASE,TW,台灣,191,Paper for treatment: landfill,C_LANP,Paper for treatment: landfill 台灣,77937.49241199225,77581.51040585937,6.281640738428446,0.6796077941769008,152.037979775,kg CO2e/M.EUR,2022,AR5,Medium,3
EXIOBASE,TW,台灣,192,Plastic waste for treatment: landfill,C_LANL,Plastic waste for treatment: landfill 台灣,90237.7744487076,89797.37537381772,8.237434301717041,0.7915128846860252,32.882913225,kg CO2e/M.EUR,2022,AR5,Medium,3
EXIOBASE,TW,台灣,193,Inert/metal/hazardous waste for treatment: landfill,C_LANI,Inert/metal/hazardous waste for treatment: landfill 台灣,66245.44753362518,65934.12821850083,5.725360765953399,0.5698460893496073,185.906006355,kg CO2e/M.EUR,2022,AR5,Medium,3
EXIOBASE,TW,台灣,194,Textiles waste for treatment: landfill,C_LANT,Textiles waste for treatment: landfill 台灣,47798.70402094161,47485.64605182375,7.389268894208594,0.4005978870944165,27.1021473307,kg CO2e/M.EUR,2022,AR5,Medium,3
EXIOBASE,TW,台灣,195,Wood waste for treatment: landfill,C_LANW,Wood waste for treatment: landfill 台灣,50402.22191169397,50084.27170389336,7.273464065309405,0.431295147063946,34.3095157855,kg CO2e/M.EUR,2022,AR5,Medium,3
EXIOBASE,TW,台灣,196,Membership organisation services n.e.c. (91),C_ORGA,Membership organisation services n.e.c. (91) 台灣,21446.981852995625,21244.46364841597,4.736804651623126,0.2637270729592565,2662.47651116,kg CO2e/M.EUR,2022,AR5,Medium,3
EXIOBASE,TW,台灣,197,"Recreational, cultural and sporting services (92)",C_RECR,"Recreational, cultural and sporting services (92) 台灣",6603.521091698754,6476.211266164018,4.2508107660547765,0.0312721663592566,8199.47821981,kg CO2e/M.EUR,2022,AR5,Medium,3
EXIOBASE,TW,台灣,198,Other services (93),C_OSER,Other services (93) 台灣,5665.931990331172,5557.1177078395085,3.6621317873448462,0.0236777073434263,10856.3028193,kg CO2e/M.EUR,2022,AR5,Medium,3
EXIOBASE,TW,台灣,199,Private households with employed persons (95),C_PRHH,家庭雇用人員 Private households with employed persons (95) 家庭服務 household 服務業 台灣,11356.11126254056,11162.751919264763,6.362385843757824,0.0574058100021732,5158.7247554,kg CO2e/M.EUR,2022,AR5,Medium,3
EXIOBASE,TW,台灣,200,Extra-territorial organizations and bodies,C_EXTO,Extra-territorial organizations and bodies 台灣,0.0,0.0,0.0,0.0,0.0,kg CO2e/M.EUR,2022,AR5,Medium,3
EXIOBASE,GB,英國,1,Paddy rice,C_PARI,稻米 Paddy rice 水稻 稻穀 rice paddy 農業 英國,0.0,0.0,0.0,0.0,0.0,kg CO2e/M.EUR,2022,AR5,Medium,3
EXIOBASE,GB,英國,2,Wheat,C_WHEA,小麥 Wheat 麵粉 wheat flour 農業 英國,118045.4280959673,117090.78382961382,2.355343079321519,3.3535647552168664,4024.12897136,kg CO2e/M.EUR,2022,AR5,Medium,3
EXIOBASE,GB,英國,3,Cereal grains nec,C_OCER,其他穀物 Cereal grains nec 穀物 grains cereals 雜糧 農業 英國,127657.9380329392,126707.01665314513,6.238943030278797,2.9291734903633344,2313.13710559,kg CO2e/M.EUR,2022,AR5,Medium,3
EXIOBASE,GB,英國,4,"Vegetables, fruit, nuts",C_FVEG,"蔬菜水果堅果 Vegetables, fruit, nuts 蔬果 vegetables fruits nuts 農產品 農業 英國",9152.515762394836,9056.902613870232,0.6449277560164445,0.2926610239854463,5073.51676653,kg CO2e/M.EUR,2022,AR5,Medium,3
EXIOBASE,GB,英國,5,Oil seeds,C_OILS,油料作物 Oil seeds 油籽 oilseeds 大豆 soybean 農業 英國,24203.97358381564,24028.59887176748,1.0351817354620667,0.5524136734159559,1619.75954914,kg CO2e/M.EUR,2022,AR5,Medium,3
EXIOBASE,GB,英國,6,"Sugar cane, sugar beet",C_SUGB,"甘蔗甜菜 Sugar cane, sugar beet 甘蔗 sugar cane 甜菜 sugar beet 農業 英國",7989.121120320164,7952.701776873542,0.7974330781506078,0.053174404748696,108.566830878,kg CO2e/M.EUR,2022,AR5,Medium,3
EXIOBASE,GB,英國,7,Plant-based fibers,C_FIBR,植物纖維 Plant-based fibers 纖維 fibers 棉花 cotton 農業 英國,633530.2177004713,628269.0392962204,27.94113453456069,16.901232593521502,4.59950891035,kg CO2e/M.EUR,2022,AR5,Medium,3
EXIOBASE,GB,英國,8,Crops nec,C_OTCR,其他作物 Crops nec 作物 crops 農作物 農業 英國,39596.40915016484,39206.58168932935,1.0066479134974502,1.3646842236134509,4330.51350037,kg CO2e/M.EUR,2022,AR5,Medium,3
EXIOBASE,GB,英國,9,Cattle,C_CATL,牛 Cattle 肉牛 cattle beef 牛肉 畜牧業 英國,61166.182291858975,58967.88723086574,42.13832182954712,3.84310207458837,3875.46693154,kg CO2e/M.EUR,2022,AR5,Medium,3
EXIOBASE,GB,英國,10,Pigs,C_PIGS,豬 Pigs 豬肉 pigs pork 畜牧業 英國,133863.3017567099,130508.24617070072,8.478178472573385,11.764779580291018,1970.05806993,kg CO2e/M.EUR,2022,AR5,Medium,3
EXIOBASE,GB,英國,11,Poultry,C_PLTR,家禽 Poultry 雞 禽類 chicken poultry 畜牧業 英國,47987.81556901739,46821.09347982046,21.963608820531405,2.0820416687624546,4722.67029565,kg CO2e/M.EUR,2022,AR5,Medium,3
EXIOBASE,GB,英國,12,Meat animals nec,C_OMEA,其他肉用動物 Meat animals nec 肉品 meat 動物 畜牧業 英國,34382.87569908716,33373.66488824921,14.12014940827778,2.316402367570493,2201.5592502,kg CO2e/M.EUR,2022,AR5,Medium,3
EXIOBASE,GB,英國,13,Animal products nec,C_OANP,其他畜產品 Animal products nec 畜產品 animal products 畜牧業 英國,53223.34311707779,51615.66209436135,24.823371253883355,3.443874066444194,120.503743858,kg CO2e/M.EUR,2022,AR5,Medium,3
EXIOBASE,GB,英國,14,Raw milk,C_MILK,鮮乳 Raw milk 牛奶 milk 乳品 畜牧業 英國,12525.412028716844,12169.541306980103,2.7326116619930847,1.0541796045318124,5900.59280891,kg CO2e/M.EUR,2022,AR5,Medium,3
EXIOBASE,GB,英國,15,"Wool, silk-worm cocoons",C_WOOL,"羊毛蠶繭 Wool, silk-worm cocoons 羊毛 wool 蠶絲 silk 畜牧業 英國",53090274.97054368,52276850.33854703,28245.928434868696,85.0514559257506,18.7353050584,kg CO2e/M.EUR,2022,AR5,Medium,3
EXIOBASE,GB,英國,16,Manure (conventional treatment),C_MANC,Manure (conventional treatment) 英國,0.0,0.0,0.0,0.0,0.0,kg CO2e/M.EUR,2022,AR5,Medium,3
EXIOBASE,GB,英國,17,Manure (biogas treatment),C_MANB,Manure (biogas treatment) 英國,0.0,0.0,0.0,0.0,0.0,kg CO2e/M.EUR,2022,AR5,Medium,3
EXIOBASE,GB,英國,18,"Products of forestry, logging and related services (02)",C_FORE,"林業產品 Products of forestry, logging and related services (02) 木材 forestry 林產 木頭 林業 英國",190590.19526461573,186499.4640556127,18.774532480960204,13.4529973567401,765.668720959,kg CO2e/M.EUR,2022,AR5,Medium,3
EXIOBASE,GB,英國,19,Fish and other fishing products; services incidental of fishing (05),C_FISH,漁業產品 Fish and other fishing products; services incidental of fishing (05) 魚類 fish 海鮮 seafood 水產 漁業 英國,189158.37613410468,189156.2851309924,0.0206076687063666,0.0057131637301661,2230.42843658,kg CO2e/M.EUR,2022,AR5,Medium,3
EXIOBASE,GB,英國,20,Anthracite,C_ANTH,無煙煤 Anthracite 煤炭 coal anthracite 礦業 英國,37153.74525459624,36824.39956998647,4.078822272423131,0.8118440037053608,5.03705102853,kg CO2e/M.EUR,2022,AR5,Medium,3
EXIOBASE,GB,英國,21,Coking Coal,C_COKC,焦煤 Coking Coal 煉焦煤 coking coal 礦業 英國,178632.52922411423,176355.82948104537,5.52386125932429,8.007666520029378,0.586995642189,kg CO2e/M.EUR,2022,AR5,Medium,3
EXIOBASE,GB,英國,22,Other Bituminous Coal,C_OTBC,煙煤 Other Bituminous Coal 瀝青煤 bituminous coal 礦業 英國,228345.3272139425,225384.3660039677,6.031610074762662,10.536136331628262,1941.781048,kg CO2e/M.EUR,2022,AR5,Medium,3
EXIOBASE,GB,英國,23,Sub-Bituminous Coal,C_SUBC,Sub-Bituminous Coal 英國,37153.74521525721,36824.3995309976,4.078822268087773,0.8118440028420844,2.26073486025,kg CO2e/M.EUR,2022,AR5,Medium,3
EXIOBASE,GB,英國,24,Patent Fuel,C_PATF,Patent Fuel 英國,228345.39157689112,225384.4295323074,6.031611774859812,10.536139301462812,15.7337397538,kg CO2e/M.EUR,2022,AR5,Medium,3
EXIOBASE,GB,英國,25,Lignite/Brown Coal,C_LIBC,Lignite/Brown Coal 英國,37153.745264740646,36824.39958004145,4.078822273523211,0.8118440039265999,1.4605229057,kg CO2e/M.EUR,2022,AR5,Medium,3
EXIOBASE,GB,英國,26,BKB/Peat Briquettes,C_BKBP,BKB/Peat Briquettes 英國,37153.74508105949,36824.399397989495,4.078822253346628,0.8118439999105352,9.01459638302,kg CO2e/M.EUR,2022,AR5,Medium,3
EXIOBASE,GB,英國,27,Peat,C_PEAT,Peat 英國,37153.74506378178,36824.39938086435,4.078822251461386,0.8118439995340317,0.423588458931,kg CO2e/M.EUR,2022,AR5,Medium,3
EXIOBASE,GB,英國,28,"Crude petroleum and services related to crude oil extraction, excluding surveying",C_COIL,"原油 Crude petroleum and services related to crude oil extraction, excluding surveying 石油 petroleum crude oil 礦業 英國",174982.9902735471,173509.7153812552,48.92896390916919,0.3896751050383536,53214.3864786,kg CO2e/M.EUR,2022,AR5,Medium,3
EXIOBASE,GB,英國,29,"Natural gas and services related to natural gas extraction, excluding surveying",C_GASE,"天然氣 Natural gas and services related to natural gas extraction, excluding surveying gas natural gas 礦業 英國",515626.0859797376,509466.2766465785,212.21686778467665,0.8216491893891424,7455.74946307,kg CO2e/M.EUR,2022,AR5,Medium,3
EXIOBASE,GB,英國,30,Natural Gas Liquids,C_GASL,Natural Gas Liquids 英國,515798.3100704522,509636.40208713256,212.29178614336075,0.8216527219076831,632.157038739,kg CO2e/M.EUR,2022,AR5,Medium,3
EXIOBASE,GB,英國,31,Other Hydrocarbons,C_OGPL,Other Hydrocarbons 英國,0.0,0.0,0.0,0.0,0.0,kg CO2e/M.EUR,2022,AR5,Medium,3
EXIOBASE,GB,英國,32,Uranium and thorium ores (12),C_ORAN,Uranium and thorium ores (12) 英國,37153.745051781865,36824.39936897125,4.078822250141712,0.8118439992703798,58.7934047971,kg CO2e/M.EUR,2022,AR5,Medium,3
EXIOBASE,GB,英國,33,Iron ores,C_IRON,鐵礦 Iron ores 鐵礦石 iron ore 礦業 英國,188464.25684575443,188210.33475153428,3.1244341776395754,0.6280676877216154,0.0180474904347,kg CO2e/M.EUR,2022,AR5,Medium,3
EXIOBASE,GB,英國,34,Copper ores and concentrates,C_COPO,銅礦 Copper ores and concentrates 銅 copper 礦業 英國,37153.74506201405,36824.399379112496,4.078822251268249,0.8118439994945192,2.32508699842,kg CO2e/M.EUR,2022,AR5,Medium,3
EXIOBASE,GB,英國,35,Nickel ores and concentrates,C_NIKO,Nickel ores and concentrates 英國,0.0,0.0,0.0,0.0,37.2516123756,kg CO2e/M.EUR,2022,AR5,Medium,3
EXIOBASE,GB,英國,36,Aluminium ores and concentrates,C_ALUO,鋁礦 Aluminium ores and concentrates 鋁 aluminum bauxite 礦業 英國,0.0,0.0,0.0,0.0,0.0,kg CO2e/M.EUR,2022,AR5,Medium,3
EXIOBASE,GB,英國,37,Precious metal ores and concentrates,C_PREO,Precious metal ores and concentrates 英國,49629385.69554269,49419416.97635703,1464.6680218158954,637.5774134898795,6.61384960226,kg CO2e/M.EUR,2022,AR5,Medium,3
EXIOBASE,GB,英國,38,"Lead, zinc and tin ores and concentrates",C_LZTO,"Lead, zinc and tin ores and concentrates 英國",385065.8601542514,384267.14513329184,2.8021742780962384,2.717940155369174,0.610196318261,kg CO2e/M.EUR,2022,AR5,Medium,3
EXIOBASE,GB,英國,39,Other non-ferrous metal ores and concentrates,C_ONFO,Other non-ferrous metal ores and concentrates 英國,37156.81382808129,36827.44094240731,4.079159147353185,0.8119110548984548,0.00012106941375,kg CO2e/M.EUR,2022,AR5,Medium,3
EXIOBASE,GB,英國,40,Stone,C_STON,Stone 英國,45270.37102460591,44430.15350768553,17.80969042648317,1.2888535282220623,1467.50734931,kg CO2e/M.EUR,2022,AR5,Medium,3
EXIOBASE,GB,英國,41,Sand and clay,C_SDCL,砂土 Sand and clay 沙 sand 黏土 clay 礦業 英國,45282.428126254286,44429.95667737792,17.724282836283283,1.34411897909599,1802.6075809,kg CO2e/M.EUR,2022,AR5,Medium,3
EXIOBASE,GB,英國,42,"Chemical and fertilizer minerals, salt and other mining and quarrying products n.e.c.",C_CHMF,"Chemical and fertilizer minerals, salt and other mining and quarrying products n.e.c. 英國",34633.61582195246,33882.519846717114,17.839848704900767,0.9493592886721466,8255.24895856,kg CO2e/M.EUR,2022,AR5,Medium,3
EXIOBASE,GB,英國,43,Products of meat cattle,C_PCAT,牛肉製品 Products of meat cattle 牛肉 beef products 食品加工 英國,58018.04335268883,57159.84756327361,26.94978339336256,0.3909503939663003,1986.84288985,kg CO2e/M.EUR,2022,AR5,Medium,3
EXIOBASE,GB,英國,44,Products of meat pigs,C_PPIG,豬肉製品 Products of meat pigs 豬肉 pork products 食品加工 英國,48695.12455041956,47945.33418406651,21.87067641072885,0.518533686236396,906.18732592,kg CO2e/M.EUR,2022,AR5,Medium,3
EXIOBASE,GB,英國,45,Products of meat poultry,C_PPLT,禽肉製品 Products of meat poultry 雞肉 chicken products 食品加工 英國,33495.52563605247,32904.325813331445,16.823294957604165,0.4533870336155157,8193.34066759,kg CO2e/M.EUR,2022,AR5,Medium,3
EXIOBASE,GB,英國,46,Meat products nec,C_POME,其他肉製品 Meat products nec 肉品 meat products 食品加工 英國,29149.7250338326,28771.077043806792,7.8094662825881,0.6037091853333595,18691.7754032,kg CO2e/M.EUR,2022,AR5,Medium,3
EXIOBASE,GB,英國,47,products of Vegetable oils and fats,C_VOIL,植物油脂 products of Vegetable oils and fats 食用油 vegetable oil 油脂 食品加工 英國,80975.42244319891,80163.23100615386,15.568173025216394,1.4199343107131916,959.276411446,kg CO2e/M.EUR,2022,AR5,Medium,3
EXIOBASE,GB,英國,48,Dairy products,C_DAIR,乳製品 Dairy products 奶製品 dairy 乳品 食品加工 英國,42526.32200912434,41918.94961900393,19.455515539570385,0.2362941698582681,8287.59894679,kg CO2e/M.EUR,2022,AR5,Medium,3
EXIOBASE,GB,英國,49,Processed rice,C_RICE,加工米 Processed rice 白米 processed rice 食品加工 英國,67685.20563182418,67284.61699696397,8.76985887458334,0.5850286278183943,254.929844967,kg CO2e/M.EUR,2022,AR5,Medium,3
EXIOBASE,GB,英國,50,Sugar,C_SUGR,糖 Sugar 砂糖 sugar 食品加工 英國,62145.35654298472,61157.91990688999,19.605171034666885,1.654686215562482,94.3325244605,kg CO2e/M.EUR,2022,AR5,Medium,3
EXIOBASE,GB,英國,51,Food products nec,C_OFOD,其他食品 Food products nec 食品 food products 食品加工 英國,35586.03749863896,34835.754678777805,18.70115762319888,0.8552845524965486,37085.0836278,kg CO2e/M.EUR,2022,AR5,Medium,3
EXIOBASE,GB,英國,52,Beverages,C_BEVR,飲料 Beverages 飲品 beverages drinks 食品加工 英國,72121.28673236111,71399.40384981362,12.18461863002627,1.436654946817991,22448.5141928,kg CO2e/M.EUR,2022,AR5,Medium,3
EXIOBASE,GB,英國,53,Fish products,C_FSHP,魚產品 Fish products 魚製品 fish products 海鮮產品 食品加工 英國,106311.62556287264,105814.7022293935,5.015203708334017,1.3452740741351332,4356.22475747,kg CO2e/M.EUR,2022,AR5,Medium,3
EXIOBASE,GB,英國,54,Tobacco products (16),C_TOBC,菸草製品 Tobacco products (16) 香菸 tobacco cigarettes 食品加工 英國,32567.201618771727,32088.908952291305,11.574448101593392,0.5819174325879642,3357.62490218,kg CO2e/M.EUR,2022,AR5,Medium,3
EXIOBASE,GB,英國,55,Textiles (17),C_TEXT,紡織品 Textiles (17) 紡織 textiles 布料 製造業 英國,25709.903431698647,25503.3205423906,4.970415679456919,0.2543820765405832,9959.58626026,kg CO2e/M.EUR,2022,AR5,Medium,3
EXIOBASE,GB,英國,56,Wearing apparel; furs (18),C_GARM,服飾 Wearing apparel; furs (18) 服裝 apparel 衣服 clothing 製造業 英國,133182.42380648924,131434.67001936416,56.95724119906886,0.5771737115137854,6038.02204617,kg CO2e/M.EUR,2022,AR5,Medium,3
EXIOBASE,GB,英國,57,Leather and leather products (19),C_LETH,皮革製品 Leather and leather products (19) 皮革 leather 製造業 英國,19919.735325815735,19522.55064714616,3.85907055060416,1.0910592575572282,1838.6695216,kg CO2e/M.EUR,2022,AR5,Medium,3
EXIOBASE,GB,英國,58,Wood and products of wood and cork (except furniture); articles of straw and plaiting materials (20),C_WOOD,木製品 Wood and products of wood and cork (except furniture); articles of straw and plaiting materials (20) 木材製品 wood products 製造業 英國,121590.91122559491,120849.3054150974,10.496097918714076,1.6894908255604346,12371.1941302,kg CO2e/M.EUR,2022,AR5,Medium,3
EXIOBASE,GB,英國,59,"Wood material for treatment, Re-processing of secondary wood material into new wood material",C_WOOW,"Wood material for treatment, Re-processing of secondary wood material into new wood material 英國",0.0,0.0,0.0,0.0,0.0,kg CO2e/M.EUR,2022,AR5,Medium,3
EXIOBASE,GB,英國,60,Pulp,C_PULP,Pulp 英國,50029.49163048357,47094.37857515253,19.740330596297024,8.990127542017817,9124.3778867,kg CO2e/M.EUR,2022,AR5,Medium,3
EXIOBASE,GB,英國,61,"Secondary paper for treatment, Re-processing of secondary paper into new pulp",C_PAPR,"Secondary paper for treatment, Re-processing of secondary paper into new pulp 英國",0.0,0.0,0.0,0.0,0.0,kg CO2e/M.EUR,2022,AR5,Medium,3
EXIOBASE,GB,英國,62,Paper and paper products,C_PAPE,紙製品 Paper and paper products 紙 paper 製造業 英國,39948.97468981087,38734.26168801377,9.556956649088605,3.574031002349505,13011.5145801,kg CO2e/M.EUR,2022,AR5,Medium,3
EXIOBASE,GB,英國,63,Printed matter and recorded media (22),C_MDIA,印刷品 Printed matter and recorded media (22) 印刷 printed 出版 製造業 英國,42101.48077875136,41558.450458063526,7.667514238322339,1.239018573640809,36821.3655539,kg CO2e/M.EUR,2022,AR5,Medium,3
EXIOBASE,GB,英國,64,Coke Oven Coke,C_COKE,焦炭 Coke Oven Coke coke 石化 英國,1217588.9969827554,1205732.1539946345,349.47536252189406,7.817105047199195,669.891075012,kg CO2e/M.EUR,2022,AR5,Medium,3
EXIOBASE,GB,英國,65,Gas Coke,C_GCOK,Gas Coke 英國,0.0,0.0,0.0,0.0,0.0,kg CO2e/M.EUR,2022,AR5,Medium,3
EXIOBASE,GB,英國,66,Coal Tar,C_COTA,Coal Tar 英國,1164359.878761264,1153018.985219414,334.3487918642704,7.468405168492715,15.402540662,kg CO2e/M.EUR,2022,AR5,Medium,3
EXIOBASE,GB,英國,67,Motor Gasoline,C_MGSL,汽油 Motor Gasoline gasoline petrol 石化 英國,241617.53532001036,240234.92428136585,37.430671272016,1.2624612944455822,12554.0229254,kg CO2e/M.EUR,2022,AR5,Medium,3
EXIOBASE,GB,英國,68,Aviation Gasoline,C_AGSL,Aviation Gasoline 英國,241811.18510688003,240428.06189763016,37.45577614309074,1.2617414235598003,2.91895498599,kg CO2e/M.EUR,2022,AR5,Medium,3
EXIOBASE,GB,英國,69,Gasoline Type Jet Fuel,C_GJET,Gasoline Type Jet Fuel 英國,0.0,0.0,0.0,0.0,0.0,kg CO2e/M.EUR,2022,AR5,Medium,3
EXIOBASE,GB,英國,70,Kerosene Type Jet Fuel,C_KJET,Kerosene Type Jet Fuel 英國,42179.00954973614,41706.09621277555,15.87799343737318,0.1069038517514816,827.566357892,kg CO2e/M.EUR,2022,AR5,Medium,3
EXIOBASE,GB,英國,71,Kerosene,C_KERO,煤油 Kerosene kerosene 石化 英國,234622.00661530523,233271.42471678212,36.68932334848196,1.2199277160966109,5333.80934236,kg CO2e/M.EUR,2022,AR5,Medium,3
EXIOBASE,GB,英國,72,Gas/Diesel Oil,C_DOIL,柴油 Gas/Diesel Oil diesel 石化 英國,236914.87271333675,235553.929416011,36.926874340645085,1.2339276067460003,11899.1171167,kg CO2e/M.EUR,2022,AR5,Medium,3
EXIOBASE,GB,英國,73,Heavy Fuel Oil,C_FOIL,Heavy Fuel Oil 英國,231544.77435269585,230208.2532237435,36.35185670684288,1.202525060983881,1784.35253832,kg CO2e/M.EUR,2022,AR5,Medium,3
EXIOBASE,GB,英國,74,Refinery Gas,C_RGAS,Refinery Gas 英國,242227.7668110128,240842.67418749596,37.5020281690113,1.2642861689983833,56.1015252508,kg CO2e/M.EUR,2022,AR5,Medium,3
EXIOBASE,GB,英國,75,Liquefied Petroleum Gases (LPG),C_LPGA,液化石油氣 Liquefied Petroleum Gases (LPG) LPG 瓦斯 石化 英國,238089.24298172872,236722.96952864167,37.05637197422327,1.2403586332407257,1929.35950778,kg CO2e/M.EUR,2022,AR5,Medium,3
EXIOBASE,GB,英國,76,Refinery Feedstocks,C_REFF,Refinery Feedstocks 英國,240339.8984230001,238963.4778704037,37.29658533163263,1.2532685407948887,61.99809417,kg CO2e/M.EUR,2022,AR5,Medium,3
EXIOBASE,GB,英國,77,Ethane,C_ETHA,Ethane 英國,234281.5290157298,232932.57202268817,36.64332071083649,1.218656653351602,43.3338728283,kg CO2e/M.EUR,2022,AR5,Medium,3
EXIOBASE,GB,英國,78,Naphtha,C_NAPT,石腦油 Naphtha naphtha 石化 英國,236090.81918564692,234733.4840750238,36.83733797025722,1.2297722545507803,390.303793795,kg CO2e/M.EUR,2022,AR5,Medium,3
EXIOBASE,GB,英國,79,White Spirit & SBP,C_WHSP,White Spirit & SBP 英國,243372.50147783192,241982.24343117693,37.62507105029229,1.2707775745162009,107.043431923,kg CO2e/M.EUR,2022,AR5,Medium,3
EXIOBASE,GB,英國,80,Lubricants,C_LUBR,潤滑油 Lubricants 機油 lubricants 石化 英國,239249.07831337443,237877.5230561401,37.17715967665858,1.247527495425766,103.988062117,kg CO2e/M.EUR,2022,AR5,Medium,3
EXIOBASE,GB,英國,81,Bitumen,C_BITU,Bitumen 英國,236883.8464010601,235522.91674616,36.92315394560779,1.2342692242380962,88.3011573316,kg CO2e/M.EUR,2022,AR5,Medium,3
EXIOBASE,GB,英國,82,Paraffin Waxes,C_PARW,Paraffin Waxes 英國,241223.75265839332,239843.31073124945,37.39213340040579,1.2583478940851194,8.40756350007,kg CO2e/M.EUR,2022,AR5,Medium,3
EXIOBASE,GB,英國,83,Petroleum Coke,C_PETC,石油焦 Petroleum Coke petroleum coke 石化 英國,243145.1590583721,241755.8945725649,37.60116616158739,1.2695540878596034,85.6850349735,kg CO2e/M.EUR,2022,AR5,Medium,3
EXIOBASE,GB,英國,84,Non-specified Petroleum Products,C_NSPP,Non-specified Petroleum Products 英國,241308.86724032328,239927.9533180781,37.40272791089669,1.2590095876984169,57.5890495068,kg CO2e/M.EUR,2022,AR5,Medium,3
EXIOBASE,GB,英國,85,Nuclear fuel,C_NUCF,Nuclear fuel 英國,4057.203490700576,4010.707387607496,1.5271060292792422,0.0141023934840085,983.584274714,kg CO2e/M.EUR,2022,AR5,Medium,3
EXIOBASE,GB,英國,86,"Plastics, basic",C_PLAS,"塑膠原料 Plastics, basic 塑膠 plastic 樹脂 化工 英國",41210.683259326805,40732.92605177422,15.85612002731838,0.1274937614628747,43052.2874765,kg CO2e/M.EUR,2022,AR5,Medium,3
EXIOBASE,GB,英國,87,"Secondary plastic for treatment, Re-processing of secondary plastic into new plastic",C_PLAW,"Secondary plastic for treatment, Re-processing of secondary plastic into new plastic 英國",0.0,0.0,0.0,0.0,0.0,kg CO2e/M.EUR,2022,AR5,Medium,3
EXIOBASE,GB,英國,88,N-fertiliser,C_NFER,氮肥 N-fertiliser nitrogen fertilizer 肥料 化工 英國,1017820.4008706908,1010682.9503137337,78.81726822681124,18.60591338342024,18.6789989132,kg CO2e/M.EUR,2022,AR5,Medium,3
EXIOBASE,GB,英國,89,P- and other fertiliser,C_PFER,磷肥及其他肥料 P- and other fertiliser phosphorus fertilizer 肥料 化工 英國,325936.16895941,322626.52294477646,30.53737288063709,9.26263990179518,258.069147657,kg CO2e/M.EUR,2022,AR5,Medium,3
EXIOBASE,GB,英國,90,Chemicals nec,C_CHEM,其他化學品 Chemicals nec 化學品 chemicals 化工 英國,44689.465906291545,44217.22067083986,15.06846459684297,0.1899178367550351,22596.4697937,kg CO2e/M.EUR,2022,AR5,Medium,3
EXIOBASE,GB,英國,91,Charcoal,C_CHAR,Charcoal 英國,0.0,0.0,0.0,0.0,0.0,kg CO2e/M.EUR,2022,AR5,Medium,3
EXIOBASE,GB,英國,92,Additives/Blending Components,C_ADDC,Additives/Blending Components 英國,0.0,0.0,0.0,0.0,0.0,kg CO2e/M.EUR,2022,AR5,Medium,3
EXIOBASE,GB,英國,93,Biogasoline,C_BIOG,Biogasoline 英國,44609.85908117773,44139.11937651676,15.140621082429831,0.1766125069922395,11.3809683715,kg CO2e/M.EUR,2022,AR5,Medium,3
EXIOBASE,GB,英國,94,Biodiesels,C_BIOD,Biodiesels 英國,44554.90327256532,44084.00560746773,15.084215408876489,0.183168428864309,189.746423703,kg CO2e/M.EUR,2022,AR5,Medium,3
EXIOBASE,GB,英國,95,Other Liquid Biofuels,C_OBIO,Other Liquid Biofuels 英國,0.0,0.0,0.0,0.0,0.0,kg CO2e/M.EUR,2022,AR5,Medium,3
EXIOBASE,GB,英國,96,Rubber and plastic products (25),C_RUBP,塑橡膠製品 Rubber and plastic products (25) 塑膠 plastic 橡膠 rubber 製造業 英國,31130.298877384997,30994.47565215984,1.8972736864365585,0.3120738188865483,36319.1446493,kg CO2e/M.EUR,2022,AR5,Medium,3
EXIOBASE,GB,英國,97,Glass and glass products,C_GLAS,玻璃製品 Glass and glass products 玻璃 glass 製造業 英國,115565.60692492804,113900.47805609366,54.864347799977615,0.4865174733396584,5133.1416806,kg CO2e/M.EUR,2022,AR5,Medium,3
EXIOBASE,GB,英國,98,"Secondary glass for treatment, Re-processing of secondary glass into new glass",C_GLAW,"Secondary glass for treatment, Re-processing of secondary glass into new glass 英國",0.0,0.0,0.0,0.0,0.0,kg CO2e/M.EUR,2022,AR5,Medium,3
EXIOBASE,GB,英國,99,Ceramic goods,C_CRMC,陶瓷製品 Ceramic goods 陶瓷 ceramic 製造業 英國,120466.1120500644,118588.97932815774,62.42105385313237,0.4880876000714576,1680.39272515,kg CO2e/M.EUR,2022,AR5,Medium,3
EXIOBASE,GB,英國,100,"Bricks, tiles and construction products, in baked clay",C_BRIK,"磚瓦 Bricks, tiles and construction products, in baked clay 磚 tiles 建材 製造業 英國",70810.61081191376,69093.067201664,58.1543972418887,0.3366810848184122,1466.99141286,kg CO2e/M.EUR,2022,AR5,Medium,3
EXIOBASE,GB,英國,101,"Cement, lime and plaster",C_CMNT,"水泥石灰 Cement, lime and plaster 水泥 cement 製造業 英國",374008.3026696046,371526.09046618216,53.873095150554576,3.674586940403514,13178.9512671,kg CO2e/M.EUR,2022,AR5,Medium,3
EXIOBASE,GB,英國,102,"Ash for treatment, Re-processing of ash into clinker",C_ASHW,"Ash for treatment, Re-processing of ash into clinker 英國",0.0,0.0,0.0,0.0,0.0,kg CO2e/M.EUR,2022,AR5,Medium,3
EXIOBASE,GB,英國,103,Other non-metallic mineral products,C_ONMM,Other non-metallic mineral products 英國,91848.3595065827,90123.3208301322,57.04305877512798,0.4823887952714557,3758.83372179,kg CO2e/M.EUR,2022,AR5,Medium,3
EXIOBASE,GB,英國,104,Basic iron and steel and of ferro-alloys and first products thereof,C_STEL,鋼鐵 Basic iron and steel and of ferro-alloys and first products thereof 鐵 steel iron 鋼材 製造業 英國,264733.8546215793,263100.9226138052,36.17805015956394,2.339421144551925,10459.9634056,kg CO2e/M.EUR,2022,AR5,Medium,3
EXIOBASE,GB,英國,105,"Secondary steel for treatment, Re-processing of secondary steel into new steel",C_STEW,"Secondary steel for treatment, Re-processing of secondary steel into new steel 英國",0.0,0.0,0.0,0.0,0.0,kg CO2e/M.EUR,2022,AR5,Medium,3
EXIOBASE,GB,英國,106,Precious metals,C_PREM,Precious metals 英國,29803.97823867209,29385.1921703858,10.70671135603266,0.4490496238391406,1932.54659012,kg CO2e/M.EUR,2022,AR5,Medium,3
EXIOBASE,GB,英國,107,"Secondary preciuos metals for treatment, Re-processing of secondary preciuos metals into new preciuos metals",C_PREW,"Secondary preciuos metals for treatment, Re-processing of secondary preciuos metals into new preciuos metals 英國",0.0,0.0,0.0,0.0,0.0,kg CO2e/M.EUR,2022,AR5,Medium,3
EXIOBASE,GB,英國,108,Aluminium and aluminium products,C_ALUM,鋁製品 Aluminium and aluminium products 鋁 aluminum 製造業 英國,30001.52268626185,29604.169938163574,10.87536078342067,0.3503496081603739,8010.48600955,kg CO2e/M.EUR,2022,AR5,Medium,3
EXIOBASE,GB,英國,109,"Secondary aluminium for treatment, Re-processing of secondary aluminium into new aluminium",C_ALUW,"Secondary aluminium for treatment, Re-processing of secondary aluminium into new aluminium 英國",0.0,0.0,0.0,0.0,0.0,kg CO2e/M.EUR,2022,AR5,Medium,3
EXIOBASE,GB,英國,110,"Lead, zinc and tin and products thereof",C_LZTP,"Lead, zinc and tin and products thereof 英國",27109.16041121882,26783.571765188983,9.72301756297724,0.2012986953451919,1809.01053253,kg CO2e/M.EUR,2022,AR5,Medium,3
EXIOBASE,GB,英國,111,"Secondary lead for treatment, Re-processing of secondary lead into new lead",C_LZTW,"Secondary lead for treatment, Re-processing of secondary lead into new lead 英國",0.0,0.0,0.0,0.0,0.0,kg CO2e/M.EUR,2022,AR5,Medium,3
EXIOBASE,GB,英國,112,Copper products,C_COPP,銅製品 Copper products 銅 copper 製造業 英國,52437.60293139708,51876.694222211176,12.312015619190984,0.815744422070003,3265.40889665,kg CO2e/M.EUR,2022,AR5,Medium,3
EXIOBASE,GB,英國,113,"Secondary copper for treatment, Re-processing of secondary copper into new copper",C_COPW,"Secondary copper for treatment, Re-processing of secondary copper into new copper 英國",0.0,0.0,0.0,0.0,0.0,kg CO2e/M.EUR,2022,AR5,Medium,3
EXIOBASE,GB,英國,114,Other non-ferrous metal products,C_ONFM,Other non-ferrous metal products 英國,40513.96498451921,40005.43986245052,11.586680793544089,0.6947096598092813,1982.9303035,kg CO2e/M.EUR,2022,AR5,Medium,3
EXIOBASE,GB,英國,115,"Secondary other non-ferrous metals for treatment, Re-processing of secondary other non-ferrous metals into new other non-ferrous metals",C_ONFW,"Secondary other non-ferrous metals for treatment, Re-processing of secondary other non-ferrous metals into new other non-ferrous metals 英國",0.0,0.0,0.0,0.0,0.0,kg CO2e/M.EUR,2022,AR5,Medium,3
EXIOBASE,GB,英國,116,Foundry work services,C_METC,Foundry work services 英國,169166.65038621402,167785.08624122903,36.77965598406401,1.3272972733252928,5971.98782572,kg CO2e/M.EUR,2022,AR5,Medium,3
EXIOBASE,GB,英國,117,"Fabricated metal products, except machinery and equipment (28)",C_FABM,"Fabricated metal products, except machinery and equipment (28) 英國",28292.793864054194,28080.974278371326,5.103719113844939,0.2600583037555115,49938.0981286,kg CO2e/M.EUR,2022,AR5,Medium,3
EXIOBASE,GB,英國,118,Machinery and equipment n.e.c. (29),C_MACH,Machinery and equipment n.e.c. (29) 英國,24371.87069244026,24192.17049429869,4.443143539063252,0.208649732255839,61045.7394035,kg CO2e/M.EUR,2022,AR5,Medium,3
EXIOBASE,GB,英國,119,Office machinery and computers (30),C_OFMA,Office machinery and computers (30) 英國,22167.761993869568,21969.53931437577,3.5386782900253326,0.3741120278229891,14161.1973782,kg CO2e/M.EUR,2022,AR5,Medium,3
EXIOBASE,GB,英國,120,Electrical machinery and apparatus n.e.c. (31),C_ELMA,Electrical machinery and apparatus n.e.c. (31) 英國,20589.33210094404,20425.54393410255,4.244714464082604,0.1695704220648119,34291.2255271,kg CO2e/M.EUR,2022,AR5,Medium,3
EXIOBASE,GB,英國,121,"Radio, television and communication equipment and apparatus (32)",C_RATV,"通訊設備 Radio, television and communication equipment and apparatus (32) 通信 communication 電訊 製造業 英國",23346.94031814677,23142.80351250321,3.4274304117944605,0.408183977786089,24957.6787155,kg CO2e/M.EUR,2022,AR5,Medium,3
EXIOBASE,GB,英國,122,"Medical, precision and optical instruments, watches and clocks (33)",C_MEIN,"精密儀器 Medical, precision and optical instruments, watches and clocks (33) 儀器 instruments 醫療器材 製造業 英國",22077.556973734885,21940.62215808521,3.287475460182458,0.1693792557153488,31775.8984927,kg CO2e/M.EUR,2022,AR5,Medium,3
EXIOBASE,GB,英國,123,"Motor vehicles, trailers and semi-trailers (34)",C_MOTO,"Motor vehicles, trailers and semi-trailers (34) 英國",20057.29388199891,19876.79418770801,3.6068427537381873,0.3000305554197501,70668.7464173,kg CO2e/M.EUR,2022,AR5,Medium,3
EXIOBASE,GB,英國,124,Other transport equipment (35),C_OTRE,其他運輸設備 Other transport equipment (35) 運輸設備 transport equipment 製造業 英國,26195.44112941295,26011.81048669668,4.488545031684103,0.2186844597325127,35955.751351,kg CO2e/M.EUR,2022,AR5,Medium,3
EXIOBASE,GB,英國,125,Furniture; other manufactured goods n.e.c. (36),C_FURN,家具 Furniture; other manufactured goods n.e.c. (36) furniture 傢俱 製造業 英國,44808.17149791348,44498.68001040672,7.663346712347085,0.3581803002303336,33818.6761299,kg CO2e/M.EUR,2022,AR5,Medium,3
EXIOBASE,GB,英國,126,Secondary raw materials,C_RYMS,Secondary raw materials 英國,20330.18629915668,19996.143959555764,6.5078702462164735,0.5729131045541681,73.9942944391,kg CO2e/M.EUR,2022,AR5,Medium,3
EXIOBASE,GB,英國,127,"Bottles for treatment, Recycling of bottles by direct reuse",C_BOTW,"Bottles for treatment, Recycling of bottles by direct reuse 英國",0.0,0.0,0.0,0.0,0.0,kg CO2e/M.EUR,2022,AR5,Medium,3
EXIOBASE,GB,英國,128,Electricity by coal,C_POWC,燃煤發電 Electricity by coal 煤電 coal power 火力發電 電力 英國,6941641.01971418,6877473.786881682,47.979776023753566,237.07094001446453,6643.79552679,kg CO2e/M.EUR,2022,AR5,Medium,3
EXIOBASE,GB,英國,129,Electricity by gas,C_POWG,天然氣發電 Electricity by gas 氣電 gas power 燃氣發電 電力 英國,1178135.3608080577,1168872.252646908,312.81394529707114,1.9030856333269728,21204.6630324,kg CO2e/M.EUR,2022,AR5,Medium,3
EXIOBASE,GB,英國,130,Electricity by nuclear,C_POWN,核能發電 Electricity by nuclear 核電 nuclear power 電力 英國,2585.874166756896,2439.2703483204727,0.2214956696208332,0.5298186403284517,4844.24445578,kg CO2e/M.EUR,2022,AR5,Medium,3
EXIOBASE,GB,英國,131,Electricity by hydro,C_POWH,水力發電 Electricity by hydro 水電 hydro power 電力 英國,44545.68115535617,43949.34623592123,1.3087949978316769,2.112032677342109,304.857564938,kg CO2e/M.EUR,2022,AR5,Medium,3
EXIOBASE,GB,英國,132,Electricity by wind,C_POWW,風力發電 Electricity by wind 風電 wind power 電力 英國,3181607.2450026567,3166836.449010988,44.24140656744689,51.06428908596384,368.904147546,kg CO2e/M.EUR,2022,AR5,Medium,3
EXIOBASE,GB,英國,133,Electricity by petroleum and other oil derivatives,C_POWP,燃油發電 Electricity by petroleum and other oil derivatives 油電 oil power 電力 英國,978813.329023302,976059.1500021612,22.07122764130329,8.0610741403181,595.351990689,kg CO2e/M.EUR,2022,AR5,Medium,3
EXIOBASE,GB,英國,134,Electricity by biomass and waste,C_POWB,生質能發電 Electricity by biomass and waste 生質能 biomass 電力 英國,1316180.335267582,1114620.706716384,1038.9324673082538,650.8283753455354,626.795979864,kg CO2e/M.EUR,2022,AR5,Medium,3
EXIOBASE,GB,英國,135,Electricity by solar photovoltaic,C_POWS,太陽能發電 Electricity by solar photovoltaic 太陽能 solar power PV 電力 英國,15802188.36206975,15498276.76051615,406.8154482624863,1103.8519584990615,4.70589744838,kg CO2e/M.EUR,2022,AR5,Medium,3
EXIOBASE,GB,英國,136,Electricity by solar thermal,C_POWE,太陽熱能發電 Electricity by solar thermal 太陽熱能 solar thermal 電力 英國,0.0,0.0,0.0,0.0,0.0,kg CO2e/M.EUR,2022,AR5,Medium,3
EXIOBASE,GB,英國,137,"Electricity by tide, wave, ocean",C_POWO,"海洋能發電 Electricity by tide, wave, ocean 海洋能 ocean power 電力 英國",0.0,0.0,0.0,0.0,0.0,kg CO2e/M.EUR,2022,AR5,Medium,3
EXIOBASE,GB,英國,138,Electricity by Geothermal,C_POWM,地熱發電 Electricity by Geothermal 地熱 geothermal 電力 英國,0.0,0.0,0.0,0.0,0.0,kg CO2e/M.EUR,2022,AR5,Medium,3
EXIOBASE,GB,英國,139,Electricity nec,C_POWZ,其他電力 Electricity nec 電力 electricity 電力 英國,971183.9963549318,962907.0887029306,16.79484964832124,29.459063629615976,118.536605358,kg CO2e/M.EUR,2022,AR5,Medium,3
EXIOBASE,GB,英國,140,Transmission services of electricity,C_POWT,電力輸配 Transmission services of electricity 輸電 transmission 電力 英國,7.948845663132904,7.7982257175750735,0.0051929509956963,1.968799123898948e-05,9053.82179991,kg CO2e/M.EUR,2022,AR5,Medium,3
EXIOBASE,GB,英國,141,Distribution and trade services of electricity,C_POWD,電力配售 Distribution and trade services of electricity 配電 distribution 電力 英國,1239.9707249948412,1227.1662215787687,0.0265781620181059,0.0455106221870394,41122.5441735,kg CO2e/M.EUR,2022,AR5,Medium,3
EXIOBASE,GB,英國,142,Coke oven gas,C_COOG,Coke oven gas 英國,496175.0953852704,494370.38232586696,60.57238965286247,0.410136411785757,83.6961151314,kg CO2e/M.EUR,2022,AR5,Medium,3
EXIOBASE,GB,英國,143,Blast Furnace Gas,C_MBFG,Blast Furnace Gas 英國,496198.5087299756,494393.71469234326,60.57510264458256,0.410155334279177,213.190697478,kg CO2e/M.EUR,2022,AR5,Medium,3
EXIOBASE,GB,英國,144,Oxygen Steel Furnace Gas,C_MOSG,Oxygen Steel Furnace Gas 英國,0.0,0.0,0.0,0.0,0.0,kg CO2e/M.EUR,2022,AR5,Medium,3
EXIOBASE,GB,英國,145,Gas Works Gas,C_MGWG,Gas Works Gas 英國,0.0,0.0,0.0,0.0,0.0,kg CO2e/M.EUR,2022,AR5,Medium,3
EXIOBASE,GB,英國,146,Biogas,C_MBIO,Biogas 英國,495859.7014772069,494056.0703818769,60.53614646161274,0.409882997754121,86.2495745974,kg CO2e/M.EUR,2022,AR5,Medium,3
EXIOBASE,GB,英國,147,Distribution services of gaseous fuels through mains,C_GASD,Distribution services of gaseous fuels through mains 英國,496216.6466890712,494411.79178777896,60.577140570401454,0.4101696804566635,12057.6662288,kg CO2e/M.EUR,2022,AR5,Medium,3
EXIOBASE,GB,英國,148,Steam and hot water supply services,C_HWAT,蒸汽熱水供應 Steam and hot water supply services 蒸汽 steam 能源 英國,1378454.734709378,1365694.4711757672,21.74615359183776,45.854231068073176,52.8006013165,kg CO2e/M.EUR,2022,AR5,Medium,3
EXIOBASE,GB,英國,149,"Collected and purified water, distribution services of water (41)",C_WATR,"Collected and purified water, distribution services of water (41) 英國",3592.0941078141523,3521.6048303788552,2.451966654785931,0.0069215513256247,10360.213951,kg CO2e/M.EUR,2022,AR5,Medium,3
EXIOBASE,GB,英國,150,Construction work (45),C_CONS,Construction work (45) 英國,10255.604094689392,10148.831850913151,2.565831899607445,0.1318073607065327,424482.059938,kg CO2e/M.EUR,2022,AR5,Medium,3
EXIOBASE,GB,英國,151,"Secondary construction material for treatment, Re-processing of secondary construction material into aggregates",C_CONW,"Secondary construction material for treatment, Re-processing of secondary construction material into aggregates 英國",0.0,0.0,0.0,0.0,0.0,kg CO2e/M.EUR,2022,AR5,Medium,3
EXIOBASE,GB,英國,152,"Sale, maintenance, repair of motor vehicles, motor vehicles parts, motorcycles, motor cycles parts and accessoiries",C_TDMO,"Sale, maintenance, repair of motor vehicles, motor vehicles parts, motorcycles, motor cycles parts and accessoiries 英國",11112.023037810835,10948.370149268298,4.257632906197593,0.1676949704490822,94862.5236058,kg CO2e/M.EUR,2022,AR5,Medium,3
EXIOBASE,GB,英國,153,Retail trade services of motor fuel,C_TDFU,Retail trade services of motor fuel 英國,694812.2848233989,688852.3015335657,15.688011992013385,20.83290171342205,5742.47449792,kg CO2e/M.EUR,2022,AR5,Medium,3
EXIOBASE,GB,英國,154,"Wholesale trade and commission trade services, except of motor vehicles and motorcycles (51)",C_TDWH,"Wholesale trade and commission trade services, except of motor vehicles and motorcycles (51) 英國",37661.04345257595,37325.74276598485,4.203825338909972,0.8211078381192949,50187.8572326,kg CO2e/M.EUR,2022,AR5,Medium,3
EXIOBASE,GB,英國,155,"Retail  trade services, except of motor vehicles and motorcycles; repair services of personal and household goods (52)",C_TDRT,"Retail  trade services, except of motor vehicles and motorcycles; repair services of personal and household goods (52) 英國",10009.116648130172,9778.28674879316,7.477194763377066,0.0810130036318981,39150.5274978,kg CO2e/M.EUR,2022,AR5,Medium,3
EXIOBASE,GB,英國,156,Hotel and restaurant services (55),C_HORE,Hotel and restaurant services (55) 英國,22996.86545509278,22722.785134718622,5.736049449699827,0.4281922105002269,235934.408029,kg CO2e/M.EUR,2022,AR5,Medium,3
EXIOBASE,GB,英國,157,Railway transportation services,C_TRAI,Railway transportation services 英國,110834.83984547554,110034.44976610824,5.016090708408541,2.4903378850258804,35388.3761698,kg CO2e/M.EUR,2022,AR5,Medium,3
EXIOBASE,GB,英國,158,Other land transportation services,C_TLND,Other land transportation services 英國,10979.705611868245,10858.632286981929,2.5742966919483536,0.1848793113651493,95241.8239855,kg CO2e/M.EUR,2022,AR5,Medium,3
EXIOBASE,GB,英國,159,Transportation services via pipelines,C_TPIP,Transportation services via pipelines 英國,1674952.7965672326,1663028.0751194626,29.887561909173936,41.8410177898615,686.36012523,kg CO2e/M.EUR,2022,AR5,Medium,3
EXIOBASE,GB,英國,160,Sea and coastal water transportation services,C_TWAS,海運服務 Sea and coastal water transportation services 海運 sea transport 運輸業 英國,966089.0701130974,963297.0344962988,53.12980920207741,4.922267770341733,30166.552874,kg CO2e/M.EUR,2022,AR5,Medium,3
EXIOBASE,GB,英國,161,Inland water transportation services,C_TWAI,Inland water transportation services 英國,4990323.408119346,4954194.965394031,166.4811033987283,118.74328992509402,531.372140953,kg CO2e/M.EUR,2022,AR5,Medium,3
EXIOBASE,GB,英國,162,Air transport services (62),C_TAIR,Air transport services (62) 英國,1066453.2867897602,1055248.1973261908,4.803364449079706,41.775831166019984,47165.462113,kg CO2e/M.EUR,2022,AR5,Medium,3
EXIOBASE,GB,英國,163,Supporting and auxiliary transport services; travel agency services (63),C_TAUX,Supporting and auxiliary transport services; travel agency services (63) 英國,5136.102298627339,5037.5320010005,3.37214497290802,0.0156612769260942,118647.401745,kg CO2e/M.EUR,2022,AR5,Medium,3
EXIOBASE,GB,英國,164,Post and telecommunication services (64),C_PTEL,Post and telecommunication services (64) 英國,6178.076806826707,6078.687978263469,3.298035255817628,0.0265805335862077,131837.107255,kg CO2e/M.EUR,2022,AR5,Medium,3
EXIOBASE,GB,英國,165,"Financial intermediation services, except insurance and pension funding services (65)",C_FINT,"Financial intermediation services, except insurance and pension funding services (65) 英國",6818.969913844488,6636.88347791719,6.37271490747085,0.0137751642192967,174981.332495,kg CO2e/M.EUR,2022,AR5,Medium,3
EXIOBASE,GB,英國,166,"Insurance and pension funding services, except compulsory social security services (66)",C_FINS,"Insurance and pension funding services, except compulsory social security services (66) 英國",3297.402845458586,3206.399472886329,3.166929766547791,0.0087899589015795,94271.9062079,kg CO2e/M.EUR,2022,AR5,Medium,3
EXIOBASE,GB,英國,167,Services auxiliary to financial intermediation (67),C_FAUX,Services auxiliary to financial intermediation (67) 英國,5654.456331647922,5554.291662645436,3.3547331994478338,0.0235175072375322,28870.3410243,kg CO2e/M.EUR,2022,AR5,Medium,3
EXIOBASE,GB,英國,168,Real estate services (70),C_REAL,Real estate services (70) 英國,7073.612743306557,6923.273434936875,4.889248661248599,0.0507182862442325,400368.327055,kg CO2e/M.EUR,2022,AR5,Medium,3
EXIOBASE,GB,英國,169,Renting services of machinery and equipment without operator and of personal and household goods (71),C_MARE,Renting services of machinery and equipment without operator and of personal and household goods (71) 英國,22142.27150522928,21855.78711602105,6.018847088121211,0.4451195122295751,56924.3898527,kg CO2e/M.EUR,2022,AR5,Medium,3
EXIOBASE,GB,英國,170,Computer and related services (72),C_COMP,Computer and related services (72) 英國,19777.725292744024,19544.623053473955,4.686737992862119,0.3844285866789789,145626.413515,kg CO2e/M.EUR,2022,AR5,Medium,3
EXIOBASE,GB,英國,171,Research and development services (73),C_RESD,Research and development services (73) 英國,45779.52664785661,45275.88040812399,9.743480686123451,0.8710520019666758,21813.821967,kg CO2e/M.EUR,2022,AR5,Medium,3
EXIOBASE,GB,英國,172,Other business services (74),C_OBUS,Other business services (74) 英國,13715.467979476429,13511.690661428322,6.447259309846853,0.0877511598958279,424338.09844,kg CO2e/M.EUR,2022,AR5,Medium,3
EXIOBASE,GB,英國,173,Public administration and defence services; compulsory social security services (75),C_PADF,Public administration and defence services; compulsory social security services (75) 英國,4465.61820503083,4354.6013148651255,3.800247860007485,0.0173960380584693,238875.453934,kg CO2e/M.EUR,2022,AR5,Medium,3
EXIOBASE,GB,英國,174,Education services (80),C_EDUC,Education services (80) 英國,6015.001623411199,5892.621831257182,4.22241725376328,0.0156683360326272,265327.771814,kg CO2e/M.EUR,2022,AR5,Medium,3
EXIOBASE,GB,英國,175,Health and social work services (85),C_HEAL,Health and social work services (85) 英國,7084.92876354135,6924.798791627679,5.588578513503051,0.0137727303229676,328676.157644,kg CO2e/M.EUR,2022,AR5,Medium,3
EXIOBASE,GB,英國,176,Food waste for treatment: incineration,C_INCF,食物廢棄物焚化 Food waste for treatment: incineration 廚餘 food waste 廢棄物處理 英國,25234.9541248503,8172.664556045057,225.65373141884567,40.543339958783264,833.131503587,kg CO2e/M.EUR,2022,AR5,Medium,3
EXIOBASE,GB,英國,177,Paper waste for treatment: incineration,C_INCP,紙類廢棄物焚化 Paper waste for treatment: incineration 廢紙 paper waste 廢棄物處理 英國,29259.23781834798,9290.689431976574,264.6300889599313,47.39209771884277,847.338123179,kg CO2e/M.EUR,2022,AR5,Medium,3
EXIOBASE,GB,英國,178,Plastic waste for treatment: incineration,C_INCL,塑膠廢棄物焚化 Plastic waste for treatment: incineration 塑膠廢棄物 plastic waste 廢塑膠 廢棄物處理 英國,2284935.718706488,2251042.3028188767,438.3732914964897,81.58099519135715,199.056714366,kg CO2e/M.EUR,2022,AR5,Medium,3
EXIOBASE,GB,英國,179,Intert/metal waste for treatment: incineration,C_INCM,惰性金屬廢棄物焚化 Intert/metal waste for treatment: incineration 金屬廢棄物 metal waste 廢棄物處理 英國,1693126.547755598,1668728.699158803,285.9112948118695,61.85785789457422,1206.3475751,kg CO2e/M.EUR,2022,AR5,Medium,3
EXIOBASE,GB,英國,180,Textiles waste for treatment: incineration,C_INCT,紡織廢棄物焚化 Textiles waste for treatment: incineration 紡織廢棄物 textile waste 廢棄物處理 廢棄物處理 英國,2535253.449365,2499551.992854779,457.188629863293,86.41575424169523,185.496247965,kg CO2e/M.EUR,2022,AR5,Medium,3
EXIOBASE,GB,英國,181,Wood waste for treatment: incineration,C_INCW,木材廢棄物焚化 Wood waste for treatment: incineration 木材廢棄物 wood waste 廢棄物處理 英國,37843.92698300904,17745.900484067366,266.34344228626253,47.69966081104271,215.422807049,kg CO2e/M.EUR,2022,AR5,Medium,3
EXIOBASE,GB,英國,182,Oil/hazardous waste for treatment: incineration,C_INCO,油類有害廢棄物焚化 Oil/hazardous waste for treatment: incineration 有害廢棄物 hazardous waste 廢棄物處理 英國,327020.7737791487,323258.61994878645,45.76504057551988,9.361255449991171,811.374875657,kg CO2e/M.EUR,2022,AR5,Medium,3
EXIOBASE,GB,英國,183,Food waste for treatment: biogasification and land application,C_BIOF,Food waste for treatment: biogasification and land application 英國,57494.89105101999,57074.61456219638,12.270109206852538,0.2894846454028051,66.0821221764,kg CO2e/M.EUR,2022,AR5,Medium,3
EXIOBASE,GB,英國,184,Paper waste for treatment: biogasification and land application,C_BIOP,Paper waste for treatment: biogasification and land application 英國,170350.80572078069,168435.93285098797,53.628683784233495,1.5595083918271166,7.88340732838,kg CO2e/M.EUR,2022,AR5,Medium,3
EXIOBASE,GB,英國,185,Sewage sludge for treatment: biogasification and land application,C_BIOS,Sewage sludge for treatment: biogasification and land application 英國,7830.12002175754,7643.6606514980995,5.934522691635154,0.076576358089266,4169.02938647,kg CO2e/M.EUR,2022,AR5,Medium,3
EXIOBASE,GB,英國,186,Food waste for treatment: composting and land application,C_COMF,Food waste for treatment: composting and land application 英國,5378.645226624329,5187.509729376835,5.877191084231695,0.1002797995811579,8022.56128015,kg CO2e/M.EUR,2022,AR5,Medium,3
EXIOBASE,GB,英國,187,Paper and wood waste for treatment: composting and land application,C_COMW,Paper and wood waste for treatment: composting and land application 英國,0.0,0.0,0.0,0.0,0.0,kg CO2e/M.EUR,2022,AR5,Medium,3
EXIOBASE,GB,英國,188,Food waste for treatment: waste water treatment,C_WASF,Food waste for treatment: waste water treatment 英國,7014.57657489792,6810.301819140629,6.550875579073527,0.0786801492197442,1059.53342599,kg CO2e/M.EUR,2022,AR5,Medium,3
EXIOBASE,GB,英國,189,Other waste for treatment: waste water treatment,C_WASO,Other waste for treatment: waste water treatment 英國,5461.278705391338,5260.265912526175,6.5156902490075,0.0700885505394436,2131.42881665,kg CO2e/M.EUR,2022,AR5,Medium,3
EXIOBASE,GB,英國,190,Food waste for treatment: landfill,C_LANF,Food waste for treatment: landfill 英國,5121.125362688839,4931.8632356064245,5.878122650129008,0.0931120485992558,4227.32126868,kg CO2e/M.EUR,2022,AR5,Medium,3
EXIOBASE,GB,英國,191,Paper for treatment: landfill,C_LANP,Paper for treatment: landfill 英國,6241.014961701951,6046.852767858414,6.179720964996457,0.079735874806174,3472.02720769,kg CO2e/M.EUR,2022,AR5,Medium,3
EXIOBASE,GB,英國,192,Plastic waste for treatment: landfill,C_LANL,Plastic waste for treatment: landfill 英國,7884.1109723593745,7677.809816923138,6.756762557370073,0.0645728446410376,2043.91993459,kg CO2e/M.EUR,2022,AR5,Medium,3
EXIOBASE,GB,英國,193,Inert/metal/hazardous waste for treatment: landfill,C_LANI,Inert/metal/hazardous waste for treatment: landfill 英國,6506.994508376256,6321.3218269682575,5.880571861345596,0.0793081860012152,3706.39361433,kg CO2e/M.EUR,2022,AR5,Medium,3
EXIOBASE,GB,英國,194,Textiles waste for treatment: landfill,C_LANT,Textiles waste for treatment: landfill 英國,11256.47803678328,11048.261147165864,6.842766260513197,0.0627148465020584,598.075439355,kg CO2e/M.EUR,2022,AR5,Medium,3
EXIOBASE,GB,英國,195,Wood waste for treatment: landfill,C_LANW,Wood waste for treatment: landfill 英國,9643.306748275165,9431.510003158524,6.945207570647802,0.0653997476924709,1064.11282707,kg CO2e/M.EUR,2022,AR5,Medium,3
EXIOBASE,GB,英國,196,Membership organisation services n.e.c. (91),C_ORGA,Membership organisation services n.e.c. (91) 英國,6469.192628008223,6337.63955789952,4.527113183869036,0.0180901923032827,32460.1081028,kg CO2e/M.EUR,2022,AR5,Medium,3
EXIOBASE,GB,英國,197,"Recreational, cultural and sporting services (92)",C_RECR,"Recreational, cultural and sporting services (92) 英國",4768.17200378643,4614.891206122734,5.177036498319488,0.0314104743801898,113278.130992,kg CO2e/M.EUR,2022,AR5,Medium,3
EXIOBASE,GB,英國,198,Other services (93),C_OSER,Other services (93) 英國,6972.954136340145,6841.700834380137,4.514900580279406,0.0182493800459796,25814.5347488,kg CO2e/M.EUR,2022,AR5,Medium,3
EXIOBASE,GB,英國,199,Private households with employed persons (95),C_PRHH,家庭雇用人員 Private households with employed persons (95) 家庭服務 household 服務業 英國,3382.0899095226027,3228.509100202506,5.376765284702313,0.0114391748997418,9259.06804287,kg CO2e/M.EUR,2022,AR5,Medium,3
EXIOBASE,GB,英國,200,Extra-territorial organizations and bodies,C_EXTO,Extra-territorial organizations and bodies 英國,0.0,0.0,0.0,0.0,0.0,kg CO2e/M.EUR,2022,AR5,Medium,3
EXIOBASE,JP,日本,1,Paddy rice,C_PARI,稻米 Paddy rice 水稻 稻穀 rice paddy 農業 日本,39711.2060970358,39265.31340338432,0.9420250904163944,1.5830792117729449,26159.5140983,kg CO2e/M.EUR,2022,AR5,Medium,3
EXIOBASE,JP,日本,2,Wheat,C_WHEA,小麥 Wheat 麵粉 wheat flour 農業 日本,1056116.8233760349,1043805.4041886452,16.20663539611407,44.745786401125926,1547.08902943,kg CO2e/M.EUR,2022,AR5,Medium,3
EXIOBASE,JP,日本,3,Cereal grains nec,C_OCER,其他穀物 Cereal grains nec 穀物 grains cereals 雜糧 農業 日本,37701.53882728086,37330.24465256118,1.0231630679842914,1.293002297419335,625.673619653,kg CO2e/M.EUR,2022,AR5,Medium,3
EXIOBASE,JP,日本,4,"Vegetables, fruit, nuts",C_FVEG,"蔬菜水果堅果 Vegetables, fruit, nuts 蔬果 vegetables fruits nuts 農產品 農業 日本",8894.108374520509,8780.14342236235,1.3183458893522098,0.2907594990803683,38258.2814714,kg CO2e/M.EUR,2022,AR5,Medium,3
EXIOBASE,JP,日本,5,Oil seeds,C_OILS,油料作物 Oil seeds 油籽 oilseeds 大豆 soybean 農業 日本,240901.6391815056,238029.21204011404,13.69894404532363,9.391912106122506,13.9386728421,kg CO2e/M.EUR,2022,AR5,Medium,3
EXIOBASE,JP,日本,6,"Sugar cane, sugar beet",C_SUGB,"甘蔗甜菜 Sugar cane, sugar beet 甘蔗 sugar cane 甜菜 sugar beet 農業 日本",39323.209096299455,38949.99194572594,0.8548941693402254,1.318038165403741,1042.28729165,kg CO2e/M.EUR,2022,AR5,Medium,3
EXIOBASE,JP,日本,7,Plant-based fibers,C_FIBR,植物纖維 Plant-based fibers 纖維 fibers 棉花 cotton 農業 日本,6724.101498446876,6531.97672841461,3.042878813647172,0.4034874084911107,4.55522690803,kg CO2e/M.EUR,2022,AR5,Medium,3
EXIOBASE,JP,日本,8,Crops nec,C_OTCR,其他作物 Crops nec 作物 crops 農作物 農業 日本,2714.5527527118934,2677.1152263867198,0.2867606430840905,0.1109744464861115,11628.2487879,kg CO2e/M.EUR,2022,AR5,Medium,3
EXIOBASE,JP,日本,9,Cattle,C_CATL,牛 Cattle 肉牛 cattle beef 牛肉 畜牧業 日本,5584.508730513197,5485.484013849101,0.8563429757381233,0.2831966541261494,8036.18384706,kg CO2e/M.EUR,2022,AR5,Medium,3
EXIOBASE,JP,日本,10,Pigs,C_PIGS,豬 Pigs 豬肉 pigs pork 畜牧業 日本,6079.137650039567,5983.120092853988,1.0260766649251651,0.2539147568591498,5189.34674002,kg CO2e/M.EUR,2022,AR5,Medium,3
EXIOBASE,JP,日本,11,Poultry,C_PLTR,家禽 Poultry 雞 禽類 chicken poultry 畜牧業 日本,4514.655990554116,4445.920259062848,0.6540907009043322,0.1902686485507403,7463.51094385,kg CO2e/M.EUR,2022,AR5,Medium,3
EXIOBASE,JP,日本,12,Meat animals nec,C_OMEA,其他肉用動物 Meat animals nec 肉品 meat 動物 畜牧業 日本,21663.365139696434,21313.596803919478,0.6828740397465265,1.2477277836379497,573.185627259,kg CO2e/M.EUR,2022,AR5,Medium,3
EXIOBASE,JP,日本,13,Animal products nec,C_OANP,其他畜產品 Animal products nec 畜產品 animal products 畜牧業 日本,50264.28584176172,49792.43468204301,0.9059397017857242,1.6848484832781374,2347.55998399,kg CO2e/M.EUR,2022,AR5,Medium,3
EXIOBASE,JP,日本,14,Raw milk,C_MILK,鮮乳 Raw milk 牛奶 milk 乳品 畜牧業 日本,21586.02403985445,21363.918124469204,2.0334348705441965,0.6232820340000313,7004.00979063,kg CO2e/M.EUR,2022,AR5,Medium,3
EXIOBASE,JP,日本,15,"Wool, silk-worm cocoons",C_WOOL,"羊毛蠶繭 Wool, silk-worm cocoons 羊毛 wool 蠶絲 silk 畜牧業 日本",146537303.4834795,145261216.76065105,2689.5416567295515,4531.243609207665,0.0196324981606,kg CO2e/M.EUR,2022,AR5,Medium,3
EXIOBASE,JP,日本,16,Manure (conventional treatment),C_MANC,Manure (conventional treatment) 日本,0.0,0.0,0.0,0.0,0.0,kg CO2e/M.EUR,2022,AR5,Medium,3
EXIOBASE,JP,日本,17,Manure (biogas treatment),C_MANB,Manure (biogas treatment) 日本,0.0,0.0,0.0,0.0,0.0,kg CO2e/M.EUR,2022,AR5,Medium,3
EXIOBASE,JP,日本,18,"Products of forestry, logging and related services (02)",C_FORE,"林業產品 Products of forestry, logging and related services (02) 木材 forestry 林產 木頭 林業 日本",19452.45376029576,3335.366442622979,38.366831560380575,56.76534352446084,13676.5720572,kg CO2e/M.EUR,2022,AR5,Medium,3
EXIOBASE,JP,日本,19,Fish and other fishing products; services incidental of fishing (05),C_FISH,漁業產品 Fish and other fishing products; services incidental of fishing (05) 魚類 fish 海鮮 seafood 水產 漁業 日本,24763.539192078548,24491.10674341997,0.9035116896236292,0.932581589996651,17525.1137418,kg CO2e/M.EUR,2022,AR5,Medium,3
EXIOBASE,JP,日本,20,Anthracite,C_ANTH,無煙煤 Anthracite 煤炭 coal anthracite 礦業 日本,0.0,0.0,0.0,0.0,0.0,kg CO2e/M.EUR,2022,AR5,Medium,3
EXIOBASE,JP,日本,21,Coking Coal,C_COKC,焦煤 Coking Coal 煉焦煤 coking coal 礦業 日本,29620250.70583072,29431596.33163858,108.62809119842174,700.4256137305014,1175.38546844,kg CO2e/M.EUR,2022,AR5,Medium,3
EXIOBASE,JP,日本,22,Other Bituminous Coal,C_OTBC,煙煤 Other Bituminous Coal 瀝青煤 bituminous coal 礦業 日本,0.0,0.0,0.0,0.0,0.0,kg CO2e/M.EUR,2022,AR5,Medium,3
EXIOBASE,JP,日本,23,Sub-Bituminous Coal,C_SUBC,Sub-Bituminous Coal 日本,0.0,0.0,0.0,0.0,0.0,kg CO2e/M.EUR,2022,AR5,Medium,3
EXIOBASE,JP,日本,24,Patent Fuel,C_PATF,Patent Fuel 日本,0.0,0.0,0.0,0.0,0.0,kg CO2e/M.EUR,2022,AR5,Medium,3
EXIOBASE,JP,日本,25,Lignite/Brown Coal,C_LIBC,Lignite/Brown Coal 日本,0.0,0.0,0.0,0.0,0.0,kg CO2e/M.EUR,2022,AR5,Medium,3
EXIOBASE,JP,日本,26,BKB/Peat Briquettes,C_BKBP,BKB/Peat Briquettes 日本,0.0,0.0,0.0,0.0,0.0,kg CO2e/M.EUR,2022,AR5,Medium,3
EXIOBASE,JP,日本,27,Peat,C_PEAT,Peat 日本,0.0,0.0,0.0,0.0,0.0,kg CO2e/M.EUR,2022,AR5,Medium,3
EXIOBASE,JP,日本,28,"Crude petroleum and services related to crude oil extraction, excluding surveying",C_COIL,"原油 Crude petroleum and services related to crude oil extraction, excluding surveying 石油 petroleum crude oil 礦業 日本",72631.21337368677,71834.26315124324,0.9703781930173264,2.904828803920904,953.435447828,kg CO2e/M.EUR,2022,AR5,Medium,3
EXIOBASE,JP,日本,29,"Natural gas and services related to natural gas extraction, excluding surveying",C_GASE,"天然氣 Natural gas and services related to natural gas extraction, excluding surveying gas natural gas 礦業 日本",36854165.89498135,36694791.022490285,4722.6523214717945,102.4173867541792,192.530920671,kg CO2e/M.EUR,2022,AR5,Medium,3
EXIOBASE,JP,日本,30,Natural Gas Liquids,C_GASL,Natural Gas Liquids 日本,36854166.78074727,36694791.90442608,4722.65243496698,102.4173892155061,41.0609379215,kg CO2e/M.EUR,2022,AR5,Medium,3
EXIOBASE,JP,日本,31,Other Hydrocarbons,C_OGPL,Other Hydrocarbons 日本,0.0,0.0,0.0,0.0,0.0,kg CO2e/M.EUR,2022,AR5,Medium,3
EXIOBASE,JP,日本,32,Uranium and thorium ores (12),C_ORAN,Uranium and thorium ores (12) 日本,0.0,0.0,0.0,0.0,0.0,kg CO2e/M.EUR,2022,AR5,Medium,3
EXIOBASE,JP,日本,33,Iron ores,C_IRON,鐵礦 Iron ores 鐵礦石 iron ore 礦業 日本,9531100635.99072,9414924317.865616,141142.1750569379,423488.0649943776,0.717361578948,kg CO2e/M.EUR,2022,AR5,Medium,3
EXIOBASE,JP,日本,34,Copper ores and concentrates,C_COPO,銅礦 Copper ores and concentrates 銅 copper 礦業 日本,0.0,0.0,0.0,0.0,0.0,kg CO2e/M.EUR,2022,AR5,Medium,3
EXIOBASE,JP,日本,35,Nickel ores and concentrates,C_NIKO,Nickel ores and concentrates 日本,0.0,0.0,0.0,0.0,0.0,kg CO2e/M.EUR,2022,AR5,Medium,3
EXIOBASE,JP,日本,36,Aluminium ores and concentrates,C_ALUO,鋁礦 Aluminium ores and concentrates 鋁 aluminum bauxite 礦業 日本,0.0,0.0,0.0,0.0,0.0,kg CO2e/M.EUR,2022,AR5,Medium,3
EXIOBASE,JP,日本,37,Precious metal ores and concentrates,C_PREO,Precious metal ores and concentrates 日本,32362006.2664716,32045889.77065887,1569.9893544753909,1027.0067693864862,321.305999056,kg CO2e/M.EUR,2022,AR5,Medium,3
EXIOBASE,JP,日本,38,"Lead, zinc and tin ores and concentrates",C_LZTO,"Lead, zinc and tin ores and concentrates 日本",0.0,0.0,0.0,0.0,0.0,kg CO2e/M.EUR,2022,AR5,Medium,3
EXIOBASE,JP,日本,39,Other non-ferrous metal ores and concentrates,C_ONFO,Other non-ferrous metal ores and concentrates 日本,95873067.27800708,94671934.47220889,4548.16492787979,4052.015803085185,61.259719393,kg CO2e/M.EUR,2022,AR5,Medium,3
EXIOBASE,JP,日本,40,Stone,C_STON,Stone 日本,47678.11084747486,47512.54332928203,0.746615781573694,0.5458953822972342,8339.43342298,kg CO2e/M.EUR,2022,AR5,Medium,3
EXIOBASE,JP,日本,41,Sand and clay,C_SDCL,砂土 Sand and clay 沙 sand 黏土 clay 礦業 日本,109820.0114624521,109383.492662573,2.7821740745001478,1.3532751916720889,6096.67060669,kg CO2e/M.EUR,2022,AR5,Medium,3
EXIOBASE,JP,日本,42,"Chemical and fertilizer minerals, salt and other mining and quarrying products n.e.c.",C_CHMF,"Chemical and fertilizer minerals, salt and other mining and quarrying products n.e.c. 日本",466125.516863301,464350.4891187829,10.406346338897611,5.598679422750776,661.263556155,kg CO2e/M.EUR,2022,AR5,Medium,3
EXIOBASE,JP,日本,43,Products of meat cattle,C_PCAT,牛肉製品 Products of meat cattle 牛肉 beef products 食品加工 日本,54132.20127720904,53826.30058765625,5.110849260499244,0.6143279632407534,10291.8127533,kg CO2e/M.EUR,2022,AR5,Medium,3
EXIOBASE,JP,日本,44,Products of meat pigs,C_PPIG,豬肉製品 Products of meat pigs 豬肉 pork products 食品加工 日本,46389.30723120562,46189.65652945723,4.643995025817833,0.2627126076433519,10982.0221627,kg CO2e/M.EUR,2022,AR5,Medium,3
EXIOBASE,JP,日本,45,Products of meat poultry,C_PPLT,禽肉製品 Products of meat poultry 雞肉 chicken products 食品加工 日本,207773.21739437064,206113.97039742267,7.387923747152971,5.480698611425341,4325.40196795,kg CO2e/M.EUR,2022,AR5,Medium,3
EXIOBASE,JP,日本,46,Meat products nec,C_POME,其他肉製品 Meat products nec 肉品 meat products 食品加工 日本,268097.1570521896,266476.59780707926,3.670707047376943,5.727469614278416,2039.89151708,kg CO2e/M.EUR,2022,AR5,Medium,3
EXIOBASE,JP,日本,47,products of Vegetable oils and fats,C_VOIL,植物油脂 products of Vegetable oils and fats 食用油 vegetable oil 油脂 食品加工 日本,81523.64094778121,80872.27418391942,8.279991514510929,1.5831207602093942,1086.82749126,kg CO2e/M.EUR,2022,AR5,Medium,3
EXIOBASE,JP,日本,48,Dairy products,C_DAIR,乳製品 Dairy products 奶製品 dairy 乳品 食品加工 日本,30442.892436446746,30263.90643891956,3.432433811776674,0.3127466067827954,22821.7141524,kg CO2e/M.EUR,2022,AR5,Medium,3
EXIOBASE,JP,日本,49,Processed rice,C_RICE,加工米 Processed rice 白米 processed rice 食品加工 日本,19382.055103211474,19243.99458801459,3.3673646308694867,0.1651860586133603,29939.3449295,kg CO2e/M.EUR,2022,AR5,Medium,3
EXIOBASE,JP,日本,50,Sugar,C_SUGR,糖 Sugar 砂糖 sugar 食品加工 日本,57723.93701772252,57336.99906883811,1.497958355306063,1.3018683582484796,2551.45352444,kg CO2e/M.EUR,2022,AR5,Medium,3
EXIOBASE,JP,日本,51,Food products nec,C_OFOD,其他食品 Food products nec 食品 food products 食品加工 日本,17153.18841930967,16980.385478664786,3.3628617076695857,0.296765331434468,189899.373446,kg CO2e/M.EUR,2022,AR5,Medium,3
EXIOBASE,JP,日本,52,Beverages,C_BEVR,飲料 Beverages 飲品 beverages drinks 食品加工 日本,16478.29346954282,16346.365302092549,3.5156960766167598,0.1263723671886825,77664.892238,kg CO2e/M.EUR,2022,AR5,Medium,3
EXIOBASE,JP,日本,53,Fish products,C_FSHP,魚產品 Fish products 魚製品 fish products 海鮮產品 食品加工 日本,24199.981085430714,23971.805411310608,3.578471898987219,0.4829375884847679,34407.8300729,kg CO2e/M.EUR,2022,AR5,Medium,3
EXIOBASE,JP,日本,54,Tobacco products (16),C_TOBC,菸草製品 Tobacco products (16) 香菸 tobacco cigarettes 食品加工 日本,274982.38941782963,272567.8278556948,5.636320302911558,8.51601733454072,14903.1537765,kg CO2e/M.EUR,2022,AR5,Medium,3
EXIOBASE,JP,日本,55,Textiles (17),C_TEXT,紡織品 Textiles (17) 紡織 textiles 布料 製造業 日本,213469.4914172752,212111.58201010668,1.8704909004298813,4.926549667760399,22371.7099487,kg CO2e/M.EUR,2022,AR5,Medium,3
EXIOBASE,JP,日本,56,Wearing apparel; furs (18),C_GARM,服飾 Wearing apparel; furs (18) 服裝 apparel 衣服 clothing 製造業 日本,147964.38744240106,147041.0221206897,1.248339315839712,3.3524974372370937,25546.8616878,kg CO2e/M.EUR,2022,AR5,Medium,3
EXIOBASE,JP,日本,57,Leather and leather products (19),C_LETH,皮革製品 Leather and leather products (19) 皮革 leather 製造業 日本,91670.0013376697,91669.97923941468,3.290875938018377e-05,7.991248968537769e-05,5249.17639232,kg CO2e/M.EUR,2022,AR5,Medium,3
EXIOBASE,JP,日本,58,Wood and products of wood and cork (except furniture); articles of straw and plaiting materials (20),C_WOOD,木製品 Wood and products of wood and cork (except furniture); articles of straw and plaiting materials (20) 木材製品 wood products 製造業 日本,4569.202110934341,4569.189179610763,3.893824209450707e-05,4.4683218109260205e-05,27691.397698,kg CO2e/M.EUR,2022,AR5,Medium,3
EXIOBASE,JP,日本,59,"Wood material for treatment, Re-processing of secondary wood material into new wood material",C_WOOW,"Wood material for treatment, Re-processing of secondary wood material into new wood material 日本",0.0,0.0,0.0,0.0,0.0,kg CO2e/M.EUR,2022,AR5,Medium,3
EXIOBASE,JP,日本,60,Pulp,C_PULP,Pulp 日本,46524.929559150885,43884.4383110909,6.224402743815229,9.306445174464772,8038.51185708,kg CO2e/M.EUR,2022,AR5,Medium,3
EXIOBASE,JP,日本,61,"Secondary paper for treatment, Re-processing of secondary paper into new pulp",C_PAPR,"Secondary paper for treatment, Re-processing of secondary paper into new pulp 日本",0.0,0.0,0.0,0.0,0.0,kg CO2e/M.EUR,2022,AR5,Medium,3
EXIOBASE,JP,日本,62,Paper and paper products,C_PAPE,紙製品 Paper and paper products 紙 paper 製造業 日本,80238.36579583366,77596.04145261183,8.099216926532378,9.115268940675191,69105.100527,kg CO2e/M.EUR,2022,AR5,Medium,3
EXIOBASE,JP,日本,63,Printed matter and recorded media (22),C_MDIA,印刷品 Printed matter and recorded media (22) 印刷 printed 出版 製造業 日本,21088.56758469332,20941.044218592346,3.0669163146999128,0.2326404124127467,108248.318971,kg CO2e/M.EUR,2022,AR5,Medium,3
EXIOBASE,JP,日本,64,Coke Oven Coke,C_COKE,焦炭 Coke Oven Coke coke 石化 日本,4789232.414475593,4784418.184051241,150.63668956893906,2.25057779781832,5767.75362304,kg CO2e/M.EUR,2022,AR5,Medium,3
EXIOBASE,JP,日本,65,Gas Coke,C_GCOK,Gas Coke 日本,0.0,0.0,0.0,0.0,0.0,kg CO2e/M.EUR,2022,AR5,Medium,3
EXIOBASE,JP,日本,66,Coal Tar,C_COTA,Coal Tar 日本,4789232.420111098,4784418.189681077,150.63668974625216,2.250577800474979,65.5355475891,kg CO2e/M.EUR,2022,AR5,Medium,3
EXIOBASE,JP,日本,67,Motor Gasoline,C_MGSL,汽油 Motor Gasoline gasoline petrol 石化 日本,277577.002073649,276473.37280007213,16.936657246350205,2.3751051723739995,70586.7034534,kg CO2e/M.EUR,2022,AR5,Medium,3
EXIOBASE,JP,日本,68,Aviation Gasoline,C_AGSL,Aviation Gasoline 日本,277577.00207084086,276473.3727972734,16.93665724624355,2.375105172349637,0.724069584476,kg CO2e/M.EUR,2022,AR5,Medium,3
EXIOBASE,JP,日本,69,Gasoline Type Jet Fuel,C_GJET,Gasoline Type Jet Fuel 日本,0.0,0.0,0.0,0.0,0.0,kg CO2e/M.EUR,2022,AR5,Medium,3
EXIOBASE,JP,日本,70,Kerosene Type Jet Fuel,C_KJET,Kerosene Type Jet Fuel 日本,277577.00229100406,276473.37301656173,16.93665725965752,2.375105174233668,2259.30797604,kg CO2e/M.EUR,2022,AR5,Medium,3
EXIOBASE,JP,日本,71,Kerosene,C_KERO,煤油 Kerosene kerosene 石化 日本,277577.0020840943,276473.37281047466,16.936657247009848,2.3751051724655223,27725.3465108,kg CO2e/M.EUR,2022,AR5,Medium,3
EXIOBASE,JP,日本,72,Gas/Diesel Oil,C_DOIL,柴油 Gas/Diesel Oil diesel 石化 日本,277577.0020809371,276473.3728073315,16.936657246797875,2.3751051724347185,29093.4089164,kg CO2e/M.EUR,2022,AR5,Medium,3
EXIOBASE,JP,日本,73,Heavy Fuel Oil,C_FOIL,Heavy Fuel Oil 日本,277577.0021431684,276473.3728693143,16.936657250561947,2.375105172974853,6485.90267323,kg CO2e/M.EUR,2022,AR5,Medium,3
EXIOBASE,JP,日本,74,Refinery Gas,C_RGAS,Refinery Gas 日本,277577.0022925927,276473.3730181439,16.936657259744727,2.3751051742492044,314.887205047,kg CO2e/M.EUR,2022,AR5,Medium,3
EXIOBASE,JP,日本,75,Liquefied Petroleum Gases (LPG),C_LPGA,液化石油氣 Liquefied Petroleum Gases (LPG) LPG 瓦斯 石化 日本,277577.00212566915,276473.37285188737,16.936657249512166,2.375105172812934,5639.85567849,kg CO2e/M.EUR,2022,AR5,Medium,3
EXIOBASE,JP,日本,76,Refinery Feedstocks,C_REFF,Refinery Feedstocks 日本,277577.00238003454,276473.37310523755,16.936657265079106,2.3751051749991925,1146.69676421,kg CO2e/M.EUR,2022,AR5,Medium,3
EXIOBASE,JP,日本,77,Ethane,C_ETHA,Ethane 日本,0.0,0.0,0.0,0.0,0.0,kg CO2e/M.EUR,2022,AR5,Medium,3
EXIOBASE,JP,日本,78,Naphtha,C_NAPT,石腦油 Naphtha naphtha 石化 日本,277577.0020243307,276473.3727509482,16.93665724335176,2.375105171957286,11170.2795385,kg CO2e/M.EUR,2022,AR5,Medium,3
EXIOBASE,JP,日本,79,White Spirit & SBP,C_WHSP,White Spirit & SBP 日本,277577.00208440993,276473.3728107884,16.936657247043303,2.375105172469113,138.333982484,kg CO2e/M.EUR,2022,AR5,Medium,3
EXIOBASE,JP,日本,80,Lubricants,C_LUBR,潤滑油 Lubricants 機油 lubricants 石化 日本,277577.002103825,276473.3728301266,16.9366572482344,2.37510517263313,3605.14142289,kg CO2e/M.EUR,2022,AR5,Medium,3
EXIOBASE,JP,日本,81,Bitumen,C_BITU,Bitumen 日本,277577.00232589105,276473.3730513088,16.936657261805653,2.375105174534644,1139.33212689,kg CO2e/M.EUR,2022,AR5,Medium,3
EXIOBASE,JP,日本,82,Paraffin Waxes,C_PARW,Paraffin Waxes 日本,277577.0088472324,276473.3795467234,16.936657659717206,2.3751052303279456,63.5582383241,kg CO2e/M.EUR,2022,AR5,Medium,3
EXIOBASE,JP,日本,83,Petroleum Coke,C_PETC,石油焦 Petroleum Coke petroleum coke 石化 日本,277577.00557843375,276473.37629092165,16.936657460216303,2.3751052023624304,179.685040462,kg CO2e/M.EUR,2022,AR5,Medium,3
EXIOBASE,JP,日本,84,Non-specified Petroleum Products,C_NSPP,Non-specified Petroleum Products 日本,277577.0033772548,276473.3740984939,16.936657325904697,2.375105183530252,303.989976363,kg CO2e/M.EUR,2022,AR5,Medium,3
EXIOBASE,JP,日本,85,Nuclear fuel,C_NUCF,Nuclear fuel 日本,0.0,0.0,0.0,0.0,230.269609467,kg CO2e/M.EUR,2022,AR5,Medium,3
EXIOBASE,JP,日本,86,"Plastics, basic",C_PLAS,"塑膠原料 Plastics, basic 塑膠 plastic 樹脂 化工 日本",34680.232375338564,34409.92190907423,4.958160465737648,0.496158389523324,27438.0842722,kg CO2e/M.EUR,2022,AR5,Medium,3
EXIOBASE,JP,日本,87,"Secondary plastic for treatment, Re-processing of secondary plastic into new plastic",C_PLAW,"Secondary plastic for treatment, Re-processing of secondary plastic into new plastic 日本",0.0,0.0,0.0,0.0,0.0,kg CO2e/M.EUR,2022,AR5,Medium,3
EXIOBASE,JP,日本,88,N-fertiliser,C_NFER,氮肥 N-fertiliser nitrogen fertilizer 肥料 化工 日本,938910.0493742618,932777.8079653946,32.19595948506356,19.73869638975585,152.809918021,kg CO2e/M.EUR,2022,AR5,Medium,3
EXIOBASE,JP,日本,89,P- and other fertiliser,C_PFER,磷肥及其他肥料 P- and other fertiliser phosphorus fertilizer 肥料 化工 日本,133821.37096311714,132398.7900541917,17.977523406953217,3.4687179378519635,5795.07235767,kg CO2e/M.EUR,2022,AR5,Medium,3
EXIOBASE,JP,日本,90,Chemicals nec,C_CHEM,其他化學品 Chemicals nec 化學品 chemicals 化工 日本,167031.02466219594,166181.16926116348,7.25030757005101,2.44093127951322,241986.305251,kg CO2e/M.EUR,2022,AR5,Medium,3
EXIOBASE,JP,日本,91,Charcoal,C_CHAR,Charcoal 日本,167031.03322819714,166181.17778358277,7.250307941851672,2.440931404688756,5.01790306064,kg CO2e/M.EUR,2022,AR5,Medium,3
EXIOBASE,JP,日本,92,Additives/Blending Components,C_ADDC,Additives/Blending Components 日本,0.0,0.0,0.0,0.0,0.0,kg CO2e/M.EUR,2022,AR5,Medium,3
EXIOBASE,JP,日本,93,Biogasoline,C_BIOG,Biogasoline 日本,0.0,0.0,0.0,0.0,0.0,kg CO2e/M.EUR,2022,AR5,Medium,3
EXIOBASE,JP,日本,94,Biodiesels,C_BIOD,Biodiesels 日本,0.0,0.0,0.0,0.0,0.0,kg CO2e/M.EUR,2022,AR5,Medium,3
EXIOBASE,JP,日本,95,Other Liquid Biofuels,C_OBIO,Other Liquid Biofuels 日本,0.0,0.0,0.0,0.0,0.0,kg CO2e/M.EUR,2022,AR5,Medium,3
EXIOBASE,JP,日本,96,Rubber and plastic products (25),C_RUBP,塑橡膠製品 Rubber and plastic products (25) 塑膠 plastic 橡膠 rubber 製造業 日本,3402.552392759194,3384.552159125984,0.0786417561748103,0.0596160923030763,131347.717053,kg CO2e/M.EUR,2022,AR5,Medium,3
EXIOBASE,JP,日本,97,Glass and glass products,C_GLAS,玻璃製品 Glass and glass products 玻璃 glass 製造業 日本,231455.23466054,229963.7987790284,6.642874623193693,4.926171290800563,17861.4422289,kg CO2e/M.EUR,2022,AR5,Medium,3
EXIOBASE,JP,日本,98,"Secondary glass for treatment, Re-processing of secondary glass into new glass",C_GLAW,"Secondary glass for treatment, Re-processing of secondary glass into new glass 日本",0.0,0.0,0.0,0.0,0.0,kg CO2e/M.EUR,2022,AR5,Medium,3
EXIOBASE,JP,日本,99,Ceramic goods,C_CRMC,陶瓷製品 Ceramic goods 陶瓷 ceramic 製造業 日本,243617.26323795388,241852.2468581581,16.056842534133924,4.963867127698453,9543.78836457,kg CO2e/M.EUR,2022,AR5,Medium,3
EXIOBASE,JP,日本,100,"Bricks, tiles and construction products, in baked clay",C_BRIK,"磚瓦 Bricks, tiles and construction products, in baked clay 磚 tiles 建材 製造業 日本",1143238.1433453436,1135983.927599206,18.16800422832756,25.45476085941286,2276.0219627,kg CO2e/M.EUR,2022,AR5,Medium,3
EXIOBASE,JP,日本,101,"Cement, lime and plaster",C_CMNT,"水泥石灰 Cement, lime and plaster 水泥 cement 製造業 日本",612524.90334277,608571.6597670255,10.57880095333242,13.800140185098424,4001.81076528,kg CO2e/M.EUR,2022,AR5,Medium,3
EXIOBASE,JP,日本,102,"Ash for treatment, Re-processing of ash into clinker",C_ASHW,"Ash for treatment, Re-processing of ash into clinker 日本",0.0,0.0,0.0,0.0,0.0,kg CO2e/M.EUR,2022,AR5,Medium,3
EXIOBASE,JP,日本,103,Other non-metallic mineral products,C_ONMM,Other non-metallic mineral products 日本,230284.60765474432,228214.9108455848,22.77095789916122,5.404188633898242,37769.5341783,kg CO2e/M.EUR,2022,AR5,Medium,3
EXIOBASE,JP,日本,104,Basic iron and steel and of ferro-alloys and first products thereof,C_STEL,鋼鐵 Basic iron and steel and of ferro-alloys and first products thereof 鐵 steel iron 鋼材 製造業 日本,253896.0737210989,252754.93765072056,24.030103016278996,1.7671440978206776,212405.12581,kg CO2e/M.EUR,2022,AR5,Medium,3
EXIOBASE,JP,日本,105,"Secondary steel for treatment, Re-processing of secondary steel into new steel",C_STEW,"Secondary steel for treatment, Re-processing of secondary steel into new steel 日本",0.0,0.0,0.0,0.0,0.0,kg CO2e/M.EUR,2022,AR5,Medium,3
EXIOBASE,JP,日本,106,Precious metals,C_PREM,Precious metals 日本,36131.21934804649,35811.23858698094,9.700627858882648,0.1825025698748755,2615.48830221,kg CO2e/M.EUR,2022,AR5,Medium,3
EXIOBASE,JP,日本,107,"Secondary preciuos metals for treatment, Re-processing of secondary preciuos metals into new preciuos metals",C_PREW,"Secondary preciuos metals for treatment, Re-processing of secondary preciuos metals into new preciuos metals 日本",0.0,0.0,0.0,0.0,0.0,kg CO2e/M.EUR,2022,AR5,Medium,3
EXIOBASE,JP,日本,108,Aluminium and aluminium products,C_ALUM,鋁製品 Aluminium and aluminium products 鋁 aluminum 製造業 日本,9091.463907051142,9046.819148053994,0.262082614315248,0.1407790407408318,17109.5947277,kg CO2e/M.EUR,2022,AR5,Medium,3
EXIOBASE,JP,日本,109,"Secondary aluminium for treatment, Re-processing of secondary aluminium into new aluminium",C_ALUW,"Secondary aluminium for treatment, Re-processing of secondary aluminium into new aluminium 日本",0.0,0.0,0.0,0.0,0.0,kg CO2e/M.EUR,2022,AR5,Medium,3
EXIOBASE,JP,日本,110,"Lead, zinc and tin and products thereof",C_LZTP,"Lead, zinc and tin and products thereof 日本",312140.82220447593,309812.4072192398,15.024828388123703,7.198942605164884,2359.9885465,kg CO2e/M.EUR,2022,AR5,Medium,3
EXIOBASE,JP,日本,111,"Secondary lead for treatment, Re-processing of secondary lead into new lead",C_LZTW,"Secondary lead for treatment, Re-processing of secondary lead into new lead 日本",0.0,0.0,0.0,0.0,0.0,kg CO2e/M.EUR,2022,AR5,Medium,3
EXIOBASE,JP,日本,112,Copper products,C_COPP,銅製品 Copper products 銅 copper 製造業 日本,26152.558745881957,26003.942000261115,3.503385893849498,0.1906488324266049,13472.2633897,kg CO2e/M.EUR,2022,AR5,Medium,3
EXIOBASE,JP,日本,113,"Secondary copper for treatment, Re-processing of secondary copper into new copper",C_COPW,"Secondary copper for treatment, Re-processing of secondary copper into new copper 日本",0.0,0.0,0.0,0.0,0.0,kg CO2e/M.EUR,2022,AR5,Medium,3
EXIOBASE,JP,日本,114,Other non-ferrous metal products,C_ONFM,Other non-ferrous metal products 日本,41886.71514015239,41551.029579910166,4.610829501044275,0.7795559781621897,9130.36436044,kg CO2e/M.EUR,2022,AR5,Medium,3
EXIOBASE,JP,日本,115,"Secondary other non-ferrous metals for treatment, Re-processing of secondary other non-ferrous metals into new other non-ferrous metals",C_ONFW,"Secondary other non-ferrous metals for treatment, Re-processing of secondary other non-ferrous metals into new other non-ferrous metals 日本",0.0,0.0,0.0,0.0,0.0,kg CO2e/M.EUR,2022,AR5,Medium,3
EXIOBASE,JP,日本,116,Foundry work services,C_METC,Foundry work services 日本,270615.08204975905,269235.4766155239,25.91713013119025,2.467644492686081,27075.578485,kg CO2e/M.EUR,2022,AR5,Medium,3
EXIOBASE,JP,日本,117,"Fabricated metal products, except machinery and equipment (28)",C_FABM,"Fabricated metal products, except machinery and equipment (28) 日本",5457.357929974987,5391.228438488654,1.7490173109490394,0.0647434218104166,130401.892516,kg CO2e/M.EUR,2022,AR5,Medium,3
EXIOBASE,JP,日本,118,Machinery and equipment n.e.c. (29),C_MACH,Machinery and equipment n.e.c. (29) 日本,6312.050988420775,6253.973734908815,1.7244150245041658,0.0369571050031847,345456.511066,kg CO2e/M.EUR,2022,AR5,Medium,3
EXIOBASE,JP,日本,119,Office machinery and computers (30),C_OFMA,Office machinery and computers (30) 日本,4133.868418143753,4087.915962605425,1.1651744565936015,0.0502927198253101,55059.1583024,kg CO2e/M.EUR,2022,AR5,Medium,3
EXIOBASE,JP,日本,120,Electrical machinery and apparatus n.e.c. (31),C_ELMA,Electrical machinery and apparatus n.e.c. (31) 日本,4155.989421580542,4110.402504854811,1.190469692235561,0.0462406239363558,182703.899794,kg CO2e/M.EUR,2022,AR5,Medium,3
EXIOBASE,JP,日本,121,"Radio, television and communication equipment and apparatus (32)",C_RATV,"通訊設備 Radio, television and communication equipment and apparatus (32) 通信 communication 電訊 製造業 日本",5631.660242440193,5575.754047728963,1.8224326935590984,0.0184078463833014,258553.200993,kg CO2e/M.EUR,2022,AR5,Medium,3
EXIOBASE,JP,日本,122,"Medical, precision and optical instruments, watches and clocks (33)",C_MEIN,"精密儀器 Medical, precision and optical instruments, watches and clocks (33) 儀器 instruments 醫療器材 製造業 日本",18615.783822706544,18545.322512764506,0.2750382169635219,0.2368310938379725,53693.6302207,kg CO2e/M.EUR,2022,AR5,Medium,3
EXIOBASE,JP,日本,123,"Motor vehicles, trailers and semi-trailers (34)",C_MOTO,"Motor vehicles, trailers and semi-trailers (34) 日本",7360.109986733077,7310.717595717876,0.0639827158725079,0.1796259432859271,468653.955469,kg CO2e/M.EUR,2022,AR5,Medium,3
EXIOBASE,JP,日本,124,Other transport equipment (35),C_OTRE,其他運輸設備 Other transport equipment (35) 運輸設備 transport equipment 製造業 日本,3380.684653537834,3364.407486868102,0.0191206695552729,0.0594029732912622,55412.7997321,kg CO2e/M.EUR,2022,AR5,Medium,3
EXIOBASE,JP,日本,125,Furniture; other manufactured goods n.e.c. (36),C_FURN,家具 Furniture; other manufactured goods n.e.c. (36) furniture 傢俱 製造業 日本,67014.68270082772,66399.79212076848,20.221441367821416,0.1837366858876593,55449.7016199,kg CO2e/M.EUR,2022,AR5,Medium,3
EXIOBASE,JP,日本,126,Secondary raw materials,C_RYMS,Secondary raw materials 日本,45226.56952544045,45055.670970193314,0.6951062124309113,0.571455023770058,7725.25752033,kg CO2e/M.EUR,2022,AR5,Medium,3
EXIOBASE,JP,日本,127,"Bottles for treatment, Recycling of bottles by direct reuse",C_BOTW,"Bottles for treatment, Recycling of bottles by direct reuse 日本",0.0,0.0,0.0,0.0,0.0,kg CO2e/M.EUR,2022,AR5,Medium,3
EXIOBASE,JP,日本,128,Electricity by coal,C_POWC,燃煤發電 Electricity by coal 煤電 coal power 火力發電 電力 日本,6155542.894279783,6116564.918242155,24.66716790985584,144.48035975906544,35278.0304024,kg CO2e/M.EUR,2022,AR5,Medium,3
EXIOBASE,JP,日本,129,Electricity by gas,C_POWG,天然氣發電 Electricity by gas 氣電 gas power 燃氣發電 電力 日本,5591501.819954003,5578920.121218529,317.5469157713636,13.925981486325744,40715.9597025,kg CO2e/M.EUR,2022,AR5,Medium,3
EXIOBASE,JP,日本,130,Electricity by nuclear,C_POWN,核能發電 Electricity by nuclear 核電 nuclear power 電力 日本,11.32763066473951,11.288477300845122,0.0001058136958731,0.000136568227962,39352.4551032,kg CO2e/M.EUR,2022,AR5,Medium,3
EXIOBASE,JP,日本,131,Electricity by hydro,C_POWH,水力發電 Electricity by hydro 水電 hydro power 電力 日本,1448.629269143206,1443.8001052459208,0.0199428598811004,0.0161160898891115,2037.56223897,kg CO2e/M.EUR,2022,AR5,Medium,3
EXIOBASE,JP,日本,132,Electricity by wind,C_POWW,風力發電 Electricity by wind 風電 wind power 電力 日本,8999.702737876674,8965.052232445345,0.1400216999184932,0.1159618786173993,177.985454701,kg CO2e/M.EUR,2022,AR5,Medium,3
EXIOBASE,JP,日本,133,Electricity by petroleum and other oil derivatives,C_POWP,燃油發電 Electricity by petroleum and other oil derivatives 油電 oil power 電力 日本,1821660.0045839576,1814844.187429741,26.99011132083484,22.86827938578578,20686.6199604,kg CO2e/M.EUR,2022,AR5,Medium,3
EXIOBASE,JP,日本,134,Electricity by biomass and waste,C_POWB,生質能發電 Electricity by biomass and waste 生質能 biomass 電力 日本,3148600.432881589,3063827.037935707,393.9708478936252,278.2724951126839,3638.05893051,kg CO2e/M.EUR,2022,AR5,Medium,3
EXIOBASE,JP,日本,135,Electricity by solar photovoltaic,C_POWS,太陽能發電 Electricity by solar photovoltaic 太陽能 solar power PV 電力 日本,29435.53881324669,29322.22735422874,0.4579867284496308,0.3791993608353352,51.7020896515,kg CO2e/M.EUR,2022,AR5,Medium,3
EXIOBASE,JP,日本,136,Electricity by solar thermal,C_POWE,太陽熱能發電 Electricity by solar thermal 太陽熱能 solar thermal 電力 日本,0.0,0.0,0.0,0.0,0.0,kg CO2e/M.EUR,2022,AR5,Medium,3
EXIOBASE,JP,日本,137,"Electricity by tide, wave, ocean",C_POWO,"海洋能發電 Electricity by tide, wave, ocean 海洋能 ocean power 電力 日本",7836520217.463479,7563352312.851724,612979.6590499595,966054.6194654978,0.886165573882,kg CO2e/M.EUR,2022,AR5,Medium,3
EXIOBASE,JP,日本,138,Electricity by Geothermal,C_POWM,地熱發電 Electricity by Geothermal 地熱 geothermal 電力 日本,6636.604108622048,6607.498231074137,0.1093210755646006,0.0982825940834037,308.107523729,kg CO2e/M.EUR,2022,AR5,Medium,3
EXIOBASE,JP,日本,139,Electricity nec,C_POWZ,其他電力 Electricity nec 電力 electricity 電力 日本,257772.40234383143,254952.1009492618,2.849877192082004,10.341527672420218,811.617699221,kg CO2e/M.EUR,2022,AR5,Medium,3
EXIOBASE,JP,日本,140,Transmission services of electricity,C_POWT,電力輸配 Transmission services of electricity 輸電 transmission 電力 日本,143.42131638020476,141.6428874359361,0.0020356380369624,0.0064959663367309,6923.72218424,kg CO2e/M.EUR,2022,AR5,Medium,3
EXIOBASE,JP,日本,141,Distribution and trade services of electricity,C_POWD,電力配售 Distribution and trade services of electricity 配電 distribution 電力 日本,0.0,0.0,0.0,0.0,26856.6405786,kg CO2e/M.EUR,2022,AR5,Medium,3
EXIOBASE,JP,日本,142,Coke oven gas,C_COOG,Coke oven gas 日本,501529.9240718604,501115.987251939,11.354960800213677,0.3622562925109043,768.938081962,kg CO2e/M.EUR,2022,AR5,Medium,3
EXIOBASE,JP,日本,143,Blast Furnace Gas,C_MBFG,Blast Furnace Gas 日本,501529.9240515803,501115.9872316762,11.354960799747868,0.3622562924952343,604.788456214,kg CO2e/M.EUR,2022,AR5,Medium,3
EXIOBASE,JP,日本,144,Oxygen Steel Furnace Gas,C_MOSG,Oxygen Steel Furnace Gas 日本,501529.9240490519,501115.987229149,11.354960799712998,0.3622562924939217,112.021825371,kg CO2e/M.EUR,2022,AR5,Medium,3
EXIOBASE,JP,日本,145,Gas Works Gas,C_MGWG,Gas Works Gas 日本,0.0,0.0,0.0,0.0,0.0,kg CO2e/M.EUR,2022,AR5,Medium,3
EXIOBASE,JP,日本,146,Biogas,C_MBIO,Biogas 日本,501529.9241067884,501115.9872868385,11.35496080100173,0.3622562925353328,70.3825671012,kg CO2e/M.EUR,2022,AR5,Medium,3
EXIOBASE,JP,日本,147,Distribution services of gaseous fuels through mains,C_GASD,Distribution services of gaseous fuels through mains 日本,501529.9240907653,501115.9872708282,11.3549608006417,0.3622562925248084,40304.3164342,kg CO2e/M.EUR,2022,AR5,Medium,3
EXIOBASE,JP,日本,148,Steam and hot water supply services,C_HWAT,蒸汽熱水供應 Steam and hot water supply services 蒸汽 steam 能源 日本,430623.95013562456,428953.2913879133,17.87414288590117,4.415783950588958,2059.51099877,kg CO2e/M.EUR,2022,AR5,Medium,3
EXIOBASE,JP,日本,149,"Collected and purified water, distribution services of water (41)",C_WATR,"Collected and purified water, distribution services of water (41) 日本",5395.255379523668,5356.836139695314,1.0307647934971742,0.036067266454464,44861.0034235,kg CO2e/M.EUR,2022,AR5,Medium,3
EXIOBASE,JP,日本,150,Construction work (45),C_CONS,Construction work (45) 日本,9449.289017366242,9411.004941230278,0.2043051172883602,0.1228812560448649,618409.956309,kg CO2e/M.EUR,2022,AR5,Medium,3
EXIOBASE,JP,日本,151,"Secondary construction material for treatment, Re-processing of secondary construction material into aggregates",C_CONW,"Secondary construction material for treatment, Re-processing of secondary construction material into aggregates 日本",0.0,0.0,0.0,0.0,0.0,kg CO2e/M.EUR,2022,AR5,Medium,3
EXIOBASE,JP,日本,152,"Sale, maintenance, repair of motor vehicles, motor vehicles parts, motorcycles, motor cycles parts and accessoiries",C_TDMO,"Sale, maintenance, repair of motor vehicles, motor vehicles parts, motorcycles, motor cycles parts and accessoiries 日本",5163.948841055451,5119.400115262806,1.4065985228602116,0.0194866685002234,187362.495545,kg CO2e/M.EUR,2022,AR5,Medium,3
EXIOBASE,JP,日本,153,Retail trade services of motor fuel,C_TDFU,Retail trade services of motor fuel 日本,556167.7070991629,550586.9966883276,8.909730885877355,20.11787904162528,509.805485279,kg CO2e/M.EUR,2022,AR5,Medium,3
EXIOBASE,JP,日本,154,"Wholesale trade and commission trade services, except of motor vehicles and motorcycles (51)",C_TDWH,"Wholesale trade and commission trade services, except of motor vehicles and motorcycles (51) 日本",2448.795958783112,2426.2896339905824,0.4669300428197473,0.0355935229946297,218168.312486,kg CO2e/M.EUR,2022,AR5,Medium,3
EXIOBASE,JP,日本,155,"Retail  trade services, except of motor vehicles and motorcycles; repair services of personal and household goods (52)",C_TDRT,"Retail  trade services, except of motor vehicles and motorcycles; repair services of personal and household goods (52) 日本",9916.731392137644,9820.959919867397,1.3292250826281302,0.2209553583270212,134982.34134,kg CO2e/M.EUR,2022,AR5,Medium,3
EXIOBASE,JP,日本,156,Hotel and restaurant services (55),C_HORE,Hotel and restaurant services (55) 日本,5488.266509287123,5440.640661794779,1.0957027244918005,0.0639478158738645,386549.509551,kg CO2e/M.EUR,2022,AR5,Medium,3
EXIOBASE,JP,日本,157,Railway transportation services,C_TRAI,Railway transportation services 日本,5298.804034969602,5244.007779195548,0.0869413130320106,0.1975920717326697,96567.2616061,kg CO2e/M.EUR,2022,AR5,Medium,3
EXIOBASE,JP,日本,158,Other land transportation services,C_TLND,Other land transportation services 日本,674.8466923292663,667.3767546049418,0.0093851753027139,0.0271968030786736,285840.078474,kg CO2e/M.EUR,2022,AR5,Medium,3
EXIOBASE,JP,日本,159,Transportation services via pipelines,C_TPIP,Transportation services via pipelines 日本,2750.74183595518,2723.1114577810795,0.0461103577946874,0.0993935402107498,722.585628046,kg CO2e/M.EUR,2022,AR5,Medium,3
EXIOBASE,JP,日本,160,Sea and coastal water transportation services,C_TWAS,海運服務 Sea and coastal water transportation services 海運 sea transport 運輸業 日本,1187179.4331416134,1183673.9478229936,41.00309300827294,8.895844205237747,54703.494808,kg CO2e/M.EUR,2022,AR5,Medium,3
EXIOBASE,JP,日本,161,Inland water transportation services,C_TWAI,Inland water transportation services 日本,67595488.2003906,67185756.40496989,2506.7897882108737,1281.2893635879743,132.759128268,kg CO2e/M.EUR,2022,AR5,Medium,3
EXIOBASE,JP,日本,162,Air transport services (62),C_TAIR,Air transport services (62) 日本,556147.6314013231,546329.7333662543,1.281341675781516,36.913284785460334,39047.1875469,kg CO2e/M.EUR,2022,AR5,Medium,3
EXIOBASE,JP,日本,163,Supporting and auxiliary transport services; travel agency services (63),C_TAUX,Supporting and auxiliary transport services; travel agency services (63) 日本,7132.509100058175,7083.062420061098,1.0739419102799672,0.0731181377707111,109426.512547,kg CO2e/M.EUR,2022,AR5,Medium,3
EXIOBASE,JP,日本,164,Post and telecommunication services (64),C_PTEL,Post and telecommunication services (64) 日本,4908.774541510164,4863.959522050717,1.4714721107954394,0.0136369824799008,226737.26912,kg CO2e/M.EUR,2022,AR5,Medium,3
EXIOBASE,JP,日本,165,"Financial intermediation services, except insurance and pension funding services (65)",C_FINT,"Financial intermediation services, except insurance and pension funding services (65) 日本",7576.472113270623,7509.3508177056,1.238294624443414,0.1224492304928569,209491.555089,kg CO2e/M.EUR,2022,AR5,Medium,3
EXIOBASE,JP,日本,166,"Insurance and pension funding services, except compulsory social security services (66)",C_FINS,"Insurance and pension funding services, except compulsory social security services (66) 日本",4778.358671252833,4740.953204232845,0.984417789538895,0.037138750614714,133151.911738,kg CO2e/M.EUR,2022,AR5,Medium,3
EXIOBASE,JP,日本,167,Services auxiliary to financial intermediation (67),C_FAUX,Services auxiliary to financial intermediation (67) 日本,7120.4883018389,7072.10760451159,1.3173719011155585,0.0433746569663208,47856.163984,kg CO2e/M.EUR,2022,AR5,Medium,3
EXIOBASE,JP,日本,168,Real estate services (70),C_REAL,Real estate services (70) 日本,18235.6807247593,18078.09819775596,4.58114382998964,0.1106056594853869,152626.203965,kg CO2e/M.EUR,2022,AR5,Medium,3
EXIOBASE,JP,日本,169,Renting services of machinery and equipment without operator and of personal and household goods (71),C_MARE,Renting services of machinery and equipment without operator and of personal and household goods (71) 日本,5320.60032409089,5282.165855892912,0.8017204025810104,0.0603256487762633,113660.719333,kg CO2e/M.EUR,2022,AR5,Medium,3
EXIOBASE,JP,日本,170,Computer and related services (72),C_COMP,Computer and related services (72) 日本,5288.301586883266,5246.594447404821,1.19777337996107,0.0308282446774939,234855.822483,kg CO2e/M.EUR,2022,AR5,Medium,3
EXIOBASE,JP,日本,171,Research and development services (73),C_RESD,Research and development services (73) 日本,32986.93990296652,32818.67219078366,1.360939708406248,0.4911750956508659,138523.789906,kg CO2e/M.EUR,2022,AR5,Medium,3
EXIOBASE,JP,日本,172,Other business services (74),C_OBUS,Other business services (74) 日本,6722.44376712948,6673.136755740291,1.5477165571015483,0.0225318784541345,354525.470551,kg CO2e/M.EUR,2022,AR5,Medium,3
EXIOBASE,JP,日本,173,Public administration and defence services; compulsory social security services (75),C_PADF,Public administration and defence services; compulsory social security services (75) 日本,24005.466213521067,23849.12365882312,2.5096586375159027,0.324800425839647,379630.763652,kg CO2e/M.EUR,2022,AR5,Medium,3
EXIOBASE,JP,日本,174,Education services (80),C_EDUC,Education services (80) 日本,8007.265505877192,7961.363641026412,0.962098964341914,0.0715588447139872,258295.258692,kg CO2e/M.EUR,2022,AR5,Medium,3
EXIOBASE,JP,日本,175,Health and social work services (85),C_HEAL,Health and social work services (85) 日本,24380.666425993662,24183.610097178866,2.7607320146199887,0.4519088015299715,638806.481006,kg CO2e/M.EUR,2022,AR5,Medium,3
EXIOBASE,JP,日本,176,Food waste for treatment: incineration,C_INCF,食物廢棄物焚化 Food waste for treatment: incineration 廚餘 food waste 廢棄物處理 日本,11159.90060915954,10047.251892662798,10.719180619743312,3.066081732618603,13770.2595247,kg CO2e/M.EUR,2022,AR5,Medium,3
EXIOBASE,JP,日本,177,Paper waste for treatment: incineration,C_INCP,紙類廢棄物焚化 Paper waste for treatment: incineration 廢紙 paper waste 廢棄物處理 日本,13302.19838425916,12302.6583793129,6.457876008689315,3.089507459256444,13772.4029834,kg CO2e/M.EUR,2022,AR5,Medium,3
EXIOBASE,JP,日本,178,Plastic waste for treatment: incineration,C_INCL,塑膠廢棄物焚化 Plastic waste for treatment: incineration 塑膠廢棄物 plastic waste 廢塑膠 廢棄物處理 日本,389668.9176237016,383310.5508870511,37.35789278312895,20.04658769329382,2966.87032621,kg CO2e/M.EUR,2022,AR5,Medium,3
EXIOBASE,JP,日本,179,Intert/metal waste for treatment: incineration,C_INCM,惰性金屬廢棄物焚化 Intert/metal waste for treatment: incineration 金屬廢棄物 metal waste 廢棄物處理 日本,405290.9521572024,398787.7988266536,38.148726170396486,20.50939244444417,1993.81031065,kg CO2e/M.EUR,2022,AR5,Medium,3
EXIOBASE,JP,日本,180,Textiles waste for treatment: incineration,C_INCT,紡織廢棄物焚化 Textiles waste for treatment: incineration 紡織廢棄物 textile waste 廢棄物處理 廢棄物處理 日本,387077.5208788188,380763.8544651537,37.093954946370765,19.90579500062903,3059.66402871,kg CO2e/M.EUR,2022,AR5,Medium,3
EXIOBASE,JP,日本,181,Wood waste for treatment: incineration,C_INCW,木材廢棄物焚化 Wood waste for treatment: incineration 木材廢棄物 wood waste 廢棄物處理 日本,25725.574779832,24638.06871587974,6.901831718422488,3.374546323911058,3605.46652363,kg CO2e/M.EUR,2022,AR5,Medium,3
EXIOBASE,JP,日本,182,Oil/hazardous waste for treatment: incineration,C_INCO,油類有害廢棄物焚化 Oil/hazardous waste for treatment: incineration 有害廢棄物 hazardous waste 廢棄物處理 日本,326515.4712532381,322254.2761795893,24.81716406209689,13.457790490226794,3478.68137711,kg CO2e/M.EUR,2022,AR5,Medium,3
EXIOBASE,JP,日本,183,Food waste for treatment: biogasification and land application,C_BIOF,Food waste for treatment: biogasification and land application 日本,0.0,0.0,0.0,0.0,0.0,kg CO2e/M.EUR,2022,AR5,Medium,3
EXIOBASE,JP,日本,184,Paper waste for treatment: biogasification and land application,C_BIOP,Paper waste for treatment: biogasification and land application 日本,0.0,0.0,0.0,0.0,0.0,kg CO2e/M.EUR,2022,AR5,Medium,3
EXIOBASE,JP,日本,185,Sewage sludge for treatment: biogasification and land application,C_BIOS,Sewage sludge for treatment: biogasification and land application 日本,0.0,0.0,0.0,0.0,0.0,kg CO2e/M.EUR,2022,AR5,Medium,3
EXIOBASE,JP,日本,186,Food waste for treatment: composting and land application,C_COMF,Food waste for treatment: composting and land application 日本,156663.90507146946,156007.2331184966,5.174829957297623,1.9312328836547783,316.129120943,kg CO2e/M.EUR,2022,AR5,Medium,3
EXIOBASE,JP,日本,187,Paper and wood waste for treatment: composting and land application,C_COMW,Paper and wood waste for treatment: composting and land application 日本,0.0,0.0,0.0,0.0,0.0,kg CO2e/M.EUR,2022,AR5,Medium,3
EXIOBASE,JP,日本,188,Food waste for treatment: waste water treatment,C_WASF,Food waste for treatment: waste water treatment 日本,160952.69299901134,160275.64692980444,5.400556206778416,1.984266020441949,306.301288318,kg CO2e/M.EUR,2022,AR5,Medium,3
EXIOBASE,JP,日本,189,Other waste for treatment: waste water treatment,C_WASO,Other waste for treatment: waste water treatment 日本,86769.08688367115,86407.98255678755,2.862369964197886,1.060218746739805,651.731733086,kg CO2e/M.EUR,2022,AR5,Medium,3
EXIOBASE,JP,日本,190,Food waste for treatment: landfill,C_LANF,Food waste for treatment: landfill 日本,102948.5663326649,102570.12689747752,2.1121027410362747,1.204907767691956,1022.42697922,kg CO2e/M.EUR,2022,AR5,Medium,3
EXIOBASE,JP,日本,191,Paper for treatment: landfill,C_LANP,Paper for treatment: landfill 日本,117091.45205529388,116594.235890037,4.153686800348294,1.4374073013098805,422.58833916,kg CO2e/M.EUR,2022,AR5,Medium,3
EXIOBASE,JP,日本,192,Plastic waste for treatment: landfill,C_LANL,Plastic waste for treatment: landfill 日本,148609.50879174122,147983.77885881736,5.036359506436165,1.8291013839383097,337.246754615,kg CO2e/M.EUR,2022,AR5,Medium,3
EXIOBASE,JP,日本,193,Inert/metal/hazardous waste for treatment: landfill,C_LANI,Inert/metal/hazardous waste for treatment: landfill 日本,135309.41194270586,134739.72508721214,4.586405584363795,1.6651603740812129,353.913336281,kg CO2e/M.EUR,2022,AR5,Medium,3
EXIOBASE,JP,日本,194,Textiles waste for treatment: landfill,C_LANT,Textiles waste for treatment: landfill 日本,326560.9391910022,325207.1714469945,9.79531826021956,4.073580500836165,151.421451436,kg CO2e/M.EUR,2022,AR5,Medium,3
EXIOBASE,JP,日本,195,Wood waste for treatment: landfill,C_LANW,Wood waste for treatment: landfill 日本,247903.4010843456,246840.7294787728,8.942785742398154,3.065183414285408,182.728766521,kg CO2e/M.EUR,2022,AR5,Medium,3
EXIOBASE,JP,日本,196,Membership organisation services n.e.c. (91),C_ORGA,Membership organisation services n.e.c. (91) 日本,15298.304085143316,15223.903054870036,1.2101298565514609,0.1528958275088316,32494.4822,kg CO2e/M.EUR,2022,AR5,Medium,3
EXIOBASE,JP,日本,197,"Recreational, cultural and sporting services (92)",C_RECR,"Recreational, cultural and sporting services (92) 日本",5805.609654067218,5760.667688036541,1.2081011254630536,0.0419439038404208,131560.72386,kg CO2e/M.EUR,2022,AR5,Medium,3
EXIOBASE,JP,日本,198,Other services (93),C_OSER,Other services (93) 日本,8390.843232098072,8337.254147693782,1.1635994156685812,0.0792766066625313,143617.993585,kg CO2e/M.EUR,2022,AR5,Medium,3
EXIOBASE,JP,日本,199,Private households with employed persons (95),C_PRHH,家庭雇用人員 Private households with employed persons (95) 家庭服務 household 服務業 日本,60566.817419084735,60311.92059096785,2.2448482130110268,0.7246833137833122,662.834252136,kg CO2e/M.EUR,2022,AR5,Medium,3
EXIOBASE,JP,日本,200,Extra-territorial organizations and bodies,C_EXTO,Extra-territorial organizations and bodies 日本,0.0,0.0,0.0,0.0,0.0,kg CO2e/M.EUR,2022,AR5,Medium,3
EXIOBASE,CN,中國,1,Paddy rice,C_PARI,稻米 Paddy rice 水稻 稻穀 rice paddy 農業 中國,74373.82995562004,73542.0385511327,16.201873876152245,1.4269393809625062,58727.4239806,kg CO2e/M.EUR,2022,AR5,Medium,3
EXIOBASE,CN,中國,2,Wheat,C_WHEA,小麥 Wheat 麵粉 wheat flour 農業 中國,59409.062400670366,58528.427705071685,19.434659209804167,1.2696763687704082,43567.8658663,kg CO2e/M.EUR,2022,AR5,Medium,3
EXIOBASE,CN,中國,3,Cereal grains nec,C_OCER,其他穀物 Cereal grains nec 穀物 grains cereals 雜糧 農業 中國,148906.0992255317,147542.356744456,20.003161813334334,3.0326564162353606,83553.338564,kg CO2e/M.EUR,2022,AR5,Medium,3
EXIOBASE,CN,中國,4,"Vegetables, fruit, nuts",C_FVEG,"蔬菜水果堅果 Vegetables, fruit, nuts 蔬果 vegetables fruits nuts 農產品 農業 中國",92244.4055067592,91668.61574605496,8.595781601060423,1.2645580221680175,393269.819892,kg CO2e/M.EUR,2022,AR5,Medium,3
EXIOBASE,CN,中國,5,Oil seeds,C_OILS,油料作物 Oil seeds 油籽 oilseeds 大豆 soybean 農業 中國,157516.84511734758,155777.39470435242,28.84801968478018,3.5158711766842,49119.1939805,kg CO2e/M.EUR,2022,AR5,Medium,3
EXIOBASE,CN,中國,6,"Sugar cane, sugar beet",C_SUGB,"甘蔗甜菜 Sugar cane, sugar beet 甘蔗 sugar cane 甜菜 sugar beet 農業 中國",407064.58792731096,403364.5276882172,55.56833908133773,8.091119791759581,31028.6689884,kg CO2e/M.EUR,2022,AR5,Medium,3
EXIOBASE,CN,中國,7,Plant-based fibers,C_FIBR,植物纖維 Plant-based fibers 纖維 fibers 棉花 cotton 農業 中國,384653.8809631453,382597.3625994339,25.38541109551039,5.078214539762569,68228.2278295,kg CO2e/M.EUR,2022,AR5,Medium,3
EXIOBASE,CN,中國,8,Crops nec,C_OTCR,其他作物 Crops nec 作物 crops 農作物 農業 中國,44442.73327843827,43845.1876510892,12.61946523904641,0.9215117005878262,116971.089344,kg CO2e/M.EUR,2022,AR5,Medium,3
EXIOBASE,CN,中國,9,Cattle,C_CATL,牛 Cattle 肉牛 cattle beef 牛肉 畜牧業 中國,57645.918695698456,56693.20170420704,24.169239219117603,1.0414275220985765,35528.137162,kg CO2e/M.EUR,2022,AR5,Medium,3
EXIOBASE,CN,中國,10,Pigs,C_PIGS,豬 Pigs 豬肉 pigs pork 畜牧業 中國,17051.499607961283,16854.10911354431,4.750932215272176,0.2428844995824719,143693.582103,kg CO2e/M.EUR,2022,AR5,Medium,3
EXIOBASE,CN,中國,11,Poultry,C_PLTR,家禽 Poultry 雞 禽類 chicken poultry 畜牧業 中國,74936.86015937799,74194.5586309975,13.586825746082187,1.3655487075101669,89100.5543785,kg CO2e/M.EUR,2022,AR5,Medium,3
EXIOBASE,CN,中國,12,Meat animals nec,C_OMEA,其他肉用動物 Meat animals nec 肉品 meat 動物 畜牧業 中國,34546.1334729299,33939.85233106331,13.527255295182972,0.8585584664206168,52246.751097,kg CO2e/M.EUR,2022,AR5,Medium,3
EXIOBASE,CN,中國,13,Animal products nec,C_OANP,其他畜產品 Animal products nec 畜產品 animal products 畜牧業 中國,109461.4411217068,108209.08595654396,25.86295773186084,1.9931786742292612,59549.63502,kg CO2e/M.EUR,2022,AR5,Medium,3
EXIOBASE,CN,中國,14,Raw milk,C_MILK,鮮乳 Raw milk 牛奶 milk 乳品 畜牧業 中國,850675.5855168407,845625.5312863133,55.66840616968072,13.174863614249944,47128.8027698,kg CO2e/M.EUR,2022,AR5,Medium,3
EXIOBASE,CN,中國,15,"Wool, silk-worm cocoons",C_WOOL,"羊毛蠶繭 Wool, silk-worm cocoons 羊毛 wool 蠶絲 silk 畜牧業 中國",661878.9714961488,658405.7951312701,43.73565170516631,8.485200442015786,9255.02609207,kg CO2e/M.EUR,2022,AR5,Medium,3
EXIOBASE,CN,中國,16,Manure (conventional treatment),C_MANC,Manure (conventional treatment) 中國,0.0,0.0,0.0,0.0,0.0,kg CO2e/M.EUR,2022,AR5,Medium,3
EXIOBASE,CN,中國,17,Manure (biogas treatment),C_MANB,Manure (biogas treatment) 中國,0.0,0.0,0.0,0.0,0.0,kg CO2e/M.EUR,2022,AR5,Medium,3
EXIOBASE,CN,中國,18,"Products of forestry, logging and related services (02)",C_FORE,"林業產品 Products of forestry, logging and related services (02) 木材 forestry 林產 木頭 林業 中國",91755.91199194614,76889.50434887374,156.70189266415437,39.54247037160778,87399.9427196,kg CO2e/M.EUR,2022,AR5,Medium,3
EXIOBASE,CN,中國,19,Fish and other fishing products; services incidental of fishing (05),C_FISH,漁業產品 Fish and other fishing products; services incidental of fishing (05) 魚類 fish 海鮮 seafood 水產 漁業 中國,1761.658295988562,1761.6551278152465,5.757838463262674e-05,5.871617154009663e-06,378151.843087,kg CO2e/M.EUR,2022,AR5,Medium,3
EXIOBASE,CN,中國,20,Anthracite,C_ANTH,無煙煤 Anthracite 煤炭 coal anthracite 礦業 中國,0.0,0.0,0.0,0.0,0.0,kg CO2e/M.EUR,2022,AR5,Medium,3
EXIOBASE,CN,中國,21,Coking Coal,C_COKC,焦煤 Coking Coal 煉焦煤 coking coal 礦業 中國,409957.7458794084,406738.6314286552,9.038534549786023,11.192586729657288,42931.5091622,kg CO2e/M.EUR,2022,AR5,Medium,3
EXIOBASE,CN,中國,22,Other Bituminous Coal,C_OTBC,煙煤 Other Bituminous Coal 瀝青煤 bituminous coal 礦業 中國,409957.7458349096,406738.6313845079,9.03853454880682,11.192586728434565,186027.256526,kg CO2e/M.EUR,2022,AR5,Medium,3
EXIOBASE,CN,中國,23,Sub-Bituminous Coal,C_SUBC,Sub-Bituminous Coal 中國,0.0,0.0,0.0,0.0,0.0,kg CO2e/M.EUR,2022,AR5,Medium,3
EXIOBASE,CN,中國,24,Patent Fuel,C_PATF,Patent Fuel 中國,409957.7508418716,406738.63635216426,9.038534659155722,11.192586865097915,359.710553608,kg CO2e/M.EUR,2022,AR5,Medium,3
EXIOBASE,CN,中國,25,Lignite/Brown Coal,C_LIBC,Lignite/Brown Coal 中國,0.0,0.0,0.0,0.0,0.0,kg CO2e/M.EUR,2022,AR5,Medium,3
EXIOBASE,CN,中國,26,BKB/Peat Briquettes,C_BKBP,BKB/Peat Briquettes 中國,0.0,0.0,0.0,0.0,0.0,kg CO2e/M.EUR,2022,AR5,Medium,3
EXIOBASE,CN,中國,27,Peat,C_PEAT,Peat 中國,0.0,0.0,0.0,0.0,0.0,kg CO2e/M.EUR,2022,AR5,Medium,3
EXIOBASE,CN,中國,28,"Crude petroleum and services related to crude oil extraction, excluding surveying",C_COIL,"原油 Crude petroleum and services related to crude oil extraction, excluding surveying 石油 petroleum crude oil 礦業 中國",347509.87702285324,344614.0831625134,91.64572110303408,1.2442025262448435,174184.910816,kg CO2e/M.EUR,2022,AR5,Medium,3
EXIOBASE,CN,中國,29,"Natural gas and services related to natural gas extraction, excluding surveying",C_GASE,"天然氣 Natural gas and services related to natural gas extraction, excluding surveying gas natural gas 礦業 中國",329021.1476552294,324478.0662872798,144.1697384988711,1.9106743018155532,7452.6382713,kg CO2e/M.EUR,2022,AR5,Medium,3
EXIOBASE,CN,中國,30,Natural Gas Liquids,C_GASL,Natural Gas Liquids 中國,329021.14969936945,324478.0683032102,144.16973939400435,1.9106743136874091,4.14443981426,kg CO2e/M.EUR,2022,AR5,Medium,3
EXIOBASE,CN,中國,31,Other Hydrocarbons,C_OGPL,Other Hydrocarbons 中國,0.0,0.0,0.0,0.0,0.0,kg CO2e/M.EUR,2022,AR5,Medium,3
EXIOBASE,CN,中國,32,Uranium and thorium ores (12),C_ORAN,Uranium and thorium ores (12) 中國,3989264.284654443,3966298.885304421,437.7842459720014,40.40543570870125,1362.76252447,kg CO2e/M.EUR,2022,AR5,Medium,3
EXIOBASE,CN,中國,33,Iron ores,C_IRON,鐵礦 Iron ores 鐵礦石 iron ore 礦業 中國,316270.95458816254,314569.18785669515,30.7149477603548,3.176408279914951,12931.8662463,kg CO2e/M.EUR,2022,AR5,Medium,3
EXIOBASE,CN,中國,34,Copper ores and concentrates,C_COPO,銅礦 Copper ores and concentrates 銅 copper 礦業 中國,169814.61603390196,168929.57730408755,14.91076180731122,1.7642920724893547,43919.9627638,kg CO2e/M.EUR,2022,AR5,Medium,3
EXIOBASE,CN,中國,35,Nickel ores and concentrates,C_NIKO,Nickel ores and concentrates 中國,1737465.6394267129,1725166.6203819255,208.3485446510819,24.397206771912373,6610.29923543,kg CO2e/M.EUR,2022,AR5,Medium,3
EXIOBASE,CN,中國,36,Aluminium ores and concentrates,C_ALUO,鋁礦 Aluminium ores and concentrates 鋁 aluminum bauxite 礦業 中國,3723114.982621512,3685970.413965793,643.0308203797383,72.22530447202544,2603.31150983,kg CO2e/M.EUR,2022,AR5,Medium,3
EXIOBASE,CN,中國,37,Precious metal ores and concentrates,C_PREO,Precious metal ores and concentrates 中國,324852.7506982298,323249.72579420195,35.89765597676278,2.2561907044471354,31293.5798994,kg CO2e/M.EUR,2022,AR5,Medium,3
EXIOBASE,CN,中國,38,"Lead, zinc and tin ores and concentrates",C_LZTO,"Lead, zinc and tin ores and concentrates 中國",4193122.82247196,4158963.786372484,815.4727559451064,42.73886389816485,6640.55900258,kg CO2e/M.EUR,2022,AR5,Medium,3
EXIOBASE,CN,中國,39,Other non-ferrous metal ores and concentrates,C_ONFO,Other non-ferrous metal ores and concentrates 中國,220508.2396230368,218499.58583302796,37.10370302481281,3.659434359675978,50995.8313313,kg CO2e/M.EUR,2022,AR5,Medium,3
EXIOBASE,CN,中國,40,Stone,C_STON,Stone 中國,111057.91331596952,109719.6590176378,27.428389558132597,2.1519222290717503,21210.4641815,kg CO2e/M.EUR,2022,AR5,Medium,3
EXIOBASE,CN,中國,41,Sand and clay,C_SDCL,砂土 Sand and clay 沙 sand 黏土 clay 礦業 中國,335981.1383887725,334035.63174602785,46.82940244630388,2.39352216697431,54053.4511358,kg CO2e/M.EUR,2022,AR5,Medium,3
EXIOBASE,CN,中國,42,"Chemical and fertilizer minerals, salt and other mining and quarrying products n.e.c.",C_CHMF,"Chemical and fertilizer minerals, salt and other mining and quarrying products n.e.c. 中國",1221980.0936959176,1216883.360626921,73.18955415484899,11.499719066644424,6623.55851688,kg CO2e/M.EUR,2022,AR5,Medium,3
EXIOBASE,CN,中國,43,Products of meat cattle,C_PCAT,牛肉製品 Products of meat cattle 牛肉 beef products 食品加工 中國,670721.9886202257,665281.2232591443,114.6994510134326,8.41200276492558,6264.30579039,kg CO2e/M.EUR,2022,AR5,Medium,3
EXIOBASE,CN,中國,44,Products of meat pigs,C_PPIG,豬肉製品 Products of meat pigs 豬肉 pork products 食品加工 中國,6267.413441161767,6105.859635930342,5.2202643525443575,0.0580618994723891,23574.1353016,kg CO2e/M.EUR,2022,AR5,Medium,3
EXIOBASE,CN,中國,45,Products of meat poultry,C_PPLT,禽肉製品 Products of meat poultry 雞肉 chicken products 食品加工 中國,17645.398892398192,17274.887868060352,12.59795969580647,0.0670496334160789,25198.759461,kg CO2e/M.EUR,2022,AR5,Medium,3
EXIOBASE,CN,中國,46,Meat products nec,C_POME,其他肉製品 Meat products nec 肉品 meat products 食品加工 中國,9299.783678937978,9165.60558488801,4.306098602330635,0.051348427112117,103605.656238,kg CO2e/M.EUR,2022,AR5,Medium,3
EXIOBASE,CN,中國,47,products of Vegetable oils and fats,C_VOIL,植物油脂 products of Vegetable oils and fats 食用油 vegetable oil 油脂 食品加工 中國,1097.7217690843152,1089.1807618799248,0.2847270590182762,0.0021458473655788,59932.3111289,kg CO2e/M.EUR,2022,AR5,Medium,3
EXIOBASE,CN,中國,48,Dairy products,C_DAIR,乳製品 Dairy products 奶製品 dairy 乳品 食品加工 中國,58648.19208274584,58099.7165411873,9.237305160464963,1.0937018757189316,24101.0606263,kg CO2e/M.EUR,2022,AR5,Medium,3
EXIOBASE,CN,中國,49,Processed rice,C_RICE,加工米 Processed rice 白米 processed rice 食品加工 中國,332625.3650609087,331112.31448350946,14.585592864953805,4.168505574266285,51981.9460676,kg CO2e/M.EUR,2022,AR5,Medium,3
EXIOBASE,CN,中國,50,Sugar,C_SUGR,糖 Sugar 砂糖 sugar 食品加工 中國,7139.854908022406,7046.565350094399,3.122207912294611,0.0221424014481437,9985.21764375,kg CO2e/M.EUR,2022,AR5,Medium,3
EXIOBASE,CN,中國,51,Food products nec,C_OFOD,其他食品 Food products nec 食品 food products 食品加工 中國,8552.053442816834,8445.855108350343,3.3813787138159666,0.0434706810552591,895395.503609,kg CO2e/M.EUR,2022,AR5,Medium,3
EXIOBASE,CN,中國,52,Beverages,C_BEVR,飲料 Beverages 飲品 beverages drinks 食品加工 中國,16717.355940608923,16556.183495172467,4.681877706163037,0.11350894212789,78429.7067853,kg CO2e/M.EUR,2022,AR5,Medium,3
EXIOBASE,CN,中國,53,Fish products,C_FSHP,魚產品 Fish products 魚製品 fish products 海鮮產品 食品加工 中國,17441.52422625962,17317.262635822022,3.0847177568711563,0.1429792197932114,624119.928062,kg CO2e/M.EUR,2022,AR5,Medium,3
EXIOBASE,CN,中國,54,Tobacco products (16),C_TOBC,菸草製品 Tobacco products (16) 香菸 tobacco cigarettes 食品加工 中國,5355643.8831505645,5336374.362028644,67.89240665046573,65.54163673851907,22422.6012857,kg CO2e/M.EUR,2022,AR5,Medium,3
EXIOBASE,CN,中國,55,Textiles (17),C_TEXT,紡織品 Textiles (17) 紡織 textiles 布料 製造業 中國,27241.94950103789,27101.49212622236,2.1023162586606903,0.3078963002755914,1138144.64323,kg CO2e/M.EUR,2022,AR5,Medium,3
EXIOBASE,CN,中國,56,Wearing apparel; furs (18),C_GARM,服飾 Wearing apparel; furs (18) 服裝 apparel 衣服 clothing 製造業 中國,47965.028497898966,47778.52957558,1.2479724444409652,0.5719082787721471,646566.997589,kg CO2e/M.EUR,2022,AR5,Medium,3
EXIOBASE,CN,中國,57,Leather and leather products (19),C_LETH,皮革製品 Leather and leather products (19) 皮革 leather 製造業 中國,114820.66138829345,114409.86776100931,1.227708221228824,1.4204445173196103,300986.448171,kg CO2e/M.EUR,2022,AR5,Medium,3
EXIOBASE,CN,中國,58,Wood and products of wood and cork (except furniture); articles of straw and plaiting materials (20),C_WOOD,木製品 Wood and products of wood and cork (except furniture); articles of straw and plaiting materials (20) 木材製品 wood products 製造業 中國,709717.0020546129,706752.77717761,28.198225541717846,8.206319101263421,32310.9003557,kg CO2e/M.EUR,2022,AR5,Medium,3
EXIOBASE,CN,中國,59,"Wood material for treatment, Re-processing of secondary wood material into new wood material",C_WOOW,"Wood material for treatment, Re-processing of secondary wood material into new wood material 中國",0.0,0.0,0.0,0.0,0.0,kg CO2e/M.EUR,2022,AR5,Medium,3
EXIOBASE,CN,中國,60,Pulp,C_PULP,Pulp 中國,42527.3673704245,29344.061793683104,135.79152057686366,35.40053962486499,5083.45218313,kg CO2e/M.EUR,2022,AR5,Medium,3
EXIOBASE,CN,中國,61,"Secondary paper for treatment, Re-processing of secondary paper into new pulp",C_PAPR,"Secondary paper for treatment, Re-processing of secondary paper into new pulp 中國",0.0,0.0,0.0,0.0,0.0,kg CO2e/M.EUR,2022,AR5,Medium,3
EXIOBASE,CN,中國,62,Paper and paper products,C_PAPE,紙製品 Paper and paper products 紙 paper 製造業 中國,180811.65514302085,180089.08687056752,5.476495424333279,2.148024153101801,327332.854934,kg CO2e/M.EUR,2022,AR5,Medium,3
EXIOBASE,CN,中國,63,Printed matter and recorded media (22),C_MDIA,印刷品 Printed matter and recorded media (22) 印刷 printed 出版 製造業 中國,10803.990832741569,10712.294178366476,2.7975451498604365,0.0504354346377382,332819.990855,kg CO2e/M.EUR,2022,AR5,Medium,3
EXIOBASE,CN,中國,64,Coke Oven Coke,C_COKE,焦炭 Coke Oven Coke coke 石化 中國,1397667.9918258395,1386870.9506784263,62.853270103515335,34.10245126232053,104756.815845,kg CO2e/M.EUR,2022,AR5,Medium,3
EXIOBASE,CN,中國,65,Gas Coke,C_GCOK,Gas Coke 中國,1392703.8441272285,1381942.3836730558,62.9431143895698,33.95869151420568,1191.69325366,kg CO2e/M.EUR,2022,AR5,Medium,3
EXIOBASE,CN,中國,66,Coal Tar,C_COTA,Coal Tar 中國,1397666.818149061,1386869.7854139523,62.853291350048735,34.10241727285627,8287.68422853,kg CO2e/M.EUR,2022,AR5,Medium,3
EXIOBASE,CN,中國,67,Motor Gasoline,C_MGSL,汽油 Motor Gasoline gasoline petrol 石化 中國,233015.05013652903,230565.69755644604,83.93189758500563,0.3745639535956102,285516.934658,kg CO2e/M.EUR,2022,AR5,Medium,3
EXIOBASE,CN,中國,68,Aviation Gasoline,C_AGSL,Aviation Gasoline 中國,233015.0501357765,230565.69755570288,83.93189758469123,0.3745639535933972,545.889849155,kg CO2e/M.EUR,2022,AR5,Medium,3
EXIOBASE,CN,中國,69,Gasoline Type Jet Fuel,C_GJET,Gasoline Type Jet Fuel 中國,0.0,0.0,0.0,0.0,0.0,kg CO2e/M.EUR,2022,AR5,Medium,3
EXIOBASE,CN,中國,70,Kerosene Type Jet Fuel,C_KJET,Kerosene Type Jet Fuel 中國,233015.05013696305,230565.69755687108,83.93189758532252,0.3745639535960208,15651.9424142,kg CO2e/M.EUR,2022,AR5,Medium,3
EXIOBASE,CN,中國,71,Kerosene,C_KERO,煤油 Kerosene kerosene 石化 中國,233015.050308872,230565.69772697892,83.9318976470309,0.3745639538723564,12696.3991801,kg CO2e/M.EUR,2022,AR5,Medium,3
EXIOBASE,CN,中國,72,Gas/Diesel Oil,C_DOIL,柴油 Gas/Diesel Oil diesel 石化 中國,233015.0501333672,230565.69755331884,83.93189758383687,0.3745639535885411,280325.62713,kg CO2e/M.EUR,2022,AR5,Medium,3
EXIOBASE,CN,中國,73,Heavy Fuel Oil,C_FOIL,Heavy Fuel Oil 中國,233015.05018692752,230565.6976063157,83.9318976031271,0.3745639536764766,23762.1495264,kg CO2e/M.EUR,2022,AR5,Medium,3
EXIOBASE,CN,中國,74,Refinery Gas,C_RGAS,Refinery Gas 中國,233015.05013172305,230565.6975516888,83.93189758334302,0.3745639535872787,2222.05926762,kg CO2e/M.EUR,2022,AR5,Medium,3
EXIOBASE,CN,中國,75,Liquefied Petroleum Gases (LPG),C_LPGA,液化石油氣 Liquefied Petroleum Gases (LPG) LPG 瓦斯 石化 中國,233015.05013760692,230565.69755750775,83.93189758555712,0.3745639535983442,79903.2884005,kg CO2e/M.EUR,2022,AR5,Medium,3
EXIOBASE,CN,中國,76,Refinery Feedstocks,C_REFF,Refinery Feedstocks 中國,233015.0501440382,230565.69756387296,83.93189758781925,0.3745639536086461,322.992000777,kg CO2e/M.EUR,2022,AR5,Medium,3
EXIOBASE,CN,中國,77,Ethane,C_ETHA,Ethane 中國,0.0,0.0,0.0,0.0,0.0,kg CO2e/M.EUR,2022,AR5,Medium,3
EXIOBASE,CN,中國,78,Naphtha,C_NAPT,石腦油 Naphtha naphtha 石化 中國,233015.05005105323,230565.69747186475,83.93189755435647,0.3745639534584529,91101.8535351,kg CO2e/M.EUR,2022,AR5,Medium,3
EXIOBASE,CN,中國,79,White Spirit & SBP,C_WHSP,White Spirit & SBP 中國,233015.05005450323,230565.6974752852,83.9318975553726,0.3745639534626103,3454.6239755,kg CO2e/M.EUR,2022,AR5,Medium,3
EXIOBASE,CN,中國,80,Lubricants,C_LUBR,潤滑油 Lubricants 機油 lubricants 石化 中國,233015.0501336469,230565.69755359492,83.93189758394082,0.3745639535910317,29159.7853485,kg CO2e/M.EUR,2022,AR5,Medium,3
EXIOBASE,CN,中國,81,Bitumen,C_BITU,Bitumen 中國,233015.05017859887,230565.6975980773,83.93189760004034,0.3745639536621439,7900.6322056,kg CO2e/M.EUR,2022,AR5,Medium,3
EXIOBASE,CN,中國,82,Paraffin Waxes,C_PARW,Paraffin Waxes 中國,233015.0503215244,230565.69773949825,83.93189765158867,0.3745639538930424,14604.0497516,kg CO2e/M.EUR,2022,AR5,Medium,3
EXIOBASE,CN,中國,83,Petroleum Coke,C_PETC,石油焦 Petroleum Coke petroleum coke 石化 中國,233015.05058088095,230565.6979961307,83.9318977449482,0.3745639543084678,4470.43149171,kg CO2e/M.EUR,2022,AR5,Medium,3
EXIOBASE,CN,中國,84,Non-specified Petroleum Products,C_NSPP,Non-specified Petroleum Products 中國,233015.05027343752,230565.69769191535,83.93189763432875,0.374563953814913,6652.36278967,kg CO2e/M.EUR,2022,AR5,Medium,3
EXIOBASE,CN,中國,85,Nuclear fuel,C_NUCF,Nuclear fuel 中國,5200734.390861884,5163032.657617729,565.8741016171924,82.48022037310572,126.952008545,kg CO2e/M.EUR,2022,AR5,Medium,3
EXIOBASE,CN,中國,86,"Plastics, basic",C_PLAS,"塑膠原料 Plastics, basic 塑膠 plastic 樹脂 化工 中國",7678.655513430354,7583.128954062202,2.784614681254675,0.0662541445019659,178532.839369,kg CO2e/M.EUR,2022,AR5,Medium,3
EXIOBASE,CN,中國,87,"Secondary plastic for treatment, Re-processing of secondary plastic into new plastic",C_PLAW,"Secondary plastic for treatment, Re-processing of secondary plastic into new plastic 中國",0.0,0.0,0.0,0.0,0.0,kg CO2e/M.EUR,2022,AR5,Medium,3
EXIOBASE,CN,中國,88,N-fertiliser,C_NFER,氮肥 N-fertiliser nitrogen fertilizer 肥料 化工 中國,313935.6562981693,311995.5675861532,41.16594171005393,2.971480543903906,594.545004851,kg CO2e/M.EUR,2022,AR5,Medium,3
EXIOBASE,CN,中國,89,P- and other fertiliser,C_PFER,磷肥及其他肥料 P- and other fertiliser phosphorus fertilizer 肥料 化工 中國,290391.7038767944,288790.46390597464,30.775930921005568,2.7906185095533163,79237.7039986,kg CO2e/M.EUR,2022,AR5,Medium,3
EXIOBASE,CN,中國,90,Chemicals nec,C_CHEM,其他化學品 Chemicals nec 化學品 chemicals 化工 中國,472363.7875176369,469913.2556678398,40.29532577074639,4.989670672514096,1518260.91596,kg CO2e/M.EUR,2022,AR5,Medium,3
EXIOBASE,CN,中國,91,Charcoal,C_CHAR,Charcoal 中國,0.0,0.0,0.0,0.0,0.0,kg CO2e/M.EUR,2022,AR5,Medium,3
EXIOBASE,CN,中國,92,Additives/Blending Components,C_ADDC,Additives/Blending Components 中國,0.0,0.0,0.0,0.0,0.0,kg CO2e/M.EUR,2022,AR5,Medium,3
EXIOBASE,CN,中國,93,Biogasoline,C_BIOG,Biogasoline 中國,472363.7890164164,469913.2571588549,40.2953258984042,4.989670688325163,3819.22453227,kg CO2e/M.EUR,2022,AR5,Medium,3
EXIOBASE,CN,中國,94,Biodiesels,C_BIOD,Biodiesels 中國,472363.78904807055,469913.25719033537,40.29532590120948,4.989670688684317,514.949483798,kg CO2e/M.EUR,2022,AR5,Medium,3
EXIOBASE,CN,中國,95,Other Liquid Biofuels,C_OBIO,Other Liquid Biofuels 中國,0.0,0.0,0.0,0.0,0.0,kg CO2e/M.EUR,2022,AR5,Medium,3
EXIOBASE,CN,中國,96,Rubber and plastic products (25),C_RUBP,塑橡膠製品 Rubber and plastic products (25) 塑膠 plastic 橡膠 rubber 製造業 中國,103518.10726769602,103221.6659359091,4.864193664411623,0.604693996918447,1005582.88086,kg CO2e/M.EUR,2022,AR5,Medium,3
EXIOBASE,CN,中國,97,Glass and glass products,C_GLAS,玻璃製品 Glass and glass products 玻璃 glass 製造業 中國,111326.44762345258,110094.68233174384,33.31742244461244,1.1278394839983787,403413.87666,kg CO2e/M.EUR,2022,AR5,Medium,3
EXIOBASE,CN,中國,98,"Secondary glass for treatment, Re-processing of secondary glass into new glass",C_GLAW,"Secondary glass for treatment, Re-processing of secondary glass into new glass 中國",0.0,0.0,0.0,0.0,0.0,kg CO2e/M.EUR,2022,AR5,Medium,3
EXIOBASE,CN,中國,99,Ceramic goods,C_CRMC,陶瓷製品 Ceramic goods 陶瓷 ceramic 製造業 中國,167027.37709387118,165632.3333916487,36.77146429644185,1.3790290638571014,413345.329943,kg CO2e/M.EUR,2022,AR5,Medium,3
EXIOBASE,CN,中國,100,"Bricks, tiles and construction products, in baked clay",C_BRIK,"磚瓦 Bricks, tiles and construction products, in baked clay 磚 tiles 建材 製造業 中國",1726908.44105932,1717079.1285200513,132.98691687157208,23.040297610809723,14496.1921107,kg CO2e/M.EUR,2022,AR5,Medium,3
EXIOBASE,CN,中國,101,"Cement, lime and plaster",C_CMNT,"水泥石灰 Cement, lime and plaster 水泥 cement 製造業 中國",3336389.6251628683,3323970.889635679,61.7084351304412,40.34301639070598,168452.750293,kg CO2e/M.EUR,2022,AR5,Medium,3
EXIOBASE,CN,中國,102,"Ash for treatment, Re-processing of ash into clinker",C_ASHW,"Ash for treatment, Re-processing of ash into clinker 中國",0.0,0.0,0.0,0.0,0.0,kg CO2e/M.EUR,2022,AR5,Medium,3
EXIOBASE,CN,中國,103,Other non-metallic mineral products,C_ONMM,Other non-metallic mineral products 中國,1573664.2800698632,1567536.1589851154,40.46427400609069,18.84951476444273,290783.439066,kg CO2e/M.EUR,2022,AR5,Medium,3
EXIOBASE,CN,中國,104,Basic iron and steel and of ferro-alloys and first products thereof,C_STEL,鋼鐵 Basic iron and steel and of ferro-alloys and first products thereof 鐵 steel iron 鋼材 製造業 中國,759612.072848087,754386.5073755599,137.01283496070403,5.242287145763834,1483520.9035,kg CO2e/M.EUR,2022,AR5,Medium,3
EXIOBASE,CN,中國,105,"Secondary steel for treatment, Re-processing of secondary steel into new steel",C_STEW,"Secondary steel for treatment, Re-processing of secondary steel into new steel 中國",0.0,0.0,0.0,0.0,0.0,kg CO2e/M.EUR,2022,AR5,Medium,3
EXIOBASE,CN,中國,106,Precious metals,C_PREM,Precious metals 中國,304376.9200599365,301645.5208974438,58.68203701372178,4.106800475881175,78281.1418865,kg CO2e/M.EUR,2022,AR5,Medium,3
EXIOBASE,CN,中國,107,"Secondary preciuos metals for treatment, Re-processing of secondary preciuos metals into new preciuos metals",C_PREW,"Secondary preciuos metals for treatment, Re-processing of secondary preciuos metals into new preciuos metals 中國",0.0,0.0,0.0,0.0,0.0,kg CO2e/M.EUR,2022,AR5,Medium,3
EXIOBASE,CN,中國,108,Aluminium and aluminium products,C_ALUM,鋁製品 Aluminium and aluminium products 鋁 aluminum 製造業 中國,116631.91405956548,115476.71348242628,31.392419552044224,1.0423125648376508,302689.359677,kg CO2e/M.EUR,2022,AR5,Medium,3
EXIOBASE,CN,中國,109,"Secondary aluminium for treatment, Re-processing of secondary aluminium into new aluminium",C_ALUW,"Secondary aluminium for treatment, Re-processing of secondary aluminium into new aluminium 中國",0.0,0.0,0.0,0.0,0.0,kg CO2e/M.EUR,2022,AR5,Medium,3
EXIOBASE,CN,中國,110,"Lead, zinc and tin and products thereof",C_LZTP,"Lead, zinc and tin and products thereof 中國",194036.5320279347,192315.6546182271,38.225550973699306,2.454950877147299,76660.1064363,kg CO2e/M.EUR,2022,AR5,Medium,3
EXIOBASE,CN,中國,111,"Secondary lead for treatment, Re-processing of secondary lead into new lead",C_LZTW,"Secondary lead for treatment, Re-processing of secondary lead into new lead 中國",0.0,0.0,0.0,0.0,0.0,kg CO2e/M.EUR,2022,AR5,Medium,3
EXIOBASE,CN,中國,112,Copper products,C_COPP,銅製品 Copper products 銅 copper 製造業 中國,252791.73331739425,250850.04818219025,38.64726266792327,3.243629360385388,185942.772847,kg CO2e/M.EUR,2022,AR5,Medium,3
EXIOBASE,CN,中國,113,"Secondary copper for treatment, Re-processing of secondary copper into new copper",C_COPW,"Secondary copper for treatment, Re-processing of secondary copper into new copper 中國",0.0,0.0,0.0,0.0,0.0,kg CO2e/M.EUR,2022,AR5,Medium,3
EXIOBASE,CN,中國,114,Other non-ferrous metal products,C_ONFM,Other non-ferrous metal products 中國,522110.5551332242,518415.2381200949,50.858348275902046,8.570880231713176,107887.497313,kg CO2e/M.EUR,2022,AR5,Medium,3
EXIOBASE,CN,中國,115,"Secondary other non-ferrous metals for treatment, Re-processing of secondary other non-ferrous metals into new other non-ferrous metals",C_ONFW,"Secondary other non-ferrous metals for treatment, Re-processing of secondary other non-ferrous metals into new other non-ferrous metals 中國",0.0,0.0,0.0,0.0,0.0,kg CO2e/M.EUR,2022,AR5,Medium,3
EXIOBASE,CN,中國,116,Foundry work services,C_METC,Foundry work services 中國,1037063.1016049008,1029409.0775351692,174.3210096404855,10.46428603697336,118579.399025,kg CO2e/M.EUR,2022,AR5,Medium,3
EXIOBASE,CN,中國,117,"Fabricated metal products, except machinery and equipment (28)",C_FABM,"Fabricated metal products, except machinery and equipment (28) 中國",300081.9332627152,298121.1255402428,24.59645156294312,4.8004040706037765,772204.23135,kg CO2e/M.EUR,2022,AR5,Medium,3
EXIOBASE,CN,中國,118,Machinery and equipment n.e.c. (29),C_MACH,Machinery and equipment n.e.c. (29) 中國,32640.28306953992,32426.28137986801,4.520744126791283,0.3298900155537852,1805442.04689,kg CO2e/M.EUR,2022,AR5,Medium,3
EXIOBASE,CN,中國,119,Office machinery and computers (30),C_OFMA,Office machinery and computers (30) 中國,9214.66940630512,9118.485949550342,2.726662831218273,0.0748562169081727,767803.565927,kg CO2e/M.EUR,2022,AR5,Medium,3
EXIOBASE,CN,中國,120,Electrical machinery and apparatus n.e.c. (31),C_ELMA,Electrical machinery and apparatus n.e.c. (31) 中國,10183.18661056638,10073.620393505824,3.118648405828183,0.0839398554617681,1208524.15293,kg CO2e/M.EUR,2022,AR5,Medium,3
EXIOBASE,CN,中國,121,"Radio, television and communication equipment and apparatus (32)",C_RATV,"通訊設備 Radio, television and communication equipment and apparatus (32) 通信 communication 電訊 製造業 中國",25181.40219860856,24984.954870105877,3.7642053136205984,0.3435833197030428,922004.813027,kg CO2e/M.EUR,2022,AR5,Medium,3
EXIOBASE,CN,中國,122,"Medical, precision and optical instruments, watches and clocks (33)",C_MEIN,"精密儀器 Medical, precision and optical instruments, watches and clocks (33) 儀器 instruments 醫療器材 製造業 中國",5276.643011654959,5253.776807724508,0.3295205203883509,0.0514702994701018,187604.604585,kg CO2e/M.EUR,2022,AR5,Medium,3
EXIOBASE,CN,中國,123,"Motor vehicles, trailers and semi-trailers (34)",C_MOTO,"Motor vehicles, trailers and semi-trailers (34) 中國",25054.063791836787,24805.80944278577,6.781723737208555,0.220249375128981,851049.825727,kg CO2e/M.EUR,2022,AR5,Medium,3
EXIOBASE,CN,中國,124,Other transport equipment (35),C_OTRE,其他運輸設備 Other transport equipment (35) 運輸設備 transport equipment 製造業 中國,21064.15560240064,20857.12153160808,5.777732717287208,0.170783225315182,663656.30978,kg CO2e/M.EUR,2022,AR5,Medium,3
EXIOBASE,CN,中國,125,Furniture; other manufactured goods n.e.c. (36),C_FURN,家具 Furniture; other manufactured goods n.e.c. (36) furniture 傢俱 製造業 中國,59713.89628431368,59350.41237600955,9.034988161895802,0.416997131211514,778179.961642,kg CO2e/M.EUR,2022,AR5,Medium,3
EXIOBASE,CN,中國,126,Secondary raw materials,C_RYMS,Secondary raw materials 中國,13789.3513191866,13773.092634907973,0.2543834089531624,0.0344752785960007,84461.9101836,kg CO2e/M.EUR,2022,AR5,Medium,3
EXIOBASE,CN,中國,127,"Bottles for treatment, Recycling of bottles by direct reuse",C_BOTW,"Bottles for treatment, Recycling of bottles by direct reuse 中國",0.0,0.0,0.0,0.0,0.0,kg CO2e/M.EUR,2022,AR5,Medium,3
EXIOBASE,CN,中國,128,Electricity by coal,C_POWC,燃煤發電 Electricity by coal 煤電 coal power 火力發電 電力 中國,11818091.771334045,11659607.04686832,154.348923023179,581.7469985700905,265725.303711,kg CO2e/M.EUR,2022,AR5,Medium,3
EXIOBASE,CN,中國,129,Electricity by gas,C_POWG,天然氣發電 Electricity by gas 氣電 gas power 燃氣發電 電力 中國,12662449.047218218,12440781.49845822,7743.245666881578,18.32705693326782,5411.0099227,kg CO2e/M.EUR,2022,AR5,Medium,3
EXIOBASE,CN,中國,130,Electricity by nuclear,C_POWN,核能發電 Electricity by nuclear 核電 nuclear power 電力 中國,4385.011314099781,4362.856397608921,0.4402096273255734,0.0370907431160161,7626.66367482,kg CO2e/M.EUR,2022,AR5,Medium,3
EXIOBASE,CN,中國,131,Electricity by hydro,C_POWH,水力發電 Electricity by hydro 水電 hydro power 電力 中國,7617.003108140016,7588.058845420453,0.4412772400952481,0.0625981131958308,56026.559052,kg CO2e/M.EUR,2022,AR5,Medium,3
EXIOBASE,CN,中國,132,Electricity by wind,C_POWW,風力發電 Electricity by wind 風電 wind power 電力 中國,85406.41272988918,84834.02848553425,6.153983502780506,1.509708325573908,800.963762474,kg CO2e/M.EUR,2022,AR5,Medium,3
EXIOBASE,CN,中國,133,Electricity by petroleum and other oil derivatives,C_POWP,燃油發電 Electricity by petroleum and other oil derivatives 油電 oil power 電力 中國,1176412.8329452318,1172891.595785999,53.41110030864933,7.644250379587383,2171.78402075,kg CO2e/M.EUR,2022,AR5,Medium,3
EXIOBASE,CN,中國,134,Electricity by biomass and waste,C_POWB,生質能發電 Electricity by biomass and waste 生質能 biomass 電力 中國,1288764.533608995,1267282.4697198947,751.5769975086208,1.6524828636174893,334.60648106,kg CO2e/M.EUR,2022,AR5,Medium,3
EXIOBASE,CN,中國,135,Electricity by solar photovoltaic,C_POWS,太陽能發電 Electricity by solar photovoltaic 太陽能 solar power PV 電力 中國,4109941.352012509,4079101.0207885527,469.0228790704964,66.82147399993215,11.6077961883,kg CO2e/M.EUR,2022,AR5,Medium,3
EXIOBASE,CN,中國,136,Electricity by solar thermal,C_POWE,太陽熱能發電 Electricity by solar thermal 太陽熱能 solar thermal 電力 中國,226787850.43603495,85592629.80315231,1442126.2960926024,380436.5446878861,0.148517165365,kg CO2e/M.EUR,2022,AR5,Medium,3
EXIOBASE,CN,中國,137,"Electricity by tide, wave, ocean",C_POWO,"海洋能發電 Electricity by tide, wave, ocean 海洋能 ocean power 電力 中國",227239226.0128675,86042600.5253287,1442147.2871787758,380439.6281001249,1.63373682937,kg CO2e/M.EUR,2022,AR5,Medium,3
EXIOBASE,CN,中國,138,Electricity by Geothermal,C_POWM,地熱發電 Electricity by Geothermal 地熱 geothermal 電力 中國,626977156.8478454,621402446.9587296,49703.38412943653,15784.962767892855,12.3667041923,kg CO2e/M.EUR,2022,AR5,Medium,3
EXIOBASE,CN,中國,139,Electricity nec,C_POWZ,其他電力 Electricity nec 電力 electricity 電力 中國,33311187.76826629,33098485.281525183,1754.3539091669206,617.2851972997407,1983.95001511,kg CO2e/M.EUR,2022,AR5,Medium,3
EXIOBASE,CN,中國,140,Transmission services of electricity,C_POWT,電力輸配 Transmission services of electricity 輸電 transmission 電力 中國,103946.72244867156,103288.2129960077,8.196967308964103,1.6188466717466867,58395.3209093,kg CO2e/M.EUR,2022,AR5,Medium,3
EXIOBASE,CN,中國,141,Distribution and trade services of electricity,C_POWD,電力配售 Distribution and trade services of electricity 配電 distribution 電力 中國,2268.9163423511704,2253.385625128477,0.0925873146034241,0.0488236694860289,146358.241077,kg CO2e/M.EUR,2022,AR5,Medium,3
EXIOBASE,CN,中國,142,Coke oven gas,C_COOG,Coke oven gas 中國,16978443.853975363,16898175.451891858,2801.4414039221315,6.898274617688288,1353.19560607,kg CO2e/M.EUR,2022,AR5,Medium,3
EXIOBASE,CN,中國,143,Blast Furnace Gas,C_MBFG,Blast Furnace Gas 中國,16978443.853167746,16898175.45108804,2801.441403789256,6.898274617380846,3158.69325302,kg CO2e/M.EUR,2022,AR5,Medium,3
EXIOBASE,CN,中國,144,Oxygen Steel Furnace Gas,C_MOSG,Oxygen Steel Furnace Gas 中國,16978477.908506665,16898209.34542466,2801.447022918185,6.898288453941723,0.0241138890072,kg CO2e/M.EUR,2022,AR5,Medium,3
EXIOBASE,CN,中國,145,Gas Works Gas,C_MGWG,Gas Works Gas 中國,16978443.88297382,16898175.4807531,2801.4414087108453,6.898274629498372,186.491316153,kg CO2e/M.EUR,2022,AR5,Medium,3
EXIOBASE,CN,中國,146,Biogas,C_MBIO,Biogas 中國,16978443.85411833,16898175.452034183,2801.441403944299,6.898274617753256,4167.38872941,kg CO2e/M.EUR,2022,AR5,Medium,3
EXIOBASE,CN,中國,147,Distribution services of gaseous fuels through mains,C_GASD,Distribution services of gaseous fuels through mains 中國,16978443.85226437,16898175.450189017,2801.441403637504,6.898274616989895,11154.727088,kg CO2e/M.EUR,2022,AR5,Medium,3
EXIOBASE,CN,中國,148,Steam and hot water supply services,C_HWAT,蒸汽熱水供應 Steam and hot water supply services 蒸汽 steam 能源 中國,68016753.62878977,67329132.57354477,1468.7696792187255,2439.605676327824,7791.0316341,kg CO2e/M.EUR,2022,AR5,Medium,3
EXIOBASE,CN,中國,149,"Collected and purified water, distribution services of water (41)",C_WATR,"Collected and purified water, distribution services of water (41) 中國",156218.64833395905,154744.6495643937,30.536113928820477,2.335802187012673,26473.3871217,kg CO2e/M.EUR,2022,AR5,Medium,3
EXIOBASE,CN,中國,150,Construction work (45),C_CONS,Construction work (45) 中國,22198.31616131481,22111.833880484795,1.0870371201798186,0.2114914772263375,3571663.93072,kg CO2e/M.EUR,2022,AR5,Medium,3
EXIOBASE,CN,中國,151,"Secondary construction material for treatment, Re-processing of secondary construction material into aggregates",C_CONW,"Secondary construction material for treatment, Re-processing of secondary construction material into aggregates 中國",0.0,0.0,0.0,0.0,0.0,kg CO2e/M.EUR,2022,AR5,Medium,3
EXIOBASE,CN,中國,152,"Sale, maintenance, repair of motor vehicles, motor vehicles parts, motorcycles, motor cycles parts and accessoiries",C_TDMO,"Sale, maintenance, repair of motor vehicles, motor vehicles parts, motorcycles, motor cycles parts and accessoiries 中國",5486.481044056968,5142.3577112788025,12.17860435501908,0.0117826824061561,201419.895434,kg CO2e/M.EUR,2022,AR5,Medium,3
EXIOBASE,CN,中國,153,Retail trade services of motor fuel,C_TDFU,Retail trade services of motor fuel 中國,73146.3833215914,72083.53778282962,23.374675424249823,1.5409608561614598,11193.4550658,kg CO2e/M.EUR,2022,AR5,Medium,3
EXIOBASE,CN,中國,154,"Wholesale trade and commission trade services, except of motor vehicles and motorcycles (51)",C_TDWH,"Wholesale trade and commission trade services, except of motor vehicles and motorcycles (51) 中國",3327.403052617355,3107.3970743289287,7.812760103473324,0.0047120580798992,664353.217458,kg CO2e/M.EUR,2022,AR5,Medium,3
EXIOBASE,CN,中國,155,"Retail  trade services, except of motor vehicles and motorcycles; repair services of personal and household goods (52)",C_TDRT,"Retail  trade services, except of motor vehicles and motorcycles; repair services of personal and household goods (52) 中國",15433.878527656074,15132.21222977338,9.077120732404907,0.1792713863220965,549407.811437,kg CO2e/M.EUR,2022,AR5,Medium,3
EXIOBASE,CN,中國,156,Hotel and restaurant services (55),C_HORE,Hotel and restaurant services (55) 中國,9707.044362779188,9429.764208612318,9.072442009431231,0.0877425581237599,1139857.78167,kg CO2e/M.EUR,2022,AR5,Medium,3
EXIOBASE,CN,中國,157,Railway transportation services,C_TRAI,Railway transportation services 中國,576975.8066683551,573488.5702085306,39.47101009825879,8.988861045559597,97612.2062369,kg CO2e/M.EUR,2022,AR5,Medium,3
EXIOBASE,CN,中國,158,Other land transportation services,C_TLND,Other land transportation services 中國,41611.82227124064,41317.5391547054,4.349051195618753,0.6509799360675658,330938.16039,kg CO2e/M.EUR,2022,AR5,Medium,3
EXIOBASE,CN,中國,159,Transportation services via pipelines,C_TPIP,Transportation services via pipelines 中國,200662.12517261505,198052.8789186541,77.06854834679085,1.703120378304825,12813.2196241,kg CO2e/M.EUR,2022,AR5,Medium,3
EXIOBASE,CN,中國,160,Sea and coastal water transportation services,C_TWAS,海運服務 Sea and coastal water transportation services 海運 sea transport 運輸業 中國,929920.0494649846,926200.5515831532,96.29847477030548,3.860907880236963,120076.768148,kg CO2e/M.EUR,2022,AR5,Medium,3
EXIOBASE,CN,中國,161,Inland water transportation services,C_TWAI,Inland water transportation services 中國,17366342.08249575,17243354.022522584,1871.374832413467,266.37571571920586,8423.33194669,kg CO2e/M.EUR,2022,AR5,Medium,3
EXIOBASE,CN,中國,162,Air transport services (62),C_TAIR,Air transport services (62) 中國,973086.7339418648,963685.2241999432,7.678509123041501,34.66608108104356,149506.991311,kg CO2e/M.EUR,2022,AR5,Medium,3
EXIOBASE,CN,中國,163,Supporting and auxiliary transport services; travel agency services (63),C_TAUX,Supporting and auxiliary transport services; travel agency services (63) 中國,13134.931326351334,12844.153735896036,9.63780757250222,0.0789395412273035,601815.529761,kg CO2e/M.EUR,2022,AR5,Medium,3
EXIOBASE,CN,中國,164,Post and telecommunication services (64),C_PTEL,Post and telecommunication services (64) 中國,8481.954357507,7994.059089606661,17.19097146028019,0.0247096868395995,33654.5528147,kg CO2e/M.EUR,2022,AR5,Medium,3
EXIOBASE,CN,中國,165,"Financial intermediation services, except insurance and pension funding services (65)",C_FINT,"Financial intermediation services, except insurance and pension funding services (65) 中國",29980.07354646474,29526.270287235824,12.84376328177123,0.35538825411065,887863.621232,kg CO2e/M.EUR,2022,AR5,Medium,3
EXIOBASE,CN,中國,166,"Insurance and pension funding services, except compulsory social security services (66)",C_FINS,"Insurance and pension funding services, except compulsory social security services (66) 中國",6874.620994751787,6650.558011373253,7.537377222763274,0.0491185703440123,460719.475844,kg CO2e/M.EUR,2022,AR5,Medium,3
EXIOBASE,CN,中國,167,Services auxiliary to financial intermediation (67),C_FAUX,Services auxiliary to financial intermediation (67) 中國,4143.483454803917,3875.6064183193394,9.384596339479245,0.0192767508647519,252652.062304,kg CO2e/M.EUR,2022,AR5,Medium,3
EXIOBASE,CN,中國,168,Real estate services (70),C_REAL,Real estate services (70) 中國,15261.587402389,15059.76690361278,6.401034673949916,0.085251048700456,970329.832389,kg CO2e/M.EUR,2022,AR5,Medium,3
EXIOBASE,CN,中國,169,Renting services of machinery and equipment without operator and of personal and household goods (71),C_MARE,Renting services of machinery and equipment without operator and of personal and household goods (71) 中國,103348.89174818716,102633.40172234071,18.83080456817924,0.7102924450468832,129445.405123,kg CO2e/M.EUR,2022,AR5,Medium,3
EXIOBASE,CN,中國,170,Computer and related services (72),C_COMP,Computer and related services (72) 中國,3018.3761433515283,2825.5494672114587,6.767314476769851,0.0126108331717502,827319.222458,kg CO2e/M.EUR,2022,AR5,Medium,3
EXIOBASE,CN,中國,171,Research and development services (73),C_RESD,Research and development services (73) 中國,7187.465522768485,6939.975964797271,8.579468729949152,0.0274129567269391,141532.8191,kg CO2e/M.EUR,2022,AR5,Medium,3
EXIOBASE,CN,中國,172,Other business services (74),C_OBUS,Other business services (74) 中國,14049.330698878137,13726.273133255952,10.422752155916411,0.1178132273831114,1219269.44567,kg CO2e/M.EUR,2022,AR5,Medium,3
EXIOBASE,CN,中國,173,Public administration and defence services; compulsory social security services (75),C_PADF,Public administration and defence services; compulsory social security services (75) 中國,47229.631229175546,46889.17719717872,9.315975072745184,0.3004027545659034,1383759.6099,kg CO2e/M.EUR,2022,AR5,Medium,3
EXIOBASE,CN,中國,174,Education services (80),C_EDUC,Education services (80) 中國,24819.544532351825,24494.604578847742,9.361119101738216,0.2370891270015552,1022629.93088,kg CO2e/M.EUR,2022,AR5,Medium,3
EXIOBASE,CN,中國,175,Health and social work services (85),C_HEAL,Health and social work services (85) 中國,129799.59973399637,128741.9475492318,22.29773635365845,1.6351530824986615,1025946.45876,kg CO2e/M.EUR,2022,AR5,Medium,3
EXIOBASE,CN,中國,176,Food waste for treatment: incineration,C_INCF,食物廢棄物焚化 Food waste for treatment: incineration 廚餘 food waste 廢棄物處理 中國,30984.115686217,30503.36208357185,15.075103795195307,0.2213233825648272,8500.08848807,kg CO2e/M.EUR,2022,AR5,Medium,3
EXIOBASE,CN,中國,177,Paper waste for treatment: incineration,C_INCP,紙類廢棄物焚化 Paper waste for treatment: incineration 廢紙 paper waste 廢棄物處理 中國,30556.152089164752,30056.458920515182,15.755887119166529,0.2208616200487084,8561.4297544,kg CO2e/M.EUR,2022,AR5,Medium,3
EXIOBASE,CN,中國,178,Plastic waste for treatment: incineration,C_INCL,塑膠廢棄物焚化 Plastic waste for treatment: incineration 塑膠廢棄物 plastic waste 廢塑膠 廢棄物處理 中國,7097536.771796406,7007214.182589698,1689.2382571842645,162.35440756811244,1876.04389156,kg CO2e/M.EUR,2022,AR5,Medium,3
EXIOBASE,CN,中國,179,Intert/metal waste for treatment: incineration,C_INCM,惰性金屬廢棄物焚化 Intert/metal waste for treatment: incineration 金屬廢棄物 metal waste 廢棄物處理 中國,8768996.770390004,8657639.877489017,2083.8787916949664,200.03127069255143,1223.02142612,kg CO2e/M.EUR,2022,AR5,Medium,3
EXIOBASE,CN,中國,180,Textiles waste for treatment: incineration,C_INCT,紡織廢棄物焚化 Textiles waste for treatment: incineration 紡織廢棄物 textile waste 廢棄物處理 廢棄物處理 中國,6430117.901479838,6348296.10952622,1530.102912716806,147.09022791527727,1991.71303568,kg CO2e/M.EUR,2022,AR5,Medium,3
EXIOBASE,CN,中國,181,Wood waste for treatment: incineration,C_INCW,木材廢棄物焚化 Wood waste for treatment: incineration 木材廢棄物 wood waste 廢棄物處理 中國,16936.087106596726,16414.247675378963,17.37427349870642,0.133433106618798,2345.5565944,kg CO2e/M.EUR,2022,AR5,Medium,3
EXIOBASE,CN,中國,182,Oil/hazardous waste for treatment: incineration,C_INCO,油類有害廢棄物焚化 Oil/hazardous waste for treatment: incineration 有害廢棄物 hazardous waste 廢棄物處理 中國,7854979.404198653,7755198.48160014,1866.2443635536288,179.34369969438362,2283.08833529,kg CO2e/M.EUR,2022,AR5,Medium,3
EXIOBASE,CN,中國,183,Food waste for treatment: biogasification and land application,C_BIOF,Food waste for treatment: biogasification and land application 中國,0.0,0.0,0.0,0.0,0.0,kg CO2e/M.EUR,2022,AR5,Medium,3
EXIOBASE,CN,中國,184,Paper waste for treatment: biogasification and land application,C_BIOP,Paper waste for treatment: biogasification and land application 中國,0.0,0.0,0.0,0.0,0.0,kg CO2e/M.EUR,2022,AR5,Medium,3
EXIOBASE,CN,中國,185,Sewage sludge for treatment: biogasification and land application,C_BIOS,Sewage sludge for treatment: biogasification and land application 中國,0.0,0.0,0.0,0.0,0.0,kg CO2e/M.EUR,2022,AR5,Medium,3
EXIOBASE,CN,中國,186,Food waste for treatment: composting and land application,C_COMF,Food waste for treatment: composting and land application 中國,67707.94254136142,66803.69982496799,29.04123194019818,0.343729139878846,1861.04640289,kg CO2e/M.EUR,2022,AR5,Medium,3
EXIOBASE,CN,中國,187,Paper and wood waste for treatment: composting and land application,C_COMW,Paper and wood waste for treatment: composting and land application 中國,15491.61398333575,15049.255426272555,15.281870329865592,0.0545893880262589,449.584901417,kg CO2e/M.EUR,2022,AR5,Medium,3
EXIOBASE,CN,中國,188,Food waste for treatment: waste water treatment,C_WASF,Food waste for treatment: waste water treatment 中國,77527.2500257952,76940.75738741853,17.387162590944204,0.3760456069065844,30415.9751382,kg CO2e/M.EUR,2022,AR5,Medium,3
EXIOBASE,CN,中國,189,Other waste for treatment: waste water treatment,C_WASO,Other waste for treatment: waste water treatment 中國,76605.77523261051,75978.95771144127,18.737469548947445,0.3855410332027058,54918.4114254,kg CO2e/M.EUR,2022,AR5,Medium,3
EXIOBASE,CN,中國,190,Food waste for treatment: landfill,C_LANF,Food waste for treatment: landfill 中國,71548.44291303803,70969.42102996189,17.15459971727846,0.3724267584617047,27240.7916899,kg CO2e/M.EUR,2022,AR5,Medium,3
EXIOBASE,CN,中國,191,Paper for treatment: landfill,C_LANP,Paper for treatment: landfill 中國,49913.04685820844,49376.725193057726,16.220842981221125,0.3099549497227296,11560.4894033,kg CO2e/M.EUR,2022,AR5,Medium,3
EXIOBASE,CN,中國,192,Plastic waste for treatment: landfill,C_LANL,Plastic waste for treatment: landfill 中國,28508.98962399624,28051.61092892136,14.244764739527216,0.2208501221438481,9421.5616026,kg CO2e/M.EUR,2022,AR5,Medium,3
EXIOBASE,CN,中國,193,Inert/metal/hazardous waste for treatment: landfill,C_LANI,Inert/metal/hazardous waste for treatment: landfill 中國,45030.62368387213,44484.79704606647,16.595888058620105,0.306195366657721,9573.68514115,kg CO2e/M.EUR,2022,AR5,Medium,3
EXIOBASE,CN,中國,194,Textiles waste for treatment: landfill,C_LANT,Textiles waste for treatment: landfill 中國,20664.154842337863,20279.55298351992,11.597789856521246,0.2259009163598226,3967.95648622,kg CO2e/M.EUR,2022,AR5,Medium,3
EXIOBASE,CN,中國,195,Wood waste for treatment: landfill,C_LANW,Wood waste for treatment: landfill 中國,21992.08375985658,21620.021382779472,11.601331096697397,0.1782079485644496,4865.95656699,kg CO2e/M.EUR,2022,AR5,Medium,3
EXIOBASE,CN,中國,196,Membership organisation services n.e.c. (91),C_ORGA,Membership organisation services n.e.c. (91) 中國,438206.5720138693,435451.259003764,46.08762589325466,5.5277716418647165,294405.627216,kg CO2e/M.EUR,2022,AR5,Medium,3
EXIOBASE,CN,中國,197,"Recreational, cultural and sporting services (92)",C_RECR,"Recreational, cultural and sporting services (92) 中國",8991.38851552205,8805.730959922905,5.931438547773368,0.0738765141943048,304546.415309,kg CO2e/M.EUR,2022,AR5,Medium,3
EXIOBASE,CN,中國,198,Other services (93),C_OSER,Other services (93) 中國,9868.037710767085,9656.695180611356,7.0424710049096335,0.0534088378047402,576029.258174,kg CO2e/M.EUR,2022,AR5,Medium,3
EXIOBASE,CN,中國,199,Private households with employed persons (95),C_PRHH,家庭雇用人員 Private households with employed persons (95) 家庭服務 household 服務業 中國,16194.35930875692,15932.864818396354,8.643888120852273,0.0734551810441564,90141.5441002,kg CO2e/M.EUR,2022,AR5,Medium,3
EXIOBASE,CN,中國,200,Extra-territorial organizations and bodies,C_EXTO,Extra-territorial organizations and bodies 中國,0.0,0.0,0.0,0.0,0.0,kg CO2e/M.EUR,2022,AR5,Medium,3
EXIOBASE,KR,韓國,1,Paddy rice,C_PARI,稻米 Paddy rice 水稻 稻穀 rice paddy 農業 韓國,38470.20972944565,38092.68798999015,1.351775124567361,1.281781267802312,7533.11809992,kg CO2e/M.EUR,2022,AR5,Medium,3
EXIOBASE,KR,韓國,2,Wheat,C_WHEA,小麥 Wheat 麵粉 wheat flour 農業 韓國,398508598.1178291,394539117.6404498,8998.434131050904,14028.393666829425,19.321137326,kg CO2e/M.EUR,2022,AR5,Medium,3
EXIOBASE,KR,韓國,3,Cereal grains nec,C_OCER,其他穀物 Cereal grains nec 穀物 grains cereals 雜糧 農業 韓國,76400.93335724666,75224.87399593799,6.6453099617634015,3.735813895770917,524.965751854,kg CO2e/M.EUR,2022,AR5,Medium,3
EXIOBASE,KR,韓國,4,"Vegetables, fruit, nuts",C_FVEG,"蔬菜水果堅果 Vegetables, fruit, nuts 蔬果 vegetables fruits nuts 農產品 農業 韓國",34413.47663017027,33942.95545637731,5.787560795356508,1.1640357415961562,17834.3673521,kg CO2e/M.EUR,2022,AR5,Medium,3
EXIOBASE,KR,韓國,5,Oil seeds,C_OILS,油料作物 Oil seeds 油籽 oilseeds 大豆 soybean 農業 韓國,110325.12795748618,109282.81008371734,3.745407580614801,3.537533817025017,1058.96280742,kg CO2e/M.EUR,2022,AR5,Medium,3
EXIOBASE,KR,韓國,6,"Sugar cane, sugar beet",C_SUGB,"甘蔗甜菜 Sugar cane, sugar beet 甘蔗 sugar cane 甜菜 sugar beet 農業 韓國",0.0,0.0,0.0,0.0,0.0,kg CO2e/M.EUR,2022,AR5,Medium,3
EXIOBASE,KR,韓國,7,Plant-based fibers,C_FIBR,植物纖維 Plant-based fibers 纖維 fibers 棉花 cotton 農業 韓國,153937.01403715333,152246.78340076492,9.71798096132058,5.351423281024295,0.214906005686,kg CO2e/M.EUR,2022,AR5,Medium,3
EXIOBASE,KR,韓國,8,Crops nec,C_OTCR,其他作物 Crops nec 作物 crops 農作物 農業 韓國,141840.1884834437,139004.8900041852,52.97468248088117,5.101914602995457,1585.05457591,kg CO2e/M.EUR,2022,AR5,Medium,3
EXIOBASE,KR,韓國,9,Cattle,C_CATL,牛 Cattle 肉牛 cattle beef 牛肉 畜牧業 韓國,213330.7629428153,211015.3986100416,9.004832098930267,7.785769939636564,1332.10549554,kg CO2e/M.EUR,2022,AR5,Medium,3
EXIOBASE,KR,韓國,10,Pigs,C_PIGS,豬 Pigs 豬肉 pigs pork 畜牧業 韓國,4480.827387062345,4433.009213679447,0.2853229604720643,0.1502986056214332,6554.58596394,kg CO2e/M.EUR,2022,AR5,Medium,3
EXIOBASE,KR,韓國,11,Poultry,C_PLTR,家禽 Poultry 雞 禽類 chicken poultry 畜牧業 韓國,13965.540463860354,13851.509347945765,0.4952920616483174,0.3779733516544846,2459.1540575,kg CO2e/M.EUR,2022,AR5,Medium,3
EXIOBASE,KR,韓國,12,Meat animals nec,C_OMEA,其他肉用動物 Meat animals nec 肉品 meat 動物 畜牧業 韓國,2953870.266584713,2922521.809736143,131.07335436710613,104.44680349543977,47.3099716787,kg CO2e/M.EUR,2022,AR5,Medium,3
EXIOBASE,KR,韓國,13,Animal products nec,C_OANP,其他畜產品 Animal products nec 畜產品 animal products 畜牧業 韓國,72074.72297090098,71048.83512260934,11.647238085907354,2.640623327872609,1826.96643876,kg CO2e/M.EUR,2022,AR5,Medium,3
EXIOBASE,KR,韓國,14,Raw milk,C_MILK,鮮乳 Raw milk 牛奶 milk 乳品 畜牧業 韓國,43091.72903240279,42527.01163311078,8.642438870375258,1.2178457015905853,4192.43442855,kg CO2e/M.EUR,2022,AR5,Medium,3
EXIOBASE,KR,韓國,15,"Wool, silk-worm cocoons",C_WOOL,"羊毛蠶繭 Wool, silk-worm cocoons 羊毛 wool 蠶絲 silk 畜牧業 韓國",16844027.21873057,16645547.370847387,942.0015614498642,649.4483175946673,0.207057508171,kg CO2e/M.EUR,2022,AR5,Medium,3
EXIOBASE,KR,韓國,16,Manure (conventional treatment),C_MANC,Manure (conventional treatment) 韓國,0.0,0.0,0.0,0.0,0.0,kg CO2e/M.EUR,2022,AR5,Medium,3
EXIOBASE,KR,韓國,17,Manure (biogas treatment),C_MANB,Manure (biogas treatment) 韓國,0.0,0.0,0.0,0.0,0.0,kg CO2e/M.EUR,2022,AR5,Medium,3
EXIOBASE,KR,韓國,18,"Products of forestry, logging and related services (02)",C_FORE,"林業產品 Products of forestry, logging and related services (02) 木材 forestry 林產 木頭 林業 韓國",48328.17236980437,43028.53290537229,25.813935611216507,17.271129310634006,1998.4950518,kg CO2e/M.EUR,2022,AR5,Medium,3
EXIOBASE,KR,韓國,19,Fish and other fishing products; services incidental of fishing (05),C_FISH,漁業產品 Fish and other fishing products; services incidental of fishing (05) 魚類 fish 海鮮 seafood 水產 漁業 韓國,134126.88951290157,132654.3990790144,8.045888326115035,4.706436078324296,7457.08584711,kg CO2e/M.EUR,2022,AR5,Medium,3
EXIOBASE,KR,韓國,20,Anthracite,C_ANTH,無煙煤 Anthracite 煤炭 coal anthracite 礦業 韓國,9676849.078310288,9626484.895699931,54.44516597348334,184.3008225022515,1431.15248606,kg CO2e/M.EUR,2022,AR5,Medium,3
EXIOBASE,KR,韓國,21,Coking Coal,C_COKC,焦煤 Coking Coal 煉焦煤 coking coal 礦業 韓國,0.0,0.0,0.0,0.0,0.0,kg CO2e/M.EUR,2022,AR5,Medium,3
EXIOBASE,KR,韓國,22,Other Bituminous Coal,C_OTBC,煙煤 Other Bituminous Coal 瀝青煤 bituminous coal 礦業 韓國,0.0,0.0,0.0,0.0,0.0,kg CO2e/M.EUR,2022,AR5,Medium,3
EXIOBASE,KR,韓國,23,Sub-Bituminous Coal,C_SUBC,Sub-Bituminous Coal 韓國,0.0,0.0,0.0,0.0,0.0,kg CO2e/M.EUR,2022,AR5,Medium,3
EXIOBASE,KR,韓國,24,Patent Fuel,C_PATF,Patent Fuel 韓國,9676849.072187869,9626484.889609115,54.445165939316674,184.3008223866028,4.96919242747,kg CO2e/M.EUR,2022,AR5,Medium,3
EXIOBASE,KR,韓國,25,Lignite/Brown Coal,C_LIBC,Lignite/Brown Coal 韓國,0.0,0.0,0.0,0.0,0.0,kg CO2e/M.EUR,2022,AR5,Medium,3
EXIOBASE,KR,韓國,26,BKB/Peat Briquettes,C_BKBP,BKB/Peat Briquettes 韓國,0.0,0.0,0.0,0.0,0.0,kg CO2e/M.EUR,2022,AR5,Medium,3
EXIOBASE,KR,韓國,27,Peat,C_PEAT,Peat 韓國,0.0,0.0,0.0,0.0,0.0,kg CO2e/M.EUR,2022,AR5,Medium,3
EXIOBASE,KR,韓國,28,"Crude petroleum and services related to crude oil extraction, excluding surveying",C_COIL,"原油 Crude petroleum and services related to crude oil extraction, excluding surveying 石油 petroleum crude oil 礦業 韓國",968566.9924410884,964034.8125844004,16.635611134242705,15.34484054690198,334.166238455,kg CO2e/M.EUR,2022,AR5,Medium,3
EXIOBASE,KR,韓國,29,"Natural gas and services related to natural gas extraction, excluding surveying",C_GASE,"天然氣 Natural gas and services related to natural gas extraction, excluding surveying gas natural gas 礦業 韓國",6300002.210104582,6254986.224614503,1511.1112860540736,10.207054643642426,339.150285184,kg CO2e/M.EUR,2022,AR5,Medium,3
EXIOBASE,KR,韓國,30,Natural Gas Liquids,C_GASL,Natural Gas Liquids 韓國,0.0,0.0,0.0,0.0,0.0,kg CO2e/M.EUR,2022,AR5,Medium,3
EXIOBASE,KR,韓國,31,Other Hydrocarbons,C_OGPL,Other Hydrocarbons 韓國,0.0,0.0,0.0,0.0,0.0,kg CO2e/M.EUR,2022,AR5,Medium,3
EXIOBASE,KR,韓國,32,Uranium and thorium ores (12),C_ORAN,Uranium and thorium ores (12) 韓國,2770964425.1865444,2743856787.4982524,64157.3677561197,95514.08072121136,0.472150579306,kg CO2e/M.EUR,2022,AR5,Medium,3
EXIOBASE,KR,韓國,33,Iron ores,C_IRON,鐵礦 Iron ores 鐵礦石 iron ore 礦業 韓國,8914316.946171016,8827423.955809176,156.73750198747376,311.3371332309099,58.181126257,kg CO2e/M.EUR,2022,AR5,Medium,3
EXIOBASE,KR,韓國,34,Copper ores and concentrates,C_COPO,銅礦 Copper ores and concentrates 銅 copper 礦業 韓國,230482195.81852227,228047787.26032385,4154.60847764008,8747.469889903812,0.155091561763,kg CO2e/M.EUR,2022,AR5,Medium,3
EXIOBASE,KR,韓國,35,Nickel ores and concentrates,C_NIKO,Nickel ores and concentrates 韓國,2194691.880091746,2178532.748351116,69.58619088764273,53.62535243689154,36.7169921717,kg CO2e/M.EUR,2022,AR5,Medium,3
EXIOBASE,KR,韓國,36,Aluminium ores and concentrates,C_ALUO,鋁礦 Aluminium ores and concentrates 鋁 aluminum bauxite 礦業 韓國,0.0,0.0,0.0,0.0,0.0,kg CO2e/M.EUR,2022,AR5,Medium,3
EXIOBASE,KR,韓國,37,Precious metal ores and concentrates,C_PREO,Precious metal ores and concentrates 韓國,225392545.30071747,223190514.59412235,18380.54129548721,6367.454906873564,12.5498354014,kg CO2e/M.EUR,2022,AR5,Medium,3
EXIOBASE,KR,韓國,38,"Lead, zinc and tin ores and concentrates",C_LZTO,"Lead, zinc and tin ores and concentrates 韓國",660073001.275202,656871695.9793152,33754.171559027374,8513.918838619333,1.10985000922,kg CO2e/M.EUR,2022,AR5,Medium,3
EXIOBASE,KR,韓國,39,Other non-ferrous metal ores and concentrates,C_ONFO,Other non-ferrous metal ores and concentrates 韓國,24269971.50364962,23962157.348491125,2299.0728586574523,918.6419438342888,4.64846308348,kg CO2e/M.EUR,2022,AR5,Medium,3
EXIOBASE,KR,韓國,40,Stone,C_STON,Stone 韓國,237244.84629570937,235140.1032299025,10.715565342952573,6.810215985676072,2190.37638007,kg CO2e/M.EUR,2022,AR5,Medium,3
EXIOBASE,KR,韓國,41,Sand and clay,C_SDCL,砂土 Sand and clay 沙 sand 黏土 clay 礦業 韓國,121286.85446878128,120796.48678312596,3.416271123458049,1.489479600748998,745.8575243,kg CO2e/M.EUR,2022,AR5,Medium,3
EXIOBASE,KR,韓國,42,"Chemical and fertilizer minerals, salt and other mining and quarrying products n.e.c.",C_CHMF,"Chemical and fertilizer minerals, salt and other mining and quarrying products n.e.c. 韓國",52026.24877756844,51555.11119614395,2.7663222200416016,1.4855870160879865,2569.07099467,kg CO2e/M.EUR,2022,AR5,Medium,3
EXIOBASE,KR,韓國,43,Products of meat cattle,C_PCAT,牛肉製品 Products of meat cattle 牛肉 beef products 食品加工 韓國,2143943.5488088494,2126486.76170013,107.56422998355872,54.5093912044527,347.363851722,kg CO2e/M.EUR,2022,AR5,Medium,3
EXIOBASE,KR,韓國,44,Products of meat pigs,C_PPIG,豬肉製品 Products of meat pigs 豬肉 pork products 食品加工 韓國,58828.69787599087,58199.22013564128,11.168435431213386,1.1953265972664395,8888.33448607,kg CO2e/M.EUR,2022,AR5,Medium,3
EXIOBASE,KR,韓國,45,Products of meat poultry,C_PPLT,禽肉製品 Products of meat poultry 雞肉 chicken products 食品加工 韓國,55612.71241084601,54889.83451339998,19.08449260696683,0.7113664318904014,3380.7950974,kg CO2e/M.EUR,2022,AR5,Medium,3
EXIOBASE,KR,韓國,46,Meat products nec,C_POME,其他肉製品 Meat products nec 肉品 meat products 食品加工 韓國,5687.3358361481,5619.919131161397,1.2031787682650503,0.1272743376425694,3997.32472219,kg CO2e/M.EUR,2022,AR5,Medium,3
EXIOBASE,KR,韓國,47,products of Vegetable oils and fats,C_VOIL,植物油脂 products of Vegetable oils and fats 食用油 vegetable oil 油脂 食品加工 韓國,2570479.196441481,2544097.4183179,115.21354208014556,87.3803733786302,162.373421067,kg CO2e/M.EUR,2022,AR5,Medium,3
EXIOBASE,KR,韓國,48,Dairy products,C_DAIR,乳製品 Dairy products 奶製品 dairy 乳品 食品加工 韓國,97703.05925795644,96256.10690465062,12.030442019559183,4.189056516068534,8745.12363552,kg CO2e/M.EUR,2022,AR5,Medium,3
EXIOBASE,KR,韓國,49,Processed rice,C_RICE,加工米 Processed rice 白米 processed rice 食品加工 韓國,7547467.799810105,7470768.923122584,231.33191086486028,264.98710635209545,132.097182861,kg CO2e/M.EUR,2022,AR5,Medium,3
EXIOBASE,KR,韓國,50,Sugar,C_SUGR,糖 Sugar 砂糖 sugar 食品加工 韓國,945457.1441503316,936868.3934991076,31.65810129334766,29.065372886831785,892.437254471,kg CO2e/M.EUR,2022,AR5,Medium,3
EXIOBASE,KR,韓國,51,Food products nec,C_OFOD,其他食品 Food products nec 食品 food products 食品加工 韓國,20833.73446545888,20436.25331153647,12.742343859281965,0.1535680221226998,60101.8283521,kg CO2e/M.EUR,2022,AR5,Medium,3
EXIOBASE,KR,韓國,52,Beverages,C_BEVR,飲料 Beverages 飲品 beverages drinks 食品加工 韓國,39733.971850248505,39343.42477050231,9.094858017734822,0.5127964349042401,12604.0487399,kg CO2e/M.EUR,2022,AR5,Medium,3
EXIOBASE,KR,韓國,53,Fish products,C_FSHP,魚產品 Fish products 魚製品 fish products 海鮮產品 食品加工 韓國,22366.64276850652,22039.22587690169,10.220198682758978,0.1556653905191357,9200.30586249,kg CO2e/M.EUR,2022,AR5,Medium,3
EXIOBASE,KR,韓國,54,Tobacco products (16),C_TOBC,菸草製品 Tobacco products (16) 香菸 tobacco cigarettes 食品加工 韓國,28259.01529675062,27847.341000127104,9.340385169841191,0.566579290067776,4024.716928,kg CO2e/M.EUR,2022,AR5,Medium,3
EXIOBASE,KR,韓國,55,Textiles (17),C_TEXT,紡織品 Textiles (17) 紡織 textiles 布料 製造業 韓國,43126.07706289865,42462.75446164511,15.576210859796396,0.8573158384122502,49556.8639232,kg CO2e/M.EUR,2022,AR5,Medium,3
EXIOBASE,KR,韓國,56,Wearing apparel; furs (18),C_GARM,服飾 Wearing apparel; furs (18) 服裝 apparel 衣服 clothing 製造業 韓國,24793.572599868312,24519.48076710323,6.744832026766104,0.3216473057193624,6316.88700773,kg CO2e/M.EUR,2022,AR5,Medium,3
EXIOBASE,KR,韓國,57,Leather and leather products (19),C_LETH,皮革製品 Leather and leather products (19) 皮革 leather 製造業 韓國,16925.200850495057,16792.522971813076,0.8303783952338447,0.4129331457186231,7668.45607942,kg CO2e/M.EUR,2022,AR5,Medium,3
EXIOBASE,KR,韓國,58,Wood and products of wood and cork (except furniture); articles of straw and plaiting materials (20),C_WOOD,木製品 Wood and products of wood and cork (except furniture); articles of straw and plaiting materials (20) 木材製品 wood products 製造業 韓國,41603.913764405406,39560.01633382509,18.601051876793274,5.747426332189058,8637.85493139,kg CO2e/M.EUR,2022,AR5,Medium,3
EXIOBASE,KR,韓國,59,"Wood material for treatment, Re-processing of secondary wood material into new wood material",C_WOOW,"Wood material for treatment, Re-processing of secondary wood material into new wood material 韓國",0.0,0.0,0.0,0.0,0.0,kg CO2e/M.EUR,2022,AR5,Medium,3
EXIOBASE,KR,韓國,60,Pulp,C_PULP,Pulp 韓國,523312.3957825924,503565.80307937926,119.95448366978532,61.84100815267602,1042.29443754,kg CO2e/M.EUR,2022,AR5,Medium,3
EXIOBASE,KR,韓國,61,"Secondary paper for treatment, Re-processing of secondary paper into new pulp",C_PAPR,"Secondary paper for treatment, Re-processing of secondary paper into new pulp 韓國",0.0,0.0,0.0,0.0,0.0,kg CO2e/M.EUR,2022,AR5,Medium,3
EXIOBASE,KR,韓國,62,Paper and paper products,C_PAPE,紙製品 Paper and paper products 紙 paper 製造業 韓國,106815.66367827382,104827.1838066026,20.871636942726056,5.298392593490198,24723.2829951,kg CO2e/M.EUR,2022,AR5,Medium,3
EXIOBASE,KR,韓國,63,Printed matter and recorded media (22),C_MDIA,印刷品 Printed matter and recorded media (22) 印刷 printed 出版 製造業 韓國,28129.898442681944,27664.02369778208,8.597037043923534,0.8496517270566201,12034.2015068,kg CO2e/M.EUR,2022,AR5,Medium,3
EXIOBASE,KR,韓國,64,Coke Oven Coke,C_COKE,焦炭 Coke Oven Coke coke 石化 韓國,4650341.774397736,4637398.384009888,418.4031210104859,4.634350941712647,3190.58392305,kg CO2e/M.EUR,2022,AR5,Medium,3
EXIOBASE,KR,韓國,65,Gas Coke,C_GCOK,Gas Coke 韓國,0.0,0.0,0.0,0.0,0.0,kg CO2e/M.EUR,2022,AR5,Medium,3
EXIOBASE,KR,韓國,66,Coal Tar,C_COTA,Coal Tar 韓國,4650341.800387288,4637398.40992713,418.4031233478486,4.634350967614201,192.900352701,kg CO2e/M.EUR,2022,AR5,Medium,3
EXIOBASE,KR,韓國,67,Motor Gasoline,C_MGSL,汽油 Motor Gasoline gasoline petrol 石化 韓國,209507.04777886288,207748.80243079405,42.046896268400175,2.1921971794476107,16035.6431216,kg CO2e/M.EUR,2022,AR5,Medium,3
EXIOBASE,KR,韓國,68,Aviation Gasoline,C_AGSL,Aviation Gasoline 韓國,0.0,0.0,0.0,0.0,0.0,kg CO2e/M.EUR,2022,AR5,Medium,3
EXIOBASE,KR,韓國,69,Gasoline Type Jet Fuel,C_GJET,Gasoline Type Jet Fuel 韓國,0.0,0.0,0.0,0.0,0.0,kg CO2e/M.EUR,2022,AR5,Medium,3
EXIOBASE,KR,韓國,70,Kerosene Type Jet Fuel,C_KJET,Kerosene Type Jet Fuel 韓國,209507.0478505962,207748.80250192515,42.04689628281448,2.192197180197175,16711.8542572,kg CO2e/M.EUR,2022,AR5,Medium,3
EXIOBASE,KR,韓國,71,Kerosene,C_KERO,煤油 Kerosene kerosene 石化 韓國,209507.04783320488,207748.80248467813,42.04689627939874,2.1921971800135327,9479.20405498,kg CO2e/M.EUR,2022,AR5,Medium,3
EXIOBASE,KR,韓國,72,Gas/Diesel Oil,C_DOIL,柴油 Gas/Diesel Oil diesel 石化 韓國,209507.04778453047,207748.80243640853,42.04689626971037,2.1921971795096766,33675.3414494,kg CO2e/M.EUR,2022,AR5,Medium,3
EXIOBASE,KR,韓國,73,Heavy Fuel Oil,C_FOIL,Heavy Fuel Oil 韓國,209507.0477922216,207748.80244403717,42.046896271154985,2.1921971795929776,9323.20050895,kg CO2e/M.EUR,2022,AR5,Medium,3
EXIOBASE,KR,韓國,74,Refinery Gas,C_RGAS,Refinery Gas 韓國,209507.0497094722,207748.8043451986,42.046896655928464,2.192197199651335,226.858530515,kg CO2e/M.EUR,2022,AR5,Medium,3
EXIOBASE,KR,韓國,75,Liquefied Petroleum Gases (LPG),C_LPGA,液化石油氣 Liquefied Petroleum Gases (LPG) LPG 瓦斯 石化 韓國,209507.04786069185,207748.80251193303,42.0468962849403,2.192197180303645,2985.87723011,kg CO2e/M.EUR,2022,AR5,Medium,3
EXIOBASE,KR,韓國,76,Refinery Feedstocks,C_REFF,Refinery Feedstocks 韓國,209507.04802189063,207748.80267177636,42.04689631737296,2.192197181992029,2974.35984516,kg CO2e/M.EUR,2022,AR5,Medium,3
EXIOBASE,KR,韓國,77,Ethane,C_ETHA,Ethane 韓國,0.0,0.0,0.0,0.0,0.0,kg CO2e/M.EUR,2022,AR5,Medium,3
EXIOBASE,KR,韓國,78,Naphtha,C_NAPT,石腦油 Naphtha naphtha 石化 韓國,209507.04747322568,207748.8021277244,42.046896206960696,2.1921971762504517,24002.3591704,kg CO2e/M.EUR,2022,AR5,Medium,3
EXIOBASE,KR,韓國,79,White Spirit & SBP,C_WHSP,White Spirit & SBP 韓國,209507.0480334543,207748.80268324388,42.04689631960201,2.192197182119097,575.645002659,kg CO2e/M.EUR,2022,AR5,Medium,3
EXIOBASE,KR,韓國,80,Lubricants,C_LUBR,潤滑油 Lubricants 機油 lubricants 石化 韓國,209507.04789152983,207748.80254251868,42.04689629089441,2.192197180626879,2776.22661914,kg CO2e/M.EUR,2022,AR5,Medium,3
EXIOBASE,KR,韓國,81,Bitumen,C_BITU,Bitumen 韓國,209507.0481160617,207748.8027651616,42.0468963360917,2.1921971829792053,1145.67064333,kg CO2e/M.EUR,2022,AR5,Medium,3
EXIOBASE,KR,韓國,82,Paraffin Waxes,C_PARW,Paraffin Waxes 韓國,209507.052045094,207748.80666121977,42.04689712467408,2.192197224088303,3.54518442091,kg CO2e/M.EUR,2022,AR5,Medium,3
EXIOBASE,KR,韓國,83,Petroleum Coke,C_PETC,石油焦 Petroleum Coke petroleum coke 石化 韓國,209507.05677551252,207748.81135193937,42.04689807403207,2.1921972735859327,34.6160328181,kg CO2e/M.EUR,2022,AR5,Medium,3
EXIOBASE,KR,韓國,84,Non-specified Petroleum Products,C_NSPP,Non-specified Petroleum Products 韓國,209507.04878166795,207748.80342518157,42.04689646973237,2.1921971899392547,347.499184203,kg CO2e/M.EUR,2022,AR5,Medium,3
EXIOBASE,KR,韓國,85,Nuclear fuel,C_NUCF,Nuclear fuel 韓國,7691.680820063999,7614.557428745581,0.1950865620681712,0.2704187455868267,6.48204031228,kg CO2e/M.EUR,2022,AR5,Medium,3
EXIOBASE,KR,韓國,86,"Plastics, basic",C_PLAS,"塑膠原料 Plastics, basic 塑膠 plastic 樹脂 化工 韓國",99703.24500439598,98869.28237479807,14.963386330622477,1.5659917446810374,22975.6376048,kg CO2e/M.EUR,2022,AR5,Medium,3
EXIOBASE,KR,韓國,87,"Secondary plastic for treatment, Re-processing of secondary plastic into new plastic",C_PLAW,"Secondary plastic for treatment, Re-processing of secondary plastic into new plastic 韓國",0.0,0.0,0.0,0.0,0.0,kg CO2e/M.EUR,2022,AR5,Medium,3
EXIOBASE,KR,韓國,88,N-fertiliser,C_NFER,氮肥 N-fertiliser nitrogen fertilizer 肥料 化工 韓國,76989.94448851359,76610.93087249283,9.464410181874008,0.4302269091633382,35.604246656,kg CO2e/M.EUR,2022,AR5,Medium,3
EXIOBASE,KR,韓國,89,P- and other fertiliser,C_PFER,磷肥及其他肥料 P- and other fertiliser phosphorus fertilizer 肥料 化工 韓國,107012.22569373185,106451.10854208174,9.577367311543712,1.1054749695353625,5499.09230043,kg CO2e/M.EUR,2022,AR5,Medium,3
EXIOBASE,KR,韓國,90,Chemicals nec,C_CHEM,其他化學品 Chemicals nec 化學品 chemicals 化工 韓國,34672.56142288999,34239.21540434038,10.31240582008273,0.5456553041029857,176816.534197,kg CO2e/M.EUR,2022,AR5,Medium,3
EXIOBASE,KR,韓國,91,Charcoal,C_CHAR,Charcoal 韓國,0.0,0.0,0.0,0.0,0.0,kg CO2e/M.EUR,2022,AR5,Medium,3
EXIOBASE,KR,韓國,92,Additives/Blending Components,C_ADDC,Additives/Blending Components 韓國,34672.55900694487,34239.213018589435,10.312405101552542,0.5456552660829043,733.417619595,kg CO2e/M.EUR,2022,AR5,Medium,3
EXIOBASE,KR,韓國,93,Biogasoline,C_BIOG,Biogasoline 韓國,0.0,0.0,0.0,0.0,0.0,kg CO2e/M.EUR,2022,AR5,Medium,3
EXIOBASE,KR,韓國,94,Biodiesels,C_BIOD,Biodiesels 韓國,34672.56173142675,34239.21570902079,10.312405911854595,0.5456553089586125,153.902129491,kg CO2e/M.EUR,2022,AR5,Medium,3
EXIOBASE,KR,韓國,95,Other Liquid Biofuels,C_OBIO,Other Liquid Biofuels 韓國,0.0,0.0,0.0,0.0,0.0,kg CO2e/M.EUR,2022,AR5,Medium,3
EXIOBASE,KR,韓國,96,Rubber and plastic products (25),C_RUBP,塑橡膠製品 Rubber and plastic products (25) 塑膠 plastic 橡膠 rubber 製造業 韓國,27800.52421450979,27603.74220254156,1.1412546434241388,0.6219882337824651,71692.2730773,kg CO2e/M.EUR,2022,AR5,Medium,3
EXIOBASE,KR,韓國,97,Glass and glass products,C_GLAS,玻璃製品 Glass and glass products 玻璃 glass 製造業 韓國,373363.5926152098,367480.3435752085,66.69986849560149,15.15340649858316,14751.1589887,kg CO2e/M.EUR,2022,AR5,Medium,3
EXIOBASE,KR,韓國,98,"Secondary glass for treatment, Re-processing of secondary glass into new glass",C_GLAW,"Secondary glass for treatment, Re-processing of secondary glass into new glass 韓國",0.0,0.0,0.0,0.0,0.0,kg CO2e/M.EUR,2022,AR5,Medium,3
EXIOBASE,KR,韓國,99,Ceramic goods,C_CRMC,陶瓷製品 Ceramic goods 陶瓷 ceramic 製造業 韓國,228015.9989518468,225712.2988763072,26.85188736403461,5.856027280553445,3189.22285267,kg CO2e/M.EUR,2022,AR5,Medium,3
EXIOBASE,KR,韓國,100,"Bricks, tiles and construction products, in baked clay",C_BRIK,"磚瓦 Bricks, tiles and construction products, in baked clay 磚 tiles 建材 製造業 韓國",21271218.300529823,21136714.539982647,424.6554950835685,462.6921006974839,109.490147748,kg CO2e/M.EUR,2022,AR5,Medium,3
EXIOBASE,KR,韓國,101,"Cement, lime and plaster",C_CMNT,"水泥石灰 Cement, lime and plaster 水泥 cement 製造業 韓國",783686.1355131397,778855.4052590315,24.161553465282815,15.676251913510317,12808.470907,kg CO2e/M.EUR,2022,AR5,Medium,3
EXIOBASE,KR,韓國,102,"Ash for treatment, Re-processing of ash into clinker",C_ASHW,"Ash for treatment, Re-processing of ash into clinker 韓國",0.0,0.0,0.0,0.0,0.0,kg CO2e/M.EUR,2022,AR5,Medium,3
EXIOBASE,KR,韓國,103,Other non-metallic mineral products,C_ONMM,Other non-metallic mineral products 韓國,521351.5554308039,517625.1112064382,26.555309186011897,11.25620968738612,14912.7761982,kg CO2e/M.EUR,2022,AR5,Medium,3
EXIOBASE,KR,韓國,104,Basic iron and steel and of ferro-alloys and first products thereof,C_STEL,鋼鐵 Basic iron and steel and of ferro-alloys and first products thereof 鐵 steel iron 鋼材 製造業 韓國,162642.10019635793,161048.57190290483,27.66992852356951,3.089699225634502,179575.348985,kg CO2e/M.EUR,2022,AR5,Medium,3
EXIOBASE,KR,韓國,105,"Secondary steel for treatment, Re-processing of secondary steel into new steel",C_STEW,"Secondary steel for treatment, Re-processing of secondary steel into new steel 韓國",0.0,0.0,0.0,0.0,0.0,kg CO2e/M.EUR,2022,AR5,Medium,3
EXIOBASE,KR,韓國,106,Precious metals,C_PREM,Precious metals 韓國,56892.07097792993,56226.96576437737,13.406955276225188,1.0932470408236048,5296.25884916,kg CO2e/M.EUR,2022,AR5,Medium,3
EXIOBASE,KR,韓國,107,"Secondary preciuos metals for treatment, Re-processing of secondary preciuos metals into new preciuos metals",C_PREW,"Secondary preciuos metals for treatment, Re-processing of secondary preciuos metals into new preciuos metals 韓國",0.0,0.0,0.0,0.0,0.0,kg CO2e/M.EUR,2022,AR5,Medium,3
EXIOBASE,KR,韓國,108,Aluminium and aluminium products,C_ALUM,鋁製品 Aluminium and aluminium products 鋁 aluminum 製造業 韓國,35730.23996748821,35155.311146795524,14.422168246030312,0.6456909803918461,8673.57009522,kg CO2e/M.EUR,2022,AR5,Medium,3
EXIOBASE,KR,韓國,109,"Secondary aluminium for treatment, Re-processing of secondary aluminium into new aluminium",C_ALUW,"Secondary aluminium for treatment, Re-processing of secondary aluminium into new aluminium 韓國",0.0,0.0,0.0,0.0,0.0,kg CO2e/M.EUR,2022,AR5,Medium,3
EXIOBASE,KR,韓國,110,"Lead, zinc and tin and products thereof",C_LZTP,"Lead, zinc and tin and products thereof 韓國",38962.716732520326,38536.35395786236,12.23520256664498,0.316140010535503,5016.36379003,kg CO2e/M.EUR,2022,AR5,Medium,3
EXIOBASE,KR,韓國,111,"Secondary lead for treatment, Re-processing of secondary lead into new lead",C_LZTW,"Secondary lead for treatment, Re-processing of secondary lead into new lead 韓國",0.0,0.0,0.0,0.0,0.0,kg CO2e/M.EUR,2022,AR5,Medium,3
EXIOBASE,KR,韓國,112,Copper products,C_COPP,銅製品 Copper products 銅 copper 製造業 韓國,53443.81123853673,52565.3752823639,20.305893521215665,1.169324292750136,20640.3301708,kg CO2e/M.EUR,2022,AR5,Medium,3
EXIOBASE,KR,韓國,113,"Secondary copper for treatment, Re-processing of secondary copper into new copper",C_COPW,"Secondary copper for treatment, Re-processing of secondary copper into new copper 韓國",0.0,0.0,0.0,0.0,0.0,kg CO2e/M.EUR,2022,AR5,Medium,3
EXIOBASE,KR,韓國,114,Other non-ferrous metal products,C_ONFM,Other non-ferrous metal products 韓國,28899.80585406134,28342.196147161576,17.636707652908246,0.240686387238988,2249.7097182,kg CO2e/M.EUR,2022,AR5,Medium,3
EXIOBASE,KR,韓國,115,"Secondary other non-ferrous metals for treatment, Re-processing of secondary other non-ferrous metals into new other non-ferrous metals",C_ONFW,"Secondary other non-ferrous metals for treatment, Re-processing of secondary other non-ferrous metals into new other non-ferrous metals 韓國",0.0,0.0,0.0,0.0,0.0,kg CO2e/M.EUR,2022,AR5,Medium,3
EXIOBASE,KR,韓國,116,Foundry work services,C_METC,Foundry work services 韓國,533364.3195669567,528602.0139686031,60.03072715303484,11.628095237995156,4437.41533898,kg CO2e/M.EUR,2022,AR5,Medium,3
EXIOBASE,KR,韓國,117,"Fabricated metal products, except machinery and equipment (28)",C_FABM,"Fabricated metal products, except machinery and equipment (28) 韓國",23175.048638280485,22818.72566553969,4.432817851490754,0.8762417845247347,90942.1276905,kg CO2e/M.EUR,2022,AR5,Medium,3
EXIOBASE,KR,韓國,118,Machinery and equipment n.e.c. (29),C_MACH,Machinery and equipment n.e.c. (29) 韓國,17179.641122167053,16968.491319138288,4.918115825304833,0.2771417355480355,149462.93787,kg CO2e/M.EUR,2022,AR5,Medium,3
EXIOBASE,KR,韓國,119,Office machinery and computers (30),C_OFMA,Office machinery and computers (30) 韓國,7628.959201053449,7537.948784306892,2.462797977539066,0.0832153712281603,20655.3738431,kg CO2e/M.EUR,2022,AR5,Medium,3
EXIOBASE,KR,韓國,120,Electrical machinery and apparatus n.e.c. (31),C_ELMA,Electrical machinery and apparatus n.e.c. (31) 韓國,9793.302116879684,9674.4804736132,2.6766432873857107,0.1655684196969295,94444.1062361,kg CO2e/M.EUR,2022,AR5,Medium,3
EXIOBASE,KR,韓國,121,"Radio, television and communication equipment and apparatus (32)",C_RATV,"通訊設備 Radio, television and communication equipment and apparatus (32) 通信 communication 電訊 製造業 韓國",8480.307630795072,8395.245880215842,2.441925789993491,0.0629729375826894,247133.330783,kg CO2e/M.EUR,2022,AR5,Medium,3
EXIOBASE,KR,韓國,122,"Medical, precision and optical instruments, watches and clocks (33)",C_MEIN,"精密儀器 Medical, precision and optical instruments, watches and clocks (33) 儀器 instruments 醫療器材 製造業 韓國",37773.67473834945,37420.99208785637,1.3245059846978098,1.1909301242322483,31596.1609859,kg CO2e/M.EUR,2022,AR5,Medium,3
EXIOBASE,KR,韓國,123,"Motor vehicles, trailers and semi-trailers (34)",C_MOTO,"Motor vehicles, trailers and semi-trailers (34) 韓國",10512.0501195017,10407.486695564145,2.873683526181961,0.0909444724696615,183572.09402,kg CO2e/M.EUR,2022,AR5,Medium,3
EXIOBASE,KR,韓國,124,Other transport equipment (35),C_OTRE,其他運輸設備 Other transport equipment (35) 運輸設備 transport equipment 製造業 韓國,25121.96132270486,24851.119094778533,2.369729875351962,0.7716595902508322,51403.5752007,kg CO2e/M.EUR,2022,AR5,Medium,3
EXIOBASE,KR,韓國,125,Furniture; other manufactured goods n.e.c. (36),C_FURN,家具 Furniture; other manufactured goods n.e.c. (36) furniture 傢俱 製造業 韓國,108957.45336138748,107978.82295247154,27.50405561116442,0.7868560445408611,26497.6744301,kg CO2e/M.EUR,2022,AR5,Medium,3
EXIOBASE,KR,韓國,126,Secondary raw materials,C_RYMS,Secondary raw materials 韓國,691498.8433652422,684476.2096156813,7.627013409000232,25.69463160041104,5749.05651555,kg CO2e/M.EUR,2022,AR5,Medium,3
EXIOBASE,KR,韓國,127,"Bottles for treatment, Recycling of bottles by direct reuse",C_BOTW,"Bottles for treatment, Recycling of bottles by direct reuse 韓國",0.0,0.0,0.0,0.0,0.0,kg CO2e/M.EUR,2022,AR5,Medium,3
EXIOBASE,KR,韓國,128,Electricity by coal,C_POWC,燃煤發電 Electricity by coal 煤電 coal power 火力發電 電力 韓國,16280145.2597898,16186947.760695048,106.766902857584,340.4076445839237,13228.0865211,kg CO2e/M.EUR,2022,AR5,Medium,3
EXIOBASE,KR,韓國,129,Electricity by gas,C_POWG,天然氣發電 Electricity by gas 氣電 gas power 燃氣發電 電力 韓國,9709233.57080238,9662827.73560062,1481.1603854642156,18.61639399533852,6906.52084669,kg CO2e/M.EUR,2022,AR5,Medium,3
EXIOBASE,KR,韓國,130,Electricity by nuclear,C_POWN,核能發電 Electricity by nuclear 核電 nuclear power 電力 韓國,681.125237424335,675.3970856548964,0.030559406104256,0.0183867486736579,12147.7223189,kg CO2e/M.EUR,2022,AR5,Medium,3
EXIOBASE,KR,韓國,131,Electricity by hydro,C_POWH,水力發電 Electricity by hydro 水電 hydro power 電力 韓國,0.0,0.0,0.0,0.0,301.461370285,kg CO2e/M.EUR,2022,AR5,Medium,3
EXIOBASE,KR,韓國,132,Electricity by wind,C_POWW,風力發電 Electricity by wind 風電 wind power 電力 韓國,33301952.002250124,32810099.564139917,1238.4688805867142,1725.189846995398,45.683287517,kg CO2e/M.EUR,2022,AR5,Medium,3
EXIOBASE,KR,韓國,133,Electricity by petroleum and other oil derivatives,C_POWP,燃油發電 Electricity by petroleum and other oil derivatives 油電 oil power 電力 韓國,3993396.7300594174,3969349.001829195,131.4190264746498,76.86036033559722,2318.04929856,kg CO2e/M.EUR,2022,AR5,Medium,3
EXIOBASE,KR,韓國,134,Electricity by biomass and waste,C_POWB,生質能發電 Electricity by biomass and waste 生質能 biomass 電力 韓國,5118206.950091519,4996168.110679504,655.2916678921716,391.2855574001289,85.6349097154,kg CO2e/M.EUR,2022,AR5,Medium,3
EXIOBASE,KR,韓國,135,Electricity by solar photovoltaic,C_POWS,太陽能發電 Electricity by solar photovoltaic 太陽能 solar power PV 電力 韓國,3586661.3109045937,3529634.7636108696,152.82408626408926,199.04706746539435,14.5989241261,kg CO2e/M.EUR,2022,AR5,Medium,3
EXIOBASE,KR,韓國,136,Electricity by solar thermal,C_POWE,太陽熱能發電 Electricity by solar thermal 太陽熱能 solar thermal 電力 韓國,0.0,0.0,0.0,0.0,0.0,kg CO2e/M.EUR,2022,AR5,Medium,3
EXIOBASE,KR,韓國,137,"Electricity by tide, wave, ocean",C_POWO,"海洋能發電 Electricity by tide, wave, ocean 海洋能 ocean power 電力 韓國",0.0,0.0,0.0,0.0,0.0,kg CO2e/M.EUR,2022,AR5,Medium,3
EXIOBASE,KR,韓國,138,Electricity by Geothermal,C_POWM,地熱發電 Electricity by Geothermal 地熱 geothermal 電力 韓國,0.0,0.0,0.0,0.0,0.0,kg CO2e/M.EUR,2022,AR5,Medium,3
EXIOBASE,KR,韓國,139,Electricity nec,C_POWZ,其他電力 Electricity nec 電力 electricity 電力 韓國,2533949.5634767422,2504661.235832147,48.697203567398624,105.37662620644626,1105.08352838,kg CO2e/M.EUR,2022,AR5,Medium,3
EXIOBASE,KR,韓國,140,Transmission services of electricity,C_POWT,電力輸配 Transmission services of electricity 輸電 transmission 電力 韓國,768043.7546964965,760044.654375852,15.934396969368777,28.50164983208392,5252.79555082,kg CO2e/M.EUR,2022,AR5,Medium,3
EXIOBASE,KR,韓國,141,Distribution and trade services of electricity,C_POWD,電力配售 Distribution and trade services of electricity 配電 distribution 電力 韓國,211196.16410373824,208742.19215423512,4.391000616094968,8.796316725480963,18491.3431915,kg CO2e/M.EUR,2022,AR5,Medium,3
EXIOBASE,KR,韓國,142,Coke oven gas,C_COOG,Coke oven gas 韓國,1842160.200361939,1838028.1498051889,127.71684097060788,2.098033998388884,410.66947577,kg CO2e/M.EUR,2022,AR5,Medium,3
EXIOBASE,KR,韓國,143,Blast Furnace Gas,C_MBFG,Blast Furnace Gas 韓國,1842160.2003538515,1838028.1497971085,127.71684097044404,2.098033998379547,1052.04077478,kg CO2e/M.EUR,2022,AR5,Medium,3
EXIOBASE,KR,韓國,144,Oxygen Steel Furnace Gas,C_MOSG,Oxygen Steel Furnace Gas 韓國,1842160.2014484608,1838028.1508892812,127.7168410456332,2.098033999629118,13.8012960485,kg CO2e/M.EUR,2022,AR5,Medium,3
EXIOBASE,KR,韓國,145,Gas Works Gas,C_MGWG,Gas Works Gas 韓國,0.0,0.0,0.0,0.0,0.0,kg CO2e/M.EUR,2022,AR5,Medium,3
EXIOBASE,KR,韓國,146,Biogas,C_MBIO,Biogas 韓國,1842160.1977870024,1838028.147236055,127.71684079122656,2.098033995445137,89.709870592,kg CO2e/M.EUR,2022,AR5,Medium,3
EXIOBASE,KR,韓國,147,Distribution services of gaseous fuels through mains,C_GASD,Distribution services of gaseous fuels through mains 韓國,1842160.200374143,1838028.1498173864,127.71684097074912,2.0980339983997576,13706.5457763,kg CO2e/M.EUR,2022,AR5,Medium,3
EXIOBASE,KR,韓國,148,Steam and hot water supply services,C_HWAT,蒸汽熱水供應 Steam and hot water supply services 蒸汽 steam 能源 韓國,9615151.034154128,9537122.982053531,2342.92395282328,46.89125064733046,611.963574875,kg CO2e/M.EUR,2022,AR5,Medium,3
EXIOBASE,KR,韓國,149,"Collected and purified water, distribution services of water (41)",C_WATR,"Collected and purified water, distribution services of water (41) 韓國",73799.70445352924,72932.80005797074,5.377756906272468,2.70312151767116,27205.8749962,kg CO2e/M.EUR,2022,AR5,Medium,3
EXIOBASE,KR,韓國,150,Construction work (45),C_CONS,Construction work (45) 韓國,21550.299758312118,21449.2368207166,0.6341350676385247,0.3143666252892023,251427.541304,kg CO2e/M.EUR,2022,AR5,Medium,3
EXIOBASE,KR,韓國,151,"Secondary construction material for treatment, Re-processing of secondary construction material into aggregates",C_CONW,"Secondary construction material for treatment, Re-processing of secondary construction material into aggregates 韓國",0.0,0.0,0.0,0.0,0.0,kg CO2e/M.EUR,2022,AR5,Medium,3
EXIOBASE,KR,韓國,152,"Sale, maintenance, repair of motor vehicles, motor vehicles parts, motorcycles, motor cycles parts and accessoiries",C_TDMO,"Sale, maintenance, repair of motor vehicles, motor vehicles parts, motorcycles, motor cycles parts and accessoiries 韓國",453269.6233858953,448849.3628747428,14.634685708188613,15.133921929521232,7149.39628874,kg CO2e/M.EUR,2022,AR5,Medium,3
EXIOBASE,KR,韓國,153,Retail trade services of motor fuel,C_TDFU,Retail trade services of motor fuel 韓國,10148.237292658194,9933.229965769464,6.861368919657253,0.0863735741068971,732.281807752,kg CO2e/M.EUR,2022,AR5,Medium,3
EXIOBASE,KR,韓國,154,"Wholesale trade and commission trade services, except of motor vehicles and motorcycles (51)",C_TDWH,"Wholesale trade and commission trade services, except of motor vehicles and motorcycles (51) 韓國",14774.682135223407,14585.26193734446,4.8957768891415245,0.1975035659735254,71398.6113992,kg CO2e/M.EUR,2022,AR5,Medium,3
EXIOBASE,KR,韓國,155,"Retail  trade services, except of motor vehicles and motorcycles; repair services of personal and household goods (52)",C_TDRT,"Retail  trade services, except of motor vehicles and motorcycles; repair services of personal and household goods (52) 韓國",12757.69079467534,12590.87612051136,4.3967237034996645,0.1649298508150515,45059.227022,kg CO2e/M.EUR,2022,AR5,Medium,3
EXIOBASE,KR,韓國,156,Hotel and restaurant services (55),C_HORE,Hotel and restaurant services (55) 韓國,22838.884652463978,21254.15516397954,38.67057922536806,1.8941632836759732,160880.44799,kg CO2e/M.EUR,2022,AR5,Medium,3
EXIOBASE,KR,韓國,157,Railway transportation services,C_TRAI,Railway transportation services 韓國,17328.019789074457,17155.176515365907,0.5793040209882576,0.5910292872485962,25720.4361252,kg CO2e/M.EUR,2022,AR5,Medium,3
EXIOBASE,KR,韓國,158,Other land transportation services,C_TLND,Other land transportation services 韓國,32.25382922731686,31.71571777106828,0.001066351640306,0.0019179381521509,64081.0828593,kg CO2e/M.EUR,2022,AR5,Medium,3
EXIOBASE,KR,韓國,159,Transportation services via pipelines,C_TPIP,Transportation services via pipelines 韓國,1368.1445745459944,1362.074896013198,0.0346216115953278,0.0192463147476499,3109.35037523,kg CO2e/M.EUR,2022,AR5,Medium,3
EXIOBASE,KR,韓國,160,Sea and coastal water transportation services,C_TWAS,海運服務 Sea and coastal water transportation services 海運 sea transport 運輸業 韓國,954494.3963309644,951207.8357262708,52.175963876810656,6.88918345714234,20922.6831889,kg CO2e/M.EUR,2022,AR5,Medium,3
EXIOBASE,KR,韓國,161,Inland water transportation services,C_TWAI,Inland water transportation services 韓國,1076283.3392870738,1066017.3447130823,48.94500556323936,33.56805440837936,1744.08805126,kg CO2e/M.EUR,2022,AR5,Medium,3
EXIOBASE,KR,韓國,162,Air transport services (62),C_TAIR,Air transport services (62) 韓國,1039724.722957927,1023712.5530810596,5.406737759430874,59.85200460227752,30738.4291269,kg CO2e/M.EUR,2022,AR5,Medium,3
EXIOBASE,KR,韓國,163,Supporting and auxiliary transport services; travel agency services (63),C_TAUX,Supporting and auxiliary transport services; travel agency services (63) 韓國,19948.18679834191,19776.59704394004,4.289484284455008,0.1942799790080304,29237.2943814,kg CO2e/M.EUR,2022,AR5,Medium,3
EXIOBASE,KR,韓國,164,Post and telecommunication services (64),C_PTEL,Post and telecommunication services (64) 韓國,7784.050430859809,7648.872173660055,4.48672023059938,0.0360380782753643,109882.088723,kg CO2e/M.EUR,2022,AR5,Medium,3
EXIOBASE,KR,韓國,165,"Financial intermediation services, except insurance and pension funding services (65)",C_FINT,"Financial intermediation services, except insurance and pension funding services (65) 韓國",4381.227021035944,4287.125184165462,3.103009496487251,0.0272361168635439,133058.610268,kg CO2e/M.EUR,2022,AR5,Medium,3
EXIOBASE,KR,韓國,166,"Insurance and pension funding services, except compulsory social security services (66)",C_FINS,"Insurance and pension funding services, except compulsory social security services (66) 韓國",6794.09769271687,6664.744793641483,4.027066413573533,0.0626227905484117,64550.8324645,kg CO2e/M.EUR,2022,AR5,Medium,3
EXIOBASE,KR,韓國,167,Services auxiliary to financial intermediation (67),C_FAUX,Services auxiliary to financial intermediation (67) 韓國,3902.367164670872,3803.425693322893,3.417149448570957,0.0123067425961955,43025.1030339,kg CO2e/M.EUR,2022,AR5,Medium,3
EXIOBASE,KR,韓國,168,Real estate services (70),C_REAL,Real estate services (70) 韓國,13510.545579643833,13310.271047419788,5.076831418820007,0.219333028290888,182966.227162,kg CO2e/M.EUR,2022,AR5,Medium,3
EXIOBASE,KR,韓國,169,Renting services of machinery and equipment without operator and of personal and household goods (71),C_MARE,Renting services of machinery and equipment without operator and of personal and household goods (71) 韓國,18055.74828873849,17849.686460700035,5.471318354470644,0.1994902419369141,24635.8386839,kg CO2e/M.EUR,2022,AR5,Medium,3
EXIOBASE,KR,韓國,170,Computer and related services (72),C_COMP,Computer and related services (72) 韓國,54067.322225321455,53489.429696062376,7.413858801765347,1.3973754068288542,41267.2282816,kg CO2e/M.EUR,2022,AR5,Medium,3
EXIOBASE,KR,韓國,171,Research and development services (73),C_RESD,Research and development services (73) 韓國,161344.85796095603,159981.66453075653,11.499608550476676,3.92907317277805,62753.5400769,kg CO2e/M.EUR,2022,AR5,Medium,3
EXIOBASE,KR,韓國,172,Other business services (74),C_OBUS,Other business services (74) 韓國,8155.441763128468,8046.19651681663,3.502973660292611,0.0421206936741309,141142.625317,kg CO2e/M.EUR,2022,AR5,Medium,3
EXIOBASE,KR,韓國,173,Public administration and defence services; compulsory social security services (75),C_PADF,Public administration and defence services; compulsory social security services (75) 韓國,25595.8927182724,25274.81862699053,8.155420251970435,0.3498955631195883,200027.513917,kg CO2e/M.EUR,2022,AR5,Medium,3
EXIOBASE,KR,韓國,174,Education services (80),C_EDUC,Education services (80) 韓國,23405.511150606555,23091.92615794575,7.746022026095717,0.3648919846419787,154291.89011,kg CO2e/M.EUR,2022,AR5,Medium,3
EXIOBASE,KR,韓國,175,Health and social work services (85),C_HEAL,Health and social work services (85) 韓國,17456.464478620925,16995.70371548391,8.06592885410301,0.8864707744231475,158921.127184,kg CO2e/M.EUR,2022,AR5,Medium,3
EXIOBASE,KR,韓國,176,Food waste for treatment: incineration,C_INCF,食物廢棄物焚化 Food waste for treatment: incineration 廚餘 food waste 廢棄物處理 韓國,84119.82964387111,80711.06540500754,26.36348158681818,10.077685865783607,4111.02355594,kg CO2e/M.EUR,2022,AR5,Medium,3
EXIOBASE,KR,韓國,177,Paper waste for treatment: incineration,C_INCP,紙類廢棄物焚化 Paper waste for treatment: incineration 廢紙 paper waste 廢棄物處理 韓國,106090.41661813363,101823.17500118972,29.677688824297952,12.967042754202156,4113.72797022,kg CO2e/M.EUR,2022,AR5,Medium,3
EXIOBASE,KR,韓國,178,Plastic waste for treatment: incineration,C_INCL,塑膠廢棄物焚化 Plastic waste for treatment: incineration 塑膠廢棄物 plastic waste 廢塑膠 廢棄物處理 韓國,2055073.1541188825,2019227.2968174256,300.85524104828,103.4789077437904,868.288406869,kg CO2e/M.EUR,2022,AR5,Medium,3
EXIOBASE,KR,韓國,179,Intert/metal waste for treatment: incineration,C_INCM,惰性金屬廢棄物焚化 Intert/metal waste for treatment: incineration 金屬廢棄物 metal waste 廢棄物處理 韓國,2050117.618194667,2014291.532298426,306.36404550135524,102.82223631020064,580.083182327,kg CO2e/M.EUR,2022,AR5,Medium,3
EXIOBASE,KR,韓國,180,Textiles waste for treatment: incineration,C_INCT,紡織廢棄物焚化 Textiles waste for treatment: incineration 紡織廢棄物 textile waste 廢棄物處理 廢棄物處理 韓國,1719213.0277676948,1688601.3657417889,273.90187878771377,86.57512988622611,917.608985398,kg CO2e/M.EUR,2022,AR5,Medium,3
EXIOBASE,KR,韓國,181,Wood waste for treatment: incineration,C_INCW,木材廢棄物焚化 Wood waste for treatment: incineration 木材廢棄物 wood waste 廢棄物處理 韓國,34068.626549064786,31862.398347484308,22.641990459256828,5.933028183853902,1072.58835662,kg CO2e/M.EUR,2022,AR5,Medium,3
EXIOBASE,KR,韓國,182,Oil/hazardous waste for treatment: incineration,C_INCO,油類有害廢棄物焚化 Oil/hazardous waste for treatment: incineration 有害廢棄物 hazardous waste 廢棄物處理 韓國,488169.5563363185,481214.3922990028,66.9136332841282,19.17578228437784,1043.35574776,kg CO2e/M.EUR,2022,AR5,Medium,3
EXIOBASE,KR,韓國,183,Food waste for treatment: biogasification and land application,C_BIOF,Food waste for treatment: biogasification and land application 韓國,0.0,0.0,0.0,0.0,0.0,kg CO2e/M.EUR,2022,AR5,Medium,3
EXIOBASE,KR,韓國,184,Paper waste for treatment: biogasification and land application,C_BIOP,Paper waste for treatment: biogasification and land application 韓國,0.0,0.0,0.0,0.0,0.0,kg CO2e/M.EUR,2022,AR5,Medium,3
EXIOBASE,KR,韓國,185,Sewage sludge for treatment: biogasification and land application,C_BIOS,Sewage sludge for treatment: biogasification and land application 韓國,0.0,0.0,0.0,0.0,0.0,kg CO2e/M.EUR,2022,AR5,Medium,3
EXIOBASE,KR,韓國,186,Food waste for treatment: composting and land application,C_COMF,Food waste for treatment: composting and land application 韓國,0.0,0.0,0.0,0.0,0.0,kg CO2e/M.EUR,2022,AR5,Medium,3
EXIOBASE,KR,韓國,187,Paper and wood waste for treatment: composting and land application,C_COMW,Paper and wood waste for treatment: composting and land application 韓國,0.0,0.0,0.0,0.0,0.0,kg CO2e/M.EUR,2022,AR5,Medium,3
EXIOBASE,KR,韓國,188,Food waste for treatment: waste water treatment,C_WASF,Food waste for treatment: waste water treatment 韓國,66480.98370546062,65593.16766850221,9.893381187295482,2.304910806468438,2305.08568109,kg CO2e/M.EUR,2022,AR5,Medium,3
EXIOBASE,KR,韓國,189,Other waste for treatment: waste water treatment,C_WASO,Other waste for treatment: waste water treatment 韓國,75514.18460745581,74590.52955825119,10.144761254302171,2.4135914493742248,5205.46354432,kg CO2e/M.EUR,2022,AR5,Medium,3
EXIOBASE,KR,韓國,190,Food waste for treatment: landfill,C_LANF,Food waste for treatment: landfill 韓國,0.0,0.0,0.0,0.0,0.0,kg CO2e/M.EUR,2022,AR5,Medium,3
EXIOBASE,KR,韓國,191,Paper for treatment: landfill,C_LANP,Paper for treatment: landfill 韓國,0.0,0.0,0.0,0.0,0.0,kg CO2e/M.EUR,2022,AR5,Medium,3
EXIOBASE,KR,韓國,192,Plastic waste for treatment: landfill,C_LANL,Plastic waste for treatment: landfill 韓國,0.0,0.0,0.0,0.0,0.0,kg CO2e/M.EUR,2022,AR5,Medium,3
EXIOBASE,KR,韓國,193,Inert/metal/hazardous waste for treatment: landfill,C_LANI,Inert/metal/hazardous waste for treatment: landfill 韓國,0.0,0.0,0.0,0.0,0.0,kg CO2e/M.EUR,2022,AR5,Medium,3
EXIOBASE,KR,韓國,194,Textiles waste for treatment: landfill,C_LANT,Textiles waste for treatment: landfill 韓國,0.0,0.0,0.0,0.0,0.0,kg CO2e/M.EUR,2022,AR5,Medium,3
EXIOBASE,KR,韓國,195,Wood waste for treatment: landfill,C_LANW,Wood waste for treatment: landfill 韓國,0.0,0.0,0.0,0.0,0.0,kg CO2e/M.EUR,2022,AR5,Medium,3
EXIOBASE,KR,韓國,196,Membership organisation services n.e.c. (91),C_ORGA,Membership organisation services n.e.c. (91) 韓國,16781.728645289888,16643.638339689674,3.664440592409495,0.1339093170292415,17387.609634,kg CO2e/M.EUR,2022,AR5,Medium,3
EXIOBASE,KR,韓國,197,"Recreational, cultural and sporting services (92)",C_RECR,"Recreational, cultural and sporting services (92) 韓國",8779.039646189303,8630.797883326877,4.1811921943974815,0.1176165336577253,91537.1521646,kg CO2e/M.EUR,2022,AR5,Medium,3
EXIOBASE,KR,韓國,198,Other services (93),C_OSER,Other services (93) 韓國,6447.555674073403,6192.056937927676,6.256763371860056,0.3030541952213025,148839.858739,kg CO2e/M.EUR,2022,AR5,Medium,3
EXIOBASE,KR,韓國,199,Private households with employed persons (95),C_PRHH,家庭雇用人員 Private households with employed persons (95) 家庭服務 household 服務業 韓國,5908.380376848271,5781.385964068712,4.35212931776695,0.0193765731399426,7282.31460573,kg CO2e/M.EUR,2022,AR5,Medium,3
EXIOBASE,KR,韓國,200,Extra-territorial organizations and bodies,C_EXTO,Extra-territorial organizations and bodies 韓國,0.0,0.0,0.0,0.0,0.0,kg CO2e/M.EUR,2022,AR5,Medium,3
EXIOBASE,US,美國,1,Paddy rice,C_PARI,稻米 Paddy rice 水稻 稻穀 rice paddy 農業 美國,2526864.89087929,2501004.9731095927,60.46718371997918,91.1956099076909,5083.73818785,kg CO2e/M.EUR,2022,AR5,Medium,3
EXIOBASE,US,美國,2,Wheat,C_WHEA,小麥 Wheat 麵粉 wheat flour 農業 美國,533340.9260318847,526441.8516010267,40.80569024757993,21.72269850538061,15816.8146422,kg CO2e/M.EUR,2022,AR5,Medium,3
EXIOBASE,US,美國,3,Cereal grains nec,C_OCER,其他穀物 Cereal grains nec 穀物 grains cereals 雜糧 農業 美國,191369.51030017596,188174.56114269645,27.973995319892644,9.100669013292327,49626.2672516,kg CO2e/M.EUR,2022,AR5,Medium,3
EXIOBASE,US,美國,4,"Vegetables, fruit, nuts",C_FVEG,"蔬菜水果堅果 Vegetables, fruit, nuts 蔬果 vegetables fruits nuts 農產品 農業 美國",43152.93805050831,42310.8412672551,9.85470035312691,2.136472352323213,103872.235238,kg CO2e/M.EUR,2022,AR5,Medium,3
EXIOBASE,US,美國,5,Oil seeds,C_OILS,油料作物 Oil seeds 油籽 oilseeds 大豆 soybean 農業 美國,152875.53350657682,151264.9134922485,11.37287227674064,4.876149398413376,31567.3159348,kg CO2e/M.EUR,2022,AR5,Medium,3
EXIOBASE,US,美國,6,"Sugar cane, sugar beet",C_SUGB,"甘蔗甜菜 Sugar cane, sugar beet 甘蔗 sugar cane 甜菜 sugar beet 農業 美國",862985.5856702791,846836.5512606341,118.04167252247416,48.46742482647454,3634.47263059,kg CO2e/M.EUR,2022,AR5,Medium,3
EXIOBASE,US,美國,7,Plant-based fibers,C_FIBR,植物纖維 Plant-based fibers 纖維 fibers 棉花 cotton 農業 美國,406448.7052970811,400230.4734210601,48.54061201083192,18.33620656497225,6243.05323096,kg CO2e/M.EUR,2022,AR5,Medium,3
EXIOBASE,US,美國,8,Crops nec,C_OTCR,其他作物 Crops nec 作物 crops 農作物 農業 美國,126834.29896670047,124828.4328945532,13.174831222841773,6.177248293991405,50125.7224548,kg CO2e/M.EUR,2022,AR5,Medium,3
EXIOBASE,US,美國,9,Cattle,C_CATL,牛 Cattle 肉牛 cattle beef 牛肉 畜牧業 美國,193476.5187429417,190246.69552496413,27.26659440464141,9.307013489236272,59554.561122,kg CO2e/M.EUR,2022,AR5,Medium,3
EXIOBASE,US,美國,10,Pigs,C_PIGS,豬 Pigs 豬肉 pigs pork 畜牧業 美國,243586.93022068893,236980.75698606425,40.50787865491568,20.648877857686983,23468.0771945,kg CO2e/M.EUR,2022,AR5,Medium,3
EXIOBASE,US,美國,11,Poultry,C_PLTR,家禽 Poultry 雞 禽類 chicken poultry 畜牧業 美國,269857.811594922,261862.889163658,72.10403021051773,22.55097956743216,40715.1339262,kg CO2e/M.EUR,2022,AR5,Medium,3
EXIOBASE,US,美國,12,Meat animals nec,C_OMEA,其他肉用動物 Meat animals nec 肉品 meat 動物 畜牧業 美國,97789.49953291072,95480.36508896362,7.842978694916667,7.885022794299767,259.344223565,kg CO2e/M.EUR,2022,AR5,Medium,3
EXIOBASE,US,美國,13,Animal products nec,C_OANP,其他畜產品 Animal products nec 畜產品 animal products 畜牧業 美國,87647.12149214947,85604.03727885846,30.66671743382707,4.469494811863602,11757.2645101,kg CO2e/M.EUR,2022,AR5,Medium,3
EXIOBASE,US,美國,14,Raw milk,C_MILK,鮮乳 Raw milk 牛奶 milk 乳品 畜牧業 美國,87150.96746621848,85635.82009859421,9.759784646815737,4.686314707597888,41460.5289378,kg CO2e/M.EUR,2022,AR5,Medium,3
EXIOBASE,US,美國,15,"Wool, silk-worm cocoons",C_WOOL,"羊毛蠶繭 Wool, silk-worm cocoons 羊毛 wool 蠶絲 silk 畜牧業 美國",1373530.3384297958,1351162.4234083944,104.48872527830927,73.36690835324058,23.7559507496,kg CO2e/M.EUR,2022,AR5,Medium,3
EXIOBASE,US,美國,16,Manure (conventional treatment),C_MANC,Manure (conventional treatment) 美國,0.0,0.0,0.0,0.0,0.0,kg CO2e/M.EUR,2022,AR5,Medium,3
EXIOBASE,US,美國,17,Manure (biogas treatment),C_MANB,Manure (biogas treatment) 美國,0.0,0.0,0.0,0.0,0.0,kg CO2e/M.EUR,2022,AR5,Medium,3
EXIOBASE,US,美國,18,"Products of forestry, logging and related services (02)",C_FORE,"林業產品 Products of forestry, logging and related services (02) 木材 forestry 林產 木頭 林業 美國",31630.450501813502,26685.845077391365,11.77641932413352,17.41458748432603,77195.5570208,kg CO2e/M.EUR,2022,AR5,Medium,3
EXIOBASE,US,美國,19,Fish and other fishing products; services incidental of fishing (05),C_FISH,漁業產品 Fish and other fishing products; services incidental of fishing (05) 魚類 fish 海鮮 seafood 水產 漁業 美國,117881.1302023378,117876.65150399202,0.017748868881229,0.0150253962909244,6478.52646236,kg CO2e/M.EUR,2022,AR5,Medium,3
EXIOBASE,US,美國,20,Anthracite,C_ANTH,無煙煤 Anthracite 煤炭 coal anthracite 礦業 美國,165337.00010427917,164314.22476211892,0.6296790262458036,3.7929974695297046,986.862652596,kg CO2e/M.EUR,2022,AR5,Medium,3
EXIOBASE,US,美國,21,Coking Coal,C_COKC,焦煤 Coking Coal 煉焦煤 coking coal 礦業 美國,165337.00299699898,164314.2276369459,0.6296790372604473,3.792997535886055,939.48158319,kg CO2e/M.EUR,2022,AR5,Medium,3
EXIOBASE,US,美國,22,Other Bituminous Coal,C_OTBC,煙煤 Other Bituminous Coal 瀝青煤 bituminous coal 礦業 美國,165337.00032097977,164314.2249774786,0.6296790270694768,3.7929974745028177,36195.4868657,kg CO2e/M.EUR,2022,AR5,Medium,3
EXIOBASE,US,美國,23,Sub-Bituminous Coal,C_SUBC,Sub-Bituminous Coal 美國,165337.00140225329,164314.22605206494,0.6296790311882506,3.792997499302216,3236.5514747,kg CO2e/M.EUR,2022,AR5,Medium,3
EXIOBASE,US,美國,24,Patent Fuel,C_PATF,Patent Fuel 美國,165337.00063373605,164314.22528830505,0.6296790282598124,3.7929974816592966,11.3099749214,kg CO2e/M.EUR,2022,AR5,Medium,3
EXIOBASE,US,美國,25,Lignite/Brown Coal,C_LIBC,Lignite/Brown Coal 美國,165337.0015885685,164314.22623722462,0.6296790318971597,3.79299750358778,482.369812358,kg CO2e/M.EUR,2022,AR5,Medium,3
EXIOBASE,US,美國,26,BKB/Peat Briquettes,C_BKBP,BKB/Peat Briquettes 美國,0.0,0.0,0.0,0.0,0.0,kg CO2e/M.EUR,2022,AR5,Medium,3
EXIOBASE,US,美國,27,Peat,C_PEAT,Peat 美國,0.0,0.0,0.0,0.0,0.0,kg CO2e/M.EUR,2022,AR5,Medium,3
EXIOBASE,US,美國,28,"Crude petroleum and services related to crude oil extraction, excluding surveying",C_COIL,"原油 Crude petroleum and services related to crude oil extraction, excluding surveying 石油 petroleum crude oil 礦業 美國",481025.4730260614,478508.5971204433,79.64934780839769,1.0818647810676634,155490.07936,kg CO2e/M.EUR,2022,AR5,Medium,3
EXIOBASE,US,美國,29,"Natural gas and services related to natural gas extraction, excluding surveying",C_GASE,"天然氣 Natural gas and services related to natural gas extraction, excluding surveying gas natural gas 礦業 美國",555578.8784773072,551582.5168694167,126.4652944681897,1.7182391048341734,76984.5452579,kg CO2e/M.EUR,2022,AR5,Medium,3
EXIOBASE,US,美國,30,Natural Gas Liquids,C_GASL,Natural Gas Liquids 美國,556234.1835875176,552233.4553931766,126.614980325371,1.718900925397924,33003.2489546,kg CO2e/M.EUR,2022,AR5,Medium,3
EXIOBASE,US,美國,31,Other Hydrocarbons,C_OGPL,Other Hydrocarbons 美國,19.08107383923924,18.56895411859744,0.0031845235573577,0.0015960492869275,11837.1317385,kg CO2e/M.EUR,2022,AR5,Medium,3
EXIOBASE,US,美國,32,Uranium and thorium ores (12),C_ORAN,Uranium and thorium ores (12) 美國,736909.1330184623,736333.3966946724,0.9176129219355068,2.075634573493015,1441.90528965,kg CO2e/M.EUR,2022,AR5,Medium,3
EXIOBASE,US,美國,33,Iron ores,C_IRON,鐵礦 Iron ores 鐵礦石 iron ore 礦業 美國,229356.501342835,228777.7976718036,0.7100959242771916,2.108758434534552,18252.6896033,kg CO2e/M.EUR,2022,AR5,Medium,3
EXIOBASE,US,美國,34,Copper ores and concentrates,C_COPO,銅礦 Copper ores and concentrates 銅 copper 礦業 美國,455951.65838451486,455297.4476380333,1.1997552110464498,2.341953209706795,5658.31967461,kg CO2e/M.EUR,2022,AR5,Medium,3
EXIOBASE,US,美國,35,Nickel ores and concentrates,C_NIKO,Nickel ores and concentrates 美國,0.0,0.0,0.0,0.0,0.0,kg CO2e/M.EUR,2022,AR5,Medium,3
EXIOBASE,US,美國,36,Aluminium ores and concentrates,C_ALUO,鋁礦 Aluminium ores and concentrates 鋁 aluminum bauxite 礦業 美國,136165.71041611137,135602.25803358143,2.457539413949605,1.8665708639220997,184.282016273,kg CO2e/M.EUR,2022,AR5,Medium,3
EXIOBASE,US,美國,37,Precious metal ores and concentrates,C_PREO,Precious metal ores and concentrates 美國,1183227.1391513145,1182499.349725906,4.296468227300819,2.2924087360149104,5244.8748625,kg CO2e/M.EUR,2022,AR5,Medium,3
EXIOBASE,US,美國,38,"Lead, zinc and tin ores and concentrates",C_LZTO,"Lead, zinc and tin ores and concentrates 美國",1489639.620739001,1488715.9503044905,5.3202766649516295,2.923406369403276,751.364374474,kg CO2e/M.EUR,2022,AR5,Medium,3
EXIOBASE,US,美國,39,Other non-ferrous metal ores and concentrates,C_ONFO,Other non-ferrous metal ores and concentrates 美國,236144.06444093917,233753.60608550956,14.253330993262386,7.514585236295348,385.386144501,kg CO2e/M.EUR,2022,AR5,Medium,3
EXIOBASE,US,美國,40,Stone,C_STON,Stone 美國,206425.7949300357,205306.83107385456,5.687579630957081,3.621553307601348,24204.3014979,kg CO2e/M.EUR,2022,AR5,Medium,3
EXIOBASE,US,美國,41,Sand and clay,C_SDCL,砂土 Sand and clay 沙 sand 黏土 clay 礦業 美國,252211.70615049824,250660.16813268588,6.754869248414447,5.141138410780159,18502.3180236,kg CO2e/M.EUR,2022,AR5,Medium,3
EXIOBASE,US,美國,42,"Chemical and fertilizer minerals, salt and other mining and quarrying products n.e.c.",C_CHMF,"Chemical and fertilizer minerals, salt and other mining and quarrying products n.e.c. 美國",750036.7825051793,747896.0943812828,12.184536925081336,6.790645622619683,3726.0687957,kg CO2e/M.EUR,2022,AR5,Medium,3
EXIOBASE,US,美國,43,Products of meat cattle,C_PCAT,牛肉製品 Products of meat cattle 牛肉 beef products 食品加工 美國,52060.373991359775,51360.29623924422,11.484102211088556,1.4283882649248052,67115.0950735,kg CO2e/M.EUR,2022,AR5,Medium,3
EXIOBASE,US,美國,44,Products of meat pigs,C_PPIG,豬肉製品 Products of meat pigs 豬肉 pork products 食品加工 美國,36888.99711688605,36555.26127024682,10.47335098237487,0.1527623363499639,54475.7625486,kg CO2e/M.EUR,2022,AR5,Medium,3
EXIOBASE,US,美國,45,Products of meat poultry,C_PPLT,禽肉製品 Products of meat poultry 雞肉 chicken products 食品加工 美國,29993.554826313823,29577.37508762156,12.837867216621795,0.2140356853843792,70464.833089,kg CO2e/M.EUR,2022,AR5,Medium,3
EXIOBASE,US,美國,46,Meat products nec,C_POME,其他肉製品 Meat products nec 肉品 meat products 食品加工 美國,497614.6866072005,494348.5460668974,3.826991427786909,11.920697284245584,36828.057428,kg CO2e/M.EUR,2022,AR5,Medium,3
EXIOBASE,US,美國,47,products of Vegetable oils and fats,C_VOIL,植物油脂 products of Vegetable oils and fats 食用油 vegetable oil 油脂 食品加工 美國,100362.90542281144,99557.57865440442,4.317112230973567,2.582821229961325,36938.95302,kg CO2e/M.EUR,2022,AR5,Medium,3
EXIOBASE,US,美國,48,Dairy products,C_DAIR,乳製品 Dairy products 奶製品 dairy 乳品 食品加工 美國,203472.42879203195,201750.06472010037,14.952954965082297,4.919552199657729,112055.214843,kg CO2e/M.EUR,2022,AR5,Medium,3
EXIOBASE,US,美國,49,Processed rice,C_RICE,加工米 Processed rice 白米 processed rice 食品加工 美國,1366875.469255752,1346268.7951677088,101.66107691571302,67.01948654491767,2357.3806077,kg CO2e/M.EUR,2022,AR5,Medium,3
EXIOBASE,US,美國,50,Sugar,C_SUGR,糖 Sugar 砂糖 sugar 食品加工 美國,114998.31451170148,113549.61858890536,6.286578858179851,4.802534772705983,13008.2985911,kg CO2e/M.EUR,2022,AR5,Medium,3
EXIOBASE,US,美國,51,Food products nec,C_OFOD,其他食品 Food products nec 食品 food products 食品加工 美國,41951.1554045538,41428.810439248016,14.260771249248142,0.464314605006921,442282.890313,kg CO2e/M.EUR,2022,AR5,Medium,3
EXIOBASE,US,美國,52,Beverages,C_BEVR,飲料 Beverages 飲品 beverages drinks 食品加工 美國,44461.11415235021,43836.508520295225,14.77316781020972,0.796063899506084,134822.674477,kg CO2e/M.EUR,2022,AR5,Medium,3
EXIOBASE,US,美國,53,Fish products,C_FSHP,魚產品 Fish products 魚製品 fish products 海鮮產品 食品加工 美國,139441.06574123673,137525.51184063527,12.538374360561829,5.90369591888958,15775.6992921,kg CO2e/M.EUR,2022,AR5,Medium,3
EXIOBASE,US,美國,54,Tobacco products (16),C_TOBC,菸草製品 Tobacco products (16) 香菸 tobacco cigarettes 食品加工 美國,120051.421536396,118534.4972595622,13.8614333015001,4.259638280723843,76940.426332,kg CO2e/M.EUR,2022,AR5,Medium,3
EXIOBASE,US,美國,55,Textiles (17),C_TEXT,紡織品 Textiles (17) 紡織 textiles 布料 製造業 美國,112921.1939036316,111671.9889639576,8.034916955806235,3.865008546835456,115650.531719,kg CO2e/M.EUR,2022,AR5,Medium,3
EXIOBASE,US,美國,56,Wearing apparel; furs (18),C_GARM,服飾 Wearing apparel; furs (18) 服裝 apparel 衣服 clothing 製造業 美國,69669.66453432348,68960.41682128017,11.76542049213641,1.433267695333892,71754.0188625,kg CO2e/M.EUR,2022,AR5,Medium,3
EXIOBASE,US,美國,57,Leather and leather products (19),C_LETH,皮革製品 Leather and leather products (19) 皮革 leather 製造業 美國,88422.49836823308,87474.07249452175,4.357098689196262,3.1185928694861724,13219.7128562,kg CO2e/M.EUR,2022,AR5,Medium,3
EXIOBASE,US,美國,58,Wood and products of wood and cork (except furniture); articles of straw and plaiting materials (20),C_WOOD,木製品 Wood and products of wood and cork (except furniture); articles of straw and plaiting materials (20) 木材製品 wood products 製造業 美國,78378.59286228972,76767.05154525212,9.050669349574978,5.1249908499981,130053.579556,kg CO2e/M.EUR,2022,AR5,Medium,3
EXIOBASE,US,美國,59,"Wood material for treatment, Re-processing of secondary wood material into new wood material",C_WOOW,"Wood material for treatment, Re-processing of secondary wood material into new wood material 美國",0.0,0.0,0.0,0.0,0.0,kg CO2e/M.EUR,2022,AR5,Medium,3
EXIOBASE,US,美國,60,Pulp,C_PULP,Pulp 美國,147608.4629987849,133185.4876879319,36.11164010786315,50.61075240691649,13746.1073979,kg CO2e/M.EUR,2022,AR5,Medium,3
EXIOBASE,US,美國,61,"Secondary paper for treatment, Re-processing of secondary paper into new pulp",C_PAPR,"Secondary paper for treatment, Re-processing of secondary paper into new pulp 美國",0.0,0.0,0.0,0.0,0.0,kg CO2e/M.EUR,2022,AR5,Medium,3
EXIOBASE,US,美國,62,Paper and paper products,C_PAPE,紙製品 Paper and paper products 紙 paper 製造業 美國,191185.20248936987,180132.04792892406,32.50884349846689,38.27512053769332,233578.336982,kg CO2e/M.EUR,2022,AR5,Medium,3
EXIOBASE,US,美國,63,Printed matter and recorded media (22),C_MDIA,印刷品 Printed matter and recorded media (22) 印刷 printed 出版 製造業 美國,43186.02823030417,42607.17137779669,11.017225694623011,1.0202812568227575,200919.114018,kg CO2e/M.EUR,2022,AR5,Medium,3
EXIOBASE,US,美國,64,Coke Oven Coke,C_COKE,焦炭 Coke Oven Coke coke 石化 美國,3775365.67213213,3746648.3346333113,907.2742243215004,12.50437440685379,272.754517899,kg CO2e/M.EUR,2022,AR5,Medium,3
EXIOBASE,US,美國,65,Gas Coke,C_GCOK,Gas Coke 美國,0.0,0.0,0.0,0.0,0.0,kg CO2e/M.EUR,2022,AR5,Medium,3
EXIOBASE,US,美國,66,Coal Tar,C_COTA,Coal Tar 美國,6846.405137457086,6781.906831087333,1.1800420368971796,0.1187061484401243,2.47843916632,kg CO2e/M.EUR,2022,AR5,Medium,3
EXIOBASE,US,美國,67,Motor Gasoline,C_MGSL,汽油 Motor Gasoline gasoline petrol 石化 美國,352760.71044074633,350541.9743403391,53.38160600281126,2.7322684238811785,279761.491393,kg CO2e/M.EUR,2022,AR5,Medium,3
EXIOBASE,US,美國,68,Aviation Gasoline,C_AGSL,Aviation Gasoline 美國,351252.6577567146,349028.03226621426,53.20040844750438,2.773637939510361,241.564580375,kg CO2e/M.EUR,2022,AR5,Medium,3
EXIOBASE,US,美國,69,Gasoline Type Jet Fuel,C_GJET,Gasoline Type Jet Fuel 美國,0.0,0.0,0.0,0.0,0.0,kg CO2e/M.EUR,2022,AR5,Medium,3
EXIOBASE,US,美國,70,Kerosene Type Jet Fuel,C_KJET,Kerosene Type Jet Fuel 美國,355287.7001441082,353051.4544923087,54.30308919183081,2.700977941238603,26667.8238329,kg CO2e/M.EUR,2022,AR5,Medium,3
EXIOBASE,US,美國,71,Kerosene,C_KERO,煤油 Kerosene kerosene 石化 美國,424125.339183425,421427.8472199022,76.78024348924728,2.066585455939156,765.226488808,kg CO2e/M.EUR,2022,AR5,Medium,3
EXIOBASE,US,美國,72,Gas/Diesel Oil,C_DOIL,柴油 Gas/Diesel Oil diesel 石化 美國,355022.27157655667,352790.52138911054,53.88283648346011,2.728417984563209,70604.0622243,kg CO2e/M.EUR,2022,AR5,Medium,3
EXIOBASE,US,美國,73,Heavy Fuel Oil,C_FOIL,Heavy Fuel Oil 美國,366306.1196792047,363992.0926846023,58.7542552958474,2.5241805521459435,17647.1502377,kg CO2e/M.EUR,2022,AR5,Medium,3
EXIOBASE,US,美國,74,Refinery Gas,C_RGAS,Refinery Gas 美國,355083.5974440096,352849.4274574316,53.96462558831678,2.72890743435898,877.051970329,kg CO2e/M.EUR,2022,AR5,Medium,3
EXIOBASE,US,美國,75,Liquefied Petroleum Gases (LPG),C_LPGA,液化石油氣 Liquefied Petroleum Gases (LPG) LPG 瓦斯 石化 美國,350607.49828717875,348403.8709849802,52.53996003700056,2.7641827213681416,30314.2930394,kg CO2e/M.EUR,2022,AR5,Medium,3
EXIOBASE,US,美國,76,Refinery Feedstocks,C_REFF,Refinery Feedstocks 美國,345371.7498093921,343204.6297785044,50.56264728241096,2.835343045208388,6331.14952095,kg CO2e/M.EUR,2022,AR5,Medium,3
EXIOBASE,US,美國,77,Ethane,C_ETHA,Ethane 美國,348170.4492904567,346005.0855438091,51.48396518721583,2.731368760021122,1574.19542933,kg CO2e/M.EUR,2022,AR5,Medium,3
EXIOBASE,US,美國,78,Naphtha,C_NAPT,石腦油 Naphtha naphtha 石化 美國,358229.712867928,355971.0597501446,55.81319022747553,2.625976571373608,1689.508012,kg CO2e/M.EUR,2022,AR5,Medium,3
EXIOBASE,US,美國,79,White Spirit & SBP,C_WHSP,White Spirit & SBP 美國,355972.99963951163,353731.1782636869,54.09735863659392,2.743755977359011,1290.13390136,kg CO2e/M.EUR,2022,AR5,Medium,3
EXIOBASE,US,美國,80,Lubricants,C_LUBR,潤滑油 Lubricants 機油 lubricants 石化 美國,271222.3765082959,269408.4053519031,45.86923330967722,1.9986136744217324,3132.80059034,kg CO2e/M.EUR,2022,AR5,Medium,3
EXIOBASE,US,美國,81,Bitumen,C_BITU,Bitumen 美國,327622.7052164427,325551.48344340845,41.660834810717496,3.4140316918270237,3852.59400195,kg CO2e/M.EUR,2022,AR5,Medium,3
EXIOBASE,US,美國,82,Paraffin Waxes,C_PARW,Paraffin Waxes 美國,340646.6119283396,338504.59825217776,50.11678300210925,2.787712272085887,234.490897694,kg CO2e/M.EUR,2022,AR5,Medium,3
EXIOBASE,US,美國,83,Petroleum Coke,C_PETC,石油焦 Petroleum Coke petroleum coke 石化 美國,345613.71386719105,343453.8826000861,50.31715525025434,2.833777056972804,2582.97100503,kg CO2e/M.EUR,2022,AR5,Medium,3
EXIOBASE,US,美國,84,Non-specified Petroleum Products,C_NSPP,Non-specified Petroleum Products 美國,348078.0758929646,345930.65582227026,49.561798018162335,2.86675368372004,687.980588622,kg CO2e/M.EUR,2022,AR5,Medium,3
EXIOBASE,US,美國,85,Nuclear fuel,C_NUCF,Nuclear fuel 美國,62087.1781033536,61849.247017954665,3.185810881035996,0.5612391725657934,317.126930024,kg CO2e/M.EUR,2022,AR5,Medium,3
EXIOBASE,US,美國,86,"Plastics, basic",C_PLAS,"塑膠原料 Plastics, basic 塑膠 plastic 樹脂 化工 美國",76763.64289000459,76265.77275411152,11.138391515640755,0.7018685790759543,59523.8887887,kg CO2e/M.EUR,2022,AR5,Medium,3
EXIOBASE,US,美國,87,"Secondary plastic for treatment, Re-processing of secondary plastic into new plastic",C_PLAW,"Secondary plastic for treatment, Re-processing of secondary plastic into new plastic 美國",0.0,0.0,0.0,0.0,0.0,kg CO2e/M.EUR,2022,AR5,Medium,3
EXIOBASE,US,美國,88,N-fertiliser,C_NFER,氮肥 N-fertiliser nitrogen fertilizer 肥料 化工 美國,1098438.702216544,1093088.7212813145,33.54843428334528,16.643867076589192,359.294842239,kg CO2e/M.EUR,2022,AR5,Medium,3
EXIOBASE,US,美國,89,P- and other fertiliser,C_PFER,磷肥及其他肥料 P- and other fertiliser phosphorus fertilizer 肥料 化工 美國,259607.41021488112,258252.43751817575,36.310163599466,1.2765589280011602,18580.5132347,kg CO2e/M.EUR,2022,AR5,Medium,3
EXIOBASE,US,美國,90,Chemicals nec,C_CHEM,其他化學品 Chemicals nec 化學品 chemicals 化工 美國,170904.2760370113,169448.7301078833,40.41859715474613,1.2219819199814443,694539.551126,kg CO2e/M.EUR,2022,AR5,Medium,3
EXIOBASE,US,美國,91,Charcoal,C_CHAR,Charcoal 美國,0.0,0.0,0.0,0.0,0.0,kg CO2e/M.EUR,2022,AR5,Medium,3
EXIOBASE,US,美國,92,Additives/Blending Components,C_ADDC,Additives/Blending Components 美國,182401.73640815716,180790.14110517563,41.739187286147,1.6713134300731705,396.412313229,kg CO2e/M.EUR,2022,AR5,Medium,3
EXIOBASE,US,美國,93,Biogasoline,C_BIOG,Biogasoline 美國,166492.8827830881,165129.80566204395,42.13006441370916,0.6922087451332127,6439.86267153,kg CO2e/M.EUR,2022,AR5,Medium,3
EXIOBASE,US,美國,94,Biodiesels,C_BIOD,Biodiesels 美國,180302.96215666627,178721.63653025174,41.776887480058186,1.553104818765643,1083.06544466,kg CO2e/M.EUR,2022,AR5,Medium,3
EXIOBASE,US,美國,95,Other Liquid Biofuels,C_OBIO,Other Liquid Biofuels 美國,164172.29977009448,162772.44979672984,41.36976376957892,0.9113078785524864,122.548336522,kg CO2e/M.EUR,2022,AR5,Medium,3
EXIOBASE,US,美國,96,Rubber and plastic products (25),C_RUBP,塑橡膠製品 Rubber and plastic products (25) 塑膠 plastic 橡膠 rubber 製造業 美國,17091.26036000528,16789.740150538968,2.096752483388629,0.9162684525714284,271522.410205,kg CO2e/M.EUR,2022,AR5,Medium,3
EXIOBASE,US,美國,97,Glass and glass products,C_GLAS,玻璃製品 Glass and glass products 玻璃 glass 製造業 美國,166383.62099692094,165250.70174430913,21.485122214814925,2.0050408701774143,42115.9178134,kg CO2e/M.EUR,2022,AR5,Medium,3
EXIOBASE,US,美國,98,"Secondary glass for treatment, Re-processing of secondary glass into new glass",C_GLAW,"Secondary glass for treatment, Re-processing of secondary glass into new glass 美國",0.0,0.0,0.0,0.0,0.0,kg CO2e/M.EUR,2022,AR5,Medium,3
EXIOBASE,US,美國,99,Ceramic goods,C_CRMC,陶瓷製品 Ceramic goods 陶瓷 ceramic 製造業 美國,232173.69141067157,230909.28440634132,26.809640126991884,1.9386304934883647,5357.25592282,kg CO2e/M.EUR,2022,AR5,Medium,3
EXIOBASE,US,美國,100,"Bricks, tiles and construction products, in baked clay",C_BRIK,"磚瓦 Bricks, tiles and construction products, in baked clay 磚 tiles 建材 製造業 美國",197403.25736214087,196134.89232347545,27.17048970313889,1.9154389697265823,10438.5235462,kg CO2e/M.EUR,2022,AR5,Medium,3
EXIOBASE,US,美國,101,"Cement, lime and plaster",C_CMNT,"水泥石灰 Cement, lime and plaster 水泥 cement 製造業 美國",410785.3224388126,407729.98149944126,25.75011506338105,8.8088215758364,75813.7293113,kg CO2e/M.EUR,2022,AR5,Medium,3
EXIOBASE,US,美國,102,"Ash for treatment, Re-processing of ash into clinker",C_ASHW,"Ash for treatment, Re-processing of ash into clinker 美國",0.0,0.0,0.0,0.0,0.0,kg CO2e/M.EUR,2022,AR5,Medium,3
EXIOBASE,US,美國,103,Other non-metallic mineral products,C_ONMM,Other non-metallic mineral products 美國,131630.66734437668,129896.68631631194,32.010451972287235,3.161088199398912,25085.08048,kg CO2e/M.EUR,2022,AR5,Medium,3
EXIOBASE,US,美國,104,Basic iron and steel and of ferro-alloys and first products thereof,C_STEL,鋼鐵 Basic iron and steel and of ferro-alloys and first products thereof 鐵 steel iron 鋼材 製造業 美國,98070.10672609712,97286.60450446494,16.550442060326716,1.2078862035586748,130138.432411,kg CO2e/M.EUR,2022,AR5,Medium,3
EXIOBASE,US,美國,105,"Secondary steel for treatment, Re-processing of secondary steel into new steel",C_STEW,"Secondary steel for treatment, Re-processing of secondary steel into new steel 美國",0.0,0.0,0.0,0.0,0.0,kg CO2e/M.EUR,2022,AR5,Medium,3
EXIOBASE,US,美國,106,Precious metals,C_PREM,Precious metals 美國,75359.65900635943,74502.83273433342,21.37720579612373,0.9745830556021052,14041.6696796,kg CO2e/M.EUR,2022,AR5,Medium,3
EXIOBASE,US,美國,107,"Secondary preciuos metals for treatment, Re-processing of secondary preciuos metals into new preciuos metals",C_PREW,"Secondary preciuos metals for treatment, Re-processing of secondary preciuos metals into new preciuos metals 美國",0.0,0.0,0.0,0.0,0.0,kg CO2e/M.EUR,2022,AR5,Medium,3
EXIOBASE,US,美國,108,Aluminium and aluminium products,C_ALUM,鋁製品 Aluminium and aluminium products 鋁 aluminum 製造業 美國,36021.205664549125,35670.067491025795,10.460559278876408,0.2197830706218511,48679.1996737,kg CO2e/M.EUR,2022,AR5,Medium,3
EXIOBASE,US,美國,109,"Secondary aluminium for treatment, Re-processing of secondary aluminium into new aluminium",C_ALUW,"Secondary aluminium for treatment, Re-processing of secondary aluminium into new aluminium 美國",0.0,0.0,0.0,0.0,0.0,kg CO2e/M.EUR,2022,AR5,Medium,3
EXIOBASE,US,美國,110,"Lead, zinc and tin and products thereof",C_LZTP,"Lead, zinc and tin and products thereof 美國",98784.51756997524,97809.16575081208,14.96750543115433,2.0991006305314848,1249.65983986,kg CO2e/M.EUR,2022,AR5,Medium,3
EXIOBASE,US,美國,111,"Secondary lead for treatment, Re-processing of secondary lead into new lead",C_LZTW,"Secondary lead for treatment, Re-processing of secondary lead into new lead 美國",0.0,0.0,0.0,0.0,0.0,kg CO2e/M.EUR,2022,AR5,Medium,3
EXIOBASE,US,美國,112,Copper products,C_COPP,銅製品 Copper products 銅 copper 製造業 美國,65179.35509906781,64371.76045549148,17.89120424411378,1.1571355650609385,23498.401874,kg CO2e/M.EUR,2022,AR5,Medium,3
EXIOBASE,US,美國,113,"Secondary copper for treatment, Re-processing of secondary copper into new copper",C_COPW,"Secondary copper for treatment, Re-processing of secondary copper into new copper 美國",0.0,0.0,0.0,0.0,0.0,kg CO2e/M.EUR,2022,AR5,Medium,3
EXIOBASE,US,美國,114,Other non-ferrous metal products,C_ONFM,Other non-ferrous metal products 美國,48157.77231323795,47756.47472760432,2.992582691530893,1.1981330953613674,6036.18688861,kg CO2e/M.EUR,2022,AR5,Medium,3
EXIOBASE,US,美國,115,"Secondary other non-ferrous metals for treatment, Re-processing of secondary other non-ferrous metals into new other non-ferrous metals",C_ONFW,"Secondary other non-ferrous metals for treatment, Re-processing of secondary other non-ferrous metals into new other non-ferrous metals 美國",0.0,0.0,0.0,0.0,0.0,kg CO2e/M.EUR,2022,AR5,Medium,3
EXIOBASE,US,美國,116,Foundry work services,C_METC,Foundry work services 美國,151207.54238316015,149686.30906113202,39.9710198136995,1.5171500650737957,49155.7317551,kg CO2e/M.EUR,2022,AR5,Medium,3
EXIOBASE,US,美國,117,"Fabricated metal products, except machinery and equipment (28)",C_FABM,"Fabricated metal products, except machinery and equipment (28) 美國",39716.92134262774,39267.52312718313,5.153281110018479,1.151344695713571,399236.949469,kg CO2e/M.EUR,2022,AR5,Medium,3
EXIOBASE,US,美國,118,Machinery and equipment n.e.c. (29),C_MACH,Machinery and equipment n.e.c. (29) 美國,20208.31626268683,20016.98164007194,4.437615748023833,0.2531372893215849,483442.74612,kg CO2e/M.EUR,2022,AR5,Medium,3
EXIOBASE,US,美國,119,Office machinery and computers (30),C_OFMA,Office machinery and computers (30) 美國,17889.45375835526,17725.836902697243,3.07754591627714,0.2922474339707747,140708.58642,kg CO2e/M.EUR,2022,AR5,Medium,3
EXIOBASE,US,美國,120,Electrical machinery and apparatus n.e.c. (31),C_ELMA,Electrical machinery and apparatus n.e.c. (31) 美國,18082.6409612458,17888.196752130665,4.482312247624479,0.2601489289873437,162341.435816,kg CO2e/M.EUR,2022,AR5,Medium,3
EXIOBASE,US,美國,121,"Radio, television and communication equipment and apparatus (32)",C_RATV,"通訊設備 Radio, television and communication equipment and apparatus (32) 通信 communication 電訊 製造業 美國",22788.36039929662,22532.73513018833,3.616586684129932,0.5824937432175621,324635.544333,kg CO2e/M.EUR,2022,AR5,Medium,3
EXIOBASE,US,美國,122,"Medical, precision and optical instruments, watches and clocks (33)",C_MEIN,"精密儀器 Medical, precision and optical instruments, watches and clocks (33) 儀器 instruments 醫療器材 製造業 美國",22629.322656761226,22368.574900776508,1.0201678548722184,0.8761624756539413,296465.988519,kg CO2e/M.EUR,2022,AR5,Medium,3
EXIOBASE,US,美國,123,"Motor vehicles, trailers and semi-trailers (34)",C_MOTO,"Motor vehicles, trailers and semi-trailers (34) 美國",34622.73856246825,34349.98651736871,2.926080261811122,0.7200822557314399,784634.287608,kg CO2e/M.EUR,2022,AR5,Medium,3
EXIOBASE,US,美國,124,Other transport equipment (35),C_OTRE,其他運輸設備 Other transport equipment (35) 運輸設備 transport equipment 製造業 美國,78962.95468487302,77980.25979147367,3.2527264252435786,3.364598315066169,292128.09846,kg CO2e/M.EUR,2022,AR5,Medium,3
EXIOBASE,US,美國,125,Furniture; other manufactured goods n.e.c. (36),C_FURN,家具 Furniture; other manufactured goods n.e.c. (36) furniture 傢俱 製造業 美國,185193.21959342528,183121.405150828,52.07220059399137,2.3161993432662054,278631.976496,kg CO2e/M.EUR,2022,AR5,Medium,3
EXIOBASE,US,美國,126,Secondary raw materials,C_RYMS,Secondary raw materials 美國,33459.46454396196,32447.49473501121,7.7706350886684605,2.9977057602567525,14405.8191814,kg CO2e/M.EUR,2022,AR5,Medium,3
EXIOBASE,US,美國,127,"Bottles for treatment, Recycling of bottles by direct reuse",C_BOTW,"Bottles for treatment, Recycling of bottles by direct reuse 美國",0.0,0.0,0.0,0.0,0.0,kg CO2e/M.EUR,2022,AR5,Medium,3
EXIOBASE,US,美國,128,Electricity by coal,C_POWC,燃煤發電 Electricity by coal 煤電 coal power 火力發電 電力 美國,12136434.93905787,12057742.18588064,49.997054587015214,291.6710779199763,100211.896099,kg CO2e/M.EUR,2022,AR5,Medium,3
EXIOBASE,US,美國,129,Electricity by gas,C_POWG,天然氣發電 Electricity by gas 氣電 gas power 燃氣發電 電力 美國,12392909.079460423,12308245.65590229,2680.3658242998736,36.27615274617511,52412.6407203,kg CO2e/M.EUR,2022,AR5,Medium,3
EXIOBASE,US,美國,130,Electricity by nuclear,C_POWN,核能發電 Electricity by nuclear 核電 nuclear power 電力 美國,8482.537128561524,8075.914751135102,3.03843429668144,1.2133819513937432,41710.0147607,kg CO2e/M.EUR,2022,AR5,Medium,3
EXIOBASE,US,美國,131,Electricity by hydro,C_POWH,水力發電 Electricity by hydro 水電 hydro power 電力 美國,54758.09594308524,52910.91671028411,10.841662763690406,5.824953492142633,13660.1774618,kg CO2e/M.EUR,2022,AR5,Medium,3
EXIOBASE,US,美國,132,Electricity by wind,C_POWW,風力發電 Electricity by wind 風電 wind power 電力 美國,24054.29361592803,23734.047719401104,1.408635855336217,1.059638085198154,2863.61719751,kg CO2e/M.EUR,2022,AR5,Medium,3
EXIOBASE,US,美國,133,Electricity by petroleum and other oil derivatives,C_POWP,燃油發電 Electricity by petroleum and other oil derivatives 油電 oil power 電力 美國,4775309.05412474,4748411.252767204,79.77330628193285,93.07225955336251,2802.2870524,kg CO2e/M.EUR,2022,AR5,Medium,3
EXIOBASE,US,美國,134,Electricity by biomass and waste,C_POWB,生質能發電 Electricity by biomass and waste 生質能 biomass 電力 美國,3889089.756633692,3601210.742728798,1196.3537369651754,959.9287142259208,3596.25330174,kg CO2e/M.EUR,2022,AR5,Medium,3
EXIOBASE,US,美國,135,Electricity by solar photovoltaic,C_POWS,太陽能發電 Electricity by solar photovoltaic 太陽能 solar power PV 電力 美國,4196309.903098264,4043943.6815361856,571.7155240025561,514.5591958113449,104.776841631,kg CO2e/M.EUR,2022,AR5,Medium,3
EXIOBASE,US,美國,136,Electricity by solar thermal,C_POWE,太陽熱能發電 Electricity by solar thermal 太陽熱能 solar thermal 電力 美國,17449.475723360432,17184.510048882803,2.43761522361864,0.7423111253445616,31.2991878213,kg CO2e/M.EUR,2022,AR5,Medium,3
EXIOBASE,US,美國,137,"Electricity by tide, wave, ocean",C_POWO,"海洋能發電 Electricity by tide, wave, ocean 海洋能 ocean power 電力 美國",0.0,0.0,0.0,0.0,0.0,kg CO2e/M.EUR,2022,AR5,Medium,3
EXIOBASE,US,美國,138,Electricity by Geothermal,C_POWM,地熱發電 Electricity by Geothermal 地熱 geothermal 電力 美國,9084.097031174171,8317.068147907126,5.277956688438146,2.3367777207199176,841.507700118,kg CO2e/M.EUR,2022,AR5,Medium,3
EXIOBASE,US,美國,139,Electricity nec,C_POWZ,其他電力 Electricity nec 電力 electricity 電力 美國,324339.1002059149,319147.76972562354,11.398228641820118,18.38558520120889,191.100514986,kg CO2e/M.EUR,2022,AR5,Medium,3
EXIOBASE,US,美國,140,Transmission services of electricity,C_POWT,電力輸配 Transmission services of electricity 輸電 transmission 電力 美國,99161.20920922808,97848.114354397,3.623060110729718,4.572261025398694,31217.6879321,kg CO2e/M.EUR,2022,AR5,Medium,3
EXIOBASE,US,美國,141,Distribution and trade services of electricity,C_POWD,電力配售 Distribution and trade services of electricity 配電 distribution 電力 美國,4892.54221047081,4833.624919135527,0.5713857500057735,0.1619565673023406,147149.110749,kg CO2e/M.EUR,2022,AR5,Medium,3
EXIOBASE,US,美國,142,Coke oven gas,C_COOG,Coke oven gas 美國,1081228.894620991,1073991.758109204,74.17851078091032,19.472219660081,172.043795178,kg CO2e/M.EUR,2022,AR5,Medium,3
EXIOBASE,US,美國,143,Blast Furnace Gas,C_MBFG,Blast Furnace Gas 美國,1298780.2934395657,1290029.4106082453,88.81885223254683,23.637565920033214,369.188968803,kg CO2e/M.EUR,2022,AR5,Medium,3
EXIOBASE,US,美國,144,Oxygen Steel Furnace Gas,C_MOSG,Oxygen Steel Furnace Gas 美國,0.0,0.0,0.0,0.0,0.0,kg CO2e/M.EUR,2022,AR5,Medium,3
EXIOBASE,US,美國,145,Gas Works Gas,C_MGWG,Gas Works Gas 美國,551355.6606998027,547872.3778372125,38.18966725387794,9.109328979175713,256.267245137,kg CO2e/M.EUR,2022,AR5,Medium,3
EXIOBASE,US,美國,146,Biogas,C_MBIO,Biogas 美國,4695386.476886479,4662892.718285627,282.48492945025527,92.77049274054804,309.691437542,kg CO2e/M.EUR,2022,AR5,Medium,3
EXIOBASE,US,美國,147,Distribution services of gaseous fuels through mains,C_GASD,Distribution services of gaseous fuels through mains 美國,831047.9638580461,825569.6983425062,60.71665215014515,14.257355680512545,155892.883608,kg CO2e/M.EUR,2022,AR5,Medium,3
EXIOBASE,US,美國,148,Steam and hot water supply services,C_HWAT,蒸汽熱水供應 Steam and hot water supply services 蒸汽 steam 能源 美國,90107921.54255502,89401746.49891217,16477.743900132547,923.7668469401552,1120.02574658,kg CO2e/M.EUR,2022,AR5,Medium,3
EXIOBASE,US,美國,149,"Collected and purified water, distribution services of water (41)",C_WATR,"Collected and purified water, distribution services of water (41) 美國",224873.62769085212,223134.2947927982,22.58936787840207,4.176719235693183,59183.3516899,kg CO2e/M.EUR,2022,AR5,Medium,3
EXIOBASE,US,美國,150,Construction work (45),C_CONS,Construction work (45) 美國,28633.86360965633,28631.85264393736,0.015536182601278,0.0059469909665649,1724812.36867,kg CO2e/M.EUR,2022,AR5,Medium,3
EXIOBASE,US,美國,151,"Secondary construction material for treatment, Re-processing of secondary construction material into aggregates",C_CONW,"Secondary construction material for treatment, Re-processing of secondary construction material into aggregates 美國",0.0,0.0,0.0,0.0,0.0,kg CO2e/M.EUR,2022,AR5,Medium,3
EXIOBASE,US,美國,152,"Sale, maintenance, repair of motor vehicles, motor vehicles parts, motorcycles, motor cycles parts and accessoiries",C_TDMO,"Sale, maintenance, repair of motor vehicles, motor vehicles parts, motorcycles, motor cycles parts and accessoiries 美國",3347.7027945759805,3292.400802330829,1.892817651038276,0.0086909359097359,811542.222769,kg CO2e/M.EUR,2022,AR5,Medium,3
EXIOBASE,US,美國,153,Retail trade services of motor fuel,C_TDFU,Retail trade services of motor fuel 美國,110017.34788176249,108910.28447348117,12.971381669229288,2.8070366850674437,1431.95589108,kg CO2e/M.EUR,2022,AR5,Medium,3
EXIOBASE,US,美國,154,"Wholesale trade and commission trade services, except of motor vehicles and motorcycles (51)",C_TDWH,"Wholesale trade and commission trade services, except of motor vehicles and motorcycles (51) 美國",6500.616837688524,6388.093164379538,3.8599014525534874,0.0167789910848596,941089.248897,kg CO2e/M.EUR,2022,AR5,Medium,3
EXIOBASE,US,美國,155,"Retail  trade services, except of motor vehicles and motorcycles; repair services of personal and household goods (52)",C_TDRT,"Retail  trade services, except of motor vehicles and motorcycles; repair services of personal and household goods (52) 美國",1029.832645145642,1003.4797086437792,0.9083518437499644,0.0034682448183525,192238.783036,kg CO2e/M.EUR,2022,AR5,Medium,3
EXIOBASE,US,美國,156,Hotel and restaurant services (55),C_HORE,Hotel and restaurant services (55) 美國,8152.856825819916,8016.537054135606,4.682559531406187,0.0196532256790058,1649617.83981,kg CO2e/M.EUR,2022,AR5,Medium,3
EXIOBASE,US,美國,157,Railway transportation services,C_TRAI,Railway transportation services 美國,356493.15782887593,352387.52349078393,8.129607484987764,14.633982371744672,71276.9724285,kg CO2e/M.EUR,2022,AR5,Medium,3
EXIOBASE,US,美國,158,Other land transportation services,C_TLND,Other land transportation services 美國,598.6153686815204,592.6561626942656,0.0724282900540721,0.0148347693046822,578814.238638,kg CO2e/M.EUR,2022,AR5,Medium,3
EXIOBASE,US,美國,159,Transportation services via pipelines,C_TPIP,Transportation services via pipelines 美國,2994200.602524895,2969529.9909271845,547.7470595404535,35.22148653048199,7380.591675,kg CO2e/M.EUR,2022,AR5,Medium,3
EXIOBASE,US,美國,160,Sea and coastal water transportation services,C_TWAS,海運服務 Sea and coastal water transportation services 海運 sea transport 運輸業 美國,397152.1206764209,395476.8753016591,15.524792523431744,4.681325223040672,69162.5361279,kg CO2e/M.EUR,2022,AR5,Medium,3
EXIOBASE,US,美國,161,Inland water transportation services,C_TWAI,Inland water transportation services 美國,1231571.0178387978,1221452.9989716706,25.39422268526932,35.49804012052715,33700.9495304,kg CO2e/M.EUR,2022,AR5,Medium,3
EXIOBASE,US,美國,162,Air transport services (62),C_TAIR,Air transport services (62) 美國,751532.5022921772,738347.5155242896,7.072032907991511,49.00743338288248,247426.20945,kg CO2e/M.EUR,2022,AR5,Medium,3
EXIOBASE,US,美國,163,Supporting and auxiliary transport services; travel agency services (63),C_TAUX,Supporting and auxiliary transport services; travel agency services (63) 美國,30871.928986344545,30565.3131682599,3.739367032330199,0.7619378912430044,285296.353093,kg CO2e/M.EUR,2022,AR5,Medium,3
EXIOBASE,US,美國,164,Post and telecommunication services (64),C_PTEL,Post and telecommunication services (64) 美國,8543.578313940905,8383.8365919106,5.524451926897273,0.0190832757629524,1730360.92545,kg CO2e/M.EUR,2022,AR5,Medium,3
EXIOBASE,US,美國,165,"Financial intermediation services, except insurance and pension funding services (65)",C_FINT,"Financial intermediation services, except insurance and pension funding services (65) 美國",6125.677073663956,5935.148811374622,6.433901582848246,0.0391661055455961,1017837.78045,kg CO2e/M.EUR,2022,AR5,Medium,3
EXIOBASE,US,美國,166,"Insurance and pension funding services, except compulsory social security services (66)",C_FINS,"Insurance and pension funding services, except compulsory social security services (66) 美國",5641.025981625728,5541.046160030584,3.4360393804561102,0.0142291280844214,849002.052032,kg CO2e/M.EUR,2022,AR5,Medium,3
EXIOBASE,US,美國,167,Services auxiliary to financial intermediation (67),C_FAUX,Services auxiliary to financial intermediation (67) 美國,7214.879457329155,7072.798369324504,4.929028108978319,0.015352079068897,725027.56696,kg CO2e/M.EUR,2022,AR5,Medium,3
EXIOBASE,US,美國,168,Real estate services (70),C_REAL,Real estate services (70) 美國,6784.875203501908,6667.072457909896,3.8591873393737104,0.0367754720360296,3379613.99993,kg CO2e/M.EUR,2022,AR5,Medium,3
EXIOBASE,US,美國,169,Renting services of machinery and equipment without operator and of personal and household goods (71),C_MARE,Renting services of machinery and equipment without operator and of personal and household goods (71) 美國,6791.037039366545,6643.480864954544,4.39016197131425,0.0929495819441586,551342.563237,kg CO2e/M.EUR,2022,AR5,Medium,3
EXIOBASE,US,美國,170,Computer and related services (72),C_COMP,Computer and related services (72) 美國,8040.389514997901,7883.242186699054,5.105045896842291,0.0536077101406121,1035467.35522,kg CO2e/M.EUR,2022,AR5,Medium,3
EXIOBASE,US,美國,171,Research and development services (73),C_RESD,Research and development services (73) 美國,7187.100693031102,6991.127100858066,6.201343316116761,0.0842867144217623,209354.039225,kg CO2e/M.EUR,2022,AR5,Medium,3
EXIOBASE,US,美國,172,Other business services (74),C_OBUS,Other business services (74) 美國,8501.820235131816,8349.450284156906,5.010446402785608,0.0455752894223118,3415853.43609,kg CO2e/M.EUR,2022,AR5,Medium,3
EXIOBASE,US,美國,173,Public administration and defence services; compulsory social security services (75),C_PADF,Public administration and defence services; compulsory social security services (75) 美國,11454.713641365182,11252.553871084829,5.40999342352629,0.1912451110249765,4138463.33133,kg CO2e/M.EUR,2022,AR5,Medium,3
EXIOBASE,US,美國,174,Education services (80),C_EDUC,Education services (80) 美國,10494.646064834587,10266.705793595873,7.018071796313024,0.1186198526111279,450768.687733,kg CO2e/M.EUR,2022,AR5,Medium,3
EXIOBASE,US,美國,175,Health and social work services (85),C_HEAL,Health and social work services (85) 美國,9266.61802985836,9062.446453463645,6.545757620307733,0.0788315585890528,2139794.15705,kg CO2e/M.EUR,2022,AR5,Medium,3
EXIOBASE,US,美國,176,Food waste for treatment: incineration,C_INCF,食物廢棄物焚化 Food waste for treatment: incineration 廚餘 food waste 廢棄物處理 美國,17699.707920209872,13666.65571435692,28.11054784645752,12.248893834536393,3889.63706973,kg CO2e/M.EUR,2022,AR5,Medium,3
EXIOBASE,US,美國,177,Paper waste for treatment: incineration,C_INCP,紙類廢棄物焚化 Paper waste for treatment: incineration 廢紙 paper waste 廢棄物處理 美國,20863.49877740541,16633.9050304316,27.68269371748846,13.03576725616653,6598.53521811,kg CO2e/M.EUR,2022,AR5,Medium,3
EXIOBASE,US,美國,178,Plastic waste for treatment: incineration,C_INCL,塑膠廢棄物焚化 Plastic waste for treatment: incineration 塑膠廢棄物 plastic waste 廢塑膠 廢棄物處理 美國,252623.9791310489,248898.84583506745,26.05221217084006,11.304420208294,13064.1750884,kg CO2e/M.EUR,2022,AR5,Medium,3
EXIOBASE,US,美國,179,Intert/metal waste for treatment: incineration,C_INCM,惰性金屬廢棄物焚化 Intert/metal waste for treatment: incineration 金屬廢棄物 metal waste 廢棄物處理 美國,259430.09169477585,255617.14975146385,26.4996766655403,11.588494327082678,4922.11214198,kg CO2e/M.EUR,2022,AR5,Medium,3
EXIOBASE,US,美國,180,Textiles waste for treatment: incineration,C_INCT,紡織廢棄物焚化 Textiles waste for treatment: incineration 紡織廢棄物 textile waste 廢棄物處理 廢棄物處理 美國,287179.93496546487,282632.30314883427,31.451032186679765,13.837746850579531,1957.90476385,kg CO2e/M.EUR,2022,AR5,Medium,3
EXIOBASE,US,美國,181,Wood waste for treatment: incineration,C_INCW,木材廢棄物焚化 Wood waste for treatment: incineration 木材廢棄物 wood waste 廢棄物處理 美國,19835.655891717,15596.80473768395,29.964834025596808,12.829569061571087,2436.0229271,kg CO2e/M.EUR,2022,AR5,Medium,3
EXIOBASE,US,美國,182,Oil/hazardous waste for treatment: incineration,C_INCO,油類有害廢棄物焚化 Oil/hazardous waste for treatment: incineration 有害廢棄物 hazardous waste 廢棄物處理 美國,194626.62031478036,191940.1488745256,21.53184959985392,7.862564722486115,698.787397772,kg CO2e/M.EUR,2022,AR5,Medium,3
EXIOBASE,US,美國,183,Food waste for treatment: biogasification and land application,C_BIOF,Food waste for treatment: biogasification and land application 美國,0.0,0.0,0.0,0.0,0.0,kg CO2e/M.EUR,2022,AR5,Medium,3
EXIOBASE,US,美國,184,Paper waste for treatment: biogasification and land application,C_BIOP,Paper waste for treatment: biogasification and land application 美國,0.0,0.0,0.0,0.0,0.0,kg CO2e/M.EUR,2022,AR5,Medium,3
EXIOBASE,US,美國,185,Sewage sludge for treatment: biogasification and land application,C_BIOS,Sewage sludge for treatment: biogasification and land application 美國,6218.749073818302,6048.753861885297,4.575367589282095,0.1580562997475735,33948.9200321,kg CO2e/M.EUR,2022,AR5,Medium,3
EXIOBASE,US,美國,186,Food waste for treatment: composting and land application,C_COMF,Food waste for treatment: composting and land application 美國,28863.649359292256,28554.81749662201,7.980106450761089,0.3222221964110522,526.068107421,kg CO2e/M.EUR,2022,AR5,Medium,3
EXIOBASE,US,美國,187,Paper and wood waste for treatment: composting and land application,C_COMW,Paper and wood waste for treatment: composting and land application 美國,9980.414249572856,9765.194793850696,5.032508025135001,0.2804121925221941,12121.6099152,kg CO2e/M.EUR,2022,AR5,Medium,3
EXIOBASE,US,美國,188,Food waste for treatment: waste water treatment,C_WASF,Food waste for treatment: waste water treatment 美國,8825.071646995542,8667.345025064202,4.785530826323245,0.0895538067708984,42208.9876149,kg CO2e/M.EUR,2022,AR5,Medium,3
EXIOBASE,US,美國,189,Other waste for treatment: waste water treatment,C_WASO,Other waste for treatment: waste water treatment 美國,11004.37562012569,10823.67813667646,5.472090059195331,0.103694195440605,12276.9966747,kg CO2e/M.EUR,2022,AR5,Medium,3
EXIOBASE,US,美國,190,Food waste for treatment: landfill,C_LANF,Food waste for treatment: landfill 美國,10326.93091014638,10117.48475238832,4.9202519396043325,0.270487182826941,9344.03681485,kg CO2e/M.EUR,2022,AR5,Medium,3
EXIOBASE,US,美國,191,Paper for treatment: landfill,C_LANP,Paper for treatment: landfill 美國,10027.810123821338,9816.318568910212,4.977657557985063,0.2721401633492303,11453.775918,kg CO2e/M.EUR,2022,AR5,Medium,3
EXIOBASE,US,美國,192,Plastic waste for treatment: landfill,C_LANL,Plastic waste for treatment: landfill 美國,10408.437823213251,10187.394879762744,5.337308887521924,0.2701822437731763,8703.97992125,kg CO2e/M.EUR,2022,AR5,Medium,3
EXIOBASE,US,美國,193,Inert/metal/hazardous waste for treatment: landfill,C_LANI,Inert/metal/hazardous waste for treatment: landfill 美國,9722.487053701729,9520.050384721902,4.636061708746415,0.2740639288110374,14810.1834812,kg CO2e/M.EUR,2022,AR5,Medium,3
EXIOBASE,US,美國,194,Textiles waste for treatment: landfill,C_LANT,Textiles waste for treatment: landfill 美國,13108.519475735164,12906.06416314213,4.638752079144501,0.2738500165169346,3102.89196349,kg CO2e/M.EUR,2022,AR5,Medium,3
EXIOBASE,US,美國,195,Wood waste for treatment: landfill,C_LANW,Wood waste for treatment: landfill 美國,12248.46918155309,12036.477143309834,4.994981270364841,0.2721983497095843,3979.04365282,kg CO2e/M.EUR,2022,AR5,Medium,3
EXIOBASE,US,美國,196,Membership organisation services n.e.c. (91),C_ORGA,Membership organisation services n.e.c. (91) 美國,6877.49386508929,6718.155070196198,5.381355776798983,0.0326823892178127,276112.022555,kg CO2e/M.EUR,2022,AR5,Medium,3
EXIOBASE,US,美國,197,"Recreational, cultural and sporting services (92)",C_RECR,"Recreational, cultural and sporting services (92) 美國",7583.379921893022,7404.282875701021,5.430452876411126,0.1020542100093955,499067.106825,kg CO2e/M.EUR,2022,AR5,Medium,3
EXIOBASE,US,美國,198,Other services (93),C_OSER,Other services (93) 美國,8477.913678993005,8289.575092997617,6.369556687140804,0.0377018820960196,290338.614187,kg CO2e/M.EUR,2022,AR5,Medium,3
EXIOBASE,US,美國,199,Private households with employed persons (95),C_PRHH,家庭雇用人員 Private households with employed persons (95) 家庭服務 household 服務業 美國,7534.758880781907,7361.403355363946,5.988247824285735,0.0214512691998496,22850.8795077,kg CO2e/M.EUR,2022,AR5,Medium,3
EXIOBASE,US,美國,200,Extra-territorial organizations and bodies,C_EXTO,Extra-territorial organizations and bodies 美國,0.0,0.0,0.0,0.0,0.0,kg CO2e/M.EUR,2022,AR5,Medium,3
