_name_key,_unit_key,_factor_key,duplicate_group_rows,duplicate_sources,duplicate_years,duplicate_source_depts,duplicate_group_key
廢溶劑（A、C、D類）蒸餾回收處理服務,kg,0.8132,2,MOENV CFP | Taiwan EPA/MOE,2025,環境部氣候變遷署,廢溶劑（A、C、D類）蒸餾回收處理服務 | kg | 0.8132
早強預拌混凝土(420kgf/cm2，飛灰爐石粉替代率22％),m3,464.0,2,MOENV CFP | Taiwan EPA,2019,公路總局西部濱海公路南區臨時工程處,早強預拌混凝土(420kgf/cm2，飛灰爐石粉替代率22％) | m3 | 464.0
早強預拌混凝土(420kgf/cm2，飛灰爐石粉替代率45％),m3,336.0,2,MOENV CFP | Taiwan EPA,2017,公路總局蘇花公路改善工程處,早強預拌混凝土(420kgf/cm2，飛灰爐石粉替代率45％) | m3 | 336.0
猴頭菇素火腿,條,2.43,2,MOENV CFP | Taiwan EPA,2016,台南市政府環境保護局,猴頭菇素火腿 | 條 | 2.43
晶片電阻,kg,170.0,2,MOENV CFP | Taiwan EPA,2017,環境部,晶片電阻 | kg | 170.0
有害事業廢棄物穩定化/固化處理服務,kg,0.29,2,MOENV CFP | Taiwan EPA,2015,環境部,有害事業廢棄物穩定化/固化處理服務 | kg | 0.29
有機三星蔥,kg,0.558,2,MOENV CFP | Taiwan EPA,2017,宜蘭縣政府環境保護局,有機三星蔥 | kg | 0.558
有機全麥粉,kg,1.39,2,MOENV CFP | Taiwan EPA,2017,經濟部中小企業處、喜願行,有機全麥粉 | kg | 1.39
有機小麥粉,kg,1.4,2,MOENV CFP | Taiwan EPA,2017,經濟部中小企業處、喜願行,有機小麥粉 | kg | 1.4
有機裸麥土司(常溫),kg,1.66,2,MOENV CFP | Taiwan EPA,2017,經濟部中小企業處、喜願行,有機裸麥土司(常溫) | kg | 1.66
有機越光米,kg,1.59,2,MOENV CFP | Taiwan EPA,2017,宜蘭縣政府環境保護局,有機越光米 | kg | 1.59
有機麩皮胚芽粉,kg,1.36,2,MOENV CFP | Taiwan EPA,2017,經濟部中小企業處、喜願行,有機麩皮胚芽粉 | kg | 1.36
木漿(針葉樹化學木漿-半漂白或已漂白),kg,0.93,2,MOENV CFP | Taiwan EPA,2016,經濟部工業局,木漿(針葉樹化學木漿-半漂白或已漂白) | kg | 0.93
未塗布印刷書寫用紙,kg,1.377,2,MOENV CFP | Taiwan EPA/MOE,2025,環境部氣候變遷署,未塗布印刷書寫用紙 | kg | 1.377
未漂白牛皮紙袋和麻袋用紙,kg,1.24,2,MOENV CFP | Taiwan EPA,2017,環境部,未漂白牛皮紙袋和麻袋用紙 | kg | 1.24
未精煉銅(供電解法精煉用之陽極銅),kg,7.59,2,MOENV CFP | Taiwan EPA,2017,經濟部工業局,未精煉銅(供電解法精煉用之陽極銅) | kg | 7.59
柳橙汁(寶特瓶裝，450ml),瓶,0.254,2,MOENV CFP | Taiwan EPA,2017,環境部,柳橙汁(寶特瓶裝，450ml) | 瓶 | 0.254
車用汽油(於移動源使用，2022),公升(l),2.93,2,MOENV CFP | Taiwan EPA/MOE,2025,環境部氣候變遷署,車用汽油(於移動源使用，2022) | 公升(l) | 2.93
牛皮紙,kg,1.08,2,MOENV CFP | Taiwan EPA,2013,經濟部工業局,牛皮紙 | kg | 1.08
營養麵條,包,7.26,2,MOENV CFP | Taiwan EPA,2017,合進商行關廟廠、台南市政府環境保護局,營養麵條 | 包 | 7.26
磷酸，85％,kg,4.65,2,MOENV CFP | Taiwan EPA,2013,經濟部工業局,磷酸，85％ | kg | 4.65
積層陶瓷電容,kg,334.0,2,MOENV CFP | Taiwan EPA,2018,經濟部工業局,積層陶瓷電容 | kg | 334.0
柴油(於公路運輸移動源使用，2022),公升(l),3.324,2,MOENV CFP | Taiwan EPA/MOE,2025,環境部氣候變遷署,柴油(於公路運輸移動源使用，2022) | 公升(l) | 3.324
竹炭片(以土窯生產),kg,0.384,2,MOENV CFP | Taiwan EPA,2017,行政院農業委員會林務局,竹炭片(以土窯生產) | kg | 0.384
竹炭片(以機械窯生產),kg,0.762,2,MOENV CFP | Taiwan EPA,2017,行政院農業委員會林務局,竹炭片(以機械窯生產) | kg | 0.762
早強預拌混凝土(420kgf/cm2，飛灰爐石粉替代率25％),m3,443.0,2,MOENV CFP | Taiwan EPA,2017,公路總局蘇花公路改善工程處,早強預拌混凝土(420kgf/cm2，飛灰爐石粉替代率25％) | m3 | 443.0
早強預拌混凝土(420kgf/cm2，飛灰爐石粉替代率20％),m3,431.0,2,MOENV CFP | Taiwan EPA,2017,公路總局蘇花公路改善工程處,早強預拌混凝土(420kgf/cm2，飛灰爐石粉替代率20％) | m3 | 431.0
廢（污）水處理服務（中部科學工業園區管理局-虎尾園區）,m3,1.7,2,MOENV CFP | Taiwan EPA,2018,中欣行股份有限公司,廢（污）水處理服務（中部科學工業園區管理局-虎尾園區） | m3 | 1.7
早強預拌混凝土(420 kgf/cm2),m3,370.0,2,MOENV CFP | Taiwan EPA,2020,公路總局西部濱海公路南區臨時工程處,早強預拌混凝土(420 kgf/cm2) | m3 | 370.0
廢（污）水處理服務（高雄市楠梓污水處理廠）,m3,0.4,2,MOENV CFP | Taiwan EPA,2018,山林水環境工程股份有限公司,廢（污）水處理服務（高雄市楠梓污水處理廠） | m3 | 0.4
強化玻璃,kg,1.75,2,MOENV CFP | Taiwan EPA,2019,環境部,強化玻璃 | kg | 1.75
微藻素火腿,條,2.49,2,MOENV CFP | Taiwan EPA,2016,台南市政府環境保護局,微藻素火腿 | 條 | 2.49
意麵,包,1.13,2,MOENV CFP | Taiwan EPA,2017,合進商行關廟廠、臺南市政府環境保護局,意麵 | 包 | 1.13
球化條鋼盤元,kg,2.83,2,MOENV CFP | Taiwan EPA,2013,中國鋼鐵股份有限公司,球化條鋼盤元 | kg | 2.83
碳酸鉀,kg,1.75,2,MOENV CFP | Taiwan EPA,2018,經濟部工業局,碳酸鉀 | kg | 1.75
碳鋼冷軋鋼捲,kg,2.5,2,MOENV CFP | Taiwan EPA,2013,環境部,碳鋼冷軋鋼捲 | kg | 2.5
碳鋼鋼胚(電弧爐製程),kg,0.53,2,MOENV CFP | Taiwan EPA,2015,環境部,碳鋼鋼胚(電弧爐製程) | kg | 0.53
玻璃纖維絲,kg,2.76,2,MOENV CFP | Taiwan EPA,2014,環境部,玻璃纖維絲 | kg | 2.76
碳黑,kg,1.5,2,MOENV CFP | Taiwan EPA,2015,環境部,碳黑 | kg | 1.5
扁鋼胚,kg,2.088,2,MOENV CFP | Taiwan EPA,2013,中國鋼鐵股份有限公司,扁鋼胚 | kg | 2.088
扁鋼胚(電弧爐製程，碳鋼),kg,0.4,2,MOENV CFP | Taiwan EPA,2013,經濟部工業局,扁鋼胚(電弧爐製程，碳鋼) | kg | 0.4
抄紙(裱面紙板),kg,1.164,2,MOENV CFP | Taiwan EPA,2013,經濟部工業局,抄紙(裱面紙板) | kg | 1.164
抽取式衛生紙,包,0.402,2,MOENV CFP | Taiwan EPA,2020,正隆股份有限公司竹北廠,抽取式衛生紙 | 包 | 0.402
抽取式衛生紙(110抽),包,0.4,2,MOENV CFP | Taiwan EPA,2017,正大造紙廠股份有限公司、正隆股份有限公司竹北廠,抽取式衛生紙(110抽) | 包 | 0.4
拉麵,包,1.49,2,MOENV CFP | Taiwan EPA,2017,合進商行關廟廠、臺南市政府環境保護局,拉麵 | 包 | 1.49
控制性低強度回填材料(CLSM),m3,157.0,2,MOENV CFP | Taiwan EPA,2019,公路總局西部濱海公路南區臨時工程處,控制性低強度回填材料(CLSM) | m3 | 157.0
插電感應式水龍頭(H-4100LR),kg,16.98,2,MOENV CFP | Taiwan EPA,2015,牧新科技股份有限公司,插電感應式水龍頭(H-4100LR) | kg | 16.98
摃丸,kg,1.72,2,MOENV CFP | Taiwan EPA,2015,新宇禎福記摃丸有限公司,摃丸 | kg | 1.72
擂茶,包,3.64,2,MOENV CFP | Taiwan EPA,2017,璞鈺生技食品有限公司、新竹縣政府環境保護局,擂茶 | 包 | 3.64
新型高爐水泥(50kg，紙袋裝),包,22.97,2,MOENV CFP | Taiwan EPA,2016,中聯資源股份有限公司,新型高爐水泥(50kg，紙袋裝) | 包 | 22.97
新型高爐水泥(50公斤，紙袋裝),包,25.6,2,MOENV CFP | Taiwan EPA,2022,中聯資源股份有限公司,新型高爐水泥(50公斤，紙袋裝) | 包 | 25.6
玻璃容器,kg,1.02,2,MOENV CFP | Taiwan EPA,2014,環境部,玻璃容器 | kg | 1.02
竹炭粒(以土窯生產),kg,0.342,2,MOENV CFP | Taiwan EPA,2017,行政院農業委員會林務局,竹炭粒(以土窯生產) | kg | 0.342
竹炭粒(以機械窯生產),kg,0.719,2,MOENV CFP | Taiwan EPA,2017,行政院農業委員會林務局,竹炭粒(以機械窯生產) | kg | 0.719
竹醋液(以土窯生產),kg,0.905,2,MOENV CFP | Taiwan EPA,2017,行政院農業委員會林務局,竹醋液(以土窯生產) | kg | 0.905
竹醋液(以機械窯生產),kg,1.31,2,MOENV CFP | Taiwan EPA,2017,行政院農業委員會林務局,竹醋液(以機械窯生產) | kg | 1.31
精製二砂(25公斤),kg,28.9,2,MOENV CFP | Taiwan EPA,2022,台灣糖業股份有限公司小港廠,精製二砂(25公斤) | kg | 28.9
豆漿(450ml，鋁箔包裝),盒,0.16,2,MOENV CFP | Taiwan EPA,2016,統一企業股份有限公司,豆漿(450ml，鋁箔包裝) | 盒 | 0.16
調質鋼車用鍛造件,kg,5.7,2,MOENV CFP | Taiwan EPA,2017,金鍛工業股份有限公司、中國鋼鐵股份有限公司,調質鋼車用鍛造件 | kg | 5.7
記憶體積體電路,kg,570.0,2,MOENV CFP | Taiwan EPA,2018,經濟部工業局,記憶體積體電路 | kg | 570.0
角紙,kg,1.14,2,MOENV CFP | Taiwan EPA,2017,環境部,角紙 | kg | 1.14
精製二砂(25公斤),包,14.67,2,MOENV CFP | Taiwan EPA,2014,台灣糖業公司,精製二砂(25公斤) | 包 | 14.67
裱面紙板,kg,1.6,2,MOENV CFP | Taiwan EPA,2023,環境部,裱面紙板 | kg | 1.6
表面白紙板,kg,0.32,2,MOENV CFP | Taiwan EPA,2019,環境部,表面白紙板 | kg | 0.32
精製特砂(25公斤),kg,28.9,2,MOENV CFP | Taiwan EPA,2022,台灣糖業股份有限公司小港廠,精製特砂(25公斤) | kg | 28.9
螺絲(含球化與表面皮膜處理及電鍍),kg,3.41,2,MOENV CFP | Taiwan EPA,2016,環境部,螺絲(含球化與表面皮膜處理及電鍍) | kg | 3.41
螺絲(不含球化、表面皮膜處理與電鍍),kg,3.37,2,MOENV CFP | Taiwan EPA,2016,環境部,螺絲(不含球化、表面皮膜處理與電鍍) | kg | 3.37
蛋白質護髮霜,瓶,1.54,2,MOENV CFP | Taiwan EPA,2017,昇宏國際企業股份有限公司,蛋白質護髮霜 | 瓶 | 1.54
精製特砂(50公斤),kg,57.7,2,MOENV CFP | Taiwan EPA,2022,台灣糖業股份有限公司小港廠,精製特砂(50公斤) | kg | 57.7
精製特砂(50公斤),包,29.6,2,MOENV CFP | Taiwan EPA,2014,台灣糖業公司,精製特砂(50公斤) | 包 | 29.6
蔭豆豉,kg,1.57,2,MOENV CFP | Taiwan EPA,2019,衛生福利部食品藥物管理署,蔭豆豉 | kg | 1.57
蔭油膏,kg,1.01,2,MOENV CFP | Taiwan EPA,2019,衛生福利部食品藥物管理署,蔭油膏 | kg | 1.01
蔗糖,kg,0.37,2,MOENV CFP | Taiwan EPA,2016,環境部,蔗糖 | kg | 0.37
葵花油,kg,5.78,2,MOENV CFP | Taiwan EPA,2017,環境部,葵花油 | kg | 5.78
柴油(未燃燒，2022),公升(l),0.677,2,MOENV CFP | Taiwan EPA/MOE,2025,環境部氣候變遷署,柴油(未燃燒，2022) | 公升(l) | 0.677
落花生,kg,0.68,2,MOENV CFP | Taiwan EPA,2017,行政院農業委員會農業試驗所,落花生 | kg | 0.68
精製細砂(25公斤),kg,28.9,2,MOENV CFP | Taiwan EPA,2022,台灣糖業股份有限公司小港廠,精製細砂(25公斤) | kg | 28.9
精製細砂(25公斤),包,15.47,2,MOENV CFP | Taiwan EPA,2014,台灣糖業公司,精製細砂(25公斤) | 包 | 15.47
精製豬油,kg,0.785,2,MOENV CFP | Taiwan EPA,2018,衛生福利部食品藥物管理署、統清股份有限公司台南廠,精製豬油 | kg | 0.785
柴油(於鐵路運輸與非道路運輸移動源使用，2022),公升(l),3.562,2,MOENV CFP | Taiwan EPA/MOE,2025,環境部氣候變遷署,柴油(於鐵路運輸與非道路運輸移動源使用，2022) | 公升(l) | 3.562
豬肉,kg,36.9,2,MOENV CFP | Taiwan EPA,2017,祥圃實業股份有限公司,豬肉 | kg | 36.9
豬肉(不帶骨),kg,37.1,2,MOENV CFP | Taiwan EPA,2017,祥圃實業股份有限公司,豬肉(不帶骨) | kg | 37.1
粗級配瀝青混凝土(1”),kg,0.0894,2,MOENV CFP | Taiwan EPA,2019,公路總局蘇花公路改善工程處,粗級配瀝青混凝土(1”) | kg | 0.0894
車用汽油(於固定源使用，2022),公升(l),2.879,2,MOENV CFP | Taiwan EPA/MOE,2025,環境部氣候變遷署,車用汽油(於固定源使用，2022) | 公升(l) | 2.879
燃料油未燃燒(蒸餘油/重油未燃燒，2022),公升(l),0.7687,2,MOENV CFP | Taiwan EPA/MOE,2025,環境部氣候變遷署,燃料油未燃燒(蒸餘油/重油未燃燒，2022) | 公升(l) | 0.7687
燃料油使用(蒸餘油/重油使用，2022),公升(l),3.889,2,MOENV CFP | Taiwan EPA/MOE,2025,環境部氣候變遷署,燃料油使用(蒸餘油/重油使用，2022) | 公升(l) | 3.889
燃料油（未燃燒，泰國，2005）,kg,0.305,2,MOENV CFP | Taiwan EPA,2018,－－－,燃料油（未燃燒，泰國，2005） | kg | 0.305
筆記型電腦(11.6吋),台,81.0,2,MOENV CFP | Taiwan EPA,2016,環境部、宏碁股份有限公司、廣達電腦股份有限公司,筆記型電腦(11.6吋) | 台 | 81.0
筆記型電腦包裝紙箱(三層一浪),piece,0.53,2,MOENV CFP | Taiwan EPA,2016,環境部、宏碁股份有限公司,筆記型電腦包裝紙箱(三層一浪) | piece | 0.53
筆記型電腦照相機模組,piece,0.41,2,MOENV CFP | Taiwan EPA,2016,環境部、宏碁股份有限公司,筆記型電腦照相機模組 | piece | 0.41
筆記型電腦鍵盤,piece,0.89,2,MOENV CFP | Taiwan EPA,2016,環境部、宏碁股份有限公司,筆記型電腦鍵盤 | piece | 0.89
筆記型電腦電源線(含插頭端),條,0.68,2,MOENV CFP | Taiwan EPA,2016,環境部、宏碁股份有限公司,筆記型電腦電源線(含插頭端) | 條 | 0.68
柴油(於固定源使用，2022),公升(l),3.292,2,MOENV CFP | Taiwan EPA/MOE,2025,環境部氣候變遷署,柴油(於固定源使用，2022) | 公升(l) | 3.292
柴油(於捕撈移動源使用，2022),公升(l),3.299,2,MOENV CFP | Taiwan EPA/MOE,2025,環境部氣候變遷署,柴油(於捕撈移動源使用，2022) | 公升(l) | 3.299
豬肋排(帶骨50％),kg,36.4,2,MOENV CFP | Taiwan EPA,2017,祥圃實業股份有限公司,豬肋排(帶骨50％) | kg | 36.4
粗級配瀝青混凝土(混和料比例0％),kg,0.0777,2,MOENV CFP | Taiwan EPA,2019,公路總局西部濱海公路南區臨時工程處,粗級配瀝青混凝土(混和料比例0％) | kg | 0.0777
粗級配瀝青混凝土(混和料比例1.9％),kg,0.0968,2,MOENV CFP | Taiwan EPA,2019,公路總局西部濱海公路南區臨時工程處,粗級配瀝青混凝土(混和料比例1.9％) | kg | 0.0968
柴油(於水路運輸移動源使用，2022),公升(l),3.309,2,MOENV CFP | Taiwan EPA/MOE,2025,環境部氣候變遷署,柴油(於水路運輸移動源使用，2022) | 公升(l) | 3.309
粗級配瀝青混凝土(混和料比例2.4％),kg,0.101,2,MOENV CFP | Taiwan EPA,2019,公路總局西部濱海公路南區臨時工程處,粗級配瀝青混凝土(混和料比例2.4％) | kg | 0.101
粗級配瀝青混凝土(混和料比例2.9％),kg,0.129,2,MOENV CFP | Taiwan EPA,2020,公路總局西部濱海公路南區臨時工程處,粗級配瀝青混凝土(混和料比例2.9％) | kg | 0.129
精力湯,包,3.47,2,MOENV CFP | Taiwan EPA,2017,璞鈺生技食品有限公司、新竹縣政府環境保護局,精力湯 | 包 | 3.47
精緻牛油,kg,0.694,2,MOENV CFP | Taiwan EPA,2018,衛生福利部食品藥物管理署、統清股份有限公司台南廠,精緻牛油 | kg | 0.694
精華霜,罐,0.55,2,MOENV CFP | Taiwan EPA,2020,環境部,精華霜 | 罐 | 0.55
貼片電容,kg,101.0,2,MOENV CFP | Taiwan EPA,2018,經濟部工業局,貼片電容 | kg | 101.0
豬肋排(骨頭100％),kg,36.7,2,MOENV CFP | Taiwan EPA,2017,祥圃實業股份有限公司,豬肋排(骨頭100％) | kg | 36.7
廢（污）水處理服務（臺南市政府水利局柳營區水資源回收中心）,m3,0.5,2,MOENV CFP | Taiwan EPA,2018,惠民實業股份有限公司,廢（污）水處理服務（臺南市政府水利局柳營區水資源回收中心） | m3 | 0.5
廢（污）水處理服務（中部科學工業園區台中園區污水處理廠）,m3,0.45,2,MOENV CFP | Taiwan EPA,2018,山林水環境工程股份有限公司,廢（污）水處理服務（中部科學工業園區台中園區污水處理廠） | m3 | 0.45
大捲筒衛生紙,捲,1.8,2,MOENV CFP | Taiwan EPA,2017,正大造紙廠股份有限公司,大捲筒衛生紙 | 捲 | 1.8
天然氣(於固定源使用，2020),m3,2.63,2,MOENV CFP | Taiwan EPA,2022,環境部,天然氣(於固定源使用，2020) | m3 | 2.63
天然氣(於固定源使用，2022),m3,2.643,2,MOENV CFP | Taiwan EPA/MOE,2025,環境部氣候變遷署,天然氣(於固定源使用，2022) | m3 | 2.643
天然氣(未燃燒，2018),m3,0.469,2,MOENV CFP | Taiwan EPA,2020,環境部,天然氣(未燃燒，2018) | m3 | 0.469
天然氣(未燃燒，2019),m3,0.451,2,MOENV CFP | Taiwan EPA,2021,環境部,天然氣(未燃燒，2019) | m3 | 0.451
天然氣(未燃燒，2020),m3,0.516,2,MOENV CFP | Taiwan EPA,2022,環境部,天然氣(未燃燒，2020) | m3 | 0.516
天然氣(未燃燒，2021),m3,0.519,2,MOENV CFP | Taiwan EPA,2023,環境部,天然氣(未燃燒，2021) | m3 | 0.519
天然氣(未燃燒，2022),m3,0.5313,2,MOENV CFP | Taiwan EPA/MOE,2025,環境部氣候變遷署,天然氣(未燃燒，2022) | m3 | 0.5313
重鉻酸鉀,kg,4.09,2,MOENV CFP | Taiwan EPA,2017,經濟部工業局,重鉻酸鉀 | kg | 4.09
重質鋅氧粉,kg,4.830878,2,MOENV CFP | Taiwan EPA,2014,環境部,重質鋅氧粉 | kg | 4.830878
太陽光電模組發電(10KW，2014),kwh,0.00998,2,MOENV CFP | Taiwan EPA,2016,經濟部能源局、陽光屋頂百萬座計畫推動辦公室,太陽光電模組發電(10KW，2014) | kwh | 0.00998
太陽光電電場發電,kwh,0.00961,2,MOENV CFP | Taiwan EPA,2023,經濟部標準檢驗局,太陽光電電場發電 | kwh | 0.00961
太陽能LED燈具,盞,447.0,2,MOENV CFP | Taiwan EPA,2022,環境部,太陽能LED燈具 | 盞 | 447.0
重質燃料油（未燃燒，韓國，1998）,kg,0.325,2,MOENV CFP | Taiwan EPA,2018,－－－,重質燃料油（未燃燒，韓國，1998） | kg | 0.325
奶茶(250ml，鋁箔包裝),包,0.11,2,MOENV CFP | Taiwan EPA,2016,統一企業股份有限公司,奶茶(250ml，鋁箔包裝) | 包 | 0.11
醬油(黑豆釀造),kg,2.22,2,MOENV CFP | Taiwan EPA,2015,衛生福利部食品藥物管理署,醬油(黑豆釀造) | kg | 2.22
奶茶(300ml，鋁箔包裝),包,0.13,2,MOENV CFP | Taiwan EPA,2016,統一企業股份有限公司,奶茶(300ml，鋁箔包裝) | 包 | 0.13
醬油(黃豆釀造),kg,1.68,2,MOENV CFP | Taiwan EPA,2015,衛生福利部食品藥物管理署,醬油(黃豆釀造) | kg | 1.68
奶茶(375ml，鋁箔包裝),包,0.16,2,MOENV CFP | Taiwan EPA,2016,統一企業股份有限公司,奶茶(375ml，鋁箔包裝) | 包 | 0.16
醬油(高蛋白豆片釀造),kg,849.88,2,MOENV CFP | Taiwan EPA,2015,衛生福利部食品藥物管理署,醬油(高蛋白豆片釀造) | kg | 849.88
客家桔醬,瓶,0.5,2,MOENV CFP | Taiwan EPA,2017,阿金姐工作坊,客家桔醬 | 瓶 | 0.5
客船服務（台東富岡-綠島）,每人次,11.6,2,MOENV CFP | Taiwan EPA,2018,經濟部中小企業處,客船服務（台東富岡-綠島） | 每人次 | 11.6
醋酸乙烯酯共聚物,kg,2.1258,2,MOENV CFP | Taiwan EPA,2013,經濟部工業局,醋酸乙烯酯共聚物 | kg | 2.1258
醋酸乙烯單體,kg,3.31,2,MOENV CFP | Taiwan EPA,2015,環境部,醋酸乙烯單體 | kg | 3.31
密級配瀝青混凝土(1”/2),kg,0.0834,2,MOENV CFP | Taiwan EPA,2019,公路總局蘇花公路改善工程處,密級配瀝青混凝土(1”/2) | kg | 0.0834
天然氣(於固定源使用，2021),m3,2.63,2,MOENV CFP | Taiwan EPA,2023,環境部,天然氣(於固定源使用，2021) | m3 | 2.63
天然氣(於固定源使用，2019),m3,2.56,2,MOENV CFP | Taiwan EPA,2021,環境部,天然氣(於固定源使用，2019) | m3 | 2.56
廢溶劑（不分類別）蒸餾回收處理服務,kg,0.5886,2,MOENV CFP | Taiwan EPA/MOE,2025,環境部氣候變遷署,廢溶劑（不分類別）蒸餾回收處理服務 | kg | 0.5886
天然氣(於固定源使用，2018),m3,2.58,2,MOENV CFP | Taiwan EPA,2020,環境部,天然氣(於固定源使用，2018) | m3 | 2.58
大豆沙拉油 (18 L),桶,27.7,2,MOENV CFP | Taiwan EPA,2016,環境部、台灣糖業股份有限公司小港廠,大豆沙拉油 (18 L) | 桶 | 27.7
大豆沙拉油 (18 kg),桶,30.4,2,MOENV CFP | Taiwan EPA,2016,環境部、台灣糖業股份有限公司小港廠,大豆沙拉油 (18 kg) | 桶 | 30.4
大豆沙拉油 (2 L),瓶,3.07,2,MOENV CFP | Taiwan EPA,2016,環境部、台灣糖業股份有限公司小港廠,大豆沙拉油 (2 L) | 瓶 | 3.07
大豆沙拉油 (2.6 L),瓶,3.87,2,MOENV CFP | Taiwan EPA,2016,環境部、台灣糖業股份有限公司小港廠,大豆沙拉油 (2.6 L) | 瓶 | 3.87
大豆沙拉油 (3 L),瓶,4.45,2,MOENV CFP | Taiwan EPA,2016,環境部、台灣糖業股份有限公司小港廠,大豆沙拉油 (3 L) | 瓶 | 4.45
大豆沙拉油（0.6L）,瓶,1.0,2,MOENV CFP | Taiwan EPA,2019,環境部、台灣糖業股份有限公司小港廠,大豆沙拉油（0.6L） | 瓶 | 1.0
大豆沙拉油（18L）,桶,30.0,2,MOENV CFP | Taiwan EPA,2019,環境部、台灣糖業股份有限公司小港廠,大豆沙拉油（18L） | 桶 | 30.0
大豆沙拉油（19.56L）,桶,32.0,2,MOENV CFP | Taiwan EPA,2019,環境部、台灣糖業股份有限公司小港廠,大豆沙拉油（19.56L） | 桶 | 32.0
大豆沙拉油（1L）,瓶,1.7,2,MOENV CFP | Taiwan EPA,2019,環境部、台灣糖業股份有限公司小港廠,大豆沙拉油（1L） | 瓶 | 1.7
大豆沙拉油（2.6L）,瓶,4.5,2,MOENV CFP | Taiwan EPA,2019,環境部、台灣糖業股份有限公司小港廠,大豆沙拉油（2.6L） | 瓶 | 4.5
大豆沙拉油（2L）,瓶,3.4,2,MOENV CFP | Taiwan EPA,2019,環境部、台灣糖業股份有限公司小港廠,大豆沙拉油（2L） | 瓶 | 3.4
大豆沙拉油（3L）,瓶,5.0,2,MOENV CFP | Taiwan EPA,2019,環境部、台灣糖業股份有限公司小港廠,大豆沙拉油（3L） | 瓶 | 5.0
大鋼胚,kg,2.267,2,MOENV CFP | Taiwan EPA,2013,中國鋼鐵股份有限公司,大鋼胚 | kg | 2.267
綠茶擂茶,包,4.5,2,MOENV CFP | Taiwan EPA,2017,璞鈺生技食品有限公司、新竹縣政府環境保護局,綠茶擂茶 | 包 | 4.5
天然橡膠(乳膠),kg,2.71,2,MOENV CFP | Taiwan EPA,2017,經濟部工業局,天然橡膠(乳膠) | kg | 2.71
瓶裝水（600ml，PET包裝）,瓶,0.153,2,MOENV CFP | Taiwan EPA,2018,味丹企業股份有限公司,瓶裝水（600ml，PET包裝） | 瓶 | 0.153
金,kg,11.1046,2,MOENV CFP | Taiwan EPA,2013,經濟部工業局,金 | kg | 11.1046
天然氣(於固定源使用，2012),m3,2.52,2,MOENV CFP | Taiwan EPA,2014,環境部,天然氣(於固定源使用，2012) | m3 | 2.52
天然氣(於固定源使用，2013),m3,2.59,2,MOENV CFP | Taiwan EPA,2015,環境部,天然氣(於固定源使用，2013) | m3 | 2.59
天然氣(於固定源使用，2014),m3,2.61,2,MOENV CFP | Taiwan EPA,2016,環境部,天然氣(於固定源使用，2014) | m3 | 2.61
天然氣(於固定源使用，2015),m3,2.61,2,MOENV CFP | Taiwan EPA,2017,環境部,天然氣(於固定源使用，2015) | m3 | 2.61
天然氣(於固定源使用，2016),m3,2.6,2,MOENV CFP | Taiwan EPA,2018,環境部,天然氣(於固定源使用，2016) | m3 | 2.6
天然氣(於固定源使用，2017),m3,2.6,2,MOENV CFP | Taiwan EPA,2019,環境部,天然氣(於固定源使用，2017) | m3 | 2.6
醇酸樹脂,kg,3.18,2,MOENV CFP | Taiwan EPA,2016,財團法人工業技術研究院,醇酸樹脂 | kg | 3.18
酚醛樹脂,kg,2.5,2,MOENV CFP | Taiwan EPA,2015,環境部,酚醛樹脂 | kg | 2.5
密級配瀝青混凝土(3”/4),kg,0.0875,2,MOENV CFP | Taiwan EPA,2019,公路總局蘇花公路改善工程處,密級配瀝青混凝土(3”/4) | kg | 0.0875
密級配瀝青混凝土(混和料比例0％),kg,0.077,2,MOENV CFP | Taiwan EPA,2019,公路總局西部濱海公路南區臨時工程處,密級配瀝青混凝土(混和料比例0％) | kg | 0.077
過硫酸銨,kg,6.58,2,MOENV CFP | Taiwan EPA,2018,環境部,過硫酸銨 | kg | 6.58
過硫酸鈉,kg,14.1,2,MOENV CFP | Taiwan EPA,2018,環境部,過硫酸鈉 | kg | 14.1
過氧化氫，30％,kg,4.6657,2,MOENV CFP | Taiwan EPA,2013,經濟部工業局,過氧化氫，30％ | kg | 4.6657
瓦楞芯紙(原紙),kg,0.72,2,MOENV CFP | Taiwan EPA,2015,經濟部工業局「103年製造業產品碳足跡輔導與推廣計畫」,瓦楞芯紙(原紙) | kg | 0.72
通用級聚苯乙烯(GPPS),kg,1.97,2,MOENV CFP | Taiwan EPA,2016,環境部,通用級聚苯乙烯(GPPS) | kg | 1.97
瓦楞芯紙,kg,0.988,2,MOENV CFP | Taiwan EPA,2023,環境部,瓦楞芯紙 | kg | 0.988
瓦楞紙板(B楞),kg,0.813,2,MOENV CFP | Taiwan EPA,2023,環境部,瓦楞紙板(B楞) | kg | 0.813
瓦楞紙板(A楞),kg,1.06,2,MOENV CFP | Taiwan EPA,2023,環境部,瓦楞紙板(A楞) | kg | 1.06
瓦楞紙板(AB楞),kg,1.3,2,MOENV CFP | Taiwan EPA,2023,環境部,瓦楞紙板(AB楞) | kg | 1.3
環氧氯丙烷(醋酸丙烯酯製程),kg,8.04,2,MOENV CFP | Taiwan EPA,2018,環境部,環氧氯丙烷(醋酸丙烯酯製程) | kg | 8.04
輕質骨材混凝土(175kgf/cm2),m3,317.0,2,MOENV CFP | Taiwan EPA,2019,公路總局西部濱海公路南區臨時工程處,輕質骨材混凝土(175kgf/cm2) | m3 | 317.0
輕質鋅氧粉,kg,2.02138,2,MOENV CFP | Taiwan EPA,2014,環境部,輕質鋅氧粉 | kg | 2.02138
軋延小鋼胚,kg,2.422,2,MOENV CFP | Taiwan EPA,2013,中國鋼鐵股份有限公司,軋延小鋼胚 | kg | 2.422
環氧氯丙烷(丙烯氯化製程),kg,6.88,2,MOENV CFP | Taiwan EPA,2018,環境部,環氧氯丙烷(丙烯氯化製程) | kg | 6.88
環氧樹脂,kg,3.02,2,MOENV CFP | Taiwan EPA,2013,經濟部工業局,環氧樹脂 | kg | 3.02
環氧乙烷,kg,2.89,2,MOENV CFP | Taiwan EPA,2018,經濟部工業局,環氧乙烷 | kg | 2.89
車用汽油(未燃燒，2022),公升(l),0.6078,2,MOENV CFP | Taiwan EPA/MOE,2025,環境部氣候變遷署,車用汽油(未燃燒，2022) | 公升(l) | 0.6078
環保抽取式衛生紙,包,0.32,2,MOENV CFP | Taiwan EPA,2017,正隆股份有限公司竹北廠,環保抽取式衛生紙 | 包 | 0.32
碳酸鈉,kg,1.9,2,MOENV CFP | Taiwan EPA,2016,經濟部工業局,碳酸鈉 | kg | 1.9
環保抽取式擦手紙巾,包,0.65,2,MOENV CFP | Taiwan EPA,2017,正隆股份有限公司竹北廠,環保抽取式擦手紙巾 | 包 | 0.65
廢溶劑蒸餾回收處理服務,kg,0.21,2,MOENV CFP | Taiwan EPA,2015,環境部,廢溶劑蒸餾回收處理服務 | kg | 0.21
瑪琪琳,kg,3.07,2,MOENV CFP | Taiwan EPA,2019,衛生福利部食品藥物管理署,瑪琪琳 | kg | 3.07
球化線材盤元,kg,2.91,2,MOENV CFP | Taiwan EPA,2013,中國鋼鐵股份有限公司,球化線材盤元 | kg | 2.91
過磷酸鈣,kg,0.847,2,MOENV CFP | Taiwan EPA,2017,環境部,過磷酸鈣 | kg | 0.847
瓶裝水(1500ml，PET包裝),瓶,0.25,2,MOENV CFP | Taiwan EPA,2018,味丹企業股份有限公司,瓶裝水(1500ml，PET包裝) | 瓶 | 0.25
道林紙,kg,1.46,2,MOENV CFP | Taiwan EPA,2018,環境部,道林紙 | kg | 1.46
尿素,kg,1.65,2,MOENV CFP | Taiwan EPA,2015,經濟部工業局「103年製造業產品碳足跡輔導與推廣計畫」,尿素 | kg | 1.65
密級配瀝青混凝土(混和料比例1.4％),kg,0.0924,2,MOENV CFP | Taiwan EPA,2019,公路總局西部濱海公路南區臨時工程處,密級配瀝青混凝土(混和料比例1.4％) | kg | 0.0924
密級配瀝青混凝土(混和料比例1.9％),kg,0.0968,2,MOENV CFP | Taiwan EPA,2019,公路總局西部濱海公路南區臨時工程處,密級配瀝青混凝土(混和料比例1.9％) | kg | 0.0968
密級配瀝青混凝土(混和料比例2.9％),kg,0.129,2,MOENV CFP | Taiwan EPA,2020,公路總局西部濱海公路南區臨時工程處,密級配瀝青混凝土(混和料比例2.9％) | kg | 0.129
寶特瓶瓶身,kg,4.32,2,MOENV CFP | Taiwan EPA,2019,環境部,寶特瓶瓶身 | kg | 4.32
碳酸氫鈉,kg,2.13,2,MOENV CFP | Taiwan EPA,2014,經濟部工業局,碳酸氫鈉 | kg | 2.13
瓶裝水（330ml，PET包裝）,瓶,0.15,2,MOENV CFP | Taiwan EPA,2019,名牌食品股份有限公司,瓶裝水（330ml，PET包裝） | 瓶 | 0.15
對二甲苯/鄰二甲苯,kg,1.81,2,MOENV CFP | Taiwan EPA,2016,環境部,對二甲苯/鄰二甲苯 | kg | 1.81
對苯二甲酸,kg,1.76,2,MOENV CFP | Taiwan EPA,2016,環境部,對苯二甲酸 | kg | 1.76
對苯二甲酸(PTA),kg,1.87,2,MOENV CFP | Taiwan EPA,2022,環境部,對苯二甲酸(PTA) | kg | 1.87
小麥粉,kg,0.72,2,MOENV CFP | Taiwan EPA,2015,環境部,小麥粉 | kg | 0.72
尿素甲醛樹脂(65％固形物),kg,1.62,2,MOENV CFP | Taiwan EPA,2016,環境部,尿素甲醛樹脂(65％固形物) | kg | 1.62
廢(污)水處理服務(羅東地區水資源回收中心),m3,0.3,2,MOENV CFP | Taiwan EPA,2017,山林水環境工程股份有限公司,廢(污)水處理服務(羅東地區水資源回收中心) | m3 | 0.3
山穀米(台梗4號),包,5.5,2,MOENV CFP | Taiwan EPA,2017,東里碾米工廠,山穀米(台梗4號) | 包 | 5.5
工業用水（韓國，1998）,kg,0.000102,2,MOENV CFP | Taiwan EPA,2018,－－－,工業用水（韓國，1998） | kg | 0.000102
己內醯胺,kg,3.39,2,MOENV CFP | Taiwan EPA,2016,環境部,己內醯胺 | kg | 3.39
瓶裝水（1500ml，PET包裝）,瓶,0.27,2,MOENV CFP | Taiwan EPA,2019,名牌食品股份有限公司,瓶裝水（1500ml，PET包裝） | 瓶 | 0.27
瓶裝水(2000ml，PET包裝),瓶,0.368,2,MOENV CFP | Taiwan EPA,2018,味丹企業股份有限公司,瓶裝水(2000ml，PET包裝) | 瓶 | 0.368
邏輯積體電路,kg,732.0,2,MOENV CFP | Taiwan EPA,2018,經濟部工業局,邏輯積體電路 | kg | 732.0
平板玻璃,kg,1.12,2,MOENV CFP | Taiwan EPA,2016,環境部,平板玻璃 | kg | 1.12
平面顯示器用玻璃基板,kg,5.86,2,MOENV CFP | Taiwan EPA,2014,環境部,平面顯示器用玻璃基板 | kg | 5.86
廢(污)水處理服務(科技部南部科學園區高雄園區污水處理廠),m3,0.3,2,MOENV CFP | Taiwan EPA,2020,惠民實業股份有限公司,廢(污)水處理服務(科技部南部科學園區高雄園區污水處理廠) | m3 | 0.3
廢(污)水處理服務(科技部新竹科學工業園區管理局竹南園區污水處理廠),m3,0.553,2,MOENV CFP | Taiwan EPA,2020,中欣行股份有限公司,廢(污)水處理服務(科技部新竹科學工業園區管理局竹南園區污水處理廠) | m3 | 0.553
茶葉蛋,包,2.4,2,MOENV CFP | Taiwan EPA,2019,金嘉隆企業有限公司,茶葉蛋 | 包 | 2.4
苯胺,kg,5.19,2,MOENV CFP | Taiwan EPA,2016,經濟部工業局,苯胺 | kg | 5.19
苯甲酸,kg,1.84,2,MOENV CFP | Taiwan EPA,2018,經濟部工業局,苯甲酸 | kg | 1.84
素火腿,條,2.37,2,MOENV CFP | Taiwan EPA,2016,台南市政府環境保護局,素火腿 | 條 | 2.37
經典台灣啤酒(330 ml，收縮膜6罐裝),組,1.29,2,MOENV CFP | Taiwan EPA,2016,環境部、台灣菸酒股份有限公司善化啤酒廠、中華航空公司,經典台灣啤酒(330 ml，收縮膜6罐裝) | 組 | 1.29
經典台灣啤酒(330 ml，紙箱24罐裝),箱,5.14,2,MOENV CFP | Taiwan EPA,2016,環境部、台灣菸酒股份有限公司善化啤酒廠、中華航空公司,經典台灣啤酒(330 ml，紙箱24罐裝) | 箱 | 5.14
經典台灣啤酒(330 ml，紙箱24罐裝),罐,0.21,2,MOENV CFP | Taiwan EPA,2016,環境部、台灣菸酒股份有限公司善化啤酒廠、中華航空公司,經典台灣啤酒(330 ml，紙箱24罐裝) | 罐 | 0.21
聚酯棉,kg,4.17,2,MOENV CFP | Taiwan EPA,2016,環境部,聚酯棉 | kg | 4.17
液化石油氣(於固定源使用，2022),公升(l),2.21,2,MOENV CFP | Taiwan EPA/MOE,2025,環境部氣候變遷署,液化石油氣(於固定源使用，2022) | 公升(l) | 2.21
聚酯半延伸絲,kg,4.14,2,MOENV CFP | Taiwan EPA,2015,環境部,聚酯半延伸絲 | kg | 4.14
聚酯加工絲,kg,5.04,2,MOENV CFP | Taiwan EPA,2015,環境部,聚酯加工絲 | kg | 5.04
聚碳酸酯樹脂（非光氣法）,kg,4.601,2,MOENV CFP | Taiwan EPA/MOE,2025,環境部氣候變遷署,聚碳酸酯樹脂（非光氣法） | kg | 4.601
聚碳酸酯樹脂(光氣法),kg,5.184,2,MOENV CFP | Taiwan EPA/MOE,2025,環境部氣候變遷署,聚碳酸酯樹脂(光氣法) | kg | 5.184
聚碳酸酯(非光氣法，一般級),kg,9.42,2,MOENV CFP | Taiwan EPA,2014,經濟部工業局,聚碳酸酯(非光氣法，一般級) | kg | 9.42
聚甲醛,kg,1.723,2,MOENV CFP | Taiwan EPA,2013,經濟部工業局,聚甲醛 | kg | 1.723
聚甲基丙烯酸甲酯,kg,7.5357,2,MOENV CFP | Taiwan EPA,2013,經濟部工業局,聚甲基丙烯酸甲酯 | kg | 7.5357
煤油(未燃燒，2022),公升(l),0.3575,2,MOENV CFP | Taiwan EPA/MOE,2025,環境部氣候變遷署,煤油(未燃燒，2022) | 公升(l) | 0.3575
液化石油氣(未燃燒，2022),公升(l),0.4559,2,MOENV CFP | Taiwan EPA/MOE,2025,環境部氣候變遷署,液化石油氣(未燃燒，2022) | 公升(l) | 0.4559
液化石油氣（未燃燒，泰國，2008）,kg,0.412,2,MOENV CFP | Taiwan EPA,2018,－－－,液化石油氣（未燃燒，泰國，2008） | kg | 0.412
液化石油氣（未燃燒，韓國，2006）,kg,0.394,2,MOENV CFP | Taiwan EPA,2018,－－－,液化石油氣（未燃燒，韓國，2006） | kg | 0.394
液態氧，99.99995％,kg,1.44,2,MOENV CFP | Taiwan EPA,2013,經濟部工業局,液態氧，99.99995％ | kg | 1.44
液氧,kg,0.39,2,MOENV CFP | Taiwan EPA,2015,環境部,液氧 | kg | 0.39
液氯,kg,1.39,2,MOENV CFP | Taiwan EPA,2016,環境部,液氯 | kg | 1.39
聚氯乙烯粉(微懸浮乳化粉),kg,2.449,2,MOENV CFP | Taiwan EPA/MOE,2025,環境部氣候變遷署,聚氯乙烯粉(微懸浮乳化粉) | kg | 2.449
聚氯乙烯(膠膜，膠布，電線電纜用),kg,2.21,2,MOENV CFP | Taiwan EPA,2013,經濟部工業局,聚氯乙烯(膠膜，膠布，電線電纜用) | kg | 2.21
聚氯乙烯(均一粉),kg,2.851,2,MOENV CFP | Taiwan EPA/MOE,2025,環境部氣候變遷署,聚氯乙烯(均一粉) | kg | 2.851
混凝土及水泥砂漿用水淬高爐爐碴粉(太空袋裝),袋,59.3,2,MOENV CFP | Taiwan EPA,2022,中聯資源股份有限公司,混凝土及水泥砂漿用水淬高爐爐碴粉(太空袋裝) | 袋 | 59.3
經典台灣啤酒 (330 ml，收縮膜6罐裝),罐,0.21,2,MOENV CFP | Taiwan EPA,2016,環境部、台灣菸酒股份有限公司善化啤酒廠、中華航空公司,經典台灣啤酒 (330 ml，收縮膜6罐裝) | 罐 | 0.21
聚酯粒,kg,3.74,2,MOENV CFP | Taiwan EPA,2016,環境部,聚酯粒 | kg | 3.74
苯乙烯單體,kg,2.17,2,MOENV CFP | Taiwan EPA,2017,環境部,苯乙烯單體 | kg | 2.17
素沙茶醬,kg,1.58,2,MOENV CFP | Taiwan EPA,2017,衛生福利部食品藥物管理署,素沙茶醬 | kg | 1.58
洗碗精（1000ml）,瓶,2.0,2,MOENV CFP | Taiwan EPA,2018,德大生技有限公司,洗碗精（1000ml） | 瓶 | 2.0
洗衣粉,kg,1.34,2,MOENV CFP | Taiwan EPA,2017,清淨海生技股份有限公司,洗衣粉 | kg | 1.34
洗衣粉,盒,3.8,2,MOENV CFP | Taiwan EPA,2018,德大生技有限公司,洗衣粉 | 盒 | 3.8
洗髮精（1000ml）,瓶,28.5,2,MOENV CFP | Taiwan EPA,2018,歐萊德國際股份有限公司、昇宏國際企業股份有限公司,洗髮精（1000ml） | 瓶 | 28.5
活性沸石,kg,3.47,2,MOENV CFP | Taiwan EPA,2015,經濟部工業局「103年製造業產品碳足跡輔導與推廣計畫」,活性沸石 | kg | 3.47
紙棧板,kg,1.23,2,MOENV CFP | Taiwan EPA,2017,環境部,紙棧板 | kg | 1.23
海苔,包,0.075,2,MOENV CFP | Taiwan EPA,2020,環境部,海苔 | 包 | 0.075
自充填混凝土(350kgf/cm2),m3,367.0,2,MOENV CFP | Taiwan EPA,2019,公路總局西部濱海公路南區臨時工程處,自充填混凝土(350kgf/cm2) | m3 | 367.0
紙盤,kg,1.89,2,MOENV CFP | Taiwan EPA,2019,環境部,紙盤 | kg | 1.89
液化天然氣（未燃燒，韓國，2006）,kg,0.595,2,MOENV CFP | Taiwan EPA,2018,－－－,液化天然氣（未燃燒，韓國，2006） | kg | 0.595
自充填混凝土(280kgf/cm2),m3,335.0,2,MOENV CFP | Taiwan EPA,2019,公路總局西部濱海公路南區臨時工程處,自充填混凝土(280kgf/cm2) | m3 | 335.0
脫墨紙漿(再生料),kg,1.464,2,MOENV CFP | Taiwan EPA,2014,環境部,脫墨紙漿(再生料) | kg | 1.464
背銀漿,kg,13.0,2,MOENV CFP | Taiwan EPA,2017,環境部、中美矽晶製品股份有限公司宜蘭分公司、臺灣賀利氏材料科技股份有限公司,背銀漿 | kg | 13.0
紙碗,kg,1.91,2,MOENV CFP | Taiwan EPA,2019,環境部,紙碗 | kg | 1.91
聚醯胺絲,kg,8.81,2,MOENV CFP | Taiwan EPA,2015,環境部,聚醯胺絲 | kg | 8.81
聚醯胺粒,kg,7.1,2,MOENV CFP | Taiwan EPA,2015,環境部,聚醯胺粒 | kg | 7.1
聚醯胺樹脂（脂肪酸型）,kg,2.186,2,MOENV CFP | Taiwan EPA/MOE,2025,環境部氣候變遷署,聚醯胺樹脂（脂肪酸型） | kg | 2.186
聚醯胺樹脂（二聚酸型）,kg,3.622,2,MOENV CFP | Taiwan EPA/MOE,2025,環境部氣候變遷署,聚醯胺樹脂（二聚酸型） | kg | 3.622
聚醯胺接著劑,kg,3.61,2,MOENV CFP | Taiwan EPA,2016,環境部,聚醯胺接著劑 | kg | 3.61
聚醯胺66(尼龍66),kg,7.21,2,MOENV CFP | Taiwan EPA,2015,經濟部工業局「103年製造業產品碳足跡輔導與推廣計畫」,聚醯胺66(尼龍66) | kg | 7.21
聚醯胺6,kg,3.83,2,MOENV CFP | Taiwan EPA,2013,經濟部工業局,聚醯胺6 | kg | 3.83
聚酯纖維棉(已精梳，供紡織用),kg,4.52,2,MOENV CFP | Taiwan EPA,2015,經濟部工業局「103年製造業產品碳足跡輔導與推廣計畫」,聚酯纖維棉(已精梳，供紡織用) | kg | 4.52
聚酯纖維(短纖，直紡),kg,5.0,2,MOENV CFP | Taiwan EPA,2017,環境部,聚酯纖維(短纖，直紡) | kg | 5.0
聚氯乙烯(PVC)合成皮（壓延製程，未使用基布）,kg,3.37,2,MOENV CFP | Taiwan EPA,2018,環境部,聚氯乙烯(PVC)合成皮（壓延製程，未使用基布） | kg | 3.37
聚氯乙烯(PVC)合成皮（壓延製程，使用基布）,kg,4.19,2,MOENV CFP | Taiwan EPA,2018,環境部,聚氯乙烯(PVC)合成皮（壓延製程，使用基布） | kg | 4.19
聚氯乙烯(PVC)合成皮（塗佈製程）,kg,5.71,2,MOENV CFP | Taiwan EPA,2018,環境部,聚氯乙烯(PVC)合成皮（塗佈製程） | kg | 5.71
聚氯乙烯,kg,3.02,2,MOENV CFP | Taiwan EPA,2021,環境部,聚氯乙烯 | kg | 3.02
烤酥油 (2 L),瓶,3.07,2,MOENV CFP | Taiwan EPA,2016,環境部、台灣糖業股份有限公司小港廠,烤酥油 (2 L) | 瓶 | 3.07
烤酥油 (3 L),瓶,4.42,2,MOENV CFP | Taiwan EPA,2016,環境部、台灣糖業股份有限公司小港廠,烤酥油 (3 L) | 瓶 | 4.42
烤酥油（18L）,桶,30.0,2,MOENV CFP | Taiwan EPA,2019,環境部、台灣糖業股份有限公司小港廠,烤酥油（18L） | 桶 | 30.0
烤酥油（2L）,瓶,3.4,2,MOENV CFP | Taiwan EPA,2019,環境部、台灣糖業股份有限公司小港廠,烤酥油（2L） | 瓶 | 3.4
焊帶(太陽光電模組材料),kg,12.0,2,MOENV CFP | Taiwan EPA,2023,經濟部標準檢驗局,焊帶(太陽光電模組材料) | kg | 12.0
無收縮混凝土(420kgf/cm2),m3,493.0,2,MOENV CFP | Taiwan EPA,2019,公路總局西部濱海公路南區臨時工程處,無收縮混凝土(420kgf/cm2) | m3 | 493.0
聚丙烯(PP),kg,2.01,2,MOENV CFP | Taiwan EPA,2013,經濟部工業局,聚丙烯(PP) | kg | 2.01
無磷無氧銅塊,kg,4.77,2,MOENV CFP | Taiwan EPA,2018,環境部,無磷無氧銅塊 | kg | 4.77
經典台灣啤酒(500 ml，紙箱24罐裝),罐,0.32,2,MOENV CFP | Taiwan EPA,2016,環境部、台灣菸酒股份有限公司善化啤酒廠、中華航空公司,經典台灣啤酒(500 ml，紙箱24罐裝) | 罐 | 0.32
經典台灣啤酒(600 ml，玻璃瓶裝),瓶,0.33,2,MOENV CFP | Taiwan EPA,2016,環境部、台灣菸酒股份有限公司善化啤酒廠、中華航空公司,經典台灣啤酒(600 ml，玻璃瓶裝) | 瓶 | 0.33
無鉛銲錫,kg,7.8496,2,MOENV CFP | Taiwan EPA,2013,經濟部工業局,無鉛銲錫 | kg | 7.8496
聚丁二烯橡膠,kg,2.86,2,MOENV CFP | Taiwan EPA,2014,經濟部工業局,聚丁二烯橡膠 | kg | 2.86
耐衝擊聚苯乙烯(HIPS),kg,2.72,2,MOENV CFP | Taiwan EPA,2016,環境部,耐衝擊聚苯乙烯(HIPS) | kg | 2.72
綠茶(250ml，鋁箔包裝),包,0.09,2,MOENV CFP | Taiwan EPA,2016,統一企業股份有限公司,綠茶(250ml，鋁箔包裝) | 包 | 0.09
纖維水泥板/矽酸鈣板,kg,1.12,2,MOENV CFP | Taiwan EPA,2014,環境部,纖維水泥板/矽酸鈣板 | kg | 1.12
焦糖烤布丁,piece,0.34,2,MOENV CFP | Taiwan EPA,2016,台南市政府環境保護局、紅磚布丁,焦糖烤布丁 | piece | 0.34
緩衝材料組裝用熱熔膠,kg,3.41,2,MOENV CFP | Taiwan EPA,2017,環境部,緩衝材料組裝用熱熔膠 | kg | 3.41
線材盤元,kg,2.708,2,MOENV CFP | Taiwan EPA,2013,中國鋼鐵股份有限公司,線材盤元 | kg | 2.708
綠茶(300ml，鋁箔包裝),包,0.1,2,MOENV CFP | Taiwan EPA,2016,統一企業股份有限公司,綠茶(300ml，鋁箔包裝) | 包 | 0.1
煙燻素火腿,條,2.59,2,MOENV CFP | Taiwan EPA,2016,台南市政府環境保護局,煙燻素火腿 | 條 | 2.59
線性低密度聚乙烯(LLDPE),kg,2.01,2,MOENV CFP | Taiwan EPA,2016,環境部,線性低密度聚乙烯(LLDPE) | kg | 2.01
綠茶（300ml，鋁箔包裝）,包,0.12,2,MOENV CFP | Taiwan EPA,2018,統一企業股份有限公司,綠茶（300ml，鋁箔包裝） | 包 | 0.12
綠茶（250ml，鋁箔包裝）,包,0.11,2,MOENV CFP | Taiwan EPA,2018,統一企業股份有限公司,綠茶（250ml，鋁箔包裝） | 包 | 0.11
烤酥油 (18 kg),桶,30.5,2,MOENV CFP | Taiwan EPA,2016,環境部、台灣糖業股份有限公司小港廠,烤酥油 (18 kg) | 桶 | 30.5
烤酥油 (18 L),桶,27.5,2,MOENV CFP | Taiwan EPA,2016,環境部、台灣糖業股份有限公司小港廠,烤酥油 (18 L) | 桶 | 27.5
烤番薯,盒,0.656,2,MOENV CFP | Taiwan EPA,2018,台南市環境保護局,烤番薯 | 盒 | 0.656
潤滑油(未燃燒，2019),kg,1.02,2,MOENV CFP | Taiwan EPA,2021,環境部,潤滑油(未燃燒，2019) | kg | 1.02
聚氨基甲酸脂合成皮(濕式法),kg,8.3,2,MOENV CFP | Taiwan EPA,2015,環境部,聚氨基甲酸脂合成皮(濕式法) | kg | 8.3
聚氨基甲酸脂合成皮(乾式法),kg,8.7,2,MOENV CFP | Taiwan EPA,2015,環境部,聚氨基甲酸脂合成皮(乾式法) | kg | 8.7
清麻油(300 ml),瓶,1.38,2,MOENV CFP | Taiwan EPA,2016,台南市政府環境保護局,清麻油(300 ml) | 瓶 | 1.38
清麻油(500 ml),瓶,2.54,2,MOENV CFP | Taiwan EPA,2016,台南市政府環境保護局,清麻油(500 ml) | 瓶 | 2.54
溫度米(台梗16號),包,3.0,2,MOENV CFP | Taiwan EPA,2020,環境部,溫度米(台梗16號) | 包 | 3.0
漂白脫墨紙漿,kg,0.6033,2,MOENV CFP | Taiwan EPA/MOE,2025,環境部氣候變遷署,漂白脫墨紙漿 | kg | 0.6033
聚氨基甲酸乙酯樹脂,kg,3.17,2,MOENV CFP | Taiwan EPA,2015,環境部,聚氨基甲酸乙酯樹脂 | kg | 3.17
聚對苯二甲酸乙二酯(PET),kg,2.74,2,MOENV CFP | Taiwan EPA,2022,環境部,聚對苯二甲酸乙二酯(PET) | kg | 2.74
潤滑油(未燃燒，2017),kg,1.05,2,MOENV CFP | Taiwan EPA,2019,環境部,潤滑油(未燃燒，2017) | kg | 1.05
潤滑油(未燃燒，2018),kg,1.02,2,MOENV CFP | Taiwan EPA,2020,環境部,潤滑油(未燃燒，2018) | kg | 1.02
潤滑油(未燃燒，2020),kg,1.09,2,MOENV CFP | Taiwan EPA,2022,環境部,潤滑油(未燃燒，2020) | kg | 1.09
烏龍麵,包,1.85,2,MOENV CFP | Taiwan EPA,2017,合進商行關廟廠、臺南市政府環境保護局,烏龍麵 | 包 | 1.85
潤滑油(未燃燒，2021),kg,1.09,2,MOENV CFP | Taiwan EPA,2023,環境部,潤滑油(未燃燒，2021) | kg | 1.09
潤滑油(未燃燒，2022),kg,1.09,2,MOENV CFP | Taiwan EPA/MOE,2025,環境部氣候變遷署,潤滑油(未燃燒，2022) | kg | 1.09
聚對苯二甲酸乙二酯 (PET),kg,2.35,2,MOENV CFP | Taiwan EPA,2013,經濟部工業局,聚對苯二甲酸乙二酯 (PET) | kg | 2.35
聚對苯二甲酸丁二酯(PBT),kg,2.6,2,MOENV CFP | Taiwan EPA,2017,經濟部工業局,聚對苯二甲酸丁二酯(PBT) | kg | 2.6
濃硫酸,kg,0.354,2,MOENV CFP | Taiwan EPA,2018,環境部,濃硫酸 | kg | 0.354
聚乙烯醇,kg,3.67,2,MOENV CFP | Taiwan EPA,2017,環境部,聚乙烯醇 | kg | 3.67
聚乙二醇(PEG),kg,1.75,2,MOENV CFP | Taiwan EPA,2017,經濟部工業局,聚乙二醇(PEG) | kg | 1.75
聚丙烯腈棉,kg,4.76,2,MOENV CFP | Taiwan EPA,2016,環境部,聚丙烯腈棉 | kg | 4.76
經典台灣啤酒(500 ml，紙箱24罐裝),箱,7.64,2,MOENV CFP | Taiwan EPA,2016,環境部、台灣菸酒股份有限公司善化啤酒廠、中華航空公司,經典台灣啤酒(500 ml，紙箱24罐裝) | 箱 | 7.64
炊粉,kg,0.57,2,MOENV CFP | Taiwan EPA,2015,新華米粉廠有限公司,炊粉 | kg | 0.57
洗潔精(965ml),瓶,1.32,2,MOENV CFP | Taiwan EPA,2020,耐斯企業股份有限公司,洗潔精(965ml) | 瓶 | 1.32
洗潔精(4830ml),瓶,5.94,2,MOENV CFP | Taiwan EPA,2020,耐斯企業股份有限公司,洗潔精(4830ml) | 瓶 | 5.94
洗手乳（1000ml）,瓶,1.6,2,MOENV CFP | Taiwan EPA,2019,歐萊德國際股份有限公司,洗手乳（1000ml） | 瓶 | 1.6
氫化石油樹脂,kg,2.73,2,MOENV CFP | Taiwan EPA,2017,環境部,氫化石油樹脂 | kg | 2.73
棉花(未粗疏或精梳),kg,1.47,2,MOENV CFP | Taiwan EPA,2019,財團法人工業技術研究院,棉花(未粗疏或精梳) | kg | 1.47
標籤紙(PET),piece,0.0135,2,MOENV CFP | Taiwan EPA,2023,環境部,標籤紙(PET) | piece | 0.0135
橄欖洗髮精（1000ml）,瓶,30.0,2,MOENV CFP | Taiwan EPA,2018,昇宏國際企業股份有限公司,橄欖洗髮精（1000ml） | 瓶 | 30.0
熱軋粗鋼捲,kg,2.308,2,MOENV CFP | Taiwan EPA,2013,中國鋼鐵股份有限公司,熱軋粗鋼捲 | kg | 2.308
熱軋竹節鋼筋(不分型號),kg,0.919,2,MOENV CFP | Taiwan EPA,2017,公路總局蘇花公路改善工程處,熱軋竹節鋼筋(不分型號) | kg | 0.919
次氯酸鈉(工業用),kg,0.51,2,MOENV CFP | Taiwan EPA,2015,經濟部工業局「103年製造業產品碳足跡輔導與推廣計畫」,次氯酸鈉(工業用) | kg | 0.51
正銀漿,kg,18.2,2,MOENV CFP | Taiwan EPA,2017,環境部、中美矽晶製品股份有限公司宜蘭分公司、臺灣賀利氏材料科技股份有限公司,正銀漿 | kg | 18.2
歪頭奶瓶(240ml),piece,3.16,2,MOENV CFP | Taiwan EPA,2016,春池玻璃實業有限公司,歪頭奶瓶(240ml) | piece | 3.16
熱軋竹節鋼筋(SD420W),kg,0.901,2,MOENV CFP | Taiwan EPA,2017,海光企業股份有限公司、公路總局西部濱海公路南區臨時工程處,熱軋竹節鋼筋(SD420W) | kg | 0.901
熱軋竹節鋼筋(SD280W),kg,0.874,2,MOENV CFP | Taiwan EPA,2017,海光企業股份有限公司、公路總局西部濱海公路南區臨時工程處,熱軋竹節鋼筋(SD280W) | kg | 0.874
熱浸鍍鋅鋼捲,kg,2.988,2,MOENV CFP | Taiwan EPA,2013,中國鋼鐵股份有限公司,熱浸鍍鋅鋼捲 | kg | 2.988
熱可塑性橡膠,kg,3.76,2,MOENV CFP | Taiwan EPA,2014,經濟部工業局,熱可塑性橡膠 | kg | 3.76
臺灣自來水(2020),m3,0.233,2,MOENV CFP | Taiwan EPA,2022,環境部,臺灣自來水(2020) | m3 | 0.233
臺灣自來水(2017),m3,0.299,2,MOENV CFP | Taiwan EPA,2019,環境部,臺灣自來水(2017) | m3 | 0.299
臺北自來水(2020),m3,0.0948,2,MOENV CFP | Taiwan EPA,2022,環境部,臺北自來水(2020) | m3 | 0.0948
臺北自來水(2013),m3,0.17,2,MOENV CFP | Taiwan EPA,2014,環境部,臺北自來水(2013) | m3 | 0.17
紅殼雞蛋,顆,0.107,2,MOENV CFP | Taiwan EPA,2017,麗園農牧科技股份有限公司,紅殼雞蛋 | 顆 | 0.107
氦氣,kg,1.12,2,MOENV CFP | Taiwan EPA,2018,經濟部工業局,氦氣 | kg | 1.12
紅茶,kg,7.04,2,MOENV CFP | Taiwan EPA,2017,宜蘭縣政府環境保護局,紅茶 | kg | 7.04
紅茶(250ml，鋁箔包裝),包,0.095,2,MOENV CFP | Taiwan EPA,2016,統一企業股份有限公司,紅茶(250ml，鋁箔包裝) | 包 | 0.095
氧化鐵粉,kg,1.28,2,MOENV CFP | Taiwan EPA,2018,環境部,氧化鐵粉 | kg | 1.28
氧氣,kg,0.16,2,MOENV CFP | Taiwan EPA,2015,環境部,氧氣 | kg | 0.16
氨,kg,1.87,2,MOENV CFP | Taiwan EPA,2014,經濟部工業局,氨 | kg | 1.87
條鋼盤元,kg,2.628,2,MOENV CFP | Taiwan EPA,2013,中國鋼鐵股份有限公司,條鋼盤元 | kg | 2.628
柿餅,盒,0.65,2,MOENV CFP | Taiwan EPA,2017,味衛佳柿餅觀光農場、新竹縣政府環境保護局,柿餅 | 盒 | 0.65
柴油（未燃燒，韓國，2000）,kg,0.0682,2,MOENV CFP | Taiwan EPA,2018,－－－,柴油（未燃燒，韓國，2000） | kg | 0.0682
芝麻油(543 ml),瓶,1.22,2,MOENV CFP | Taiwan EPA,2017,環境部、福壽實業股份有限公司,芝麻油(543 ml) | 瓶 | 1.22
苯乙烯-乙烯/丁烯-苯乙烯熱塑性彈性體,kg,4.74,2,MOENV CFP | Taiwan EPA,2023,環境部,苯乙烯-乙烯/丁烯-苯乙烯熱塑性彈性體 | kg | 4.74
苯乙烯-丙烯腈共聚合物(一般級),kg,2.42,2,MOENV CFP | Taiwan EPA,2014,經濟部工業局,苯乙烯-丙烯腈共聚合物(一般級) | kg | 2.42
苯乙烯-丁二烯橡膠,kg,2.41,2,MOENV CFP | Taiwan EPA,2014,經濟部工業局,苯乙烯-丁二烯橡膠 | kg | 2.41
苯並三唑紫外線吸收劑 (53gal鐵桶包裝),kg,9.23,2,MOENV CFP | Taiwan EPA,2017,臺灣永光化學工業股份有限公司,苯並三唑紫外線吸收劑 (53gal鐵桶包裝) | kg | 9.23
苯並三唑紫外線吸收劑 (20L塑膠桶包裝),kg,9.34,2,MOENV CFP | Taiwan EPA,2017,臺灣永光化學工業股份有限公司,苯並三唑紫外線吸收劑 (20L塑膠桶包裝) | kg | 9.34
苯並三唑紫外線吸收劑 (1噸塑膠方桶包裝),kg,9.16,2,MOENV CFP | Taiwan EPA,2017,臺灣永光化學工業股份有限公司,苯並三唑紫外線吸收劑 (1噸塑膠方桶包裝) | kg | 9.16
苯,kg,1.82,2,MOENV CFP | Taiwan EPA,2016,環境部,苯 | kg | 1.82
花生油,kg,1.95,2,MOENV CFP | Taiwan EPA,2018,衛生福利部食品藥物管理署、福壽實業股份有限公司台中港廠,花生油 | kg | 1.95
芝麻醬,kg,1.96,2,MOENV CFP | Taiwan EPA,2019,社團法人臺灣環境管理協會,芝麻醬 | kg | 1.96
芝麻粉,罐,2.58,2,MOENV CFP | Taiwan EPA,2016,台南市政府環境保護局,芝麻粉 | 罐 | 2.58
芝麻油(217ml),瓶,0.62,2,MOENV CFP | Taiwan EPA,2017,環境部、福壽實業股份有限公司,芝麻油(217ml) | 瓶 | 0.62
柴油（未燃燒，泰國，2005）,kg,0.328,2,MOENV CFP | Taiwan EPA,2018,－－－,柴油（未燃燒，泰國，2005） | kg | 0.328
芝麻油,kg,614.64,2,MOENV CFP | Taiwan EPA,2015,衛生福利部食品藥物管理署,芝麻油 | kg | 614.64
精鹽(食用鹽),kg,0.17,2,MOENV CFP | Taiwan EPA,2017,環境部,精鹽(食用鹽) | kg | 0.17
芋香米(台梗4號),包,3.4,2,MOENV CFP | Taiwan EPA,2017,東里碾米工廠,芋香米(台梗4號) | 包 | 3.4
良質米（高雄139號品種）,包,6.0,2,MOENV CFP | Taiwan EPA,2019,東里碾米工廠,良質米（高雄139號品種） | 包 | 6.0
良質米(高雄139號品種),包,6.5,2,MOENV CFP | Taiwan EPA,2017,東里碾米工廠,良質米(高雄139號品種) | 包 | 6.5
精鹽（食用鹽）,kg,0.0688,2,MOENV CFP | Taiwan EPA,2021,環境部,精鹽（食用鹽） | kg | 0.0688
糖蜜,kg,0.32,2,MOENV CFP | Taiwan EPA,2016,環境部,糖蜜 | kg | 0.32
熱軋鋼板片,kg,2.388,2,MOENV CFP | Taiwan EPA,2013,中國鋼鐵股份有限公司,熱軋鋼板片 | kg | 2.388
熱軋鋼捲,kg,2.38,2,MOENV CFP | Taiwan EPA,2013,中國鋼鐵股份有限公司,熱軋鋼捲 | kg | 2.38
熱軋酸洗塗油鋼捲,kg,2.398,2,MOENV CFP | Taiwan EPA,2013,中國鋼鐵股份有限公司,熱軋酸洗塗油鋼捲 | kg | 2.398
氨水,kg,1.61,2,MOENV CFP | Taiwan EPA,2015,環境部,氨水 | kg | 1.61
氫氟酸，48％,kg,3.5244,2,MOENV CFP | Taiwan EPA,2013,經濟部工業局,氫氟酸，48％ | kg | 3.5244
自充填預拌混凝土(350 kgf/cm2),m3,375.0,2,MOENV CFP | Taiwan EPA,2020,公路總局西部濱海公路南區臨時工程處,自充填預拌混凝土(350 kgf/cm2) | m3 | 375.0
氫氟酸，49％,kg,3.94,2,MOENV CFP | Taiwan EPA,2017,環境部,氫氟酸，49％ | kg | 3.94
水性水泥漆,kg,1.33,2,MOENV CFP | Taiwan EPA,2016,環境部,水性水泥漆 | kg | 1.33
水性白膠,包,1.1,2,MOENV CFP | Taiwan EPA,2016,台南市政府環境保護局、南寶樹脂化學工廠股份有限公司,水性白膠 | 包 | 1.1
水梨,kg,1.79,2,MOENV CFP | Taiwan EPA,2017,宜蘭縣政府環境保護局,水梨 | kg | 1.79
水楊酸,kg,2.37,2,MOENV CFP | Taiwan EPA,2018,經濟部工業局,水楊酸 | kg | 2.37
水泥(不分型號),kg,0.907,2,MOENV CFP | Taiwan EPA,2017,公路總局蘇花公路改善工程處,水泥(不分型號) | kg | 0.907
水泥熟料,kg,0.95,2,MOENV CFP | Taiwan EPA,2014,環境部,水泥熟料 | kg | 0.95
水泥砂漿(1:1),m3,952.0,2,MOENV CFP | Taiwan EPA,2015,環境部,水泥砂漿(1:1) | m3 | 952.0
水泥砂漿(1:2),m3,625.0,2,MOENV CFP | Taiwan EPA,2015,環境部,水泥砂漿(1:2) | m3 | 625.0
水泥砂漿(1:3),m3,437.0,2,MOENV CFP | Taiwan EPA,2015,環境部,水泥砂漿(1:3) | m3 | 437.0
水泥砂漿粉刷(1:1),m2,21.4,2,MOENV CFP | Taiwan EPA,2015,環境部,水泥砂漿粉刷(1:1) | m2 | 21.4
水泥砂漿粉刷(1:2),m2,14.1,2,MOENV CFP | Taiwan EPA,2015,環境部,水泥砂漿粉刷(1:2) | m2 | 14.1
水泥砂漿粉刷(1:3),m2,9.83,2,MOENV CFP | Taiwan EPA,2015,環境部,水泥砂漿粉刷(1:3) | m2 | 9.83
紅茶(375ml，鋁箔包裝),包,0.13,2,MOENV CFP | Taiwan EPA,2016,統一企業股份有限公司,紅茶(375ml，鋁箔包裝) | 包 | 0.13
污泥掩埋處理服務,kg,0.3,2,MOENV CFP | Taiwan EPA,2016,環境部,污泥掩埋處理服務 | kg | 0.3
純銅線,kg,4.3881,2,MOENV CFP | Taiwan EPA,2013,經濟部工業局,純銅線 | kg | 4.3881
汽油（未燃燒，泰國，2005）,kg,0.706,2,MOENV CFP | Taiwan EPA,2018,－－－,汽油（未燃燒，泰國，2005） | kg | 0.706
汽油（未燃燒，韓國，2000）,kg,0.0832,2,MOENV CFP | Taiwan EPA,2018,－－－,汽油（未燃燒，韓國，2000） | kg | 0.0832
自產二砂(50公斤),包,57.95,2,MOENV CFP | Taiwan EPA,2014,台灣糖業公司,自產二砂(50公斤) | 包 | 57.95
自充填預拌混凝土(420kgf/cm2),m3,320.0,2,MOENV CFP | Taiwan EPA,2017,公路總局蘇花公路改善工程處,自充填預拌混凝土(420kgf/cm2) | m3 | 320.0
沐浴乳(15ml，鋁箔包裝),包,0.0571,2,MOENV CFP | Taiwan EPA,2016,環境部,沐浴乳(15ml，鋁箔包裝) | 包 | 0.0571
沐浴乳(30ml，瓶裝包裝),罐,0.115,2,MOENV CFP | Taiwan EPA,2016,環境部,沐浴乳(30ml，瓶裝包裝) | 罐 | 0.115
沐浴乳(30ml，軟管包裝),罐,0.115,2,MOENV CFP | Taiwan EPA,2016,環境部,沐浴乳(30ml，軟管包裝) | 罐 | 0.115
自充填預拌混凝土(350kgf/cm2),m3,295.0,2,MOENV CFP | Taiwan EPA,2017,公路總局蘇花公路改善工程處,自充填預拌混凝土(350kgf/cm2) | m3 | 295.0
水中混凝土(280kgf/cm2),m3,275.0,2,MOENV CFP | Taiwan EPA,2017,公路總局蘇花公路改善工程處,水中混凝土(280kgf/cm2) | m3 | 275.0
煤油使用(2022),公升(l),2.925,2,MOENV CFP | Taiwan EPA/MOE,2025,環境部氣候變遷署,煤油使用(2022) | 公升(l) | 2.925
紅茶(300ml，鋁箔包裝),包,0.11,2,MOENV CFP | Taiwan EPA,2016,統一企業股份有限公司,紅茶(300ml，鋁箔包裝) | 包 | 0.11
氮氣,m3,0.13,2,MOENV CFP | Taiwan EPA,2017,環境部,氮氣 | m3 | 0.13
氫氣,kg,6.97,2,MOENV CFP | Taiwan EPA,2015,環境部,氫氣 | kg | 6.97
氫氣（蒸汽重組法）,kg,5.36,2,MOENV CFP | Taiwan EPA/MOE,2025,環境部氣候變遷署,氫氣（蒸汽重組法） | kg | 5.36
氫氧化鈉，32％,kg,0.667,2,MOENV CFP | Taiwan EPA,2022,環境部,氫氧化鈉，32％ | kg | 0.667
煤（未燃燒，韓國，1999）,kg,0.48,2,MOENV CFP | Taiwan EPA,2018,－－－,煤（未燃燒，韓國，1999） | kg | 0.48
氫氧化鈉，45％,kg,1.54,2,MOENV CFP | Taiwan EPA,2014,經濟部工業局,氫氧化鈉，45％ | kg | 1.54
氫氧化鈣(熟石灰),kg,1.57,2,MOENV CFP | Taiwan EPA,2014,環境部,氫氧化鈣(熟石灰) | kg | 1.57
氫氧化鉀,kg,1.47,2,MOENV CFP | Taiwan EPA,2016,產品碳足跡計算服務平台、工研院DoITPro資料庫,氫氧化鉀 | kg | 1.47
氫氧化銨,kg,1.2383,2,MOENV CFP | Taiwan EPA,2013,經濟部工業局,氫氧化銨 | kg | 1.2383
氫氧化鋁,kg,1.05,2,MOENV CFP | Taiwan EPA,2017,經濟部工業局,氫氧化鋁 | kg | 1.05
氬氣,kg,0.3,2,MOENV CFP | Taiwan EPA,2016,經濟部工業局,氬氣 | kg | 0.3
氮氣(電子級),kg,0.184,2,MOENV CFP | Taiwan EPA,2013,經濟部工業局,氮氣(電子級) | kg | 0.184
水中混凝土(210kgf/cm2),m3,242.0,2,MOENV CFP | Taiwan EPA,2017,公路總局蘇花公路改善工程處,水中混凝土(210kgf/cm2) | m3 | 242.0
氮氣，99.9999％,kg,0.123,2,MOENV CFP | Taiwan EPA,2022,環境部,氮氣，99.9999％ | kg | 0.123
氯乙烯單體,kg,2.89,2,MOENV CFP | Taiwan EPA,2016,環境部,氯乙烯單體 | kg | 2.89
氯乙烯單體(VCM),kg,2.26,2,MOENV CFP | Taiwan EPA,2022,環境部,氯乙烯單體(VCM) | kg | 2.26
氯化鈉,kg,0.44,2,MOENV CFP | Taiwan EPA,2016,經濟部工業局,氯化鈉 | kg | 0.44
氯化鈣(氫氯化製程),kg,0.415,2,MOENV CFP | Taiwan EPA,2018,經濟部工業局,氯化鈣(氫氯化製程) | kg | 0.415
氯化鈣(索爾維製程),kg,1.0,2,MOENV CFP | Taiwan EPA,2018,經濟部工業局,氯化鈣(索爾維製程) | kg | 1.0
氯化鉀(肥料用),kg,0.61,2,MOENV CFP | Taiwan EPA,2015,經濟部工業局「103年製造業產品碳足跡輔導與推廣計畫」,氯化鉀(肥料用) | kg | 0.61
氯化鉀(非肥料用),kg,0.21,2,MOENV CFP | Taiwan EPA,2015,經濟部工業局「103年製造業產品碳足跡輔導與推廣計畫」,氯化鉀(非肥料用) | kg | 0.21
氯氣,kg,1.36,2,MOENV CFP | Taiwan EPA,2020,環境部,氯氣 | kg | 1.36
氯苯,kg,3.87,2,MOENV CFP | Taiwan EPA,2016,經濟部工業局,氯苯 | kg | 3.87
大豆沙拉油 (0.6 L),瓶,0.895,2,MOENV CFP | Taiwan EPA,2016,環境部、台灣糖業股份有限公司小港廠,大豆沙拉油 (0.6 L) | 瓶 | 0.895
天然棉混紡紗,kg,4.42,2,MOENV CFP | Taiwan EPA,2017,環境部,天然棉混紡紗 | kg | 4.42
金牌台灣啤酒(330 ml，收縮膜6罐裝),組,1.33,2,MOENV CFP | Taiwan EPA,2016,環境部、台灣菸酒股份有限公司善化啤酒廠、中華航空公司,金牌台灣啤酒(330 ml，收縮膜6罐裝) | 組 | 1.33
預拌混凝土(3500psi),m3,370.0,2,MOENV CFP | Taiwan EPA,2015,環境部,預拌混凝土(3500psi) | m3 | 370.0
發泡聚苯乙烯,kg,1.96,2,MOENV CFP | Taiwan EPA,2015,環境部,發泡聚苯乙烯 | kg | 1.96
乙苯,kg,2.37,2,MOENV CFP | Taiwan EPA,2018,經濟部工業局,乙苯 | kg | 2.37
乙酸乙酯,kg,3.98,2,MOENV CFP | Taiwan EPA,2014,經濟部工業局,乙酸乙酯 | kg | 3.98
乙酸酐,kg,2.69,2,MOENV CFP | Taiwan EPA,2017,經濟部工業局,乙酸酐 | kg | 2.69
乙醇,kg,2.57,2,MOENV CFP | Taiwan EPA,2014,經濟部工業局,乙醇 | kg | 2.57
預拌混凝土(420kgf/cm2),m3,383.0,2,MOENV CFP | Taiwan EPA,2017,公路總局蘇花公路改善工程處,預拌混凝土(420kgf/cm2) | m3 | 383.0
預拌混凝土(4000psi),m3,393.0,2,MOENV CFP | Taiwan EPA,2015,環境部,預拌混凝土(4000psi) | m3 | 393.0
乙醇胺,kg,1.84,2,MOENV CFP | Taiwan EPA,2014,環境部,乙醇胺 | kg | 1.84
預拌混凝土(350kgf/cm2，飛灰爐石替代率50％),m3,244.0,2,MOENV CFP | Taiwan EPA,2022,亞東預拌混凝土股份有限公司,預拌混凝土(350kgf/cm2，飛灰爐石替代率50％) | m3 | 244.0
乙醛，40％,kg,1.86,2,MOENV CFP | Taiwan EPA,2013,經濟部工業局,乙醛，40％ | kg | 1.86
預拌混凝土(350kgf/cm2，飛灰爐石替代率30％),m3,341.0,2,MOENV CFP | Taiwan EPA,2022,亞東預拌混凝土股份有限公司,預拌混凝土(350kgf/cm2，飛灰爐石替代率30％) | m3 | 341.0
預拌混凝土(3000psi),m3,347.0,2,MOENV CFP | Taiwan EPA,2015,環境部,預拌混凝土(3000psi) | m3 | 347.0
乙烯醋酸乙烯酯共聚物(EVA),kg,3.27,2,MOENV CFP | Taiwan EPA,2017,環境部,乙烯醋酸乙烯酯共聚物(EVA) | kg | 3.27
預拌混凝土(280kgf/cm2，飛灰爐石替代率50％),m3,214.0,2,MOENV CFP | Taiwan EPA,2022,亞東預拌混凝土股份有限公司,預拌混凝土(280kgf/cm2，飛灰爐石替代率50％) | m3 | 214.0
預拌混凝土(280kgf/cm2，飛灰爐石替代率30％),m3,301.0,2,MOENV CFP | Taiwan EPA,2022,亞東預拌混凝土股份有限公司,預拌混凝土(280kgf/cm2，飛灰爐石替代率30％) | m3 | 301.0
二氧化鈦(非食品級),kg,4.28,2,MOENV CFP | Taiwan EPA,2014,經濟部工業局,二氧化鈦(非食品級) | kg | 4.28
二甲苯,kg,2.8,2,MOENV CFP | Taiwan EPA,2013,經濟部工業局,二甲苯 | kg | 2.8
二甲醚,kg,2.28,2,MOENV CFP | Taiwan EPA,2016,環境部,二甲醚 | kg | 2.28
異丙醇（蒸餾回收，99％，工業級）,kg,0.7209,2,MOENV CFP | Taiwan EPA/MOE,2025,環境部氣候變遷署,異丙醇（蒸餾回收，99％，工業級） | kg | 0.7209
亞硝酸鹽(工業鹽),kg,2.01,2,MOENV CFP | Taiwan EPA,2014,經濟部工業局,亞硝酸鹽(工業鹽) | kg | 2.01
亞硫酸鈉,kg,1.08,2,MOENV CFP | Taiwan EPA,2015,經濟部工業局「103年製造業產品碳足跡輔導與推廣計畫」,亞硫酸鈉 | kg | 1.08
異丙醇,kg,1.499,2,MOENV CFP | Taiwan EPA,2013,經濟部工業局,異丙醇 | kg | 1.499
預拌混凝土(280kgf/cm2),m3,263.0,2,MOENV CFP | Taiwan EPA,2017,公路總局蘇花公路改善工程處,預拌混凝土(280kgf/cm2) | m3 | 263.0
"人孔大小頭(內徑1,200mm)",piece,277.0,2,MOENV CFP | Taiwan EPA,2017,中興工程顧問股份有限公司,"人孔大小頭(內徑1,200mm) | piece | 277.0"
預拌混凝土(5000psi),m3,464.0,2,MOENV CFP | Taiwan EPA,2015,環境部,預拌混凝土(5000psi) | m3 | 464.0
乙烯丙烯橡膠,kg,2.89,2,MOENV CFP | Taiwan EPA,2014,經濟部工業局,乙烯丙烯橡膠 | kg | 2.89
"人孔大小頭(內徑1,800mm)",piece,575.0,2,MOENV CFP | Taiwan EPA,2017,內政部營建署,"人孔大小頭(內徑1,800mm) | piece | 575.0"
丙烯－丁二烯－苯乙烯聚合物(資訊產品用，防火級),kg,3.256,2,MOENV CFP | Taiwan EPA,2013,經濟部工業局,丙烯－丁二烯－苯乙烯聚合物(資訊產品用，防火級) | kg | 3.256
不鏽鋼雙層牆角架(9022HS),kg,6.48,2,MOENV CFP | Taiwan EPA,2015,環境部、朝盟股份有限公司,不鏽鋼雙層牆角架(9022HS) | kg | 6.48
不鏽鋼雙層牆角架含底座(9239S),kg,7.47,2,MOENV CFP | Taiwan EPA,2015,環境部、朝盟股份有限公司,不鏽鋼雙層牆角架含底座(9239S) | kg | 7.47
不飽和聚酯樹脂,kg,4.01,2,MOENV CFP | Taiwan EPA,2014,經濟部工業局,不飽和聚酯樹脂 | kg | 4.01
風力發電機組發電(1500KW，2014),kwh,0.00395,2,MOENV CFP | Taiwan EPA,2016,經濟部能源局、台電公司再生能源處運維組,風力發電機組發電(1500KW，2014) | kwh | 0.00395
丙三醇,kg,2.16,2,MOENV CFP | Taiwan EPA,2016,經濟部工業局,丙三醇 | kg | 2.16
丙烯,kg,1.75,2,MOENV CFP | Taiwan EPA,2015,環境部,丙烯 | kg | 1.75
發煙硫酸,kg,0.22,2,MOENV CFP | Taiwan EPA,2015,環境部,發煙硫酸 | kg | 0.22
丙烯腈,kg,3.37,2,MOENV CFP | Taiwan EPA,2016,環境部,丙烯腈 | kg | 3.37
丙烯腈-丁二烯-苯乙烯共聚合物,kg,2.788,2,MOENV CFP | Taiwan EPA/MOE,2025,環境部氣候變遷署,丙烯腈-丁二烯-苯乙烯共聚合物 | kg | 2.788
丙烯腈-丁二烯橡膠,kg,2.74,2,MOENV CFP | Taiwan EPA,2015,環境部,丙烯腈-丁二烯橡膠 | kg | 2.74
丙烯醯胺,kg,2.32,2,MOENV CFP | Taiwan EPA,2016,經濟部工業局,丙烯醯胺 | kg | 2.32
丙酮,kg,1.82,2,MOENV CFP | Taiwan EPA,2016,環境部,丙酮 | kg | 1.82
乙烯-乙烯醇共聚物,kg,6.19,2,MOENV CFP | Taiwan EPA,2015,環境部,乙烯-乙烯醇共聚物 | kg | 6.19
中低規電磁鋼捲,kg,3.044,2,MOENV CFP | Taiwan EPA,2013,中國鋼鐵股份有限公司,中低規電磁鋼捲 | kg | 3.044
中密度纖維板,kg,1.12,2,MOENV CFP | Taiwan EPA,2015,經濟部工業局「103年製造業產品碳足跡輔導與推廣計畫」,中密度纖維板 | kg | 1.12
乙二胺,kg,6.18,2,MOENV CFP | Taiwan EPA,2016,經濟部工業局,乙二胺 | kg | 6.18
乙二酸,kg,4.34,2,MOENV CFP | Taiwan EPA,2017,經濟部工業局,乙二酸 | kg | 4.34
乙二醇,kg,1.3665,2,MOENV CFP | Taiwan EPA,2013,經濟部工業局,乙二醇 | kg | 1.3665
硫酸銨,kg,1.68,2,MOENV CFP | Taiwan EPA,2015,環境部,硫酸銨 | kg | 1.68
乙二醇丁醚,kg,1.91,2,MOENV CFP | Taiwan EPA,2016,經濟部工業局,乙二醇丁醚 | kg | 1.91
預拌混凝土(80kgf/cm2),m3,207.0,2,MOENV CFP | Taiwan EPA,2017,公路總局蘇花公路改善工程處,預拌混凝土(80kgf/cm2) | m3 | 207.0
乙炔,kg,6.08,2,MOENV CFP | Taiwan EPA,2015,環境部,乙炔 | kg | 6.08
乙烯,kg,1.75,2,MOENV CFP | Taiwan EPA,2015,環境部,乙烯 | kg | 1.75
預拌混凝土(6000psi),m3,533.0,2,MOENV CFP | Taiwan EPA,2015,環境部,預拌混凝土(6000psi) | m3 | 533.0
"人孔大小頭(內徑1,500mm)",piece,393.0,2,MOENV CFP | Taiwan EPA,2017,中興工程顧問股份有限公司,"人孔大小頭(內徑1,500mm) | piece | 393.0"
"人孔底座(內徑1,200mm)",piece,554.0,2,MOENV CFP | Taiwan EPA,2017,中興工程顧問股份有限公司,"人孔底座(內徑1,200mm) | piece | 554.0"
霧峰香米（慣行農法）,包,5.525,2,MOENV CFP | Taiwan EPA/MOE,2025,臺中市政府農業局,霧峰香米（慣行農法） | 包 | 5.525
預拌混凝土(2000psi),m3,255.0,2,MOENV CFP | Taiwan EPA,2015,環境部,預拌混凝土(2000psi) | m3 | 255.0
保鮮盒,piece,5.16,2,MOENV CFP | Taiwan EPA,2018,寀呈股份有限公司,保鮮盒 | piece | 5.16
信用卡,piece,0.873,2,MOENV CFP | Taiwan EPA,2020,玉山商業銀行股份有限公司,信用卡 | piece | 0.873
偏矽酸鈉,kg,0.887,2,MOENV CFP | Taiwan EPA,2023,環境部,偏矽酸鈉 | kg | 0.887
優格,kg,4.33,2,MOENV CFP | Taiwan EPA,2020,衛生福利部食品藥物管理署,優格 | kg | 4.33
優酪乳,kg,1.95,2,MOENV CFP | Taiwan EPA,2018,衛生福利部食品藥物管理署、味全食品工業股份有限公司斗六廠,優酪乳 | kg | 1.95
免調質鋼車用鍛造件,kg,4.84,2,MOENV CFP | Taiwan EPA,2017,金鍛工業股份有限公司、中國鋼鐵股份有限公司,免調質鋼車用鍛造件 | kg | 4.84
預拌混凝土(245 kgf/cm2),m3,252.0,2,MOENV CFP | Taiwan EPA,2020,公路總局西部濱海公路南區臨時工程處,預拌混凝土(245 kgf/cm2) | m3 | 252.0
番薯冰烤兩吃,包,0.0955,2,MOENV CFP | Taiwan EPA,2018,台南市環境保護局,番薯冰烤兩吃 | 包 | 0.0955
番茄醬,罐,6.48,2,MOENV CFP | Taiwan EPA,2016,衛生福利部食品藥物管理署,番茄醬 | 罐 | 6.48
預拌混凝土(210kgf/cm2),m3,220.0,2,MOENV CFP | Taiwan EPA,2017,公路總局蘇花公路改善工程處,預拌混凝土(210kgf/cm2) | m3 | 220.0
預拌混凝土(210 kgf/cm2),m3,238.0,2,MOENV CFP | Taiwan EPA,2020,公路總局西部濱海公路南區臨時工程處,預拌混凝土(210 kgf/cm2) | m3 | 238.0
預拌混凝土(175kgf/cm2),m3,194.0,2,MOENV CFP | Taiwan EPA,2017,公路總局蘇花公路改善工程處,預拌混凝土(175kgf/cm2) | m3 | 194.0
住宿服務（單/兩人房）,每房-每天,75.0,2,MOENV CFP | Taiwan EPA,2018,臺南市環境保護局,住宿服務（單/兩人房） | 每房-每天 | 75.0
預拌混凝土(175 kgf/cm2),m3,224.0,2,MOENV CFP | Taiwan EPA,2020,公路總局西部濱海公路南區臨時工程處,預拌混凝土(175 kgf/cm2) | m3 | 224.0
甲醛，37％,kg,0.7,2,MOENV CFP | Taiwan EPA,2013,經濟部工業局,甲醛，37％ | kg | 0.7
甲醇,kg,2.34,2,MOENV CFP | Taiwan EPA,2014,經濟部工業局,甲醇 | kg | 2.34
預拌混凝土(140kgf/cm2),m3,199.0,2,MOENV CFP | Taiwan EPA,2017,公路總局蘇花公路改善工程處,預拌混凝土(140kgf/cm2) | m3 | 199.0
預拌混凝土(140 kgf/cm2),m3,200.0,2,MOENV CFP | Taiwan EPA,2020,公路總局西部濱海公路南區臨時工程處,預拌混凝土(140 kgf/cm2) | m3 | 200.0
預拌水中混凝土(210 kgf/cm2),m3,346.0,2,MOENV CFP | Taiwan EPA,2020,公路總局西部濱海公路南區臨時工程處,預拌水中混凝土(210 kgf/cm2) | m3 | 346.0
預力鋼腱,kg,2.85,2,MOENV CFP | Taiwan EPA,2019,公路總局西部濱海公路南區臨時工程處,預力鋼腱 | kg | 2.85
金牌台灣啤酒(330 ml，收縮膜6罐裝),罐,0.22,2,MOENV CFP | Taiwan EPA,2016,環境部、台灣菸酒股份有限公司善化啤酒廠、中華航空公司,金牌台灣啤酒(330 ml，收縮膜6罐裝) | 罐 | 0.22
甲酸鈉,kg,2.26,2,MOENV CFP | Taiwan EPA,2018,經濟部工業局,甲酸鈉 | kg | 2.26
硫酸，98％,kg,0.147,2,MOENV CFP | Taiwan EPA,2014,經濟部工業局,硫酸，98％ | kg | 0.147
非離子性有機界面活性劑,kg,2.75,2,MOENV CFP | Taiwan EPA,2014,經濟部工業局,非離子性有機界面活性劑 | kg | 2.75
住宿服務（四人房）,每房-每天,90.0,2,MOENV CFP | Taiwan EPA,2018,臺南市環境保護局,住宿服務（四人房） | 每房-每天 | 90.0
住宿服務（二人房）,每房-每天,30.0,2,MOENV CFP | Taiwan EPA,2019,環境部、國泰商旅股份有限公司民生分公司,住宿服務（二人房） | 每房-每天 | 30.0
"人孔底座(內徑1,500mm)",piece,1120.0,2,MOENV CFP | Taiwan EPA,2017,中興工程顧問股份有限公司,"人孔底座(內徑1,500mm) | piece | 1120.0"
"人孔短管(長度90cm，內徑1,800mm)",piece,755.0,2,MOENV CFP | Taiwan EPA,2017,內政部營建署,"人孔短管(長度90cm，內徑1,800mm) | piece | 755.0"
"人孔底座(內徑1,800mm)",piece,2090.0,2,MOENV CFP | Taiwan EPA,2017,內政部營建署,"人孔底座(內徑1,800mm) | piece | 2090.0"
"人孔短管(長度120cm，內徑1,200mm)",piece,452.0,2,MOENV CFP | Taiwan EPA,2017,中興工程顧問股份有限公司,"人孔短管(長度120cm，內徑1,200mm) | piece | 452.0"
"人孔短管(長度120cm，內徑1,500mm)",piece,669.0,2,MOENV CFP | Taiwan EPA,2017,中興工程顧問股份有限公司,"人孔短管(長度120cm，內徑1,500mm) | piece | 669.0"
"人孔短管(長度120cm，內徑1,800mm)",piece,957.0,2,MOENV CFP | Taiwan EPA,2017,內政部營建署,"人孔短管(長度120cm，內徑1,800mm) | piece | 957.0"
"人孔短管(長度30cm，內徑1,200mm)",piece,111.0,2,MOENV CFP | Taiwan EPA,2017,中興工程顧問股份有限公司,"人孔短管(長度30cm，內徑1,200mm) | piece | 111.0"
"人孔短管(長度30cm，內徑1,500mm)",piece,164.0,2,MOENV CFP | Taiwan EPA,2017,中興工程顧問股份有限公司,"人孔短管(長度30cm，內徑1,500mm) | piece | 164.0"
"人孔短管(長度30cm，內徑1,800mm)",piece,248.0,2,MOENV CFP | Taiwan EPA,2017,內政部營建署,"人孔短管(長度30cm，內徑1,800mm) | piece | 248.0"
"人孔短管(長度60cm，內徑1,500mm)",piece,333.0,2,MOENV CFP | Taiwan EPA,2017,中興工程顧問股份有限公司,"人孔短管(長度60cm，內徑1,500mm) | piece | 333.0"
"人孔短管(長度60cm，內徑1,800mm)",piece,501.0,2,MOENV CFP | Taiwan EPA,2017,內政部營建署,"人孔短管(長度60cm，內徑1,800mm) | piece | 501.0"
"人孔短管(長度90cm，內徑1,200mm)",piece,338.0,2,MOENV CFP | Taiwan EPA,2017,中興工程顧問股份有限公司,"人孔短管(長度90cm，內徑1,200mm) | piece | 338.0"
"人孔短管(長度90cm，內徑1,500mm)",piece,501.0,2,MOENV CFP | Taiwan EPA,2017,中興工程顧問股份有限公司,"人孔短管(長度90cm，內徑1,500mm) | piece | 501.0"
預拌混凝土(280 kgf/cm2),m3,338.0,2,MOENV CFP | Taiwan EPA,2020,公路總局西部濱海公路南區臨時工程處,預拌混凝土(280 kgf/cm2) | m3 | 338.0
住宿服務(四人房),每房-每天,60.1,2,MOENV CFP | Taiwan EPA,2018,環境部、福容大飯店股份有限公司桃園分公司,住宿服務(四人房) | 每房-每天 | 60.1
預拌混凝土(2500psi),m3,301.0,2,MOENV CFP | Taiwan EPA,2015,環境部,預拌混凝土(2500psi) | m3 | 301.0
人造螢石(太空袋裝),袋,584.0,2,MOENV CFP | Taiwan EPA,2022,中聯資源股份有限公司,人造螢石(太空袋裝) | 袋 | 584.0
預拌混凝土(245kgf/cm2，坍度50cm),m3,252.0,2,MOENV CFP | Taiwan EPA,2017,公路總局蘇花公路改善工程處,預拌混凝土(245kgf/cm2，坍度50cm) | m3 | 252.0
預拌混凝土(245kgf/cm2，坍度15-17.5cm),m3,244.0,2,MOENV CFP | Taiwan EPA,2017,公路總局蘇花公路改善工程處,預拌混凝土(245kgf/cm2，坍度15-17.5cm) | m3 | 244.0
伸縮膜(LLDPE),kg,3.69,2,MOENV CFP | Taiwan EPA,2023,環境部,伸縮膜(LLDPE) | kg | 3.69
異丁醇,kg,2.82,2,MOENV CFP | Taiwan EPA,2017,經濟部工業局,異丁醇 | kg | 2.82
預拌混凝土(245kgf/cm2),m3,282.0,2,MOENV CFP | Taiwan EPA,2019,公路總局西部濱海公路南區臨時工程處,預拌混凝土(245kgf/cm2) | m3 | 282.0
低密度聚乙烯(LDPE),kg,1.9,2,MOENV CFP | Taiwan EPA,2013,經濟部工業局,低密度聚乙烯(LDPE) | kg | 1.9
住宿服務,每坪-每天,2.6,2,MOENV CFP | Taiwan EPA,2015,福容大飯店股份有限公司桃園分公司,住宿服務 | 每坪-每天 | 2.6
住宿服務(三人房),每房-每天,57.2,2,MOENV CFP | Taiwan EPA,2018,環境部、福容大飯店股份有限公司桃園分公司,住宿服務(三人房) | 每房-每天 | 57.2
住宿服務(二人房),每房-每天,54.3,2,MOENV CFP | Taiwan EPA,2018,環境部、福容大飯店股份有限公司桃園分公司,住宿服務(二人房) | 每房-每天 | 54.3
不鏽鋼雙層牆角架(5326S),kg,5.76,2,MOENV CFP | Taiwan EPA,2015,環境部、朝盟股份有限公司,不鏽鋼雙層牆角架(5326S) | kg | 5.76
不鏽鋼鋼胚,kg,1.13,2,MOENV CFP | Taiwan EPA,2013,環境部,不鏽鋼鋼胚 | kg | 1.13
不鏽鋼衛生紙架(9307S，抽取式),kg,2.53,2,MOENV CFP | Taiwan EPA,2015,環境部、朝盟股份有限公司,不鏽鋼衛生紙架(9307S，抽取式) | kg | 2.53
馬口鐵(鍍錫低碳鋼板),kg,2.4903,2,MOENV CFP | Taiwan EPA,2013,經濟部工業局,馬口鐵(鍍錫低碳鋼板) | kg | 2.4903
高山烏龍茶(無烘培-部分發酵),包,5.71,2,MOENV CFP | Taiwan EPA,2017,講茶集團,高山烏龍茶(無烘培-部分發酵) | 包 | 5.71
高山烏龍茶(無烘培-完全發酵),包,6.3,2,MOENV CFP | Taiwan EPA,2017,講茶集團,高山烏龍茶(無烘培-完全發酵) | 包 | 6.3
高山烏龍茶(有烘培-部分發酵),包,7.69,2,MOENV CFP | Taiwan EPA,2017,講茶集團,高山烏龍茶(有烘培-部分發酵) | 包 | 7.69
高密度聚乙烯(HDPE),kg,2.25,2,MOENV CFP | Taiwan EPA,2015,環境部,高密度聚乙烯(HDPE) | kg | 2.25
石英晶體振盪器(BB系列),顆,0.09,2,MOENV CFP | Taiwan EPA,2014,台灣晶技股份有限公司,石英晶體振盪器(BB系列) | 顆 | 0.09
石英晶體振盪器(AW系列),顆,0.06,2,MOENV CFP | Taiwan EPA,2016,台灣晶技股份有限公司,石英晶體振盪器(AW系列) | 顆 | 0.06
石膏板,kg,0.51,2,MOENV CFP | Taiwan EPA,2015,環境部,石膏板 | kg | 0.51
石膏,kg,0.35,2,MOENV CFP | Taiwan EPA,2015,經濟部工業局「103年製造業產品碳足跡輔導與推廣計畫」,石膏 | kg | 0.35
石灰石,kg,0.00535,2,MOENV CFP | Taiwan EPA,2016,環境部,石灰石 | kg | 0.00535
馬鈴薯,kg,0.11,2,MOENV CFP | Taiwan EPA,2015,環境部,馬鈴薯 | kg | 0.11
馬口鐵（鍍錫鋼板）,kg,2.683,2,MOENV CFP | Taiwan EPA/MOE,2025,環境部氣候變遷署,馬口鐵（鍍錫鋼板） | kg | 2.683
馬口鐵,kg,2.43,2,MOENV CFP | Taiwan EPA,2015,經濟部工業局「104年製造業產品碳足跡輔導與推廣計畫」,馬口鐵 | kg | 2.43
2.6mm裸銅線（SCR銅）,kg,4.28,2,MOENV CFP | Taiwan EPA,2018,環境部,2.6mm裸銅線（SCR銅） | kg | 4.28
硝基苯,kg,3.28,2,MOENV CFP | Taiwan EPA,2018,經濟部工業局,硝基苯 | kg | 3.28
3馬力磁力驅動無軸封泵浦(不含馬達),台,94.75,2,MOENV CFP | Taiwan EPA,2016,協磁股份有限公司,3馬力磁力驅動無軸封泵浦(不含馬達) | 台 | 94.75
硝酸鈉 (非肥料用),kg,3.22,2,MOENV CFP | Taiwan EPA,2016,經濟部工業局,硝酸鈉 (非肥料用) | kg | 3.22
硝酸銨,kg,1.76,2,MOENV CFP | Taiwan EPA,2015,經濟部工業局「103年製造業產品碳足跡輔導與推廣計畫」,硝酸銨 | kg | 1.76
直棒鋼,kg,2.702,2,MOENV CFP | Taiwan EPA,2013,中國鋼鐵股份有限公司,直棒鋼 | kg | 2.702
養殖文蛤,kg,4.87,2,MOENV CFP | Taiwan EPA,2015,行政院農業委員會漁業署,養殖文蛤 | kg | 4.87
8mm裸銅線（SCR銅）,kg,4.13,2,MOENV CFP | Taiwan EPA,2018,環境部,8mm裸銅線（SCR銅） | kg | 4.13
8mm裸銅線（無氧銅）,kg,5.13,2,MOENV CFP | Taiwan EPA,2018,環境部,8mm裸銅線（無氧銅） | kg | 5.13
ABS再生塑膠粒,kg,0.57,2,MOENV CFP | Taiwan EPA,2019,宏盛環保科技股份有限公司,ABS再生塑膠粒 | kg | 0.57
AB楞紙箱(3層2浪),m2,1.19,2,MOENV CFP | Taiwan EPA,2017,環境部,AB楞紙箱(3層2浪) | m2 | 1.19
AOS界面活性劑,kg,1.4,2,MOENV CFP | Taiwan EPA,2023,環境部,AOS界面活性劑 | kg | 1.4
3.03mm裸銅線（SCR銅）,kg,4.16,2,MOENV CFP | Taiwan EPA,2018,環境部,3.03mm裸銅線（SCR銅） | kg | 4.16
石英晶體諧振器車用電子零件(AB系列),顆,0.09,2,MOENV CFP | Taiwan EPA,2014,台灣晶技股份有限公司,石英晶體諧振器車用電子零件(AB系列) | 顆 | 0.09
不鏽鋼置物毛巾架(9322S，雙管),kg,10.19,2,MOENV CFP | Taiwan EPA,2015,環境部、朝盟股份有限公司,不鏽鋼置物毛巾架(9322S，雙管) | kg | 10.19
鹽酸，32％(工業級，直接化合法),kg,0.5627,2,MOENV CFP | Taiwan EPA/MOE,2025,環境部氣候變遷署,鹽酸，32％(工業級，直接化合法) | kg | 0.5627
黑麻油(500 ml),瓶,2.53,2,MOENV CFP | Taiwan EPA,2016,台南市政府環境保護局,黑麻油(500 ml) | 瓶 | 2.53
黑麻油(300 ml),瓶,1.38,2,MOENV CFP | Taiwan EPA,2016,台南市政府環境保護局,黑麻油(300 ml) | 瓶 | 1.38
黑咖啡,杯,0.304,2,MOENV CFP | Taiwan EPA,2020,環境部,黑咖啡 | 杯 | 0.304
麵線,包,1.24,2,MOENV CFP | Taiwan EPA,2017,合進商行關廟廠、臺南市政府環境保護局,麵線 | 包 | 1.24
麵粉,kg,0.531,2,MOENV CFP | Taiwan EPA,2016,衛生福利部食品藥物管理署,麵粉 | kg | 0.531
麵條,kg,1.24,2,MOENV CFP | Taiwan EPA,2017,合進商行關廟廠、臺南市政府環境保護局,麵條 | kg | 1.24
矽酸鈉,kg,1.0,2,MOENV CFP | Taiwan EPA,2017,經濟部工業局,矽酸鈉 | kg | 1.0
矽藻土,kg,1.02,2,MOENV CFP | Taiwan EPA,2015,經濟部工業局「103年製造業產品碳足跡輔導與推廣計畫」,矽藻土 | kg | 1.02
鹽酸，37％,kg,1.69,2,MOENV CFP | Taiwan EPA,2014,經濟部工業局,鹽酸，37％ | kg | 1.69
鹽酸，32％（工業級，廢氣/廢液焚化回收法）,kg,0.1412,2,MOENV CFP | Taiwan EPA/MOE,2025,環境部氣候變遷署,鹽酸，32％（工業級，廢氣/廢液焚化回收法） | kg | 0.1412
鹽酸，32％(電子級),kg,0.68,2,MOENV CFP | Taiwan EPA,2015,環境部,鹽酸，32％(電子級) | kg | 0.68
鳳梨酥,顆,0.194,2,MOENV CFP | Taiwan EPA,2020,舊振南食品股份有限公司,鳳梨酥 | 顆 | 0.194
石英晶體諧振器車用電子零件(AM系列),顆,0.09,2,MOENV CFP | Taiwan EPA,2014,台灣晶技股份有限公司,石英晶體諧振器車用電子零件(AM系列) | 顆 | 0.09
鰹魚柴魚花,kg,3.82,2,MOENV CFP | Taiwan EPA,2017,衛生福利部食品藥物管理署,鰹魚柴魚花 | kg | 3.82
鯖魚柴魚花,kg,3.63,2,MOENV CFP | Taiwan EPA,2017,衛生福利部食品藥物管理署,鯖魚柴魚花 | kg | 3.63
鮮蛋,顆,0.28,2,MOENV CFP | Taiwan EPA,2015,石安牧場,鮮蛋 | 顆 | 0.28
鮮乳,kg,2.48,2,MOENV CFP | Taiwan EPA,2017,金門縣畜產試驗所,鮮乳 | kg | 2.48
石質地磚,kg,4.5,2,MOENV CFP | Taiwan EPA,2015,宏洲窯業股份有限公司,石質地磚 | kg | 4.5
石蠟,kg,1.31,2,MOENV CFP | Taiwan EPA,2017,環境部,石蠟 | kg | 1.31
高規電磁鋼捲,kg,3.086,2,MOENV CFP | Taiwan EPA,2013,中國鋼鐵股份有限公司,高規電磁鋼捲 | kg | 3.086
高粱酒(58度，600ml),瓶,4.0,2,MOENV CFP | Taiwan EPA,2016,台南市政府環境保護局、成大酒廠股份有限公司,高粱酒(58度，600ml) | 瓶 | 4.0
1-丁醇,kg,2.93,2,MOENV CFP | Taiwan EPA,2017,經濟部工業局,1-丁醇 | kg | 2.93
高粱酒(50％，600ml),瓶,5.5,2,MOENV CFP | Taiwan EPA,2018,馬祖酒廠實業股份有限公司南竿廠,高粱酒(50％，600ml) | 瓶 | 5.5
1馬力磁力驅動無軸封泵浦(不含馬達),台,78.01,2,MOENV CFP | Taiwan EPA,2016,協磁股份有限公司,1馬力磁力驅動無軸封泵浦(不含馬達) | 台 | 78.01
硝酸銨鈣(肥料用),kg,1.8,2,MOENV CFP | Taiwan EPA,2016,經濟部工業局,硝酸銨鈣(肥料用) | kg | 1.8
硝酸，98％,kg,1.37,2,MOENV CFP | Taiwan EPA,2016,環境部,硝酸，98％ | kg | 1.37
養殖冷凍白蝦,kg,9.37,2,MOENV CFP | Taiwan EPA,2015,行政院農業委員會漁業署,養殖冷凍白蝦 | kg | 9.37
三聚氰胺樹脂,kg,3.87,2,MOENV CFP | Taiwan EPA,2014,經濟部工業局,三聚氰胺樹脂 | kg | 3.87
丁二烯,kg,1.75,2,MOENV CFP | Taiwan EPA,2015,環境部,丁二烯 | kg | 1.75
百貨零售服務,每平方米‧每小時,0.05,2,MOENV CFP | Taiwan EPA,2016,太平洋崇光百貨股份有限公司,百貨零售服務 | 每平方米‧每小時 | 0.05
丁二醇,kg,6.29,2,MOENV CFP | Taiwan EPA,2017,經濟部工業局,丁二醇 | kg | 6.29
硫代硫酸鈉(結晶、無水),kg,4.99,2,MOENV CFP | Taiwan EPA,2015,經濟部工業局「103年製造業產品碳足跡輔導與推廣計畫」,硫代硫酸鈉(結晶、無水) | kg | 4.99
丁腈橡膠,kg,3.47,2,MOENV CFP | Taiwan EPA,2014,經濟部工業局,丁腈橡膠 | kg | 3.47
丁腈橡膠手套,雙,0.139,2,MOENV CFP | Taiwan EPA,2017,環境部,丁腈橡膠手套 | 雙 | 0.139
丁酮,kg,3.15,2,MOENV CFP | Taiwan EPA,2013,經濟部工業局,丁酮 | kg | 3.15
七星鱸,kg,4.87,2,MOENV CFP | Taiwan EPA,2015,衛生福利部食品藥物管理署,七星鱸 | kg | 4.87
硫化鈉,kg,2.33,2,MOENV CFP | Taiwan EPA,2018,經濟部工業局,硫化鈉 | kg | 2.33
硫酸酯鹽界面活性劑,kg,1.06,2,MOENV CFP | Taiwan EPA,2023,環境部,硫酸酯鹽界面活性劑 | kg | 1.06
硫酸鈉,kg,0.209,2,MOENV CFP | Taiwan EPA,2018,經濟部工業局,硫酸鈉 | kg | 0.209
不銹鋼冷軋鋼捲（304系列，2B表面）,kg,3.562,2,MOENV CFP | Taiwan EPA/MOE,2025,環境部氣候變遷署,不銹鋼冷軋鋼捲（304系列，2B表面） | kg | 3.562
飲用水（韓國，2002）,kg,0.000332,2,MOENV CFP | Taiwan EPA,2018,－－－,飲用水（韓國，2002） | kg | 0.000332
不銹鋼焊接管,kg,1.75,2,MOENV CFP | Taiwan EPA,2016,環境部,不銹鋼焊接管 | kg | 1.75
不銹鋼鋼胚,kg,2.831,2,MOENV CFP | Taiwan EPA/MOE,2025,環境部氣候變遷署,不銹鋼鋼胚 | kg | 2.831
不鏽鋼(電弧爐製程，SS304),kg,2.01,2,MOENV CFP | Taiwan EPA,2013,經濟部工業局,不鏽鋼(電弧爐製程，SS304) | kg | 2.01
不鏽鋼三層牆角架(5327S),kg,7.87,2,MOENV CFP | Taiwan EPA,2015,環境部、朝盟股份有限公司,不鏽鋼三層牆角架(5327S) | kg | 7.87
不鏽鋼冷軋鋼捲,kg,1.46,2,MOENV CFP | Taiwan EPA,2013,環境部,不鏽鋼冷軋鋼捲 | kg | 1.46
不鏽鋼廚用雙層置物架(3230S),kg,10.28,2,MOENV CFP | Taiwan EPA,2015,環境部、朝盟股份有限公司,不鏽鋼廚用雙層置物架(3230S) | kg | 10.28
不鏽鋼掛式砧板刀架(6554S),kg,5.23,2,MOENV CFP | Taiwan EPA,2015,環境部、朝盟股份有限公司,不鏽鋼掛式砧板刀架(6554S) | kg | 5.23
不鏽鋼牆角架(9020S，大),kg,3.33,2,MOENV CFP | Taiwan EPA,2015,環境部、朝盟股份有限公司,不鏽鋼牆角架(9020S，大) | kg | 3.33
不鏽鋼盤元(不含酸洗與退火加工製程),kg,1.42,2,MOENV CFP | Taiwan EPA,2017,環境部,不鏽鋼盤元(不含酸洗與退火加工製程) | kg | 1.42
不鏽鋼盤元(含酸洗與退火加工製程),kg,1.7,2,MOENV CFP | Taiwan EPA,2017,環境部,不鏽鋼盤元(含酸洗與退火加工製程) | kg | 1.7
不鏽鋼置物毛巾架(9310S，單管),kg,7.53,2,MOENV CFP | Taiwan EPA,2015,環境部、朝盟股份有限公司,不鏽鋼置物毛巾架(9310S，單管) | kg | 7.53
食品包裝紙容器,kg,8.24,2,MOENV CFP | Taiwan EPA,2016,環境部,食品包裝紙容器 | kg | 8.24
食品包裝紙容器,m2,0.0965,2,MOENV CFP | Taiwan EPA,2016,環境部,食品包裝紙容器 | m2 | 0.0965
T-12型熱敏CTP版(含顯影劑),m2,8.39,2,MOENV CFP | Taiwan EPA,2014,太普高精密影像股份有限公司,T-12型熱敏CTP版(含顯影劑) | m2 | 8.39
R45水泥混凝土,m3,445.0,2,MOENV CFP | Taiwan EPA,2017,公路總局蘇花公路改善工程處,R45水泥混凝土 | m3 | 445.0
HIPS再生塑膠粒,kg,0.531,2,MOENV CFP | Taiwan EPA,2019,宏盛環保科技股份有限公司,HIPS再生塑膠粒 | kg | 0.531
IEC IE3馬達(AEHF系列，4P20HP ),台,695.0,2,MOENV CFP | Taiwan EPA,2017,東元電機股份有限公司,IEC IE3馬達(AEHF系列，4P20HP ) | 台 | 695.0
L (低碳鋼)級不銹鋼焊接管,kg,7.48,2,MOENV CFP | Taiwan EPA,2016,環境部,L (低碳鋼)級不銹鋼焊接管 | kg | 7.48
LED 路燈(70W),piece,650.0,2,MOENV CFP | Taiwan EPA,2015,堤維西交通工業股份有限公司,LED 路燈(70W) | piece | 650.0
食用醋(酒粕醋),kg,0.68,2,MOENV CFP | Taiwan EPA,2014,衛生福利部食品藥物管理署,食用醋(酒粕醋) | kg | 0.68
食用醋(糯米醋),kg,0.42,2,MOENV CFP | Taiwan EPA,2014,衛生福利部食品藥物管理署,食用醋(糯米醋) | kg | 0.42
食用玉蜀黍,kg,0.29,2,MOENV CFP | Taiwan EPA,2016,環境部,食用玉蜀黍 | kg | 0.29
食用烤酥油,kg,3.75,2,MOENV CFP | Taiwan EPA,2019,衛生福利部食品藥物管理署,食用烤酥油 | kg | 3.75
OPP膠帶,m2,0.385,2,MOENV CFP | Taiwan EPA,2016,地球綜合工業股份有限公司,OPP膠帶 | m2 | 0.385
OPP膠帶,卷,0.648,2,MOENV CFP | Taiwan EPA,2016,地球綜合工業股份有限公司,OPP膠帶 | 卷 | 0.648
OPP膠帶(0.043mm*48mm*80M),卷,0.97,2,MOENV CFP | Taiwan EPA,2020,地球綜合工業股份有限公司,OPP膠帶(0.043mm*48mm*80M) | 卷 | 0.97
OPP膠帶(0.04mm*48mm*35M),卷,0.52,2,MOENV CFP | Taiwan EPA,2020,地球綜合工業股份有限公司,OPP膠帶(0.04mm*48mm*35M) | 卷 | 0.52
PET隔熱膜(2017),m2,17.1,2,MOENV CFP | Taiwan EPA,2022,環境部,PET隔熱膜(2017) | m2 | 17.1
PET隔熱膜(2019),m2,9.76,2,MOENV CFP | Taiwan EPA,2022,環境部,PET隔熱膜(2019) | m2 | 9.76
PE瓶蓋,kg,15.0,2,MOENV CFP | Taiwan EPA,2019,環境部,PE瓶蓋 | kg | 15.0
食用大豆油,kg,1.23,2,MOENV CFP | Taiwan EPA,2014,衛生福利部食品藥物管理署,食用大豆油 | kg | 1.23
PLA蛋盤(10盒裝),kg,4.78,2,MOENV CFP | Taiwan EPA,2019,環境部,PLA蛋盤(10盒裝) | kg | 4.78
PP再生塑膠粒,kg,0.524,2,MOENV CFP | Taiwan EPA,2019,宏盛環保科技股份有限公司,PP再生塑膠粒 | kg | 0.524
PVC塑膠管、PVC板,kg,2.4,2,MOENV CFP | Taiwan EPA,2015,環境部,PVC塑膠管、PVC板 | kg | 2.4
PVC膠帶,m2,1.62,2,MOENV CFP | Taiwan EPA,2016,地球綜合工業股份有限公司,PVC膠帶 | m2 | 1.62
PVC膠帶,卷,0.935,2,MOENV CFP | Taiwan EPA,2016,地球綜合工業股份有限公司,PVC膠帶 | 卷 | 0.935
PVC膠帶(0.13mm*18mm*16M),卷,0.28,2,MOENV CFP | Taiwan EPA,2020,地球綜合工業股份有限公司,PVC膠帶(0.13mm*18mm*16M) | 卷 | 0.28
PVC膠帶(0.17mm*48mm*12M),卷,0.78,2,MOENV CFP | Taiwan EPA,2020,地球綜合工業股份有限公司,PVC膠帶(0.17mm*48mm*12M) | 卷 | 0.78
霧峰香米（有機農法）,包,4.159,2,MOENV CFP | Taiwan EPA/MOE,2025,臺中市政府農業局,霧峰香米（有機農法） | 包 | 4.159
預力梁用預拌混凝土(350 kgf/cm2),m3,407.0,2,MOENV CFP | Taiwan EPA,2020,公路總局西部濱海公路南區臨時工程處,預力梁用預拌混凝土(350 kgf/cm2) | m3 | 407.0
霜降豬肉(不帶骨),kg,36.6,2,MOENV CFP | Taiwan EPA,2017,祥圃實業股份有限公司,霜降豬肉(不帶骨) | kg | 36.6
咖啡菇(猴頭菇),盒,0.341,2,MOENV CFP | Taiwan EPA,2017,國立曾文高級農工職業學校、臺南市政府環境保護局,咖啡菇(猴頭菇) | 盒 | 0.341
合金鋼鋼胚,kg,0.68,2,MOENV CFP | Taiwan EPA,2013,環境部,合金鋼鋼胚 | kg | 0.68
合金鋼鋼胚（機械五金用）,kg,0.5661,2,MOENV CFP | Taiwan EPA/MOE,2025,環境部氣候變遷署,合金鋼鋼胚（機械五金用） | kg | 0.5661
合金鋼鋼胚（航太與特殊鋼用）,kg,1.042,2,MOENV CFP | Taiwan EPA/MOE,2025,環境部氣候變遷署,合金鋼鋼胚（航太與特殊鋼用） | kg | 1.042
味噌,kg,1.14,2,MOENV CFP | Taiwan EPA,2017,衛生福利部食品藥物管理署,味噌 | kg | 1.14
咖哩醬,kg,2.0,2,MOENV CFP | Taiwan EPA,2017,衛生福利部食品藥物管理署,咖哩醬 | kg | 2.0
咖啡菇,盒,0.3,2,MOENV CFP | Taiwan EPA,2017,國立曾文高級農工職業學校、臺南市政府環境保護局,咖啡菇 | 盒 | 0.3
咖啡菇(冬雪菇),盒,0.286,2,MOENV CFP | Taiwan EPA,2017,國立曾文高級農工職業學校、臺南市政府環境保護局,咖啡菇(冬雪菇) | 盒 | 0.286
咖啡菇(夏雪菇),盒,0.287,2,MOENV CFP | Taiwan EPA,2017,國立曾文高級農工職業學校、臺南市政府環境保護局,咖啡菇(夏雪菇) | 盒 | 0.287
咖啡菇(斤耳),盒,0.278,2,MOENV CFP | Taiwan EPA,2017,國立曾文高級農工職業學校、臺南市政府環境保護局,咖啡菇(斤耳) | 盒 | 0.278
咖啡菇(杏鮑菇),盒,0.339,2,MOENV CFP | Taiwan EPA,2017,國立曾文高級農工職業學校、臺南市政府環境保護局,咖啡菇(杏鮑菇) | 盒 | 0.339
咖啡菇(柳松菇),盒,0.322,2,MOENV CFP | Taiwan EPA,2017,國立曾文高級農工職業學校、臺南市政府環境保護局,咖啡菇(柳松菇) | 盒 | 0.322
咖啡菇(珊瑚菇),盒,0.282,2,MOENV CFP | Taiwan EPA,2017,國立曾文高級農工職業學校、臺南市政府環境保護局,咖啡菇(珊瑚菇) | 盒 | 0.282
門窗鋁框,m2,14.4,2,MOENV CFP | Taiwan EPA,2015,環境部,門窗鋁框 | m2 | 14.4
咖啡菇(秀珍菇),盒,0.288,2,MOENV CFP | Taiwan EPA,2017,國立曾文高級農工職業學校、臺南市政府環境保護局,咖啡菇(秀珍菇) | 盒 | 0.288
咖啡菇(豬肚菇),盒,0.309,2,MOENV CFP | Taiwan EPA,2017,國立曾文高級農工職業學校、臺南市政府環境保護局,咖啡菇(豬肚菇) | 盒 | 0.309
咖啡菇(鮑魚菇),盒,0.32,2,MOENV CFP | Taiwan EPA,2017,國立曾文高級農工職業學校、臺南市政府環境保護局,咖啡菇(鮑魚菇) | 盒 | 0.32
咖啡菇(黑木耳),盒,0.279,2,MOENV CFP | Taiwan EPA,2017,國立曾文高級農工職業學校、臺南市政府環境保護局,咖啡菇(黑木耳) | 盒 | 0.279
陽極磷銅(印刷電路板用),kg,4.67,2,MOENV CFP | Taiwan EPA,2013,經濟部工業局,陽極磷銅(印刷電路板用) | kg | 4.67
陰離子性有機界面活性劑,kg,2.84,2,MOENV CFP | Taiwan EPA,2014,經濟部工業局,陰離子性有機界面活性劑 | kg | 2.84
闊葉樹漂白硫酸鹽紙漿,kg,3.699,2,MOENV CFP | Taiwan EPA,2014,環境部,闊葉樹漂白硫酸鹽紙漿 | kg | 3.699
單層瓦楞紙箱(A楞，貼箱),m2,1.11,2,MOENV CFP | Taiwan EPA,2023,環境部,單層瓦楞紙箱(A楞，貼箱) | m2 | 1.11
單層瓦楞紙箱(A楞，釘箱),m2,1.21,2,MOENV CFP | Taiwan EPA,2023,環境部,單層瓦楞紙箱(A楞，釘箱) | m2 | 1.21
單層瓦楞紙箱(B楞，貼箱),m2,1.03,2,MOENV CFP | Taiwan EPA,2023,環境部,單層瓦楞紙箱(B楞，貼箱) | m2 | 1.03
單層瓦楞紙箱(B楞，釘箱),m2,0.895,2,MOENV CFP | Taiwan EPA,2023,環境部,單層瓦楞紙箱(B楞，釘箱) | m2 | 0.895
陽離子性有機界面活性劑,kg,2.95,2,MOENV CFP | Taiwan EPA,2014,經濟部工業局,陽離子性有機界面活性劑 | kg | 2.95
合成橡膠乳液(SBR Latex),kg,2.39,2,MOENV CFP | Taiwan EPA,2017,環境部,合成橡膠乳液(SBR Latex) | kg | 2.39
合成橡膠乳液(NBR Latex),kg,1.5,2,MOENV CFP | Taiwan EPA,2017,環境部,合成橡膠乳液(NBR Latex) | kg | 1.5
合成偶氮類有機顏料,kg,5.03,2,MOENV CFP | Taiwan EPA,2014,環境部,合成偶氮類有機顏料 | kg | 5.03
電力碳足跡(2013),kwh,0.66,2,MOENV CFP | Taiwan EPA,2015,環境部,電力碳足跡(2013) | kwh | 0.66
卜特蘭水泥(乾式),kg,0.94,2,MOENV CFP | Taiwan EPA,2014,環境部,卜特蘭水泥(乾式) | kg | 0.94
電力碳足跡(2012),kwh,0.69,2,MOENV CFP | Taiwan EPA,2014,環境部,電力碳足跡(2012) | kwh | 0.69
電力碳足跡(2011),kwh,0.698,2,MOENV CFP | Taiwan EPA,2013,環境部,電力碳足跡(2011) | kwh | 0.698
電力間接碳足跡(2022),kwh,0.1108,2,MOENV CFP | Taiwan EPA/MOE,2025,環境部氣候變遷署,電力間接碳足跡(2022) | kwh | 0.1108
電力排放係數(2011),kwh,0.536,2,MOENV CFP | Taiwan EPA,2013,經濟部能源局,電力排放係數(2011) | kwh | 0.536
雞蛋,顆,0.162,2,MOENV CFP | Taiwan EPA,2018,臺南市環境保護局,雞蛋 | 顆 | 0.162
雙層瓦楞紙箱(AB楞，釘箱),m2,1.69,2,MOENV CFP | Taiwan EPA,2023,環境部,雙層瓦楞紙箱(AB楞，釘箱) | m2 | 1.69
原味關廟麵,包,1.85,2,MOENV CFP | Taiwan EPA,2017,合進商行關廟廠、臺南市政府環境保護局,原味關廟麵 | 包 | 1.85
雙層瓦楞紙箱(AB楞，貼箱),m2,1.33,2,MOENV CFP | Taiwan EPA,2023,環境部,雙層瓦楞紙箱(AB楞，貼箱) | m2 | 1.33
原生木漿影印紙,kg,4.244,2,MOENV CFP | Taiwan EPA,2014,環境部,原生木漿影印紙 | kg | 4.244
原生木漿影印紙,包,3.6,2,MOENV CFP | Taiwan EPA,2018,中華紙漿股份有限公司花蓮廠,原生木漿影印紙 | 包 | 3.6
雙層瓦楞紙箱(AB楞，加權平均),m2,1.46,2,MOENV CFP | Taiwan EPA,2023,環境部,雙層瓦楞紙箱(AB楞，加權平均) | m2 | 1.46
甲基丙烯酸甲酯,kg,3.93,2,MOENV CFP | Taiwan EPA,2015,環境部,甲基丙烯酸甲酯 | kg | 3.93
反應性黑色紡織染料(適用於印花染色，紙箱包裝),kg,12.9,2,MOENV CFP | Taiwan EPA,2017,臺灣永光化學工業股份有限公司,反應性黑色紡織染料(適用於印花染色，紙箱包裝) | kg | 12.9
反應性黑色紡織染料(適用於浸染、連續染色＆冷壓染色，紙箱包裝),kg,14.5,2,MOENV CFP | Taiwan EPA,2017,臺灣永光化學工業股份有限公司,反應性黑色紡織染料(適用於浸染、連續染色＆冷壓染色，紙箱包裝) | kg | 14.5
受阻胺光安定劑 (20L塑膠桶包裝),kg,5.51,2,MOENV CFP | Taiwan EPA,2017,臺灣永光化學工業股份有限公司,受阻胺光安定劑 (20L塑膠桶包裝) | kg | 5.51
受阻胺光安定劑 (53gal鐵桶包裝),kg,5.4,2,MOENV CFP | Taiwan EPA,2017,臺灣永光化學工業股份有限公司,受阻胺光安定劑 (53gal鐵桶包裝) | kg | 5.4
受阻胺光安定劑(1噸塑膠方桶包裝),kg,5.33,2,MOENV CFP | Taiwan EPA,2017,臺灣永光化學工業股份有限公司,受阻胺光安定劑(1噸塑膠方桶包裝) | kg | 5.33
可樂(寶特瓶裝，2L),瓶,0.644,2,MOENV CFP | Taiwan EPA,2017,環境部,可樂(寶特瓶裝，2L) | 瓶 | 0.644
可樂(寶特瓶裝，600ml),瓶,0.398,2,MOENV CFP | Taiwan EPA,2017,環境部,可樂(寶特瓶裝，600ml) | 瓶 | 0.398
台灣自來水(2011),m3,0.167,2,MOENV CFP | Taiwan EPA,2013,台灣自來水公司,台灣自來水(2011) | m3 | 0.167
台灣鯛,kg,2.29,2,MOENV CFP | Taiwan EPA,2016,衛生福利部食品藥物管理署,台灣鯛 | kg | 2.29
單層瓦楞紙箱(加權平均),m2,1.1,2,MOENV CFP | Taiwan EPA,2023,環境部,單層瓦楞紙箱(加權平均) | m2 | 1.1
門窗鋁框,kg,3.3,2,MOENV CFP | Taiwan EPA,2015,環境部,門窗鋁框 | kg | 3.3
化學熱磨機械紙漿,kg,1.59,2,MOENV CFP | Taiwan EPA,2018,經濟部工業局,化學熱磨機械紙漿 | kg | 1.59
壓克力樹脂,kg,2.29,2,MOENV CFP | Taiwan EPA,2019,環境部,壓克力樹脂 | kg | 2.29
銀行臨櫃服務,每服務人次,1.41,2,MOENV CFP | Taiwan EPA,2020,第一商業銀行股份有限公司,銀行臨櫃服務 | 每服務人次 | 1.41
團體膳食服務(不區分供應的對象) (2018),每人每餐,3.97,2,MOENV CFP | Taiwan EPA,2022,環境部,團體膳食服務(不區分供應的對象) (2018) | 每人每餐 | 3.97
團體膳食服務(不區分供應的對象) (2019),每人每餐,1.29,2,MOENV CFP | Taiwan EPA,2022,環境部,團體膳食服務(不區分供應的對象) (2019) | 每人每餐 | 1.29
地工沙腸袋(50kN/m×50kN/m),m2,1.062,2,MOENV CFP | Taiwan EPA/MOE,2025,盟鑫工業股份有限公司,地工沙腸袋(50kN/m×50kN/m) | m2 | 1.062
地質改良處理劑(50kg，紙袋裝),包,15.93,2,MOENV CFP | Taiwan EPA,2016,中聯資源股份有限公司,地質改良處理劑(50kg，紙袋裝) | 包 | 15.93
地質改良處理劑(50公斤，紙袋裝),包,18.2,2,MOENV CFP | Taiwan EPA,2022,中聯資源股份有限公司,地質改良處理劑(50公斤，紙袋裝) | 包 | 18.2
銀(未鍛造),kg,31.9,2,MOENV CFP | Taiwan EPA,2017,經濟部工業局,銀(未鍛造) | kg | 31.9
鉛(精鍊，未鍛造),kg,1.7,2,MOENV CFP | Taiwan EPA,2016,經濟部工業局,鉛(精鍊，未鍛造) | kg | 1.7
地質改良處理劑(太空袋裝),袋,363.0,2,MOENV CFP | Taiwan EPA,2022,中聯資源股份有限公司,地質改良處理劑(太空袋裝) | 袋 | 363.0
鉑,kg,7.1167,2,MOENV CFP | Taiwan EPA,2013,經濟部工業局,鉑 | kg | 7.1167
金牌台灣啤酒(600 ml，紙箱12瓶裝),箱,9.48,2,MOENV CFP | Taiwan EPA,2016,環境部、台灣菸酒股份有限公司善化啤酒廠、中華航空公司,金牌台灣啤酒(600 ml，紙箱12瓶裝) | 箱 | 9.48
金牌台灣啤酒(600 ml，紙箱12瓶裝),瓶,0.4,2,MOENV CFP | Taiwan EPA,2016,環境部、台灣菸酒股份有限公司善化啤酒廠、中華航空公司,金牌台灣啤酒(600 ml，紙箱12瓶裝) | 瓶 | 0.4
生鐵,kg,1.813,2,MOENV CFP | Taiwan EPA,2013,中國鋼鐵股份有限公司,生鐵 | kg | 1.813
多元氯化鋁,kg,3.57,2,MOENV CFP | Taiwan EPA,2014,經濟部工業局,多元氯化鋁 | kg | 3.57
多元氯化鋁(氧化還原置換法),kg,0.03,2,MOENV CFP | Taiwan EPA,2015,環境部,多元氯化鋁(氧化還原置換法) | kg | 0.03
多元氯化鋁(鋁灰鹽酸法),kg,0.5,2,MOENV CFP | Taiwan EPA,2015,環境部,多元氯化鋁(鋁灰鹽酸法) | kg | 0.5
多孔隙瀝青混凝土,kg,0.134,2,MOENV CFP | Taiwan EPA,2019,公路總局西部濱海公路南區臨時工程處,多孔隙瀝青混凝土 | kg | 0.134
多孔隙瀝青混凝土(混和料比例3.3％),kg,0.134,2,MOENV CFP | Taiwan EPA,2020,公路總局西部濱海公路南區臨時工程處,多孔隙瀝青混凝土(混和料比例3.3％) | kg | 0.134
金牌台灣啤酒(500 ml，紙箱24罐裝),罐,0.33,2,MOENV CFP | Taiwan EPA,2016,環境部、台灣菸酒股份有限公司善化啤酒廠、中華航空公司,金牌台灣啤酒(500 ml，紙箱24罐裝) | 罐 | 0.33
金牌台灣啤酒(500 ml ，紙箱24罐裝),箱,7.88,2,MOENV CFP | Taiwan EPA,2016,環境部、台灣菸酒股份有限公司善化啤酒廠、中華航空公司,金牌台灣啤酒(500 ml ，紙箱24罐裝) | 箱 | 7.88
多晶矽晶片,kg,175.0,2,MOENV CFP | Taiwan EPA,2017,環境部、中美矽晶製品股份有限公司宜蘭分公司,多晶矽晶片 | kg | 175.0
多晶矽晶碇,kg,39.1,2,MOENV CFP | Taiwan EPA,2017,環境部、中美矽晶製品股份有限公司宜蘭分公司,多晶矽晶碇 | kg | 39.1
金牌台灣啤酒(330 ml，紙箱24罐裝),罐,0.22,2,MOENV CFP | Taiwan EPA,2016,環境部、台灣菸酒股份有限公司善化啤酒廠、中華航空公司,金牌台灣啤酒(330 ml，紙箱24罐裝) | 罐 | 0.22
金牌台灣啤酒(330 ml，紙箱24罐裝),箱,5.3,2,MOENV CFP | Taiwan EPA,2016,環境部、台灣菸酒股份有限公司善化啤酒廠、中華航空公司,金牌台灣啤酒(330 ml，紙箱24罐裝) | 箱 | 5.3
銅箔,kg,12.4,2,MOENV CFP | Taiwan EPA,2017,環境部,銅箔 | kg | 12.4
銅箔基板(印刷電路板用),kg,8.18,2,MOENV CFP | Taiwan EPA,2013,經濟部工業局,銅箔基板(印刷電路板用) | kg | 8.18
鋁質水泥,kg,10.1,2,MOENV CFP | Taiwan EPA,2018,內政部營建署,鋁質水泥 | kg | 10.1
國際會議(交通),每人,0.0,2,MOENV CFP | Taiwan EPA/MOE,2014,國際貿易局,國際會議(交通) | 每人 | 0.0
鏡面無縫紙管,kg,2.39,2,MOENV CFP | Taiwan EPA,2018,環境部，聚冠紙器企業股份有限公司,鏡面無縫紙管 | kg | 2.39
鎂錠,kg,28.7,2,MOENV CFP | Taiwan EPA,2016,經濟部工業局,鎂錠 | kg | 28.7
生石灰,kg,1.25,2,MOENV CFP | Taiwan EPA,2015,經濟部工業局「103年製造業產品碳足跡輔導與推廣計畫」,生石灰 | kg | 1.25
生牛皮(含養牛階段),kg,4.86,2,MOENV CFP | Taiwan EPA,2018,經濟部工業局,生牛皮(含養牛階段) | kg | 4.86
錳(未經塑性加工),kg,6.98,2,MOENV CFP | Taiwan EPA,2017,經濟部工業局,錳(未經塑性加工) | kg | 6.98
鋼胚(電弧爐製程，不分型號),kg,0.678,2,MOENV CFP | Taiwan EPA,2017,公路總局蘇花公路改善工程處,鋼胚(電弧爐製程，不分型號) | kg | 0.678
鋼胚(電弧爐製程，SD420W),kg,0.729,2,MOENV CFP | Taiwan EPA,2017,海光企業股份有限公司、公路總局西部濱海公路南區臨時工程處,鋼胚(電弧爐製程，SD420W) | kg | 0.729
鋼胚(電弧爐製程，SD280W),kg,0.703,2,MOENV CFP | Taiwan EPA,2017,海光企業股份有限公司、公路總局西部濱海公路南區臨時工程處,鋼胚(電弧爐製程，SD280W) | kg | 0.703
鋼纖維噴凝土(255kgf/cm2),m3,433.0,2,MOENV CFP | Taiwan EPA,2017,公路總局蘇花公路改善工程處,鋼纖維噴凝土(255kgf/cm2) | m3 | 433.0
鋼筋混凝土用鋼筋(SD420W),kg,0.834,2,MOENV CFP | Taiwan EPA,2020,公路總局西部濱海公路南區臨時工程處,鋼筋混凝土用鋼筋(SD420W) | kg | 0.834
鋼筋混凝土用鋼筋(SD280W),kg,0.835,2,MOENV CFP | Taiwan EPA,2020,公路總局西部濱海公路南區臨時工程處,鋼筋混凝土用鋼筋(SD280W) | kg | 0.835
噴凝土(210kgf/cm2),m3,394.0,2,MOENV CFP | Taiwan EPA,2017,公路總局蘇花公路改善工程處,噴凝土(210kgf/cm2) | m3 | 394.0
鋼筋,kg,0.66,2,MOENV CFP | Taiwan EPA,2015,環境部,鋼筋 | kg | 0.66
"四氫呋喃(1,3-丁二烯製程)",kg,2.47,2,MOENV CFP | Taiwan EPA,2018,環境部,"四氫呋喃(1,3-丁二烯製程) | kg | 2.47"
四氫呋喃(丁二醇製程),kg,3.42,2,MOENV CFP | Taiwan EPA,2018,環境部,四氫呋喃(丁二醇製程) | kg | 3.42
鋼板,kg,2.415,2,MOENV CFP | Taiwan EPA,2013,中國鋼鐵股份有限公司,鋼板 | kg | 2.415
鋅錠,kg,9.18,2,MOENV CFP | Taiwan EPA,2014,經濟部工業局,鋅錠 | kg | 9.18
生牛皮(不含養牛階段),kg,0.27,2,MOENV CFP | Taiwan EPA,2018,經濟部工業局、台灣區皮革工業同業公會,生牛皮(不含養牛階段) | kg | 0.27
鋁錠,kg,9.8493,2,MOENV CFP | Taiwan EPA,2013,經濟部工業局,鋁錠 | kg | 9.8493
鋁錐(太空袋裝),袋,724.0,2,MOENV CFP | Taiwan EPA,2022,中聯資源股份有限公司,鋁錐(太空袋裝) | 袋 | 724.0
國際展覽,每平方米‧每小時,0.0,2,MOENV CFP | Taiwan EPA/MOE,2014,國際貿易局,國際展覽 | 每平方米‧每小時 | 0.0
國際展覽(交通),每人,0.0,2,MOENV CFP | Taiwan EPA/MOE,2014,國際貿易局,國際展覽(交通) | 每人 | 0.0
國際會議,每人‧每小時,3.31,2,MOENV CFP | Taiwan EPA,2014,國際貿易局,國際會議 | 每人‧每小時 | 3.31
卜特蘭水泥(Ⅱ型),kg,0.964,2,MOENV CFP | Taiwan EPA,2019,公路總局西部濱海公路南區臨時工程處,卜特蘭水泥(Ⅱ型) | kg | 0.964
卜特蘭高爐爐碴水泥(太空袋裝),袋,573.0,2,MOENV CFP | Taiwan EPA,2022,中聯資源股份有限公司,卜特蘭高爐爐碴水泥(太空袋裝) | 袋 | 573.0
包裝飲用水(600ml，PET包裝),瓶,0.121,2,MOENV CFP | Taiwan EPA,2020,泰山企業股份有限公司,包裝飲用水(600ml，PET包裝) | 瓶 | 0.121
電力碳足跡(2021),kwh,0.606,2,MOENV CFP | Taiwan EPA,2023,環境部,電力碳足跡(2021) | kwh | 0.606
再生料-廢容器-PP廢塑膠片,kg,0.32,2,MOENV CFP | Taiwan EPA,2015,環境部回收基管會,再生料-廢容器-PP廢塑膠片 | kg | 0.32
再生料-廢容器-PP廢塑膠片（含容器廢棄階段）,kg,0.35,2,MOENV CFP | Taiwan EPA,2015,環境部回收基管會,再生料-廢容器-PP廢塑膠片（含容器廢棄階段） | kg | 0.35
再生料-廢容器-PVC廢塑膠片,kg,0.22,2,MOENV CFP | Taiwan EPA,2015,環境部回收基管會,再生料-廢容器-PVC廢塑膠片 | kg | 0.22
再生料-廢容器-PVC廢塑膠片（含容器廢棄階段）,kg,0.24,2,MOENV CFP | Taiwan EPA,2015,環境部回收基管會,再生料-廢容器-PVC廢塑膠片（含容器廢棄階段） | kg | 0.24
再生料-廢容器-未發泡PS廢塑膠片,kg,0.2,2,MOENV CFP | Taiwan EPA,2015,環境部回收基管會,再生料-廢容器-未發泡PS廢塑膠片 | kg | 0.2
再生料-廢容器-未發泡PS廢塑膠片（含容器廢棄階段）,kg,0.22,2,MOENV CFP | Taiwan EPA,2015,環境部回收基管會,再生料-廢容器-未發泡PS廢塑膠片（含容器廢棄階段） | kg | 0.22
再生料-廢機車-碎鐵(鋼),kg,0.3025,2,MOENV CFP | Taiwan EPA,2014,環境部,再生料-廢機車-碎鐵(鋼) | kg | 0.3025
再生料-廢汽車-碎鐵(鋼),kg,0.3268,2,MOENV CFP | Taiwan EPA,2014,環境部,再生料-廢汽車-碎鐵(鋼) | kg | 0.3268
再生料-廢照明光源-廢塑膠,kg,0.33,2,MOENV CFP | Taiwan EPA,2015,環境部回收基管會,再生料-廢照明光源-廢塑膠 | kg | 0.33
再生料-廢照明光源-廢玻璃,kg,0.3,2,MOENV CFP | Taiwan EPA,2015,環境部回收基管會,再生料-廢照明光源-廢玻璃 | kg | 0.3
再生料-廢照明光源-廢鋁,kg,0.3,2,MOENV CFP | Taiwan EPA,2015,環境部回收基管會,再生料-廢照明光源-廢鋁 | kg | 0.3
再生料-廢照明光源-廢鐵,kg,0.3,2,MOENV CFP | Taiwan EPA,2015,環境部回收基管會,再生料-廢照明光源-廢鐵 | kg | 0.3
再生料-廢照明光源-混合五金廢料,kg,0.3,2,MOENV CFP | Taiwan EPA,2015,環境部回收基管會,再生料-廢照明光源-混合五金廢料 | kg | 0.3
再生料-廢照明光源-蒸餾汞,kg,1635.66,2,MOENV CFP | Taiwan EPA,2015,環境部回收基管會,再生料-廢照明光源-蒸餾汞 | kg | 1635.66
再生料-廢玻璃容器-玻璃砂,kg,0.11,2,MOENV CFP | Taiwan EPA,2015,環境部回收基管會,再生料-廢玻璃容器-玻璃砂 | kg | 0.11
再生料-廢玻璃容器-玻璃砂（含容器廢棄階段）,kg,0.12,2,MOENV CFP | Taiwan EPA,2015,環境部回收基管會,再生料-廢玻璃容器-玻璃砂（含容器廢棄階段） | kg | 0.12
再生料-廢紙容器-脫墨紙漿,kg,0.32,2,MOENV CFP | Taiwan EPA,2015,環境部回收基管會,再生料-廢紙容器-脫墨紙漿 | kg | 0.32
再生料-廢紙容器-脫墨紙漿（含容器廢棄階段）,kg,0.36,2,MOENV CFP | Taiwan EPA,2015,環境部回收基管會,再生料-廢紙容器-脫墨紙漿（含容器廢棄階段） | kg | 0.36
包裝飲用水(1460ml，PET包裝),瓶,0.253,2,MOENV CFP | Taiwan EPA,2020,泰山企業股份有限公司,包裝飲用水(1460ml，PET包裝) | 瓶 | 0.253
電力間接碳足跡(2020),kwh,0.0882,2,MOENV CFP | Taiwan EPA,2022,環境部,電力間接碳足跡(2020) | kwh | 0.0882
電力間接碳足跡(2018),kwh,0.109,2,MOENV CFP | Taiwan EPA,2020,環境部,電力間接碳足跡(2018) | kwh | 0.109
再生料-廢容器-PE廢塑膠片（含容器廢棄階段）,kg,0.22,2,MOENV CFP | Taiwan EPA,2015,環境部回收基管會,再生料-廢容器-PE廢塑膠片（含容器廢棄階段） | kg | 0.22
再生料-廢容器-PE廢塑膠片,kg,0.2,2,MOENV CFP | Taiwan EPA,2015,環境部回收基管會,再生料-廢容器-PE廢塑膠片 | kg | 0.2
再生料-廢容器-PET廢塑膠片（含容器廢棄階段）,kg,0.39,2,MOENV CFP | Taiwan EPA,2015,環境部回收基管會,再生料-廢容器-PET廢塑膠片（含容器廢棄階段） | kg | 0.39
再生料-廢乾電池-鋅,kg,0.16,2,MOENV CFP | Taiwan EPA,2015,環境部回收基管會,再生料-廢乾電池-鋅 | kg | 0.16
電力碳足跡(2022),kwh,0.6058,2,MOENV CFP | Taiwan EPA/MOE,2025,環境部氣候變遷署,電力碳足跡(2022) | kwh | 0.6058
電鍍鋅鋼捲,kg,3.163,2,MOENV CFP | Taiwan EPA,2013,中國鋼鐵股份有限公司,電鍍鋅鋼捲 | kg | 3.163
電解電容,kg,16.2,2,MOENV CFP | Taiwan EPA,2018,經濟部工業局,電解電容 | kg | 16.2
電解銅(陰極及陰極型精鍊銅-未經塑性加工),kg,3.87,2,MOENV CFP | Taiwan EPA,2016,經濟部工業局,電解銅(陰極及陰極型精鍊銅-未經塑性加工) | kg | 3.87
電池感應式水龍頭(HB-4100LR),kg,19.41,2,MOENV CFP | Taiwan EPA,2015,牧新科技股份有限公司,電池感應式水龍頭(HB-4100LR) | kg | 19.41
甲基異丁酮,kg,2.8,2,MOENV CFP | Taiwan EPA,2013,經濟部工業局,甲基異丁酮 | kg | 2.8
電力間接碳足跡(2021),kwh,0.0973,2,MOENV CFP | Taiwan EPA,2023,環境部,電力間接碳足跡(2021) | kwh | 0.0973
再生影印紙,kg,3.083,2,MOENV CFP | Taiwan EPA,2014,環境部,再生影印紙 | kg | 3.083
再生料-廢乾電池-二氧化錳,kg,0.31,2,MOENV CFP | Taiwan EPA,2015,環境部回收基管會,再生料-廢乾電池-二氧化錳 | kg | 0.31
再生料-廢乾電池-鐵,kg,0.22,2,MOENV CFP | Taiwan EPA,2015,環境部回收基管會,再生料-廢乾電池-鐵 | kg | 0.22
再生料-廢容器-PET廢塑膠片,kg,0.35,2,MOENV CFP | Taiwan EPA,2015,環境部回收基管會,再生料-廢容器-PET廢塑膠片 | kg | 0.35
再生料-廢冰箱-廢R11冷媒(活性碳冰水機法),kg,6.38,2,MOENV CFP | Taiwan EPA,2015,環境部,再生料-廢冰箱-廢R11冷媒(活性碳冰水機法) | kg | 6.38
再生料-廢冰箱-廢R11冷媒(液態氮法),kg,16.0,2,MOENV CFP | Taiwan EPA,2015,環境部,再生料-廢冰箱-廢R11冷媒(液態氮法) | kg | 16.0
再生料-廢冰箱-廢R12冷媒,kg,0.9,2,MOENV CFP | Taiwan EPA,2015,環境部,再生料-廢冰箱-廢R12冷媒 | kg | 0.9
再生料-廢冷暖氣機-廢R22冷媒,kg,0.48,2,MOENV CFP | Taiwan EPA,2015,環境部,再生料-廢冷暖氣機-廢R22冷媒 | kg | 0.48
再生料-廢塑膠容器-發泡PS廢塑膠粒,kg,0.53,2,MOENV CFP | Taiwan EPA,2015,環境部回收基管會,再生料-廢塑膠容器-發泡PS廢塑膠粒 | kg | 0.53
再生料-廢塑膠容器-發泡PS廢塑膠粒（含容器廢棄階段）,kg,0.66,2,MOENV CFP | Taiwan EPA,2015,環境部回收基管會,再生料-廢塑膠容器-發泡PS廢塑膠粒（含容器廢棄階段） | kg | 0.66
再生料-廢壓縮機/廢馬達二次拆解-廢銅,kg,0.14,2,MOENV CFP | Taiwan EPA,2015,環境部,再生料-廢壓縮機/廢馬達二次拆解-廢銅 | kg | 0.14
再生料-廢壓縮機/廢馬達二次拆解-廢鋁,kg,0.14,2,MOENV CFP | Taiwan EPA,2015,環境部,再生料-廢壓縮機/廢馬達二次拆解-廢鋁 | kg | 0.14
再生料-廢壓縮機/廢馬達二次拆解-廢鐵,kg,0.15,2,MOENV CFP | Taiwan EPA,2015,環境部,再生料-廢壓縮機/廢馬達二次拆解-廢鐵 | kg | 0.15
電力間接碳足跡 (2019),kwh,0.0923,2,MOENV CFP | Taiwan EPA,2021,環境部,電力間接碳足跡 (2019) | kwh | 0.0923
綠茶洗髮精（1000ml）,瓶,27.0,2,MOENV CFP | Taiwan EPA,2018,歐萊德國際股份有限公司,綠茶洗髮精（1000ml） | 瓶 | 27.0
再生料-廢鐵容器-碎鐵,kg,0.25,2,MOENV CFP | Taiwan EPA,2015,環境部回收基管會,再生料-廢鐵容器-碎鐵 | kg | 0.25
電力碳足跡(2019),kwh,0.601,2,MOENV CFP | Taiwan EPA,2021,環境部,電力碳足跡(2019) | kwh | 0.601
再生料-廢鋁容器-鋁錠（含容器廢棄階段）,kg,1.23,2,MOENV CFP | Taiwan EPA,2015,環境部回收基管會,再生料-廢鋁容器-鋁錠（含容器廢棄階段） | kg | 1.23
再生料-廢電視機暨廢顯示器-錐管玻璃,kg,0.1,2,MOENV CFP | Taiwan EPA,2015,環境部,再生料-廢電視機暨廢顯示器-錐管玻璃 | kg | 0.1
電力碳足跡(2018),kwh,0.642,2,MOENV CFP | Taiwan EPA,2020,環境部,電力碳足跡(2018) | kwh | 0.642
再生料-廢鐵容器-碎鐵（含容器廢棄階段）,kg,0.26,2,MOENV CFP | Taiwan EPA,2015,環境部回收基管會,再生料-廢鐵容器-碎鐵（含容器廢棄階段） | kg | 0.26
再生料-廢電子電器暨廢資訊物品-廢塑膠,kg,0.13,2,MOENV CFP | Taiwan EPA,2015,環境部,再生料-廢電子電器暨廢資訊物品-廢塑膠 | kg | 0.13
再生料-廢電子電器暨廢資訊物品-廢潤滑油,kg,0.1,2,MOENV CFP | Taiwan EPA,2015,環境部,再生料-廢電子電器暨廢資訊物品-廢潤滑油 | kg | 0.1
再生料-廢電子電器暨廢資訊物品-廢玻璃,kg,0.12,2,MOENV CFP | Taiwan EPA,2015,環境部,再生料-廢電子電器暨廢資訊物品-廢玻璃 | kg | 0.12
電力碳足跡(2020),kwh,0.59,2,MOENV CFP | Taiwan EPA,2022,環境部,電力碳足跡(2020) | kwh | 0.59
再生料-廢鉛蓄電池-鉛錠,kg,0.76,2,MOENV CFP | Taiwan EPA,2015,環境部回收基管會,再生料-廢鉛蓄電池-鉛錠 | kg | 0.76
再生料-廢輪胎-橡膠片,kg,0.06,2,MOENV CFP | Taiwan EPA,2015,環境部回收基管會,再生料-廢輪胎-橡膠片 | kg | 0.06
再生鋅錠,kg,0.04,2,MOENV CFP | Taiwan EPA,2017,環境部,再生鋅錠 | kg | 0.04
再生料-廢電子電器暨廢資訊物品-廢銅,kg,0.11,2,MOENV CFP | Taiwan EPA,2015,環境部,再生料-廢電子電器暨廢資訊物品-廢銅 | kg | 0.11
再生鋅合金錠,kg,0.0403,2,MOENV CFP | Taiwan EPA,2017,環境部,再生鋅合金錠 | kg | 0.0403
再生料-廢電子電器暨廢資訊物品-廢鋁,kg,0.15,2,MOENV CFP | Taiwan EPA,2015,環境部,再生料-廢電子電器暨廢資訊物品-廢鋁 | kg | 0.15
再生鋁錠,kg,0.7,2,MOENV CFP | Taiwan EPA,2015,環境部,再生鋁錠 | kg | 0.7
再生料-廢電子電器暨廢資訊物品-廢鐵,kg,0.12,2,MOENV CFP | Taiwan EPA,2015,環境部,再生料-廢電子電器暨廢資訊物品-廢鐵 | kg | 0.12
再生料-廢鋁容器-鋁錠,kg,1.19,2,MOENV CFP | Taiwan EPA,2015,環境部回收基管會,再生料-廢鋁容器-鋁錠 | kg | 1.19
再生料-廢電子電器暨廢資訊物品-待再處理二次料,kg,0.12,2,MOENV CFP | Taiwan EPA,2015,環境部,再生料-廢電子電器暨廢資訊物品-待再處理二次料 | kg | 0.12
電力碳足跡(2017),kwh,0.694,2,MOENV CFP | Taiwan EPA,2019,環境部,電力碳足跡(2017) | kwh | 0.694
刀削麵,包,1.13,2,MOENV CFP | Taiwan EPA,2017,合進商行關廟廠、臺南市政府環境保護局,刀削麵 | 包 | 1.13
電力碳足跡(2015),kwh,0.654,2,MOENV CFP | Taiwan EPA,2017,環境部,電力碳足跡(2015) | kwh | 0.654
冰醋酸(甲醇羰基化法),kg,2.58,2,MOENV CFP | Taiwan EPA,2016,環境部,冰醋酸(甲醇羰基化法) | kg | 2.58
電力碳足跡(2014),kwh,0.65,2,MOENV CFP | Taiwan EPA,2016,環境部,電力碳足跡(2014) | kwh | 0.65
冰醋酸(醋酸甲酯與甲醇共沸物羰基合成法),kg,2.05,2,MOENV CFP | Taiwan EPA,2016,環境部,冰醋酸(醋酸甲酯與甲醇共沸物羰基合成法) | kg | 2.05
冷軋塗漆鋼捲,kg,3.298,2,MOENV CFP | Taiwan EPA,2013,中國鋼鐵股份有限公司,冷軋塗漆鋼捲 | kg | 3.298
冷軋鋼捲,kg,2.94,2,MOENV CFP | Taiwan EPA,2013,中國鋼鐵股份有限公司,冷軋鋼捲 | kg | 2.94
再生料-廢輪胎-橡膠粉,kg,0.13,2,MOENV CFP | Taiwan EPA,2015,環境部回收基管會,再生料-廢輪胎-橡膠粉 | kg | 0.13
再生料-廢鉛蓄電池-ABS塑膠,kg,0.12,2,MOENV CFP | Taiwan EPA,2015,環境部回收基管會,再生料-廢鉛蓄電池-ABS塑膠 | kg | 0.12
電力碳足跡(2016),kwh,0.66,2,MOENV CFP | Taiwan EPA,2018,環境部,電力碳足跡(2016) | kwh | 0.66
凝乳塊(未發酵),kg,12.4,2,MOENV CFP | Taiwan EPA,2019,衛生福利部食品藥物管理署,凝乳塊(未發酵) | kg | 12.4
再生料-廢鉛蓄電池-PP塑膠,kg,0.15,2,MOENV CFP | Taiwan EPA,2015,環境部回收基管會,再生料-廢鉛蓄電池-PP塑膠 | kg | 0.15
紅茶(375ml，鋁箔包裝),包,0.16,1,Taiwan EPA,2018,統一企業股份有限公司,紅茶(375ml，鋁箔包裝) | 包 | 0.16
精製特砂(1公噸，太空袋裝),公噸(mt),606.55,1,MOENV CFP,2014,台灣糖業公司,精製特砂(1公噸，太空袋裝) | 公噸(mt) | 606.55
精製特砂(1公噸，太空袋裝),mt,606.55,1,Taiwan EPA,2014,台灣糖業公司,精製特砂(1公噸，太空袋裝) | mt | 606.55
硫醯氟（Sulphuryl fluoride） / SO2F2 溫暖化潛勢,kg,4090.0,1,CCA GHG Factor Table,2024,環境部氣候變遷署,硫醯氟（Sulphuryl fluoride） / SO2F2 溫暖化潛勢 | kg | 4090.0
紙棧板,kg,1.01,1,Taiwan EPA,2023,環境部,紙棧板 | kg | 1.01
矽鐵（矽含量75%）(Ferrosillicon 75% Si) CO2排放係數（公噸/公噸產品）,t,4000.0,1,CCA GHG Factor Table,2024,環境部氣候變遷署,矽鐵（矽含量75%）(Ferrosillicon 75% Si) CO2排放係數（公噸/公噸產品） | t | 4000.0
矽鐵（矽含量75%）(FeSi 75) CH4排放係數（公斤/公噸產品）,t,1.0,1,CCA GHG Factor Table,2024,環境部氣候變遷署,矽鐵（矽含量75%）(FeSi 75) CH4排放係數（公斤/公噸產品） | t | 1.0
碳酸鉀,kg,1.44,1,Taiwan EPA,2018,環境部,碳酸鉀 | kg | 1.44
紅茶(300ml，鋁箔包裝),包,0.12,1,Taiwan EPA,2018,統一企業股份有限公司,紅茶(300ml，鋁箔包裝) | 包 | 0.12
矽鐵（矽含量65%）(Ferrosilicon 65 % Si) CO2排放係數（公噸/公噸產品）,t,3600.0,1,CCA GHG Factor Table,2024,環境部氣候變遷署,矽鐵（矽含量65%）(Ferrosilicon 65 % Si) CO2排放係數（公噸/公噸產品） | t | 3600.0
碳化矽(Silicon carbide Production) CO2排放係數（公噸/公噸石油焦）,t,2300.0,1,CCA GHG Factor Table,2024,環境部氣候變遷署,碳化矽(Silicon carbide Production) CO2排放係數（公噸/公噸石油焦） | t | 2300.0
磨石子地磚(45cm*45cm*2cm),piece,4.0,1,MOENV CFP,2016,台南市政府環境保護局、晶泰水泥加工廠股份有限公司,磨石子地磚(45cm*45cm*2cm) | piece | 4.0
筆記型電腦觸控板,piece,3.06,1,MOENV CFP,2016,環境部、宏碁股份有限公司,筆記型電腦觸控板 | piece | 3.06
粗級配瀝青混凝土(1”),kg,0.0837,1,Taiwan EPA,2019,公路總局蘇花公路改善工程處,粗級配瀝青混凝土(1”) | kg | 0.0837
磨石子地磚(30cm*30cm*2cm),piece,1.7,1,MOENV CFP,2016,台南市政府環境保護局、晶泰水泥加工廠股份有限公司,磨石子地磚(30cm*30cm*2cm) | piece | 1.7
磨石子地磚(45cm*45cm*2cm),片,4.0,1,Taiwan EPA,2016,台南市政府環境保護局、晶泰水泥加工廠股份有限公司,磨石子地磚(45cm*45cm*2cm) | 片 | 4.0
磨石子地磚(50cm*50cm*2.5cm),piece,5.0,1,MOENV CFP,2016,台南市政府環境保護局、晶泰水泥加工廠股份有限公司,磨石子地磚(50cm*50cm*2.5cm) | piece | 5.0
磨石子地磚(50cm*50cm*2.5cm),片,5.0,1,Taiwan EPA,2016,台南市政府環境保護局、晶泰水泥加工廠股份有限公司,磨石子地磚(50cm*50cm*2.5cm) | 片 | 5.0
磨石子地磚(60cm*60cm*2.5cm),piece,7.5,1,MOENV CFP,2016,台南市政府環境保護局、晶泰水泥加工廠股份有限公司,磨石子地磚(60cm*60cm*2.5cm) | piece | 7.5
磨石子地磚(60cm*60cm*2.5cm),片,7.5,1,Taiwan EPA,2016,台南市政府環境保護局、晶泰水泥加工廠股份有限公司,磨石子地磚(60cm*60cm*2.5cm) | 片 | 7.5
礦物細料(石灰質細料，散裝),mt,32.4,1,Taiwan EPA,2022,中聯資源股份有限公司,礦物細料(石灰質細料，散裝) | mt | 32.4
礦物細料(石灰質細料，散裝),公噸(mt),32.4,1,MOENV CFP,2022,中聯資源股份有限公司,礦物細料(石灰質細料，散裝) | 公噸(mt) | 32.4
"組合蒸汽重組（Lurgi組合製程）(Combined Steam Reforming, Lurgi Combined Process) CO2排放係數（公噸/公噸甲醇）",t,396.0,1,CCA GHG Factor Table,2024,環境部氣候變遷署,"組合蒸汽重組（Lurgi組合製程）(Combined Steam Reforming, Lurgi Combined Process) CO2排放係數（公噸/公噸甲醇） | t | 396.0"
稀土金屬（Rare Earth Metal） CO2排放係數 （公噸/公噸稀土金屬）,t,4000.0,1,CCA GHG Factor Table,2024,環境部氣候變遷署,稀土金屬（Rare Earth Metal） CO2排放係數 （公噸/公噸稀土金屬） | t | 4000.0
碳化矽(Silicon carbide Production) / 2.3 / 10.2 CO2排放係數（公噸/公噸電石）,t,2620.0,1,CCA GHG Factor Table,2024,環境部氣候變遷署,碳化矽(Silicon carbide Production) / 2.3 / 10.2 CO2排放係數（公噸/公噸電石） | t | 2620.0
"稀土鐵合金（鏑鐵等）(RE-iron alloys(Dy-Fe, etc)) CO2排放係數 （公噸/公噸稀土金屬）",t,146100.0,1,CCA GHG Factor Table,2024,環境部氣候變遷署,"稀土鐵合金（鏑鐵等）(RE-iron alloys(Dy-Fe, etc)) CO2排放係數 （公噸/公噸稀土金屬） | t | 146100.0"
磨石子地磚(40cm*40cm*2cm),片,3.4,1,Taiwan EPA,2016,台南市政府環境保護局、晶泰水泥加工廠股份有限公司,磨石子地磚(40cm*40cm*2cm) | 片 | 3.4
素火腿,條,1.8,1,Taiwan EPA,2019,儒慧實業有限公司,素火腿 | 條 | 1.8
空氣程序(Air Process) / 0.7 CO2排放係數,t,863.0,1,CCA GHG Factor Table,2024,環境部氣候變遷署,空氣程序(Air Process) / 0.7 CO2排放係數 | t | 863.0
磨石子地磚(40cm*40cm*2cm),piece,3.4,1,MOENV CFP,2016,台南市政府環境保護局、晶泰水泥加工廠股份有限公司,磨石子地磚(40cm*40cm*2cm) | piece | 3.4
紅茶(250ml，鋁箔包裝),包,0.1,1,Taiwan EPA,2018,統一企業股份有限公司,紅茶(250ml，鋁箔包裝) | 包 | 0.1
磨石子地磚(30cm*60cm*2cm),片,3.2,1,Taiwan EPA,2016,台南市政府環境保護局、晶泰水泥加工廠股份有限公司,磨石子地磚(30cm*60cm*2cm) | 片 | 3.2
筆記型電腦包裝紙箱(三層一浪),g,0.00205,1,Taiwan EPA,2016,環境部、宏碁股份有限公司,筆記型電腦包裝紙箱(三層一浪) | g | 0.00205
矽鐵（矽含量90%）(Ferrosillicon 90% Si) CO2排放係數（公噸/公噸產品）,t,4800.0,1,CCA GHG Factor Table,2024,環境部氣候變遷署,矽鐵（矽含量90%）(Ferrosillicon 90% Si) CO2排放係數（公噸/公噸產品） | t | 4800.0
磨石子地磚(30cm*60cm*2cm),piece,3.2,1,MOENV CFP,2016,台南市政府環境保護局、晶泰水泥加工廠股份有限公司,磨石子地磚(30cm*60cm*2cm) | piece | 3.2
矽鐵（矽含量90%）(FeSi 90) CH4排放係數（公斤/公噸產品）,t,1.1,1,CCA GHG Factor Table,2024,環境部氣候變遷署,矽鐵（矽含量90%）(FeSi 90) CH4排放係數（公斤/公噸產品） | t | 1.1
筆記型電腦包裝紙箱(三層一浪),公克(g),0.00205,1,MOENV CFP,2016,環境部、宏碁股份有限公司,筆記型電腦包裝紙箱(三層一浪) | 公克(g) | 0.00205
碳化矽(Silicon carbide Production) / 2.3 CH4排放係數（公斤/公噸石油焦）,t,10.2,1,CCA GHG Factor Table,2024,環境部氣候變遷署,碳化矽(Silicon carbide Production) / 2.3 CH4排放係數（公斤/公噸石油焦） | t | 10.2
磨石子地磚(30cm*30cm*2cm),片,1.7,1,Taiwan EPA,2016,台南市政府環境保護局、晶泰水泥加工廠股份有限公司,磨石子地磚(30cm*30cm*2cm) | 片 | 1.7
筆記型電腦觸控板,片,3.06,1,Taiwan EPA,2016,環境部、宏碁股份有限公司,筆記型電腦觸控板 | 片 | 3.06
碳化矽(Silicon carbide Production) / 2.3 / 10.2 / 2.62 CH4排放係數（公斤/公噸電石）,t,11.6,1,CCA GHG Factor Table,2024,環境部氣候變遷署,碳化矽(Silicon carbide Production) / 2.3 / 10.2 / 2.62 CH4排放係數（公斤/公噸電石） | t | 11.6
-燃燒(Combustion Emissions) / 0.191 CO2排放係數,t,286.0,1,CCA GHG Factor Table,2024,環境部氣候變遷署,-燃燒(Combustion Emissions) / 0.191 CO2排放係數 | t | 286.0
線性低密度聚乙烯(LLDPE),kg,2.02,1,Taiwan EPA,2020,環境部,線性低密度聚乙烯(LLDPE) | kg | 2.02
鐵渣(煤灰礦泥拌合料，散裝),公噸(mt),4.61,1,MOENV CFP,2022,中聯資源股份有限公司,鐵渣(煤灰礦泥拌合料，散裝) | 公噸(mt) | 4.61
車用汽油-未控制 / Motor Gasoline - Uncontrolled 移動燃燒 CH4/N2O 排放係數,tj,1772.0,1,CCA GHG Factor Table,2024,環境部氣候變遷署,車用汽油-未控制 / Motor Gasoline - Uncontrolled 移動燃燒 CH4/N2O 排放係數 | tj | 1772.0
車用汽油-氧化觸媒 / Motor Gasoline - Oxidation Catalyst 移動燃燒 CH4/N2O 排放係數,tj,2820.0,1,CCA GHG Factor Table,2024,環境部氣候變遷署,車用汽油-氧化觸媒 / Motor Gasoline - Oxidation Catalyst 移動燃燒 CH4/N2O 排放係數 | tj | 2820.0
轉化液糖(20公噸),mt,23800.0,1,Taiwan EPA,2022,台灣糖業股份有限公司小港廠,轉化液糖(20公噸) | mt | 23800.0
轉化液糖(20公噸),公噸(mt),23800.0,1,MOENV CFP,2022,台灣糖業股份有限公司小港廠,轉化液糖(20公噸) | 公噸(mt) | 23800.0
轉爐氣 / Oxygen Steel Furnace Gas 固定燃燒排放係數,tj,182054.5,1,CCA GHG Factor Table,2024,環境部氣候變遷署,轉爐氣 / Oxygen Steel Furnace Gas 固定燃燒排放係數 | tj | 182054.5
轉爐石細料(散裝),mt,14.8,1,Taiwan EPA,2022,中聯資源股份有限公司,轉爐石細料(散裝) | mt | 14.8
轉爐石細料(散裝),公噸(mt),14.8,1,MOENV CFP,2022,中聯資源股份有限公司,轉爐石細料(散裝) | 公噸(mt) | 14.8
通用級聚苯乙烯(GPPS),kg,2.74,1,Taiwan EPA,2022,環境部,通用級聚苯乙烯(GPPS) | kg | 2.74
過量空氣重組-天然氣(Excess air reforming – natural gas) / 29.7 / 15.3 / 1 CO2（公噸/公噸氨氣）,t,1666.0,1,CCA GHG Factor Table,2024,環境部氣候變遷署,過量空氣重組-天然氣(Excess air reforming – natural gas) / 29.7 / 15.3 / 1 CO2（公噸/公噸氨氣） | t | 1666.0
部分氧化(Partial oxidation) / 36 / 21 / 1 CO2（公噸/公噸氨氣）,t,2772.0,1,CCA GHG Factor Table,2024,環境部氣候變遷署,部分氧化(Partial oxidation) / 36 / 21 / 1 CO2（公噸/公噸氨氣） | t | 2772.0
郵局郵件遞送服務,g,0.205,1,Taiwan EPA,2020,中華郵政股份有限公司,郵局郵件遞送服務 | g | 0.205
郵局郵件遞送服務,公克(g),0.205,1,MOENV CFP,2020,中華郵政股份有限公司,郵局郵件遞送服務 | 公克(g) | 0.205
都市廢棄物 - 非生質部分 / Municipal Wastes (non-biomass fraction) 固定燃燒排放係數,tj,93600.0,1,CCA GHG Factor Table,2024,環境部氣候變遷署,都市廢棄物 - 非生質部分 / Municipal Wastes (non-biomass fraction) 固定燃燒排放係數 | tj | 93600.0
金屬矽（Silicon metal） CO2排放係數（公噸/公噸產品）,t,5000.0,1,CCA GHG Factor Table,2024,環境部氣候變遷署,金屬矽（Silicon metal） CO2排放係數（公噸/公噸產品） | t | 5000.0
金紅石二氧化鈦(Rutile titanium dioxide (chloride route)) CO2排放係數（公噸/公噸產品）,t,1340.0,1,CCA GHG Factor Table,2024,環境部氣候變遷署,金紅石二氧化鈦(Rutile titanium dioxide (chloride route)) CO2排放係數（公噸/公噸產品） | t | 1340.0
鋁錠(散裝),mt,189.0,1,Taiwan EPA,2022,中聯資源股份有限公司,鋁錠(散裝) | mt | 189.0
鋁錠(散裝),公噸(mt),189.0,1,MOENV CFP,2022,中聯資源股份有限公司,鋁錠(散裝) | 公噸(mt) | 189.0
錳鐵（碳含量1%）(Ferromanganeses (1% C)) CO2排放係數（公噸/公噸產品）,t,1500.0,1,CCA GHG Factor Table,2024,環境部氣候變遷署,錳鐵（碳含量1%）(Ferromanganeses (1% C)) CO2排放係數（公噸/公噸產品） | t | 1500.0
錳鐵（碳含量7%）(Ferromanganeses (7% C)) CO2排放係數（公噸/公噸產品）,t,1300.0,1,CCA GHG Factor Table,2024,環境部氣候變遷署,錳鐵（碳含量7%）(Ferromanganeses (7% C)) CO2排放係數（公噸/公噸產品） | t | 1300.0
車用汽油-1995年後之低里程輕型車輛 / Motor Gasoline - Low Mileage Light Duty Vehicle Vintage 1995 or Later 移動燃燒 CH4/N2O 排放係數,tj,1616.9,1,CCA GHG Factor Table,2024,環境部氣候變遷署,車用汽油-1995年後之低里程輕型車輛 / Motor Gasoline - Low Mileage Light Duty Vehicle Vintage 1995 or Later 移動燃燒 CH4/N2O 排放係數 | tj | 1616.9
車用汽油(未燃燒，2021),公升(l),0.604,1,MOENV CFP,2023,環境部,車用汽油(未燃燒，2021) | 公升(l) | 0.604
車用汽油(未燃燒，2021),l,0.604,1,Taiwan EPA,2023,環境部,車用汽油(未燃燒，2021) | l | 0.604
車用汽油(未燃燒，2016),l,0.656,1,Taiwan EPA,2018,環境部,車用汽油(未燃燒，2016) | l | 0.656
車用汽油(未燃燒，2012),l,0.65,1,Taiwan EPA,2014,環境部,車用汽油(未燃燒，2012) | l | 0.65
車用汽油(未燃燒，2012),公升(l),0.65,1,MOENV CFP,2014,環境部,車用汽油(未燃燒，2012) | 公升(l) | 0.65
車用汽油(未燃燒，2013),l,0.69,1,Taiwan EPA,2015,環境部,車用汽油(未燃燒，2013) | l | 0.69
車用汽油(未燃燒，2013),公升(l),0.69,1,MOENV CFP,2015,環境部,車用汽油(未燃燒，2013) | 公升(l) | 0.69
車用汽油(未燃燒，2014),l,0.67,1,Taiwan EPA,2016,環境部,車用汽油(未燃燒，2014) | l | 0.67
車用汽油(未燃燒，2014),公升(l),0.67,1,MOENV CFP,2016,環境部,車用汽油(未燃燒，2014) | 公升(l) | 0.67
車用汽油(未燃燒，2015),l,0.671,1,Taiwan EPA,2017,環境部,車用汽油(未燃燒，2015) | l | 0.671
車用汽油(未燃燒，2015),公升(l),0.671,1,MOENV CFP,2017,環境部,車用汽油(未燃燒，2015) | 公升(l) | 0.671
車用汽油(未燃燒，2016),公升(l),0.656,1,MOENV CFP,2018,環境部,車用汽油(未燃燒，2016) | 公升(l) | 0.656
車用汽油(未燃燒，2020),公升(l),0.657,1,MOENV CFP,2022,環境部,車用汽油(未燃燒，2020) | 公升(l) | 0.657
車用汽油(未燃燒，2017),l,0.658,1,Taiwan EPA,2019,環境部,車用汽油(未燃燒，2017) | l | 0.658
車用汽油(未燃燒，2017),公升(l),0.658,1,MOENV CFP,2019,環境部,車用汽油(未燃燒，2017) | 公升(l) | 0.658
車用汽油(未燃燒，2018),l,0.65,1,Taiwan EPA,2020,環境部,車用汽油(未燃燒，2018) | l | 0.65
車用汽油(未燃燒，2018),公升(l),0.65,1,MOENV CFP,2020,環境部,車用汽油(未燃燒，2018) | 公升(l) | 0.65
車用汽油(未燃燒，2019),l,0.66,1,Taiwan EPA,2021,環境部,車用汽油(未燃燒，2019) | l | 0.66
矽鐵（矽含量45%）(Ferrosilicon 45% Si) CO2排放係數（公噸/公噸產品）,t,2500.0,1,CCA GHG Factor Table,2024,環境部氣候變遷署,矽鐵（矽含量45%）(Ferrosilicon 45% Si) CO2排放係數（公噸/公噸產品） | t | 2500.0
車用汽油(未燃燒，2019),公升(l),0.66,1,MOENV CFP,2021,環境部,車用汽油(未燃燒，2019) | 公升(l) | 0.66
車用汽油(未燃燒，2020),l,0.657,1,Taiwan EPA,2022,環境部,車用汽油(未燃燒，2020) | l | 0.657
鐵渣(煤灰礦泥拌合料，散裝),mt,4.61,1,Taiwan EPA,2022,中聯資源股份有限公司,鐵渣(煤灰礦泥拌合料，散裝) | mt | 4.61
鐵鉻（Ferrochromium） CO2排放係數（公噸/公噸產品）,t,1300.0,1,CCA GHG Factor Table,2024,環境部氣候變遷署,鐵鉻（Ferrochromium） CO2排放係數（公噸/公噸產品） | t | 1300.0
車用汽油(於移動源使用，2021),l,2.92,1,Taiwan EPA,2023,環境部,車用汽油(於移動源使用，2021) | l | 2.92
雙壓工廠- 中低壓Dual Pressure (L/M) N2O排放係數（公斤/公噸硝酸）,t,7.0,1,CCA GHG Factor Table,2024,環境部氣候變遷署,雙壓工廠- 中低壓Dual Pressure (L/M) N2O排放係數（公斤/公噸硝酸） | t | 7.0
養殖石斑魚條凍,公噸(mt),7072.67,1,MOENV CFP,2014,行政院農業委員會漁業署,養殖石斑魚條凍 | 公噸(mt) | 7072.67
養殖石斑魚活體,mt,5834.88,1,Taiwan EPA,2014,行政院農業委員會漁業署,養殖石斑魚活體 | mt | 5834.88
養殖石斑魚活體,公噸(mt),5834.88,1,MOENV CFP,2014,行政院農業委員會漁業署,養殖石斑魚活體 | 公噸(mt) | 5834.88
高壓透水混凝土地磚(20cm*10cm*6cm),piece,0.53,1,MOENV CFP,2020,健源有限公司,高壓透水混凝土地磚(20cm*10cm*6cm) | piece | 0.53
高壓透水混凝土地磚(20cm*10cm*6cm),片,0.53,1,Taiwan EPA,2020,健源有限公司,高壓透水混凝土地磚(20cm*10cm*6cm) | 片 | 0.53
高壓透水混凝土地磚(20cm*20cm*6cm),piece,1.06,1,MOENV CFP,2020,健源有限公司,高壓透水混凝土地磚(20cm*20cm*6cm) | piece | 1.06
高壓透水混凝土地磚(20cm*20cm*6cm),片,1.06,1,Taiwan EPA,2020,健源有限公司,高壓透水混凝土地磚(20cm*20cm*6cm) | 片 | 1.06
高壓透水混凝土地磚(30cm*30cm*6cm),piece,2.38,1,MOENV CFP,2020,健源有限公司,高壓透水混凝土地磚(30cm*30cm*6cm) | piece | 2.38
高壓透水混凝土地磚(30cm*30cm*6cm),片,2.38,1,Taiwan EPA,2020,健源有限公司,高壓透水混凝土地磚(30cm*30cm*6cm) | 片 | 2.38
高密度聚乙烯(HDPE),kg,2.21,1,Taiwan EPA,2023,環境部,高密度聚乙烯(HDPE) | kg | 2.21
高溫冶金（密閉鼓風爐）(Pyrometeallurgical (Imperial Smelting Furnace)) CO2排放係數（公噸/公噸鋅）,t,430.0,1,CCA GHG Factor Table,2024,環境部氣候變遷署,高溫冶金（密閉鼓風爐）(Pyrometeallurgical (Imperial Smelting Furnace)) CO2排放係數（公噸/公噸鋅） | t | 430.0
高爐氣 / Blast Furnace Gas 固定燃燒排放係數,tj,260054.5,1,CCA GHG Factor Table,2024,環境部氣候變遷署,高爐氣 / Blast Furnace Gas 固定燃燒排放係數 | tj | 260054.5
高速鐵路運輸服務,pkm,0.034,1,Taiwan EPA,2018,環境部、台灣高速鐵路股份有限公司,高速鐵路運輸服務 | pkm | 0.034
高速鐵路運輸服務,pkm,0.038,1,Taiwan EPA,2015,環境部、台灣高速鐵路股份有限公司,高速鐵路運輸服務 | pkm | 0.038
高速鐵路運輸服務,延人公里(pkm),0.038,1,MOENV CFP,2015,環境部、台灣高速鐵路股份有限公司,高速鐵路運輸服務 | 延人公里(pkm) | 0.038
高鈣石灰(High-calcium lime) / 0.785 / 93-98 / 0.3-2.5 / 0.95 CO2（公噸/公噸石灰）,t,750.0,1,CCA GHG Factor Table,2024,環境部氣候變遷署,高鈣石灰(High-calcium lime) / 0.785 / 93-98 / 0.3-2.5 / 0.95 CO2（公噸/公噸石灰） | t | 750.0
鮮蛋,顆,0.105,1,Taiwan EPA,2019,石安牧場,鮮蛋 | 顆 | 0.105
麥芽調味乳,l,3.31,1,Taiwan EPA,2020,衛生福利部食品藥物管理署,麥芽調味乳 | l | 3.31
麥芽調味乳,公升(l),3.31,1,MOENV CFP,2020,衛生福利部食品藥物管理署,麥芽調味乳 | 公升(l) | 3.31
養殖石斑魚條凍,mt,7072.67,1,Taiwan EPA,2014,行政院農業委員會漁業署,養殖石斑魚條凍 | mt | 7072.67
養殖吳郭魚冷凍魚片,公噸(mt),4476.42,1,MOENV CFP,2014,行政院農業委員會漁業署,養殖吳郭魚冷凍魚片 | 公噸(mt) | 4476.42
養殖吳郭魚冷凍魚片,mt,4476.42,1,Taiwan EPA,2014,行政院農業委員會漁業署,養殖吳郭魚冷凍魚片 | mt | 4476.42
預拌混凝土(245kgf/cm2),m3,341.0,1,Taiwan EPA,2019,公路總局西部濱海公路南區臨時工程處,預拌混凝土(245kgf/cm2) | m3 | 341.0
雙壓工廠- 中高壓Dual Pressure (M/H) N2O排放係數（公斤/公噸硝酸）,t,9.0,1,CCA GHG Factor Table,2024,環境部氣候變遷署,雙壓工廠- 中高壓Dual Pressure (M/H) N2O排放係數（公斤/公噸硝酸） | t | 9.0
電極膠（Electrode paste) CO2排放係數（公噸/公噸還原劑）,t,3400.0,1,CCA GHG Factor Table,2024,環境部氣候變遷署,電極膠（Electrode paste) CO2排放係數（公噸/公噸還原劑） | t | 3400.0
頁岩油 / Shale Oil 固定燃燒排放係數,tj,73543.0,1,CCA GHG Factor Table,2024,環境部氣候變遷署,頁岩油 / Shale Oil 固定燃燒排放係數 | tj | 73543.0
順式全氟萘烷（Perfluorodecalin (cis) ） / Z-C10F18 溫暖化潛勢,kg,7240.0,1,CCA GHG Factor Table,2024,環境部氣候變遷署,順式全氟萘烷（Perfluorodecalin (cis) ） / Z-C10F18 溫暖化潛勢 | kg | 7240.0
預拌混凝土(140kgf/cm2),m3,217.0,1,Taiwan EPA,2019,公路總局西部濱海公路南區臨時工程處,預拌混凝土(140kgf/cm2) | m3 | 217.0
預拌混凝土(140kgf/cm2),m3,256.0,1,Taiwan EPA,2019,公路總局西部濱海公路南區臨時工程處,預拌混凝土(140kgf/cm2) | m3 | 256.0
預拌混凝土(210kgf/cm2),m3,256.0,1,Taiwan EPA,2019,公路總局西部濱海公路南區臨時工程處,預拌混凝土(210kgf/cm2) | m3 | 256.0
預拌混凝土(210kgf/cm2),m3,310.0,1,Taiwan EPA,2019,公路總局西部濱海公路南區臨時工程處,預拌混凝土(210kgf/cm2) | m3 | 310.0
預拌混凝土(280kgf/cm2),m3,306.0,1,Taiwan EPA,2019,公路總局西部濱海公路南區臨時工程處,預拌混凝土(280kgf/cm2) | m3 | 306.0
飛灰爐石粉(散裝),公噸(mt),48.19,1,MOENV CFP,2016,中聯資源股份有限公司,飛灰爐石粉(散裝) | 公噸(mt) | 48.19
預拌混凝土(280kgf/cm2),m3,355.0,1,Taiwan EPA,2019,公路總局西部濱海公路南區臨時工程處,預拌混凝土(280kgf/cm2) | m3 | 355.0
預拌混凝土(420kgf/cm2),m3,483.0,1,Taiwan EPA,2019,公路總局西部濱海公路南區臨時工程處,預拌混凝土(420kgf/cm2) | m3 | 483.0
預焙電極（Prebaked electrodes) CO2排放係數（公噸/公噸還原劑）,t,3540.0,1,CCA GHG Factor Table,2024,環境部氣候變遷署,預焙電極（Prebaked electrodes) CO2排放係數（公噸/公噸還原劑） | t | 3540.0
預設排放係數註1(Default Factor) CO2排放係數（公噸/公噸鋅）,t,1720.0,1,CCA GHG Factor Table,2024,環境部氣候變遷署,預設排放係數註1(Default Factor) CO2排放係數（公噸/公噸鋅） | t | 1720.0
飛灰爐石粉(太空包裝),mt,52.48,1,Taiwan EPA,2016,中聯資源股份有限公司,飛灰爐石粉(太空包裝) | mt | 52.48
飛灰爐石粉(太空包裝),公噸(mt),52.48,1,MOENV CFP,2016,中聯資源股份有限公司,飛灰爐石粉(太空包裝) | 公噸(mt) | 52.48
飛灰爐石粉(散裝),mt,46.8,1,Taiwan EPA,2022,中聯資源股份有限公司,飛灰爐石粉(散裝) | mt | 46.8
飛灰爐石粉(散裝),mt,48.19,1,Taiwan EPA,2016,中聯資源股份有限公司,飛灰爐石粉(散裝) | mt | 48.19
車用汽油(於移動源使用，2021),公升(l),2.92,1,MOENV CFP,2023,環境部,車用汽油(於移動源使用，2021) | 公升(l) | 2.92
車用汽油(於移動源使用，2020),公升(l),3.01,1,MOENV CFP,2022,環境部,車用汽油(於移動源使用，2020) | 公升(l) | 3.01
耐衝擊聚苯乙烯(HIPS),kg,2.55,1,Taiwan EPA,2020,環境部,耐衝擊聚苯乙烯(HIPS) | kg | 2.55
薄膜型太陽光電模組,piece,407.0,1,MOENV CFP,2018,經濟部標準檢驗局,薄膜型太陽光電模組 | piece | 407.0
自用小貨車(柴油),tkm,0.693,1,Taiwan EPA,2014,交通部運輸研究所,自用小貨車(柴油) | tkm | 0.693
自用小貨車(柴油),延噸公里(tkm),0.693,1,MOENV CFP,2014,交通部運輸研究所,自用小貨車(柴油) | 延噸公里(tkm) | 0.693
自用小貨車(汽油),tkm,0.7393,1,Taiwan EPA,2014,交通部運輸研究所,自用小貨車(汽油) | tkm | 0.7393
自用小貨車(汽油),延噸公里(tkm),0.7393,1,MOENV CFP,2014,交通部運輸研究所,自用小貨車(汽油) | 延噸公里(tkm) | 0.7393
自發性熱重組-天然氣(Autothermal reforming – natural gas) / 30.2 / 15.3 / 1 CO2（公噸/公噸氨氣）,t,1694.0,1,CCA GHG Factor Table,2024,環境部氣候變遷署,自發性熱重組-天然氣(Autothermal reforming – natural gas) / 30.2 / 15.3 / 1 CO2（公噸/公噸氨氣） | t | 1694.0
臺灣鐵路運輸服務(柴聯車),pkm,70.0,1,Taiwan EPA,2015,交通部鐵路改建工程局,臺灣鐵路運輸服務(柴聯車) | pkm | 70.0
臺灣鐵路運輸服務(柴聯車),延人公里(pkm),70.0,1,MOENV CFP,2015,交通部鐵路改建工程局,臺灣鐵路運輸服務(柴聯車) | 延人公里(pkm) | 70.0
臺灣鐵路運輸服務(電聯車),pkm,54.0,1,Taiwan EPA,2015,交通部鐵路改建工程局,臺灣鐵路運輸服務(電聯車) | pkm | 54.0
臺灣鐵路運輸服務(電聯車),延人公里(pkm),54.0,1,MOENV CFP,2015,交通部鐵路改建工程局,臺灣鐵路運輸服務(電聯車) | 延人公里(pkm) | 54.0
航空旅客運輸服務(松山-金門),pkm,0.281,1,Taiwan EPA,2018,環境部、交通部民用航空局、松山機場、金門機場、華信航空、台灣航勤,航空旅客運輸服務(松山-金門) | pkm | 0.281
航空旅客運輸服務(松山-金門),延人公里(pkm),0.281,1,MOENV CFP,2018,環境部、交通部民用航空局、松山機場、金門機場、華信航空、台灣航勤,航空旅客運輸服務(松山-金門) | 延人公里(pkm) | 0.281
航空汽油 / Aviation Gasoline 固定燃燒排放係數,tj,70243.0,1,CCA GHG Factor Table,2024,環境部氣候變遷署,航空汽油 / Aviation Gasoline 固定燃燒排放係數 | tj | 70243.0
航空燃油-汽油型 / Jet Gasoline 固定燃燒排放係數,tj,70243.0,1,CCA GHG Factor Table,2024,環境部氣候變遷署,航空燃油-汽油型 / Jet Gasoline 固定燃燒排放係數 | tj | 70243.0
航空燃油-煤油型 / Jet Kerosene 固定燃燒排放係數,tj,71743.0,1,CCA GHG Factor Table,2024,環境部氣候變遷署,航空燃油-煤油型 / Jet Kerosene 固定燃燒排放係數 | tj | 71743.0
航空貨物運輸服務,tkm,1.16,1,Taiwan EPA,2017,環境部,航空貨物運輸服務 | tkm | 1.16
航空貨物運輸服務,延噸公里(tkm),1.16,1,MOENV CFP,2017,環境部,航空貨物運輸服務 | 延噸公里(tkm) | 1.16
芝麻油,kg,1.4,1,Taiwan EPA,2017,環境部、福壽實業股份有限公司,芝麻油 | kg | 1.4
菱鎂礦（Magnesite） CO2排放係數 （公噸 /公噸初級鎂）,t,2830.0,1,CCA GHG Factor Table,2024,環境部氣候變遷署,菱鎂礦（Magnesite） CO2排放係數 （公噸 /公噸初級鎂） | t | 2830.0
萬用免釘膠,piece,0.59,1,Taiwan EPA,2017,南寶樹脂化學工廠股份有限公司(五廠)、臺南市環境保護局,萬用免釘膠 | piece | 0.59
自用小客車(汽油),延人公里(pkm),0.115,1,MOENV CFP,2014,交通部運輸研究所,自用小客車(汽油) | 延人公里(pkm) | 0.115
自用小客車(汽油),pkm,0.115,1,Taiwan EPA,2014,交通部運輸研究所,自用小客車(汽油) | pkm | 0.115
自用大貨車(柴油),延噸公里(tkm),0.2235,1,MOENV CFP,2014,交通部運輸研究所,自用大貨車(柴油) | 延噸公里(tkm) | 0.2235
聚酯樹脂混凝土管(管徑400mm),公尺(m),91.3,1,MOENV CFP,2017,中興工程顧問股份有限公司,聚酯樹脂混凝土管(管徑400mm) | 公尺(m) | 91.3
聚丁二烯橡膠,kg,2.99,1,Taiwan EPA,2015,環境部,聚丁二烯橡膠 | kg | 2.99
聚丙烯(PP),kg,1.95,1,Taiwan EPA,2023,環境部,聚丙烯(PP) | kg | 1.95
聚丙烯腈棉,kg,4.36,1,Taiwan EPA,2020,環境部,聚丙烯腈棉 | kg | 4.36
聚甲基丙烯酸甲酯,kg,4.19,1,Taiwan EPA,2015,環境部,聚甲基丙烯酸甲酯 | kg | 4.19
聚酯棉,kg,4.45,1,Taiwan EPA,2020,環境部,聚酯棉 | kg | 4.45
聚酯樹脂混凝土管(管徑300mm),m,55.2,1,Taiwan EPA,2017,中興工程顧問股份有限公司,聚酯樹脂混凝土管(管徑300mm) | m | 55.2
聚酯樹脂混凝土管(管徑300mm),公尺(m),55.2,1,MOENV CFP,2017,中興工程顧問股份有限公司,聚酯樹脂混凝土管(管徑300mm) | 公尺(m) | 55.2
聚酯樹脂混凝土管(管徑400mm),m,91.3,1,Taiwan EPA,2017,中興工程顧問股份有限公司,聚酯樹脂混凝土管(管徑400mm) | m | 91.3
聚酯樹脂混凝土管(管徑600mm),m,169.0,1,Taiwan EPA,2017,中興工程顧問股份有限公司,聚酯樹脂混凝土管(管徑600mm) | m | 169.0
自用大貨車(柴油),tkm,0.2235,1,Taiwan EPA,2014,交通部運輸研究所,自用大貨車(柴油) | tkm | 0.2235
聚酯樹脂混凝土管(管徑600mm),公尺(m),169.0,1,MOENV CFP,2017,中興工程顧問股份有限公司,聚酯樹脂混凝土管(管徑600mm) | 公尺(m) | 169.0
聚酯粒,kg,4.09,1,Taiwan EPA,2020,環境部,聚酯粒 | kg | 4.09
聚醯胺絲,kg,9.31,1,Taiwan EPA,2021,環境部,聚醯胺絲 | kg | 9.31
自充填混凝土(280kgf/cm2),m3,353.0,1,Taiwan EPA,2019,公路總局西部濱海公路南區臨時工程處,自充填混凝土(280kgf/cm2) | m3 | 353.0
自充填混凝土(350kgf/cm2),m3,393.0,1,Taiwan EPA,2019,公路總局西部濱海公路南區臨時工程處,自充填混凝土(350kgf/cm2) | m3 | 393.0
自充填混凝土(350kgf/cm2),m3,430.0,1,Taiwan EPA,2019,公路總局西部濱海公路南區臨時工程處,自充填混凝土(350kgf/cm2) | m3 | 430.0
自用大客車(柴油),pkm,0.0606,1,Taiwan EPA,2014,交通部運輸研究所,自用大客車(柴油) | pkm | 0.0606
自用大客車(柴油),延人公里(pkm),0.0606,1,MOENV CFP,2014,交通部運輸研究所,自用大客車(柴油) | 延人公里(pkm) | 0.0606
萬用免釘膠,支,0.59,1,MOENV CFP,2017,南寶樹脂化學工廠股份有限公司(五廠)、臺南市環境保護局,萬用免釘膠 | 支 | 0.59
薄膜型太陽光電模組,片,407.0,1,Taiwan EPA,2018,經濟部標準檢驗局,薄膜型太陽光電模組 | 片 | 407.0
車用汽油(於移動源使用，2020),l,3.01,1,Taiwan EPA,2022,環境部,車用汽油(於移動源使用，2020) | l | 3.01
衍生氣體 / 煤氣廠氣體 / Derived Gases / Gas Works Gas 固定燃燒排放係數,tj,44454.5,1,CCA GHG Factor Table,2024,環境部氣候變遷署,衍生氣體 / 煤氣廠氣體 / Derived Gases / Gas Works Gas 固定燃燒排放係數 | tj | 44454.5
車用汽油(於固定源使用，2020),公升(l),2.93,1,MOENV CFP,2022,環境部,車用汽油(於固定源使用，2020) | 公升(l) | 2.93
車用汽油(於固定源使用，2021),l,2.88,1,Taiwan EPA,2023,環境部,車用汽油(於固定源使用，2021) | l | 2.88
車用汽油(於固定源使用，2021),公升(l),2.88,1,MOENV CFP,2023,環境部,車用汽油(於固定源使用，2021) | 公升(l) | 2.88
車用汽油(於移動源使用，2012),l,3.1,1,Taiwan EPA,2014,環境部,車用汽油(於移動源使用，2012) | l | 3.1
車用汽油(於移動源使用，2012),公升(l),3.1,1,MOENV CFP,2014,環境部,車用汽油(於移動源使用，2012) | 公升(l) | 3.1
車用汽油(於移動源使用，2013),l,3.12,1,Taiwan EPA,2015,環境部,車用汽油(於移動源使用，2013) | l | 3.12
車用汽油(於移動源使用，2013),公升(l),3.12,1,MOENV CFP,2015,環境部,車用汽油(於移動源使用，2013) | 公升(l) | 3.12
車用汽油(於移動源使用，2014),l,3.1,1,Taiwan EPA,2016,環境部,車用汽油(於移動源使用，2014) | l | 3.1
車用汽油(於移動源使用，2014),公升(l),3.1,1,MOENV CFP,2016,環境部,車用汽油(於移動源使用，2014) | 公升(l) | 3.1
車用汽油(於移動源使用，2015),l,3.1,1,Taiwan EPA,2017,環境部,車用汽油(於移動源使用，2015) | l | 3.1
車用汽油(於移動源使用，2015),公升(l),3.1,1,MOENV CFP,2017,環境部,車用汽油(於移動源使用，2015) | 公升(l) | 3.1
車用汽油(於移動源使用，2016),l,3.01,1,Taiwan EPA,2018,環境部,車用汽油(於移動源使用，2016) | l | 3.01
車用汽油(於移動源使用，2016),公升(l),3.01,1,MOENV CFP,2018,環境部,車用汽油(於移動源使用，2016) | 公升(l) | 3.01
車用汽油(於移動源使用，2017),l,3.02,1,Taiwan EPA,2019,環境部,車用汽油(於移動源使用，2017) | l | 3.02
車用汽油(於移動源使用，2017),公升(l),3.02,1,MOENV CFP,2019,環境部,車用汽油(於移動源使用，2017) | 公升(l) | 3.02
車用汽油(於移動源使用，2018),l,3.01,1,Taiwan EPA,2020,環境部,車用汽油(於移動源使用，2018) | l | 3.01
車用汽油(於移動源使用，2018),公升(l),3.01,1,MOENV CFP,2020,環境部,車用汽油(於移動源使用，2018) | 公升(l) | 3.01
車用汽油(於移動源使用，2019),l,3.02,1,Taiwan EPA,2021,環境部,車用汽油(於移動源使用，2019) | l | 3.02
車用汽油(於移動源使用，2019),公升(l),3.02,1,MOENV CFP,2021,環境部,車用汽油(於移動源使用，2019) | 公升(l) | 3.02
車用汽油(於固定源使用，2020),l,2.93,1,Taiwan EPA,2022,環境部,車用汽油(於固定源使用，2020) | l | 2.93
車用汽油(於固定源使用，2019),公升(l),2.93,1,MOENV CFP,2021,環境部,車用汽油(於固定源使用，2019) | 公升(l) | 2.93
車用汽油(於固定源使用，2019),l,2.93,1,Taiwan EPA,2021,環境部,車用汽油(於固定源使用，2019) | l | 2.93
車用汽油(於固定源使用，2013),公升(l),3.03,1,MOENV CFP,2015,環境部,車用汽油(於固定源使用，2013) | 公升(l) | 3.03
褐煤 / Lignite 固定燃燒排放係數,tj,101425.5,1,CCA GHG Factor Table,2024,環境部氣候變遷署,褐煤 / Lignite 固定燃燒排放係數 | tj | 101425.5
褐煤塊 / Brown Coal Briquettes 固定燃燒排放係數,tj,97925.5,1,CCA GHG Factor Table,2024,環境部氣候變遷署,褐煤塊 / Brown Coal Briquettes 固定燃燒排放係數 | tj | 97925.5
角紙,kg,1.02,1,Taiwan EPA,2023,環境部,角紙 | kg | 1.02
豆漿(450ml，鋁箔包裝),盒,0.38,1,Taiwan EPA,2018,統一企業股份有限公司,豆漿(450ml，鋁箔包裝) | 盒 | 0.38
車用汽油 / Motor Gasoline 移動燃燒 CO2 排放係數,tj,69300.0,1,CCA GHG Factor Table,2024,環境部氣候變遷署,車用汽油 / Motor Gasoline 移動燃燒 CO2 排放係數 | tj | 69300.0
車用汽油(於固定源使用，2012),l,3.0,1,Taiwan EPA,2014,環境部,車用汽油(於固定源使用，2012) | l | 3.0
車用汽油(於固定源使用，2012),公升(l),3.0,1,MOENV CFP,2014,環境部,車用汽油(於固定源使用，2012) | 公升(l) | 3.0
車用汽油(於固定源使用，2013),l,3.03,1,Taiwan EPA,2015,環境部,車用汽油(於固定源使用，2013) | l | 3.03
車用汽油(於固定源使用，2014),l,3.02,1,Taiwan EPA,2016,環境部,車用汽油(於固定源使用，2014) | l | 3.02
車用汽油(於固定源使用，2018),公升(l),2.92,1,MOENV CFP,2020,環境部,車用汽油(於固定源使用，2018) | 公升(l) | 2.92
車用汽油(於固定源使用，2014),公升(l),3.02,1,MOENV CFP,2016,環境部,車用汽油(於固定源使用，2014) | 公升(l) | 3.02
車用汽油(於固定源使用，2015),l,3.02,1,Taiwan EPA,2017,環境部,車用汽油(於固定源使用，2015) | l | 3.02
車用汽油(於固定源使用，2015),公升(l),3.02,1,MOENV CFP,2017,環境部,車用汽油(於固定源使用，2015) | 公升(l) | 3.02
車用汽油(於固定源使用，2016),l,2.93,1,Taiwan EPA,2018,環境部,車用汽油(於固定源使用，2016) | l | 2.93
車用汽油(於固定源使用，2016),公升(l),2.93,1,MOENV CFP,2018,環境部,車用汽油(於固定源使用，2016) | 公升(l) | 2.93
車用汽油(於固定源使用，2017),l,2.93,1,Taiwan EPA,2019,環境部,車用汽油(於固定源使用，2017) | l | 2.93
車用汽油(於固定源使用，2017),公升(l),2.93,1,MOENV CFP,2019,環境部,車用汽油(於固定源使用，2017) | 公升(l) | 2.93
車用汽油(於固定源使用，2018),l,2.92,1,Taiwan EPA,2020,環境部,車用汽油(於固定源使用，2018) | l | 2.92
矽鐵（矽含量65%）(FeSi 65) CH4排放係數（公斤/公噸產品）,t,1.0,1,CCA GHG Factor Table,2024,環境部氣候變遷署,矽鐵（矽含量65%）(FeSi 65) CH4排放係數（公斤/公噸產品） | t | 1.0
液化石油氣(於固定源使用，2018),l,2.25,1,Taiwan EPA,2020,環境部,液化石油氣(於固定源使用，2018) | l | 2.25
矽錳（Silicomanganese) CO2排放係數（公噸/公噸產品）,t,1400.0,1,CCA GHG Factor Table,2024,環境部氣候變遷署,矽錳（Silicomanganese) CO2排放係數（公噸/公噸產品） | t | 1400.0
天然礦物製造(Natural soda ash production) CO2排放係數（公噸/公噸天然鹼礦（Trona））,t,97.0,1,CCA GHG Factor Table,2024,環境部氣候變遷署,天然礦物製造(Natural soda ash production) CO2排放係數（公噸/公噸天然鹼礦（Trona）） | t | 97.0
地質改良處理劑(太空包裝),公噸(mt),317.84,1,MOENV CFP,2016,中聯資源股份有限公司,地質改良處理劑(太空包裝) | 公噸(mt) | 317.84
地質改良處理劑(散裝),mt,313.55,1,Taiwan EPA,2016,中聯資源股份有限公司,地質改良處理劑(散裝) | mt | 313.55
地質改良處理劑(散裝),mt,359.0,1,Taiwan EPA,2022,中聯資源股份有限公司,地質改良處理劑(散裝) | mt | 359.0
地質改良處理劑(散裝),公噸(mt),313.55,1,MOENV CFP,2016,中聯資源股份有限公司,地質改良處理劑(散裝) | 公噸(mt) | 313.55
壓縮天然氣 / Compressed Natural Gas 移動燃燒 CO2 排放係數,tj,56100.0,1,CCA GHG Factor Table,2024,環境部氣候變遷署,壓縮天然氣 / Compressed Natural Gas 移動燃燒 CO2 排放係數 | tj | 56100.0
多晶矽太陽能電池,piece,3.14,1,MOENV CFP,2017,環境部、中美矽晶製品股份有限公司宜蘭分公司,多晶矽太陽能電池 | piece | 3.14
多晶矽太陽能電池,片,3.14,1,Taiwan EPA,2017,環境部、中美矽晶製品股份有限公司宜蘭分公司,多晶矽太陽能電池 | 片 | 3.14
多結晶矽電池太陽光電模組(60片6吋),piece,320.0,1,MOENV CFP,2019,經濟部標準檢驗局,多結晶矽電池太陽光電模組(60片6吋) | piece | 320.0
多結晶矽電池太陽光電模組(60片6吋),片,320.0,1,Taiwan EPA,2019,經濟部標準檢驗局,多結晶矽電池太陽光電模組(60片6吋) | 片 | 320.0
多結晶矽電池太陽光電模組(72片6吋),piece,336.0,1,MOENV CFP,2020,經濟部標準檢驗局,多結晶矽電池太陽光電模組(72片6吋) | piece | 336.0
多結晶矽電池太陽光電模組(72片6吋),片,336.0,1,Taiwan EPA,2020,經濟部標準檢驗局,多結晶矽電池太陽光電模組(72片6吋) | 片 | 336.0
天然氣 / Natural Gas 固定燃燒排放係數,tj,56154.5,1,CCA GHG Factor Table,2024,環境部氣候變遷署,天然氣 / Natural Gas 固定燃燒排放係數 | tj | 56154.5
天然氣 / Natural Gas 移動燃燒 CH4/N2O 排放係數,tj,3371.0,1,CCA GHG Factor Table,2024,環境部氣候變遷署,天然氣 / Natural Gas 移動燃燒 CH4/N2O 排放係數 | tj | 3371.0
天然礦物製造(Natural soda ash production) / 0.097 CO2排放係數（公噸/公噸碳酸鈉（soda ash））,t,138.0,1,CCA GHG Factor Table,2024,環境部氣候變遷署,天然礦物製造(Natural soda ash production) / 0.097 CO2排放係數（公噸/公噸碳酸鈉（soda ash）） | t | 138.0
奧里油 / Orimulsion 固定燃燒排放係數,tj,77243.0,1,CCA GHG Factor Table,2024,環境部氣候變遷署,奧里油 / Orimulsion 固定燃燒排放係數 | tj | 77243.0
國際海運貨物運輸服務(燃料油動力),延噸公里(tkm),0.0198,1,MOENV CFP,2016,環境部,國際海運貨物運輸服務(燃料油動力) | 延噸公里(tkm) | 0.0198
奶茶(250ml，鋁箔包裝),包,0.13,1,Taiwan EPA,2018,統一企業股份有限公司,奶茶(250ml，鋁箔包裝) | 包 | 0.13
奶茶(300ml，鋁箔包裝),包,0.14,1,Taiwan EPA,2018,統一企業股份有限公司,奶茶(300ml，鋁箔包裝) | 包 | 0.14
奶茶(375ml，鋁箔包裝),包,0.2,1,Taiwan EPA,2018,統一企業股份有限公司,奶茶(375ml，鋁箔包裝) | 包 | 0.2
容器 （無色玻璃）(Container (Flint)) CO2排放係數（公噸/公噸玻璃）,t,210.0,1,CCA GHG Factor Table,2024,環境部氣候變遷署,容器 （無色玻璃）(Container (Flint)) CO2排放係數（公噸/公噸玻璃） | t | 210.0
容器（琥珀/綠色）(Container (Amber/Green)) CO2排放係數（公噸/公噸玻璃）,t,210.0,1,CCA GHG Factor Table,2024,環境部氣候變遷署,容器（琥珀/綠色）(Container (Amber/Green)) CO2排放係數（公噸/公噸玻璃） | t | 210.0
密級配瀝青混凝土(1”/2),kg,0.0936,1,Taiwan EPA,2019,公路總局蘇花公路改善工程處,密級配瀝青混凝土(1”/2) | kg | 0.0936
密級配瀝青混凝土(3”/4),kg,0.0808,1,Taiwan EPA,2019,公路總局蘇花公路改善工程處,密級配瀝青混凝土(3”/4) | kg | 0.0808
封裝銅銲線,m,0.0171,1,Taiwan EPA,2018,環境部,封裝銅銲線 | m | 0.0171
封裝銅銲線,公尺(m),0.0171,1,MOENV CFP,2018,環境部,封裝銅銲線 | 公尺(m) | 0.0171
常規重組-天然氣(Conventional reforming – natural gas) / 30.2 / 15.3 / 1 CO2（公噸/公噸氨氣）,t,1694.0,1,CCA GHG Factor Table,2024,環境部氣候變遷署,常規重組-天然氣(Conventional reforming – natural gas) / 30.2 / 15.3 / 1 CO2（公噸/公噸氨氣） | t | 1694.0
平均值-天然氣(Average value – natural gas) / 37.5 / 15.3 / 1 CO2（公噸/公噸氨氣）,t,2104.0,1,CCA GHG Factor Table,2024,環境部氣候變遷署,平均值-天然氣(Average value – natural gas) / 37.5 / 15.3 / 1 CO2（公噸/公噸氨氣） | t | 2104.0
平均值-部分氧化(Average value – partial oxidation) / 42.5 / 21 / 1 CO2（公噸/公噸氨氣）,t,3273.0,1,CCA GHG Factor Table,2024,環境部氣候變遷署,平均值-部分氧化(Average value – partial oxidation) / 42.5 / 21 / 1 CO2（公噸/公噸氨氣） | t | 3273.0
廢(污)水處理服務(羅東地區水資源回收中心),m3,0.34,1,Taiwan EPA,2020,山林水環境工程股份有限公司,廢(污)水處理服務(羅東地區水資源回收中心) | m3 | 0.34
廢棄物固化清理服務(南部科學工業園區-台南園區),mt,649.1,1,Taiwan EPA,2014,南部科學工業園區管局台南園區資源再生中心,廢棄物固化清理服務(南部科學工業園區-台南園區) | mt | 649.1
地質改良處理劑(太空包裝),mt,317.84,1,Taiwan EPA,2016,中聯資源股份有限公司,地質改良處理劑(太空包裝) | mt | 317.84
國際海運貨物運輸服務(燃料油動力),tkm,0.0198,1,Taiwan EPA,2016,環境部,國際海運貨物運輸服務(燃料油動力) | tkm | 0.0198
廢棄物掩埋清理服務(南部科學工業園區-台南園區),mt,7.07,1,Taiwan EPA,2014,南部科學工業園區管局台南園區資源再生中心,廢棄物掩埋清理服務(南部科學工業園區-台南園區) | mt | 7.07
單結晶矽電池太陽光電模組(60片6吋)-半切割型(120子片),piece,377.0,1,MOENV CFP,2023,經濟部標準檢驗局,單結晶矽電池太陽光電模組(60片6吋)-半切割型(120子片) | piece | 377.0
原（物）料-石油焦(Petroleum coke use) CO2排放係數（公噸/公噸石油焦）,t,1700.0,1,CCA GHG Factor Table,2024,環境部氣候變遷署,原（物）料-石油焦(Petroleum coke use) CO2排放係數（公噸/公噸石油焦） | t | 1700.0
反式全氟萘烷（Perfluorodecalin (trans) ） / E-C10F18 溫暖化潛勢,kg,6290.0,1,CCA GHG Factor Table,2024,環境部氣候變遷署,反式全氟萘烷（Perfluorodecalin (trans) ） / E-C10F18 溫暖化潛勢 | kg | 6290.0
合成金紅石(>90 % 二氧化鈦)(Synthetic rutile) CO2排放係數（公噸/公噸產品）,t,1430.0,1,CCA GHG Factor Table,2024,環境部氣候變遷署,合成金紅石(>90 % 二氧化鈦)(Synthetic rutile) CO2排放係數（公噸/公噸產品） | t | 1430.0
單壓工廠- 中壓Single medium pressure plants N2O排放係數（公斤/公噸硝酸）,t,8.0,1,CCA GHG Factor Table,2024,環境部氣候變遷署,單壓工廠- 中壓Single medium pressure plants N2O排放係數（公斤/公噸硝酸） | t | 8.0
單壓工廠- 低壓Single low pressure plants N2O排放係數（公斤/公噸硝酸）,t,5.0,1,CCA GHG Factor Table,2024,環境部氣候變遷署,單壓工廠- 低壓Single low pressure plants N2O排放係數（公斤/公噸硝酸） | t | 5.0
單壓工廠- 高壓Single high pressure plants N2O排放係數（公斤/公噸硝酸）,t,9.0,1,CCA GHG Factor Table,2024,環境部氣候變遷署,單壓工廠- 高壓Single high pressure plants N2O排放係數（公斤/公噸硝酸） | t | 9.0
單晶矽太陽能電池,piece,3.53,1,MOENV CFP,2017,環境部、中美矽晶製品股份有限公司宜蘭分公司,單晶矽太陽能電池 | piece | 3.53
單晶矽太陽能電池,片,3.53,1,Taiwan EPA,2017,環境部、中美矽晶製品股份有限公司宜蘭分公司,單晶矽太陽能電池 | 片 | 3.53
單結晶矽電池(6吋),piece,5.9,1,MOENV CFP,2022,經濟部標準檢驗局,單結晶矽電池(6吋) | piece | 5.9
單結晶矽電池(6吋),片,5.9,1,Taiwan EPA,2022,經濟部標準檢驗局,單結晶矽電池(6吋) | 片 | 5.9
單結晶矽電池BIPV鋼板太陽光電模組(24片6吋),piece,182.0,1,MOENV CFP,2022,經濟部標準檢驗局,單結晶矽電池BIPV鋼板太陽光電模組(24片6吋) | piece | 182.0
單結晶矽電池BIPV鋼板太陽光電模組(24片6吋),片,182.0,1,Taiwan EPA,2022,經濟部標準檢驗局,單結晶矽電池BIPV鋼板太陽光電模組(24片6吋) | 片 | 182.0
單結晶矽電池太陽光電模組(60片6吋),piece,418.0,1,MOENV CFP,2019,經濟部標準檢驗局,單結晶矽電池太陽光電模組(60片6吋) | piece | 418.0
單結晶矽電池太陽光電模組(60片6吋),片,418.0,1,Taiwan EPA,2019,經濟部標準檢驗局,單結晶矽電池太陽光電模組(60片6吋) | 片 | 418.0
單結晶矽電池太陽光電模組(60片6吋)-半切割型(120子片),片,377.0,1,Taiwan EPA,2023,經濟部標準檢驗局,單結晶矽電池太陽光電模組(60片6吋)-半切割型(120子片) | 片 | 377.0
國際海運貨物運輸服務(本國籍貨櫃船，歐美長程航線),每個20呎標準貨櫃-每公里(teu-km),0.0649,1,MOENV CFP,2022,環境部,國際海運貨物運輸服務(本國籍貨櫃船，歐美長程航線) | 每個20呎標準貨櫃-每公里(teu-km) | 0.0649
單結晶矽電池太陽光電模組(72片6吋),piece,465.0,1,MOENV CFP,2020,經濟部標準檢驗局,單結晶矽電池太陽光電模組(72片6吋) | piece | 465.0
單結晶矽電池太陽光電模組(72片6吋),片,465.0,1,Taiwan EPA,2020,經濟部標準檢驗局,單結晶矽電池太陽光電模組(72片6吋) | 片 | 465.0
單結晶矽電池太陽光電模組（60片6吋）,piece,413.0,1,MOENV CFP,2018,經濟部標準檢驗局,單結晶矽電池太陽光電模組（60片6吋） | piece | 413.0
單結晶矽電池太陽光電模組（60片6吋）,片,413.0,1,Taiwan EPA,2018,經濟部標準檢驗局,單結晶矽電池太陽光電模組（60片6吋） | 片 | 413.0
單結晶矽電池太陽光電模組（96片5吋）,piece,417.0,1,MOENV CFP,2018,經濟部標準檢驗局,單結晶矽電池太陽光電模組（96片5吋） | piece | 417.0
單結晶矽電池太陽光電模組（96片5吋）,片,417.0,1,Taiwan EPA,2018,經濟部標準檢驗局,單結晶矽電池太陽光電模組（96片5吋） | 片 | 417.0
四氟化碳（PFC-14） / CF4 溫暖化潛勢,kg,6630.0,1,CCA GHG Factor Table,2024,環境部氣候變遷署,四氟化碳（PFC-14） / CF4 溫暖化潛勢 | kg | 6630.0
回收乙腈和氰化氫投入生產（Acetonitrile and Hydrogen Cyanide Recovered as Product） CO2排放係數,t,790.0,1,CCA GHG Factor Table,2024,環境部氣候變遷署,回收乙腈和氰化氫投入生產（Acetonitrile and Hydrogen Cyanide Recovered as Product） CO2排放係數 | t | 790.0
固體生質燃料 / 木材/ 廢材 / Solid Biofuels / Wood/Wood Waste 固定燃燒排放係數,tj,113900.0,1,CCA GHG Factor Table,2024,環境部氣候變遷署,固體生質燃料 / 木材/ 廢材 / Solid Biofuels / Wood/Wood Waste 固定燃燒排放係數 | tj | 113900.0
國內海運貨物運輸服務(柴油動力),tkm,0.0334,1,Taiwan EPA,2016,環境部,國內海運貨物運輸服務(柴油動力) | tkm | 0.0334
國內海運貨物運輸服務(柴油動力),延噸公里(tkm),0.0334,1,MOENV CFP,2016,環境部,國內海運貨物運輸服務(柴油動力) | 延噸公里(tkm) | 0.0334
國內海運貨物運輸服務(燃料油動力),tkm,0.0354,1,Taiwan EPA,2016,環境部,國內海運貨物運輸服務(燃料油動力) | tkm | 0.0354
國內海運貨物運輸服務(燃料油動力),延噸公里(tkm),0.0354,1,MOENV CFP,2016,環境部,國內海運貨物運輸服務(燃料油動力) | 延噸公里(tkm) | 0.0354
國際海運貨物運輸服務(本國籍貨櫃船，歐美長程航線),piece,0.0649,1,Taiwan EPA,2022,環境部,國際海運貨物運輸服務(本國籍貨櫃船，歐美長程航線) | piece | 0.0649
廢棄物固化清理服務(南部科學工業園區-台南園區),公噸(mt),649.1,1,MOENV CFP,2014,南部科學工業園區管局台南園區資源再生中心,廢棄物固化清理服務(南部科學工業園區-台南園區) | 公噸(mt) | 649.1
廢棄物掩埋清理服務(南部科學工業園區-台南園區),公噸(mt),7.07,1,MOENV CFP,2014,南部科學工業園區管局台南園區資源再生中心,廢棄物掩埋清理服務(南部科學工業園區-台南園區) | 公噸(mt) | 7.07
矽金屬（Si） CH4排放係數（公斤/公噸產品）,t,1.2,1,CCA GHG Factor Table,2024,環境部氣候變遷署,矽金屬（Si） CH4排放係數（公斤/公噸產品） | t | 1.2
柴油(於固定源使用，2012),l,3.42,1,Taiwan EPA,2014,環境部,柴油(於固定源使用，2012) | l | 3.42
柴油 / Gas/ Diesel 移動燃燒 CO2 排放係數,tj,74100.0,1,CCA GHG Factor Table,2024,環境部氣候變遷署,柴油 / Gas/ Diesel 移動燃燒 CO2 排放係數 | tj | 74100.0
柴油 / Gas/Diesel Oil 固定燃燒排放係數,tj,74343.0,1,CCA GHG Factor Table,2024,環境部氣候變遷署,柴油 / Gas/Diesel Oil 固定燃燒排放係數 | tj | 74343.0
柴油(於公路運輸移動源使用，2016),l,3.38,1,Taiwan EPA,2018,環境部,柴油(於公路運輸移動源使用，2016) | l | 3.38
柴油(於公路運輸移動源使用，2016),公升(l),3.38,1,MOENV CFP,2018,環境部,柴油(於公路運輸移動源使用，2016) | 公升(l) | 3.38
柴油(於公路運輸移動源使用，2017),l,3.38,1,Taiwan EPA,2019,環境部,柴油(於公路運輸移動源使用，2017) | l | 3.38
柴油(於公路運輸移動源使用，2017),公升(l),3.38,1,MOENV CFP,2019,環境部,柴油(於公路運輸移動源使用，2017) | 公升(l) | 3.38
柴油(於公路運輸移動源使用，2018),l,3.37,1,Taiwan EPA,2020,環境部,柴油(於公路運輸移動源使用，2018) | l | 3.37
柴油(於公路運輸移動源使用，2018),公升(l),3.37,1,MOENV CFP,2020,環境部,柴油(於公路運輸移動源使用，2018) | 公升(l) | 3.37
柴油(於公路運輸移動源使用，2019),l,3.38,1,Taiwan EPA,2021,環境部,柴油(於公路運輸移動源使用，2019) | l | 3.38
柴油(於公路運輸移動源使用，2019),公升(l),3.38,1,MOENV CFP,2021,環境部,柴油(於公路運輸移動源使用，2019) | 公升(l) | 3.38
柴油(於公路運輸移動源使用，2020),l,3.38,1,Taiwan EPA,2022,環境部,柴油(於公路運輸移動源使用，2020) | l | 3.38
柴油(於公路運輸移動源使用，2020),公升(l),3.38,1,MOENV CFP,2022,環境部,柴油(於公路運輸移動源使用，2020) | 公升(l) | 3.38
柴油(於公路運輸移動源使用，2021),l,3.32,1,Taiwan EPA,2023,環境部,柴油(於公路運輸移動源使用，2021) | l | 3.32
柴油(於公路運輸移動源使用，2021),公升(l),3.32,1,MOENV CFP,2023,環境部,柴油(於公路運輸移動源使用，2021) | 公升(l) | 3.32
柴油(於固定源使用，2012),公升(l),3.42,1,MOENV CFP,2014,環境部,柴油(於固定源使用，2012) | 公升(l) | 3.42
木炭 / Charcoal 固定燃燒排放係數,tj,118660.0,1,CCA GHG Factor Table,2024,環境部氣候變遷署,木炭 / Charcoal 固定燃燒排放係數 | tj | 118660.0
柴油(於固定源使用，2013),l,3.46,1,Taiwan EPA,2015,環境部,柴油(於固定源使用，2013) | l | 3.46
柴油(於固定源使用，2013),公升(l),3.46,1,MOENV CFP,2015,環境部,柴油(於固定源使用，2013) | 公升(l) | 3.46
柴油(於固定源使用，2014),l,3.45,1,Taiwan EPA,2016,環境部,柴油(於固定源使用，2014) | l | 3.45
柴油(於固定源使用，2014),公升(l),3.45,1,MOENV CFP,2016,環境部,柴油(於固定源使用，2014) | 公升(l) | 3.45
柴油(於固定源使用，2015),l,3.45,1,Taiwan EPA,2017,環境部,柴油(於固定源使用，2015) | l | 3.45
柴油(於固定源使用，2015),公升(l),3.45,1,MOENV CFP,2017,環境部,柴油(於固定源使用，2015) | 公升(l) | 3.45
柴油(於固定源使用，2016),l,3.35,1,Taiwan EPA,2018,環境部,柴油(於固定源使用，2016) | l | 3.35
柴油(於固定源使用，2016),公升(l),3.35,1,MOENV CFP,2018,環境部,柴油(於固定源使用，2016) | 公升(l) | 3.35
柴油(於固定源使用，2017),l,3.35,1,Taiwan EPA,2019,環境部,柴油(於固定源使用，2017) | l | 3.35
柴油(於固定源使用，2017),公升(l),3.35,1,MOENV CFP,2019,環境部,柴油(於固定源使用，2017) | 公升(l) | 3.35
柴油(於固定源使用，2018),l,3.34,1,Taiwan EPA,2020,環境部,柴油(於固定源使用，2018) | l | 3.34
柴油(於固定源使用，2018),公升(l),3.34,1,MOENV CFP,2020,環境部,柴油(於固定源使用，2018) | 公升(l) | 3.34
柴油(於固定源使用，2019),l,3.35,1,Taiwan EPA,2021,環境部,柴油(於固定源使用，2019) | l | 3.35
柴油(於固定源使用，2019),公升(l),3.35,1,MOENV CFP,2021,環境部,柴油(於固定源使用，2019) | 公升(l) | 3.35
柴油 / Gas / Diesel Oil 移動燃燒 CH4/N2O 排放係數,tj,1142.7,1,CCA GHG Factor Table,2024,環境部氣候變遷署,柴油 / Gas / Diesel Oil 移動燃燒 CH4/N2O 排放係數 | tj | 1142.7
有機廢棄物免發酵轉化肥料處理服務,公噸(mt),48.3,1,MOENV CFP,2017,經濟部中小企業處、葉山環保生物科技股份有限公司,有機廢棄物免發酵轉化肥料處理服務 | 公噸(mt) | 48.3
廢棄物清除處理服務(南部科學工業園區-台南園區),mt,715.79,1,Taiwan EPA,2014,南部科學工業園區管局台南園區資源再生中心,廢棄物清除處理服務(南部科學工業園區-台南園區) | mt | 715.79
廢水處理排放服務(南部科學工業園區管理局-台南園區),公噸(mt),0.77,1,MOENV CFP,2014,南部科學工業園區管理局,廢水處理排放服務(南部科學工業園區管理局-台南園區) | 公噸(mt) | 0.77
廢棄物清除處理服務(南部科學工業園區-台南園區),公噸(mt),715.79,1,MOENV CFP,2014,南部科學工業園區管局台南園區資源再生中心,廢棄物清除處理服務(南部科學工業園區-台南園區) | 公噸(mt) | 715.79
廢棄物焚化清理服務(南部科學工業園區-台南園區),mt,737.14,1,Taiwan EPA,2014,南部科學工業園區管局台南園區資源再生中心,廢棄物焚化清理服務(南部科學工業園區-台南園區) | mt | 737.14
廢棄物焚化清理服務(南部科學工業園區-台南園區),公噸(mt),737.14,1,MOENV CFP,2014,南部科學工業園區管局台南園區資源再生中心,廢棄物焚化清理服務(南部科學工業園區-台南園區) | 公噸(mt) | 737.14
廢棄物焚化處理服務(岡山垃圾焚化廠),mt,360.0,1,Taiwan EPA,2020,環境部,廢棄物焚化處理服務(岡山垃圾焚化廠) | mt | 360.0
廢棄物焚化處理服務(岡山垃圾焚化廠),公噸(mt),360.0,1,MOENV CFP,2020,環境部,廢棄物焚化處理服務(岡山垃圾焚化廠) | 公噸(mt) | 360.0
廢棄物焚化處理服務(臺南市城西垃圾焚化廠),mt,333.0,1,Taiwan EPA,2017,臺南市城西垃圾焚化廠、臺南市政府環境保護局,廢棄物焚化處理服務(臺南市城西垃圾焚化廠) | mt | 333.0
廢棄物焚化處理服務(臺南市城西垃圾焚化廠),公噸(mt),333.0,1,MOENV CFP,2017,臺南市城西垃圾焚化廠、臺南市政府環境保護局,廢棄物焚化處理服務(臺南市城西垃圾焚化廠) | 公噸(mt) | 333.0
廢棄物焚化處理服務(臺南市永康垃圾資源回收(焚化)廠),mt,327.0,1,Taiwan EPA,2017,臺南市永康垃圾資源回收(焚化)廠、臺南市政府環境保護局,廢棄物焚化處理服務(臺南市永康垃圾資源回收(焚化)廠) | mt | 327.0
廢棄物焚化處理服務(臺南市永康垃圾資源回收(焚化)廠),公噸(mt),327.0,1,MOENV CFP,2017,臺南市永康垃圾資源回收(焚化)廠、臺南市政府環境保護局,廢棄物焚化處理服務(臺南市永康垃圾資源回收(焚化)廠) | 公噸(mt) | 327.0
廢棄物焚化處理服務(苗栗縣垃圾焚化廠),mt,340.0,1,Taiwan EPA,2018,環境部、裕鼎股份有限公司,廢棄物焚化處理服務(苗栗縣垃圾焚化廠) | mt | 340.0
廢棄物焚化處理服務(苗栗縣垃圾焚化廠),公噸(mt),340.0,1,MOENV CFP,2018,環境部、裕鼎股份有限公司,廢棄物焚化處理服務(苗栗縣垃圾焚化廠) | 公噸(mt) | 340.0
廢棄物物化清理服務(南部科學工業園區-台南園區),mt,122.78,1,Taiwan EPA,2014,南部科學工業園區管局台南園區資源再生中心,廢棄物物化清理服務(南部科學工業園區-台南園區) | mt | 122.78
廢棄物物化清理服務(南部科學工業園區-台南園區),公噸(mt),122.78,1,MOENV CFP,2014,南部科學工業園區管局台南園區資源再生中心,廢棄物物化清理服務(南部科學工業園區-台南園區) | 公噸(mt) | 122.78
廢水處理排放服務(南部科學工業園區管理局-台南園區),mt,0.77,1,Taiwan EPA,2014,南部科學工業園區管理局,廢水處理排放服務(南部科學工業園區管理局-台南園區) | mt | 0.77
廢水處理排放服務(南部科學工業園區管理局-高雄園區),mt,0.61,1,Taiwan EPA,2014,南部科學工業園區管理局,廢水處理排放服務(南部科學工業園區管理局-高雄園區) | mt | 0.61
有機廢棄物免發酵轉化肥料處理服務,mt,48.3,1,Taiwan EPA,2017,經濟部中小企業處、葉山環保生物科技股份有限公司,有機廢棄物免發酵轉化肥料處理服務 | mt | 48.3
廢水處理排放服務(南部科學工業園區管理局-高雄園區),公噸(mt),0.61,1,MOENV CFP,2014,南部科學工業園區管理局,廢水處理排放服務(南部科學工業園區管理局-高雄園區) | 公噸(mt) | 0.61
廢油 / Waste Oils 固定燃燒排放係數,tj,75200.0,1,CCA GHG Factor Table,2024,環境部氣候變遷署,廢油 / Waste Oils 固定燃燒排放係數 | tj | 75200.0
廢溶劑蒸餾回收處理服務,kg,0.212,1,Taiwan EPA,2020,環境部,廢溶劑蒸餾回收處理服務 | kg | 0.212
"慣用蒸汽重組（Lurgi Mega甲醇製程）(Conventional Steam Reforming, Lurgi Mega Methanol Process) CO2排放係數（公噸/公噸甲醇）",t,310.0,1,CCA GHG Factor Table,2024,環境部氣候變遷署,"慣用蒸汽重組（Lurgi Mega甲醇製程）(Conventional Steam Reforming, Lurgi Mega Methanol Process) CO2排放係數（公噸/公噸甲醇） | t | 310.0"
"慣用蒸汽重組（Lurgi低壓製程）(Conventional Steam Reforming, Lurgi Low Pressure Process) CO2排放係數（公噸/公噸甲醇）",t,267.0,1,CCA GHG Factor Table,2024,環境部氣候變遷署,"慣用蒸汽重組（Lurgi低壓製程）(Conventional Steam Reforming, Lurgi Low Pressure Process) CO2排放係數（公噸/公噸甲醇） | t | 267.0"
"慣用蒸汽重組（Lurgi慣用製程）(Conventional Steam Reforming, Lurgi Conventional process) CO2排放係數（公噸/公噸甲醇）",t,385.0,1,CCA GHG Factor Table,2024,環境部氣候變遷署,"慣用蒸汽重組（Lurgi慣用製程）(Conventional Steam Reforming, Lurgi Conventional process) CO2排放係數（公噸/公噸甲醇） | t | 385.0"
"慣用蒸汽重組（不含初級重組）（預設過程及以天然氣為原料）(Conventional Steam Reforming, without primary reformer)(Default Process and Natural Gas Default Feedstock) CO2排放係數（公噸/公噸甲醇）",t,670.0,1,CCA GHG Factor Table,2024,環境部氣候變遷署,"慣用蒸汽重組（不含初級重組）（預設過程及以天然氣為原料）(Conventional Steam Reforming, without primary reformer)(Default Process and Natural Gas Default Feedstock) CO2排放係數（公噸/公噸甲醇） | t | 670.0"
"慣用蒸汽重組（含初級重組）(Conventional Steam Reforming, with primary reformer) CO2排放係數（公噸/公噸甲醇）",t,497.0,1,CCA GHG Factor Table,2024,環境部氣候變遷署,"慣用蒸汽重組（含初級重組）(Conventional Steam Reforming, with primary reformer) CO2排放係數（公噸/公噸甲醇） | t | 497.0"
慣用蒸汽重組（整合氨氣生產）(Conventional Steam Reforming with integrated ammonia production) CO2排放係數（公噸/公噸甲醇）,t,1020.0,1,CCA GHG Factor Table,2024,環境部氣候變遷署,慣用蒸汽重組（整合氨氣生產）(Conventional Steam Reforming with integrated ammonia production) CO2排放係數（公噸/公噸甲醇） | t | 1020.0
旋轉窯 (Waelz Kiln) CO2排放係數（公噸/公噸鋅）,t,3660.0,1,CCA GHG Factor Table,2024,環境部氣候變遷署,旋轉窯 (Waelz Kiln) CO2排放係數（公噸/公噸鋅） | t | 3660.0
普通甲類市區公車運輸服務(包含營業據點及公車站點排放),pkm,0.0767,1,Taiwan EPA,2017,府城汽車客運股份有限公司、興南汽車客運股份有限公司、新營汽車客運股份有限公司、臺南市政府環境保護局、臺南市政府交通局,普通甲類市區公車運輸服務(包含營業據點及公車站點排放) | pkm | 0.0767
普通甲類市區公車運輸服務(包含營業據點及公車站點排放),延人公里(pkm),0.0767,1,MOENV CFP,2017,府城汽車客運股份有限公司、興南汽車客運股份有限公司、新營汽車客運股份有限公司、臺南市政府環境保護局、臺南市政府交通局,普通甲類市區公車運輸服務(包含營業據點及公車站點排放) | 延人公里(pkm) | 0.0767
有害事業廢棄物固化處理服務,mt,130.0,1,Taiwan EPA,2020,環境部,有害事業廢棄物固化處理服務 | mt | 130.0
有害事業廢棄物固化處理服務,公噸(mt),130.0,1,MOENV CFP,2020,環境部,有害事業廢棄物固化處理服務 | 公噸(mt) | 130.0
原（物）料-石油焦(Petroleum coke use) / 1.7 CH4排放係數（公噸/公噸石油焦）,t,1090.0,1,CCA GHG Factor Table,2024,環境部氣候變遷署,原（物）料-石油焦(Petroleum coke use) / 1.7 CH4排放係數（公噸/公噸石油焦） | t | 1090.0
原油 / Crude Oil 固定燃燒排放係數,tj,73543.0,1,CCA GHG Factor Table,2024,環境部氣候變遷署,原油 / Crude Oil 固定燃燒排放係數 | tj | 73543.0
卜特蘭高爐爐碴水泥(散裝),公噸(mt),512.57,1,MOENV CFP,2016,中聯資源股份有限公司,卜特蘭高爐爐碴水泥(散裝) | 公噸(mt) | 512.57
CaCO3 / 方解石或霰石(Calcite or aragonite) / 100.0869 CO2（公噸/公噸碳酸鹽）,t,439.71,1,CCA GHG Factor Table,2024,環境部氣候變遷署,CaCO3 / 方解石或霰石(Calcite or aragonite) / 100.0869 CO2（公噸/公噸碳酸鹽） | t | 439.71
3.49噸常溫貨車服務(裝載率31％，包含營業據點排放),延噸公里(tkm),2.18,1,MOENV CFP,2017,交通部運輸研究所,3.49噸常溫貨車服務(裝載率31％，包含營業據點排放) | 延噸公里(tkm) | 2.18
3.49噸常溫貨車服務(裝載率84％，包含營業據點排放),tkm,0.833,1,Taiwan EPA,2017,交通部運輸研究所,3.49噸常溫貨車服務(裝載率84％，包含營業據點排放) | tkm | 0.833
3.49噸常溫貨車服務(裝載率84％，包含營業據點排放),延噸公里(tkm),0.833,1,MOENV CFP,2017,交通部運輸研究所,3.49噸常溫貨車服務(裝載率84％，包含營業據點排放) | 延噸公里(tkm) | 0.833
3.5~7.4噸低溫貨車服務(裝載率41％，包含營業據點排放),tkm,1.15,1,Taiwan EPA,2017,交通部運輸研究所,3.5~7.4噸低溫貨車服務(裝載率41％，包含營業據點排放) | tkm | 1.15
3.5~7.4噸低溫貨車服務(裝載率41％，包含營業據點排放),延噸公里(tkm),1.15,1,MOENV CFP,2017,交通部運輸研究所,3.5~7.4噸低溫貨車服務(裝載率41％，包含營業據點排放) | 延噸公里(tkm) | 1.15
3.5~7.4噸低溫貨車服務(裝載率69％，包含營業據點排放),tkm,0.959,1,Taiwan EPA,2017,交通部運輸研究所,3.5~7.4噸低溫貨車服務(裝載率69％，包含營業據點排放) | tkm | 0.959
3.5~7.4噸低溫貨車服務(裝載率69％，包含營業據點排放),延噸公里(tkm),0.959,1,MOENV CFP,2017,交通部運輸研究所,3.5~7.4噸低溫貨車服務(裝載率69％，包含營業據點排放) | 延噸公里(tkm) | 0.959
3.5~7.4噸常溫貨車服務(裝載率82％，包含營業據點排放),tkm,0.316,1,Taiwan EPA,2017,交通部運輸研究所,3.5~7.4噸常溫貨車服務(裝載率82％，包含營業據點排放) | tkm | 0.316
3.5~7.4噸常溫貨車服務(裝載率82％，包含營業據點排放),延噸公里(tkm),0.316,1,MOENV CFP,2017,交通部運輸研究所,3.5~7.4噸常溫貨車服務(裝載率82％，包含營業據點排放) | 延噸公里(tkm) | 0.316
7.5~16噸低溫貨車服務(裝載率65％，包含營業據點排放),tkm,0.961,1,Taiwan EPA,2017,交通部運輸研究所,7.5~16噸低溫貨車服務(裝載率65％，包含營業據點排放) | tkm | 0.961
7.5~16噸低溫貨車服務(裝載率65％，包含營業據點排放),延噸公里(tkm),0.961,1,MOENV CFP,2017,交通部運輸研究所,7.5~16噸低溫貨車服務(裝載率65％，包含營業據點排放) | 延噸公里(tkm) | 0.961
7.5~16噸常溫貨車服務(裝載率80％，包含營業據點排放),tkm,0.276,1,Taiwan EPA,2017,交通部運輸研究所,7.5~16噸常溫貨車服務(裝載率80％，包含營業據點排放) | tkm | 0.276
7.5~16噸常溫貨車服務(裝載率80％，包含營業據點排放),延噸公里(tkm),0.276,1,MOENV CFP,2017,交通部運輸研究所,7.5~16噸常溫貨車服務(裝載率80％，包含營業據點排放) | 延噸公里(tkm) | 0.276
"Ca(Fe,Mg,Mn)(CO3)2 / 鐵白雲石(Ankerite) / 185.0225−215.6160 CO2（公噸/公噸碳酸鹽）",t,-33.75,1,CCA GHG Factor Table,2024,環境部氣候變遷署,"Ca(Fe,Mg,Mn)(CO3)2 / 鐵白雲石(Ankerite) / 185.0225−215.6160 CO2（公噸/公噸碳酸鹽） | t | -33.75"
CaMg(CO3)2 / 白雲石(Dolomite) / 184.4008 CO2（公噸/公噸碳酸鹽）,t,477.32,1,CCA GHG Factor Table,2024,環境部氣候變遷署,CaMg(CO3)2 / 白雲石(Dolomite) / 184.4008 CO2（公噸/公噸碳酸鹽） | t | 477.32
3.49噸多溫貨車服務(包含營業據點排放),延噸公里(tkm),1.66,1,MOENV CFP,2017,交通部運輸研究所,3.49噸多溫貨車服務(包含營業據點排放) | 延噸公里(tkm) | 1.66
FeCO3 / 菱鐵礦(Siderite) / 115.8539 CO2（公噸/公噸碳酸鹽）,t,379.87,1,CCA GHG Factor Table,2024,環境部氣候變遷署,FeCO3 / 菱鐵礦(Siderite) / 115.8539 CO2（公噸/公噸碳酸鹽） | t | 379.87
MgCO3 / 菱鎂礦(Magnesite) / 84.3139 CO2（公噸/公噸碳酸鹽）,t,521.97,1,CCA GHG Factor Table,2024,環境部氣候變遷署,MgCO3 / 菱鎂礦(Magnesite) / 84.3139 CO2（公噸/公噸碳酸鹽） | t | 521.97
MnCO3 / 菱錳礦(Rhodochrosite) / 114.947 CO2（公噸/公噸碳酸鹽）,t,382.86,1,CCA GHG Factor Table,2024,環境部氣候變遷署,MnCO3 / 菱錳礦(Rhodochrosite) / 114.947 CO2（公噸/公噸碳酸鹽） | t | 382.86
Na2CO3 / 碳酸鈉或純鹼(Sodium carbonate or soda ash) / 106.0685 CO2（公噸/公噸碳酸鹽）,t,414.92,1,CCA GHG Factor Table,2024,環境部氣候變遷署,Na2CO3 / 碳酸鈉或純鹼(Sodium carbonate or soda ash) / 106.0685 CO2（公噸/公噸碳酸鹽） | t | 414.92
"Nd金屬及其他稀土金屬/合金(Nd metal, and all other Rare Earth metals/alloys) CO2排放係數 （公噸/公噸稀土金屬）",t,560.0,1,CCA GHG Factor Table,2024,環境部氣候變遷署,"Nd金屬及其他稀土金屬/合金(Nd metal, and all other Rare Earth metals/alloys) CO2排放係數 （公噸/公噸稀土金屬） | t | 560.0"
PFC-c216 / c-C3F6 溫暖化潛勢,kg,9200.0,1,CCA GHG Factor Table,2024,環境部氣候變遷署,PFC-c216 / c-C3F6 溫暖化潛勢 | kg | 9200.0
一氟乙烷（HFC-161） / CH3CH2F 溫暖化潛勢,kg,4.0,1,CCA GHG Factor Table,2024,環境部氣候變遷署,一氟乙烷（HFC-161） / CH3CH2F 溫暖化潛勢 | kg | 4.0
一氟甲烷（HFC-41） / CH3F 溫暖化潛勢,kg,116.0,1,CCA GHG Factor Table,2024,環境部氣候變遷署,一氟甲烷（HFC-41） / CH3F 溫暖化潛勢 | kg | 116.0
丁二烯,kg,1.88,1,Taiwan EPA,2015,環境部,丁二烯 | kg | 1.88
丁腈橡膠,kg,3.04,1,Taiwan EPA,2017,環境部,丁腈橡膠 | kg | 3.04
三氟化氮（Nitrogen trifluoride） / NF3 溫暖化潛勢,kg,16100.0,1,CCA GHG Factor Table,2024,環境部氣候變遷署,三氟化氮（Nitrogen trifluoride） / NF3 溫暖化潛勢 | kg | 16100.0
三氟甲基五氟化硫（(Trifluoromethyl） sulphur pentafluoride） / SF5CF3 溫暖化潛勢,kg,17400.0,1,CCA GHG Factor Table,2024,環境部氣候變遷署,三氟甲基五氟化硫（(Trifluoromethyl） sulphur pentafluoride） / SF5CF3 溫暖化潛勢 | kg | 17400.0
三氟甲烷（HFC-23） / CHF3 溫暖化潛勢,kg,12400.0,1,CCA GHG Factor Table,2024,環境部氣候變遷署,三氟甲烷（HFC-23） / CHF3 溫暖化潛勢 | kg | 12400.0
不飽和聚酯樹脂,kg,5.5,1,Taiwan EPA,2017,經濟部工業局,不飽和聚酯樹脂 | kg | 5.5
3.49噸常溫貨車服務(裝載率31％，包含營業據點排放),tkm,2.18,1,Taiwan EPA,2017,交通部運輸研究所,3.49噸常溫貨車服務(裝載率31％，包含營業據點排放) | tkm | 2.18
3.49噸多溫貨車服務(包含營業據點排放),tkm,1.66,1,Taiwan EPA,2017,交通部運輸研究所,3.49噸多溫貨車服務(包含營業據點排放) | tkm | 1.66
卜特蘭高爐爐碴水泥(散裝),mt,604.0,1,Taiwan EPA,2022,中聯資源股份有限公司,卜特蘭高爐爐碴水泥(散裝) | mt | 604.0
"1,1,1,3,3-五氟丁烷（HFC-365mfc） / CH3CF2CH2CF3 溫暖化潛勢",kg,804.0,1,CCA GHG Factor Table,2024,環境部氣候變遷署,"1,1,1,3,3-五氟丁烷（HFC-365mfc） / CH3CF2CH2CF3 溫暖化潛勢 | kg | 804.0"
0.75 CO2排放係數,t,663.0,1,CCA GHG Factor Table,2024,環境部氣候變遷署,0.75 CO2排放係數 | t | 663.0
0.8 CO2排放係數,t,500.0,1,CCA GHG Factor Table,2024,環境部氣候變遷署,0.8 CO2排放係數 | t | 500.0
0.85 CO2排放係數,t,350.0,1,CCA GHG Factor Table,2024,環境部氣候變遷署,0.85 CO2排放係數 | t | 350.0
"1,1,1,2,2,3,3,4,4-九氟丁烷（HFC-329p） / CHF2CF2CF2CF3 溫暖化潛勢",kg,2360.0,1,CCA GHG Factor Table,2024,環境部氣候變遷署,"1,1,1,2,2,3,3,4,4-九氟丁烷（HFC-329p） / CHF2CF2CF2CF3 溫暖化潛勢 | kg | 2360.0"
"1,1,1,2,2,3,3-七氟丙烷（HFC-227ca） / CF3CF2CHF2 溫暖化潛勢",kg,2640.0,1,CCA GHG Factor Table,2024,環境部氣候變遷署,"1,1,1,2,2,3,3-七氟丙烷（HFC-227ca） / CF3CF2CHF2 溫暖化潛勢 | kg | 2640.0"
"1,1,1,2,2,3,4,5,5,5-十氟戊烷（HFC-43-10mee） / CF3CHFCHFCF2CF3 溫暖化潛勢",kg,1650.0,1,CCA GHG Factor Table,2024,環境部氣候變遷署,"1,1,1,2,2,3,4,5,5,5-十氟戊烷（HFC-43-10mee） / CF3CHFCHFCF2CF3 溫暖化潛勢 | kg | 1650.0"
"1,1,1,2,2,3-六氟丙烷（HFC-236cb） / CH2FCF2CF3 溫暖化潛勢",kg,1210.0,1,CCA GHG Factor Table,2024,環境部氣候變遷署,"1,1,1,2,2,3-六氟丙烷（HFC-236cb） / CH2FCF2CF3 溫暖化潛勢 | kg | 1210.0"
"1,1,1,2,2-五氟丙烷（HFC-245cb） / CF3CF2CH3 溫暖化潛勢",kg,4620.0,1,CCA GHG Factor Table,2024,環境部氣候變遷署,"1,1,1,2,2-五氟丙烷（HFC-245cb） / CF3CF2CH3 溫暖化潛勢 | kg | 4620.0"
"1,1,1,2,2-五氟乙烷（HFC-125） / CHF2CF3 溫暖化潛勢",kg,3170.0,1,CCA GHG Factor Table,2024,環境部氣候變遷署,"1,1,1,2,2-五氟乙烷（HFC-125） / CHF2CF3 溫暖化潛勢 | kg | 3170.0"
"1,1,1,2,3,3,3-七氟丙烷（HFC-227ea） / CF3CHFCF3 溫暖化潛勢",kg,3350.0,1,CCA GHG Factor Table,2024,環境部氣候變遷署,"1,1,1,2,3,3,3-七氟丙烷（HFC-227ea） / CF3CHFCF3 溫暖化潛勢 | kg | 3350.0"
"1,1,1,2,3,3-六氟丙烷（HFC-236ea） / CHF2CHFCF3 溫暖化潛勢",kg,1330.0,1,CCA GHG Factor Table,2024,環境部氣候變遷署,"1,1,1,2,3,3-六氟丙烷（HFC-236ea） / CHF2CHFCF3 溫暖化潛勢 | kg | 1330.0"
"1,1,1,2,3-五氟丙烷（HFC-245eb） / CH2FCHFCF3 溫暖化潛勢",kg,290.0,1,CCA GHG Factor Table,2024,環境部氣候變遷署,"1,1,1,2,3-五氟丙烷（HFC-245eb） / CH2FCHFCF3 溫暖化潛勢 | kg | 290.0"
"1,1,1,2-四氟乙烷（HFC-134a） / CH2FCF3 溫暖化潛勢",kg,1300.0,1,CCA GHG Factor Table,2024,環境部氣候變遷署,"1,1,1,2-四氟乙烷（HFC-134a） / CH2FCF3 溫暖化潛勢 | kg | 1300.0"
"1,1,1,3,3,3-六氟丙烷（HFC-236fa） / CF3CH2CF3 溫暖化潛勢",kg,8060.0,1,CCA GHG Factor Table,2024,環境部氣候變遷署,"1,1,1,3,3,3-六氟丙烷（HFC-236fa） / CF3CH2CF3 溫暖化潛勢 | kg | 8060.0"
"1,1,1,3,3-五氟丙烷（HFC-245fa） / CHF2CH2CF3 溫暖化潛勢",kg,858.0,1,CCA GHG Factor Table,2024,環境部氣候變遷署,"1,1,1,3,3-五氟丙烷（HFC-245fa） / CHF2CH2CF3 溫暖化潛勢 | kg | 858.0"
3.49噸低溫貨車服務(裝載率77％，包含營業據點排放),延噸公里(tkm),1.55,1,MOENV CFP,2017,交通部運輸研究所,3.49噸低溫貨車服務(裝載率77％，包含營業據點排放) | 延噸公里(tkm) | 1.55
"1,1,1-三氟丙烷（HFC-263fb） / CH3CH2CF3 溫暖化潛勢",kg,76.0,1,CCA GHG Factor Table,2024,環境部氣候變遷署,"1,1,1-三氟丙烷（HFC-263fb） / CH3CH2CF3 溫暖化潛勢 | kg | 76.0"
"1,1,1-三氟乙烷（HFC-143a） / CH3CF3 溫暖化潛勢",kg,4800.0,1,CCA GHG Factor Table,2024,環境部氣候變遷署,"1,1,1-三氟乙烷（HFC-143a） / CH3CF3 溫暖化潛勢 | kg | 4800.0"
"1,1,2,2,3-五氟丙烷（HFC-245ca） / CH2FCF2CHF2 溫暖化潛勢",kg,716.0,1,CCA GHG Factor Table,2024,環境部氣候變遷署,"1,1,2,2,3-五氟丙烷（HFC-245ca） / CH2FCF2CHF2 溫暖化潛勢 | kg | 716.0"
"1,1,2,2-四氟乙烷（HFC-134） / CHF2CHF2 溫暖化潛勢",kg,1120.0,1,CCA GHG Factor Table,2024,環境部氣候變遷署,"1,1,2,2-四氟乙烷（HFC-134） / CHF2CHF2 溫暖化潛勢 | kg | 1120.0"
"1,1,2,3,3-五氟丙烷（HFC-245ea） / CHF2CHFCHF2 溫暖化潛勢",kg,235.0,1,CCA GHG Factor Table,2024,環境部氣候變遷署,"1,1,2,3,3-五氟丙烷（HFC-245ea） / CHF2CHFCHF2 溫暖化潛勢 | kg | 235.0"
"1,1,2-三氟乙烷（HFC-143） / CH2FCHF2 溫暖化潛勢",kg,328.0,1,CCA GHG Factor Table,2024,環境部氣候變遷署,"1,1,2-三氟乙烷（HFC-143） / CH2FCHF2 溫暖化潛勢 | kg | 328.0"
"1,1-二氟乙烷（HFC-152a） / CH3CHF2 溫暖化潛勢",kg,138.0,1,CCA GHG Factor Table,2024,環境部氣候變遷署,"1,1-二氟乙烷（HFC-152a） / CH3CHF2 溫暖化潛勢 | kg | 138.0"
"1,2-二氟乙烷（HFC-152） / CH2FCH2F 溫暖化潛勢",kg,16.0,1,CCA GHG Factor Table,2024,環境部氣候變遷署,"1,2-二氟乙烷（HFC-152） / CH2FCH2F 溫暖化潛勢 | kg | 16.0"
1975前的工廠（所有製程）Old (pre-1975) plants (all processes) N2O排放係數（公斤/公噸硝酸）,t,-4.5,1,CCA GHG Factor Table,2024,環境部氣候變遷署,1975前的工廠（所有製程）Old (pre-1975) plants (all processes) N2O排放係數（公斤/公噸硝酸） | t | -4.5
"2,2-二氟丙烷（HFC-272ca） / CH3CF2CH3 溫暖化潛勢",kg,144.0,1,CCA GHG Factor Table,2024,環境部氣候變遷署,"2,2-二氟丙烷（HFC-272ca） / CH3CF2CH3 溫暖化潛勢 | kg | 144.0"
2-全氟丁烯（Perfluorobut-2-ene） / CF3CF=CFCF3 溫暖化潛勢,kg,2.0,1,CCA GHG Factor Table,2024,環境部氣候變遷署,2-全氟丁烯（Perfluorobut-2-ene） / CF3CF=CFCF3 溫暖化潛勢 | kg | 2.0
3.49噸低溫貨車服務(裝載率32％，包含營業據點排放),tkm,2.71,1,Taiwan EPA,2017,交通部運輸研究所,3.49噸低溫貨車服務(裝載率32％，包含營業據點排放) | tkm | 2.71
3.49噸低溫貨車服務(裝載率32％，包含營業據點排放),延噸公里(tkm),2.71,1,MOENV CFP,2017,交通部運輸研究所,3.49噸低溫貨車服務(裝載率32％，包含營業據點排放) | 延噸公里(tkm) | 2.71
3.49噸低溫貨車服務(裝載率77％，包含營業據點排放),tkm,1.55,1,Taiwan EPA,2017,交通部運輸研究所,3.49噸低溫貨車服務(裝載率77％，包含營業據點排放) | tkm | 1.55
丙烯,kg,1.88,1,Taiwan EPA,2015,環境部,丙烯 | kg | 1.88
乙二醇,kg,1.81,1,Taiwan EPA,2022,環境部,乙二醇 | kg | 1.81
乙二醛(Glyoxal) N2O排放係數（公噸/公噸乙二醛或乙醛酸）,t,520.0,1,CCA GHG Factor Table,2024,環境部氣候變遷署,乙二醛(Glyoxal) N2O排放係數（公噸/公噸乙二醛或乙醛酸） | t | 520.0
具有減排技術的雙壓工廠- 中高壓Dual Pressure (M/H) with abatement technology N2O排放係數（公斤/公噸硝酸）,t,2.5,1,CCA GHG Factor Table,2024,環境部氣候變遷署,具有減排技術的雙壓工廠- 中高壓Dual Pressure (M/H) with abatement technology N2O排放係數（公斤/公噸硝酸） | t | 2.5
八氟環丁烷（PFC-318） / c-C4F8 溫暖化潛勢,kg,9540.0,1,CCA GHG Factor Table,2024,環境部氣候變遷署,八氟環丁烷（PFC-318） / c-C4F8 溫暖化潛勢 | kg | 9540.0
六氟乙烷（PFC-116） / C2F6 溫暖化潛勢,kg,11100.0,1,CCA GHG Factor Table,2024,環境部氣候變遷署,六氟乙烷（PFC-116） / C2F6 溫暖化潛勢 | kg | 11100.0
六氟化硫（Sulphur hexafluoride） / SF6 溫暖化潛勢,kg,23500.0,1,CCA GHG Factor Table,2024,環境部氣候變遷署,六氟化硫（Sulphur hexafluoride） / SF6 溫暖化潛勢 | kg | 23500.0
其他初級固體生質 / Other Primary Solid Biomass 固定燃燒排放係數,tj,101900.0,1,CCA GHG Factor Table,2024,環境部氣候變遷署,其他初級固體生質 / Other Primary Solid Biomass 固定燃燒排放係數 | tj | 101900.0
其他氣體生質燃料 / Other Biogas 固定燃燒排放係數,tj,54654.5,1,CCA GHG Factor Table,2024,環境部氣候變遷署,其他氣體生質燃料 / Other Biogas 固定燃燒排放係數 | tj | 54654.5
其他油品 / 煉油氣 / Other Oil / Refinery Gas 固定燃燒排放係數,tj,57654.5,1,CCA GHG Factor Table,2024,環境部氣候變遷署,其他油品 / 煉油氣 / Other Oil / Refinery Gas 固定燃燒排放係數 | tj | 57654.5
其他液體生質燃料 / Other Liquid Biofuels 固定燃燒排放係數,tj,79843.0,1,CCA GHG Factor Table,2024,環境部氣候變遷署,其他液體生質燃料 / Other Liquid Biofuels 固定燃燒排放係數 | tj | 79843.0
其他煙煤 / Other Bituminous Coal 固定燃燒排放係數,tj,95025.5,1,CCA GHG Factor Table,2024,環境部氣候變遷署,其他煙煤 / Other Bituminous Coal 固定燃燒排放係數 | tj | 95025.5
其他煤油 / Other Kerosene 固定燃燒排放係數,tj,72143.0,1,CCA GHG Factor Table,2024,環境部氣候變遷署,其他煤油 / Other Kerosene 固定燃燒排放係數 | tj | 72143.0
其他石油產品 / Other Petroleum Products 固定燃燒排放係數,tj,73543.0,1,CCA GHG Factor Table,2024,環境部氣候變遷署,其他石油產品 / Other Petroleum Products 固定燃燒排放係數 | tj | 73543.0
"其他稀土金屬/合金（Nd、Pr-Nd、La 等）(Other-RE metals/alloys (Nd, Pr-Nd, La, etc)) CO2排放係數 （公噸/公噸稀土金屬）",t,35800.0,1,CCA GHG Factor Table,2024,環境部氣候變遷署,"其他稀土金屬/合金（Nd、Pr-Nd、La 等）(Other-RE metals/alloys (Nd, Pr-Nd, La, etc)) CO2排放係數 （公噸/公噸稀土金屬） | t | 35800.0"
其他非石化燃料 / 都市廢棄物 - 生質部分 / Other non-fossil fuels / Municipal Wastes (biomass fraction) 固定燃燒排放係數,tj,101900.0,1,CCA GHG Factor Table,2024,環境部氣候變遷署,其他非石化燃料 / 都市廢棄物 - 生質部分 / Other non-fossil fuels / Municipal Wastes (biomass fraction) 固定燃燒排放係數 | tj | 101900.0
具有減排技術的單壓工廠Single pressure plants with abatement technology N2O排放係數（公斤/公噸硝酸）,t,2.5,1,CCA GHG Factor Table,2024,環境部氣候變遷署,具有減排技術的單壓工廠Single pressure plants with abatement technology N2O排放係數（公斤/公噸硝酸） | t | 2.5
具有減排技術的雙壓工廠- 中低壓Dual Pressure (L/M) with abatement technology N2O排放係數（公斤/公噸硝酸）,t,1.5,1,CCA GHG Factor Table,2024,環境部氣候變遷署,具有減排技術的雙壓工廠- 中低壓Dual Pressure (L/M) with abatement technology N2O排放係數（公斤/公噸硝酸） | t | 1.5
再生料-廢輪胎-再生碳黑,mt,518.0,1,Taiwan EPA,2017,環拓科技股份有限公司,再生料-廢輪胎-再生碳黑 | mt | 518.0
乙烯,kg,1.88,1,Taiwan EPA,2015,環境部,乙烯 | kg | 1.88
再生料-廢輪胎-再生碳黑,公噸(mt),518.0,1,MOENV CFP,2017,環拓科技股份有限公司,再生料-廢輪胎-再生碳黑 | 公噸(mt) | 518.0
再生料-廢輪胎-再生裂解油(未燃燒),kl,310.0,1,Taiwan EPA,2017,環拓科技股份有限公司,再生料-廢輪胎-再生裂解油(未燃燒) | kl | 310.0
再生料-廢輪胎-再生裂解油(未燃燒),公秉(kl),310.0,1,MOENV CFP,2017,環拓科技股份有限公司,再生料-廢輪胎-再生裂解油(未燃燒) | 公秉(kl) | 310.0
再生高壓透水混凝土地磚(20cm*10cm*6cm),piece,0.59,1,MOENV CFP,2020,健源有限公司,再生高壓透水混凝土地磚(20cm*10cm*6cm) | piece | 0.59
再生高壓透水混凝土地磚(20cm*10cm*6cm),片,0.59,1,Taiwan EPA,2020,健源有限公司,再生高壓透水混凝土地磚(20cm*10cm*6cm) | 片 | 0.59
再生高壓透水混凝土地磚(20cm*20cm*6cm),piece,1.18,1,MOENV CFP,2020,健源有限公司,再生高壓透水混凝土地磚(20cm*20cm*6cm) | piece | 1.18
再生高壓透水混凝土地磚(20cm*20cm*6cm),片,1.18,1,Taiwan EPA,2020,健源有限公司,再生高壓透水混凝土地磚(20cm*20cm*6cm) | 片 | 1.18
再生高壓透水混凝土地磚(30cm*30cm*6cm),piece,2.65,1,MOENV CFP,2020,健源有限公司,再生高壓透水混凝土地磚(30cm*30cm*6cm) | piece | 2.65
再生高壓透水混凝土地磚(30cm*30cm*6cm),片,2.65,1,Taiwan EPA,2020,健源有限公司,再生高壓透水混凝土地磚(30cm*30cm*6cm) | 片 | 2.65
副產品燃燒（Secondary Products Burned for Energy Recovery/Flared） CO2排放係數,t,1000.0,1,CCA GHG Factor Table,2024,環境部氣候變遷署,副產品燃燒（Secondary Products Burned for Energy Recovery/Flared） CO2排放係數 | t | 1000.0
卜特蘭水泥(Ⅱ型),kg,0.981,1,Taiwan EPA,2020,公路總局西部濱海公路南區臨時工程處,卜特蘭水泥(Ⅱ型) | kg | 0.981
卜特蘭高爐爐碴水泥(太空包裝),mt,516.86,1,Taiwan EPA,2016,中聯資源股份有限公司,卜特蘭高爐爐碴水泥(太空包裝) | mt | 516.86
卜特蘭高爐爐碴水泥(太空包裝),公噸(mt),516.86,1,MOENV CFP,2016,中聯資源股份有限公司,卜特蘭高爐爐碴水泥(太空包裝) | 公噸(mt) | 516.86
卜特蘭高爐爐碴水泥(散裝),mt,512.57,1,Taiwan EPA,2016,中聯資源股份有限公司,卜特蘭高爐爐碴水泥(散裝) | mt | 512.57
全鋁質混凝土管（管徑 800mm）,公尺(m),199.0,1,MOENV CFP,2018,內政部營建署,全鋁質混凝土管（管徑 800mm） | 公尺(m) | 199.0
全鋁質混凝土管（管徑 800mm）,m,199.0,1,Taiwan EPA,2018,內政部營建署,全鋁質混凝土管（管徑 800mm） | m | 199.0
全鋁質混凝土管（管徑 300mm）,公尺(m),94.8,1,MOENV CFP,2018,內政部營建署,全鋁質混凝土管（管徑 300mm） | 公尺(m) | 94.8
全鋁質混凝土管（管徑 300mm）,m,94.8,1,Taiwan EPA,2018,內政部營建署,全鋁質混凝土管（管徑 300mm） | m | 94.8
乙烷 / Ethane 固定燃燒排放係數,tj,61654.5,1,CCA GHG Factor Table,2024,環境部氣候變遷署,乙烷 / Ethane 固定燃燒排放係數 | tj | 61654.5
乙腈燃燒（Acetonitrile Burned for Energy Recovery/Flared） CO2排放係數,t,830.0,1,CCA GHG Factor Table,2024,環境部氣候變遷署,乙腈燃燒（Acetonitrile Burned for Energy Recovery/Flared） CO2排放係數 | t | 830.0
"乙醇, 卡車 / Ethanol, trucks, US 移動燃燒 CH4/N2O 排放係數",tj,18145.0,1,CCA GHG Factor Table,2024,環境部氣候變遷署,"乙醇, 卡車 / Ethanol, trucks, US 移動燃燒 CH4/N2O 排放係數 | tj | 18145.0"
"乙醇, 汽車 / Ethanol, cars, Brazil 移動燃燒 CH4/N2O 排放係數",tj,504.0,1,CCA GHG Factor Table,2024,環境部氣候變遷署,"乙醇, 汽車 / Ethanol, cars, Brazil 移動燃燒 CH4/N2O 排放係數 | tj | 504.0"
乙醛酸(Glyoxylic acid) N2O排放係數（公噸/公噸乙二醛或乙醛酸）,t,100.0,1,CCA GHG Factor Table,2024,環境部氣候變遷署,乙醛酸(Glyoxylic acid) N2O排放係數（公噸/公噸乙二醛或乙醛酸） | t | 100.0
乙類市區公車運輸服務(包含營業據點及公車站點排放),pkm,0.0784,1,Taiwan EPA,2017,府城汽車客運股份有限公司、興南汽車客運股份有限公司、新營汽車客運股份有限公司、臺南市政府環境保護局、臺南市政府交通局,乙類市區公車運輸服務(包含營業據點及公車站點排放) | pkm | 0.0784
乙類市區公車運輸服務(包含營業據點及公車站點排放),延人公里(pkm),0.0784,1,MOENV CFP,2017,府城汽車客運股份有限公司、興南汽車客運股份有限公司、新營汽車客運股份有限公司、臺南市政府環境保護局、臺南市政府交通局,乙類市區公車運輸服務(包含營業據點及公車站點排放) | 延人公里(pkm) | 0.0784
事業廢棄物 / Industrial Wastes 固定燃燒排放係數,tj,144900.0,1,CCA GHG Factor Table,2024,環境部氣候變遷署,事業廢棄物 / Industrial Wastes 固定燃燒排放係數 | tj | 144900.0
二氟甲烷（HFC-32） / CH2F2 溫暖化潛勢,kg,677.0,1,CCA GHG Factor Table,2024,環境部氣候變遷署,二氟甲烷（HFC-32） / CH2F2 溫暖化潛勢 | kg | 677.0
二氧化碳（Carbon dioxide） / CO2 溫暖化潛勢,kg,1.0,1,CCA GHG Factor Table,2024,環境部氣候變遷署,二氧化碳（Carbon dioxide） / CO2 溫暖化潛勢 | kg | 1.0
亞煙煤 / Sub-Bituminous Coal 固定燃燒排放係數,tj,96525.5,1,CCA GHG Factor Table,2024,環境部氣候變遷署,亞煙煤 / Sub-Bituminous Coal 固定燃燒排放係數 | tj | 96525.5
亞硫酸鈉,kg,1.83,1,Taiwan EPA,2018,經濟部工業局,亞硫酸鈉 | kg | 1.83
亞硫酸鹽廢液 / 黑液 / Sulphite lyes (Black Liquor) 固定燃燒排放係數,tj,95914.0,1,CCA GHG Factor Table,2024,環境部氣候變遷署,亞硫酸鹽廢液 / 黑液 / Sulphite lyes (Black Liquor) 固定燃燒排放係數 | tj | 95914.0
人身保險服務,piece,8.05,1,Taiwan EPA,2020,南山人壽保險股份有限公司,人身保險服務 | piece | 8.05
人身保險服務,件,8.05,1,MOENV CFP,2020,南山人壽保險股份有限公司,人身保險服務 | 件 | 8.05
以柴油動力垃圾車清除運輸一般廢棄物,tkm,1.31,1,Taiwan EPA,2018,環境部,以柴油動力垃圾車清除運輸一般廢棄物 | tkm | 1.31
以柴油動力垃圾車清除運輸一般廢棄物,延噸公里(tkm),1.31,1,MOENV CFP,2018,環境部,以柴油動力垃圾車清除運輸一般廢棄物 | 延噸公里(tkm) | 1.31
低地板甲類市區公車運輸服務(包含營業據點及公車站點排放),pkm,0.0575,1,Taiwan EPA,2017,府城汽車客運股份有限公司、興南汽車客運股份有限公司、新營汽車客運股份有限公司、臺南市政府環境保護局、臺南市政府交通局,低地板甲類市區公車運輸服務(包含營業據點及公車站點排放) | pkm | 0.0575
低地板甲類市區公車運輸服務(包含營業據點及公車站點排放),延人公里(pkm),0.0575,1,MOENV CFP,2017,府城汽車客運股份有限公司、興南汽車客運股份有限公司、新營汽車客運股份有限公司、臺南市政府環境保護局、臺南市政府交通局,低地板甲類市區公車運輸服務(包含營業據點及公車站點排放) | 延人公里(pkm) | 0.0575
全氟丁烷（PFC-31-10） / C4F10 溫暖化潛勢,kg,9200.0,1,CCA GHG Factor Table,2024,環境部氣候變遷署,全氟丁烷（PFC-31-10） / C4F10 溫暖化潛勢 | kg | 9200.0
全氟丙烷（PFC-218） / C3F8 溫暖化潛勢,kg,8900.0,1,CCA GHG Factor Table,2024,環境部氣候變遷署,全氟丙烷（PFC-218） / C3F8 溫暖化潛勢 | kg | 8900.0
全氟己烷（PFC-51-14） / n-C6F14 溫暖化潛勢,kg,7910.0,1,CCA GHG Factor Table,2024,環境部氣候變遷署,全氟己烷（PFC-51-14） / n-C6F14 溫暖化潛勢 | kg | 7910.0
全氟庚烷（PFC-61-16） / n-C7F16 溫暖化潛勢,kg,7820.0,1,CCA GHG Factor Table,2024,環境部氣候變遷署,全氟庚烷（PFC-61-16） / n-C7F16 溫暖化潛勢 | kg | 7820.0
全氟戊烷（PFC-41-12） / n-C5F12 溫暖化潛勢,kg,8550.0,1,CCA GHG Factor Table,2024,環境部氣候變遷署,全氟戊烷（PFC-41-12） / n-C5F12 溫暖化潛勢 | kg | 8550.0
全氟環戊烯（Perfluorocyclopentene） / c-C5F8 溫暖化潛勢,kg,2.0,1,CCA GHG Factor Table,2024,環境部氣候變遷署,全氟環戊烯（Perfluorocyclopentene） / c-C5F8 溫暖化潛勢 | kg | 2.0
全氟萘烷（PFC-91-18） / C10F18 溫暖化潛勢,kg,7190.0,1,CCA GHG Factor Table,2024,環境部氣候變遷署,全氟萘烷（PFC-91-18） / C10F18 溫暖化潛勢 | kg | 7190.0
全氟辛烷（PFC-71-18） / C8F18 溫暖化潛勢,kg,7620.0,1,CCA GHG Factor Table,2024,環境部氣候變遷署,全氟辛烷（PFC-71-18） / C8F18 溫暖化潛勢 | kg | 7620.0
"全鋁質混凝土管(管徑1,000mm)",m,569.0,1,Taiwan EPA,2017,內政部營建署,"全鋁質混凝土管(管徑1,000mm) | m | 569.0"
"全鋁質混凝土管(管徑1,000mm)",公尺(m),569.0,1,MOENV CFP,2017,內政部營建署,"全鋁質混凝土管(管徑1,000mm) | 公尺(m) | 569.0"
柴油(於固定源使用，2020),l,3.34,1,Taiwan EPA,2022,環境部,柴油(於固定源使用，2020) | l | 3.34
柴油(於固定源使用，2020),公升(l),3.34,1,MOENV CFP,2022,環境部,柴油(於固定源使用，2020) | 公升(l) | 3.34
柴油(於固定源使用，2021),l,3.29,1,Taiwan EPA,2023,環境部,柴油(於固定源使用，2021) | l | 3.29
燃料油使用(含90wt％ 生質燃料油，2015),kl,3140.0,1,Taiwan EPA,2017,經濟部中小企業處、環新能源股份有限公司,燃料油使用(含90wt％ 生質燃料油，2015) | kl | 3140.0
煤油使用(2018),l,2.97,1,Taiwan EPA,2020,環境部,煤油使用(2018) | l | 2.97
煤油使用(2018),公升(l),2.97,1,MOENV CFP,2020,環境部,煤油使用(2018) | 公升(l) | 2.97
煤油使用(2019),l,2.98,1,Taiwan EPA,2021,環境部,煤油使用(2019) | l | 2.98
煤油使用(2019),公升(l),2.98,1,MOENV CFP,2021,環境部,煤油使用(2019) | 公升(l) | 2.98
煤油使用(2020),l,2.98,1,Taiwan EPA,2022,環境部,煤油使用(2020) | l | 2.98
煤油使用(2020),公升(l),2.98,1,MOENV CFP,2022,環境部,煤油使用(2020) | 公升(l) | 2.98
煤油使用(2021),l,2.91,1,Taiwan EPA,2023,環境部,煤油使用(2021) | l | 2.91
煤油使用(2021),公升(l),2.91,1,MOENV CFP,2023,環境部,煤油使用(2021) | 公升(l) | 2.91
煤焦油 / Coal Tar 固定燃燒排放係數,tj,81125.5,1,CCA GHG Factor Table,2024,環境部氣候變遷署,煤焦油 / Coal Tar 固定燃燒排放係數 | tj | 81125.5
煤球 / Patent Fuel 固定燃燒排放係數,tj,97925.5,1,CCA GHG Factor Table,2024,環境部氣候變遷署,煤球 / Patent Fuel 固定燃燒排放係數 | tj | 97925.5
煤（矽鐵或金屬矽)(Coal (for FeSi and Si-metal)) CO2排放係數（公噸/公噸還原劑）,t,3100.0,1,CCA GHG Factor Table,2024,環境部氣候變遷署,煤（矽鐵或金屬矽)(Coal (for FeSi and Si-metal)) CO2排放係數（公噸/公噸還原劑） | t | 3100.0
熟料（Clinker） CO2（公噸/公噸熟料）,t,520.0,1,CCA GHG Factor Table,2024,環境部氣候變遷署,熟料（Clinker） CO2（公噸/公噸熟料） | t | 520.0
熱可塑性橡膠,kg,3.6,1,Taiwan EPA,2015,環境部,熱可塑性橡膠 | kg | 3.6
燃料油 / Residual Fuel Oil 固定燃燒排放係數,tj,77643.0,1,CCA GHG Factor Table,2024,環境部氣候變遷署,燃料油 / Residual Fuel Oil 固定燃燒排放係數 | tj | 77643.0
燃料油使用(含90wt％ 生質燃料油，2015),公秉(kl),3140.0,1,MOENV CFP,2017,經濟部中小企業處、環新能源股份有限公司,燃料油使用(含90wt％ 生質燃料油，2015) | 公秉(kl) | 3140.0
煤油使用(2017),l,2.98,1,Taiwan EPA,2019,環境部,煤油使用(2017) | l | 2.98
燃料油使用(蒸餘油/重油使用，2012),l,3.98,1,Taiwan EPA,2014,環境部,燃料油使用(蒸餘油/重油使用，2012) | l | 3.98
燃料油使用(蒸餘油/重油使用，2012),公升(l),3.98,1,MOENV CFP,2014,環境部,燃料油使用(蒸餘油/重油使用，2012) | 公升(l) | 3.98
燃料油使用(蒸餘油/重油使用，2013),l,4.02,1,Taiwan EPA,2015,環境部,燃料油使用(蒸餘油/重油使用，2013) | l | 4.02
燃料油使用(蒸餘油/重油使用，2013),公升(l),4.02,1,MOENV CFP,2015,環境部,燃料油使用(蒸餘油/重油使用，2013) | 公升(l) | 4.02
燃料油使用(蒸餘油/重油使用，2014),l,4.0,1,Taiwan EPA,2016,環境部,燃料油使用(蒸餘油/重油使用，2014) | l | 4.0
燃料油使用(蒸餘油/重油使用，2014),公升(l),4.0,1,MOENV CFP,2016,環境部,燃料油使用(蒸餘油/重油使用，2014) | 公升(l) | 4.0
燃料油使用(蒸餘油/重油使用，2015),l,4.0,1,Taiwan EPA,2017,環境部,燃料油使用(蒸餘油/重油使用，2015) | l | 4.0
燃料油使用(蒸餘油/重油使用，2015),公升(l),4.0,1,MOENV CFP,2017,環境部,燃料油使用(蒸餘油/重油使用，2015) | 公升(l) | 4.0
燃料油使用(蒸餘油/重油使用，2016),l,3.96,1,Taiwan EPA,2017,環境部,燃料油使用(蒸餘油/重油使用，2016) | l | 3.96
燃料油使用(蒸餘油/重油使用，2016),公升(l),3.96,1,MOENV CFP,2017,環境部,燃料油使用(蒸餘油/重油使用，2016) | 公升(l) | 3.96
燃料油使用(蒸餘油/重油使用，2017),l,3.96,1,Taiwan EPA,2019,環境部,燃料油使用(蒸餘油/重油使用，2017) | l | 3.96
燃料油使用(蒸餘油/重油使用，2017),公升(l),3.96,1,MOENV CFP,2019,環境部,燃料油使用(蒸餘油/重油使用，2017) | 公升(l) | 3.96
燃料油使用(蒸餘油/重油使用，2018),l,3.94,1,Taiwan EPA,2020,環境部,燃料油使用(蒸餘油/重油使用，2018) | l | 3.94
燃料油使用(蒸餘油/重油使用，2018),公升(l),3.94,1,MOENV CFP,2020,環境部,燃料油使用(蒸餘油/重油使用，2018) | 公升(l) | 3.94
煤油使用(2017),公升(l),2.98,1,MOENV CFP,2019,環境部,煤油使用(2017) | 公升(l) | 2.98
煤油使用(2016),公升(l),2.98,1,MOENV CFP,2018,環境部,煤油使用(2016) | 公升(l) | 2.98
潤滑油 / Lubricants 固定燃燒排放係數,tj,73543.0,1,CCA GHG Factor Table,2024,環境部氣候變遷署,潤滑油 / Lubricants 固定燃燒排放係數 | tj | 73543.0
煉焦煤 / Coking Coal 固定燃燒排放係數,tj,95025.5,1,CCA GHG Factor Table,2024,環境部氣候變遷署,煉焦煤 / Coking Coal 固定燃燒排放係數 | tj | 95025.5
澆注成型 / 鑄造（All Casting Processes） SF6排放係數 （公噸 /公噸鎂）,t,1000.0,1,CCA GHG Factor Table,2024,環境部氣候變遷署,澆注成型 / 鑄造（All Casting Processes） SF6排放係數 （公噸 /公噸鎂） | t | 1000.0
濃硫酸,kg,0.289,1,Taiwan EPA,2023,環境部,濃硫酸 | kg | 0.289
瀝青 / Bitumen 固定燃燒排放係數,tj,80943.0,1,CCA GHG Factor Table,2024,環境部氣候變遷署,瀝青 / Bitumen 固定燃燒排放係數 | tj | 80943.0
瀝青鋪面用粒料(散裝),mt,4.72,1,Taiwan EPA,2016,中聯資源股份有限公司,瀝青鋪面用粒料(散裝) | mt | 4.72
瀝青鋪面用粒料(散裝),mt,9.56,1,Taiwan EPA,2022,中聯資源股份有限公司,瀝青鋪面用粒料(散裝) | mt | 9.56
瀝青鋪面用粒料(散裝),公噸(mt),4.72,1,MOENV CFP,2016,中聯資源股份有限公司,瀝青鋪面用粒料(散裝) | 公噸(mt) | 4.72
無煙煤 / Anthracite 固定燃燒排放係數,tj,98725.5,1,CCA GHG Factor Table,2024,環境部氣候變遷署,無煙煤 / Anthracite 固定燃燒排放係數 | tj | 98725.5
無線滑鼠,piece,3.76,1,Taiwan EPA,2017,環境部,無線滑鼠 | piece | 3.76
無線滑鼠,支,3.76,1,MOENV CFP,2017,環境部,無線滑鼠 | 支 | 3.76
焦炭 / 焦炭 / Coke / Coke Oven Coke and Lignite Coke 固定燃燒排放係數,tj,107425.5,1,CCA GHG Factor Table,2024,環境部氣候變遷署,焦炭 / 焦炭 / Coke / Coke Oven Coke and Lignite Coke 固定燃燒排放係數 | tj | 107425.5
焦炭（矽或矽鐵)(Coke (for Si and FeSi)) CO2排放係數（公噸/公噸還原劑）,t,-50.0,1,CCA GHG Factor Table,2024,環境部氣候變遷署,焦炭（矽或矽鐵)(Coke (for Si and FeSi)) CO2排放係數（公噸/公噸還原劑） | t | -50.0
焦炭（鐵錳或矽錳)(Coke (for FeMn and SiMn)) CO2排放係數（公噸/公噸還原劑）,t,-50.0,1,CCA GHG Factor Table,2024,環境部氣候變遷署,焦炭（鐵錳或矽錳)(Coke (for FeMn and SiMn)) CO2排放係數（公噸/公噸還原劑） | t | -50.0
焦爐氣 / Coke Oven Gas 固定燃燒排放係數,tj,44454.5,1,CCA GHG Factor Table,2024,環境部氣候變遷署,焦爐氣 / Coke Oven Gas 固定燃燒排放係數 | tj | 44454.5
煉油廠進料 / Refinery Feedstocks 固定燃燒排放係數,tj,73543.0,1,CCA GHG Factor Table,2024,環境部氣候變遷署,煉油廠進料 / Refinery Feedstocks 固定燃燒排放係數 | tj | 73543.0
煙燻素火腿,條,1.9,1,Taiwan EPA,2019,儒慧實業有限公司,煙燻素火腿 | 條 | 1.9
煤油使用(2016),l,2.98,1,Taiwan EPA,2018,環境部,煤油使用(2016) | l | 2.98
煤氣焦碳 / Gas Coke 固定燃燒排放係數,tj,107054.5,1,CCA GHG Factor Table,2024,環境部氣候變遷署,煤氣焦碳 / Gas Coke 固定燃燒排放係數 | tj | 107054.5
煤油 / Kerosene 移動燃燒 CO2 排放係數,tj,71900.0,1,CCA GHG Factor Table,2024,環境部氣候變遷署,煤油 / Kerosene 移動燃燒 CO2 排放係數 | tj | 71900.0
煤油(未燃燒，2018),l,0.403,1,Taiwan EPA,2020,環境部,煤油(未燃燒，2018) | l | 0.403
煤油(未燃燒，2018),公升(l),0.403,1,MOENV CFP,2020,環境部,煤油(未燃燒，2018) | 公升(l) | 0.403
煤油(未燃燒，2019),l,0.413,1,Taiwan EPA,2021,環境部,煤油(未燃燒，2019) | l | 0.413
煤油(未燃燒，2019),公升(l),0.413,1,MOENV CFP,2021,環境部,煤油(未燃燒，2019) | 公升(l) | 0.413
煤油(未燃燒，2020),l,0.411,1,Taiwan EPA,2022,環境部,煤油(未燃燒，2020) | l | 0.411
煤油(未燃燒，2020),公升(l),0.411,1,MOENV CFP,2022,環境部,煤油(未燃燒，2020) | 公升(l) | 0.411
煤油(未燃燒，2021),l,0.353,1,Taiwan EPA,2023,環境部,煤油(未燃燒，2021) | l | 0.353
煤油(未燃燒，2021),公升(l),0.353,1,MOENV CFP,2023,環境部,煤油(未燃燒，2021) | 公升(l) | 0.353
煤油使用(2014),l,3.02,1,Taiwan EPA,2016,環境部,煤油使用(2014) | l | 3.02
煤油使用(2014),公升(l),3.02,1,MOENV CFP,2016,環境部,煤油使用(2014) | 公升(l) | 3.02
煤油使用(2015),l,3.02,1,Taiwan EPA,2017,環境部,煤油使用(2015) | l | 3.02
煤油使用(2015),公升(l),3.02,1,MOENV CFP,2017,環境部,煤油使用(2015) | 公升(l) | 3.02
燃料油使用(蒸餘油/重油使用，2019),l,3.95,1,Taiwan EPA,2021,環境部,燃料油使用(蒸餘油/重油使用，2019) | l | 3.95
燃料油使用(蒸餘油/重油使用，2019),公升(l),3.95,1,MOENV CFP,2021,環境部,燃料油使用(蒸餘油/重油使用，2019) | 公升(l) | 3.95
燃料油使用(蒸餘油/重油使用，2020),l,3.95,1,Taiwan EPA,2022,環境部,燃料油使用(蒸餘油/重油使用，2020) | l | 3.95
甲烷（Methane） / CH4 溫暖化潛勢,kg,28.0,1,CCA GHG Factor Table,2024,環境部氣候變遷署,甲烷（Methane） / CH4 溫暖化潛勢 | kg | 28.0
特製液糖(20公噸),公噸(mt),7.03,1,MOENV CFP,2014,台灣糖業公司,特製液糖(20公噸) | 公噸(mt) | 7.03
猴頭菇素火腿,條,2.0,1,Taiwan EPA,2019,儒慧實業有限公司,猴頭菇素火腿 | 條 | 2.0
玻璃容器,kg,1.15,1,Taiwan EPA,2022,環境部,玻璃容器 | kg | 1.15
玻璃纖維（絕緣）(Fiberglass (Insulation)) CO2排放係數（公噸/公噸玻璃）,t,250.0,1,CCA GHG Factor Table,2024,環境部氣候變遷署,玻璃纖維（絕緣）(Fiberglass (Insulation)) CO2排放係數（公噸/公噸玻璃） | t | 250.0
玻璃纖維（電子級）(Fiberglass (E-glass)) CO2排放係數（公噸/公噸玻璃）,t,190.0,1,CCA GHG Factor Table,2024,環境部氣候變遷署,玻璃纖維（電子級）(Fiberglass (E-glass)) CO2排放係數（公噸/公噸玻璃） | t | 190.0
玻璃（Glass） CO2（公噸/公噸玻璃）,t,200.0,1,CCA GHG Factor Table,2024,環境部氣候變遷署,玻璃（Glass） CO2（公噸/公噸玻璃） | t | 200.0
環保抽取式擦手紙巾,包,0.739,1,Taiwan EPA,2020,正隆股份有限公司竹北廠,環保抽取式擦手紙巾 | 包 | 0.739
環保抽取式衛生紙,包,0.279,1,Taiwan EPA,2020,正隆股份有限公司竹北廠,環保抽取式衛生紙 | 包 | 0.279
瓶裝水（600ml，PET包裝）,瓶,0.14,1,Taiwan EPA,2019,名牌食品股份有限公司,瓶裝水（600ml，PET包裝） | 瓶 | 0.14
甘蔗吸管,piece,0.00478,1,Taiwan EPA,2022,環境部,甘蔗吸管 | piece | 0.00478
甘蔗吸管,支,0.00478,1,MOENV CFP,2022,環境部,甘蔗吸管 | 支 | 0.00478
生質柴油 / Biodiesels 固定燃燒排放係數,tj,71043.0,1,CCA GHG Factor Table,2024,環境部氣候變遷署,生質柴油 / Biodiesels 固定燃燒排放係數 | tj | 71043.0
產品-碳化鈣(Use of product) / 無 CH4排放係數（公噸/公噸石油焦）,t,1100.0,1,CCA GHG Factor Table,2024,環境部氣候變遷署,產品-碳化鈣(Use of product) / 無 CH4排放係數（公噸/公噸石油焦） | t | 1100.0
甲基丙烯酸甲酯,kg,3.99,1,Taiwan EPA,2020,環境部,甲基丙烯酸甲酯 | kg | 3.99
發泡聚苯乙烯,kg,2.31,1,Taiwan EPA,2020,環境部,發泡聚苯乙烯 | kg | 2.31
燃料油使用(蒸餘油/重油使用，2020),公升(l),3.95,1,MOENV CFP,2022,環境部,燃料油使用(蒸餘油/重油使用，2020) | 公升(l) | 3.95
白精油 / White Spirit & SBP 固定燃燒排放係數,tj,73543.0,1,CCA GHG Factor Table,2024,環境部氣候變遷署,白精油 / White Spirit & SBP 固定燃燒排放係數 | tj | 73543.0
白雲石石灰(Dolomitic lime) / 0.913 / 55-57 / 38-41 / 0.95或0.85註2 CO2（公噸/公噸石灰）,t,860.0,1,CCA GHG Factor Table,2024,環境部氣候變遷署,白雲石石灰(Dolomitic lime) / 0.913 / 55-57 / 38-41 / 0.95或0.85註2 CO2（公噸/公噸石灰） | t | 860.0
白雲石（Dolomite） CO2排放係數 （公噸 /公噸初級鎂）,t,5130.0,1,CCA GHG Factor Table,2024,環境部氣候變遷署,白雲石（Dolomite） CO2排放係數 （公噸 /公噸初級鎂） | t | 5130.0
百貨零售服務,每平方米‧每小時,0.035,1,Taiwan EPA,2019,太平洋崇光百貨股份有限公司,百貨零售服務 | 每平方米‧每小時 | 0.035
盒裝去殼牡蠣,mt,1096.25,1,Taiwan EPA,2014,行政院農業委員會漁業署,盒裝去殼牡蠣 | mt | 1096.25
盒裝去殼牡蠣,公噸(mt),1096.25,1,MOENV CFP,2014,行政院農業委員會漁業署,盒裝去殼牡蠣 | 公噸(mt) | 1096.25
石化甲烷（Fossil methane）註1 / CH4 溫暖化潛勢,kg,30.0,1,CCA GHG Factor Table,2024,環境部氣候變遷署,石化甲烷（Fossil methane）註1 / CH4 溫暖化潛勢 | kg | 30.0
石油焦 / Petroleum Coke 固定燃燒排放係數,tj,97743.0,1,CCA GHG Factor Table,2024,環境部氣候變遷署,石油焦 / Petroleum Coke 固定燃燒排放係數 | tj | 97743.0
石油焦（Petroleum coke) CO2排放係數（公噸/公噸還原劑）,t,3500.0,1,CCA GHG Factor Table,2024,環境部氣候變遷署,石油焦（Petroleum coke) CO2排放係數（公噸/公噸還原劑） | t | 3500.0
石油腦 / Naphtha 固定燃燒排放係數,tj,73543.0,1,CCA GHG Factor Table,2024,環境部氣候變遷署,石油腦 / Naphtha 固定燃燒排放係數 | tj | 73543.0
石灰（Lime Produced） CO2（公噸/公噸石灰）,t,750.0,1,CCA GHG Factor Table,2024,環境部氣候變遷署,石灰（Lime Produced） CO2（公噸/公噸石灰） | t | 750.0
石蠟 / Paraffin Waxes 固定燃燒排放係數,tj,73543.0,1,CCA GHG Factor Table,2024,環境部氣候變遷署,石蠟 / Paraffin Waxes 固定燃燒排放係數 | tj | 73543.0
矽晶圓(6吋),piece,4.65,1,MOENV CFP,2013,經濟部工業局,矽晶圓(6吋) | piece | 4.65
矽晶圓(6吋),片,4.65,1,Taiwan EPA,2013,經濟部工業局,矽晶圓(6吋) | 片 | 4.65
特製液糖(20公噸),mt,23800.0,1,Taiwan EPA,2022,台灣糖業股份有限公司小港廠,特製液糖(20公噸) | mt | 23800.0
特製液糖(20公噸),mt,7.03,1,Taiwan EPA,2014,台灣糖業公司,特製液糖(20公噸) | mt | 7.03
特殊（餐具）(Specialty (Tableware)) CO2排放係數（公噸/公噸玻璃）,t,100.0,1,CCA GHG Factor Table,2024,環境部氣候變遷署,特殊（餐具）(Specialty (Tableware)) CO2排放係數（公噸/公噸玻璃） | t | 100.0
特殊（照明）(Specialty (Lighting)) CO2排放係數（公噸/公噸玻璃）,t,200.0,1,CCA GHG Factor Table,2024,環境部氣候變遷署,特殊（照明）(Specialty (Lighting)) CO2排放係數（公噸/公噸玻璃） | t | 200.0
燃料油使用(蒸餘油/重油使用，2021),l,3.88,1,Taiwan EPA,2023,環境部,燃料油使用(蒸餘油/重油使用，2021) | l | 3.88
燃料油使用(蒸餘油/重油使用，2021),公升(l),3.88,1,MOENV CFP,2023,環境部,燃料油使用(蒸餘油/重油使用，2021) | 公升(l) | 3.88
燃料油未燃燒(蒸餘油/重油未燃燒，2018),l,0.822,1,Taiwan EPA,2020,環境部,燃料油未燃燒(蒸餘油/重油未燃燒，2018) | l | 0.822
燃料油未燃燒(蒸餘油/重油未燃燒，2018),公升(l),0.822,1,MOENV CFP,2020,環境部,燃料油未燃燒(蒸餘油/重油未燃燒，2018) | 公升(l) | 0.822
燃料油未燃燒(蒸餘油/重油未燃燒，2019),l,0.832,1,Taiwan EPA,2021,環境部,燃料油未燃燒(蒸餘油/重油未燃燒，2019) | l | 0.832
燃料油未燃燒(蒸餘油/重油未燃燒，2019),公升(l),0.832,1,MOENV CFP,2021,環境部,燃料油未燃燒(蒸餘油/重油未燃燒，2019) | 公升(l) | 0.832
燃料油未燃燒(蒸餘油/重油未燃燒，2020),l,0.829,1,Taiwan EPA,2022,環境部,燃料油未燃燒(蒸餘油/重油未燃燒，2020) | l | 0.829
燃料油未燃燒(蒸餘油/重油未燃燒，2020),公升(l),0.829,1,MOENV CFP,2022,環境部,燃料油未燃燒(蒸餘油/重油未燃燒，2020) | 公升(l) | 0.829
燃料油未燃燒(蒸餘油/重油未燃燒，2021),l,0.764,1,Taiwan EPA,2023,環境部,燃料油未燃燒(蒸餘油/重油未燃燒，2021) | l | 0.764
燃料油未燃燒(蒸餘油/重油未燃燒，2021),公升(l),0.764,1,MOENV CFP,2023,環境部,燃料油未燃燒(蒸餘油/重油未燃燒，2021) | 公升(l) | 0.764
營業大客車(市區公車及公路客運-柴油),pkm,0.0944,1,Taiwan EPA,2014,交通部運輸研究所,營業大客車(市區公車及公路客運-柴油) | pkm | 0.0944
營業大客車(市區公車及公路客運-柴油),延人公里(pkm),0.0944,1,MOENV CFP,2014,交通部運輸研究所,營業大客車(市區公車及公路客運-柴油) | 延人公里(pkm) | 0.0944
營業大貨車(柴油),tkm,0.131,1,Taiwan EPA,2022,環境部,營業大貨車(柴油) | tkm | 0.131
營業大貨車(柴油),tkm,0.235,1,Taiwan EPA,2014,交通部運輸研究所,營業大貨車(柴油) | tkm | 0.235
營業大貨車(柴油),延噸公里(tkm),0.235,1,MOENV CFP,2014,交通部運輸研究所,營業大貨車(柴油) | 延噸公里(tkm) | 0.235
營業小客車(汽油),pkm,0.133,1,Taiwan EPA,2014,交通部運輸研究所,營業小客車(汽油) | pkm | 0.133
營業小客車(汽油),延人公里(pkm),0.133,1,MOENV CFP,2014,交通部運輸研究所,營業小客車(汽油) | 延人公里(pkm) | 0.133
營業小貨車(柴油),tkm,0.587,1,Taiwan EPA,2022,環境部,營業小貨車(柴油) | tkm | 0.587
營業小貨車(柴油),tkm,0.647,1,Taiwan EPA,2014,交通部運輸研究所,營業小貨車(柴油) | tkm | 0.647
營業小貨車(柴油),延噸公里(tkm),0.647,1,MOENV CFP,2014,交通部運輸研究所,營業小貨車(柴油) | 延噸公里(tkm) | 0.647
營業小貨車(汽油),tkm,0.6259,1,Taiwan EPA,2014,交通部運輸研究所,營業小貨車(汽油) | tkm | 0.6259
營業小貨車(汽油),tkm,0.683,1,Taiwan EPA,2022,環境部,營業小貨車(汽油) | tkm | 0.683
營業小貨車(汽油),延噸公里(tkm),0.6259,1,MOENV CFP,2014,交通部運輸研究所,營業小貨車(汽油) | 延噸公里(tkm) | 0.6259
營業遊覽車(柴油),pkm,0.0441,1,Taiwan EPA,2014,交通部運輸研究所,營業遊覽車(柴油) | pkm | 0.0441
營業遊覽車(柴油),延人公里(pkm),0.0441,1,MOENV CFP,2014,交通部運輸研究所,營業遊覽車(柴油) | 延人公里(pkm) | 0.0441
牛皮紙,kg,1.22,1,Taiwan EPA,2023,環境部,牛皮紙 | kg | 1.22
特殊（TV映像管）(Specialty (TV Funnel)) CO2排放係數（公噸/公噸玻璃）,t,130.0,1,CCA GHG Factor Table,2024,環境部氣候變遷署,特殊（TV映像管）(Specialty (TV Funnel)) CO2排放係數（公噸/公噸玻璃） | t | 130.0
特殊（TV面版）(Specialty (TV Panel)) CO2排放係數（公噸/公噸玻璃）,t,180.0,1,CCA GHG Factor Table,2024,環境部氣候變遷署,特殊（TV面版）(Specialty (TV Panel)) CO2排放係數（公噸/公噸玻璃） | t | 180.0
特殊（實驗室/醫藥）(Specialty (Lab/Pharma)) CO2排放係數（公噸/公噸玻璃）,t,30.0,1,CCA GHG Factor Table,2024,環境部氣候變遷署,特殊（實驗室/醫藥）(Specialty (Lab/Pharma)) CO2排放係數（公噸/公噸玻璃） | t | 30.0
潤滑油 / Lubricants 移動燃燒 CO2 排放係數,tj,73300.0,1,CCA GHG Factor Table,2024,環境部氣候變遷署,潤滑油 / Lubricants 移動燃燒 CO2 排放係數 | tj | 73300.0
混凝土及水泥砂漿用水淬高爐爐碴粉(散裝，含轉運),公噸(mt),61.3,1,MOENV CFP,2022,中聯資源股份有限公司,混凝土及水泥砂漿用水淬高爐爐碴粉(散裝，含轉運) | 公噸(mt) | 61.3
柴油(於固定源使用，2021),公升(l),3.29,1,MOENV CFP,2023,環境部,柴油(於固定源使用，2021) | 公升(l) | 3.29
柴油（於水路運輸移動源使用，2018）,l,3.36,1,Taiwan EPA,2020,環境部,柴油（於水路運輸移動源使用，2018） | l | 3.36
柴油（於捕撈移動源使用，2016）,l,3.36,1,Taiwan EPA,2018,環境部,柴油（於捕撈移動源使用，2016） | l | 3.36
柴油（於捕撈移動源使用，2016）,公升(l),3.36,1,MOENV CFP,2018,環境部,柴油（於捕撈移動源使用，2016） | 公升(l) | 3.36
柴油（於捕撈移動源使用，2017）,l,3.36,1,Taiwan EPA,2019,環境部,柴油（於捕撈移動源使用，2017） | l | 3.36
柴油（於捕撈移動源使用，2017）,公升(l),3.36,1,MOENV CFP,2019,環境部,柴油（於捕撈移動源使用，2017） | 公升(l) | 3.36
柴油（於捕撈移動源使用，2018）,l,3.35,1,Taiwan EPA,2020,環境部,柴油（於捕撈移動源使用，2018） | l | 3.35
柴油（於捕撈移動源使用，2018）,公升(l),3.35,1,MOENV CFP,2020,環境部,柴油（於捕撈移動源使用，2018） | 公升(l) | 3.35
柴油（於捕撈移動源使用，2019）,l,3.36,1,Taiwan EPA,2021,環境部,柴油（於捕撈移動源使用，2019） | l | 3.36
柴油（於捕撈移動源使用，2019）,公升(l),3.36,1,MOENV CFP,2021,環境部,柴油（於捕撈移動源使用，2019） | 公升(l) | 3.36
柴油（於捕撈移動源使用，2020）,l,3.35,1,Taiwan EPA,2022,環境部,柴油（於捕撈移動源使用，2020） | l | 3.35
柴油（於捕撈移動源使用，2020）,公升(l),3.35,1,MOENV CFP,2022,環境部,柴油（於捕撈移動源使用，2020） | 公升(l) | 3.35
柴油（於水路運輸移動源使用，2016）,l,3.37,1,Taiwan EPA,2018,環境部,柴油（於水路運輸移動源使用，2016） | l | 3.37
柴油（於水路運輸移動源使用，2016）,公升(l),3.37,1,MOENV CFP,2018,環境部,柴油（於水路運輸移動源使用，2016） | 公升(l) | 3.37
柴油（於水路運輸移動源使用，2017）,l,3.37,1,Taiwan EPA,2019,環境部,柴油（於水路運輸移動源使用，2017） | l | 3.37
柴油（於水路運輸移動源使用，2017）,公升(l),3.37,1,MOENV CFP,2019,環境部,柴油（於水路運輸移動源使用，2017） | 公升(l) | 3.37
柴油（於水路運輸移動源使用，2018）,公升(l),3.36,1,MOENV CFP,2020,環境部,柴油（於水路運輸移動源使用，2018） | 公升(l) | 3.36
柴油(未燃燒，2021),l,0.673,1,Taiwan EPA,2023,環境部,柴油(未燃燒，2021) | l | 0.673
柴油（於水路運輸移動源使用，2019）,l,3.36,1,Taiwan EPA,2021,環境部,柴油（於水路運輸移動源使用，2019） | l | 3.36
柴油（於水路運輸移動源使用，2019）,公升(l),3.36,1,MOENV CFP,2021,環境部,柴油（於水路運輸移動源使用，2019） | 公升(l) | 3.36
柴油（於水路運輸移動源使用，2020）,l,3.36,1,Taiwan EPA,2022,環境部,柴油（於水路運輸移動源使用，2020） | l | 3.36
柴油（於水路運輸移動源使用，2020）,公升(l),3.36,1,MOENV CFP,2022,環境部,柴油（於水路運輸移動源使用，2020） | 公升(l) | 3.36
柴油（於鐵路運輸與非道路運輸移動源使用，2016）,l,3.61,1,Taiwan EPA,2018,環境部,柴油（於鐵路運輸與非道路運輸移動源使用，2016） | l | 3.61
柴油（於鐵路運輸與非道路運輸移動源使用，2016）,公升(l),3.61,1,MOENV CFP,2018,環境部,柴油（於鐵路運輸與非道路運輸移動源使用，2016） | 公升(l) | 3.61
柴油（於鐵路運輸與非道路運輸移動源使用，2017）,l,3.61,1,Taiwan EPA,2019,環境部,柴油（於鐵路運輸與非道路運輸移動源使用，2017） | l | 3.61
柴油（於鐵路運輸與非道路運輸移動源使用，2017）,公升(l),3.61,1,MOENV CFP,2019,環境部,柴油（於鐵路運輸與非道路運輸移動源使用，2017） | 公升(l) | 3.61
柴油（於鐵路運輸與非道路運輸移動源使用，2018）,l,3.6,1,Taiwan EPA,2020,環境部,柴油（於鐵路運輸與非道路運輸移動源使用，2018） | l | 3.6
柴油（於鐵路運輸與非道路運輸移動源使用，2018）,公升(l),3.6,1,MOENV CFP,2020,環境部,柴油（於鐵路運輸與非道路運輸移動源使用，2018） | 公升(l) | 3.6
柴油（於鐵路運輸與非道路運輸移動源使用，2019）,l,3.61,1,Taiwan EPA,2021,環境部,柴油（於鐵路運輸與非道路運輸移動源使用，2019） | l | 3.61
柴油（於鐵路運輸與非道路運輸移動源使用，2019）,公升(l),3.61,1,MOENV CFP,2021,環境部,柴油（於鐵路運輸與非道路運輸移動源使用，2019） | 公升(l) | 3.61
柴油（於鐵路運輸與非道路運輸移動源使用，2020）,l,3.61,1,Taiwan EPA,2022,環境部,柴油（於鐵路運輸與非道路運輸移動源使用，2020） | l | 3.61
柴油（於鐵路運輸與非道路運輸移動源使用，2020）,公升(l),3.61,1,MOENV CFP,2022,環境部,柴油（於鐵路運輸與非道路運輸移動源使用，2020） | 公升(l) | 3.61
柴油(未燃燒，2021),公升(l),0.673,1,MOENV CFP,2023,環境部,柴油(未燃燒，2021) | 公升(l) | 0.673
柴油(未燃燒，2020),公升(l),0.73,1,MOENV CFP,2022,環境部,柴油(未燃燒，2020) | 公升(l) | 0.73
混凝土及水泥砂漿用水淬高爐爐碴粉(散裝，含轉運),mt,61.3,1,Taiwan EPA,2022,中聯資源股份有限公司,混凝土及水泥砂漿用水淬高爐爐碴粉(散裝，含轉運) | mt | 61.3
柴油(未燃燒，2012),l,0.74,1,Taiwan EPA,2014,環境部,柴油(未燃燒，2012) | l | 0.74
柴油(於捕撈移動源使用，2021),l,3.29,1,Taiwan EPA,2023,環境部,柴油(於捕撈移動源使用，2021) | l | 3.29
柴油(於捕撈移動源使用，2021),公升(l),3.29,1,MOENV CFP,2023,環境部,柴油(於捕撈移動源使用，2021) | 公升(l) | 3.29
柴油(於水路運輸移動源使用，2021),l,3.3,1,Taiwan EPA,2023,環境部,柴油(於水路運輸移動源使用，2021) | l | 3.3
柴油(於水路運輸移動源使用，2021),公升(l),3.3,1,MOENV CFP,2023,環境部,柴油(於水路運輸移動源使用，2021) | 公升(l) | 3.3
柴油(於移動源使用，2012),l,3.45,1,Taiwan EPA,2014,環境部,柴油(於移動源使用，2012) | l | 3.45
柴油(於移動源使用，2012),公升(l),3.45,1,MOENV CFP,2014,環境部,柴油(於移動源使用，2012) | 公升(l) | 3.45
柴油(於移動源使用，2013),l,3.49,1,Taiwan EPA,2015,環境部,柴油(於移動源使用，2013) | l | 3.49
柴油(於移動源使用，2013),公升(l),3.49,1,MOENV CFP,2015,環境部,柴油(於移動源使用，2013) | 公升(l) | 3.49
柴油(於移動源使用，2014),l,3.48,1,Taiwan EPA,2016,環境部,柴油(於移動源使用，2014) | l | 3.48
柴油(於移動源使用，2014),公升(l),3.48,1,MOENV CFP,2016,環境部,柴油(於移動源使用，2014) | 公升(l) | 3.48
柴油(於移動源使用，2015),l,3.48,1,Taiwan EPA,2017,環境部,柴油(於移動源使用，2015) | l | 3.48
柴油(於移動源使用，2015),公升(l),3.48,1,MOENV CFP,2017,環境部,柴油(於移動源使用，2015) | 公升(l) | 3.48
柴油(於鐵路運輸與非道路運輸移動源使用，2021),l,3.56,1,Taiwan EPA,2023,環境部,柴油(於鐵路運輸與非道路運輸移動源使用，2021) | l | 3.56
柴油(於鐵路運輸與非道路運輸移動源使用，2021),公升(l),3.56,1,MOENV CFP,2023,環境部,柴油(於鐵路運輸與非道路運輸移動源使用，2021) | 公升(l) | 3.56
柴油(未燃燒，2012),公升(l),0.74,1,MOENV CFP,2014,環境部,柴油(未燃燒，2012) | 公升(l) | 0.74
柴油(未燃燒，2020),l,0.73,1,Taiwan EPA,2022,環境部,柴油(未燃燒，2020) | l | 0.73
柴油(未燃燒，2013),l,0.76,1,Taiwan EPA,2015,環境部,柴油(未燃燒，2013) | l | 0.76
柴油(未燃燒，2013),公升(l),0.76,1,MOENV CFP,2015,環境部,柴油(未燃燒，2013) | 公升(l) | 0.76
柴油(未燃燒，2014),l,0.75,1,Taiwan EPA,2016,環境部,柴油(未燃燒，2014) | l | 0.75
柴油(未燃燒，2014),公升(l),0.75,1,MOENV CFP,2016,環境部,柴油(未燃燒，2014) | 公升(l) | 0.75
柴油(未燃燒，2015),l,0.752,1,Taiwan EPA,2017,環境部,柴油(未燃燒，2015) | l | 0.752
柴油(未燃燒，2015),公升(l),0.752,1,MOENV CFP,2017,環境部,柴油(未燃燒，2015) | 公升(l) | 0.752
柴油(未燃燒，2016),l,0.735,1,Taiwan EPA,2018,環境部,柴油(未燃燒，2016) | l | 0.735
柴油(未燃燒，2016),公升(l),0.735,1,MOENV CFP,2018,環境部,柴油(未燃燒，2016) | 公升(l) | 0.735
柴油(未燃燒，2017),l,0.735,1,Taiwan EPA,2019,環境部,柴油(未燃燒，2017) | l | 0.735
柴油(未燃燒，2017),公升(l),0.735,1,MOENV CFP,2019,環境部,柴油(未燃燒，2017) | 公升(l) | 0.735
柴油(未燃燒，2018),l,0.724,1,Taiwan EPA,2020,環境部,柴油(未燃燒，2018) | l | 0.724
柴油(未燃燒，2018),公升(l),0.724,1,MOENV CFP,2020,環境部,柴油(未燃燒，2018) | 公升(l) | 0.724
柴油(未燃燒，2019),l,0.733,1,Taiwan EPA,2021,環境部,柴油(未燃燒，2019) | l | 0.733
柴油(未燃燒，2019),公升(l),0.733,1,MOENV CFP,2021,環境部,柴油(未燃燒，2019) | 公升(l) | 0.733
機器腳踏車(汽油),pkm,0.0951,1,Taiwan EPA,2014,交通部運輸研究所,機器腳踏車(汽油) | pkm | 0.0951
機器腳踏車(汽油),延人公里(pkm),0.0951,1,MOENV CFP,2014,交通部運輸研究所,機器腳踏車(汽油) | 延人公里(pkm) | 0.0951
氟化鈣污泥處理服務(物理處理),mt,336.0,1,Taiwan EPA,2022,中聯資源股份有限公司,氟化鈣污泥處理服務(物理處理) | mt | 336.0
液化石油氣(於固定源使用，2021),公升(l),2.21,1,MOENV CFP,2023,環境部,液化石油氣(於固定源使用，2021) | 公升(l) | 2.21
液化石油氣(於固定源使用，2014),公升(l),2.26,1,MOENV CFP,2016,環境部,液化石油氣(於固定源使用，2014) | 公升(l) | 2.26
液化石油氣(於固定源使用，2015),l,2.26,1,Taiwan EPA,2017,環境部,液化石油氣(於固定源使用，2015) | l | 2.26
液化石油氣(於固定源使用，2015),公升(l),2.26,1,MOENV CFP,2017,環境部,液化石油氣(於固定源使用，2015) | 公升(l) | 2.26
液化石油氣(於固定源使用，2016),l,2.24,1,Taiwan EPA,2018,環境部,液化石油氣(於固定源使用，2016) | l | 2.24
液化石油氣(於固定源使用，2016),公升(l),2.24,1,MOENV CFP,2018,環境部,液化石油氣(於固定源使用，2016) | 公升(l) | 2.24
液化石油氣(於固定源使用，2017),l,2.25,1,Taiwan EPA,2019,環境部,液化石油氣(於固定源使用，2017) | l | 2.25
液化石油氣(於固定源使用，2017),公升(l),2.25,1,MOENV CFP,2019,環境部,液化石油氣(於固定源使用，2017) | 公升(l) | 2.25
-燃燒(Combustion Emissions) CO2排放係數,t,191.0,1,CCA GHG Factor Table,2024,環境部氣候變遷署,-燃燒(Combustion Emissions) CO2排放係數 | t | 191.0
液化石油氣(於固定源使用，2018),公升(l),2.25,1,MOENV CFP,2020,環境部,液化石油氣(於固定源使用，2018) | 公升(l) | 2.25
液化石油氣(於固定源使用，2019),l,2.22,1,Taiwan EPA,2021,環境部,液化石油氣(於固定源使用，2019) | l | 2.22
液化石油氣(於固定源使用，2019),公升(l),2.22,1,MOENV CFP,2021,環境部,液化石油氣(於固定源使用，2019) | 公升(l) | 2.22
液化石油氣(於固定源使用，2020),l,2.22,1,Taiwan EPA,2022,環境部,液化石油氣(於固定源使用，2020) | l | 2.22
液化石油氣(於固定源使用，2020),公升(l),2.22,1,MOENV CFP,2022,環境部,液化石油氣(於固定源使用，2020) | 公升(l) | 2.22
液化石油氣(於固定源使用，2021),l,2.21,1,Taiwan EPA,2023,環境部,液化石油氣(於固定源使用，2021) | l | 2.21
液化石油氣(未燃燒，2018),l,0.491,1,Taiwan EPA,2020,環境部,液化石油氣(未燃燒，2018) | l | 0.491
氟化鈣污泥處理服務(物理處理),公噸(mt),336.0,1,MOENV CFP,2022,中聯資源股份有限公司,氟化鈣污泥處理服務(物理處理) | 公噸(mt) | 336.0
液化石油氣(未燃燒，2018),公升(l),0.491,1,MOENV CFP,2020,環境部,液化石油氣(未燃燒，2018) | 公升(l) | 0.491
液化石油氣(未燃燒，2019),l,0.467,1,Taiwan EPA,2021,環境部,液化石油氣(未燃燒，2019) | l | 0.467
液化石油氣(未燃燒，2019),公升(l),0.467,1,MOENV CFP,2021,環境部,液化石油氣(未燃燒，2019) | 公升(l) | 0.467
液化石油氣(未燃燒，2020),l,0.467,1,Taiwan EPA,2022,環境部,液化石油氣(未燃燒，2020) | l | 0.467
液化石油氣(未燃燒，2020),公升(l),0.467,1,MOENV CFP,2022,環境部,液化石油氣(未燃燒，2020) | 公升(l) | 0.467
液化石油氣(未燃燒，2021),l,0.453,1,Taiwan EPA,2023,環境部,液化石油氣(未燃燒，2021) | l | 0.453
液化石油氣(未燃燒，2021),公升(l),0.453,1,MOENV CFP,2023,環境部,液化石油氣(未燃燒，2021) | 公升(l) | 0.453
液體生質燃料 / 生質汽油 / Liquid Biofuels / Biogasoline 固定燃燒排放係數,tj,71043.0,1,CCA GHG Factor Table,2024,環境部氣候變遷署,液體生質燃料 / 生質汽油 / Liquid Biofuels / Biogasoline 固定燃燒排放係數 | tj | 71043.0
混凝土及水泥砂漿用水淬高爐爐碴粉(太空包裝),mt,54.73,1,Taiwan EPA,2016,中聯資源股份有限公司,混凝土及水泥砂漿用水淬高爐爐碴粉(太空包裝) | mt | 54.73
混凝土及水泥砂漿用水淬高爐爐碴粉(太空包裝),公噸(mt),54.73,1,MOENV CFP,2016,中聯資源股份有限公司,混凝土及水泥砂漿用水淬高爐爐碴粉(太空包裝) | 公噸(mt) | 54.73
混凝土及水泥砂漿用水淬高爐爐碴粉(散裝),mt,50.44,1,Taiwan EPA,2016,中聯資源股份有限公司,混凝土及水泥砂漿用水淬高爐爐碴粉(散裝) | mt | 50.44
混凝土及水泥砂漿用水淬高爐爐碴粉(散裝),公噸(mt),50.44,1,MOENV CFP,2016,中聯資源股份有限公司,混凝土及水泥砂漿用水淬高爐爐碴粉(散裝) | 公噸(mt) | 50.44
混凝土及水泥砂漿用水淬高爐爐碴粉(散裝，不含轉運),mt,58.9,1,Taiwan EPA,2022,中聯資源股份有限公司,混凝土及水泥砂漿用水淬高爐爐碴粉(散裝，不含轉運) | mt | 58.9
混凝土及水泥砂漿用水淬高爐爐碴粉(散裝，不含轉運),公噸(mt),58.9,1,MOENV CFP,2022,中聯資源股份有限公司,混凝土及水泥砂漿用水淬高爐爐碴粉(散裝，不含轉運) | 公噸(mt) | 58.9
液化石油氣(於固定源使用，2014),l,2.26,1,Taiwan EPA,2016,環境部,液化石油氣(於固定源使用，2014) | l | 2.26
液化石油氣(於固定源使用，2013),公升(l),2.34,1,MOENV CFP,2015,環境部,液化石油氣(於固定源使用，2013) | 公升(l) | 2.34
液化石油氣(於固定源使用，2013),l,2.34,1,Taiwan EPA,2015,環境部,液化石油氣(於固定源使用，2013) | l | 2.34
液化石油氣(於固定源使用，2012),公升(l),2.09,1,MOENV CFP,2014,環境部,液化石油氣(於固定源使用，2012) | 公升(l) | 2.09
氣冷轉爐石級配料(散裝),mt,1.58,1,Taiwan EPA,2016,中聯資源股份有限公司,氣冷轉爐石級配料(散裝) | mt | 1.58
氣冷轉爐石級配料(散裝),mt,5.77,1,Taiwan EPA,2022,中聯資源股份有限公司,氣冷轉爐石級配料(散裝) | mt | 5.77
氣冷轉爐石級配料(散裝),公噸(mt),1.58,1,MOENV CFP,2016,中聯資源股份有限公司,氣冷轉爐石級配料(散裝) | 公噸(mt) | 1.58
氣冷高爐石級配料(散裝),mt,1.69,1,Taiwan EPA,2016,中聯資源股份有限公司,氣冷高爐石級配料(散裝) | mt | 1.69
氣冷高爐石級配料(散裝),mt,4.98,1,Taiwan EPA,2022,中聯資源股份有限公司,氣冷高爐石級配料(散裝) | mt | 4.98
氣冷高爐石級配料(散裝),公噸(mt),1.69,1,MOENV CFP,2016,中聯資源股份有限公司,氣冷高爐石級配料(散裝) | 公噸(mt) | 1.69
氣體生質燃料 / 掩埋沼氣 / Gas Biomass / Landfill Gas 固定燃燒排放係數,tj,54654.5,1,CCA GHG Factor Table,2024,環境部氣候變遷署,氣體生質燃料 / 掩埋沼氣 / Gas Biomass / Landfill Gas 固定燃燒排放係數 | tj | 54654.5
氧化亞氮（Nitrous Oxide） / N2O 溫暖化潛勢,kg,265.0,1,CCA GHG Factor Table,2024,環境部氣候變遷署,氧化亞氮（Nitrous Oxide） / N2O 溫暖化潛勢 | kg | 265.0
氧化程序(Oxygen Process) / 0.75 CO2排放係數,t,663.0,1,CCA GHG Factor Table,2024,環境部氣候變遷署,氧化程序(Oxygen Process) / 0.75 CO2排放係數 | t | 663.0
氫氧化鈉，45％,kg,0.675,1,Taiwan EPA,2022,環境部,氫氧化鈉，45％ | kg | 0.675
氫氧化鈣(熟石灰),kg,1.59,1,Taiwan EPA,2021,環境部,氫氧化鈣(熟石灰) | kg | 1.59
水中混凝土(210kgf/cm2),m3,320.0,1,Taiwan EPA,2019,公路總局西部濱海公路南區臨時工程處,水中混凝土(210kgf/cm2) | m3 | 320.0
水中混凝土(210kgf/cm2),m3,359.0,1,Taiwan EPA,2019,公路總局西部濱海公路南區臨時工程處,水中混凝土(210kgf/cm2) | m3 | 359.0
水泥熟料,kg,0.948,1,Taiwan EPA,2017,公路總局蘇花公路改善工程處,水泥熟料 | kg | 0.948
水硬性石灰(Hydraulic lime) / 0.785 / 65-92 / 0.75 CO2（公噸/公噸石灰）,t,590.0,1,CCA GHG Factor Table,2024,環境部氣候變遷署,水硬性石灰(Hydraulic lime) / 0.785 / 65-92 / 0.75 CO2（公噸/公噸石灰） | t | 590.0
污泥沼氣 / Sludge Gas 固定燃燒排放係數,tj,54654.5,1,CCA GHG Factor Table,2024,環境部氣候變遷署,污泥沼氣 / Sludge Gas 固定燃燒排放係數 | tj | 54654.5
汽油 / 車用汽油 / Gasoline / Motor Gasoline 固定燃燒排放係數,tj,69543.0,1,CCA GHG Factor Table,2024,環境部氣候變遷署,汽油 / 車用汽油 / Gasoline / Motor Gasoline 固定燃燒排放係數 | tj | 69543.0
沐浴乳,l,1.8,1,Taiwan EPA,2016,環境部,沐浴乳 | l | 1.8
沐浴乳,公升(l),1.8,1,MOENV CFP,2016,環境部,沐浴乳 | 公升(l) | 1.8
油頁岩/焦油砂 / Oil Shale and Tar Sands 固定燃燒排放係數,tj,107425.5,1,CCA GHG Factor Table,2024,環境部氣候變遷署,油頁岩/焦油砂 / Oil Shale and Tar Sands 固定燃燒排放係數 | tj | 107425.5
泥煤 / Peat 固定燃燒排放係數,tj,106425.5,1,CCA GHG Factor Table,2024,環境部氣候變遷署,泥煤 / Peat 固定燃燒排放係數 | tj | 106425.5
洗髮精（1000ml）,瓶,21.0,1,Taiwan EPA,2019,歐萊德國際股份有限公司,洗髮精（1000ml） | 瓶 | 21.0
浮式玻璃(Float) CO2排放係數（公噸/公噸玻璃）,t,210.0,1,CCA GHG Factor Table,2024,環境部氣候變遷署,浮式玻璃(Float) CO2排放係數（公噸/公噸玻璃） | t | 210.0
液化天然氣 / Liquefied Natural Gas 移動燃燒 CO2 排放係數,tj,56100.0,1,CCA GHG Factor Table,2024,環境部氣候變遷署,液化天然氣 / Liquefied Natural Gas 移動燃燒 CO2 排放係數 | tj | 56100.0
液化天然氣 / Natural Gas Liquids (NGLs) 固定燃燒排放係數,tj,64443.0,1,CCA GHG Factor Table,2024,環境部氣候變遷署,液化天然氣 / Natural Gas Liquids (NGLs) 固定燃燒排放係數 | tj | 64443.0
液化石油氣 / Liquefied Petroleum Gases 固定燃燒排放係數,tj,63154.5,1,CCA GHG Factor Table,2024,環境部氣候變遷署,液化石油氣 / Liquefied Petroleum Gases 固定燃燒排放係數 | tj | 63154.5
液化石油氣 / Liquefied Petroleum Gases 移動燃燒 CO2 排放係數,tj,63100.0,1,CCA GHG Factor Table,2024,環境部氣候變遷署,液化石油氣 / Liquefied Petroleum Gases 移動燃燒 CO2 排放係數 | tj | 63100.0
液化石油氣 / Liquified petroleum gas 移動燃燒 CH4/N2O 排放係數,tj,1789.0,1,CCA GHG Factor Table,2024,環境部氣候變遷署,液化石油氣 / Liquified petroleum gas 移動燃燒 CH4/N2O 排放係數 | tj | 1789.0
液化石油氣(於固定源使用，2012),l,2.09,1,Taiwan EPA,2014,環境部,液化石油氣(於固定源使用，2012) | l | 2.09
"（順）1,1,1,3,3,3-六氟2-丁烯（(Z)-HFC-1336） / CF3CH=CHCF3(Z) 溫暖化潛勢",kg,2.0,1,CCA GHG Factor Table,2024,環境部氣候變遷署,"（順）1,1,1,3,3,3-六氟2-丁烯（(Z)-HFC-1336） / CF3CH=CHCF3(Z) 溫暖化潛勢 | kg | 2.0"
