name,emission_factor,unit_standard,unit_original,source,region,category,base_year,source_dept,tier,search_text,duplicate_group_key,alternate_version_count,duplicate_sources,duplicate_years,dedupe_note
伸縮膜(LLDPE),3.69,kg,公斤(kg),Taiwan EPA,TW,Taiwan Local,2023,環境部,1,伸縮膜(LLDPE) kg 台灣 環保署,伸縮膜(LLDPE) | kg | 3.69,1,MOENV CFP | Taiwan EPA,2023,檢索索引已合併同名、同單位、同係數的重複列；原始資料仍保留於 tier1_unified.csv。
苯乙烯-乙烯/丁烯-苯乙烯熱塑性彈性體,4.74,kg,公斤(kg),Taiwan EPA,TW,Taiwan Local,2023,環境部,1,苯乙烯-乙烯/丁烯-苯乙烯熱塑性彈性體 kg 台灣 環保署,苯乙烯-乙烯/丁烯-苯乙烯熱塑性彈性體 | kg | 4.74,1,MOENV CFP | Taiwan EPA,2023,檢索索引已合併同名、同單位、同係數的重複列；原始資料仍保留於 tier1_unified.csv。
標籤紙(PET),0.0135,piece,張,Taiwan EPA,TW,Taiwan Local,2023,環境部,1,標籤紙(PET) piece 台灣 環保署,標籤紙(PET) | piece | 0.0135,1,MOENV CFP | Taiwan EPA,2023,檢索索引已合併同名、同單位、同係數的重複列；原始資料仍保留於 tier1_unified.csv。
高密度聚乙烯(HDPE),2.21,kg,公斤(kg),Taiwan EPA,TW,Taiwan Local,2023,環境部,1,高密度聚乙烯(HDPE) kg 台灣 環保署,高密度聚乙烯(HDPE) | kg | 2.21,0,Taiwan EPA,2023,
聚丙烯(PP),1.95,kg,公斤(kg),Taiwan EPA,TW,Taiwan Local,2023,環境部,1,聚丙烯(PP) kg 台灣 環保署,聚丙烯(PP) | kg | 1.95,0,Taiwan EPA,2023,
紙棧板,1.01,kg,公斤(kg),Taiwan EPA,TW,Taiwan Local,2023,環境部,1,紙棧板 kg 台灣 環保署,紙棧板 | kg | 1.01,0,Taiwan EPA,2023,
角紙,1.02,kg,公斤(kg),Taiwan EPA,TW,Taiwan Local,2023,環境部,1,角紙 kg 台灣 環保署,角紙 | kg | 1.02,0,Taiwan EPA,2023,
裱面紙板,1.6,kg,公斤(kg),Taiwan EPA,TW,Taiwan Local,2023,環境部,1,裱面紙板 kg 台灣 環保署,裱面紙板 | kg | 1.6,1,MOENV CFP | Taiwan EPA,2023,檢索索引已合併同名、同單位、同係數的重複列；原始資料仍保留於 tier1_unified.csv。
瓦楞芯紙,0.988,kg,公斤(kg),Taiwan EPA,TW,Taiwan Local,2023,環境部,1,瓦楞芯紙 kg 台灣 環保署,瓦楞芯紙 | kg | 0.988,1,MOENV CFP | Taiwan EPA,2023,檢索索引已合併同名、同單位、同係數的重複列；原始資料仍保留於 tier1_unified.csv。
牛皮紙,1.22,kg,公斤(kg),Taiwan EPA,TW,Taiwan Local,2023,環境部,1,牛皮紙 kg 台灣 環保署,牛皮紙 | kg | 1.22,0,Taiwan EPA,2023,
瓦楞紙板(B楞),0.813,kg,公斤(kg),Taiwan EPA,TW,Taiwan Local,2023,環境部,1,瓦楞紙板(B楞) kg 台灣 環保署,瓦楞紙板(B楞) | kg | 0.813,1,MOENV CFP | Taiwan EPA,2023,檢索索引已合併同名、同單位、同係數的重複列；原始資料仍保留於 tier1_unified.csv。
瓦楞紙板(A楞),1.06,kg,公斤(kg),Taiwan EPA,TW,Taiwan Local,2023,環境部,1,瓦楞紙板(A楞) kg 台灣 環保署,瓦楞紙板(A楞) | kg | 1.06,1,MOENV CFP | Taiwan EPA,2023,檢索索引已合併同名、同單位、同係數的重複列；原始資料仍保留於 tier1_unified.csv。
瓦楞紙板(AB楞),1.3,kg,公斤(kg),Taiwan EPA,TW,Taiwan Local,2023,環境部,1,瓦楞紙板(AB楞) kg 台灣 環保署,瓦楞紙板(AB楞) | kg | 1.3,1,MOENV CFP | Taiwan EPA,2023,檢索索引已合併同名、同單位、同係數的重複列；原始資料仍保留於 tier1_unified.csv。
單層瓦楞紙箱(加權平均),1.1,m2,平方公尺(m2),Taiwan EPA,TW,Taiwan Local,2023,環境部,1,單層瓦楞紙箱(加權平均) m2 台灣 環保署,單層瓦楞紙箱(加權平均) | m2 | 1.1,1,MOENV CFP | Taiwan EPA,2023,檢索索引已合併同名、同單位、同係數的重複列；原始資料仍保留於 tier1_unified.csv。
單層瓦楞紙箱(B楞，貼箱),1.03,m2,平方公尺(m2),Taiwan EPA,TW,Taiwan Local,2023,環境部,1,單層瓦楞紙箱(B楞，貼箱) m2 台灣 環保署,單層瓦楞紙箱(B楞，貼箱) | m2 | 1.03,1,MOENV CFP | Taiwan EPA,2023,檢索索引已合併同名、同單位、同係數的重複列；原始資料仍保留於 tier1_unified.csv。
單層瓦楞紙箱(B楞，釘箱),0.895,m2,平方公尺(m2),Taiwan EPA,TW,Taiwan Local,2023,環境部,1,單層瓦楞紙箱(B楞，釘箱) m2 台灣 環保署,單層瓦楞紙箱(B楞，釘箱) | m2 | 0.895,1,MOENV CFP | Taiwan EPA,2023,檢索索引已合併同名、同單位、同係數的重複列；原始資料仍保留於 tier1_unified.csv。
單層瓦楞紙箱(A楞，貼箱),1.11,m2,平方公尺(m2),Taiwan EPA,TW,Taiwan Local,2023,環境部,1,單層瓦楞紙箱(A楞，貼箱) m2 台灣 環保署,單層瓦楞紙箱(A楞，貼箱) | m2 | 1.11,1,MOENV CFP | Taiwan EPA,2023,檢索索引已合併同名、同單位、同係數的重複列；原始資料仍保留於 tier1_unified.csv。
單層瓦楞紙箱(A楞，釘箱),1.21,m2,平方公尺(m2),Taiwan EPA,TW,Taiwan Local,2023,環境部,1,單層瓦楞紙箱(A楞，釘箱) m2 台灣 環保署,單層瓦楞紙箱(A楞，釘箱) | m2 | 1.21,1,MOENV CFP | Taiwan EPA,2023,檢索索引已合併同名、同單位、同係數的重複列；原始資料仍保留於 tier1_unified.csv。
雙層瓦楞紙箱(AB楞，加權平均),1.46,m2,平方公尺(m2),Taiwan EPA,TW,Taiwan Local,2023,環境部,1,雙層瓦楞紙箱(AB楞，加權平均) m2 台灣 環保署,雙層瓦楞紙箱(AB楞，加權平均) | m2 | 1.46,1,MOENV CFP | Taiwan EPA,2023,檢索索引已合併同名、同單位、同係數的重複列；原始資料仍保留於 tier1_unified.csv。
雙層瓦楞紙箱(AB楞，貼箱),1.33,m2,平方公尺(m2),Taiwan EPA,TW,Taiwan Local,2023,環境部,1,雙層瓦楞紙箱(AB楞，貼箱) m2 台灣 環保署,雙層瓦楞紙箱(AB楞，貼箱) | m2 | 1.33,1,MOENV CFP | Taiwan EPA,2023,檢索索引已合併同名、同單位、同係數的重複列；原始資料仍保留於 tier1_unified.csv。
雙層瓦楞紙箱(AB楞，釘箱),1.69,m2,平方公尺(m2),Taiwan EPA,TW,Taiwan Local,2023,環境部,1,雙層瓦楞紙箱(AB楞，釘箱) m2 台灣 環保署,雙層瓦楞紙箱(AB楞，釘箱) | m2 | 1.69,1,MOENV CFP | Taiwan EPA,2023,檢索索引已合併同名、同單位、同係數的重複列；原始資料仍保留於 tier1_unified.csv。
濃硫酸,0.289,kg,公斤(kg),Taiwan EPA,TW,Taiwan Local,2023,環境部,1,濃硫酸 kg 台灣 環保署,濃硫酸 | kg | 0.289,0,Taiwan EPA,2023,
偏矽酸鈉,0.887,kg,公斤(kg),Taiwan EPA,TW,Taiwan Local,2023,環境部,1,偏矽酸鈉 kg 台灣 環保署,偏矽酸鈉 | kg | 0.887,1,MOENV CFP | Taiwan EPA,2023,檢索索引已合併同名、同單位、同係數的重複列；原始資料仍保留於 tier1_unified.csv。
AOS界面活性劑,1.4,kg,公斤(kg),Taiwan EPA,TW,Taiwan Local,2023,環境部,1,AOS界面活性劑 kg 台灣 環保署,AOS界面活性劑 | kg | 1.4,1,MOENV CFP | Taiwan EPA,2023,檢索索引已合併同名、同單位、同係數的重複列；原始資料仍保留於 tier1_unified.csv。
硫酸酯鹽界面活性劑,1.06,kg,公斤(kg),Taiwan EPA,TW,Taiwan Local,2023,環境部,1,硫酸酯鹽界面活性劑 kg 台灣 環保署,硫酸酯鹽界面活性劑 | kg | 1.06,1,MOENV CFP | Taiwan EPA,2023,檢索索引已合併同名、同單位、同係數的重複列；原始資料仍保留於 tier1_unified.csv。
焊帶(太陽光電模組材料),12.0,kg,公斤(kg),Taiwan EPA,TW,Taiwan Local,2023,經濟部標準檢驗局,1,焊帶(太陽光電模組材料) kg 台灣 環保署,焊帶(太陽光電模組材料) | kg | 12.0,1,MOENV CFP | Taiwan EPA,2023,檢索索引已合併同名、同單位、同係數的重複列；原始資料仍保留於 tier1_unified.csv。
單結晶矽電池太陽光電模組(60片6吋)-半切割型(120子片),377.0,片,片,Taiwan EPA,TW,Taiwan Local,2023,經濟部標準檢驗局,1,單結晶矽電池太陽光電模組(60片6吋)-半切割型(120子片) 片 台灣 環保署,單結晶矽電池太陽光電模組(60片6吋)-半切割型(120子片) | 片 | 377.0,0,Taiwan EPA,2023,
太陽光電電場發電,0.00961,kwh,度(kwh),Taiwan EPA,TW,Taiwan Local,2023,經濟部標準檢驗局,1,太陽光電電場發電 kwh 台灣 環保署,太陽光電電場發電 | kwh | 0.00961,1,MOENV CFP | Taiwan EPA,2023,檢索索引已合併同名、同單位、同係數的重複列；原始資料仍保留於 tier1_unified.csv。
潤滑油(未燃燒，2021),1.09,kg,公斤(kg),Taiwan EPA,TW,Taiwan Local,2023,環境部,1,潤滑油(未燃燒，2021) kg 台灣 環保署,潤滑油(未燃燒，2021) | kg | 1.09,1,MOENV CFP | Taiwan EPA,2023,檢索索引已合併同名、同單位、同係數的重複列；原始資料仍保留於 tier1_unified.csv。
煤油(未燃燒，2021),0.353,l,公升(L),Taiwan EPA,TW,Taiwan Local,2023,環境部,1,煤油(未燃燒，2021) l 台灣 環保署,煤油(未燃燒，2021) | l | 0.353,0,Taiwan EPA,2023,
煤油使用(2021),2.91,l,公升(L),Taiwan EPA,TW,Taiwan Local,2023,環境部,1,煤油使用(2021) l 台灣 環保署,煤油使用(2021) | l | 2.91,0,Taiwan EPA,2023,
液化石油氣(未燃燒，2021),0.453,l,公升(L),Taiwan EPA,TW,Taiwan Local,2023,環境部,1,液化石油氣(未燃燒，2021) l 台灣 環保署,液化石油氣(未燃燒，2021) | l | 0.453,0,Taiwan EPA,2023,
液化石油氣(於固定源使用，2021),2.21,l,公升(L),Taiwan EPA,TW,Taiwan Local,2023,環境部,1,液化石油氣(於固定源使用，2021) l 台灣 環保署,液化石油氣(於固定源使用，2021) | l | 2.21,0,Taiwan EPA,2023,
天然氣(於固定源使用，2021),2.63,m3,立方公尺(m3),Taiwan EPA,TW,Taiwan Local,2023,環境部,1,天然氣(於固定源使用，2021) m3 台灣 環保署,天然氣(於固定源使用，2021) | m3 | 2.63,1,MOENV CFP | Taiwan EPA,2023,檢索索引已合併同名、同單位、同係數的重複列；原始資料仍保留於 tier1_unified.csv。
天然氣(未燃燒，2021),0.519,m3,立方公尺(m3),Taiwan EPA,TW,Taiwan Local,2023,環境部,1,天然氣(未燃燒，2021) m3 台灣 環保署,天然氣(未燃燒，2021) | m3 | 0.519,1,MOENV CFP | Taiwan EPA,2023,檢索索引已合併同名、同單位、同係數的重複列；原始資料仍保留於 tier1_unified.csv。
車用汽油(於移動源使用，2021),2.92,l,公升(L),Taiwan EPA,TW,Taiwan Local,2023,環境部,1,車用汽油(於移動源使用，2021) l 台灣 環保署,車用汽油(於移動源使用，2021) | l | 2.92,0,Taiwan EPA,2023,
車用汽油(於固定源使用，2021),2.88,l,公升(L),Taiwan EPA,TW,Taiwan Local,2023,環境部,1,車用汽油(於固定源使用，2021) l 台灣 環保署,車用汽油(於固定源使用，2021) | l | 2.88,0,Taiwan EPA,2023,
車用汽油(未燃燒，2021),0.604,l,公升(L),Taiwan EPA,TW,Taiwan Local,2023,環境部,1,車用汽油(未燃燒，2021) l 台灣 環保署,車用汽油(未燃燒，2021) | l | 0.604,0,Taiwan EPA,2023,
柴油(於捕撈移動源使用，2021),3.29,l,公升(L),Taiwan EPA,TW,Taiwan Local,2023,環境部,1,柴油(於捕撈移動源使用，2021) l 台灣 環保署,柴油(於捕撈移動源使用，2021) | l | 3.29,0,Taiwan EPA,2023,
柴油(於水路運輸移動源使用，2021),3.3,l,公升(L),Taiwan EPA,TW,Taiwan Local,2023,環境部,1,柴油(於水路運輸移動源使用，2021) l 台灣 環保署,柴油(於水路運輸移動源使用，2021) | l | 3.3,0,Taiwan EPA,2023,
柴油(於鐵路運輸與非道路運輸移動源使用，2021),3.56,l,公升(L),Taiwan EPA,TW,Taiwan Local,2023,環境部,1,柴油(於鐵路運輸與非道路運輸移動源使用，2021) l 台灣 環保署,柴油(於鐵路運輸與非道路運輸移動源使用，2021) | l | 3.56,0,Taiwan EPA,2023,
柴油(於公路運輸移動源使用，2021),3.32,l,公升(L),Taiwan EPA,TW,Taiwan Local,2023,環境部,1,柴油(於公路運輸移動源使用，2021) l 台灣 環保署,柴油(於公路運輸移動源使用，2021) | l | 3.32,0,Taiwan EPA,2023,
柴油(於固定源使用，2021),3.29,l,公升(L),Taiwan EPA,TW,Taiwan Local,2023,環境部,1,柴油(於固定源使用，2021) l 台灣 環保署,柴油(於固定源使用，2021) | l | 3.29,0,Taiwan EPA,2023,
柴油(未燃燒，2021),0.673,l,公升(L),Taiwan EPA,TW,Taiwan Local,2023,環境部,1,柴油(未燃燒，2021) l 台灣 環保署,柴油(未燃燒，2021) | l | 0.673,0,Taiwan EPA,2023,
燃料油未燃燒(蒸餘油/重油未燃燒，2021),0.764,l,公升(L),Taiwan EPA,TW,Taiwan Local,2023,環境部,1,燃料油未燃燒(蒸餘油/重油未燃燒，2021) l 台灣 環保署,燃料油未燃燒(蒸餘油/重油未燃燒，2021) | l | 0.764,0,Taiwan EPA,2023,
燃料油使用(蒸餘油/重油使用，2021),3.88,l,公升(L),Taiwan EPA,TW,Taiwan Local,2023,環境部,1,燃料油使用(蒸餘油/重油使用，2021) l 台灣 環保署,燃料油使用(蒸餘油/重油使用，2021) | l | 3.88,0,Taiwan EPA,2023,
電力間接碳足跡(2021),0.0973,kwh,度(kwh),Taiwan EPA,TW,Taiwan Local,2023,環境部,1,電力間接碳足跡(2021) kwh 台灣 環保署,電力間接碳足跡(2021) | kwh | 0.0973,1,MOENV CFP | Taiwan EPA,2023,檢索索引已合併同名、同單位、同係數的重複列；原始資料仍保留於 tier1_unified.csv。
電力碳足跡(2021),0.606,kwh,度(kwh),Taiwan EPA,TW,Taiwan Local,2023,環境部,1,電力碳足跡(2021) kwh 台灣 環保署,電力碳足跡(2021) | kwh | 0.606,1,MOENV CFP | Taiwan EPA,2023,檢索索引已合併同名、同單位、同係數的重複列；原始資料仍保留於 tier1_unified.csv。
臺北自來水(2020),0.0948,m3,立方公尺(m3),Taiwan EPA,TW,Taiwan Local,2022,環境部,1,臺北自來水(2020) m3 台灣 環保署,臺北自來水(2020) | m3 | 0.0948,1,MOENV CFP | Taiwan EPA,2022,檢索索引已合併同名、同單位、同係數的重複列；原始資料仍保留於 tier1_unified.csv。
臺灣自來水(2020),0.233,m3,立方公尺(m3),Taiwan EPA,TW,Taiwan Local,2022,環境部,1,臺灣自來水(2020) m3 台灣 環保署,臺灣自來水(2020) | m3 | 0.233,1,MOENV CFP | Taiwan EPA,2022,檢索索引已合併同名、同單位、同係數的重複列；原始資料仍保留於 tier1_unified.csv。
國際海運貨物運輸服務(本國籍貨櫃船，歐美長程航線),0.0649,piece,每個20呎標準貨櫃-每公里(TEU-km),Taiwan EPA,TW,Taiwan Local,2022,環境部,1,國際海運貨物運輸服務(本國籍貨櫃船，歐美長程航線) piece 台灣 環保署,國際海運貨物運輸服務(本國籍貨櫃船，歐美長程航線) | piece | 0.0649,0,Taiwan EPA,2022,
營業小貨車(汽油),0.683,tkm,延噸公里(tkm),Taiwan EPA,TW,Taiwan Local,2022,環境部,1,營業小貨車(汽油) tkm 台灣 環保署,營業小貨車(汽油) | tkm | 0.683,0,Taiwan EPA,2022,
營業小貨車(柴油),0.587,tkm,延噸公里(tkm),Taiwan EPA,TW,Taiwan Local,2022,環境部,1,營業小貨車(柴油) tkm 台灣 環保署,營業小貨車(柴油) | tkm | 0.587,0,Taiwan EPA,2022,
營業大貨車(柴油),0.131,tkm,延噸公里(tkm),Taiwan EPA,TW,Taiwan Local,2022,環境部,1,營業大貨車(柴油) tkm 台灣 環保署,營業大貨車(柴油) | tkm | 0.131,0,Taiwan EPA,2022,
乙二醇,1.81,kg,公斤(kg),Taiwan EPA,TW,Taiwan Local,2022,環境部,1,乙二醇 kg 台灣 環保署,乙二醇 | kg | 1.81,0,Taiwan EPA,2022,
通用級聚苯乙烯(GPPS),2.74,kg,公斤(kg),Taiwan EPA,TW,Taiwan Local,2022,環境部,1,通用級聚苯乙烯(GPPS) kg 台灣 環保署,通用級聚苯乙烯(GPPS) | kg | 2.74,0,Taiwan EPA,2022,
氯乙烯單體(VCM),2.26,kg,公斤(kg),Taiwan EPA,TW,Taiwan Local,2022,環境部,1,氯乙烯單體(VCM) kg 台灣 環保署,氯乙烯單體(VCM) | kg | 2.26,1,MOENV CFP | Taiwan EPA,2022,檢索索引已合併同名、同單位、同係數的重複列；原始資料仍保留於 tier1_unified.csv。
對苯二甲酸(PTA),1.87,kg,公斤(kg),Taiwan EPA,TW,Taiwan Local,2022,環境部,1,對苯二甲酸(PTA) kg 台灣 環保署,對苯二甲酸(PTA) | kg | 1.87,1,MOENV CFP | Taiwan EPA,2022,檢索索引已合併同名、同單位、同係數的重複列；原始資料仍保留於 tier1_unified.csv。
聚對苯二甲酸乙二酯(PET),2.74,kg,公斤(kg),Taiwan EPA,TW,Taiwan Local,2022,環境部,1,聚對苯二甲酸乙二酯(PET) kg 台灣 環保署,聚對苯二甲酸乙二酯(PET) | kg | 2.74,1,MOENV CFP | Taiwan EPA,2022,檢索索引已合併同名、同單位、同係數的重複列；原始資料仍保留於 tier1_unified.csv。
太陽能LED燈具,447.0,盞,盞,Taiwan EPA,TW,Taiwan Local,2022,環境部,1,太陽能LED燈具 盞 台灣 環保署,太陽能LED燈具 | 盞 | 447.0,1,MOENV CFP | Taiwan EPA,2022,檢索索引已合併同名、同單位、同係數的重複列；原始資料仍保留於 tier1_unified.csv。
甘蔗吸管,0.00478,piece,支,Taiwan EPA,TW,Taiwan Local,2022,環境部,1,甘蔗吸管 piece 台灣 環保署,甘蔗吸管 | piece | 0.00478,0,Taiwan EPA,2022,
PET隔熱膜(2019),9.76,m2,平方公尺(m2),Taiwan EPA,TW,Taiwan Local,2022,環境部,1,PET隔熱膜(2019) m2 台灣 環保署,PET隔熱膜(2019) | m2 | 9.76,1,MOENV CFP | Taiwan EPA,2022,檢索索引已合併同名、同單位、同係數的重複列；原始資料仍保留於 tier1_unified.csv。
PET隔熱膜(2017),17.1,m2,平方公尺(m2),Taiwan EPA,TW,Taiwan Local,2022,環境部,1,PET隔熱膜(2017) m2 台灣 環保署,PET隔熱膜(2017) | m2 | 17.1,1,MOENV CFP | Taiwan EPA,2022,檢索索引已合併同名、同單位、同係數的重複列；原始資料仍保留於 tier1_unified.csv。
團體膳食服務(不區分供應的對象) (2019),1.29,每人每餐,每人每餐,Taiwan EPA,TW,Taiwan Local,2022,環境部,1,團體膳食服務(不區分供應的對象) (2019) 每人每餐 台灣 環保署,團體膳食服務(不區分供應的對象) (2019) | 每人每餐 | 1.29,1,MOENV CFP | Taiwan EPA,2022,檢索索引已合併同名、同單位、同係數的重複列；原始資料仍保留於 tier1_unified.csv。
團體膳食服務(不區分供應的對象) (2018),3.97,每人每餐,每人每餐,Taiwan EPA,TW,Taiwan Local,2022,環境部,1,團體膳食服務(不區分供應的對象) (2018) 每人每餐 台灣 環保署,團體膳食服務(不區分供應的對象) (2018) | 每人每餐 | 3.97,1,MOENV CFP | Taiwan EPA,2022,檢索索引已合併同名、同單位、同係數的重複列；原始資料仍保留於 tier1_unified.csv。
氟化鈣污泥處理服務(物理處理),336.0,mt,公噸(mt),Taiwan EPA,TW,Taiwan Local,2022,中聯資源股份有限公司,1,氟化鈣污泥處理服務(物理處理) mt 台灣 環保署,氟化鈣污泥處理服務(物理處理) | mt | 336.0,0,Taiwan EPA,2022,
人造螢石(太空袋裝),584.0,袋,袋,Taiwan EPA,TW,Taiwan Local,2022,中聯資源股份有限公司,1,人造螢石(太空袋裝) 袋 台灣 環保署,人造螢石(太空袋裝) | 袋 | 584.0,1,MOENV CFP | Taiwan EPA,2022,檢索索引已合併同名、同單位、同係數的重複列；原始資料仍保留於 tier1_unified.csv。
鋁錠(散裝),189.0,mt,公噸(mt),Taiwan EPA,TW,Taiwan Local,2022,中聯資源股份有限公司,1,鋁錠(散裝) mt 台灣 環保署,鋁錠(散裝) | mt | 189.0,0,Taiwan EPA,2022,
鋁錐(太空袋裝),724.0,袋,袋,Taiwan EPA,TW,Taiwan Local,2022,中聯資源股份有限公司,1,鋁錐(太空袋裝) 袋 台灣 環保署,鋁錐(太空袋裝) | 袋 | 724.0,1,MOENV CFP | Taiwan EPA,2022,檢索索引已合併同名、同單位、同係數的重複列；原始資料仍保留於 tier1_unified.csv。
礦物細料(石灰質細料，散裝),32.4,mt,公噸(mt),Taiwan EPA,TW,Taiwan Local,2022,中聯資源股份有限公司,1,礦物細料(石灰質細料，散裝) mt 台灣 環保署,礦物細料(石灰質細料，散裝) | mt | 32.4,0,Taiwan EPA,2022,
鐵渣(煤灰礦泥拌合料，散裝),4.61,mt,公噸(mt),Taiwan EPA,TW,Taiwan Local,2022,中聯資源股份有限公司,1,鐵渣(煤灰礦泥拌合料，散裝) mt 台灣 環保署,鐵渣(煤灰礦泥拌合料，散裝) | mt | 4.61,0,Taiwan EPA,2022,
轉爐石細料(散裝),14.8,mt,公噸(mt),Taiwan EPA,TW,Taiwan Local,2022,中聯資源股份有限公司,1,轉爐石細料(散裝) mt 台灣 環保署,轉爐石細料(散裝) | mt | 14.8,0,Taiwan EPA,2022,
瀝青鋪面用粒料(散裝),9.56,mt,公噸(mt),Taiwan EPA,TW,Taiwan Local,2022,中聯資源股份有限公司,1,瀝青鋪面用粒料(散裝) mt 台灣 環保署,瀝青鋪面用粒料(散裝) | mt | 9.56,0,Taiwan EPA,2022,
氣冷高爐石級配料(散裝),4.98,mt,公噸(mt),Taiwan EPA,TW,Taiwan Local,2022,中聯資源股份有限公司,1,氣冷高爐石級配料(散裝) mt 台灣 環保署,氣冷高爐石級配料(散裝) | mt | 4.98,0,Taiwan EPA,2022,
氣冷轉爐石級配料(散裝),5.77,mt,公噸(mt),Taiwan EPA,TW,Taiwan Local,2022,中聯資源股份有限公司,1,氣冷轉爐石級配料(散裝) mt 台灣 環保署,氣冷轉爐石級配料(散裝) | mt | 5.77,0,Taiwan EPA,2022,
地質改良處理劑(50公斤，紙袋裝),18.2,包,包,Taiwan EPA,TW,Taiwan Local,2022,中聯資源股份有限公司,1,地質改良處理劑(50公斤，紙袋裝) 包 台灣 環保署,地質改良處理劑(50公斤，紙袋裝) | 包 | 18.2,1,MOENV CFP | Taiwan EPA,2022,檢索索引已合併同名、同單位、同係數的重複列；原始資料仍保留於 tier1_unified.csv。
地質改良處理劑(太空袋裝),363.0,袋,袋,Taiwan EPA,TW,Taiwan Local,2022,中聯資源股份有限公司,1,地質改良處理劑(太空袋裝) 袋 台灣 環保署,地質改良處理劑(太空袋裝) | 袋 | 363.0,1,MOENV CFP | Taiwan EPA,2022,檢索索引已合併同名、同單位、同係數的重複列；原始資料仍保留於 tier1_unified.csv。
地質改良處理劑(散裝),359.0,mt,公噸(mt),Taiwan EPA,TW,Taiwan Local,2022,中聯資源股份有限公司,1,地質改良處理劑(散裝) mt 台灣 環保署,地質改良處理劑(散裝) | mt | 359.0,0,Taiwan EPA,2022,
新型高爐水泥(50公斤，紙袋裝),25.6,包,包,Taiwan EPA,TW,Taiwan Local,2022,中聯資源股份有限公司,1,新型高爐水泥(50公斤，紙袋裝) 包 台灣 環保署,新型高爐水泥(50公斤，紙袋裝) | 包 | 25.6,1,MOENV CFP | Taiwan EPA,2022,檢索索引已合併同名、同單位、同係數的重複列；原始資料仍保留於 tier1_unified.csv。
卜特蘭高爐爐碴水泥(太空袋裝),573.0,袋,袋,Taiwan EPA,TW,Taiwan Local,2022,中聯資源股份有限公司,1,卜特蘭高爐爐碴水泥(太空袋裝) 袋 台灣 環保署,卜特蘭高爐爐碴水泥(太空袋裝) | 袋 | 573.0,1,MOENV CFP | Taiwan EPA,2022,檢索索引已合併同名、同單位、同係數的重複列；原始資料仍保留於 tier1_unified.csv。
卜特蘭高爐爐碴水泥(散裝),604.0,mt,公噸(mt),Taiwan EPA,TW,Taiwan Local,2022,中聯資源股份有限公司,1,卜特蘭高爐爐碴水泥(散裝) mt 台灣 環保署,卜特蘭高爐爐碴水泥(散裝) | mt | 604.0,0,Taiwan EPA,2022,
飛灰爐石粉(散裝),46.8,mt,公噸(mt),Taiwan EPA,TW,Taiwan Local,2022,中聯資源股份有限公司,1,飛灰爐石粉(散裝) mt 台灣 環保署,飛灰爐石粉(散裝) | mt | 46.8,0,Taiwan EPA,2022,
混凝土及水泥砂漿用水淬高爐爐碴粉(太空袋裝),59.3,袋,袋,Taiwan EPA,TW,Taiwan Local,2022,中聯資源股份有限公司,1,混凝土及水泥砂漿用水淬高爐爐碴粉(太空袋裝) 袋 台灣 環保署,混凝土及水泥砂漿用水淬高爐爐碴粉(太空袋裝) | 袋 | 59.3,1,MOENV CFP | Taiwan EPA,2022,檢索索引已合併同名、同單位、同係數的重複列；原始資料仍保留於 tier1_unified.csv。
混凝土及水泥砂漿用水淬高爐爐碴粉(散裝，含轉運),61.3,mt,公噸(mt),Taiwan EPA,TW,Taiwan Local,2022,中聯資源股份有限公司,1,混凝土及水泥砂漿用水淬高爐爐碴粉(散裝，含轉運) mt 台灣 環保署,混凝土及水泥砂漿用水淬高爐爐碴粉(散裝，含轉運) | mt | 61.3,0,Taiwan EPA,2022,
混凝土及水泥砂漿用水淬高爐爐碴粉(散裝，不含轉運),58.9,mt,公噸(mt),Taiwan EPA,TW,Taiwan Local,2022,中聯資源股份有限公司,1,混凝土及水泥砂漿用水淬高爐爐碴粉(散裝，不含轉運) mt 台灣 環保署,混凝土及水泥砂漿用水淬高爐爐碴粉(散裝，不含轉運) | mt | 58.9,0,Taiwan EPA,2022,
預拌混凝土(350kgf/cm2，飛灰爐石替代率50％),244.0,m3,立方公尺(m3),Taiwan EPA,TW,Taiwan Local,2022,亞東預拌混凝土股份有限公司,1,預拌混凝土(350kgf/cm2，飛灰爐石替代率50％) m3 台灣 環保署,預拌混凝土(350kgf/cm2，飛灰爐石替代率50％) | m3 | 244.0,1,MOENV CFP | Taiwan EPA,2022,檢索索引已合併同名、同單位、同係數的重複列；原始資料仍保留於 tier1_unified.csv。
預拌混凝土(350kgf/cm2，飛灰爐石替代率30％),341.0,m3,立方公尺(m3),Taiwan EPA,TW,Taiwan Local,2022,亞東預拌混凝土股份有限公司,1,預拌混凝土(350kgf/cm2，飛灰爐石替代率30％) m3 台灣 環保署,預拌混凝土(350kgf/cm2，飛灰爐石替代率30％) | m3 | 341.0,1,MOENV CFP | Taiwan EPA,2022,檢索索引已合併同名、同單位、同係數的重複列；原始資料仍保留於 tier1_unified.csv。
預拌混凝土(280kgf/cm2，飛灰爐石替代率50％),214.0,m3,立方公尺(m3),Taiwan EPA,TW,Taiwan Local,2022,亞東預拌混凝土股份有限公司,1,預拌混凝土(280kgf/cm2，飛灰爐石替代率50％) m3 台灣 環保署,預拌混凝土(280kgf/cm2，飛灰爐石替代率50％) | m3 | 214.0,1,MOENV CFP | Taiwan EPA,2022,檢索索引已合併同名、同單位、同係數的重複列；原始資料仍保留於 tier1_unified.csv。
預拌混凝土(280kgf/cm2，飛灰爐石替代率30％),301.0,m3,立方公尺(m3),Taiwan EPA,TW,Taiwan Local,2022,亞東預拌混凝土股份有限公司,1,預拌混凝土(280kgf/cm2，飛灰爐石替代率30％) m3 台灣 環保署,預拌混凝土(280kgf/cm2，飛灰爐石替代率30％) | m3 | 301.0,1,MOENV CFP | Taiwan EPA,2022,檢索索引已合併同名、同單位、同係數的重複列；原始資料仍保留於 tier1_unified.csv。
精製細砂(25公斤),28.9,kg,公斤(kg),Taiwan EPA,TW,Taiwan Local,2022,台灣糖業股份有限公司小港廠,1,精製細砂(25公斤) kg 台灣 環保署,精製細砂(25公斤) | kg | 28.9,1,MOENV CFP | Taiwan EPA,2022,檢索索引已合併同名、同單位、同係數的重複列；原始資料仍保留於 tier1_unified.csv。
精製特砂(50公斤),57.7,kg,公斤(kg),Taiwan EPA,TW,Taiwan Local,2022,台灣糖業股份有限公司小港廠,1,精製特砂(50公斤) kg 台灣 環保署,精製特砂(50公斤) | kg | 57.7,1,MOENV CFP | Taiwan EPA,2022,檢索索引已合併同名、同單位、同係數的重複列；原始資料仍保留於 tier1_unified.csv。
精製特砂(25公斤),28.9,kg,公斤(kg),Taiwan EPA,TW,Taiwan Local,2022,台灣糖業股份有限公司小港廠,1,精製特砂(25公斤) kg 台灣 環保署,精製特砂(25公斤) | kg | 28.9,1,MOENV CFP | Taiwan EPA,2022,檢索索引已合併同名、同單位、同係數的重複列；原始資料仍保留於 tier1_unified.csv。
精製二砂(25公斤),28.9,kg,公斤(kg),Taiwan EPA,TW,Taiwan Local,2022,台灣糖業股份有限公司小港廠,1,精製二砂(25公斤) kg 台灣 環保署,精製二砂(25公斤) | kg | 28.9,1,MOENV CFP | Taiwan EPA,2022,檢索索引已合併同名、同單位、同係數的重複列；原始資料仍保留於 tier1_unified.csv。
轉化液糖(20公噸),23800.0,mt,公噸(mt),Taiwan EPA,TW,Taiwan Local,2022,台灣糖業股份有限公司小港廠,1,轉化液糖(20公噸) mt 台灣 環保署,轉化液糖(20公噸) | mt | 23800.0,0,Taiwan EPA,2022,
特製液糖(20公噸),23800.0,mt,公噸(mt),Taiwan EPA,TW,Taiwan Local,2022,台灣糖業股份有限公司小港廠,1,特製液糖(20公噸) mt 台灣 環保署,特製液糖(20公噸) | mt | 23800.0,0,Taiwan EPA,2022,
單結晶矽電池BIPV鋼板太陽光電模組(24片6吋),182.0,片,片,Taiwan EPA,TW,Taiwan Local,2022,經濟部標準檢驗局,1,單結晶矽電池BIPV鋼板太陽光電模組(24片6吋) 片 台灣 環保署,單結晶矽電池BIPV鋼板太陽光電模組(24片6吋) | 片 | 182.0,0,Taiwan EPA,2022,
單結晶矽電池(6吋),5.9,片,片,Taiwan EPA,TW,Taiwan Local,2022,經濟部標準檢驗局,1,單結晶矽電池(6吋) 片 台灣 環保署,單結晶矽電池(6吋) | 片 | 5.9,0,Taiwan EPA,2022,
玻璃容器,1.15,kg,公斤(kg),Taiwan EPA,TW,Taiwan Local,2022,環境部,1,玻璃容器 kg 台灣 環保署,玻璃容器 | kg | 1.15,0,Taiwan EPA,2022,
氮氣，99.9999％,0.123,kg,公斤(kg),Taiwan EPA,TW,Taiwan Local,2022,環境部,1,氮氣，99.9999％ kg 台灣 環保署,氮氣，99.9999％ | kg | 0.123,1,MOENV CFP | Taiwan EPA,2022,檢索索引已合併同名、同單位、同係數的重複列；原始資料仍保留於 tier1_unified.csv。
氫氧化鈉，32％,0.667,kg,公斤(kg),Taiwan EPA,TW,Taiwan Local,2022,環境部,1,氫氧化鈉，32％ kg 台灣 環保署,氫氧化鈉，32％ | kg | 0.667,1,MOENV CFP | Taiwan EPA,2022,檢索索引已合併同名、同單位、同係數的重複列；原始資料仍保留於 tier1_unified.csv。
氫氧化鈉，45％,0.675,kg,公斤(kg),Taiwan EPA,TW,Taiwan Local,2022,環境部,1,氫氧化鈉，45％ kg 台灣 環保署,氫氧化鈉，45％ | kg | 0.675,0,Taiwan EPA,2022,
潤滑油(未燃燒，2020),1.09,kg,公斤(kg),Taiwan EPA,TW,Taiwan Local,2022,環境部,1,潤滑油(未燃燒，2020) kg 台灣 環保署,潤滑油(未燃燒，2020) | kg | 1.09,1,MOENV CFP | Taiwan EPA,2022,檢索索引已合併同名、同單位、同係數的重複列；原始資料仍保留於 tier1_unified.csv。
煤油(未燃燒，2020),0.411,l,公升(L),Taiwan EPA,TW,Taiwan Local,2022,環境部,1,煤油(未燃燒，2020) l 台灣 環保署,煤油(未燃燒，2020) | l | 0.411,0,Taiwan EPA,2022,
煤油使用(2020),2.98,l,公升(L),Taiwan EPA,TW,Taiwan Local,2022,環境部,1,煤油使用(2020) l 台灣 環保署,煤油使用(2020) | l | 2.98,0,Taiwan EPA,2022,
液化石油氣(未燃燒，2020),0.467,l,公升(L),Taiwan EPA,TW,Taiwan Local,2022,環境部,1,液化石油氣(未燃燒，2020) l 台灣 環保署,液化石油氣(未燃燒，2020) | l | 0.467,0,Taiwan EPA,2022,
液化石油氣(於固定源使用，2020),2.22,l,公升(L),Taiwan EPA,TW,Taiwan Local,2022,環境部,1,液化石油氣(於固定源使用，2020) l 台灣 環保署,液化石油氣(於固定源使用，2020) | l | 2.22,0,Taiwan EPA,2022,
天然氣(未燃燒，2020),0.516,m3,立方公尺(m3),Taiwan EPA,TW,Taiwan Local,2022,環境部,1,天然氣(未燃燒，2020) m3 台灣 環保署,天然氣(未燃燒，2020) | m3 | 0.516,1,MOENV CFP | Taiwan EPA,2022,檢索索引已合併同名、同單位、同係數的重複列；原始資料仍保留於 tier1_unified.csv。
天然氣(於固定源使用，2020),2.63,m3,立方公尺(m3),Taiwan EPA,TW,Taiwan Local,2022,環境部,1,天然氣(於固定源使用，2020) m3 台灣 環保署,天然氣(於固定源使用，2020) | m3 | 2.63,1,MOENV CFP | Taiwan EPA,2022,檢索索引已合併同名、同單位、同係數的重複列；原始資料仍保留於 tier1_unified.csv。
車用汽油(於移動源使用，2020),3.01,l,公升(L),Taiwan EPA,TW,Taiwan Local,2022,環境部,1,車用汽油(於移動源使用，2020) l 台灣 環保署,車用汽油(於移動源使用，2020) | l | 3.01,0,Taiwan EPA,2022,
車用汽油(於固定源使用，2020),2.93,l,公升(L),Taiwan EPA,TW,Taiwan Local,2022,環境部,1,車用汽油(於固定源使用，2020) l 台灣 環保署,車用汽油(於固定源使用，2020) | l | 2.93,0,Taiwan EPA,2022,
車用汽油(未燃燒，2020),0.657,l,公升(L),Taiwan EPA,TW,Taiwan Local,2022,環境部,1,車用汽油(未燃燒，2020) l 台灣 環保署,車用汽油(未燃燒，2020) | l | 0.657,0,Taiwan EPA,2022,
柴油（於捕撈移動源使用，2020）,3.35,l,公升(L),Taiwan EPA,TW,Taiwan Local,2022,環境部,1,柴油（於捕撈移動源使用，2020） l 台灣 環保署,柴油（於捕撈移動源使用，2020） | l | 3.35,0,Taiwan EPA,2022,
柴油（於水路運輸移動源使用，2020）,3.36,l,公升(L),Taiwan EPA,TW,Taiwan Local,2022,環境部,1,柴油（於水路運輸移動源使用，2020） l 台灣 環保署,柴油（於水路運輸移動源使用，2020） | l | 3.36,0,Taiwan EPA,2022,
柴油（於鐵路運輸與非道路運輸移動源使用，2020）,3.61,l,公升(L),Taiwan EPA,TW,Taiwan Local,2022,環境部,1,柴油（於鐵路運輸與非道路運輸移動源使用，2020） l 台灣 環保署,柴油（於鐵路運輸與非道路運輸移動源使用，2020） | l | 3.61,0,Taiwan EPA,2022,
柴油(於公路運輸移動源使用，2020),3.38,l,公升(L),Taiwan EPA,TW,Taiwan Local,2022,環境部,1,柴油(於公路運輸移動源使用，2020) l 台灣 環保署,柴油(於公路運輸移動源使用，2020) | l | 3.38,0,Taiwan EPA,2022,
柴油(於固定源使用，2020),3.34,l,公升(L),Taiwan EPA,TW,Taiwan Local,2022,環境部,1,柴油(於固定源使用，2020) l 台灣 環保署,柴油(於固定源使用，2020) | l | 3.34,0,Taiwan EPA,2022,
柴油(未燃燒，2020),0.73,l,公升(L),Taiwan EPA,TW,Taiwan Local,2022,環境部,1,柴油(未燃燒，2020) l 台灣 環保署,柴油(未燃燒，2020) | l | 0.73,0,Taiwan EPA,2022,
燃料油未燃燒(蒸餘油/重油未燃燒，2020),0.829,l,公升(L),Taiwan EPA,TW,Taiwan Local,2022,環境部,1,燃料油未燃燒(蒸餘油/重油未燃燒，2020) l 台灣 環保署,燃料油未燃燒(蒸餘油/重油未燃燒，2020) | l | 0.829,0,Taiwan EPA,2022,
燃料油使用(蒸餘油/重油使用，2020),3.95,l,公升(L),Taiwan EPA,TW,Taiwan Local,2022,環境部,1,燃料油使用(蒸餘油/重油使用，2020) l 台灣 環保署,燃料油使用(蒸餘油/重油使用，2020) | l | 3.95,0,Taiwan EPA,2022,
電力間接碳足跡(2020),0.0882,kwh,度(kwh),Taiwan EPA,TW,Taiwan Local,2022,環境部,1,電力間接碳足跡(2020) kwh 台灣 環保署,電力間接碳足跡(2020) | kwh | 0.0882,1,MOENV CFP | Taiwan EPA,2022,檢索索引已合併同名、同單位、同係數的重複列；原始資料仍保留於 tier1_unified.csv。
電力碳足跡(2020),0.59,kwh,度(kwh),Taiwan EPA,TW,Taiwan Local,2022,環境部,1,電力碳足跡(2020) kwh 台灣 環保署,電力碳足跡(2020) | kwh | 0.59,1,MOENV CFP | Taiwan EPA,2022,檢索索引已合併同名、同單位、同係數的重複列；原始資料仍保留於 tier1_unified.csv。
氫氧化鈣(熟石灰),1.59,kg,公斤(kg),Taiwan EPA,TW,Taiwan Local,2021,環境部,1,氫氧化鈣(熟石灰) kg 台灣 環保署,氫氧化鈣(熟石灰) | kg | 1.59,0,Taiwan EPA,2021,
精鹽（食用鹽）,0.0688,kg,公斤(kg),Taiwan EPA,TW,Taiwan Local,2021,環境部,1,精鹽（食用鹽） kg 台灣 環保署,精鹽（食用鹽） | kg | 0.0688,1,MOENV CFP | Taiwan EPA,2021,檢索索引已合併同名、同單位、同係數的重複列；原始資料仍保留於 tier1_unified.csv。
液化石油氣(於固定源使用，2019),2.22,l,公升(L),Taiwan EPA,TW,Taiwan Local,2021,環境部,1,液化石油氣(於固定源使用，2019) l 台灣 環保署,液化石油氣(於固定源使用，2019) | l | 2.22,0,Taiwan EPA,2021,
聚醯胺絲,9.31,kg,公斤(kg),Taiwan EPA,TW,Taiwan Local,2021,環境部,1,聚醯胺絲 kg 台灣 環保署,聚醯胺絲 | kg | 9.31,0,Taiwan EPA,2021,
柴油（於鐵路運輸與非道路運輸移動源使用，2019）,3.61,l,公升(L),Taiwan EPA,TW,Taiwan Local,2021,環境部,1,柴油（於鐵路運輸與非道路運輸移動源使用，2019） l 台灣 環保署,柴油（於鐵路運輸與非道路運輸移動源使用，2019） | l | 3.61,0,Taiwan EPA,2021,
天然氣(未燃燒，2019),0.451,m3,立方公尺(m3),Taiwan EPA,TW,Taiwan Local,2021,環境部,1,天然氣(未燃燒，2019) m3 台灣 環保署,天然氣(未燃燒，2019) | m3 | 0.451,1,MOENV CFP | Taiwan EPA,2021,檢索索引已合併同名、同單位、同係數的重複列；原始資料仍保留於 tier1_unified.csv。
聚氯乙烯,3.02,kg,公斤(kg),Taiwan EPA,TW,Taiwan Local,2021,環境部,1,聚氯乙烯 kg 台灣 環保署,聚氯乙烯 | kg | 3.02,1,MOENV CFP | Taiwan EPA,2021,檢索索引已合併同名、同單位、同係數的重複列；原始資料仍保留於 tier1_unified.csv。
柴油(於公路運輸移動源使用，2019),3.38,l,公升(L),Taiwan EPA,TW,Taiwan Local,2021,環境部,1,柴油(於公路運輸移動源使用，2019) l 台灣 環保署,柴油(於公路運輸移動源使用，2019) | l | 3.38,0,Taiwan EPA,2021,
天然氣(於固定源使用，2019),2.56,m3,立方公尺(m3),Taiwan EPA,TW,Taiwan Local,2021,環境部,1,天然氣(於固定源使用，2019) m3 台灣 環保署,天然氣(於固定源使用，2019) | m3 | 2.56,1,MOENV CFP | Taiwan EPA,2021,檢索索引已合併同名、同單位、同係數的重複列；原始資料仍保留於 tier1_unified.csv。
車用汽油(於移動源使用，2019),3.02,l,公升(L),Taiwan EPA,TW,Taiwan Local,2021,環境部,1,車用汽油(於移動源使用，2019) l 台灣 環保署,車用汽油(於移動源使用，2019) | l | 3.02,0,Taiwan EPA,2021,
潤滑油(未燃燒，2019),1.02,kg,公斤(kg),Taiwan EPA,TW,Taiwan Local,2021,環境部,1,潤滑油(未燃燒，2019) kg 台灣 環保署,潤滑油(未燃燒，2019) | kg | 1.02,1,MOENV CFP | Taiwan EPA,2021,檢索索引已合併同名、同單位、同係數的重複列；原始資料仍保留於 tier1_unified.csv。
車用汽油(於固定源使用，2019),2.93,l,公升(L),Taiwan EPA,TW,Taiwan Local,2021,環境部,1,車用汽油(於固定源使用，2019) l 台灣 環保署,車用汽油(於固定源使用，2019) | l | 2.93,0,Taiwan EPA,2021,
柴油(於固定源使用，2019),3.35,l,公升(L),Taiwan EPA,TW,Taiwan Local,2021,環境部,1,柴油(於固定源使用，2019) l 台灣 環保署,柴油(於固定源使用，2019) | l | 3.35,0,Taiwan EPA,2021,
車用汽油(未燃燒，2019),0.66,l,公升(L),Taiwan EPA,TW,Taiwan Local,2021,環境部,1,車用汽油(未燃燒，2019) l 台灣 環保署,車用汽油(未燃燒，2019) | l | 0.66,0,Taiwan EPA,2021,
柴油(未燃燒，2019),0.733,l,公升(L),Taiwan EPA,TW,Taiwan Local,2021,環境部,1,柴油(未燃燒，2019) l 台灣 環保署,柴油(未燃燒，2019) | l | 0.733,0,Taiwan EPA,2021,
燃料油未燃燒(蒸餘油/重油未燃燒，2019),0.832,l,公升(L),Taiwan EPA,TW,Taiwan Local,2021,環境部,1,燃料油未燃燒(蒸餘油/重油未燃燒，2019) l 台灣 環保署,燃料油未燃燒(蒸餘油/重油未燃燒，2019) | l | 0.832,0,Taiwan EPA,2021,
柴油（於捕撈移動源使用，2019）,3.36,l,公升(L),Taiwan EPA,TW,Taiwan Local,2021,環境部,1,柴油（於捕撈移動源使用，2019） l 台灣 環保署,柴油（於捕撈移動源使用，2019） | l | 3.36,0,Taiwan EPA,2021,
煤油(未燃燒，2019),0.413,l,公升(L),Taiwan EPA,TW,Taiwan Local,2021,環境部,1,煤油(未燃燒，2019) l 台灣 環保署,煤油(未燃燒，2019) | l | 0.413,0,Taiwan EPA,2021,
燃料油使用(蒸餘油/重油使用，2019),3.95,l,公升(L),Taiwan EPA,TW,Taiwan Local,2021,環境部,1,燃料油使用(蒸餘油/重油使用，2019) l 台灣 環保署,燃料油使用(蒸餘油/重油使用，2019) | l | 3.95,0,Taiwan EPA,2021,
煤油使用(2019),2.98,l,公升(L),Taiwan EPA,TW,Taiwan Local,2021,環境部,1,煤油使用(2019) l 台灣 環保署,煤油使用(2019) | l | 2.98,0,Taiwan EPA,2021,
柴油（於水路運輸移動源使用，2019）,3.36,l,公升(L),Taiwan EPA,TW,Taiwan Local,2021,環境部,1,柴油（於水路運輸移動源使用，2019） l 台灣 環保署,柴油（於水路運輸移動源使用，2019） | l | 3.36,0,Taiwan EPA,2021,
液化石油氣(未燃燒，2019),0.467,l,公升(L),Taiwan EPA,TW,Taiwan Local,2021,環境部,1,液化石油氣(未燃燒，2019) l 台灣 環保署,液化石油氣(未燃燒，2019) | l | 0.467,0,Taiwan EPA,2021,
電力間接碳足跡 (2019),0.0923,kwh,度(kwh),Taiwan EPA,TW,Taiwan Local,2021,環境部,1,電力間接碳足跡 (2019) kwh 台灣 環保署,電力間接碳足跡 (2019) | kwh | 0.0923,1,MOENV CFP | Taiwan EPA,2021,檢索索引已合併同名、同單位、同係數的重複列；原始資料仍保留於 tier1_unified.csv。
電力碳足跡(2019),0.601,kwh,度(kwh),Taiwan EPA,TW,Taiwan Local,2021,環境部,1,電力碳足跡(2019) kwh 台灣 環保署,電力碳足跡(2019) | kwh | 0.601,1,MOENV CFP | Taiwan EPA,2021,檢索索引已合併同名、同單位、同係數的重複列；原始資料仍保留於 tier1_unified.csv。
鳳梨酥,0.194,顆,顆,Taiwan EPA,TW,Taiwan Local,2020,舊振南食品股份有限公司,1,鳳梨酥 顆 台灣 環保署,鳳梨酥 | 顆 | 0.194,1,MOENV CFP | Taiwan EPA,2020,檢索索引已合併同名、同單位、同係數的重複列；原始資料仍保留於 tier1_unified.csv。
銀行臨櫃服務,1.41,每服務人次,每服務人次,Taiwan EPA,TW,Taiwan Local,2020,第一商業銀行股份有限公司,1,銀行臨櫃服務 每服務人次 台灣 環保署,銀行臨櫃服務 | 每服務人次 | 1.41,1,MOENV CFP | Taiwan EPA,2020,檢索索引已合併同名、同單位、同係數的重複列；原始資料仍保留於 tier1_unified.csv。
洗潔精(4830ml),5.94,瓶,瓶,Taiwan EPA,TW,Taiwan Local,2020,耐斯企業股份有限公司,1,洗潔精(4830ml) 瓶 台灣 環保署,洗潔精(4830ml) | 瓶 | 5.94,1,MOENV CFP | Taiwan EPA,2020,檢索索引已合併同名、同單位、同係數的重複列；原始資料仍保留於 tier1_unified.csv。
洗潔精(965ml),1.32,瓶,瓶,Taiwan EPA,TW,Taiwan Local,2020,耐斯企業股份有限公司,1,洗潔精(965ml) 瓶 台灣 環保署,洗潔精(965ml) | 瓶 | 1.32,1,MOENV CFP | Taiwan EPA,2020,檢索索引已合併同名、同單位、同係數的重複列；原始資料仍保留於 tier1_unified.csv。
人身保險服務,8.05,piece,件,Taiwan EPA,TW,Taiwan Local,2020,南山人壽保險股份有限公司,1,人身保險服務 piece 台灣 環保署,人身保險服務 | piece | 8.05,0,Taiwan EPA,2020,
PVC膠帶(0.13mm*18mm*16M),0.28,卷,卷,Taiwan EPA,TW,Taiwan Local,2020,地球綜合工業股份有限公司,1,PVC膠帶(0.13mm*18mm*16M) 卷 台灣 環保署,PVC膠帶(0.13mm*18mm*16M) | 卷 | 0.28,1,MOENV CFP | Taiwan EPA,2020,檢索索引已合併同名、同單位、同係數的重複列；原始資料仍保留於 tier1_unified.csv。
OPP膠帶(0.043mm*48mm*80M),0.97,卷,卷,Taiwan EPA,TW,Taiwan Local,2020,地球綜合工業股份有限公司,1,OPP膠帶(0.043mm*48mm*80M) 卷 台灣 環保署,OPP膠帶(0.043mm*48mm*80M) | 卷 | 0.97,1,MOENV CFP | Taiwan EPA,2020,檢索索引已合併同名、同單位、同係數的重複列；原始資料仍保留於 tier1_unified.csv。
PVC膠帶(0.17mm*48mm*12M),0.78,卷,卷,Taiwan EPA,TW,Taiwan Local,2020,地球綜合工業股份有限公司,1,PVC膠帶(0.17mm*48mm*12M) 卷 台灣 環保署,PVC膠帶(0.17mm*48mm*12M) | 卷 | 0.78,1,MOENV CFP | Taiwan EPA,2020,檢索索引已合併同名、同單位、同係數的重複列；原始資料仍保留於 tier1_unified.csv。
OPP膠帶(0.04mm*48mm*35M),0.52,卷,卷,Taiwan EPA,TW,Taiwan Local,2020,地球綜合工業股份有限公司,1,OPP膠帶(0.04mm*48mm*35M) 卷 台灣 環保署,OPP膠帶(0.04mm*48mm*35M) | 卷 | 0.52,1,MOENV CFP | Taiwan EPA,2020,檢索索引已合併同名、同單位、同係數的重複列；原始資料仍保留於 tier1_unified.csv。
信用卡,0.873,piece,張,Taiwan EPA,TW,Taiwan Local,2020,玉山商業銀行股份有限公司,1,信用卡 piece 台灣 環保署,信用卡 | piece | 0.873,1,MOENV CFP | Taiwan EPA,2020,檢索索引已合併同名、同單位、同係數的重複列；原始資料仍保留於 tier1_unified.csv。
環保抽取式衛生紙,0.279,包,包,Taiwan EPA,TW,Taiwan Local,2020,正隆股份有限公司竹北廠,1,環保抽取式衛生紙 包 台灣 環保署,環保抽取式衛生紙 | 包 | 0.279,0,Taiwan EPA,2020,
抽取式衛生紙,0.402,包,包,Taiwan EPA,TW,Taiwan Local,2020,正隆股份有限公司竹北廠,1,抽取式衛生紙 包 台灣 環保署,抽取式衛生紙 | 包 | 0.402,1,MOENV CFP | Taiwan EPA,2020,檢索索引已合併同名、同單位、同係數的重複列；原始資料仍保留於 tier1_unified.csv。
環保抽取式擦手紙巾,0.739,包,包,Taiwan EPA,TW,Taiwan Local,2020,正隆股份有限公司竹北廠,1,環保抽取式擦手紙巾 包 台灣 環保署,環保抽取式擦手紙巾 | 包 | 0.739,0,Taiwan EPA,2020,
廢(污)水處理服務(科技部南部科學園區高雄園區污水處理廠),0.3,m3,立方公尺(m3),Taiwan EPA,TW,Taiwan Local,2020,惠民實業股份有限公司,1,廢(污)水處理服務(科技部南部科學園區高雄園區污水處理廠) m3 台灣 環保署,廢(污)水處理服務(科技部南部科學園區高雄園區污水處理廠) | m3 | 0.3,1,MOENV CFP | Taiwan EPA,2020,檢索索引已合併同名、同單位、同係數的重複列；原始資料仍保留於 tier1_unified.csv。
廢(污)水處理服務(科技部新竹科學工業園區管理局竹南園區污水處理廠),0.553,m3,立方公尺(m3),Taiwan EPA,TW,Taiwan Local,2020,中欣行股份有限公司,1,廢(污)水處理服務(科技部新竹科學工業園區管理局竹南園區污水處理廠) m3 台灣 環保署,廢(污)水處理服務(科技部新竹科學工業園區管理局竹南園區污水處理廠) | m3 | 0.553,1,MOENV CFP | Taiwan EPA,2020,檢索索引已合併同名、同單位、同係數的重複列；原始資料仍保留於 tier1_unified.csv。
廢(污)水處理服務(羅東地區水資源回收中心),0.34,m3,立方公尺(m3),Taiwan EPA,TW,Taiwan Local,2020,山林水環境工程股份有限公司,1,廢(污)水處理服務(羅東地區水資源回收中心) m3 台灣 環保署,廢(污)水處理服務(羅東地區水資源回收中心) | m3 | 0.34,0,Taiwan EPA,2020,
郵局郵件遞送服務,0.205,g,公克(g),Taiwan EPA,TW,Taiwan Local,2020,中華郵政股份有限公司,1,郵局郵件遞送服務 g 台灣 環保署,郵局郵件遞送服務 | g | 0.205,0,Taiwan EPA,2020,
多孔隙瀝青混凝土(混和料比例3.3％),0.134,kg,公斤(kg),Taiwan EPA,TW,Taiwan Local,2020,公路總局西部濱海公路南區臨時工程處,1,多孔隙瀝青混凝土(混和料比例3.3％) kg 台灣 環保署,多孔隙瀝青混凝土(混和料比例3.3％) | kg | 0.134,1,MOENV CFP | Taiwan EPA,2020,檢索索引已合併同名、同單位、同係數的重複列；原始資料仍保留於 tier1_unified.csv。
粗級配瀝青混凝土(混和料比例2.9％),0.129,kg,公斤(kg),Taiwan EPA,TW,Taiwan Local,2020,公路總局西部濱海公路南區臨時工程處,1,粗級配瀝青混凝土(混和料比例2.9％) kg 台灣 環保署,粗級配瀝青混凝土(混和料比例2.9％) | kg | 0.129,1,MOENV CFP | Taiwan EPA,2020,檢索索引已合併同名、同單位、同係數的重複列；原始資料仍保留於 tier1_unified.csv。
密級配瀝青混凝土(混和料比例2.9％),0.129,kg,公斤(kg),Taiwan EPA,TW,Taiwan Local,2020,公路總局西部濱海公路南區臨時工程處,1,密級配瀝青混凝土(混和料比例2.9％) kg 台灣 環保署,密級配瀝青混凝土(混和料比例2.9％) | kg | 0.129,1,MOENV CFP | Taiwan EPA,2020,檢索索引已合併同名、同單位、同係數的重複列；原始資料仍保留於 tier1_unified.csv。
早強預拌混凝土(420 kgf/cm2),370.0,m3,立方公尺(m3),Taiwan EPA,TW,Taiwan Local,2020,公路總局西部濱海公路南區臨時工程處,1,早強預拌混凝土(420 kgf/cm2) m3 台灣 環保署,早強預拌混凝土(420 kgf/cm2) | m3 | 370.0,1,MOENV CFP | Taiwan EPA,2020,檢索索引已合併同名、同單位、同係數的重複列；原始資料仍保留於 tier1_unified.csv。
預力梁用預拌混凝土(350 kgf/cm2),407.0,m3,立方公尺(m3),Taiwan EPA,TW,Taiwan Local,2020,公路總局西部濱海公路南區臨時工程處,1,預力梁用預拌混凝土(350 kgf/cm2) m3 台灣 環保署,預力梁用預拌混凝土(350 kgf/cm2) | m3 | 407.0,1,MOENV CFP | Taiwan EPA,2020,檢索索引已合併同名、同單位、同係數的重複列；原始資料仍保留於 tier1_unified.csv。
自充填預拌混凝土(350 kgf/cm2),375.0,m3,立方公尺(m3),Taiwan EPA,TW,Taiwan Local,2020,公路總局西部濱海公路南區臨時工程處,1,自充填預拌混凝土(350 kgf/cm2) m3 台灣 環保署,自充填預拌混凝土(350 kgf/cm2) | m3 | 375.0,1,MOENV CFP | Taiwan EPA,2020,檢索索引已合併同名、同單位、同係數的重複列；原始資料仍保留於 tier1_unified.csv。
預拌混凝土(280 kgf/cm2),338.0,m3,立方公尺(m3),Taiwan EPA,TW,Taiwan Local,2020,公路總局西部濱海公路南區臨時工程處,1,預拌混凝土(280 kgf/cm2) m3 台灣 環保署,預拌混凝土(280 kgf/cm2) | m3 | 338.0,1,MOENV CFP | Taiwan EPA,2020,檢索索引已合併同名、同單位、同係數的重複列；原始資料仍保留於 tier1_unified.csv。
預拌混凝土(245 kgf/cm2),252.0,m3,立方公尺(m3),Taiwan EPA,TW,Taiwan Local,2020,公路總局西部濱海公路南區臨時工程處,1,預拌混凝土(245 kgf/cm2) m3 台灣 環保署,預拌混凝土(245 kgf/cm2) | m3 | 252.0,1,MOENV CFP | Taiwan EPA,2020,檢索索引已合併同名、同單位、同係數的重複列；原始資料仍保留於 tier1_unified.csv。
預拌水中混凝土(210 kgf/cm2),346.0,m3,立方公尺(m3),Taiwan EPA,TW,Taiwan Local,2020,公路總局西部濱海公路南區臨時工程處,1,預拌水中混凝土(210 kgf/cm2) m3 台灣 環保署,預拌水中混凝土(210 kgf/cm2) | m3 | 346.0,1,MOENV CFP | Taiwan EPA,2020,檢索索引已合併同名、同單位、同係數的重複列；原始資料仍保留於 tier1_unified.csv。
預拌混凝土(210 kgf/cm2),238.0,m3,立方公尺(m3),Taiwan EPA,TW,Taiwan Local,2020,公路總局西部濱海公路南區臨時工程處,1,預拌混凝土(210 kgf/cm2) m3 台灣 環保署,預拌混凝土(210 kgf/cm2) | m3 | 238.0,1,MOENV CFP | Taiwan EPA,2020,檢索索引已合併同名、同單位、同係數的重複列；原始資料仍保留於 tier1_unified.csv。
預拌混凝土(175 kgf/cm2),224.0,m3,立方公尺(m3),Taiwan EPA,TW,Taiwan Local,2020,公路總局西部濱海公路南區臨時工程處,1,預拌混凝土(175 kgf/cm2) m3 台灣 環保署,預拌混凝土(175 kgf/cm2) | m3 | 224.0,1,MOENV CFP | Taiwan EPA,2020,檢索索引已合併同名、同單位、同係數的重複列；原始資料仍保留於 tier1_unified.csv。
預拌混凝土(140 kgf/cm2),200.0,m3,立方公尺(m3),Taiwan EPA,TW,Taiwan Local,2020,公路總局西部濱海公路南區臨時工程處,1,預拌混凝土(140 kgf/cm2) m3 台灣 環保署,預拌混凝土(140 kgf/cm2) | m3 | 200.0,1,MOENV CFP | Taiwan EPA,2020,檢索索引已合併同名、同單位、同係數的重複列；原始資料仍保留於 tier1_unified.csv。
鋼筋混凝土用鋼筋(SD420W),0.834,kg,公斤(kg),Taiwan EPA,TW,Taiwan Local,2020,公路總局西部濱海公路南區臨時工程處,1,鋼筋混凝土用鋼筋(SD420W) kg 台灣 環保署,鋼筋混凝土用鋼筋(SD420W) | kg | 0.834,1,MOENV CFP | Taiwan EPA,2020,檢索索引已合併同名、同單位、同係數的重複列；原始資料仍保留於 tier1_unified.csv。
鋼筋混凝土用鋼筋(SD280W),0.835,kg,公斤(kg),Taiwan EPA,TW,Taiwan Local,2020,公路總局西部濱海公路南區臨時工程處,1,鋼筋混凝土用鋼筋(SD280W) kg 台灣 環保署,鋼筋混凝土用鋼筋(SD280W) | kg | 0.835,1,MOENV CFP | Taiwan EPA,2020,檢索索引已合併同名、同單位、同係數的重複列；原始資料仍保留於 tier1_unified.csv。
卜特蘭水泥(Ⅱ型),0.981,kg,公斤(kg),Taiwan EPA,TW,Taiwan Local,2020,公路總局西部濱海公路南區臨時工程處,1,卜特蘭水泥(Ⅱ型) kg 台灣 環保署,卜特蘭水泥(Ⅱ型) | kg | 0.981,0,Taiwan EPA,2020,
黑咖啡,0.304,杯,杯,Taiwan EPA,TW,Taiwan Local,2020,環境部,1,黑咖啡 杯 台灣 環保署,黑咖啡 | 杯 | 0.304,1,MOENV CFP | Taiwan EPA,2020,檢索索引已合併同名、同單位、同係數的重複列；原始資料仍保留於 tier1_unified.csv。
包裝飲用水(1460ml，PET包裝),0.253,瓶,瓶,Taiwan EPA,TW,Taiwan Local,2020,泰山企業股份有限公司,1,包裝飲用水(1460ml，PET包裝) 瓶 台灣 環保署,包裝飲用水(1460ml，PET包裝) | 瓶 | 0.253,1,MOENV CFP | Taiwan EPA,2020,檢索索引已合併同名、同單位、同係數的重複列；原始資料仍保留於 tier1_unified.csv。
包裝飲用水(600ml，PET包裝),0.121,瓶,瓶,Taiwan EPA,TW,Taiwan Local,2020,泰山企業股份有限公司,1,包裝飲用水(600ml，PET包裝) 瓶 台灣 環保署,包裝飲用水(600ml，PET包裝) | 瓶 | 0.121,1,MOENV CFP | Taiwan EPA,2020,檢索索引已合併同名、同單位、同係數的重複列；原始資料仍保留於 tier1_unified.csv。
再生高壓透水混凝土地磚(30cm*30cm*6cm),2.65,片,片,Taiwan EPA,TW,Taiwan Local,2020,健源有限公司,1,再生高壓透水混凝土地磚(30cm*30cm*6cm) 片 台灣 環保署,再生高壓透水混凝土地磚(30cm*30cm*6cm) | 片 | 2.65,0,Taiwan EPA,2020,
再生高壓透水混凝土地磚(20cm*20cm*6cm),1.18,片,片,Taiwan EPA,TW,Taiwan Local,2020,健源有限公司,1,再生高壓透水混凝土地磚(20cm*20cm*6cm) 片 台灣 環保署,再生高壓透水混凝土地磚(20cm*20cm*6cm) | 片 | 1.18,0,Taiwan EPA,2020,
再生高壓透水混凝土地磚(20cm*10cm*6cm),0.59,片,片,Taiwan EPA,TW,Taiwan Local,2020,健源有限公司,1,再生高壓透水混凝土地磚(20cm*10cm*6cm) 片 台灣 環保署,再生高壓透水混凝土地磚(20cm*10cm*6cm) | 片 | 0.59,0,Taiwan EPA,2020,
高壓透水混凝土地磚(30cm*30cm*6cm),2.38,片,片,Taiwan EPA,TW,Taiwan Local,2020,健源有限公司,1,高壓透水混凝土地磚(30cm*30cm*6cm) 片 台灣 環保署,高壓透水混凝土地磚(30cm*30cm*6cm) | 片 | 2.38,0,Taiwan EPA,2020,
高壓透水混凝土地磚(20cm*20cm*6cm),1.06,片,片,Taiwan EPA,TW,Taiwan Local,2020,健源有限公司,1,高壓透水混凝土地磚(20cm*20cm*6cm) 片 台灣 環保署,高壓透水混凝土地磚(20cm*20cm*6cm) | 片 | 1.06,0,Taiwan EPA,2020,
高壓透水混凝土地磚(20cm*10cm*6cm),0.53,片,片,Taiwan EPA,TW,Taiwan Local,2020,健源有限公司,1,高壓透水混凝土地磚(20cm*10cm*6cm) 片 台灣 環保署,高壓透水混凝土地磚(20cm*10cm*6cm) | 片 | 0.53,0,Taiwan EPA,2020,
多結晶矽電池太陽光電模組(72片6吋),336.0,片,片,Taiwan EPA,TW,Taiwan Local,2020,經濟部標準檢驗局,1,多結晶矽電池太陽光電模組(72片6吋) 片 台灣 環保署,多結晶矽電池太陽光電模組(72片6吋) | 片 | 336.0,0,Taiwan EPA,2020,
單結晶矽電池太陽光電模組(72片6吋),465.0,片,片,Taiwan EPA,TW,Taiwan Local,2020,經濟部標準檢驗局,1,單結晶矽電池太陽光電模組(72片6吋) 片 台灣 環保署,單結晶矽電池太陽光電模組(72片6吋) | 片 | 465.0,0,Taiwan EPA,2020,
優格,4.33,kg,公斤(kg),Taiwan EPA,TW,Taiwan Local,2020,衛生福利部食品藥物管理署,1,優格 kg 台灣 環保署,優格 | kg | 4.33,1,MOENV CFP | Taiwan EPA,2020,檢索索引已合併同名、同單位、同係數的重複列；原始資料仍保留於 tier1_unified.csv。
麥芽調味乳,3.31,l,公升(L),Taiwan EPA,TW,Taiwan Local,2020,衛生福利部食品藥物管理署,1,麥芽調味乳 l 台灣 環保署,麥芽調味乳 | l | 3.31,0,Taiwan EPA,2020,
溫度米(台梗16號),3.0,包,包,Taiwan EPA,TW,Taiwan Local,2020,環境部,1,溫度米(台梗16號) 包 台灣 環保署,溫度米(台梗16號) | 包 | 3.0,1,MOENV CFP | Taiwan EPA,2020,檢索索引已合併同名、同單位、同係數的重複列；原始資料仍保留於 tier1_unified.csv。
廢棄物焚化處理服務(岡山垃圾焚化廠),360.0,mt,公噸(mt),Taiwan EPA,TW,Taiwan Local,2020,環境部,1,廢棄物焚化處理服務(岡山垃圾焚化廠) mt 台灣 環保署,廢棄物焚化處理服務(岡山垃圾焚化廠) | mt | 360.0,0,Taiwan EPA,2020,
海苔,0.075,包,包,Taiwan EPA,TW,Taiwan Local,2020,環境部,1,海苔 包 台灣 環保署,海苔 | 包 | 0.075,1,MOENV CFP | Taiwan EPA,2020,檢索索引已合併同名、同單位、同係數的重複列；原始資料仍保留於 tier1_unified.csv。
精華霜,0.55,罐,罐,Taiwan EPA,TW,Taiwan Local,2020,環境部,1,精華霜 罐 台灣 環保署,精華霜 | 罐 | 0.55,1,MOENV CFP | Taiwan EPA,2020,檢索索引已合併同名、同單位、同係數的重複列；原始資料仍保留於 tier1_unified.csv。
聚酯棉,4.45,kg,公斤(kg),Taiwan EPA,TW,Taiwan Local,2020,環境部,1,聚酯棉 kg 台灣 環保署,聚酯棉 | kg | 4.45,0,Taiwan EPA,2020,
聚酯粒,4.09,kg,公斤(kg),Taiwan EPA,TW,Taiwan Local,2020,環境部,1,聚酯粒 kg 台灣 環保署,聚酯粒 | kg | 4.09,0,Taiwan EPA,2020,
聚丙烯腈棉,4.36,kg,公斤(kg),Taiwan EPA,TW,Taiwan Local,2020,環境部,1,聚丙烯腈棉 kg 台灣 環保署,聚丙烯腈棉 | kg | 4.36,0,Taiwan EPA,2020,
發泡聚苯乙烯,2.31,kg,公斤(kg),Taiwan EPA,TW,Taiwan Local,2020,環境部,1,發泡聚苯乙烯 kg 台灣 環保署,發泡聚苯乙烯 | kg | 2.31,0,Taiwan EPA,2020,
氯氣,1.36,kg,公斤(kg),Taiwan EPA,TW,Taiwan Local,2020,環境部,1,氯氣 kg 台灣 環保署,氯氣 | kg | 1.36,1,MOENV CFP | Taiwan EPA,2020,檢索索引已合併同名、同單位、同係數的重複列；原始資料仍保留於 tier1_unified.csv。
耐衝擊聚苯乙烯(HIPS),2.55,kg,公斤(kg),Taiwan EPA,TW,Taiwan Local,2020,環境部,1,耐衝擊聚苯乙烯(HIPS) kg 台灣 環保署,耐衝擊聚苯乙烯(HIPS) | kg | 2.55,0,Taiwan EPA,2020,
廢溶劑蒸餾回收處理服務,0.212,kg,公斤(kg),Taiwan EPA,TW,Taiwan Local,2020,環境部,1,廢溶劑蒸餾回收處理服務 kg 台灣 環保署,廢溶劑蒸餾回收處理服務 | kg | 0.212,0,Taiwan EPA,2020,
有害事業廢棄物固化處理服務,130.0,mt,公噸(mt),Taiwan EPA,TW,Taiwan Local,2020,環境部,1,有害事業廢棄物固化處理服務 mt 台灣 環保署,有害事業廢棄物固化處理服務 | mt | 130.0,0,Taiwan EPA,2020,
甲基丙烯酸甲酯,3.99,kg,公斤(kg),Taiwan EPA,TW,Taiwan Local,2020,環境部,1,甲基丙烯酸甲酯 kg 台灣 環保署,甲基丙烯酸甲酯 | kg | 3.99,0,Taiwan EPA,2020,
線性低密度聚乙烯(LLDPE),2.02,kg,公斤(kg),Taiwan EPA,TW,Taiwan Local,2020,環境部,1,線性低密度聚乙烯(LLDPE) kg 台灣 環保署,線性低密度聚乙烯(LLDPE) | kg | 2.02,0,Taiwan EPA,2020,
潤滑油(未燃燒，2018),1.02,kg,公斤(kg),Taiwan EPA,TW,Taiwan Local,2020,環境部,1,潤滑油(未燃燒，2018) kg 台灣 環保署,潤滑油(未燃燒，2018) | kg | 1.02,1,MOENV CFP | Taiwan EPA,2020,檢索索引已合併同名、同單位、同係數的重複列；原始資料仍保留於 tier1_unified.csv。
煤油(未燃燒，2018),0.403,l,公升(L),Taiwan EPA,TW,Taiwan Local,2020,環境部,1,煤油(未燃燒，2018) l 台灣 環保署,煤油(未燃燒，2018) | l | 0.403,0,Taiwan EPA,2020,
煤油使用(2018),2.97,l,公升(L),Taiwan EPA,TW,Taiwan Local,2020,環境部,1,煤油使用(2018) l 台灣 環保署,煤油使用(2018) | l | 2.97,0,Taiwan EPA,2020,
液化石油氣(未燃燒，2018),0.491,l,公升(L),Taiwan EPA,TW,Taiwan Local,2020,環境部,1,液化石油氣(未燃燒，2018) l 台灣 環保署,液化石油氣(未燃燒，2018) | l | 0.491,0,Taiwan EPA,2020,
液化石油氣(於固定源使用，2018),2.25,l,公升(L),Taiwan EPA,TW,Taiwan Local,2020,環境部,1,液化石油氣(於固定源使用，2018) l 台灣 環保署,液化石油氣(於固定源使用，2018) | l | 2.25,0,Taiwan EPA,2020,
天然氣(未燃燒，2018),0.469,m3,立方公尺(m3),Taiwan EPA,TW,Taiwan Local,2020,環境部,1,天然氣(未燃燒，2018) m3 台灣 環保署,天然氣(未燃燒，2018) | m3 | 0.469,1,MOENV CFP | Taiwan EPA,2020,檢索索引已合併同名、同單位、同係數的重複列；原始資料仍保留於 tier1_unified.csv。
天然氣(於固定源使用，2018),2.58,m3,立方公尺(m3),Taiwan EPA,TW,Taiwan Local,2020,環境部,1,天然氣(於固定源使用，2018) m3 台灣 環保署,天然氣(於固定源使用，2018) | m3 | 2.58,1,MOENV CFP | Taiwan EPA,2020,檢索索引已合併同名、同單位、同係數的重複列；原始資料仍保留於 tier1_unified.csv。
車用汽油(於移動源使用，2018),3.01,l,公升(L),Taiwan EPA,TW,Taiwan Local,2020,環境部,1,車用汽油(於移動源使用，2018) l 台灣 環保署,車用汽油(於移動源使用，2018) | l | 3.01,0,Taiwan EPA,2020,
車用汽油(於固定源使用，2018),2.92,l,公升(L),Taiwan EPA,TW,Taiwan Local,2020,環境部,1,車用汽油(於固定源使用，2018) l 台灣 環保署,車用汽油(於固定源使用，2018) | l | 2.92,0,Taiwan EPA,2020,
車用汽油(未燃燒，2018),0.65,l,公升(L),Taiwan EPA,TW,Taiwan Local,2020,環境部,1,車用汽油(未燃燒，2018) l 台灣 環保署,車用汽油(未燃燒，2018) | l | 0.65,0,Taiwan EPA,2020,
柴油（於捕撈移動源使用，2018）,3.35,l,公升(L),Taiwan EPA,TW,Taiwan Local,2020,環境部,1,柴油（於捕撈移動源使用，2018） l 台灣 環保署,柴油（於捕撈移動源使用，2018） | l | 3.35,0,Taiwan EPA,2020,
柴油（於水路運輸移動源使用，2018）,3.36,l,公升(L),Taiwan EPA,TW,Taiwan Local,2020,環境部,1,柴油（於水路運輸移動源使用，2018） l 台灣 環保署,柴油（於水路運輸移動源使用，2018） | l | 3.36,0,Taiwan EPA,2020,
柴油（於鐵路運輸與非道路運輸移動源使用，2018）,3.6,l,公升(L),Taiwan EPA,TW,Taiwan Local,2020,環境部,1,柴油（於鐵路運輸與非道路運輸移動源使用，2018） l 台灣 環保署,柴油（於鐵路運輸與非道路運輸移動源使用，2018） | l | 3.6,0,Taiwan EPA,2020,
柴油(於公路運輸移動源使用，2018),3.37,l,公升(L),Taiwan EPA,TW,Taiwan Local,2020,環境部,1,柴油(於公路運輸移動源使用，2018) l 台灣 環保署,柴油(於公路運輸移動源使用，2018) | l | 3.37,0,Taiwan EPA,2020,
柴油(於固定源使用，2018),3.34,l,公升(L),Taiwan EPA,TW,Taiwan Local,2020,環境部,1,柴油(於固定源使用，2018) l 台灣 環保署,柴油(於固定源使用，2018) | l | 3.34,0,Taiwan EPA,2020,
柴油(未燃燒，2018),0.724,l,公升(L),Taiwan EPA,TW,Taiwan Local,2020,環境部,1,柴油(未燃燒，2018) l 台灣 環保署,柴油(未燃燒，2018) | l | 0.724,0,Taiwan EPA,2020,
燃料油未燃燒(蒸餘油/重油未燃燒，2018),0.822,l,公升(L),Taiwan EPA,TW,Taiwan Local,2020,環境部,1,燃料油未燃燒(蒸餘油/重油未燃燒，2018) l 台灣 環保署,燃料油未燃燒(蒸餘油/重油未燃燒，2018) | l | 0.822,0,Taiwan EPA,2020,
燃料油使用(蒸餘油/重油使用，2018),3.94,l,公升(L),Taiwan EPA,TW,Taiwan Local,2020,環境部,1,燃料油使用(蒸餘油/重油使用，2018) l 台灣 環保署,燃料油使用(蒸餘油/重油使用，2018) | l | 3.94,0,Taiwan EPA,2020,
電力間接碳足跡(2018),0.109,kwh,度(kwh),Taiwan EPA,TW,Taiwan Local,2020,環境部,1,電力間接碳足跡(2018) kwh 台灣 環保署,電力間接碳足跡(2018) | kwh | 0.109,1,MOENV CFP | Taiwan EPA,2020,檢索索引已合併同名、同單位、同係數的重複列；原始資料仍保留於 tier1_unified.csv。
電力碳足跡(2018),0.642,kwh,度(kwh),Taiwan EPA,TW,Taiwan Local,2020,環境部,1,電力碳足跡(2018) kwh 台灣 環保署,電力碳足跡(2018) | kwh | 0.642,1,MOENV CFP | Taiwan EPA,2020,檢索索引已合併同名、同單位、同係數的重複列；原始資料仍保留於 tier1_unified.csv。
瓶裝水（1500ml，PET包裝）,0.27,瓶,瓶,Taiwan EPA,TW,Taiwan Local,2019,名牌食品股份有限公司,1,瓶裝水（1500ml，PET包裝） 瓶 台灣 環保署,瓶裝水（1500ml，PET包裝） | 瓶 | 0.27,1,MOENV CFP | Taiwan EPA,2019,檢索索引已合併同名、同單位、同係數的重複列；原始資料仍保留於 tier1_unified.csv。
瓶裝水（600ml，PET包裝）,0.14,瓶,瓶,Taiwan EPA,TW,Taiwan Local,2019,名牌食品股份有限公司,1,瓶裝水（600ml，PET包裝） 瓶 台灣 環保署,瓶裝水（600ml，PET包裝） | 瓶 | 0.14,0,Taiwan EPA,2019,
瓶裝水（330ml，PET包裝）,0.15,瓶,瓶,Taiwan EPA,TW,Taiwan Local,2019,名牌食品股份有限公司,1,瓶裝水（330ml，PET包裝） 瓶 台灣 環保署,瓶裝水（330ml，PET包裝） | 瓶 | 0.15,1,MOENV CFP | Taiwan EPA,2019,檢索索引已合併同名、同單位、同係數的重複列；原始資料仍保留於 tier1_unified.csv。
烤酥油（18L）,30.0,桶,桶,Taiwan EPA,TW,Taiwan Local,2019,環境部、台灣糖業股份有限公司小港廠,1,烤酥油（18L） 桶 台灣 環保署,烤酥油（18L） | 桶 | 30.0,1,MOENV CFP | Taiwan EPA,2019,檢索索引已合併同名、同單位、同係數的重複列；原始資料仍保留於 tier1_unified.csv。
烤酥油（2L）,3.4,瓶,瓶,Taiwan EPA,TW,Taiwan Local,2019,環境部、台灣糖業股份有限公司小港廠,1,烤酥油（2L） 瓶 台灣 環保署,烤酥油（2L） | 瓶 | 3.4,1,MOENV CFP | Taiwan EPA,2019,檢索索引已合併同名、同單位、同係數的重複列；原始資料仍保留於 tier1_unified.csv。
大豆沙拉油（19.56L）,32.0,桶,桶,Taiwan EPA,TW,Taiwan Local,2019,環境部、台灣糖業股份有限公司小港廠,1,大豆沙拉油（19.56L） 桶 台灣 環保署,大豆沙拉油（19.56L） | 桶 | 32.0,1,MOENV CFP | Taiwan EPA,2019,檢索索引已合併同名、同單位、同係數的重複列；原始資料仍保留於 tier1_unified.csv。
大豆沙拉油（18L）,30.0,桶,桶,Taiwan EPA,TW,Taiwan Local,2019,環境部、台灣糖業股份有限公司小港廠,1,大豆沙拉油（18L） 桶 台灣 環保署,大豆沙拉油（18L） | 桶 | 30.0,1,MOENV CFP | Taiwan EPA,2019,檢索索引已合併同名、同單位、同係數的重複列；原始資料仍保留於 tier1_unified.csv。
大豆沙拉油（3L）,5.0,瓶,瓶,Taiwan EPA,TW,Taiwan Local,2019,環境部、台灣糖業股份有限公司小港廠,1,大豆沙拉油（3L） 瓶 台灣 環保署,大豆沙拉油（3L） | 瓶 | 5.0,1,MOENV CFP | Taiwan EPA,2019,檢索索引已合併同名、同單位、同係數的重複列；原始資料仍保留於 tier1_unified.csv。
大豆沙拉油（2.6L）,4.5,瓶,瓶,Taiwan EPA,TW,Taiwan Local,2019,環境部、台灣糖業股份有限公司小港廠,1,大豆沙拉油（2.6L） 瓶 台灣 環保署,大豆沙拉油（2.6L） | 瓶 | 4.5,1,MOENV CFP | Taiwan EPA,2019,檢索索引已合併同名、同單位、同係數的重複列；原始資料仍保留於 tier1_unified.csv。
大豆沙拉油（2L）,3.4,瓶,瓶,Taiwan EPA,TW,Taiwan Local,2019,環境部、台灣糖業股份有限公司小港廠,1,大豆沙拉油（2L） 瓶 台灣 環保署,大豆沙拉油（2L） | 瓶 | 3.4,1,MOENV CFP | Taiwan EPA,2019,檢索索引已合併同名、同單位、同係數的重複列；原始資料仍保留於 tier1_unified.csv。
大豆沙拉油（1L）,1.7,瓶,瓶,Taiwan EPA,TW,Taiwan Local,2019,環境部、台灣糖業股份有限公司小港廠,1,大豆沙拉油（1L） 瓶 台灣 環保署,大豆沙拉油（1L） | 瓶 | 1.7,1,MOENV CFP | Taiwan EPA,2019,檢索索引已合併同名、同單位、同係數的重複列；原始資料仍保留於 tier1_unified.csv。
大豆沙拉油（0.6L）,1.0,瓶,瓶,Taiwan EPA,TW,Taiwan Local,2019,環境部、台灣糖業股份有限公司小港廠,1,大豆沙拉油（0.6L） 瓶 台灣 環保署,大豆沙拉油（0.6L） | 瓶 | 1.0,1,MOENV CFP | Taiwan EPA,2019,檢索索引已合併同名、同單位、同係數的重複列；原始資料仍保留於 tier1_unified.csv。
鮮蛋,0.105,顆,顆,Taiwan EPA,TW,Taiwan Local,2019,石安牧場,1,鮮蛋 顆 台灣 環保署,鮮蛋 | 顆 | 0.105,0,Taiwan EPA,2019,
茶葉蛋,2.4,包,包,Taiwan EPA,TW,Taiwan Local,2019,金嘉隆企業有限公司,1,茶葉蛋 包 台灣 環保署,茶葉蛋 | 包 | 2.4,1,MOENV CFP | Taiwan EPA,2019,檢索索引已合併同名、同單位、同係數的重複列；原始資料仍保留於 tier1_unified.csv。
百貨零售服務,0.035,每平方米‧每小時,每平方米‧每小時,Taiwan EPA,TW,Taiwan Local,2019,太平洋崇光百貨股份有限公司,1,百貨零售服務 每平方米‧每小時 台灣 環保署,百貨零售服務 | 每平方米‧每小時 | 0.035,0,Taiwan EPA,2019,
良質米（高雄139號品種）,6.0,包,包,Taiwan EPA,TW,Taiwan Local,2019,東里碾米工廠,1,良質米（高雄139號品種） 包 台灣 環保署,良質米（高雄139號品種） | 包 | 6.0,1,MOENV CFP | Taiwan EPA,2019,檢索索引已合併同名、同單位、同係數的重複列；原始資料仍保留於 tier1_unified.csv。
素火腿,1.8,條,條,Taiwan EPA,TW,Taiwan Local,2019,儒慧實業有限公司,1,素火腿 條 台灣 環保署,素火腿 | 條 | 1.8,0,Taiwan EPA,2019,
猴頭菇素火腿,2.0,條,條,Taiwan EPA,TW,Taiwan Local,2019,儒慧實業有限公司,1,猴頭菇素火腿 條 台灣 環保署,猴頭菇素火腿 | 條 | 2.0,0,Taiwan EPA,2019,
煙燻素火腿,1.9,條,條,Taiwan EPA,TW,Taiwan Local,2019,儒慧實業有限公司,1,煙燻素火腿 條 台灣 環保署,煙燻素火腿 | 條 | 1.9,0,Taiwan EPA,2019,
洗手乳（1000ml）,1.6,瓶,瓶,Taiwan EPA,TW,Taiwan Local,2019,歐萊德國際股份有限公司,1,洗手乳（1000ml） 瓶 台灣 環保署,洗手乳（1000ml） | 瓶 | 1.6,1,MOENV CFP | Taiwan EPA,2019,檢索索引已合併同名、同單位、同係數的重複列；原始資料仍保留於 tier1_unified.csv。
洗髮精（1000ml）,21.0,瓶,瓶,Taiwan EPA,TW,Taiwan Local,2019,歐萊德國際股份有限公司,1,洗髮精（1000ml） 瓶 台灣 環保署,洗髮精（1000ml） | 瓶 | 21.0,0,Taiwan EPA,2019,
住宿服務（二人房）,30.0,每房-每天,每房-每天,Taiwan EPA,TW,Taiwan Local,2019,環境部、國泰商旅股份有限公司民生分公司,1,住宿服務（二人房） 每房-每天 台灣 環保署,住宿服務（二人房） | 每房-每天 | 30.0,1,MOENV CFP | Taiwan EPA,2019,檢索索引已合併同名、同單位、同係數的重複列；原始資料仍保留於 tier1_unified.csv。
棉花(未粗疏或精梳),1.47,kg,公斤(kg),Taiwan EPA,TW,Taiwan Local,2019,財團法人工業技術研究院,1,棉花(未粗疏或精梳) kg 台灣 環保署,棉花(未粗疏或精梳) | kg | 1.47,1,MOENV CFP | Taiwan EPA,2019,檢索索引已合併同名、同單位、同係數的重複列；原始資料仍保留於 tier1_unified.csv。
密級配瀝青混凝土(1”/2),0.0936,kg,公斤(kg),Taiwan EPA,TW,Taiwan Local,2019,公路總局蘇花公路改善工程處,1,密級配瀝青混凝土(1”/2) kg 台灣 環保署,密級配瀝青混凝土(1”/2) | kg | 0.0936,0,Taiwan EPA,2019,
蔭豆豉,1.57,kg,公斤(kg),Taiwan EPA,TW,Taiwan Local,2019,衛生福利部食品藥物管理署,1,蔭豆豉 kg 台灣 環保署,蔭豆豉 | kg | 1.57,1,MOENV CFP | Taiwan EPA,2019,檢索索引已合併同名、同單位、同係數的重複列；原始資料仍保留於 tier1_unified.csv。
蔭油膏,1.01,kg,公斤(kg),Taiwan EPA,TW,Taiwan Local,2019,衛生福利部食品藥物管理署,1,蔭油膏 kg 台灣 環保署,蔭油膏 | kg | 1.01,1,MOENV CFP | Taiwan EPA,2019,檢索索引已合併同名、同單位、同係數的重複列；原始資料仍保留於 tier1_unified.csv。
凝乳塊(未發酵),12.4,kg,公斤(kg),Taiwan EPA,TW,Taiwan Local,2019,衛生福利部食品藥物管理署,1,凝乳塊(未發酵) kg 台灣 環保署,凝乳塊(未發酵) | kg | 12.4,1,MOENV CFP | Taiwan EPA,2019,檢索索引已合併同名、同單位、同係數的重複列；原始資料仍保留於 tier1_unified.csv。
瑪琪琳,3.07,kg,公斤(kg),Taiwan EPA,TW,Taiwan Local,2019,衛生福利部食品藥物管理署,1,瑪琪琳 kg 台灣 環保署,瑪琪琳 | kg | 3.07,1,MOENV CFP | Taiwan EPA,2019,檢索索引已合併同名、同單位、同係數的重複列；原始資料仍保留於 tier1_unified.csv。
食用烤酥油,3.75,kg,公斤(kg),Taiwan EPA,TW,Taiwan Local,2019,衛生福利部食品藥物管理署,1,食用烤酥油 kg 台灣 環保署,食用烤酥油 | kg | 3.75,1,MOENV CFP | Taiwan EPA,2019,檢索索引已合併同名、同單位、同係數的重複列；原始資料仍保留於 tier1_unified.csv。
芝麻醬,1.96,kg,公斤(kg),Taiwan EPA,TW,Taiwan Local,2019,社團法人臺灣環境管理協會,1,芝麻醬 kg 台灣 環保署,芝麻醬 | kg | 1.96,1,MOENV CFP | Taiwan EPA,2019,檢索索引已合併同名、同單位、同係數的重複列；原始資料仍保留於 tier1_unified.csv。
PP再生塑膠粒,0.524,kg,公斤(kg),Taiwan EPA,TW,Taiwan Local,2019,宏盛環保科技股份有限公司,1,PP再生塑膠粒 kg 台灣 環保署,PP再生塑膠粒 | kg | 0.524,1,MOENV CFP | Taiwan EPA,2019,檢索索引已合併同名、同單位、同係數的重複列；原始資料仍保留於 tier1_unified.csv。
HIPS再生塑膠粒,0.531,kg,公斤(kg),Taiwan EPA,TW,Taiwan Local,2019,宏盛環保科技股份有限公司,1,HIPS再生塑膠粒 kg 台灣 環保署,HIPS再生塑膠粒 | kg | 0.531,1,MOENV CFP | Taiwan EPA,2019,檢索索引已合併同名、同單位、同係數的重複列；原始資料仍保留於 tier1_unified.csv。
ABS再生塑膠粒,0.57,kg,公斤(kg),Taiwan EPA,TW,Taiwan Local,2019,宏盛環保科技股份有限公司,1,ABS再生塑膠粒 kg 台灣 環保署,ABS再生塑膠粒 | kg | 0.57,1,MOENV CFP | Taiwan EPA,2019,檢索索引已合併同名、同單位、同係數的重複列；原始資料仍保留於 tier1_unified.csv。
臺灣自來水(2017),0.299,m3,立方公尺(m3),Taiwan EPA,TW,Taiwan Local,2019,環境部,1,臺灣自來水(2017) m3 台灣 環保署,臺灣自來水(2017) | m3 | 0.299,1,MOENV CFP | Taiwan EPA,2019,檢索索引已合併同名、同單位、同係數的重複列；原始資料仍保留於 tier1_unified.csv。
潤滑油(未燃燒，2017),1.05,kg,公斤(kg),Taiwan EPA,TW,Taiwan Local,2019,環境部,1,潤滑油(未燃燒，2017) kg 台灣 環保署,潤滑油(未燃燒，2017) | kg | 1.05,1,MOENV CFP | Taiwan EPA,2019,檢索索引已合併同名、同單位、同係數的重複列；原始資料仍保留於 tier1_unified.csv。
煤油使用(2017),2.98,l,公升(L),Taiwan EPA,TW,Taiwan Local,2019,環境部,1,煤油使用(2017) l 台灣 環保署,煤油使用(2017) | l | 2.98,0,Taiwan EPA,2019,
液化石油氣(於固定源使用，2017),2.25,l,公升(L),Taiwan EPA,TW,Taiwan Local,2019,環境部,1,液化石油氣(於固定源使用，2017) l 台灣 環保署,液化石油氣(於固定源使用，2017) | l | 2.25,0,Taiwan EPA,2019,
天然氣(於固定源使用，2017),2.6,m3,立方公尺(m3),Taiwan EPA,TW,Taiwan Local,2019,環境部,1,天然氣(於固定源使用，2017) m3 台灣 環保署,天然氣(於固定源使用，2017) | m3 | 2.6,1,MOENV CFP | Taiwan EPA,2019,檢索索引已合併同名、同單位、同係數的重複列；原始資料仍保留於 tier1_unified.csv。
車用汽油(於移動源使用，2017),3.02,l,公升(L),Taiwan EPA,TW,Taiwan Local,2019,環境部,1,車用汽油(於移動源使用，2017) l 台灣 環保署,車用汽油(於移動源使用，2017) | l | 3.02,0,Taiwan EPA,2019,
多結晶矽電池太陽光電模組(60片6吋),320.0,片,片,Taiwan EPA,TW,Taiwan Local,2019,經濟部標準檢驗局,1,多結晶矽電池太陽光電模組(60片6吋) 片 台灣 環保署,多結晶矽電池太陽光電模組(60片6吋) | 片 | 320.0,0,Taiwan EPA,2019,
單結晶矽電池太陽光電模組(60片6吋),418.0,片,片,Taiwan EPA,TW,Taiwan Local,2019,經濟部標準檢驗局,1,單結晶矽電池太陽光電模組(60片6吋) 片 台灣 環保署,單結晶矽電池太陽光電模組(60片6吋) | 片 | 418.0,0,Taiwan EPA,2019,
預力鋼腱,2.85,kg,公斤(kg),Taiwan EPA,TW,Taiwan Local,2019,公路總局西部濱海公路南區臨時工程處,1,預力鋼腱 kg 台灣 環保署,預力鋼腱 | kg | 2.85,1,MOENV CFP | Taiwan EPA,2019,檢索索引已合併同名、同單位、同係數的重複列；原始資料仍保留於 tier1_unified.csv。
多孔隙瀝青混凝土,0.134,kg,公斤(kg),Taiwan EPA,TW,Taiwan Local,2019,公路總局西部濱海公路南區臨時工程處,1,多孔隙瀝青混凝土 kg 台灣 環保署,多孔隙瀝青混凝土 | kg | 0.134,1,MOENV CFP | Taiwan EPA,2019,檢索索引已合併同名、同單位、同係數的重複列；原始資料仍保留於 tier1_unified.csv。
密級配瀝青混凝土(混和料比例1.9％),0.0968,kg,公斤(kg),Taiwan EPA,TW,Taiwan Local,2019,公路總局西部濱海公路南區臨時工程處,1,密級配瀝青混凝土(混和料比例1.9％) kg 台灣 環保署,密級配瀝青混凝土(混和料比例1.9％) | kg | 0.0968,1,MOENV CFP | Taiwan EPA,2019,檢索索引已合併同名、同單位、同係數的重複列；原始資料仍保留於 tier1_unified.csv。
密級配瀝青混凝土(混和料比例1.4％),0.0924,kg,公斤(kg),Taiwan EPA,TW,Taiwan Local,2019,公路總局西部濱海公路南區臨時工程處,1,密級配瀝青混凝土(混和料比例1.4％) kg 台灣 環保署,密級配瀝青混凝土(混和料比例1.4％) | kg | 0.0924,1,MOENV CFP | Taiwan EPA,2019,檢索索引已合併同名、同單位、同係數的重複列；原始資料仍保留於 tier1_unified.csv。
密級配瀝青混凝土(混和料比例0％),0.077,kg,公斤(kg),Taiwan EPA,TW,Taiwan Local,2019,公路總局西部濱海公路南區臨時工程處,1,密級配瀝青混凝土(混和料比例0％) kg 台灣 環保署,密級配瀝青混凝土(混和料比例0％) | kg | 0.077,1,MOENV CFP | Taiwan EPA,2019,檢索索引已合併同名、同單位、同係數的重複列；原始資料仍保留於 tier1_unified.csv。
粗級配瀝青混凝土(混和料比例2.4％),0.101,kg,公斤(kg),Taiwan EPA,TW,Taiwan Local,2019,公路總局西部濱海公路南區臨時工程處,1,粗級配瀝青混凝土(混和料比例2.4％) kg 台灣 環保署,粗級配瀝青混凝土(混和料比例2.4％) | kg | 0.101,1,MOENV CFP | Taiwan EPA,2019,檢索索引已合併同名、同單位、同係數的重複列；原始資料仍保留於 tier1_unified.csv。
粗級配瀝青混凝土(混和料比例1.9％),0.0968,kg,公斤(kg),Taiwan EPA,TW,Taiwan Local,2019,公路總局西部濱海公路南區臨時工程處,1,粗級配瀝青混凝土(混和料比例1.9％) kg 台灣 環保署,粗級配瀝青混凝土(混和料比例1.9％) | kg | 0.0968,1,MOENV CFP | Taiwan EPA,2019,檢索索引已合併同名、同單位、同係數的重複列；原始資料仍保留於 tier1_unified.csv。
粗級配瀝青混凝土(混和料比例0％),0.0777,kg,公斤(kg),Taiwan EPA,TW,Taiwan Local,2019,公路總局西部濱海公路南區臨時工程處,1,粗級配瀝青混凝土(混和料比例0％) kg 台灣 環保署,粗級配瀝青混凝土(混和料比例0％) | kg | 0.0777,1,MOENV CFP | Taiwan EPA,2019,檢索索引已合併同名、同單位、同係數的重複列；原始資料仍保留於 tier1_unified.csv。
無收縮混凝土(420kgf/cm2),493.0,m3,立方公尺(m3),Taiwan EPA,TW,Taiwan Local,2019,公路總局西部濱海公路南區臨時工程處,1,無收縮混凝土(420kgf/cm2) m3 台灣 環保署,無收縮混凝土(420kgf/cm2) | m3 | 493.0,1,MOENV CFP | Taiwan EPA,2019,檢索索引已合併同名、同單位、同係數的重複列；原始資料仍保留於 tier1_unified.csv。
車用汽油(於固定源使用，2017),2.93,l,公升(L),Taiwan EPA,TW,Taiwan Local,2019,環境部,1,車用汽油(於固定源使用，2017) l 台灣 環保署,車用汽油(於固定源使用，2017) | l | 2.93,0,Taiwan EPA,2019,
預拌混凝土(420kgf/cm2),483.0,m3,立方公尺(m3),Taiwan EPA,TW,Taiwan Local,2019,公路總局西部濱海公路南區臨時工程處,1,預拌混凝土(420kgf/cm2) m3 台灣 環保署,預拌混凝土(420kgf/cm2) | m3 | 483.0,0,Taiwan EPA,2019,
早強預拌混凝土(420kgf/cm2，飛灰爐石粉替代率22％),464.0,m3,立方公尺(m3),Taiwan EPA,TW,Taiwan Local,2019,公路總局西部濱海公路南區臨時工程處,1,早強預拌混凝土(420kgf/cm2，飛灰爐石粉替代率22％) m3 台灣 環保署,早強預拌混凝土(420kgf/cm2，飛灰爐石粉替代率22％) | m3 | 464.0,1,MOENV CFP | Taiwan EPA,2019,檢索索引已合併同名、同單位、同係數的重複列；原始資料仍保留於 tier1_unified.csv。
自充填混凝土(350kgf/cm2),430.0,m3,立方公尺(m3),Taiwan EPA,TW,Taiwan Local,2019,公路總局西部濱海公路南區臨時工程處,1,自充填混凝土(350kgf/cm2) m3 台灣 環保署,自充填混凝土(350kgf/cm2) | m3 | 430.0,0,Taiwan EPA,2019,
自充填混凝土(350kgf/cm2),393.0,m3,立方公尺(m3),Taiwan EPA,TW,Taiwan Local,2019,公路總局西部濱海公路南區臨時工程處,1,自充填混凝土(350kgf/cm2) m3 台灣 環保署,自充填混凝土(350kgf/cm2) | m3 | 393.0,0,Taiwan EPA,2019,
自充填混凝土(350kgf/cm2),367.0,m3,立方公尺(m3),Taiwan EPA,TW,Taiwan Local,2019,公路總局西部濱海公路南區臨時工程處,1,自充填混凝土(350kgf/cm2) m3 台灣 環保署,自充填混凝土(350kgf/cm2) | m3 | 367.0,1,MOENV CFP | Taiwan EPA,2019,檢索索引已合併同名、同單位、同係數的重複列；原始資料仍保留於 tier1_unified.csv。
預拌混凝土(280kgf/cm2),355.0,m3,立方公尺(m3),Taiwan EPA,TW,Taiwan Local,2019,公路總局西部濱海公路南區臨時工程處,1,預拌混凝土(280kgf/cm2) m3 台灣 環保署,預拌混凝土(280kgf/cm2) | m3 | 355.0,0,Taiwan EPA,2019,
預拌混凝土(280kgf/cm2),306.0,m3,立方公尺(m3),Taiwan EPA,TW,Taiwan Local,2019,公路總局西部濱海公路南區臨時工程處,1,預拌混凝土(280kgf/cm2) m3 台灣 環保署,預拌混凝土(280kgf/cm2) | m3 | 306.0,0,Taiwan EPA,2019,
自充填混凝土(280kgf/cm2),353.0,m3,立方公尺(m3),Taiwan EPA,TW,Taiwan Local,2019,公路總局西部濱海公路南區臨時工程處,1,自充填混凝土(280kgf/cm2) m3 台灣 環保署,自充填混凝土(280kgf/cm2) | m3 | 353.0,0,Taiwan EPA,2019,
自充填混凝土(280kgf/cm2),335.0,m3,立方公尺(m3),Taiwan EPA,TW,Taiwan Local,2019,公路總局西部濱海公路南區臨時工程處,1,自充填混凝土(280kgf/cm2) m3 台灣 環保署,自充填混凝土(280kgf/cm2) | m3 | 335.0,1,MOENV CFP | Taiwan EPA,2019,檢索索引已合併同名、同單位、同係數的重複列；原始資料仍保留於 tier1_unified.csv。
預拌混凝土(245kgf/cm2),341.0,m3,立方公尺(m3),Taiwan EPA,TW,Taiwan Local,2019,公路總局西部濱海公路南區臨時工程處,1,預拌混凝土(245kgf/cm2) m3 台灣 環保署,預拌混凝土(245kgf/cm2) | m3 | 341.0,0,Taiwan EPA,2019,
預拌混凝土(245kgf/cm2),282.0,m3,立方公尺(m3),Taiwan EPA,TW,Taiwan Local,2019,公路總局西部濱海公路南區臨時工程處,1,預拌混凝土(245kgf/cm2) m3 台灣 環保署,預拌混凝土(245kgf/cm2) | m3 | 282.0,1,MOENV CFP | Taiwan EPA,2019,檢索索引已合併同名、同單位、同係數的重複列；原始資料仍保留於 tier1_unified.csv。
水中混凝土(210kgf/cm2),359.0,m3,立方公尺(m3),Taiwan EPA,TW,Taiwan Local,2019,公路總局西部濱海公路南區臨時工程處,1,水中混凝土(210kgf/cm2) m3 台灣 環保署,水中混凝土(210kgf/cm2) | m3 | 359.0,0,Taiwan EPA,2019,
水中混凝土(210kgf/cm2),320.0,m3,立方公尺(m3),Taiwan EPA,TW,Taiwan Local,2019,公路總局西部濱海公路南區臨時工程處,1,水中混凝土(210kgf/cm2) m3 台灣 環保署,水中混凝土(210kgf/cm2) | m3 | 320.0,0,Taiwan EPA,2019,
預拌混凝土(210kgf/cm2),310.0,m3,立方公尺(m3),Taiwan EPA,TW,Taiwan Local,2019,公路總局西部濱海公路南區臨時工程處,1,預拌混凝土(210kgf/cm2) m3 台灣 環保署,預拌混凝土(210kgf/cm2) | m3 | 310.0,0,Taiwan EPA,2019,
預拌混凝土(210kgf/cm2),256.0,m3,立方公尺(m3),Taiwan EPA,TW,Taiwan Local,2019,公路總局西部濱海公路南區臨時工程處,1,預拌混凝土(210kgf/cm2) m3 台灣 環保署,預拌混凝土(210kgf/cm2) | m3 | 256.0,0,Taiwan EPA,2019,
預拌混凝土(140kgf/cm2),256.0,m3,立方公尺(m3),Taiwan EPA,TW,Taiwan Local,2019,公路總局西部濱海公路南區臨時工程處,1,預拌混凝土(140kgf/cm2) m3 台灣 環保署,預拌混凝土(140kgf/cm2) | m3 | 256.0,0,Taiwan EPA,2019,
預拌混凝土(140kgf/cm2),217.0,m3,立方公尺(m3),Taiwan EPA,TW,Taiwan Local,2019,公路總局西部濱海公路南區臨時工程處,1,預拌混凝土(140kgf/cm2) m3 台灣 環保署,預拌混凝土(140kgf/cm2) | m3 | 217.0,0,Taiwan EPA,2019,
輕質骨材混凝土(175kgf/cm2),317.0,m3,立方公尺(m3),Taiwan EPA,TW,Taiwan Local,2019,公路總局西部濱海公路南區臨時工程處,1,輕質骨材混凝土(175kgf/cm2) m3 台灣 環保署,輕質骨材混凝土(175kgf/cm2) | m3 | 317.0,1,MOENV CFP | Taiwan EPA,2019,檢索索引已合併同名、同單位、同係數的重複列；原始資料仍保留於 tier1_unified.csv。
控制性低強度回填材料(CLSM),157.0,m3,立方公尺(m3),Taiwan EPA,TW,Taiwan Local,2019,公路總局西部濱海公路南區臨時工程處,1,控制性低強度回填材料(CLSM) m3 台灣 環保署,控制性低強度回填材料(CLSM) | m3 | 157.0,1,MOENV CFP | Taiwan EPA,2019,檢索索引已合併同名、同單位、同係數的重複列；原始資料仍保留於 tier1_unified.csv。
卜特蘭水泥(Ⅱ型),0.964,kg,公斤(kg),Taiwan EPA,TW,Taiwan Local,2019,公路總局西部濱海公路南區臨時工程處,1,卜特蘭水泥(Ⅱ型) kg 台灣 環保署,卜特蘭水泥(Ⅱ型) | kg | 0.964,1,MOENV CFP | Taiwan EPA,2019,檢索索引已合併同名、同單位、同係數的重複列；原始資料仍保留於 tier1_unified.csv。
粗級配瀝青混凝土(1”),0.0837,kg,公斤(kg),Taiwan EPA,TW,Taiwan Local,2019,公路總局蘇花公路改善工程處,1,粗級配瀝青混凝土(1”) kg 台灣 環保署,粗級配瀝青混凝土(1”) | kg | 0.0837,0,Taiwan EPA,2019,
粗級配瀝青混凝土(1”),0.0894,kg,公斤(kg),Taiwan EPA,TW,Taiwan Local,2019,公路總局蘇花公路改善工程處,1,粗級配瀝青混凝土(1”) kg 台灣 環保署,粗級配瀝青混凝土(1”) | kg | 0.0894,1,MOENV CFP | Taiwan EPA,2019,檢索索引已合併同名、同單位、同係數的重複列；原始資料仍保留於 tier1_unified.csv。
密級配瀝青混凝土(3”/4),0.0808,kg,公斤(kg),Taiwan EPA,TW,Taiwan Local,2019,公路總局蘇花公路改善工程處,1,密級配瀝青混凝土(3”/4) kg 台灣 環保署,密級配瀝青混凝土(3”/4) | kg | 0.0808,0,Taiwan EPA,2019,
密級配瀝青混凝土(1”/2),0.0834,kg,公斤(kg),Taiwan EPA,TW,Taiwan Local,2019,公路總局蘇花公路改善工程處,1,密級配瀝青混凝土(1”/2) kg 台灣 環保署,密級配瀝青混凝土(1”/2) | kg | 0.0834,1,MOENV CFP | Taiwan EPA,2019,檢索索引已合併同名、同單位、同係數的重複列；原始資料仍保留於 tier1_unified.csv。
密級配瀝青混凝土(3”/4),0.0875,kg,公斤(kg),Taiwan EPA,TW,Taiwan Local,2019,公路總局蘇花公路改善工程處,1,密級配瀝青混凝土(3”/4) kg 台灣 環保署,密級配瀝青混凝土(3”/4) | kg | 0.0875,1,MOENV CFP | Taiwan EPA,2019,檢索索引已合併同名、同單位、同係數的重複列；原始資料仍保留於 tier1_unified.csv。
紙盤,1.89,kg,公斤(kg),Taiwan EPA,TW,Taiwan Local,2019,環境部,1,紙盤 kg 台灣 環保署,紙盤 | kg | 1.89,1,MOENV CFP | Taiwan EPA,2019,檢索索引已合併同名、同單位、同係數的重複列；原始資料仍保留於 tier1_unified.csv。
紙碗,1.91,kg,公斤(kg),Taiwan EPA,TW,Taiwan Local,2019,環境部,1,紙碗 kg 台灣 環保署,紙碗 | kg | 1.91,1,MOENV CFP | Taiwan EPA,2019,檢索索引已合併同名、同單位、同係數的重複列；原始資料仍保留於 tier1_unified.csv。
表面白紙板,0.32,kg,公斤(kg),Taiwan EPA,TW,Taiwan Local,2019,環境部,1,表面白紙板 kg 台灣 環保署,表面白紙板 | kg | 0.32,1,MOENV CFP | Taiwan EPA,2019,檢索索引已合併同名、同單位、同係數的重複列；原始資料仍保留於 tier1_unified.csv。
PE瓶蓋,15.0,kg,公斤(kg),Taiwan EPA,TW,Taiwan Local,2019,環境部,1,PE瓶蓋 kg 台灣 環保署,PE瓶蓋 | kg | 15.0,1,MOENV CFP | Taiwan EPA,2019,檢索索引已合併同名、同單位、同係數的重複列；原始資料仍保留於 tier1_unified.csv。
寶特瓶瓶身,4.32,kg,公斤(kg),Taiwan EPA,TW,Taiwan Local,2019,環境部,1,寶特瓶瓶身 kg 台灣 環保署,寶特瓶瓶身 | kg | 4.32,1,MOENV CFP | Taiwan EPA,2019,檢索索引已合併同名、同單位、同係數的重複列；原始資料仍保留於 tier1_unified.csv。
PLA蛋盤(10盒裝),4.78,kg,公斤(kg),Taiwan EPA,TW,Taiwan Local,2019,環境部,1,PLA蛋盤(10盒裝) kg 台灣 環保署,PLA蛋盤(10盒裝) | kg | 4.78,1,MOENV CFP | Taiwan EPA,2019,檢索索引已合併同名、同單位、同係數的重複列；原始資料仍保留於 tier1_unified.csv。
壓克力樹脂,2.29,kg,公斤(kg),Taiwan EPA,TW,Taiwan Local,2019,環境部,1,壓克力樹脂 kg 台灣 環保署,壓克力樹脂 | kg | 2.29,1,MOENV CFP | Taiwan EPA,2019,檢索索引已合併同名、同單位、同係數的重複列；原始資料仍保留於 tier1_unified.csv。
強化玻璃,1.75,kg,公斤(kg),Taiwan EPA,TW,Taiwan Local,2019,環境部,1,強化玻璃 kg 台灣 環保署,強化玻璃 | kg | 1.75,1,MOENV CFP | Taiwan EPA,2019,檢索索引已合併同名、同單位、同係數的重複列；原始資料仍保留於 tier1_unified.csv。
柴油（於捕撈移動源使用，2017）,3.36,l,公升(L),Taiwan EPA,TW,Taiwan Local,2019,環境部,1,柴油（於捕撈移動源使用，2017） l 台灣 環保署,柴油（於捕撈移動源使用，2017） | l | 3.36,0,Taiwan EPA,2019,
柴油（於水路運輸移動源使用，2017）,3.37,l,公升(L),Taiwan EPA,TW,Taiwan Local,2019,環境部,1,柴油（於水路運輸移動源使用，2017） l 台灣 環保署,柴油（於水路運輸移動源使用，2017） | l | 3.37,0,Taiwan EPA,2019,
柴油（於鐵路運輸與非道路運輸移動源使用，2017）,3.61,l,公升(L),Taiwan EPA,TW,Taiwan Local,2019,環境部,1,柴油（於鐵路運輸與非道路運輸移動源使用，2017） l 台灣 環保署,柴油（於鐵路運輸與非道路運輸移動源使用，2017） | l | 3.61,0,Taiwan EPA,2019,
柴油(於公路運輸移動源使用，2017),3.38,l,公升(L),Taiwan EPA,TW,Taiwan Local,2019,環境部,1,柴油(於公路運輸移動源使用，2017) l 台灣 環保署,柴油(於公路運輸移動源使用，2017) | l | 3.38,0,Taiwan EPA,2019,
柴油(於固定源使用，2017),3.35,l,公升(L),Taiwan EPA,TW,Taiwan Local,2019,環境部,1,柴油(於固定源使用，2017) l 台灣 環保署,柴油(於固定源使用，2017) | l | 3.35,0,Taiwan EPA,2019,
柴油(未燃燒，2017),0.735,l,公升(L),Taiwan EPA,TW,Taiwan Local,2019,環境部,1,柴油(未燃燒，2017) l 台灣 環保署,柴油(未燃燒，2017) | l | 0.735,0,Taiwan EPA,2019,
車用汽油(未燃燒，2017),0.658,l,公升(L),Taiwan EPA,TW,Taiwan Local,2019,環境部,1,車用汽油(未燃燒，2017) l 台灣 環保署,車用汽油(未燃燒，2017) | l | 0.658,0,Taiwan EPA,2019,
燃料油使用(蒸餘油/重油使用，2017),3.96,l,公升(L),Taiwan EPA,TW,Taiwan Local,2019,環境部,1,燃料油使用(蒸餘油/重油使用，2017) l 台灣 環保署,燃料油使用(蒸餘油/重油使用，2017) | l | 3.96,0,Taiwan EPA,2019,
電力碳足跡(2017),0.694,kwh,度(kwh),Taiwan EPA,TW,Taiwan Local,2019,環境部,1,電力碳足跡(2017) kwh 台灣 環保署,電力碳足跡(2017) | kwh | 0.694,1,MOENV CFP | Taiwan EPA,2019,檢索索引已合併同名、同單位、同係數的重複列；原始資料仍保留於 tier1_unified.csv。
廢棄物焚化處理服務(苗栗縣垃圾焚化廠),340.0,mt,公噸(mt),Taiwan EPA,TW,Taiwan Local,2018,環境部、裕鼎股份有限公司,1,廢棄物焚化處理服務(苗栗縣垃圾焚化廠) mt 台灣 環保署,廢棄物焚化處理服務(苗栗縣垃圾焚化廠) | mt | 340.0,0,Taiwan EPA,2018,
柴油（未燃燒，泰國，2005）,0.328,kg,公斤(kg),Taiwan EPA,TW,Taiwan Local,2018,－－－,1,柴油（未燃燒，泰國，2005） kg 台灣 環保署,柴油（未燃燒，泰國，2005） | kg | 0.328,1,MOENV CFP | Taiwan EPA,2018,檢索索引已合併同名、同單位、同係數的重複列；原始資料仍保留於 tier1_unified.csv。
燃料油（未燃燒，泰國，2005）,0.305,kg,公斤(kg),Taiwan EPA,TW,Taiwan Local,2018,－－－,1,燃料油（未燃燒，泰國，2005） kg 台灣 環保署,燃料油（未燃燒，泰國，2005） | kg | 0.305,1,MOENV CFP | Taiwan EPA,2018,檢索索引已合併同名、同單位、同係數的重複列；原始資料仍保留於 tier1_unified.csv。
汽油（未燃燒，泰國，2005）,0.706,kg,公斤(kg),Taiwan EPA,TW,Taiwan Local,2018,－－－,1,汽油（未燃燒，泰國，2005） kg 台灣 環保署,汽油（未燃燒，泰國，2005） | kg | 0.706,1,MOENV CFP | Taiwan EPA,2018,檢索索引已合併同名、同單位、同係數的重複列；原始資料仍保留於 tier1_unified.csv。
液化石油氣（未燃燒，泰國，2008）,0.412,kg,公斤(kg),Taiwan EPA,TW,Taiwan Local,2018,－－－,1,液化石油氣（未燃燒，泰國，2008） kg 台灣 環保署,液化石油氣（未燃燒，泰國，2008） | kg | 0.412,1,MOENV CFP | Taiwan EPA,2018,檢索索引已合併同名、同單位、同係數的重複列；原始資料仍保留於 tier1_unified.csv。
液化石油氣（未燃燒，韓國，2006）,0.394,kg,公斤(kg),Taiwan EPA,TW,Taiwan Local,2018,－－－,1,液化石油氣（未燃燒，韓國，2006） kg 台灣 環保署,液化石油氣（未燃燒，韓國，2006） | kg | 0.394,1,MOENV CFP | Taiwan EPA,2018,檢索索引已合併同名、同單位、同係數的重複列；原始資料仍保留於 tier1_unified.csv。
液化天然氣（未燃燒，韓國，2006）,0.595,kg,公斤(kg),Taiwan EPA,TW,Taiwan Local,2018,－－－,1,液化天然氣（未燃燒，韓國，2006） kg 台灣 環保署,液化天然氣（未燃燒，韓國，2006） | kg | 0.595,1,MOENV CFP | Taiwan EPA,2018,檢索索引已合併同名、同單位、同係數的重複列；原始資料仍保留於 tier1_unified.csv。
汽油（未燃燒，韓國，2000）,0.0832,kg,公斤(kg),Taiwan EPA,TW,Taiwan Local,2018,－－－,1,汽油（未燃燒，韓國，2000） kg 台灣 環保署,汽油（未燃燒，韓國，2000） | kg | 0.0832,1,MOENV CFP | Taiwan EPA,2018,檢索索引已合併同名、同單位、同係數的重複列；原始資料仍保留於 tier1_unified.csv。
重質燃料油（未燃燒，韓國，1998）,0.325,kg,公斤(kg),Taiwan EPA,TW,Taiwan Local,2018,－－－,1,重質燃料油（未燃燒，韓國，1998） kg 台灣 環保署,重質燃料油（未燃燒，韓國，1998） | kg | 0.325,1,MOENV CFP | Taiwan EPA,2018,檢索索引已合併同名、同單位、同係數的重複列；原始資料仍保留於 tier1_unified.csv。
煤（未燃燒，韓國，1999）,0.48,kg,公斤(kg),Taiwan EPA,TW,Taiwan Local,2018,－－－,1,煤（未燃燒，韓國，1999） kg 台灣 環保署,煤（未燃燒，韓國，1999） | kg | 0.48,1,MOENV CFP | Taiwan EPA,2018,檢索索引已合併同名、同單位、同係數的重複列；原始資料仍保留於 tier1_unified.csv。
柴油（未燃燒，韓國，2000）,0.0682,kg,公斤(kg),Taiwan EPA,TW,Taiwan Local,2018,－－－,1,柴油（未燃燒，韓國，2000） kg 台灣 環保署,柴油（未燃燒，韓國，2000） | kg | 0.0682,1,MOENV CFP | Taiwan EPA,2018,檢索索引已合併同名、同單位、同係數的重複列；原始資料仍保留於 tier1_unified.csv。
飲用水（韓國，2002）,0.000332,kg,公斤(kg),Taiwan EPA,TW,Taiwan Local,2018,－－－,1,飲用水（韓國，2002） kg 台灣 環保署,飲用水（韓國，2002） | kg | 0.000332,1,MOENV CFP | Taiwan EPA,2018,檢索索引已合併同名、同單位、同係數的重複列；原始資料仍保留於 tier1_unified.csv。
工業用水（韓國，1998）,0.000102,kg,公斤(kg),Taiwan EPA,TW,Taiwan Local,2018,－－－,1,工業用水（韓國，1998） kg 台灣 環保署,工業用水（韓國，1998） | kg | 0.000102,1,MOENV CFP | Taiwan EPA,2018,檢索索引已合併同名、同單位、同係數的重複列；原始資料仍保留於 tier1_unified.csv。
鏡面無縫紙管,2.39,kg,公斤(kg),Taiwan EPA,TW,Taiwan Local,2018,環境部，聚冠紙器企業股份有限公司,1,鏡面無縫紙管 kg 台灣 環保署,鏡面無縫紙管 | kg | 2.39,1,MOENV CFP | Taiwan EPA,2018,檢索索引已合併同名、同單位、同係數的重複列；原始資料仍保留於 tier1_unified.csv。
洗碗精（1000ml）,2.0,瓶,瓶,Taiwan EPA,TW,Taiwan Local,2018,德大生技有限公司,1,洗碗精（1000ml） 瓶 台灣 環保署,洗碗精（1000ml） | 瓶 | 2.0,1,MOENV CFP | Taiwan EPA,2018,檢索索引已合併同名、同單位、同係數的重複列；原始資料仍保留於 tier1_unified.csv。
洗衣粉,3.8,盒,盒,Taiwan EPA,TW,Taiwan Local,2018,德大生技有限公司,1,洗衣粉 盒 台灣 環保署,洗衣粉 | 盒 | 3.8,1,MOENV CFP | Taiwan EPA,2018,檢索索引已合併同名、同單位、同係數的重複列；原始資料仍保留於 tier1_unified.csv。
道林紙,1.46,kg,公斤(kg),Taiwan EPA,TW,Taiwan Local,2018,環境部,1,道林紙 kg 台灣 環保署,道林紙 | kg | 1.46,1,MOENV CFP | Taiwan EPA,2018,檢索索引已合併同名、同單位、同係數的重複列；原始資料仍保留於 tier1_unified.csv。
無磷無氧銅塊,4.77,kg,公斤(kg),Taiwan EPA,TW,Taiwan Local,2018,環境部,1,無磷無氧銅塊 kg 台灣 環保署,無磷無氧銅塊 | kg | 4.77,1,MOENV CFP | Taiwan EPA,2018,檢索索引已合併同名、同單位、同係數的重複列；原始資料仍保留於 tier1_unified.csv。
洗髮精（1000ml）,28.5,瓶,瓶,Taiwan EPA,TW,Taiwan Local,2018,歐萊德國際股份有限公司、昇宏國際企業股份有限公司,1,洗髮精（1000ml） 瓶 台灣 環保署,洗髮精（1000ml） | 瓶 | 28.5,1,MOENV CFP | Taiwan EPA,2018,檢索索引已合併同名、同單位、同係數的重複列；原始資料仍保留於 tier1_unified.csv。
橄欖洗髮精（1000ml）,30.0,瓶,瓶,Taiwan EPA,TW,Taiwan Local,2018,昇宏國際企業股份有限公司,1,橄欖洗髮精（1000ml） 瓶 台灣 環保署,橄欖洗髮精（1000ml） | 瓶 | 30.0,1,MOENV CFP | Taiwan EPA,2018,檢索索引已合併同名、同單位、同係數的重複列；原始資料仍保留於 tier1_unified.csv。
過硫酸鈉,14.1,kg,公斤(kg),Taiwan EPA,TW,Taiwan Local,2018,環境部,1,過硫酸鈉 kg 台灣 環保署,過硫酸鈉 | kg | 14.1,1,MOENV CFP | Taiwan EPA,2018,檢索索引已合併同名、同單位、同係數的重複列；原始資料仍保留於 tier1_unified.csv。
過硫酸銨,6.58,kg,公斤(kg),Taiwan EPA,TW,Taiwan Local,2018,環境部,1,過硫酸銨 kg 台灣 環保署,過硫酸銨 | kg | 6.58,1,MOENV CFP | Taiwan EPA,2018,檢索索引已合併同名、同單位、同係數的重複列；原始資料仍保留於 tier1_unified.csv。
綠茶洗髮精（1000ml）,27.0,瓶,瓶,Taiwan EPA,TW,Taiwan Local,2018,歐萊德國際股份有限公司,1,綠茶洗髮精（1000ml） 瓶 台灣 環保署,綠茶洗髮精（1000ml） | 瓶 | 27.0,1,MOENV CFP | Taiwan EPA,2018,檢索索引已合併同名、同單位、同係數的重複列；原始資料仍保留於 tier1_unified.csv。
聚氯乙烯(PVC)合成皮（壓延製程，未使用基布）,3.37,kg,公斤(kg),Taiwan EPA,TW,Taiwan Local,2018,環境部,1,聚氯乙烯(PVC)合成皮（壓延製程，未使用基布） kg 台灣 環保署,聚氯乙烯(PVC)合成皮（壓延製程，未使用基布） | kg | 3.37,1,MOENV CFP | Taiwan EPA,2018,檢索索引已合併同名、同單位、同係數的重複列；原始資料仍保留於 tier1_unified.csv。
聚氯乙烯(PVC)合成皮（壓延製程，使用基布）,4.19,kg,公斤(kg),Taiwan EPA,TW,Taiwan Local,2018,環境部,1,聚氯乙烯(PVC)合成皮（壓延製程，使用基布） kg 台灣 環保署,聚氯乙烯(PVC)合成皮（壓延製程，使用基布） | kg | 4.19,1,MOENV CFP | Taiwan EPA,2018,檢索索引已合併同名、同單位、同係數的重複列；原始資料仍保留於 tier1_unified.csv。
聚氯乙烯(PVC)合成皮（塗佈製程）,5.71,kg,公斤(kg),Taiwan EPA,TW,Taiwan Local,2018,環境部,1,聚氯乙烯(PVC)合成皮（塗佈製程） kg 台灣 環保署,聚氯乙烯(PVC)合成皮（塗佈製程） | kg | 5.71,1,MOENV CFP | Taiwan EPA,2018,檢索索引已合併同名、同單位、同係數的重複列；原始資料仍保留於 tier1_unified.csv。
封裝銅銲線,0.0171,m,公尺(m),Taiwan EPA,TW,Taiwan Local,2018,環境部,1,封裝銅銲線 m 台灣 環保署,封裝銅銲線 | m | 0.0171,0,Taiwan EPA,2018,
8mm裸銅線（無氧銅）,5.13,kg,公斤(kg),Taiwan EPA,TW,Taiwan Local,2018,環境部,1,8mm裸銅線（無氧銅） kg 台灣 環保署,8mm裸銅線（無氧銅） | kg | 5.13,1,MOENV CFP | Taiwan EPA,2018,檢索索引已合併同名、同單位、同係數的重複列；原始資料仍保留於 tier1_unified.csv。
8mm裸銅線（SCR銅）,4.13,kg,公斤(kg),Taiwan EPA,TW,Taiwan Local,2018,環境部,1,8mm裸銅線（SCR銅） kg 台灣 環保署,8mm裸銅線（SCR銅） | kg | 4.13,1,MOENV CFP | Taiwan EPA,2018,檢索索引已合併同名、同單位、同係數的重複列；原始資料仍保留於 tier1_unified.csv。
3.03mm裸銅線（SCR銅）,4.16,kg,公斤(kg),Taiwan EPA,TW,Taiwan Local,2018,環境部,1,3.03mm裸銅線（SCR銅） kg 台灣 環保署,3.03mm裸銅線（SCR銅） | kg | 4.16,1,MOENV CFP | Taiwan EPA,2018,檢索索引已合併同名、同單位、同係數的重複列；原始資料仍保留於 tier1_unified.csv。
豆漿(450ml，鋁箔包裝),0.38,盒,盒,Taiwan EPA,TW,Taiwan Local,2018,統一企業股份有限公司,1,豆漿(450ml，鋁箔包裝) 盒 台灣 環保署,豆漿(450ml，鋁箔包裝) | 盒 | 0.38,0,Taiwan EPA,2018,
2.6mm裸銅線（SCR銅）,4.28,kg,公斤(kg),Taiwan EPA,TW,Taiwan Local,2018,環境部,1,2.6mm裸銅線（SCR銅） kg 台灣 環保署,2.6mm裸銅線（SCR銅） | kg | 4.28,1,MOENV CFP | Taiwan EPA,2018,檢索索引已合併同名、同單位、同係數的重複列；原始資料仍保留於 tier1_unified.csv。
瓶裝水(2000ml，PET包裝),0.368,瓶,瓶,Taiwan EPA,TW,Taiwan Local,2018,味丹企業股份有限公司,1,瓶裝水(2000ml，PET包裝) 瓶 台灣 環保署,瓶裝水(2000ml，PET包裝) | 瓶 | 0.368,1,MOENV CFP | Taiwan EPA,2018,檢索索引已合併同名、同單位、同係數的重複列；原始資料仍保留於 tier1_unified.csv。
濃硫酸,0.354,kg,公斤(kg),Taiwan EPA,TW,Taiwan Local,2018,環境部,1,濃硫酸 kg 台灣 環保署,濃硫酸 | kg | 0.354,1,MOENV CFP | Taiwan EPA,2018,檢索索引已合併同名、同單位、同係數的重複列；原始資料仍保留於 tier1_unified.csv。
瓶裝水(1500ml，PET包裝),0.25,瓶,瓶,Taiwan EPA,TW,Taiwan Local,2018,味丹企業股份有限公司,1,瓶裝水(1500ml，PET包裝) 瓶 台灣 環保署,瓶裝水(1500ml，PET包裝) | 瓶 | 0.25,1,MOENV CFP | Taiwan EPA,2018,檢索索引已合併同名、同單位、同係數的重複列；原始資料仍保留於 tier1_unified.csv。
瓶裝水（600ml，PET包裝）,0.153,瓶,瓶,Taiwan EPA,TW,Taiwan Local,2018,味丹企業股份有限公司,1,瓶裝水（600ml，PET包裝） 瓶 台灣 環保署,瓶裝水（600ml，PET包裝） | 瓶 | 0.153,1,MOENV CFP | Taiwan EPA,2018,檢索索引已合併同名、同單位、同係數的重複列；原始資料仍保留於 tier1_unified.csv。
廢（污）水處理服務（臺南市政府水利局柳營區水資源回收中心）,0.5,m3,立方公尺(m3),Taiwan EPA,TW,Taiwan Local,2018,惠民實業股份有限公司,1,廢（污）水處理服務（臺南市政府水利局柳營區水資源回收中心） m3 台灣 環保署,廢（污）水處理服務（臺南市政府水利局柳營區水資源回收中心） | m3 | 0.5,1,MOENV CFP | Taiwan EPA,2018,檢索索引已合併同名、同單位、同係數的重複列；原始資料仍保留於 tier1_unified.csv。
柴油（於捕撈移動源使用，2016）,3.36,l,公升(L),Taiwan EPA,TW,Taiwan Local,2018,環境部,1,柴油（於捕撈移動源使用，2016） l 台灣 環保署,柴油（於捕撈移動源使用，2016） | l | 3.36,0,Taiwan EPA,2018,
高粱酒(50％，600ml),5.5,瓶,瓶,Taiwan EPA,TW,Taiwan Local,2018,馬祖酒廠實業股份有限公司南竿廠,1,高粱酒(50％，600ml) 瓶 台灣 環保署,高粱酒(50％，600ml) | 瓶 | 5.5,1,MOENV CFP | Taiwan EPA,2018,檢索索引已合併同名、同單位、同係數的重複列；原始資料仍保留於 tier1_unified.csv。
保鮮盒,5.16,piece,個,Taiwan EPA,TW,Taiwan Local,2018,寀呈股份有限公司,1,保鮮盒 piece 台灣 環保署,保鮮盒 | piece | 5.16,1,MOENV CFP | Taiwan EPA,2018,檢索索引已合併同名、同單位、同係數的重複列；原始資料仍保留於 tier1_unified.csv。
紅茶(375ml，鋁箔包裝),0.16,包,包,Taiwan EPA,TW,Taiwan Local,2018,統一企業股份有限公司,1,紅茶(375ml，鋁箔包裝) 包 台灣 環保署,紅茶(375ml，鋁箔包裝) | 包 | 0.16,0,Taiwan EPA,2018,
紅茶(300ml，鋁箔包裝),0.12,包,包,Taiwan EPA,TW,Taiwan Local,2018,統一企業股份有限公司,1,紅茶(300ml，鋁箔包裝) 包 台灣 環保署,紅茶(300ml，鋁箔包裝) | 包 | 0.12,0,Taiwan EPA,2018,
紅茶(250ml，鋁箔包裝),0.1,包,包,Taiwan EPA,TW,Taiwan Local,2018,統一企業股份有限公司,1,紅茶(250ml，鋁箔包裝) 包 台灣 環保署,紅茶(250ml，鋁箔包裝) | 包 | 0.1,0,Taiwan EPA,2018,
奶茶(375ml，鋁箔包裝),0.2,包,包,Taiwan EPA,TW,Taiwan Local,2018,統一企業股份有限公司,1,奶茶(375ml，鋁箔包裝) 包 台灣 環保署,奶茶(375ml，鋁箔包裝) | 包 | 0.2,0,Taiwan EPA,2018,
柴油（於水路運輸移動源使用，2016）,3.37,l,公升(L),Taiwan EPA,TW,Taiwan Local,2018,環境部,1,柴油（於水路運輸移動源使用，2016） l 台灣 環保署,柴油（於水路運輸移動源使用，2016） | l | 3.37,0,Taiwan EPA,2018,
奶茶(300ml，鋁箔包裝),0.14,包,包,Taiwan EPA,TW,Taiwan Local,2018,統一企業股份有限公司,1,奶茶(300ml，鋁箔包裝) 包 台灣 環保署,奶茶(300ml，鋁箔包裝) | 包 | 0.14,0,Taiwan EPA,2018,
奶茶(250ml，鋁箔包裝),0.13,包,包,Taiwan EPA,TW,Taiwan Local,2018,統一企業股份有限公司,1,奶茶(250ml，鋁箔包裝) 包 台灣 環保署,奶茶(250ml，鋁箔包裝) | 包 | 0.13,0,Taiwan EPA,2018,
綠茶（300ml，鋁箔包裝）,0.12,包,包,Taiwan EPA,TW,Taiwan Local,2018,統一企業股份有限公司,1,綠茶（300ml，鋁箔包裝） 包 台灣 環保署,綠茶（300ml，鋁箔包裝） | 包 | 0.12,1,MOENV CFP | Taiwan EPA,2018,檢索索引已合併同名、同單位、同係數的重複列；原始資料仍保留於 tier1_unified.csv。
綠茶（250ml，鋁箔包裝）,0.11,包,包,Taiwan EPA,TW,Taiwan Local,2018,統一企業股份有限公司,1,綠茶（250ml，鋁箔包裝） 包 台灣 環保署,綠茶（250ml，鋁箔包裝） | 包 | 0.11,1,MOENV CFP | Taiwan EPA,2018,檢索索引已合併同名、同單位、同係數的重複列；原始資料仍保留於 tier1_unified.csv。
柴油（於鐵路運輸與非道路運輸移動源使用，2016）,3.61,l,公升(L),Taiwan EPA,TW,Taiwan Local,2018,環境部,1,柴油（於鐵路運輸與非道路運輸移動源使用，2016） l 台灣 環保署,柴油（於鐵路運輸與非道路運輸移動源使用，2016） | l | 3.61,0,Taiwan EPA,2018,
高速鐵路運輸服務,0.034,pkm,延人公里(pkm),Taiwan EPA,TW,Taiwan Local,2018,環境部、台灣高速鐵路股份有限公司,1,高速鐵路運輸服務 pkm 台灣 環保署,高速鐵路運輸服務 | pkm | 0.034,0,Taiwan EPA,2018,
原生木漿影印紙,3.6,包,包,Taiwan EPA,TW,Taiwan Local,2018,中華紙漿股份有限公司花蓮廠,1,原生木漿影印紙 包 台灣 環保署,原生木漿影印紙 | 包 | 3.6,1,MOENV CFP | Taiwan EPA,2018,檢索索引已合併同名、同單位、同係數的重複列；原始資料仍保留於 tier1_unified.csv。
廢（污）水處理服務（中部科學工業園區管理局-虎尾園區）,1.7,m3,立方公尺(m3),Taiwan EPA,TW,Taiwan Local,2018,中欣行股份有限公司,1,廢（污）水處理服務（中部科學工業園區管理局-虎尾園區） m3 台灣 環保署,廢（污）水處理服務（中部科學工業園區管理局-虎尾園區） | m3 | 1.7,1,MOENV CFP | Taiwan EPA,2018,檢索索引已合併同名、同單位、同係數的重複列；原始資料仍保留於 tier1_unified.csv。
廢（污）水處理服務（高雄市楠梓污水處理廠）,0.4,m3,立方公尺(m3),Taiwan EPA,TW,Taiwan Local,2018,山林水環境工程股份有限公司,1,廢（污）水處理服務（高雄市楠梓污水處理廠） m3 台灣 環保署,廢（污）水處理服務（高雄市楠梓污水處理廠） | m3 | 0.4,1,MOENV CFP | Taiwan EPA,2018,檢索索引已合併同名、同單位、同係數的重複列；原始資料仍保留於 tier1_unified.csv。
廢（污）水處理服務（中部科學工業園區台中園區污水處理廠）,0.45,m3,立方公尺(m3),Taiwan EPA,TW,Taiwan Local,2018,山林水環境工程股份有限公司,1,廢（污）水處理服務（中部科學工業園區台中園區污水處理廠） m3 台灣 環保署,廢（污）水處理服務（中部科學工業園區台中園區污水處理廠） | m3 | 0.45,1,MOENV CFP | Taiwan EPA,2018,檢索索引已合併同名、同單位、同係數的重複列；原始資料仍保留於 tier1_unified.csv。
雞蛋,0.162,顆,顆,Taiwan EPA,TW,Taiwan Local,2018,臺南市環境保護局,1,雞蛋 顆 台灣 環保署,雞蛋 | 顆 | 0.162,1,MOENV CFP | Taiwan EPA,2018,檢索索引已合併同名、同單位、同係數的重複列；原始資料仍保留於 tier1_unified.csv。
住宿服務（四人房）,90.0,每房-每天,每房-每天,Taiwan EPA,TW,Taiwan Local,2018,臺南市環境保護局,1,住宿服務（四人房） 每房-每天 台灣 環保署,住宿服務（四人房） | 每房-每天 | 90.0,1,MOENV CFP | Taiwan EPA,2018,檢索索引已合併同名、同單位、同係數的重複列；原始資料仍保留於 tier1_unified.csv。
住宿服務（單/兩人房）,75.0,每房-每天,每房-每天,Taiwan EPA,TW,Taiwan Local,2018,臺南市環境保護局,1,住宿服務（單/兩人房） 每房-每天 台灣 環保署,住宿服務（單/兩人房） | 每房-每天 | 75.0,1,MOENV CFP | Taiwan EPA,2018,檢索索引已合併同名、同單位、同係數的重複列；原始資料仍保留於 tier1_unified.csv。
番薯冰烤兩吃,0.0955,包,包,Taiwan EPA,TW,Taiwan Local,2018,台南市環境保護局,1,番薯冰烤兩吃 包 台灣 環保署,番薯冰烤兩吃 | 包 | 0.0955,1,MOENV CFP | Taiwan EPA,2018,檢索索引已合併同名、同單位、同係數的重複列；原始資料仍保留於 tier1_unified.csv。
烤番薯,0.656,盒,盒,Taiwan EPA,TW,Taiwan Local,2018,台南市環境保護局,1,烤番薯 盒 台灣 環保署,烤番薯 | 盒 | 0.656,1,MOENV CFP | Taiwan EPA,2018,檢索索引已合併同名、同單位、同係數的重複列；原始資料仍保留於 tier1_unified.csv。
客船服務（台東富岡-綠島）,11.6,每人次,每人次,Taiwan EPA,TW,Taiwan Local,2018,經濟部中小企業處,1,客船服務（台東富岡-綠島） 每人次 台灣 環保署,客船服務（台東富岡-綠島） | 每人次 | 11.6,1,MOENV CFP | Taiwan EPA,2018,檢索索引已合併同名、同單位、同係數的重複列；原始資料仍保留於 tier1_unified.csv。
以柴油動力垃圾車清除運輸一般廢棄物,1.31,tkm,延噸公里(tkm),Taiwan EPA,TW,Taiwan Local,2018,環境部,1,以柴油動力垃圾車清除運輸一般廢棄物 tkm 台灣 環保署,以柴油動力垃圾車清除運輸一般廢棄物 | tkm | 1.31,0,Taiwan EPA,2018,
薄膜型太陽光電模組,407.0,片,片,Taiwan EPA,TW,Taiwan Local,2018,經濟部標準檢驗局,1,薄膜型太陽光電模組 片 台灣 環保署,薄膜型太陽光電模組 | 片 | 407.0,0,Taiwan EPA,2018,
單結晶矽電池太陽光電模組（96片5吋）,417.0,片,片,Taiwan EPA,TW,Taiwan Local,2018,經濟部標準檢驗局,1,單結晶矽電池太陽光電模組（96片5吋） 片 台灣 環保署,單結晶矽電池太陽光電模組（96片5吋） | 片 | 417.0,0,Taiwan EPA,2018,
單結晶矽電池太陽光電模組（60片6吋）,413.0,片,片,Taiwan EPA,TW,Taiwan Local,2018,經濟部標準檢驗局,1,單結晶矽電池太陽光電模組（60片6吋） 片 台灣 環保署,單結晶矽電池太陽光電模組（60片6吋） | 片 | 413.0,0,Taiwan EPA,2018,
鋁質水泥,10.1,kg,公斤(kg),Taiwan EPA,TW,Taiwan Local,2018,內政部營建署,1,鋁質水泥 kg 台灣 環保署,鋁質水泥 | kg | 10.1,1,MOENV CFP | Taiwan EPA,2018,檢索索引已合併同名、同單位、同係數的重複列；原始資料仍保留於 tier1_unified.csv。
全鋁質混凝土管（管徑 800mm）,199.0,m,公尺(m),Taiwan EPA,TW,Taiwan Local,2018,內政部營建署,1,全鋁質混凝土管（管徑 800mm） m 台灣 環保署,全鋁質混凝土管（管徑 800mm） | m | 199.0,0,Taiwan EPA,2018,
全鋁質混凝土管（管徑 300mm）,94.8,m,公尺(m),Taiwan EPA,TW,Taiwan Local,2018,內政部營建署,1,全鋁質混凝土管（管徑 300mm） m 台灣 環保署,全鋁質混凝土管（管徑 300mm） | m | 94.8,0,Taiwan EPA,2018,
航空旅客運輸服務(松山-金門),0.281,pkm,延人公里(pkm),Taiwan EPA,TW,Taiwan Local,2018,環境部、交通部民用航空局、松山機場、金門機場、華信航空、台灣航勤,1,航空旅客運輸服務(松山-金門) pkm 台灣 環保署,航空旅客運輸服務(松山-金門) | pkm | 0.281,0,Taiwan EPA,2018,
住宿服務(四人房),60.1,每房-每天,每房-每天,Taiwan EPA,TW,Taiwan Local,2018,環境部、福容大飯店股份有限公司桃園分公司,1,住宿服務(四人房) 每房-每天 台灣 環保署,住宿服務(四人房) | 每房-每天 | 60.1,1,MOENV CFP | Taiwan EPA,2018,檢索索引已合併同名、同單位、同係數的重複列；原始資料仍保留於 tier1_unified.csv。
住宿服務(三人房),57.2,每房-每天,每房-每天,Taiwan EPA,TW,Taiwan Local,2018,環境部、福容大飯店股份有限公司桃園分公司,1,住宿服務(三人房) 每房-每天 台灣 環保署,住宿服務(三人房) | 每房-每天 | 57.2,1,MOENV CFP | Taiwan EPA,2018,檢索索引已合併同名、同單位、同係數的重複列；原始資料仍保留於 tier1_unified.csv。
住宿服務(二人房),54.3,每房-每天,每房-每天,Taiwan EPA,TW,Taiwan Local,2018,環境部、福容大飯店股份有限公司桃園分公司,1,住宿服務(二人房) 每房-每天 台灣 環保署,住宿服務(二人房) | 每房-每天 | 54.3,1,MOENV CFP | Taiwan EPA,2018,檢索索引已合併同名、同單位、同係數的重複列；原始資料仍保留於 tier1_unified.csv。
優酪乳,1.95,kg,公斤(kg),Taiwan EPA,TW,Taiwan Local,2018,衛生福利部食品藥物管理署、味全食品工業股份有限公司斗六廠,1,優酪乳 kg 台灣 環保署,優酪乳 | kg | 1.95,1,MOENV CFP | Taiwan EPA,2018,檢索索引已合併同名、同單位、同係數的重複列；原始資料仍保留於 tier1_unified.csv。
花生油,1.95,kg,公斤(kg),Taiwan EPA,TW,Taiwan Local,2018,衛生福利部食品藥物管理署、福壽實業股份有限公司台中港廠,1,花生油 kg 台灣 環保署,花生油 | kg | 1.95,1,MOENV CFP | Taiwan EPA,2018,檢索索引已合併同名、同單位、同係數的重複列；原始資料仍保留於 tier1_unified.csv。
精緻牛油,0.694,kg,公斤(kg),Taiwan EPA,TW,Taiwan Local,2018,衛生福利部食品藥物管理署、統清股份有限公司台南廠,1,精緻牛油 kg 台灣 環保署,精緻牛油 | kg | 0.694,1,MOENV CFP | Taiwan EPA,2018,檢索索引已合併同名、同單位、同係數的重複列；原始資料仍保留於 tier1_unified.csv。
精製豬油,0.785,kg,公斤(kg),Taiwan EPA,TW,Taiwan Local,2018,衛生福利部食品藥物管理署、統清股份有限公司台南廠,1,精製豬油 kg 台灣 環保署,精製豬油 | kg | 0.785,1,MOENV CFP | Taiwan EPA,2018,檢索索引已合併同名、同單位、同係數的重複列；原始資料仍保留於 tier1_unified.csv。
甲酸鈉,2.26,kg,公斤(kg),Taiwan EPA,TW,Taiwan Local,2018,經濟部工業局,1,甲酸鈉 kg 台灣 環保署,甲酸鈉 | kg | 2.26,1,MOENV CFP | Taiwan EPA,2018,檢索索引已合併同名、同單位、同係數的重複列；原始資料仍保留於 tier1_unified.csv。
氦氣,1.12,kg,公斤(kg),Taiwan EPA,TW,Taiwan Local,2018,經濟部工業局,1,氦氣 kg 台灣 環保署,氦氣 | kg | 1.12,1,MOENV CFP | Taiwan EPA,2018,檢索索引已合併同名、同單位、同係數的重複列；原始資料仍保留於 tier1_unified.csv。
硫酸鈉,0.209,kg,公斤(kg),Taiwan EPA,TW,Taiwan Local,2018,經濟部工業局,1,硫酸鈉 kg 台灣 環保署,硫酸鈉 | kg | 0.209,1,MOENV CFP | Taiwan EPA,2018,檢索索引已合併同名、同單位、同係數的重複列；原始資料仍保留於 tier1_unified.csv。
乙苯,2.37,kg,公斤(kg),Taiwan EPA,TW,Taiwan Local,2018,經濟部工業局,1,乙苯 kg 台灣 環保署,乙苯 | kg | 2.37,1,MOENV CFP | Taiwan EPA,2018,檢索索引已合併同名、同單位、同係數的重複列；原始資料仍保留於 tier1_unified.csv。
苯甲酸,1.84,kg,公斤(kg),Taiwan EPA,TW,Taiwan Local,2018,經濟部工業局,1,苯甲酸 kg 台灣 環保署,苯甲酸 | kg | 1.84,1,MOENV CFP | Taiwan EPA,2018,檢索索引已合併同名、同單位、同係數的重複列；原始資料仍保留於 tier1_unified.csv。
水楊酸,2.37,kg,公斤(kg),Taiwan EPA,TW,Taiwan Local,2018,經濟部工業局,1,水楊酸 kg 台灣 環保署,水楊酸 | kg | 2.37,1,MOENV CFP | Taiwan EPA,2018,檢索索引已合併同名、同單位、同係數的重複列；原始資料仍保留於 tier1_unified.csv。
生牛皮(不含養牛階段),0.27,kg,公斤(kg),Taiwan EPA,TW,Taiwan Local,2018,經濟部工業局、台灣區皮革工業同業公會,1,生牛皮(不含養牛階段) kg 台灣 環保署,生牛皮(不含養牛階段) | kg | 0.27,1,MOENV CFP | Taiwan EPA,2018,檢索索引已合併同名、同單位、同係數的重複列；原始資料仍保留於 tier1_unified.csv。
生牛皮(含養牛階段),4.86,kg,公斤(kg),Taiwan EPA,TW,Taiwan Local,2018,經濟部工業局,1,生牛皮(含養牛階段) kg 台灣 環保署,生牛皮(含養牛階段) | kg | 4.86,1,MOENV CFP | Taiwan EPA,2018,檢索索引已合併同名、同單位、同係數的重複列；原始資料仍保留於 tier1_unified.csv。
四氫呋喃(丁二醇製程),3.42,kg,公斤(kg),Taiwan EPA,TW,Taiwan Local,2018,環境部,1,四氫呋喃(丁二醇製程) kg 台灣 環保署,四氫呋喃(丁二醇製程) | kg | 3.42,1,MOENV CFP | Taiwan EPA,2018,檢索索引已合併同名、同單位、同係數的重複列；原始資料仍保留於 tier1_unified.csv。
"四氫呋喃(1,3-丁二烯製程)",2.47,kg,公斤(kg),Taiwan EPA,TW,Taiwan Local,2018,環境部,1,"四氫呋喃(1,3-丁二烯製程) kg 台灣 環保署","四氫呋喃(1,3-丁二烯製程) | kg | 2.47",1,MOENV CFP | Taiwan EPA,2018,檢索索引已合併同名、同單位、同係數的重複列；原始資料仍保留於 tier1_unified.csv。
碳酸鉀,1.44,kg,公斤(kg),Taiwan EPA,TW,Taiwan Local,2018,環境部,1,碳酸鉀 kg 台灣 環保署,碳酸鉀 | kg | 1.44,0,Taiwan EPA,2018,
氧化鐵粉,1.28,kg,公斤(kg),Taiwan EPA,TW,Taiwan Local,2018,環境部,1,氧化鐵粉 kg 台灣 環保署,氧化鐵粉 | kg | 1.28,1,MOENV CFP | Taiwan EPA,2018,檢索索引已合併同名、同單位、同係數的重複列；原始資料仍保留於 tier1_unified.csv。
液化石油氣(於固定源使用，2016),2.24,l,公升(L),Taiwan EPA,TW,Taiwan Local,2018,環境部,1,液化石油氣(於固定源使用，2016) l 台灣 環保署,液化石油氣(於固定源使用，2016) | l | 2.24,0,Taiwan EPA,2018,
天然氣(於固定源使用，2016),2.6,m3,立方公尺(m3),Taiwan EPA,TW,Taiwan Local,2018,環境部,1,天然氣(於固定源使用，2016) m3 台灣 環保署,天然氣(於固定源使用，2016) | m3 | 2.6,1,MOENV CFP | Taiwan EPA,2018,檢索索引已合併同名、同單位、同係數的重複列；原始資料仍保留於 tier1_unified.csv。
煤油使用(2016),2.98,l,公升(L),Taiwan EPA,TW,Taiwan Local,2018,環境部,1,煤油使用(2016) l 台灣 環保署,煤油使用(2016) | l | 2.98,0,Taiwan EPA,2018,
車用汽油(於移動源使用，2016),3.01,l,公升(L),Taiwan EPA,TW,Taiwan Local,2018,環境部,1,車用汽油(於移動源使用，2016) l 台灣 環保署,車用汽油(於移動源使用，2016) | l | 3.01,0,Taiwan EPA,2018,
碳酸鉀,1.75,kg,公斤(kg),Taiwan EPA,TW,Taiwan Local,2018,經濟部工業局,1,碳酸鉀 kg 台灣 環保署,碳酸鉀 | kg | 1.75,1,MOENV CFP | Taiwan EPA,2018,檢索索引已合併同名、同單位、同係數的重複列；原始資料仍保留於 tier1_unified.csv。
環氧乙烷,2.89,kg,公斤(kg),Taiwan EPA,TW,Taiwan Local,2018,經濟部工業局,1,環氧乙烷 kg 台灣 環保署,環氧乙烷 | kg | 2.89,1,MOENV CFP | Taiwan EPA,2018,檢索索引已合併同名、同單位、同係數的重複列；原始資料仍保留於 tier1_unified.csv。
硝基苯,3.28,kg,公斤(kg),Taiwan EPA,TW,Taiwan Local,2018,經濟部工業局,1,硝基苯 kg 台灣 環保署,硝基苯 | kg | 3.28,1,MOENV CFP | Taiwan EPA,2018,檢索索引已合併同名、同單位、同係數的重複列；原始資料仍保留於 tier1_unified.csv。
化學熱磨機械紙漿,1.59,kg,公斤(kg),Taiwan EPA,TW,Taiwan Local,2018,經濟部工業局,1,化學熱磨機械紙漿 kg 台灣 環保署,化學熱磨機械紙漿 | kg | 1.59,1,MOENV CFP | Taiwan EPA,2018,檢索索引已合併同名、同單位、同係數的重複列；原始資料仍保留於 tier1_unified.csv。
車用汽油(於固定源使用，2016),2.93,l,公升(L),Taiwan EPA,TW,Taiwan Local,2018,環境部,1,車用汽油(於固定源使用，2016) l 台灣 環保署,車用汽油(於固定源使用，2016) | l | 2.93,0,Taiwan EPA,2018,
亞硫酸鈉,1.83,kg,公斤(kg),Taiwan EPA,TW,Taiwan Local,2018,經濟部工業局,1,亞硫酸鈉 kg 台灣 環保署,亞硫酸鈉 | kg | 1.83,0,Taiwan EPA,2018,
氯化鈣(氫氯化製程),0.415,kg,公斤(kg),Taiwan EPA,TW,Taiwan Local,2018,經濟部工業局,1,氯化鈣(氫氯化製程) kg 台灣 環保署,氯化鈣(氫氯化製程) | kg | 0.415,1,MOENV CFP | Taiwan EPA,2018,檢索索引已合併同名、同單位、同係數的重複列；原始資料仍保留於 tier1_unified.csv。
氯化鈣(索爾維製程),1.0,kg,公斤(kg),Taiwan EPA,TW,Taiwan Local,2018,經濟部工業局,1,氯化鈣(索爾維製程) kg 台灣 環保署,氯化鈣(索爾維製程) | kg | 1.0,1,MOENV CFP | Taiwan EPA,2018,檢索索引已合併同名、同單位、同係數的重複列；原始資料仍保留於 tier1_unified.csv。
貼片電容,101.0,kg,公斤(kg),Taiwan EPA,TW,Taiwan Local,2018,經濟部工業局,1,貼片電容 kg 台灣 環保署,貼片電容 | kg | 101.0,1,MOENV CFP | Taiwan EPA,2018,檢索索引已合併同名、同單位、同係數的重複列；原始資料仍保留於 tier1_unified.csv。
車用汽油(未燃燒，2016),0.656,l,公升(L),Taiwan EPA,TW,Taiwan Local,2018,環境部,1,車用汽油(未燃燒，2016) l 台灣 環保署,車用汽油(未燃燒，2016) | l | 0.656,0,Taiwan EPA,2018,
積層陶瓷電容,334.0,kg,公斤(kg),Taiwan EPA,TW,Taiwan Local,2018,經濟部工業局,1,積層陶瓷電容 kg 台灣 環保署,積層陶瓷電容 | kg | 334.0,1,MOENV CFP | Taiwan EPA,2018,檢索索引已合併同名、同單位、同係數的重複列；原始資料仍保留於 tier1_unified.csv。
電解電容,16.2,kg,公斤(kg),Taiwan EPA,TW,Taiwan Local,2018,經濟部工業局,1,電解電容 kg 台灣 環保署,電解電容 | kg | 16.2,1,MOENV CFP | Taiwan EPA,2018,檢索索引已合併同名、同單位、同係數的重複列；原始資料仍保留於 tier1_unified.csv。
記憶體積體電路,570.0,kg,公斤(kg),Taiwan EPA,TW,Taiwan Local,2018,經濟部工業局,1,記憶體積體電路 kg 台灣 環保署,記憶體積體電路 | kg | 570.0,1,MOENV CFP | Taiwan EPA,2018,檢索索引已合併同名、同單位、同係數的重複列；原始資料仍保留於 tier1_unified.csv。
柴油(於公路運輸移動源使用，2016),3.38,l,公升(L),Taiwan EPA,TW,Taiwan Local,2018,環境部,1,柴油(於公路運輸移動源使用，2016) l 台灣 環保署,柴油(於公路運輸移動源使用，2016) | l | 3.38,0,Taiwan EPA,2018,
邏輯積體電路,732.0,kg,公斤(kg),Taiwan EPA,TW,Taiwan Local,2018,經濟部工業局,1,邏輯積體電路 kg 台灣 環保署,邏輯積體電路 | kg | 732.0,1,MOENV CFP | Taiwan EPA,2018,檢索索引已合併同名、同單位、同係數的重複列；原始資料仍保留於 tier1_unified.csv。
硫化鈉,2.33,kg,公斤(kg),Taiwan EPA,TW,Taiwan Local,2018,經濟部工業局,1,硫化鈉 kg 台灣 環保署,硫化鈉 | kg | 2.33,1,MOENV CFP | Taiwan EPA,2018,檢索索引已合併同名、同單位、同係數的重複列；原始資料仍保留於 tier1_unified.csv。
環氧氯丙烷(醋酸丙烯酯製程),8.04,kg,公斤(kg),Taiwan EPA,TW,Taiwan Local,2018,環境部,1,環氧氯丙烷(醋酸丙烯酯製程) kg 台灣 環保署,環氧氯丙烷(醋酸丙烯酯製程) | kg | 8.04,1,MOENV CFP | Taiwan EPA,2018,檢索索引已合併同名、同單位、同係數的重複列；原始資料仍保留於 tier1_unified.csv。
環氧氯丙烷(丙烯氯化製程),6.88,kg,公斤(kg),Taiwan EPA,TW,Taiwan Local,2018,環境部,1,環氧氯丙烷(丙烯氯化製程) kg 台灣 環保署,環氧氯丙烷(丙烯氯化製程) | kg | 6.88,1,MOENV CFP | Taiwan EPA,2018,檢索索引已合併同名、同單位、同係數的重複列；原始資料仍保留於 tier1_unified.csv。
柴油(於固定源使用，2016),3.35,l,公升(L),Taiwan EPA,TW,Taiwan Local,2018,環境部,1,柴油(於固定源使用，2016) l 台灣 環保署,柴油(於固定源使用，2016) | l | 3.35,0,Taiwan EPA,2018,
柴油(未燃燒，2016),0.735,l,公升(L),Taiwan EPA,TW,Taiwan Local,2018,環境部,1,柴油(未燃燒，2016) l 台灣 環保署,柴油(未燃燒，2016) | l | 0.735,0,Taiwan EPA,2018,
電力碳足跡(2016),0.66,kwh,度(kwh),Taiwan EPA,TW,Taiwan Local,2018,環境部,1,電力碳足跡(2016) kwh 台灣 環保署,電力碳足跡(2016) | kwh | 0.66,1,MOENV CFP | Taiwan EPA,2018,檢索索引已合併同名、同單位、同係數的重複列；原始資料仍保留於 tier1_unified.csv。
氫化石油樹脂,2.73,kg,公斤(kg),Taiwan EPA,TW,Taiwan Local,2017,環境部,1,氫化石油樹脂 kg 台灣 環保署,氫化石油樹脂 | kg | 2.73,1,MOENV CFP | Taiwan EPA,2017,檢索索引已合併同名、同單位、同係數的重複列；原始資料仍保留於 tier1_unified.csv。
R45水泥混凝土,445.0,m3,立方公尺(m3),Taiwan EPA,TW,Taiwan Local,2017,公路總局蘇花公路改善工程處,1,R45水泥混凝土 m3 台灣 環保署,R45水泥混凝土 | m3 | 445.0,1,MOENV CFP | Taiwan EPA,2017,檢索索引已合併同名、同單位、同係數的重複列；原始資料仍保留於 tier1_unified.csv。
鋼纖維噴凝土(255kgf/cm2),433.0,m3,立方公尺(m3),Taiwan EPA,TW,Taiwan Local,2017,公路總局蘇花公路改善工程處,1,鋼纖維噴凝土(255kgf/cm2) m3 台灣 環保署,鋼纖維噴凝土(255kgf/cm2) | m3 | 433.0,1,MOENV CFP | Taiwan EPA,2017,檢索索引已合併同名、同單位、同係數的重複列；原始資料仍保留於 tier1_unified.csv。
噴凝土(210kgf/cm2),394.0,m3,立方公尺(m3),Taiwan EPA,TW,Taiwan Local,2017,公路總局蘇花公路改善工程處,1,噴凝土(210kgf/cm2) m3 台灣 環保署,噴凝土(210kgf/cm2) | m3 | 394.0,1,MOENV CFP | Taiwan EPA,2017,檢索索引已合併同名、同單位、同係數的重複列；原始資料仍保留於 tier1_unified.csv。
自充填預拌混凝土(420kgf/cm2),320.0,m3,立方公尺(m3),Taiwan EPA,TW,Taiwan Local,2017,公路總局蘇花公路改善工程處,1,自充填預拌混凝土(420kgf/cm2) m3 台灣 環保署,自充填預拌混凝土(420kgf/cm2) | m3 | 320.0,1,MOENV CFP | Taiwan EPA,2017,檢索索引已合併同名、同單位、同係數的重複列；原始資料仍保留於 tier1_unified.csv。
自充填預拌混凝土(350kgf/cm2),295.0,m3,立方公尺(m3),Taiwan EPA,TW,Taiwan Local,2017,公路總局蘇花公路改善工程處,1,自充填預拌混凝土(350kgf/cm2) m3 台灣 環保署,自充填預拌混凝土(350kgf/cm2) | m3 | 295.0,1,MOENV CFP | Taiwan EPA,2017,檢索索引已合併同名、同單位、同係數的重複列；原始資料仍保留於 tier1_unified.csv。
早強預拌混凝土(420kgf/cm2，飛灰爐石粉替代率45％),336.0,m3,立方公尺(m3),Taiwan EPA,TW,Taiwan Local,2017,公路總局蘇花公路改善工程處,1,早強預拌混凝土(420kgf/cm2，飛灰爐石粉替代率45％) m3 台灣 環保署,早強預拌混凝土(420kgf/cm2，飛灰爐石粉替代率45％) | m3 | 336.0,1,MOENV CFP | Taiwan EPA,2017,檢索索引已合併同名、同單位、同係數的重複列；原始資料仍保留於 tier1_unified.csv。
早強預拌混凝土(420kgf/cm2，飛灰爐石粉替代率25％),443.0,m3,立方公尺(m3),Taiwan EPA,TW,Taiwan Local,2017,公路總局蘇花公路改善工程處,1,早強預拌混凝土(420kgf/cm2，飛灰爐石粉替代率25％) m3 台灣 環保署,早強預拌混凝土(420kgf/cm2，飛灰爐石粉替代率25％) | m3 | 443.0,1,MOENV CFP | Taiwan EPA,2017,檢索索引已合併同名、同單位、同係數的重複列；原始資料仍保留於 tier1_unified.csv。
蛋白質護髮霜,1.54,瓶,瓶,Taiwan EPA,TW,Taiwan Local,2017,昇宏國際企業股份有限公司,1,蛋白質護髮霜 瓶 台灣 環保署,蛋白質護髮霜 | 瓶 | 1.54,1,MOENV CFP | Taiwan EPA,2017,檢索索引已合併同名、同單位、同係數的重複列；原始資料仍保留於 tier1_unified.csv。
廢(污)水處理服務(羅東地區水資源回收中心),0.3,m3,立方公尺(m3),Taiwan EPA,TW,Taiwan Local,2017,山林水環境工程股份有限公司,1,廢(污)水處理服務(羅東地區水資源回收中心) m3 台灣 環保署,廢(污)水處理服務(羅東地區水資源回收中心) | m3 | 0.3,1,MOENV CFP | Taiwan EPA,2017,檢索索引已合併同名、同單位、同係數的重複列；原始資料仍保留於 tier1_unified.csv。
綠茶擂茶,4.5,包,包,Taiwan EPA,TW,Taiwan Local,2017,璞鈺生技食品有限公司、新竹縣政府環境保護局,1,綠茶擂茶 包 台灣 環保署,綠茶擂茶 | 包 | 4.5,1,MOENV CFP | Taiwan EPA,2017,檢索索引已合併同名、同單位、同係數的重複列；原始資料仍保留於 tier1_unified.csv。
精力湯,3.47,包,包,Taiwan EPA,TW,Taiwan Local,2017,璞鈺生技食品有限公司、新竹縣政府環境保護局,1,精力湯 包 台灣 環保署,精力湯 | 包 | 3.47,1,MOENV CFP | Taiwan EPA,2017,檢索索引已合併同名、同單位、同係數的重複列；原始資料仍保留於 tier1_unified.csv。
擂茶,3.64,包,包,Taiwan EPA,TW,Taiwan Local,2017,璞鈺生技食品有限公司、新竹縣政府環境保護局,1,擂茶 包 台灣 環保署,擂茶 | 包 | 3.64,1,MOENV CFP | Taiwan EPA,2017,檢索索引已合併同名、同單位、同係數的重複列；原始資料仍保留於 tier1_unified.csv。
燃料油使用(蒸餘油/重油使用，2016),3.96,l,公升(L),Taiwan EPA,TW,Taiwan Local,2017,環境部,1,燃料油使用(蒸餘油/重油使用，2016) l 台灣 環保署,燃料油使用(蒸餘油/重油使用，2016) | l | 3.96,0,Taiwan EPA,2017,
豬肉,36.9,kg,公斤(kg),Taiwan EPA,TW,Taiwan Local,2017,祥圃實業股份有限公司,1,豬肉 kg 台灣 環保署,豬肉 | kg | 36.9,1,MOENV CFP | Taiwan EPA,2017,檢索索引已合併同名、同單位、同係數的重複列；原始資料仍保留於 tier1_unified.csv。
落花生,0.68,kg,公斤(kg),Taiwan EPA,TW,Taiwan Local,2017,行政院農業委員會農業試驗所,1,落花生 kg 台灣 環保署,落花生 | kg | 0.68,1,MOENV CFP | Taiwan EPA,2017,檢索索引已合併同名、同單位、同係數的重複列；原始資料仍保留於 tier1_unified.csv。
竹醋液(以機械窯生產),1.31,kg,公斤(kg),Taiwan EPA,TW,Taiwan Local,2017,行政院農業委員會林務局,1,竹醋液(以機械窯生產) kg 台灣 環保署,竹醋液(以機械窯生產) | kg | 1.31,1,MOENV CFP | Taiwan EPA,2017,檢索索引已合併同名、同單位、同係數的重複列；原始資料仍保留於 tier1_unified.csv。
竹醋液(以土窯生產),0.905,kg,公斤(kg),Taiwan EPA,TW,Taiwan Local,2017,行政院農業委員會林務局,1,竹醋液(以土窯生產) kg 台灣 環保署,竹醋液(以土窯生產) | kg | 0.905,1,MOENV CFP | Taiwan EPA,2017,檢索索引已合併同名、同單位、同係數的重複列；原始資料仍保留於 tier1_unified.csv。
竹炭粒(以機械窯生產),0.719,kg,公斤(kg),Taiwan EPA,TW,Taiwan Local,2017,行政院農業委員會林務局,1,竹炭粒(以機械窯生產) kg 台灣 環保署,竹炭粒(以機械窯生產) | kg | 0.719,1,MOENV CFP | Taiwan EPA,2017,檢索索引已合併同名、同單位、同係數的重複列；原始資料仍保留於 tier1_unified.csv。
豬肋排(骨頭100％),36.7,kg,公斤(kg),Taiwan EPA,TW,Taiwan Local,2017,祥圃實業股份有限公司,1,豬肋排(骨頭100％) kg 台灣 環保署,豬肋排(骨頭100％) | kg | 36.7,1,MOENV CFP | Taiwan EPA,2017,檢索索引已合併同名、同單位、同係數的重複列；原始資料仍保留於 tier1_unified.csv。
豬肋排(帶骨50％),36.4,kg,公斤(kg),Taiwan EPA,TW,Taiwan Local,2017,祥圃實業股份有限公司,1,豬肋排(帶骨50％) kg 台灣 環保署,豬肋排(帶骨50％) | kg | 36.4,1,MOENV CFP | Taiwan EPA,2017,檢索索引已合併同名、同單位、同係數的重複列；原始資料仍保留於 tier1_unified.csv。
霜降豬肉(不帶骨),36.6,kg,公斤(kg),Taiwan EPA,TW,Taiwan Local,2017,祥圃實業股份有限公司,1,霜降豬肉(不帶骨) kg 台灣 環保署,霜降豬肉(不帶骨) | kg | 36.6,1,MOENV CFP | Taiwan EPA,2017,檢索索引已合併同名、同單位、同係數的重複列；原始資料仍保留於 tier1_unified.csv。
豬肉(不帶骨),37.1,kg,公斤(kg),Taiwan EPA,TW,Taiwan Local,2017,祥圃實業股份有限公司,1,豬肉(不帶骨) kg 台灣 環保署,豬肉(不帶骨) | kg | 37.1,1,MOENV CFP | Taiwan EPA,2017,檢索索引已合併同名、同單位、同係數的重複列；原始資料仍保留於 tier1_unified.csv。
有機廢棄物免發酵轉化肥料處理服務,48.3,mt,公噸(mt),Taiwan EPA,TW,Taiwan Local,2017,經濟部中小企業處、葉山環保生物科技股份有限公司,1,有機廢棄物免發酵轉化肥料處理服務 mt 台灣 環保署,有機廢棄物免發酵轉化肥料處理服務 | mt | 48.3,0,Taiwan EPA,2017,
有機裸麥土司(常溫),1.66,kg,公斤(kg),Taiwan EPA,TW,Taiwan Local,2017,經濟部中小企業處、喜願行,1,有機裸麥土司(常溫) kg 台灣 環保署,有機裸麥土司(常溫) | kg | 1.66,1,MOENV CFP | Taiwan EPA,2017,檢索索引已合併同名、同單位、同係數的重複列；原始資料仍保留於 tier1_unified.csv。
有機全麥粉,1.39,kg,公斤(kg),Taiwan EPA,TW,Taiwan Local,2017,經濟部中小企業處、喜願行,1,有機全麥粉 kg 台灣 環保署,有機全麥粉 | kg | 1.39,1,MOENV CFP | Taiwan EPA,2017,檢索索引已合併同名、同單位、同係數的重複列；原始資料仍保留於 tier1_unified.csv。
有機麩皮胚芽粉,1.36,kg,公斤(kg),Taiwan EPA,TW,Taiwan Local,2017,經濟部中小企業處、喜願行,1,有機麩皮胚芽粉 kg 台灣 環保署,有機麩皮胚芽粉 | kg | 1.36,1,MOENV CFP | Taiwan EPA,2017,檢索索引已合併同名、同單位、同係數的重複列；原始資料仍保留於 tier1_unified.csv。
竹炭粒(以土窯生產),0.342,kg,公斤(kg),Taiwan EPA,TW,Taiwan Local,2017,行政院農業委員會林務局,1,竹炭粒(以土窯生產) kg 台灣 環保署,竹炭粒(以土窯生產) | kg | 0.342,1,MOENV CFP | Taiwan EPA,2017,檢索索引已合併同名、同單位、同係數的重複列；原始資料仍保留於 tier1_unified.csv。
鮮乳,2.48,kg,公斤(kg),Taiwan EPA,TW,Taiwan Local,2017,金門縣畜產試驗所,1,鮮乳 kg 台灣 環保署,鮮乳 | kg | 2.48,1,MOENV CFP | Taiwan EPA,2017,檢索索引已合併同名、同單位、同係數的重複列；原始資料仍保留於 tier1_unified.csv。
有機小麥粉,1.4,kg,公斤(kg),Taiwan EPA,TW,Taiwan Local,2017,經濟部中小企業處、喜願行,1,有機小麥粉 kg 台灣 環保署,有機小麥粉 | kg | 1.4,1,MOENV CFP | Taiwan EPA,2017,檢索索引已合併同名、同單位、同係數的重複列；原始資料仍保留於 tier1_unified.csv。
竹炭片(以機械窯生產),0.762,kg,公斤(kg),Taiwan EPA,TW,Taiwan Local,2017,行政院農業委員會林務局,1,竹炭片(以機械窯生產) kg 台灣 環保署,竹炭片(以機械窯生產) | kg | 0.762,1,MOENV CFP | Taiwan EPA,2017,檢索索引已合併同名、同單位、同係數的重複列；原始資料仍保留於 tier1_unified.csv。
紅殼雞蛋,0.107,顆,顆,Taiwan EPA,TW,Taiwan Local,2017,麗園農牧科技股份有限公司,1,紅殼雞蛋 顆 台灣 環保署,紅殼雞蛋 | 顆 | 0.107,1,MOENV CFP | Taiwan EPA,2017,檢索索引已合併同名、同單位、同係數的重複列；原始資料仍保留於 tier1_unified.csv。
高山烏龍茶(無烘培-完全發酵),6.3,包,包,Taiwan EPA,TW,Taiwan Local,2017,講茶集團,1,高山烏龍茶(無烘培-完全發酵) 包 台灣 環保署,高山烏龍茶(無烘培-完全發酵) | 包 | 6.3,1,MOENV CFP | Taiwan EPA,2017,檢索索引已合併同名、同單位、同係數的重複列；原始資料仍保留於 tier1_unified.csv。
竹炭片(以土窯生產),0.384,kg,公斤(kg),Taiwan EPA,TW,Taiwan Local,2017,行政院農業委員會林務局,1,竹炭片(以土窯生產) kg 台灣 環保署,竹炭片(以土窯生產) | kg | 0.384,1,MOENV CFP | Taiwan EPA,2017,檢索索引已合併同名、同單位、同係數的重複列；原始資料仍保留於 tier1_unified.csv。
高山烏龍茶(有烘培-部分發酵),7.69,包,包,Taiwan EPA,TW,Taiwan Local,2017,講茶集團,1,高山烏龍茶(有烘培-部分發酵) 包 台灣 環保署,高山烏龍茶(有烘培-部分發酵) | 包 | 7.69,1,MOENV CFP | Taiwan EPA,2017,檢索索引已合併同名、同單位、同係數的重複列；原始資料仍保留於 tier1_unified.csv。
高山烏龍茶(無烘培-部分發酵),5.71,包,包,Taiwan EPA,TW,Taiwan Local,2017,講茶集團,1,高山烏龍茶(無烘培-部分發酵) 包 台灣 環保署,高山烏龍茶(無烘培-部分發酵) | 包 | 5.71,1,MOENV CFP | Taiwan EPA,2017,檢索索引已合併同名、同單位、同係數的重複列；原始資料仍保留於 tier1_unified.csv。
燃料油使用(含90wt％ 生質燃料油，2015),3140.0,kl,公秉(kl),Taiwan EPA,TW,Taiwan Local,2017,經濟部中小企業處、環新能源股份有限公司,1,燃料油使用(含90wt％ 生質燃料油，2015) kl 台灣 環保署,燃料油使用(含90wt％ 生質燃料油，2015) | kl | 3140.0,0,Taiwan EPA,2017,
環保抽取式擦手紙巾,0.65,包,包,Taiwan EPA,TW,Taiwan Local,2017,正隆股份有限公司竹北廠,1,環保抽取式擦手紙巾 包 台灣 環保署,環保抽取式擦手紙巾 | 包 | 0.65,1,MOENV CFP | Taiwan EPA,2017,檢索索引已合併同名、同單位、同係數的重複列；原始資料仍保留於 tier1_unified.csv。
環保抽取式衛生紙,0.32,包,包,Taiwan EPA,TW,Taiwan Local,2017,正隆股份有限公司竹北廠,1,環保抽取式衛生紙 包 台灣 環保署,環保抽取式衛生紙 | 包 | 0.32,1,MOENV CFP | Taiwan EPA,2017,檢索索引已合併同名、同單位、同係數的重複列；原始資料仍保留於 tier1_unified.csv。
抽取式衛生紙(110抽),0.4,包,包,Taiwan EPA,TW,Taiwan Local,2017,正大造紙廠股份有限公司、正隆股份有限公司竹北廠,1,抽取式衛生紙(110抽) 包 台灣 環保署,抽取式衛生紙(110抽) | 包 | 0.4,1,MOENV CFP | Taiwan EPA,2017,檢索索引已合併同名、同單位、同係數的重複列；原始資料仍保留於 tier1_unified.csv。
大捲筒衛生紙,1.8,捲,捲,Taiwan EPA,TW,Taiwan Local,2017,正大造紙廠股份有限公司,1,大捲筒衛生紙 捲 台灣 環保署,大捲筒衛生紙 | 捲 | 1.8,1,MOENV CFP | Taiwan EPA,2017,檢索索引已合併同名、同單位、同係數的重複列；原始資料仍保留於 tier1_unified.csv。
客家桔醬,0.5,瓶,瓶,Taiwan EPA,TW,Taiwan Local,2017,阿金姐工作坊,1,客家桔醬 瓶 台灣 環保署,客家桔醬 | 瓶 | 0.5,1,MOENV CFP | Taiwan EPA,2017,檢索索引已合併同名、同單位、同係數的重複列；原始資料仍保留於 tier1_unified.csv。
柿餅,0.65,盒,盒,Taiwan EPA,TW,Taiwan Local,2017,味衛佳柿餅觀光農場、新竹縣政府環境保護局,1,柿餅 盒 台灣 環保署,柿餅 | 盒 | 0.65,1,MOENV CFP | Taiwan EPA,2017,檢索索引已合併同名、同單位、同係數的重複列；原始資料仍保留於 tier1_unified.csv。
良質米(高雄139號品種),6.5,包,包,Taiwan EPA,TW,Taiwan Local,2017,東里碾米工廠,1,良質米(高雄139號品種) 包 台灣 環保署,良質米(高雄139號品種) | 包 | 6.5,1,MOENV CFP | Taiwan EPA,2017,檢索索引已合併同名、同單位、同係數的重複列；原始資料仍保留於 tier1_unified.csv。
山穀米(台梗4號),5.5,包,包,Taiwan EPA,TW,Taiwan Local,2017,東里碾米工廠,1,山穀米(台梗4號) 包 台灣 環保署,山穀米(台梗4號) | 包 | 5.5,1,MOENV CFP | Taiwan EPA,2017,檢索索引已合併同名、同單位、同係數的重複列；原始資料仍保留於 tier1_unified.csv。
芋香米(台梗4號),3.4,包,包,Taiwan EPA,TW,Taiwan Local,2017,東里碾米工廠,1,芋香米(台梗4號) 包 台灣 環保署,芋香米(台梗4號) | 包 | 3.4,1,MOENV CFP | Taiwan EPA,2017,檢索索引已合併同名、同單位、同係數的重複列；原始資料仍保留於 tier1_unified.csv。
營養麵條,7.26,包,包,Taiwan EPA,TW,Taiwan Local,2017,合進商行關廟廠、台南市政府環境保護局,1,營養麵條 包 台灣 環保署,營養麵條 | 包 | 7.26,1,MOENV CFP | Taiwan EPA,2017,檢索索引已合併同名、同單位、同係數的重複列；原始資料仍保留於 tier1_unified.csv。
麵線,1.24,包,包,Taiwan EPA,TW,Taiwan Local,2017,合進商行關廟廠、臺南市政府環境保護局,1,麵線 包 台灣 環保署,麵線 | 包 | 1.24,1,MOENV CFP | Taiwan EPA,2017,檢索索引已合併同名、同單位、同係數的重複列；原始資料仍保留於 tier1_unified.csv。
拉麵,1.49,包,包,Taiwan EPA,TW,Taiwan Local,2017,合進商行關廟廠、臺南市政府環境保護局,1,拉麵 包 台灣 環保署,拉麵 | 包 | 1.49,1,MOENV CFP | Taiwan EPA,2017,檢索索引已合併同名、同單位、同係數的重複列；原始資料仍保留於 tier1_unified.csv。
意麵,1.13,包,包,Taiwan EPA,TW,Taiwan Local,2017,合進商行關廟廠、臺南市政府環境保護局,1,意麵 包 台灣 環保署,意麵 | 包 | 1.13,1,MOENV CFP | Taiwan EPA,2017,檢索索引已合併同名、同單位、同係數的重複列；原始資料仍保留於 tier1_unified.csv。
刀削麵,1.13,包,包,Taiwan EPA,TW,Taiwan Local,2017,合進商行關廟廠、臺南市政府環境保護局,1,刀削麵 包 台灣 環保署,刀削麵 | 包 | 1.13,1,MOENV CFP | Taiwan EPA,2017,檢索索引已合併同名、同單位、同係數的重複列；原始資料仍保留於 tier1_unified.csv。
柳橙汁(寶特瓶裝，450ml),0.254,瓶,瓶,Taiwan EPA,TW,Taiwan Local,2017,環境部,1,柳橙汁(寶特瓶裝，450ml) 瓶 台灣 環保署,柳橙汁(寶特瓶裝，450ml) | 瓶 | 0.254,1,MOENV CFP | Taiwan EPA,2017,檢索索引已合併同名、同單位、同係數的重複列；原始資料仍保留於 tier1_unified.csv。
可樂(寶特瓶裝，2L),0.644,瓶,瓶,Taiwan EPA,TW,Taiwan Local,2017,環境部,1,可樂(寶特瓶裝，2L) 瓶 台灣 環保署,可樂(寶特瓶裝，2L) | 瓶 | 0.644,1,MOENV CFP | Taiwan EPA,2017,檢索索引已合併同名、同單位、同係數的重複列；原始資料仍保留於 tier1_unified.csv。
可樂(寶特瓶裝，600ml),0.398,瓶,瓶,Taiwan EPA,TW,Taiwan Local,2017,環境部,1,可樂(寶特瓶裝，600ml) 瓶 台灣 環保署,可樂(寶特瓶裝，600ml) | 瓶 | 0.398,1,MOENV CFP | Taiwan EPA,2017,檢索索引已合併同名、同單位、同係數的重複列；原始資料仍保留於 tier1_unified.csv。
芝麻油(217ml),0.62,瓶,瓶,Taiwan EPA,TW,Taiwan Local,2017,環境部、福壽實業股份有限公司,1,芝麻油(217ml) 瓶 台灣 環保署,芝麻油(217ml) | 瓶 | 0.62,1,MOENV CFP | Taiwan EPA,2017,檢索索引已合併同名、同單位、同係數的重複列；原始資料仍保留於 tier1_unified.csv。
芝麻油(543 ml),1.22,瓶,瓶,Taiwan EPA,TW,Taiwan Local,2017,環境部、福壽實業股份有限公司,1,芝麻油(543 ml) 瓶 台灣 環保署,芝麻油(543 ml) | 瓶 | 1.22,1,MOENV CFP | Taiwan EPA,2017,檢索索引已合併同名、同單位、同係數的重複列；原始資料仍保留於 tier1_unified.csv。
芝麻油,1.4,kg,公斤(kg),Taiwan EPA,TW,Taiwan Local,2017,環境部、福壽實業股份有限公司,1,芝麻油 kg 台灣 環保署,芝麻油 | kg | 1.4,0,Taiwan EPA,2017,
烏龍麵,1.85,包,包,Taiwan EPA,TW,Taiwan Local,2017,合進商行關廟廠、臺南市政府環境保護局,1,烏龍麵 包 台灣 環保署,烏龍麵 | 包 | 1.85,1,MOENV CFP | Taiwan EPA,2017,檢索索引已合併同名、同單位、同係數的重複列；原始資料仍保留於 tier1_unified.csv。
原味關廟麵,1.85,包,包,Taiwan EPA,TW,Taiwan Local,2017,合進商行關廟廠、臺南市政府環境保護局,1,原味關廟麵 包 台灣 環保署,原味關廟麵 | 包 | 1.85,1,MOENV CFP | Taiwan EPA,2017,檢索索引已合併同名、同單位、同係數的重複列；原始資料仍保留於 tier1_unified.csv。
麵條,1.24,kg,公斤(kg),Taiwan EPA,TW,Taiwan Local,2017,合進商行關廟廠、臺南市政府環境保護局,1,麵條 kg 台灣 環保署,麵條 | kg | 1.24,1,MOENV CFP | Taiwan EPA,2017,檢索索引已合併同名、同單位、同係數的重複列；原始資料仍保留於 tier1_unified.csv。
咖啡菇(鮑魚菇),0.32,盒,盒,Taiwan EPA,TW,Taiwan Local,2017,國立曾文高級農工職業學校、臺南市政府環境保護局,1,咖啡菇(鮑魚菇) 盒 台灣 環保署,咖啡菇(鮑魚菇) | 盒 | 0.32,1,MOENV CFP | Taiwan EPA,2017,檢索索引已合併同名、同單位、同係數的重複列；原始資料仍保留於 tier1_unified.csv。
咖啡菇(豬肚菇),0.309,盒,盒,Taiwan EPA,TW,Taiwan Local,2017,國立曾文高級農工職業學校、臺南市政府環境保護局,1,咖啡菇(豬肚菇) 盒 台灣 環保署,咖啡菇(豬肚菇) | 盒 | 0.309,1,MOENV CFP | Taiwan EPA,2017,檢索索引已合併同名、同單位、同係數的重複列；原始資料仍保留於 tier1_unified.csv。
咖啡菇(黑木耳),0.279,盒,盒,Taiwan EPA,TW,Taiwan Local,2017,國立曾文高級農工職業學校、臺南市政府環境保護局,1,咖啡菇(黑木耳) 盒 台灣 環保署,咖啡菇(黑木耳) | 盒 | 0.279,1,MOENV CFP | Taiwan EPA,2017,檢索索引已合併同名、同單位、同係數的重複列；原始資料仍保留於 tier1_unified.csv。
咖啡菇(猴頭菇),0.341,盒,盒,Taiwan EPA,TW,Taiwan Local,2017,國立曾文高級農工職業學校、臺南市政府環境保護局,1,咖啡菇(猴頭菇) 盒 台灣 環保署,咖啡菇(猴頭菇) | 盒 | 0.341,1,MOENV CFP | Taiwan EPA,2017,檢索索引已合併同名、同單位、同係數的重複列；原始資料仍保留於 tier1_unified.csv。
咖啡菇(夏雪菇),0.287,盒,盒,Taiwan EPA,TW,Taiwan Local,2017,國立曾文高級農工職業學校、臺南市政府環境保護局,1,咖啡菇(夏雪菇) 盒 台灣 環保署,咖啡菇(夏雪菇) | 盒 | 0.287,1,MOENV CFP | Taiwan EPA,2017,檢索索引已合併同名、同單位、同係數的重複列；原始資料仍保留於 tier1_unified.csv。
咖啡菇(珊瑚菇),0.282,盒,盒,Taiwan EPA,TW,Taiwan Local,2017,國立曾文高級農工職業學校、臺南市政府環境保護局,1,咖啡菇(珊瑚菇) 盒 台灣 環保署,咖啡菇(珊瑚菇) | 盒 | 0.282,1,MOENV CFP | Taiwan EPA,2017,檢索索引已合併同名、同單位、同係數的重複列；原始資料仍保留於 tier1_unified.csv。
咖啡菇(柳松菇),0.322,盒,盒,Taiwan EPA,TW,Taiwan Local,2017,國立曾文高級農工職業學校、臺南市政府環境保護局,1,咖啡菇(柳松菇) 盒 台灣 環保署,咖啡菇(柳松菇) | 盒 | 0.322,1,MOENV CFP | Taiwan EPA,2017,檢索索引已合併同名、同單位、同係數的重複列；原始資料仍保留於 tier1_unified.csv。
咖啡菇(秀珍菇),0.288,盒,盒,Taiwan EPA,TW,Taiwan Local,2017,國立曾文高級農工職業學校、臺南市政府環境保護局,1,咖啡菇(秀珍菇) 盒 台灣 環保署,咖啡菇(秀珍菇) | 盒 | 0.288,1,MOENV CFP | Taiwan EPA,2017,檢索索引已合併同名、同單位、同係數的重複列；原始資料仍保留於 tier1_unified.csv。
咖啡菇(杏鮑菇),0.339,盒,盒,Taiwan EPA,TW,Taiwan Local,2017,國立曾文高級農工職業學校、臺南市政府環境保護局,1,咖啡菇(杏鮑菇) 盒 台灣 環保署,咖啡菇(杏鮑菇) | 盒 | 0.339,1,MOENV CFP | Taiwan EPA,2017,檢索索引已合併同名、同單位、同係數的重複列；原始資料仍保留於 tier1_unified.csv。
咖啡菇(冬雪菇),0.286,盒,盒,Taiwan EPA,TW,Taiwan Local,2017,國立曾文高級農工職業學校、臺南市政府環境保護局,1,咖啡菇(冬雪菇) 盒 台灣 環保署,咖啡菇(冬雪菇) | 盒 | 0.286,1,MOENV CFP | Taiwan EPA,2017,檢索索引已合併同名、同單位、同係數的重複列；原始資料仍保留於 tier1_unified.csv。
無線滑鼠,3.76,piece,支,Taiwan EPA,TW,Taiwan Local,2017,環境部,1,無線滑鼠 piece 台灣 環保署,無線滑鼠 | piece | 3.76,0,Taiwan EPA,2017,
咖啡菇(斤耳),0.278,盒,盒,Taiwan EPA,TW,Taiwan Local,2017,國立曾文高級農工職業學校、臺南市政府環境保護局,1,咖啡菇(斤耳) 盒 台灣 環保署,咖啡菇(斤耳) | 盒 | 0.278,1,MOENV CFP | Taiwan EPA,2017,檢索索引已合併同名、同單位、同係數的重複列；原始資料仍保留於 tier1_unified.csv。
咖啡菇,0.3,盒,盒,Taiwan EPA,TW,Taiwan Local,2017,國立曾文高級農工職業學校、臺南市政府環境保護局,1,咖啡菇 盒 台灣 環保署,咖啡菇 | 盒 | 0.3,1,MOENV CFP | Taiwan EPA,2017,檢索索引已合併同名、同單位、同係數的重複列；原始資料仍保留於 tier1_unified.csv。
"人孔短管(長度120cm，內徑1,500mm)",669.0,piece,個,Taiwan EPA,TW,Taiwan Local,2017,中興工程顧問股份有限公司,1,"人孔短管(長度120cm，內徑1,500mm) piece 台灣 環保署","人孔短管(長度120cm，內徑1,500mm) | piece | 669.0",1,MOENV CFP | Taiwan EPA,2017,檢索索引已合併同名、同單位、同係數的重複列；原始資料仍保留於 tier1_unified.csv。
"人孔短管(長度90cm，內徑1,500mm)",501.0,piece,個,Taiwan EPA,TW,Taiwan Local,2017,中興工程顧問股份有限公司,1,"人孔短管(長度90cm，內徑1,500mm) piece 台灣 環保署","人孔短管(長度90cm，內徑1,500mm) | piece | 501.0",1,MOENV CFP | Taiwan EPA,2017,檢索索引已合併同名、同單位、同係數的重複列；原始資料仍保留於 tier1_unified.csv。
"人孔短管(長度60cm，內徑1,500mm)",333.0,piece,個,Taiwan EPA,TW,Taiwan Local,2017,中興工程顧問股份有限公司,1,"人孔短管(長度60cm，內徑1,500mm) piece 台灣 環保署","人孔短管(長度60cm，內徑1,500mm) | piece | 333.0",1,MOENV CFP | Taiwan EPA,2017,檢索索引已合併同名、同單位、同係數的重複列；原始資料仍保留於 tier1_unified.csv。
"人孔短管(長度30cm，內徑1,500mm)",164.0,piece,個,Taiwan EPA,TW,Taiwan Local,2017,中興工程顧問股份有限公司,1,"人孔短管(長度30cm，內徑1,500mm) piece 台灣 環保署","人孔短管(長度30cm，內徑1,500mm) | piece | 164.0",1,MOENV CFP | Taiwan EPA,2017,檢索索引已合併同名、同單位、同係數的重複列；原始資料仍保留於 tier1_unified.csv。
"人孔大小頭(內徑1,500mm)",393.0,piece,個,Taiwan EPA,TW,Taiwan Local,2017,中興工程顧問股份有限公司,1,"人孔大小頭(內徑1,500mm) piece 台灣 環保署","人孔大小頭(內徑1,500mm) | piece | 393.0",1,MOENV CFP | Taiwan EPA,2017,檢索索引已合併同名、同單位、同係數的重複列；原始資料仍保留於 tier1_unified.csv。
"人孔底座(內徑1,500mm)",1120.0,piece,個,Taiwan EPA,TW,Taiwan Local,2017,中興工程顧問股份有限公司,1,"人孔底座(內徑1,500mm) piece 台灣 環保署","人孔底座(內徑1,500mm) | piece | 1120.0",1,MOENV CFP | Taiwan EPA,2017,檢索索引已合併同名、同單位、同係數的重複列；原始資料仍保留於 tier1_unified.csv。
"人孔短管(長度120cm，內徑1,200mm)",452.0,piece,個,Taiwan EPA,TW,Taiwan Local,2017,中興工程顧問股份有限公司,1,"人孔短管(長度120cm，內徑1,200mm) piece 台灣 環保署","人孔短管(長度120cm，內徑1,200mm) | piece | 452.0",1,MOENV CFP | Taiwan EPA,2017,檢索索引已合併同名、同單位、同係數的重複列；原始資料仍保留於 tier1_unified.csv。
"人孔短管(長度90cm，內徑1,200mm)",338.0,piece,個,Taiwan EPA,TW,Taiwan Local,2017,中興工程顧問股份有限公司,1,"人孔短管(長度90cm，內徑1,200mm) piece 台灣 環保署","人孔短管(長度90cm，內徑1,200mm) | piece | 338.0",1,MOENV CFP | Taiwan EPA,2017,檢索索引已合併同名、同單位、同係數的重複列；原始資料仍保留於 tier1_unified.csv。
"人孔短管(長度30cm，內徑1,200mm)",111.0,piece,個,Taiwan EPA,TW,Taiwan Local,2017,中興工程顧問股份有限公司,1,"人孔短管(長度30cm，內徑1,200mm) piece 台灣 環保署","人孔短管(長度30cm，內徑1,200mm) | piece | 111.0",1,MOENV CFP | Taiwan EPA,2017,檢索索引已合併同名、同單位、同係數的重複列；原始資料仍保留於 tier1_unified.csv。
"人孔大小頭(內徑1,200mm)",277.0,piece,個,Taiwan EPA,TW,Taiwan Local,2017,中興工程顧問股份有限公司,1,"人孔大小頭(內徑1,200mm) piece 台灣 環保署","人孔大小頭(內徑1,200mm) | piece | 277.0",1,MOENV CFP | Taiwan EPA,2017,檢索索引已合併同名、同單位、同係數的重複列；原始資料仍保留於 tier1_unified.csv。
"人孔底座(內徑1,200mm)",554.0,piece,個,Taiwan EPA,TW,Taiwan Local,2017,中興工程顧問股份有限公司,1,"人孔底座(內徑1,200mm) piece 台灣 環保署","人孔底座(內徑1,200mm) | piece | 554.0",1,MOENV CFP | Taiwan EPA,2017,檢索索引已合併同名、同單位、同係數的重複列；原始資料仍保留於 tier1_unified.csv。
聚酯樹脂混凝土管(管徑300mm),55.2,m,公尺(m),Taiwan EPA,TW,Taiwan Local,2017,中興工程顧問股份有限公司,1,聚酯樹脂混凝土管(管徑300mm) m 台灣 環保署,聚酯樹脂混凝土管(管徑300mm) | m | 55.2,0,Taiwan EPA,2017,
聚酯樹脂混凝土管(管徑400mm),91.3,m,公尺(m),Taiwan EPA,TW,Taiwan Local,2017,中興工程顧問股份有限公司,1,聚酯樹脂混凝土管(管徑400mm) m 台灣 環保署,聚酯樹脂混凝土管(管徑400mm) | m | 91.3,0,Taiwan EPA,2017,
聚酯樹脂混凝土管(管徑600mm),169.0,m,公尺(m),Taiwan EPA,TW,Taiwan Local,2017,中興工程顧問股份有限公司,1,聚酯樹脂混凝土管(管徑600mm) m 台灣 環保署,聚酯樹脂混凝土管(管徑600mm) | m | 169.0,0,Taiwan EPA,2017,
"全鋁質混凝土管(管徑1,000mm)",569.0,m,公尺(m),Taiwan EPA,TW,Taiwan Local,2017,內政部營建署,1,"全鋁質混凝土管(管徑1,000mm) m 台灣 環保署","全鋁質混凝土管(管徑1,000mm) | m | 569.0",0,Taiwan EPA,2017,
"人孔短管(長度120cm，內徑1,800mm)",957.0,piece,個,Taiwan EPA,TW,Taiwan Local,2017,內政部營建署,1,"人孔短管(長度120cm，內徑1,800mm) piece 台灣 環保署","人孔短管(長度120cm，內徑1,800mm) | piece | 957.0",1,MOENV CFP | Taiwan EPA,2017,檢索索引已合併同名、同單位、同係數的重複列；原始資料仍保留於 tier1_unified.csv。
"人孔短管(長度90cm，內徑1,800mm)",755.0,piece,個,Taiwan EPA,TW,Taiwan Local,2017,內政部營建署,1,"人孔短管(長度90cm，內徑1,800mm) piece 台灣 環保署","人孔短管(長度90cm，內徑1,800mm) | piece | 755.0",1,MOENV CFP | Taiwan EPA,2017,檢索索引已合併同名、同單位、同係數的重複列；原始資料仍保留於 tier1_unified.csv。
"人孔短管(長度60cm，內徑1,800mm)",501.0,piece,個,Taiwan EPA,TW,Taiwan Local,2017,內政部營建署,1,"人孔短管(長度60cm，內徑1,800mm) piece 台灣 環保署","人孔短管(長度60cm，內徑1,800mm) | piece | 501.0",1,MOENV CFP | Taiwan EPA,2017,檢索索引已合併同名、同單位、同係數的重複列；原始資料仍保留於 tier1_unified.csv。
"人孔短管(長度30cm，內徑1,800mm)",248.0,piece,個,Taiwan EPA,TW,Taiwan Local,2017,內政部營建署,1,"人孔短管(長度30cm，內徑1,800mm) piece 台灣 環保署","人孔短管(長度30cm，內徑1,800mm) | piece | 248.0",1,MOENV CFP | Taiwan EPA,2017,檢索索引已合併同名、同單位、同係數的重複列；原始資料仍保留於 tier1_unified.csv。
"人孔大小頭(內徑1,800mm)",575.0,piece,個,Taiwan EPA,TW,Taiwan Local,2017,內政部營建署,1,"人孔大小頭(內徑1,800mm) piece 台灣 環保署","人孔大小頭(內徑1,800mm) | piece | 575.0",1,MOENV CFP | Taiwan EPA,2017,檢索索引已合併同名、同單位、同係數的重複列；原始資料仍保留於 tier1_unified.csv。
"人孔底座(內徑1,800mm)",2090.0,piece,個,Taiwan EPA,TW,Taiwan Local,2017,內政部營建署,1,"人孔底座(內徑1,800mm) piece 台灣 環保署","人孔底座(內徑1,800mm) | piece | 2090.0",1,MOENV CFP | Taiwan EPA,2017,檢索索引已合併同名、同單位、同係數的重複列；原始資料仍保留於 tier1_unified.csv。
洗衣粉,1.34,kg,公斤(kg),Taiwan EPA,TW,Taiwan Local,2017,清淨海生技股份有限公司,1,洗衣粉 kg 台灣 環保署,洗衣粉 | kg | 1.34,1,MOENV CFP | Taiwan EPA,2017,檢索索引已合併同名、同單位、同係數的重複列；原始資料仍保留於 tier1_unified.csv。
廢棄物焚化處理服務(臺南市城西垃圾焚化廠),333.0,mt,公噸(mt),Taiwan EPA,TW,Taiwan Local,2017,臺南市城西垃圾焚化廠、臺南市政府環境保護局,1,廢棄物焚化處理服務(臺南市城西垃圾焚化廠) mt 台灣 環保署,廢棄物焚化處理服務(臺南市城西垃圾焚化廠) | mt | 333.0,0,Taiwan EPA,2017,
廢棄物焚化處理服務(臺南市永康垃圾資源回收(焚化)廠),327.0,mt,公噸(mt),Taiwan EPA,TW,Taiwan Local,2017,臺南市永康垃圾資源回收(焚化)廠、臺南市政府環境保護局,1,廢棄物焚化處理服務(臺南市永康垃圾資源回收(焚化)廠) mt 台灣 環保署,廢棄物焚化處理服務(臺南市永康垃圾資源回收(焚化)廠) | mt | 327.0,0,Taiwan EPA,2017,
萬用免釘膠,0.59,piece,支,Taiwan EPA,TW,Taiwan Local,2017,南寶樹脂化學工廠股份有限公司(五廠)、臺南市環境保護局,1,萬用免釘膠 piece 台灣 環保署,萬用免釘膠 | piece | 0.59,0,Taiwan EPA,2017,
石蠟,1.31,kg,公斤(kg),Taiwan EPA,TW,Taiwan Local,2017,環境部,1,石蠟 kg 台灣 環保署,石蠟 | kg | 1.31,1,MOENV CFP | Taiwan EPA,2017,檢索索引已合併同名、同單位、同係數的重複列；原始資料仍保留於 tier1_unified.csv。
普通甲類市區公車運輸服務(包含營業據點及公車站點排放),0.0767,pkm,延人公里(pkm),Taiwan EPA,TW,Taiwan Local,2017,府城汽車客運股份有限公司、興南汽車客運股份有限公司、新營汽車客運股份有限公司、臺南市政府環境保護局、臺南市政府交通局,1,普通甲類市區公車運輸服務(包含營業據點及公車站點排放) pkm 台灣 環保署,普通甲類市區公車運輸服務(包含營業據點及公車站點排放) | pkm | 0.0767,0,Taiwan EPA,2017,
乙類市區公車運輸服務(包含營業據點及公車站點排放),0.0784,pkm,延人公里(pkm),Taiwan EPA,TW,Taiwan Local,2017,府城汽車客運股份有限公司、興南汽車客運股份有限公司、新營汽車客運股份有限公司、臺南市政府環境保護局、臺南市政府交通局,1,乙類市區公車運輸服務(包含營業據點及公車站點排放) pkm 台灣 環保署,乙類市區公車運輸服務(包含營業據點及公車站點排放) | pkm | 0.0784,0,Taiwan EPA,2017,
低地板甲類市區公車運輸服務(包含營業據點及公車站點排放),0.0575,pkm,延人公里(pkm),Taiwan EPA,TW,Taiwan Local,2017,府城汽車客運股份有限公司、興南汽車客運股份有限公司、新營汽車客運股份有限公司、臺南市政府環境保護局、臺南市政府交通局,1,低地板甲類市區公車運輸服務(包含營業據點及公車站點排放) pkm 台灣 環保署,低地板甲類市區公車運輸服務(包含營業據點及公車站點排放) | pkm | 0.0575,0,Taiwan EPA,2017,
鯖魚柴魚花,3.63,kg,公斤(kg),Taiwan EPA,TW,Taiwan Local,2017,衛生福利部食品藥物管理署,1,鯖魚柴魚花 kg 台灣 環保署,鯖魚柴魚花 | kg | 3.63,1,MOENV CFP | Taiwan EPA,2017,檢索索引已合併同名、同單位、同係數的重複列；原始資料仍保留於 tier1_unified.csv。
乙烯醋酸乙烯酯共聚物(EVA),3.27,kg,公斤(kg),Taiwan EPA,TW,Taiwan Local,2017,環境部,1,乙烯醋酸乙烯酯共聚物(EVA) kg 台灣 環保署,乙烯醋酸乙烯酯共聚物(EVA) | kg | 3.27,1,MOENV CFP | Taiwan EPA,2017,檢索索引已合併同名、同單位、同係數的重複列；原始資料仍保留於 tier1_unified.csv。
緩衝材料組裝用熱熔膠,3.41,kg,公斤(kg),Taiwan EPA,TW,Taiwan Local,2017,環境部,1,緩衝材料組裝用熱熔膠 kg 台灣 環保署,緩衝材料組裝用熱熔膠 | kg | 3.41,1,MOENV CFP | Taiwan EPA,2017,檢索索引已合併同名、同單位、同係數的重複列；原始資料仍保留於 tier1_unified.csv。
紙棧板,1.23,kg,公斤(kg),Taiwan EPA,TW,Taiwan Local,2017,環境部,1,紙棧板 kg 台灣 環保署,紙棧板 | kg | 1.23,1,MOENV CFP | Taiwan EPA,2017,檢索索引已合併同名、同單位、同係數的重複列；原始資料仍保留於 tier1_unified.csv。
角紙,1.14,kg,公斤(kg),Taiwan EPA,TW,Taiwan Local,2017,環境部,1,角紙 kg 台灣 環保署,角紙 | kg | 1.14,1,MOENV CFP | Taiwan EPA,2017,檢索索引已合併同名、同單位、同係數的重複列；原始資料仍保留於 tier1_unified.csv。
AB楞紙箱(3層2浪),1.19,m2,平方公尺(m2),Taiwan EPA,TW,Taiwan Local,2017,環境部,1,AB楞紙箱(3層2浪) m2 台灣 環保署,AB楞紙箱(3層2浪) | m2 | 1.19,1,MOENV CFP | Taiwan EPA,2017,檢索索引已合併同名、同單位、同係數的重複列；原始資料仍保留於 tier1_unified.csv。
鰹魚柴魚花,3.82,kg,公斤(kg),Taiwan EPA,TW,Taiwan Local,2017,衛生福利部食品藥物管理署,1,鰹魚柴魚花 kg 台灣 環保署,鰹魚柴魚花 | kg | 3.82,1,MOENV CFP | Taiwan EPA,2017,檢索索引已合併同名、同單位、同係數的重複列；原始資料仍保留於 tier1_unified.csv。
丁腈橡膠手套,0.139,雙,雙,Taiwan EPA,TW,Taiwan Local,2017,環境部,1,丁腈橡膠手套 雙 台灣 環保署,丁腈橡膠手套 | 雙 | 0.139,1,MOENV CFP | Taiwan EPA,2017,檢索索引已合併同名、同單位、同係數的重複列；原始資料仍保留於 tier1_unified.csv。
素沙茶醬,1.58,kg,公斤(kg),Taiwan EPA,TW,Taiwan Local,2017,衛生福利部食品藥物管理署,1,素沙茶醬 kg 台灣 環保署,素沙茶醬 | kg | 1.58,1,MOENV CFP | Taiwan EPA,2017,檢索索引已合併同名、同單位、同係數的重複列；原始資料仍保留於 tier1_unified.csv。
味噌,1.14,kg,公斤(kg),Taiwan EPA,TW,Taiwan Local,2017,衛生福利部食品藥物管理署,1,味噌 kg 台灣 環保署,味噌 | kg | 1.14,1,MOENV CFP | Taiwan EPA,2017,檢索索引已合併同名、同單位、同係數的重複列；原始資料仍保留於 tier1_unified.csv。
氫氟酸，49％,3.94,kg,公斤(kg),Taiwan EPA,TW,Taiwan Local,2017,環境部,1,氫氟酸，49％ kg 台灣 環保署,氫氟酸，49％ | kg | 3.94,1,MOENV CFP | Taiwan EPA,2017,檢索索引已合併同名、同單位、同係數的重複列；原始資料仍保留於 tier1_unified.csv。
背銀漿,13.0,kg,公斤(kg),Taiwan EPA,TW,Taiwan Local,2017,環境部、中美矽晶製品股份有限公司宜蘭分公司、臺灣賀利氏材料科技股份有限公司,1,背銀漿 kg 台灣 環保署,背銀漿 | kg | 13.0,1,MOENV CFP | Taiwan EPA,2017,檢索索引已合併同名、同單位、同係數的重複列；原始資料仍保留於 tier1_unified.csv。
正銀漿,18.2,kg,公斤(kg),Taiwan EPA,TW,Taiwan Local,2017,環境部、中美矽晶製品股份有限公司宜蘭分公司、臺灣賀利氏材料科技股份有限公司,1,正銀漿 kg 台灣 環保署,正銀漿 | kg | 18.2,1,MOENV CFP | Taiwan EPA,2017,檢索索引已合併同名、同單位、同係數的重複列；原始資料仍保留於 tier1_unified.csv。
咖哩醬,2.0,kg,公斤(kg),Taiwan EPA,TW,Taiwan Local,2017,衛生福利部食品藥物管理署,1,咖哩醬 kg 台灣 環保署,咖哩醬 | kg | 2.0,1,MOENV CFP | Taiwan EPA,2017,檢索索引已合併同名、同單位、同係數的重複列；原始資料仍保留於 tier1_unified.csv。
多晶矽晶碇,39.1,kg,公斤(kg),Taiwan EPA,TW,Taiwan Local,2017,環境部、中美矽晶製品股份有限公司宜蘭分公司,1,多晶矽晶碇 kg 台灣 環保署,多晶矽晶碇 | kg | 39.1,1,MOENV CFP | Taiwan EPA,2017,檢索索引已合併同名、同單位、同係數的重複列；原始資料仍保留於 tier1_unified.csv。
IEC IE3馬達(AEHF系列，4P20HP ),695.0,台,台,Taiwan EPA,TW,Taiwan Local,2017,東元電機股份有限公司,1,IEC IE3馬達(AEHF系列，4P20HP ) 台 台灣 環保署,IEC IE3馬達(AEHF系列，4P20HP ) | 台 | 695.0,1,MOENV CFP | Taiwan EPA,2017,檢索索引已合併同名、同單位、同係數的重複列；原始資料仍保留於 tier1_unified.csv。
多晶矽晶片,175.0,kg,公斤(kg),Taiwan EPA,TW,Taiwan Local,2017,環境部、中美矽晶製品股份有限公司宜蘭分公司,1,多晶矽晶片 kg 台灣 環保署,多晶矽晶片 | kg | 175.0,1,MOENV CFP | Taiwan EPA,2017,檢索索引已合併同名、同單位、同係數的重複列；原始資料仍保留於 tier1_unified.csv。
單晶矽太陽能電池,3.53,片,片,Taiwan EPA,TW,Taiwan Local,2017,環境部、中美矽晶製品股份有限公司宜蘭分公司,1,單晶矽太陽能電池 片 台灣 環保署,單晶矽太陽能電池 | 片 | 3.53,0,Taiwan EPA,2017,
多晶矽太陽能電池,3.14,片,片,Taiwan EPA,TW,Taiwan Local,2017,環境部、中美矽晶製品股份有限公司宜蘭分公司,1,多晶矽太陽能電池 片 台灣 環保署,多晶矽太陽能電池 | 片 | 3.14,0,Taiwan EPA,2017,
調質鋼車用鍛造件,5.7,kg,公斤(kg),Taiwan EPA,TW,Taiwan Local,2017,金鍛工業股份有限公司、中國鋼鐵股份有限公司,1,調質鋼車用鍛造件 kg 台灣 環保署,調質鋼車用鍛造件 | kg | 5.7,1,MOENV CFP | Taiwan EPA,2017,檢索索引已合併同名、同單位、同係數的重複列；原始資料仍保留於 tier1_unified.csv。
免調質鋼車用鍛造件,4.84,kg,公斤(kg),Taiwan EPA,TW,Taiwan Local,2017,金鍛工業股份有限公司、中國鋼鐵股份有限公司,1,免調質鋼車用鍛造件 kg 台灣 環保署,免調質鋼車用鍛造件 | kg | 4.84,1,MOENV CFP | Taiwan EPA,2017,檢索索引已合併同名、同單位、同係數的重複列；原始資料仍保留於 tier1_unified.csv。
熱軋竹節鋼筋(SD420W),0.901,kg,公斤(kg),Taiwan EPA,TW,Taiwan Local,2017,海光企業股份有限公司、公路總局西部濱海公路南區臨時工程處,1,熱軋竹節鋼筋(SD420W) kg 台灣 環保署,熱軋竹節鋼筋(SD420W) | kg | 0.901,1,MOENV CFP | Taiwan EPA,2017,檢索索引已合併同名、同單位、同係數的重複列；原始資料仍保留於 tier1_unified.csv。
熱軋竹節鋼筋(SD280W),0.874,kg,公斤(kg),Taiwan EPA,TW,Taiwan Local,2017,海光企業股份有限公司、公路總局西部濱海公路南區臨時工程處,1,熱軋竹節鋼筋(SD280W) kg 台灣 環保署,熱軋竹節鋼筋(SD280W) | kg | 0.874,1,MOENV CFP | Taiwan EPA,2017,檢索索引已合併同名、同單位、同係數的重複列；原始資料仍保留於 tier1_unified.csv。
鋼胚(電弧爐製程，SD420W),0.729,kg,公斤(kg),Taiwan EPA,TW,Taiwan Local,2017,海光企業股份有限公司、公路總局西部濱海公路南區臨時工程處,1,鋼胚(電弧爐製程，SD420W) kg 台灣 環保署,鋼胚(電弧爐製程，SD420W) | kg | 0.729,1,MOENV CFP | Taiwan EPA,2017,檢索索引已合併同名、同單位、同係數的重複列；原始資料仍保留於 tier1_unified.csv。
鋼胚(電弧爐製程，SD280W),0.703,kg,公斤(kg),Taiwan EPA,TW,Taiwan Local,2017,海光企業股份有限公司、公路總局西部濱海公路南區臨時工程處,1,鋼胚(電弧爐製程，SD280W) kg 台灣 環保署,鋼胚(電弧爐製程，SD280W) | kg | 0.703,1,MOENV CFP | Taiwan EPA,2017,檢索索引已合併同名、同單位、同係數的重複列；原始資料仍保留於 tier1_unified.csv。
再生料-廢輪胎-再生裂解油(未燃燒),310.0,kl,公秉(kl),Taiwan EPA,TW,Taiwan Local,2017,環拓科技股份有限公司,1,再生料-廢輪胎-再生裂解油(未燃燒) kl 台灣 環保署,再生料-廢輪胎-再生裂解油(未燃燒) | kl | 310.0,0,Taiwan EPA,2017,
再生料-廢輪胎-再生碳黑,518.0,mt,公噸(mt),Taiwan EPA,TW,Taiwan Local,2017,環拓科技股份有限公司,1,再生料-廢輪胎-再生碳黑 mt 台灣 環保署,再生料-廢輪胎-再生碳黑 | mt | 518.0,0,Taiwan EPA,2017,
反應性黑色紡織染料(適用於印花染色，紙箱包裝),12.9,kg,公斤(kg),Taiwan EPA,TW,Taiwan Local,2017,臺灣永光化學工業股份有限公司,1,反應性黑色紡織染料(適用於印花染色，紙箱包裝) kg 台灣 環保署,反應性黑色紡織染料(適用於印花染色，紙箱包裝) | kg | 12.9,1,MOENV CFP | Taiwan EPA,2017,檢索索引已合併同名、同單位、同係數的重複列；原始資料仍保留於 tier1_unified.csv。
反應性黑色紡織染料(適用於浸染、連續染色＆冷壓染色，紙箱包裝),14.5,kg,公斤(kg),Taiwan EPA,TW,Taiwan Local,2017,臺灣永光化學工業股份有限公司,1,反應性黑色紡織染料(適用於浸染、連續染色＆冷壓染色，紙箱包裝) kg 台灣 環保署,反應性黑色紡織染料(適用於浸染、連續染色＆冷壓染色，紙箱包裝) | kg | 14.5,1,MOENV CFP | Taiwan EPA,2017,檢索索引已合併同名、同單位、同係數的重複列；原始資料仍保留於 tier1_unified.csv。
苯並三唑紫外線吸收劑 (1噸塑膠方桶包裝),9.16,kg,公斤(kg),Taiwan EPA,TW,Taiwan Local,2017,臺灣永光化學工業股份有限公司,1,苯並三唑紫外線吸收劑 (1噸塑膠方桶包裝) kg 台灣 環保署,苯並三唑紫外線吸收劑 (1噸塑膠方桶包裝) | kg | 9.16,1,MOENV CFP | Taiwan EPA,2017,檢索索引已合併同名、同單位、同係數的重複列；原始資料仍保留於 tier1_unified.csv。
苯並三唑紫外線吸收劑 (20L塑膠桶包裝),9.34,kg,公斤(kg),Taiwan EPA,TW,Taiwan Local,2017,臺灣永光化學工業股份有限公司,1,苯並三唑紫外線吸收劑 (20L塑膠桶包裝) kg 台灣 環保署,苯並三唑紫外線吸收劑 (20L塑膠桶包裝) | kg | 9.34,1,MOENV CFP | Taiwan EPA,2017,檢索索引已合併同名、同單位、同係數的重複列；原始資料仍保留於 tier1_unified.csv。
苯並三唑紫外線吸收劑 (53gal鐵桶包裝),9.23,kg,公斤(kg),Taiwan EPA,TW,Taiwan Local,2017,臺灣永光化學工業股份有限公司,1,苯並三唑紫外線吸收劑 (53gal鐵桶包裝) kg 台灣 環保署,苯並三唑紫外線吸收劑 (53gal鐵桶包裝) | kg | 9.23,1,MOENV CFP | Taiwan EPA,2017,檢索索引已合併同名、同單位、同係數的重複列；原始資料仍保留於 tier1_unified.csv。
受阻胺光安定劑(1噸塑膠方桶包裝),5.33,kg,公斤(kg),Taiwan EPA,TW,Taiwan Local,2017,臺灣永光化學工業股份有限公司,1,受阻胺光安定劑(1噸塑膠方桶包裝) kg 台灣 環保署,受阻胺光安定劑(1噸塑膠方桶包裝) | kg | 5.33,1,MOENV CFP | Taiwan EPA,2017,檢索索引已合併同名、同單位、同係數的重複列；原始資料仍保留於 tier1_unified.csv。
受阻胺光安定劑 (20L塑膠桶包裝),5.51,kg,公斤(kg),Taiwan EPA,TW,Taiwan Local,2017,臺灣永光化學工業股份有限公司,1,受阻胺光安定劑 (20L塑膠桶包裝) kg 台灣 環保署,受阻胺光安定劑 (20L塑膠桶包裝) | kg | 5.51,1,MOENV CFP | Taiwan EPA,2017,檢索索引已合併同名、同單位、同係數的重複列；原始資料仍保留於 tier1_unified.csv。
受阻胺光安定劑 (53gal鐵桶包裝),5.4,kg,公斤(kg),Taiwan EPA,TW,Taiwan Local,2017,臺灣永光化學工業股份有限公司,1,受阻胺光安定劑 (53gal鐵桶包裝) kg 台灣 環保署,受阻胺光安定劑 (53gal鐵桶包裝) | kg | 5.4,1,MOENV CFP | Taiwan EPA,2017,檢索索引已合併同名、同單位、同係數的重複列；原始資料仍保留於 tier1_unified.csv。
早強預拌混凝土(420kgf/cm2，飛灰爐石粉替代率20％),431.0,m3,立方公尺(m3),Taiwan EPA,TW,Taiwan Local,2017,公路總局蘇花公路改善工程處,1,早強預拌混凝土(420kgf/cm2，飛灰爐石粉替代率20％) m3 台灣 環保署,早強預拌混凝土(420kgf/cm2，飛灰爐石粉替代率20％) | m3 | 431.0,1,MOENV CFP | Taiwan EPA,2017,檢索索引已合併同名、同單位、同係數的重複列；原始資料仍保留於 tier1_unified.csv。
水中混凝土(280kgf/cm2),275.0,m3,立方公尺(m3),Taiwan EPA,TW,Taiwan Local,2017,公路總局蘇花公路改善工程處,1,水中混凝土(280kgf/cm2) m3 台灣 環保署,水中混凝土(280kgf/cm2) | m3 | 275.0,1,MOENV CFP | Taiwan EPA,2017,檢索索引已合併同名、同單位、同係數的重複列；原始資料仍保留於 tier1_unified.csv。
水中混凝土(210kgf/cm2),242.0,m3,立方公尺(m3),Taiwan EPA,TW,Taiwan Local,2017,公路總局蘇花公路改善工程處,1,水中混凝土(210kgf/cm2) m3 台灣 環保署,水中混凝土(210kgf/cm2) | m3 | 242.0,1,MOENV CFP | Taiwan EPA,2017,檢索索引已合併同名、同單位、同係數的重複列；原始資料仍保留於 tier1_unified.csv。
預拌混凝土(420kgf/cm2),383.0,m3,立方公尺(m3),Taiwan EPA,TW,Taiwan Local,2017,公路總局蘇花公路改善工程處,1,預拌混凝土(420kgf/cm2) m3 台灣 環保署,預拌混凝土(420kgf/cm2) | m3 | 383.0,1,MOENV CFP | Taiwan EPA,2017,檢索索引已合併同名、同單位、同係數的重複列；原始資料仍保留於 tier1_unified.csv。
預拌混凝土(280kgf/cm2),263.0,m3,立方公尺(m3),Taiwan EPA,TW,Taiwan Local,2017,公路總局蘇花公路改善工程處,1,預拌混凝土(280kgf/cm2) m3 台灣 環保署,預拌混凝土(280kgf/cm2) | m3 | 263.0,1,MOENV CFP | Taiwan EPA,2017,檢索索引已合併同名、同單位、同係數的重複列；原始資料仍保留於 tier1_unified.csv。
預拌混凝土(245kgf/cm2，坍度50cm),252.0,m3,立方公尺(m3),Taiwan EPA,TW,Taiwan Local,2017,公路總局蘇花公路改善工程處,1,預拌混凝土(245kgf/cm2，坍度50cm) m3 台灣 環保署,預拌混凝土(245kgf/cm2，坍度50cm) | m3 | 252.0,1,MOENV CFP | Taiwan EPA,2017,檢索索引已合併同名、同單位、同係數的重複列；原始資料仍保留於 tier1_unified.csv。
預拌混凝土(245kgf/cm2，坍度15-17.5cm),244.0,m3,立方公尺(m3),Taiwan EPA,TW,Taiwan Local,2017,公路總局蘇花公路改善工程處,1,預拌混凝土(245kgf/cm2，坍度15-17.5cm) m3 台灣 環保署,預拌混凝土(245kgf/cm2，坍度15-17.5cm) | m3 | 244.0,1,MOENV CFP | Taiwan EPA,2017,檢索索引已合併同名、同單位、同係數的重複列；原始資料仍保留於 tier1_unified.csv。
預拌混凝土(210kgf/cm2),220.0,m3,立方公尺(m3),Taiwan EPA,TW,Taiwan Local,2017,公路總局蘇花公路改善工程處,1,預拌混凝土(210kgf/cm2) m3 台灣 環保署,預拌混凝土(210kgf/cm2) | m3 | 220.0,1,MOENV CFP | Taiwan EPA,2017,檢索索引已合併同名、同單位、同係數的重複列；原始資料仍保留於 tier1_unified.csv。
預拌混凝土(175kgf/cm2),194.0,m3,立方公尺(m3),Taiwan EPA,TW,Taiwan Local,2017,公路總局蘇花公路改善工程處,1,預拌混凝土(175kgf/cm2) m3 台灣 環保署,預拌混凝土(175kgf/cm2) | m3 | 194.0,1,MOENV CFP | Taiwan EPA,2017,檢索索引已合併同名、同單位、同係數的重複列；原始資料仍保留於 tier1_unified.csv。
預拌混凝土(140kgf/cm2),199.0,m3,立方公尺(m3),Taiwan EPA,TW,Taiwan Local,2017,公路總局蘇花公路改善工程處,1,預拌混凝土(140kgf/cm2) m3 台灣 環保署,預拌混凝土(140kgf/cm2) | m3 | 199.0,1,MOENV CFP | Taiwan EPA,2017,檢索索引已合併同名、同單位、同係數的重複列；原始資料仍保留於 tier1_unified.csv。
預拌混凝土(80kgf/cm2),207.0,m3,立方公尺(m3),Taiwan EPA,TW,Taiwan Local,2017,公路總局蘇花公路改善工程處,1,預拌混凝土(80kgf/cm2) m3 台灣 環保署,預拌混凝土(80kgf/cm2) | m3 | 207.0,1,MOENV CFP | Taiwan EPA,2017,檢索索引已合併同名、同單位、同係數的重複列；原始資料仍保留於 tier1_unified.csv。
水泥(不分型號),0.907,kg,公斤(kg),Taiwan EPA,TW,Taiwan Local,2017,公路總局蘇花公路改善工程處,1,水泥(不分型號) kg 台灣 環保署,水泥(不分型號) | kg | 0.907,1,MOENV CFP | Taiwan EPA,2017,檢索索引已合併同名、同單位、同係數的重複列；原始資料仍保留於 tier1_unified.csv。
水泥熟料,0.948,kg,公斤(kg),Taiwan EPA,TW,Taiwan Local,2017,公路總局蘇花公路改善工程處,1,水泥熟料 kg 台灣 環保署,水泥熟料 | kg | 0.948,0,Taiwan EPA,2017,
熱軋竹節鋼筋(不分型號),0.919,kg,公斤(kg),Taiwan EPA,TW,Taiwan Local,2017,公路總局蘇花公路改善工程處,1,熱軋竹節鋼筋(不分型號) kg 台灣 環保署,熱軋竹節鋼筋(不分型號) | kg | 0.919,1,MOENV CFP | Taiwan EPA,2017,檢索索引已合併同名、同單位、同係數的重複列；原始資料仍保留於 tier1_unified.csv。
鋼胚(電弧爐製程，不分型號),0.678,kg,公斤(kg),Taiwan EPA,TW,Taiwan Local,2017,公路總局蘇花公路改善工程處,1,鋼胚(電弧爐製程，不分型號) kg 台灣 環保署,鋼胚(電弧爐製程，不分型號) | kg | 0.678,1,MOENV CFP | Taiwan EPA,2017,檢索索引已合併同名、同單位、同係數的重複列；原始資料仍保留於 tier1_unified.csv。
航空貨物運輸服務,1.16,tkm,延噸公里(tkm),Taiwan EPA,TW,Taiwan Local,2017,環境部,1,航空貨物運輸服務 tkm 台灣 環保署,航空貨物運輸服務 | tkm | 1.16,0,Taiwan EPA,2017,
未漂白牛皮紙袋和麻袋用紙,1.24,kg,公斤(kg),Taiwan EPA,TW,Taiwan Local,2017,環境部,1,未漂白牛皮紙袋和麻袋用紙 kg 台灣 環保署,未漂白牛皮紙袋和麻袋用紙 | kg | 1.24,1,MOENV CFP | Taiwan EPA,2017,檢索索引已合併同名、同單位、同係數的重複列；原始資料仍保留於 tier1_unified.csv。
精鹽(食用鹽),0.17,kg,公斤(kg),Taiwan EPA,TW,Taiwan Local,2017,環境部,1,精鹽(食用鹽) kg 台灣 環保署,精鹽(食用鹽) | kg | 0.17,1,MOENV CFP | Taiwan EPA,2017,檢索索引已合併同名、同單位、同係數的重複列；原始資料仍保留於 tier1_unified.csv。
天然棉混紡紗,4.42,kg,公斤(kg),Taiwan EPA,TW,Taiwan Local,2017,環境部,1,天然棉混紡紗 kg 台灣 環保署,天然棉混紡紗 | kg | 4.42,1,MOENV CFP | Taiwan EPA,2017,檢索索引已合併同名、同單位、同係數的重複列；原始資料仍保留於 tier1_unified.csv。
聚酯纖維(短纖，直紡),5.0,kg,公斤(kg),Taiwan EPA,TW,Taiwan Local,2017,環境部,1,聚酯纖維(短纖，直紡) kg 台灣 環保署,聚酯纖維(短纖，直紡) | kg | 5.0,1,MOENV CFP | Taiwan EPA,2017,檢索索引已合併同名、同單位、同係數的重複列；原始資料仍保留於 tier1_unified.csv。
水梨,1.79,kg,公斤(kg),Taiwan EPA,TW,Taiwan Local,2017,宜蘭縣政府環境保護局,1,水梨 kg 台灣 環保署,水梨 | kg | 1.79,1,MOENV CFP | Taiwan EPA,2017,檢索索引已合併同名、同單位、同係數的重複列；原始資料仍保留於 tier1_unified.csv。
苯乙烯單體,2.17,kg,公斤(kg),Taiwan EPA,TW,Taiwan Local,2017,環境部,1,苯乙烯單體 kg 台灣 環保署,苯乙烯單體 | kg | 2.17,1,MOENV CFP | Taiwan EPA,2017,檢索索引已合併同名、同單位、同係數的重複列；原始資料仍保留於 tier1_unified.csv。
有機三星蔥,0.558,kg,公斤(kg),Taiwan EPA,TW,Taiwan Local,2017,宜蘭縣政府環境保護局,1,有機三星蔥 kg 台灣 環保署,有機三星蔥 | kg | 0.558,1,MOENV CFP | Taiwan EPA,2017,檢索索引已合併同名、同單位、同係數的重複列；原始資料仍保留於 tier1_unified.csv。
再生鋅合金錠,0.0403,kg,公斤(kg),Taiwan EPA,TW,Taiwan Local,2017,環境部,1,再生鋅合金錠 kg 台灣 環保署,再生鋅合金錠 | kg | 0.0403,1,MOENV CFP | Taiwan EPA,2017,檢索索引已合併同名、同單位、同係數的重複列；原始資料仍保留於 tier1_unified.csv。
紅茶,7.04,kg,公斤(kg),Taiwan EPA,TW,Taiwan Local,2017,宜蘭縣政府環境保護局,1,紅茶 kg 台灣 環保署,紅茶 | kg | 7.04,1,MOENV CFP | Taiwan EPA,2017,檢索索引已合併同名、同單位、同係數的重複列；原始資料仍保留於 tier1_unified.csv。
再生鋅錠,0.04,kg,公斤(kg),Taiwan EPA,TW,Taiwan Local,2017,環境部,1,再生鋅錠 kg 台灣 環保署,再生鋅錠 | kg | 0.04,1,MOENV CFP | Taiwan EPA,2017,檢索索引已合併同名、同單位、同係數的重複列；原始資料仍保留於 tier1_unified.csv。
合成橡膠乳液(SBR Latex),2.39,kg,公斤(kg),Taiwan EPA,TW,Taiwan Local,2017,環境部,1,合成橡膠乳液(SBR Latex) kg 台灣 環保署,合成橡膠乳液(SBR Latex) | kg | 2.39,1,MOENV CFP | Taiwan EPA,2017,檢索索引已合併同名、同單位、同係數的重複列；原始資料仍保留於 tier1_unified.csv。
合成橡膠乳液(NBR Latex),1.5,kg,公斤(kg),Taiwan EPA,TW,Taiwan Local,2017,環境部,1,合成橡膠乳液(NBR Latex) kg 台灣 環保署,合成橡膠乳液(NBR Latex) | kg | 1.5,1,MOENV CFP | Taiwan EPA,2017,檢索索引已合併同名、同單位、同係數的重複列；原始資料仍保留於 tier1_unified.csv。
丁腈橡膠,3.04,kg,公斤(kg),Taiwan EPA,TW,Taiwan Local,2017,環境部,1,丁腈橡膠 kg 台灣 環保署,丁腈橡膠 | kg | 3.04,0,Taiwan EPA,2017,
聚乙烯醇,3.67,kg,公斤(kg),Taiwan EPA,TW,Taiwan Local,2017,環境部,1,聚乙烯醇 kg 台灣 環保署,聚乙烯醇 | kg | 3.67,1,MOENV CFP | Taiwan EPA,2017,檢索索引已合併同名、同單位、同係數的重複列；原始資料仍保留於 tier1_unified.csv。
有機越光米,1.59,kg,公斤(kg),Taiwan EPA,TW,Taiwan Local,2017,宜蘭縣政府環境保護局,1,有機越光米 kg 台灣 環保署,有機越光米 | kg | 1.59,1,MOENV CFP | Taiwan EPA,2017,檢索索引已合併同名、同單位、同係數的重複列；原始資料仍保留於 tier1_unified.csv。
3.49噸多溫貨車服務(包含營業據點排放),1.66,tkm,延噸公里(tkm),Taiwan EPA,TW,Taiwan Local,2017,交通部運輸研究所,1,3.49噸多溫貨車服務(包含營業據點排放) tkm 台灣 環保署,3.49噸多溫貨車服務(包含營業據點排放) | tkm | 1.66,0,Taiwan EPA,2017,
氮氣,0.13,m3,立方公尺(m3),Taiwan EPA,TW,Taiwan Local,2017,環境部,1,氮氣 m3 台灣 環保署,氮氣 | m3 | 0.13,1,MOENV CFP | Taiwan EPA,2017,檢索索引已合併同名、同單位、同係數的重複列；原始資料仍保留於 tier1_unified.csv。
7.5~16噸低溫貨車服務(裝載率65％，包含營業據點排放),0.961,tkm,延噸公里(tkm),Taiwan EPA,TW,Taiwan Local,2017,交通部運輸研究所,1,7.5~16噸低溫貨車服務(裝載率65％，包含營業據點排放) tkm 台灣 環保署,7.5~16噸低溫貨車服務(裝載率65％，包含營業據點排放) | tkm | 0.961,0,Taiwan EPA,2017,
葵花油,5.78,kg,公斤(kg),Taiwan EPA,TW,Taiwan Local,2017,環境部,1,葵花油 kg 台灣 環保署,葵花油 | kg | 5.78,1,MOENV CFP | Taiwan EPA,2017,檢索索引已合併同名、同單位、同係數的重複列；原始資料仍保留於 tier1_unified.csv。
銅箔,12.4,kg,公斤(kg),Taiwan EPA,TW,Taiwan Local,2017,環境部,1,銅箔 kg 台灣 環保署,銅箔 | kg | 12.4,1,MOENV CFP | Taiwan EPA,2017,檢索索引已合併同名、同單位、同係數的重複列；原始資料仍保留於 tier1_unified.csv。
過磷酸鈣,0.847,kg,公斤(kg),Taiwan EPA,TW,Taiwan Local,2017,環境部,1,過磷酸鈣 kg 台灣 環保署,過磷酸鈣 | kg | 0.847,1,MOENV CFP | Taiwan EPA,2017,檢索索引已合併同名、同單位、同係數的重複列；原始資料仍保留於 tier1_unified.csv。
晶片電阻,170.0,kg,公斤(kg),Taiwan EPA,TW,Taiwan Local,2017,環境部,1,晶片電阻 kg 台灣 環保署,晶片電阻 | kg | 170.0,1,MOENV CFP | Taiwan EPA,2017,檢索索引已合併同名、同單位、同係數的重複列；原始資料仍保留於 tier1_unified.csv。
不鏽鋼盤元(不含酸洗與退火加工製程),1.42,kg,公斤(kg),Taiwan EPA,TW,Taiwan Local,2017,環境部,1,不鏽鋼盤元(不含酸洗與退火加工製程) kg 台灣 環保署,不鏽鋼盤元(不含酸洗與退火加工製程) | kg | 1.42,1,MOENV CFP | Taiwan EPA,2017,檢索索引已合併同名、同單位、同係數的重複列；原始資料仍保留於 tier1_unified.csv。
不鏽鋼盤元(含酸洗與退火加工製程),1.7,kg,公斤(kg),Taiwan EPA,TW,Taiwan Local,2017,環境部,1,不鏽鋼盤元(含酸洗與退火加工製程) kg 台灣 環保署,不鏽鋼盤元(含酸洗與退火加工製程) | kg | 1.7,1,MOENV CFP | Taiwan EPA,2017,檢索索引已合併同名、同單位、同係數的重複列；原始資料仍保留於 tier1_unified.csv。
3.5~7.4噸低溫貨車服務(裝載率69％，包含營業據點排放),0.959,tkm,延噸公里(tkm),Taiwan EPA,TW,Taiwan Local,2017,交通部運輸研究所,1,3.5~7.4噸低溫貨車服務(裝載率69％，包含營業據點排放) tkm 台灣 環保署,3.5~7.4噸低溫貨車服務(裝載率69％，包含營業據點排放) | tkm | 0.959,0,Taiwan EPA,2017,
3.5~7.4噸低溫貨車服務(裝載率41％，包含營業據點排放),1.15,tkm,延噸公里(tkm),Taiwan EPA,TW,Taiwan Local,2017,交通部運輸研究所,1,3.5~7.4噸低溫貨車服務(裝載率41％，包含營業據點排放) tkm 台灣 環保署,3.5~7.4噸低溫貨車服務(裝載率41％，包含營業據點排放) | tkm | 1.15,0,Taiwan EPA,2017,
3.49噸低溫貨車服務(裝載率77％，包含營業據點排放),1.55,tkm,延噸公里(tkm),Taiwan EPA,TW,Taiwan Local,2017,交通部運輸研究所,1,3.49噸低溫貨車服務(裝載率77％，包含營業據點排放) tkm 台灣 環保署,3.49噸低溫貨車服務(裝載率77％，包含營業據點排放) | tkm | 1.55,0,Taiwan EPA,2017,
3.49噸低溫貨車服務(裝載率32％，包含營業據點排放),2.71,tkm,延噸公里(tkm),Taiwan EPA,TW,Taiwan Local,2017,交通部運輸研究所,1,3.49噸低溫貨車服務(裝載率32％，包含營業據點排放) tkm 台灣 環保署,3.49噸低溫貨車服務(裝載率32％，包含營業據點排放) | tkm | 2.71,0,Taiwan EPA,2017,
7.5~16噸常溫貨車服務(裝載率80％，包含營業據點排放),0.276,tkm,延噸公里(tkm),Taiwan EPA,TW,Taiwan Local,2017,交通部運輸研究所,1,7.5~16噸常溫貨車服務(裝載率80％，包含營業據點排放) tkm 台灣 環保署,7.5~16噸常溫貨車服務(裝載率80％，包含營業據點排放) | tkm | 0.276,0,Taiwan EPA,2017,
煤油使用(2015),3.02,l,公升(L),Taiwan EPA,TW,Taiwan Local,2017,環境部,1,煤油使用(2015) l 台灣 環保署,煤油使用(2015) | l | 3.02,0,Taiwan EPA,2017,
3.5~7.4噸常溫貨車服務(裝載率82％，包含營業據點排放),0.316,tkm,延噸公里(tkm),Taiwan EPA,TW,Taiwan Local,2017,交通部運輸研究所,1,3.5~7.4噸常溫貨車服務(裝載率82％，包含營業據點排放) tkm 台灣 環保署,3.5~7.4噸常溫貨車服務(裝載率82％，包含營業據點排放) | tkm | 0.316,0,Taiwan EPA,2017,
3.49噸常溫貨車服務(裝載率84％，包含營業據點排放),0.833,tkm,延噸公里(tkm),Taiwan EPA,TW,Taiwan Local,2017,交通部運輸研究所,1,3.49噸常溫貨車服務(裝載率84％，包含營業據點排放) tkm 台灣 環保署,3.49噸常溫貨車服務(裝載率84％，包含營業據點排放) | tkm | 0.833,0,Taiwan EPA,2017,
3.49噸常溫貨車服務(裝載率31％，包含營業據點排放),2.18,tkm,延噸公里(tkm),Taiwan EPA,TW,Taiwan Local,2017,交通部運輸研究所,1,3.49噸常溫貨車服務(裝載率31％，包含營業據點排放) tkm 台灣 環保署,3.49噸常溫貨車服務(裝載率31％，包含營業據點排放) | tkm | 2.18,0,Taiwan EPA,2017,
液化石油氣(於固定源使用，2015),2.26,l,公升(L),Taiwan EPA,TW,Taiwan Local,2017,環境部,1,液化石油氣(於固定源使用，2015) l 台灣 環保署,液化石油氣(於固定源使用，2015) | l | 2.26,0,Taiwan EPA,2017,
天然氣(於固定源使用，2015),2.61,m3,立方公尺(m3),Taiwan EPA,TW,Taiwan Local,2017,環境部,1,天然氣(於固定源使用，2015) m3 台灣 環保署,天然氣(於固定源使用，2015) | m3 | 2.61,1,MOENV CFP | Taiwan EPA,2017,檢索索引已合併同名、同單位、同係數的重複列；原始資料仍保留於 tier1_unified.csv。
異丁醇,2.82,kg,公斤(kg),Taiwan EPA,TW,Taiwan Local,2017,經濟部工業局,1,異丁醇 kg 台灣 環保署,異丁醇 | kg | 2.82,1,MOENV CFP | Taiwan EPA,2017,檢索索引已合併同名、同單位、同係數的重複列；原始資料仍保留於 tier1_unified.csv。
1-丁醇,2.93,kg,公斤(kg),Taiwan EPA,TW,Taiwan Local,2017,經濟部工業局,1,1-丁醇 kg 台灣 環保署,1-丁醇 | kg | 2.93,1,MOENV CFP | Taiwan EPA,2017,檢索索引已合併同名、同單位、同係數的重複列；原始資料仍保留於 tier1_unified.csv。
重鉻酸鉀,4.09,kg,公斤(kg),Taiwan EPA,TW,Taiwan Local,2017,經濟部工業局,1,重鉻酸鉀 kg 台灣 環保署,重鉻酸鉀 | kg | 4.09,1,MOENV CFP | Taiwan EPA,2017,檢索索引已合併同名、同單位、同係數的重複列；原始資料仍保留於 tier1_unified.csv。
車用汽油(於移動源使用，2015),3.1,l,公升(L),Taiwan EPA,TW,Taiwan Local,2017,環境部,1,車用汽油(於移動源使用，2015) l 台灣 環保署,車用汽油(於移動源使用，2015) | l | 3.1,0,Taiwan EPA,2017,
未精煉銅(供電解法精煉用之陽極銅),7.59,kg,公斤(kg),Taiwan EPA,TW,Taiwan Local,2017,經濟部工業局,1,未精煉銅(供電解法精煉用之陽極銅) kg 台灣 環保署,未精煉銅(供電解法精煉用之陽極銅) | kg | 7.59,1,MOENV CFP | Taiwan EPA,2017,檢索索引已合併同名、同單位、同係數的重複列；原始資料仍保留於 tier1_unified.csv。
聚乙二醇(PEG),1.75,kg,公斤(kg),Taiwan EPA,TW,Taiwan Local,2017,經濟部工業局,1,聚乙二醇(PEG) kg 台灣 環保署,聚乙二醇(PEG) | kg | 1.75,1,MOENV CFP | Taiwan EPA,2017,檢索索引已合併同名、同單位、同係數的重複列；原始資料仍保留於 tier1_unified.csv。
丁二醇,6.29,kg,公斤(kg),Taiwan EPA,TW,Taiwan Local,2017,經濟部工業局,1,丁二醇 kg 台灣 環保署,丁二醇 | kg | 6.29,1,MOENV CFP | Taiwan EPA,2017,檢索索引已合併同名、同單位、同係數的重複列；原始資料仍保留於 tier1_unified.csv。
乙酸酐,2.69,kg,公斤(kg),Taiwan EPA,TW,Taiwan Local,2017,經濟部工業局,1,乙酸酐 kg 台灣 環保署,乙酸酐 | kg | 2.69,1,MOENV CFP | Taiwan EPA,2017,檢索索引已合併同名、同單位、同係數的重複列；原始資料仍保留於 tier1_unified.csv。
車用汽油(於固定源使用，2015),3.02,l,公升(L),Taiwan EPA,TW,Taiwan Local,2017,環境部,1,車用汽油(於固定源使用，2015) l 台灣 環保署,車用汽油(於固定源使用，2015) | l | 3.02,0,Taiwan EPA,2017,
不飽和聚酯樹脂,5.5,kg,公斤(kg),Taiwan EPA,TW,Taiwan Local,2017,經濟部工業局,1,不飽和聚酯樹脂 kg 台灣 環保署,不飽和聚酯樹脂 | kg | 5.5,0,Taiwan EPA,2017,
聚對苯二甲酸丁二酯(PBT),2.6,kg,公斤(kg),Taiwan EPA,TW,Taiwan Local,2017,經濟部工業局,1,聚對苯二甲酸丁二酯(PBT) kg 台灣 環保署,聚對苯二甲酸丁二酯(PBT) | kg | 2.6,1,MOENV CFP | Taiwan EPA,2017,檢索索引已合併同名、同單位、同係數的重複列；原始資料仍保留於 tier1_unified.csv。
矽酸鈉,1.0,kg,公斤(kg),Taiwan EPA,TW,Taiwan Local,2017,經濟部工業局,1,矽酸鈉 kg 台灣 環保署,矽酸鈉 | kg | 1.0,1,MOENV CFP | Taiwan EPA,2017,檢索索引已合併同名、同單位、同係數的重複列；原始資料仍保留於 tier1_unified.csv。
氫氧化鋁,1.05,kg,公斤(kg),Taiwan EPA,TW,Taiwan Local,2017,經濟部工業局,1,氫氧化鋁 kg 台灣 環保署,氫氧化鋁 | kg | 1.05,1,MOENV CFP | Taiwan EPA,2017,檢索索引已合併同名、同單位、同係數的重複列；原始資料仍保留於 tier1_unified.csv。
車用汽油(未燃燒，2015),0.671,l,公升(L),Taiwan EPA,TW,Taiwan Local,2017,環境部,1,車用汽油(未燃燒，2015) l 台灣 環保署,車用汽油(未燃燒，2015) | l | 0.671,0,Taiwan EPA,2017,
錳(未經塑性加工),6.98,kg,公斤(kg),Taiwan EPA,TW,Taiwan Local,2017,經濟部工業局,1,錳(未經塑性加工) kg 台灣 環保署,錳(未經塑性加工) | kg | 6.98,1,MOENV CFP | Taiwan EPA,2017,檢索索引已合併同名、同單位、同係數的重複列；原始資料仍保留於 tier1_unified.csv。
乙二酸,4.34,kg,公斤(kg),Taiwan EPA,TW,Taiwan Local,2017,經濟部工業局,1,乙二酸 kg 台灣 環保署,乙二酸 | kg | 4.34,1,MOENV CFP | Taiwan EPA,2017,檢索索引已合併同名、同單位、同係數的重複列；原始資料仍保留於 tier1_unified.csv。
銀(未鍛造),31.9,kg,公斤(kg),Taiwan EPA,TW,Taiwan Local,2017,經濟部工業局,1,銀(未鍛造) kg 台灣 環保署,銀(未鍛造) | kg | 31.9,1,MOENV CFP | Taiwan EPA,2017,檢索索引已合併同名、同單位、同係數的重複列；原始資料仍保留於 tier1_unified.csv。
天然橡膠(乳膠),2.71,kg,公斤(kg),Taiwan EPA,TW,Taiwan Local,2017,經濟部工業局,1,天然橡膠(乳膠) kg 台灣 環保署,天然橡膠(乳膠) | kg | 2.71,1,MOENV CFP | Taiwan EPA,2017,檢索索引已合併同名、同單位、同係數的重複列；原始資料仍保留於 tier1_unified.csv。
柴油(於移動源使用，2015),3.48,l,公升(L),Taiwan EPA,TW,Taiwan Local,2017,環境部,1,柴油(於移動源使用，2015) l 台灣 環保署,柴油(於移動源使用，2015) | l | 3.48,0,Taiwan EPA,2017,
柴油(於固定源使用，2015),3.45,l,公升(L),Taiwan EPA,TW,Taiwan Local,2017,環境部,1,柴油(於固定源使用，2015) l 台灣 環保署,柴油(於固定源使用，2015) | l | 3.45,0,Taiwan EPA,2017,
柴油(未燃燒，2015),0.752,l,公升(L),Taiwan EPA,TW,Taiwan Local,2017,環境部,1,柴油(未燃燒，2015) l 台灣 環保署,柴油(未燃燒，2015) | l | 0.752,0,Taiwan EPA,2017,
燃料油使用(蒸餘油/重油使用，2015),4.0,l,公升(L),Taiwan EPA,TW,Taiwan Local,2017,環境部,1,燃料油使用(蒸餘油/重油使用，2015) l 台灣 環保署,燃料油使用(蒸餘油/重油使用，2015) | l | 4.0,0,Taiwan EPA,2017,
電力碳足跡(2015),0.654,kwh,度(kwh),Taiwan EPA,TW,Taiwan Local,2017,環境部,1,電力碳足跡(2015) kwh 台灣 環保署,電力碳足跡(2015) | kwh | 0.654,1,MOENV CFP | Taiwan EPA,2017,檢索索引已合併同名、同單位、同係數的重複列；原始資料仍保留於 tier1_unified.csv。
黑麻油(500 ml),2.53,瓶,瓶,Taiwan EPA,TW,Taiwan Local,2016,台南市政府環境保護局,1,黑麻油(500 ml) 瓶 台灣 環保署,黑麻油(500 ml) | 瓶 | 2.53,1,MOENV CFP | Taiwan EPA,2016,檢索索引已合併同名、同單位、同係數的重複列；原始資料仍保留於 tier1_unified.csv。
黑麻油(300 ml),1.38,瓶,瓶,Taiwan EPA,TW,Taiwan Local,2016,台南市政府環境保護局,1,黑麻油(300 ml) 瓶 台灣 環保署,黑麻油(300 ml) | 瓶 | 1.38,1,MOENV CFP | Taiwan EPA,2016,檢索索引已合併同名、同單位、同係數的重複列；原始資料仍保留於 tier1_unified.csv。
清麻油(500 ml),2.54,瓶,瓶,Taiwan EPA,TW,Taiwan Local,2016,台南市政府環境保護局,1,清麻油(500 ml) 瓶 台灣 環保署,清麻油(500 ml) | 瓶 | 2.54,1,MOENV CFP | Taiwan EPA,2016,檢索索引已合併同名、同單位、同係數的重複列；原始資料仍保留於 tier1_unified.csv。
清麻油(300 ml),1.38,瓶,瓶,Taiwan EPA,TW,Taiwan Local,2016,台南市政府環境保護局,1,清麻油(300 ml) 瓶 台灣 環保署,清麻油(300 ml) | 瓶 | 1.38,1,MOENV CFP | Taiwan EPA,2016,檢索索引已合併同名、同單位、同係數的重複列；原始資料仍保留於 tier1_unified.csv。
芝麻粉,2.58,罐,罐,Taiwan EPA,TW,Taiwan Local,2016,台南市政府環境保護局,1,芝麻粉 罐 台灣 環保署,芝麻粉 | 罐 | 2.58,1,MOENV CFP | Taiwan EPA,2016,檢索索引已合併同名、同單位、同係數的重複列；原始資料仍保留於 tier1_unified.csv。
素火腿,2.37,條,條,Taiwan EPA,TW,Taiwan Local,2016,台南市政府環境保護局,1,素火腿 條 台灣 環保署,素火腿 | 條 | 2.37,1,MOENV CFP | Taiwan EPA,2016,檢索索引已合併同名、同單位、同係數的重複列；原始資料仍保留於 tier1_unified.csv。
煙燻素火腿,2.59,條,條,Taiwan EPA,TW,Taiwan Local,2016,台南市政府環境保護局,1,煙燻素火腿 條 台灣 環保署,煙燻素火腿 | 條 | 2.59,1,MOENV CFP | Taiwan EPA,2016,檢索索引已合併同名、同單位、同係數的重複列；原始資料仍保留於 tier1_unified.csv。
猴頭菇素火腿,2.43,條,條,Taiwan EPA,TW,Taiwan Local,2016,台南市政府環境保護局,1,猴頭菇素火腿 條 台灣 環保署,猴頭菇素火腿 | 條 | 2.43,1,MOENV CFP | Taiwan EPA,2016,檢索索引已合併同名、同單位、同係數的重複列；原始資料仍保留於 tier1_unified.csv。
微藻素火腿,2.49,條,條,Taiwan EPA,TW,Taiwan Local,2016,台南市政府環境保護局,1,微藻素火腿 條 台灣 環保署,微藻素火腿 | 條 | 2.49,1,MOENV CFP | Taiwan EPA,2016,檢索索引已合併同名、同單位、同係數的重複列；原始資料仍保留於 tier1_unified.csv。
鎂錠,28.7,kg,公斤(kg),Taiwan EPA,TW,Taiwan Local,2016,經濟部工業局,1,鎂錠 kg 台灣 環保署,鎂錠 | kg | 28.7,1,MOENV CFP | Taiwan EPA,2016,檢索索引已合併同名、同單位、同係數的重複列；原始資料仍保留於 tier1_unified.csv。
氯苯,3.87,kg,公斤(kg),Taiwan EPA,TW,Taiwan Local,2016,經濟部工業局,1,氯苯 kg 台灣 環保署,氯苯 | kg | 3.87,1,MOENV CFP | Taiwan EPA,2016,檢索索引已合併同名、同單位、同係數的重複列；原始資料仍保留於 tier1_unified.csv。
碳酸鈉,1.9,kg,公斤(kg),Taiwan EPA,TW,Taiwan Local,2016,經濟部工業局,1,碳酸鈉 kg 台灣 環保署,碳酸鈉 | kg | 1.9,1,MOENV CFP | Taiwan EPA,2016,檢索索引已合併同名、同單位、同係數的重複列；原始資料仍保留於 tier1_unified.csv。
氯化鈉,0.44,kg,公斤(kg),Taiwan EPA,TW,Taiwan Local,2016,經濟部工業局,1,氯化鈉 kg 台灣 環保署,氯化鈉 | kg | 0.44,1,MOENV CFP | Taiwan EPA,2016,檢索索引已合併同名、同單位、同係數的重複列；原始資料仍保留於 tier1_unified.csv。
電解銅(陰極及陰極型精鍊銅-未經塑性加工),3.87,kg,公斤(kg),Taiwan EPA,TW,Taiwan Local,2016,經濟部工業局,1,電解銅(陰極及陰極型精鍊銅-未經塑性加工) kg 台灣 環保署,電解銅(陰極及陰極型精鍊銅-未經塑性加工) | kg | 3.87,1,MOENV CFP | Taiwan EPA,2016,檢索索引已合併同名、同單位、同係數的重複列；原始資料仍保留於 tier1_unified.csv。
鉛(精鍊，未鍛造),1.7,kg,公斤(kg),Taiwan EPA,TW,Taiwan Local,2016,經濟部工業局,1,鉛(精鍊，未鍛造) kg 台灣 環保署,鉛(精鍊，未鍛造) | kg | 1.7,1,MOENV CFP | Taiwan EPA,2016,檢索索引已合併同名、同單位、同係數的重複列；原始資料仍保留於 tier1_unified.csv。
乙二胺,6.18,kg,公斤(kg),Taiwan EPA,TW,Taiwan Local,2016,經濟部工業局,1,乙二胺 kg 台灣 環保署,乙二胺 | kg | 6.18,1,MOENV CFP | Taiwan EPA,2016,檢索索引已合併同名、同單位、同係數的重複列；原始資料仍保留於 tier1_unified.csv。
木漿(針葉樹化學木漿-半漂白或已漂白),0.93,kg,公斤(kg),Taiwan EPA,TW,Taiwan Local,2016,經濟部工業局,1,木漿(針葉樹化學木漿-半漂白或已漂白) kg 台灣 環保署,木漿(針葉樹化學木漿-半漂白或已漂白) | kg | 0.93,1,MOENV CFP | Taiwan EPA,2016,檢索索引已合併同名、同單位、同係數的重複列；原始資料仍保留於 tier1_unified.csv。
硝酸鈉 (非肥料用),3.22,kg,公斤(kg),Taiwan EPA,TW,Taiwan Local,2016,經濟部工業局,1,硝酸鈉 (非肥料用) kg 台灣 環保署,硝酸鈉 (非肥料用) | kg | 3.22,1,MOENV CFP | Taiwan EPA,2016,檢索索引已合併同名、同單位、同係數的重複列；原始資料仍保留於 tier1_unified.csv。
氬氣,0.3,kg,公斤(kg),Taiwan EPA,TW,Taiwan Local,2016,經濟部工業局,1,氬氣 kg 台灣 環保署,氬氣 | kg | 0.3,1,MOENV CFP | Taiwan EPA,2016,檢索索引已合併同名、同單位、同係數的重複列；原始資料仍保留於 tier1_unified.csv。
丙烯醯胺,2.32,kg,公斤(kg),Taiwan EPA,TW,Taiwan Local,2016,經濟部工業局,1,丙烯醯胺 kg 台灣 環保署,丙烯醯胺 | kg | 2.32,1,MOENV CFP | Taiwan EPA,2016,檢索索引已合併同名、同單位、同係數的重複列；原始資料仍保留於 tier1_unified.csv。
乙二醇丁醚,1.91,kg,公斤(kg),Taiwan EPA,TW,Taiwan Local,2016,經濟部工業局,1,乙二醇丁醚 kg 台灣 環保署,乙二醇丁醚 | kg | 1.91,1,MOENV CFP | Taiwan EPA,2016,檢索索引已合併同名、同單位、同係數的重複列；原始資料仍保留於 tier1_unified.csv。
丙三醇,2.16,kg,公斤(kg),Taiwan EPA,TW,Taiwan Local,2016,經濟部工業局,1,丙三醇 kg 台灣 環保署,丙三醇 | kg | 2.16,1,MOENV CFP | Taiwan EPA,2016,檢索索引已合併同名、同單位、同係數的重複列；原始資料仍保留於 tier1_unified.csv。
硝酸銨鈣(肥料用),1.8,kg,公斤(kg),Taiwan EPA,TW,Taiwan Local,2016,經濟部工業局,1,硝酸銨鈣(肥料用) kg 台灣 環保署,硝酸銨鈣(肥料用) | kg | 1.8,1,MOENV CFP | Taiwan EPA,2016,檢索索引已合併同名、同單位、同係數的重複列；原始資料仍保留於 tier1_unified.csv。
3馬力磁力驅動無軸封泵浦(不含馬達),94.75,台,台,Taiwan EPA,TW,Taiwan Local,2016,協磁股份有限公司,1,3馬力磁力驅動無軸封泵浦(不含馬達) 台 台灣 環保署,3馬力磁力驅動無軸封泵浦(不含馬達) | 台 | 94.75,1,MOENV CFP | Taiwan EPA,2016,檢索索引已合併同名、同單位、同係數的重複列；原始資料仍保留於 tier1_unified.csv。
1馬力磁力驅動無軸封泵浦(不含馬達),78.01,台,台,Taiwan EPA,TW,Taiwan Local,2016,協磁股份有限公司,1,1馬力磁力驅動無軸封泵浦(不含馬達) 台 台灣 環保署,1馬力磁力驅動無軸封泵浦(不含馬達) | 台 | 78.01,1,MOENV CFP | Taiwan EPA,2016,檢索索引已合併同名、同單位、同係數的重複列；原始資料仍保留於 tier1_unified.csv。
苯胺,5.19,kg,公斤(kg),Taiwan EPA,TW,Taiwan Local,2016,經濟部工業局,1,苯胺 kg 台灣 環保署,苯胺 | kg | 5.19,1,MOENV CFP | Taiwan EPA,2016,檢索索引已合併同名、同單位、同係數的重複列；原始資料仍保留於 tier1_unified.csv。
沐浴乳(30ml，瓶裝包裝),0.115,罐,罐,Taiwan EPA,TW,Taiwan Local,2016,環境部,1,沐浴乳(30ml，瓶裝包裝) 罐 台灣 環保署,沐浴乳(30ml，瓶裝包裝) | 罐 | 0.115,1,MOENV CFP | Taiwan EPA,2016,檢索索引已合併同名、同單位、同係數的重複列；原始資料仍保留於 tier1_unified.csv。
沐浴乳(30ml，軟管包裝),0.115,罐,罐,Taiwan EPA,TW,Taiwan Local,2016,環境部,1,沐浴乳(30ml，軟管包裝) 罐 台灣 環保署,沐浴乳(30ml，軟管包裝) | 罐 | 0.115,1,MOENV CFP | Taiwan EPA,2016,檢索索引已合併同名、同單位、同係數的重複列；原始資料仍保留於 tier1_unified.csv。
沐浴乳(15ml，鋁箔包裝),0.0571,包,包,Taiwan EPA,TW,Taiwan Local,2016,環境部,1,沐浴乳(15ml，鋁箔包裝) 包 台灣 環保署,沐浴乳(15ml，鋁箔包裝) | 包 | 0.0571,1,MOENV CFP | Taiwan EPA,2016,檢索索引已合併同名、同單位、同係數的重複列；原始資料仍保留於 tier1_unified.csv。
沐浴乳,1.8,l,公升(L),Taiwan EPA,TW,Taiwan Local,2016,環境部,1,沐浴乳 l 台灣 環保署,沐浴乳 | l | 1.8,0,Taiwan EPA,2016,
筆記型電腦(11.6吋),81.0,台,台,Taiwan EPA,TW,Taiwan Local,2016,環境部、宏碁股份有限公司、廣達電腦股份有限公司,1,筆記型電腦(11.6吋) 台 台灣 環保署,筆記型電腦(11.6吋) | 台 | 81.0,1,MOENV CFP | Taiwan EPA,2016,檢索索引已合併同名、同單位、同係數的重複列；原始資料仍保留於 tier1_unified.csv。
金牌台灣啤酒(600 ml，紙箱12瓶裝),9.48,箱,箱,Taiwan EPA,TW,Taiwan Local,2016,環境部、台灣菸酒股份有限公司善化啤酒廠、中華航空公司,1,金牌台灣啤酒(600 ml，紙箱12瓶裝) 箱 台灣 環保署,金牌台灣啤酒(600 ml，紙箱12瓶裝) | 箱 | 9.48,1,MOENV CFP | Taiwan EPA,2016,檢索索引已合併同名、同單位、同係數的重複列；原始資料仍保留於 tier1_unified.csv。
金牌台灣啤酒(600 ml，紙箱12瓶裝),0.4,瓶,瓶,Taiwan EPA,TW,Taiwan Local,2016,環境部、台灣菸酒股份有限公司善化啤酒廠、中華航空公司,1,金牌台灣啤酒(600 ml，紙箱12瓶裝) 瓶 台灣 環保署,金牌台灣啤酒(600 ml，紙箱12瓶裝) | 瓶 | 0.4,1,MOENV CFP | Taiwan EPA,2016,檢索索引已合併同名、同單位、同係數的重複列；原始資料仍保留於 tier1_unified.csv。
金牌台灣啤酒(500 ml ，紙箱24罐裝),7.88,箱,箱,Taiwan EPA,TW,Taiwan Local,2016,環境部、台灣菸酒股份有限公司善化啤酒廠、中華航空公司,1,金牌台灣啤酒(500 ml ，紙箱24罐裝) 箱 台灣 環保署,金牌台灣啤酒(500 ml ，紙箱24罐裝) | 箱 | 7.88,1,MOENV CFP | Taiwan EPA,2016,檢索索引已合併同名、同單位、同係數的重複列；原始資料仍保留於 tier1_unified.csv。
金牌台灣啤酒(500 ml，紙箱24罐裝),0.33,罐,罐,Taiwan EPA,TW,Taiwan Local,2016,環境部、台灣菸酒股份有限公司善化啤酒廠、中華航空公司,1,金牌台灣啤酒(500 ml，紙箱24罐裝) 罐 台灣 環保署,金牌台灣啤酒(500 ml，紙箱24罐裝) | 罐 | 0.33,1,MOENV CFP | Taiwan EPA,2016,檢索索引已合併同名、同單位、同係數的重複列；原始資料仍保留於 tier1_unified.csv。
金牌台灣啤酒(330 ml，紙箱24罐裝),5.3,箱,箱,Taiwan EPA,TW,Taiwan Local,2016,環境部、台灣菸酒股份有限公司善化啤酒廠、中華航空公司,1,金牌台灣啤酒(330 ml，紙箱24罐裝) 箱 台灣 環保署,金牌台灣啤酒(330 ml，紙箱24罐裝) | 箱 | 5.3,1,MOENV CFP | Taiwan EPA,2016,檢索索引已合併同名、同單位、同係數的重複列；原始資料仍保留於 tier1_unified.csv。
金牌台灣啤酒(330 ml，紙箱24罐裝),0.22,罐,罐,Taiwan EPA,TW,Taiwan Local,2016,環境部、台灣菸酒股份有限公司善化啤酒廠、中華航空公司,1,金牌台灣啤酒(330 ml，紙箱24罐裝) 罐 台灣 環保署,金牌台灣啤酒(330 ml，紙箱24罐裝) | 罐 | 0.22,1,MOENV CFP | Taiwan EPA,2016,檢索索引已合併同名、同單位、同係數的重複列；原始資料仍保留於 tier1_unified.csv。
金牌台灣啤酒(330 ml，收縮膜6罐裝),1.33,組,組,Taiwan EPA,TW,Taiwan Local,2016,環境部、台灣菸酒股份有限公司善化啤酒廠、中華航空公司,1,金牌台灣啤酒(330 ml，收縮膜6罐裝) 組 台灣 環保署,金牌台灣啤酒(330 ml，收縮膜6罐裝) | 組 | 1.33,1,MOENV CFP | Taiwan EPA,2016,檢索索引已合併同名、同單位、同係數的重複列；原始資料仍保留於 tier1_unified.csv。
金牌台灣啤酒(330 ml，收縮膜6罐裝),0.22,罐,罐,Taiwan EPA,TW,Taiwan Local,2016,環境部、台灣菸酒股份有限公司善化啤酒廠、中華航空公司,1,金牌台灣啤酒(330 ml，收縮膜6罐裝) 罐 台灣 環保署,金牌台灣啤酒(330 ml，收縮膜6罐裝) | 罐 | 0.22,1,MOENV CFP | Taiwan EPA,2016,檢索索引已合併同名、同單位、同係數的重複列；原始資料仍保留於 tier1_unified.csv。
經典台灣啤酒(600 ml，玻璃瓶裝),0.33,瓶,瓶,Taiwan EPA,TW,Taiwan Local,2016,環境部、台灣菸酒股份有限公司善化啤酒廠、中華航空公司,1,經典台灣啤酒(600 ml，玻璃瓶裝) 瓶 台灣 環保署,經典台灣啤酒(600 ml，玻璃瓶裝) | 瓶 | 0.33,1,MOENV CFP | Taiwan EPA,2016,檢索索引已合併同名、同單位、同係數的重複列；原始資料仍保留於 tier1_unified.csv。
經典台灣啤酒(500 ml，紙箱24罐裝),7.64,箱,箱,Taiwan EPA,TW,Taiwan Local,2016,環境部、台灣菸酒股份有限公司善化啤酒廠、中華航空公司,1,經典台灣啤酒(500 ml，紙箱24罐裝) 箱 台灣 環保署,經典台灣啤酒(500 ml，紙箱24罐裝) | 箱 | 7.64,1,MOENV CFP | Taiwan EPA,2016,檢索索引已合併同名、同單位、同係數的重複列；原始資料仍保留於 tier1_unified.csv。
經典台灣啤酒(500 ml，紙箱24罐裝),0.32,罐,罐,Taiwan EPA,TW,Taiwan Local,2016,環境部、台灣菸酒股份有限公司善化啤酒廠、中華航空公司,1,經典台灣啤酒(500 ml，紙箱24罐裝) 罐 台灣 環保署,經典台灣啤酒(500 ml，紙箱24罐裝) | 罐 | 0.32,1,MOENV CFP | Taiwan EPA,2016,檢索索引已合併同名、同單位、同係數的重複列；原始資料仍保留於 tier1_unified.csv。
經典台灣啤酒(330 ml，紙箱24罐裝),5.14,箱,箱,Taiwan EPA,TW,Taiwan Local,2016,環境部、台灣菸酒股份有限公司善化啤酒廠、中華航空公司,1,經典台灣啤酒(330 ml，紙箱24罐裝) 箱 台灣 環保署,經典台灣啤酒(330 ml，紙箱24罐裝) | 箱 | 5.14,1,MOENV CFP | Taiwan EPA,2016,檢索索引已合併同名、同單位、同係數的重複列；原始資料仍保留於 tier1_unified.csv。
經典台灣啤酒(330 ml，紙箱24罐裝),0.21,罐,罐,Taiwan EPA,TW,Taiwan Local,2016,環境部、台灣菸酒股份有限公司善化啤酒廠、中華航空公司,1,經典台灣啤酒(330 ml，紙箱24罐裝) 罐 台灣 環保署,經典台灣啤酒(330 ml，紙箱24罐裝) | 罐 | 0.21,1,MOENV CFP | Taiwan EPA,2016,檢索索引已合併同名、同單位、同係數的重複列；原始資料仍保留於 tier1_unified.csv。
經典台灣啤酒(330 ml，收縮膜6罐裝),1.29,組,組,Taiwan EPA,TW,Taiwan Local,2016,環境部、台灣菸酒股份有限公司善化啤酒廠、中華航空公司,1,經典台灣啤酒(330 ml，收縮膜6罐裝) 組 台灣 環保署,經典台灣啤酒(330 ml，收縮膜6罐裝) | 組 | 1.29,1,MOENV CFP | Taiwan EPA,2016,檢索索引已合併同名、同單位、同係數的重複列；原始資料仍保留於 tier1_unified.csv。
經典台灣啤酒 (330 ml，收縮膜6罐裝),0.21,罐,罐,Taiwan EPA,TW,Taiwan Local,2016,環境部、台灣菸酒股份有限公司善化啤酒廠、中華航空公司,1,經典台灣啤酒 (330 ml，收縮膜6罐裝) 罐 台灣 環保署,經典台灣啤酒 (330 ml，收縮膜6罐裝) | 罐 | 0.21,1,MOENV CFP | Taiwan EPA,2016,檢索索引已合併同名、同單位、同係數的重複列；原始資料仍保留於 tier1_unified.csv。
L (低碳鋼)級不銹鋼焊接管,7.48,kg,公斤(kg),Taiwan EPA,TW,Taiwan Local,2016,環境部,1,L (低碳鋼)級不銹鋼焊接管 kg 台灣 環保署,L (低碳鋼)級不銹鋼焊接管 | kg | 7.48,1,MOENV CFP | Taiwan EPA,2016,檢索索引已合併同名、同單位、同係數的重複列；原始資料仍保留於 tier1_unified.csv。
風力發電機組發電(1500KW，2014),0.00395,kwh,度(kwh),Taiwan EPA,TW,Taiwan Local,2016,經濟部能源局、台電公司再生能源處運維組,1,風力發電機組發電(1500KW，2014) kwh 台灣 環保署,風力發電機組發電(1500KW，2014) | kwh | 0.00395,1,MOENV CFP | Taiwan EPA,2016,檢索索引已合併同名、同單位、同係數的重複列；原始資料仍保留於 tier1_unified.csv。
太陽光電模組發電(10KW，2014),0.00998,kwh,度(kwh),Taiwan EPA,TW,Taiwan Local,2016,經濟部能源局、陽光屋頂百萬座計畫推動辦公室,1,太陽光電模組發電(10KW，2014) kwh 台灣 環保署,太陽光電模組發電(10KW，2014) | kwh | 0.00998,1,MOENV CFP | Taiwan EPA,2016,檢索索引已合併同名、同單位、同係數的重複列；原始資料仍保留於 tier1_unified.csv。
台灣鯛,2.29,kg,公斤(kg),Taiwan EPA,TW,Taiwan Local,2016,衛生福利部食品藥物管理署,1,台灣鯛 kg 台灣 環保署,台灣鯛 | kg | 2.29,1,MOENV CFP | Taiwan EPA,2016,檢索索引已合併同名、同單位、同係數的重複列；原始資料仍保留於 tier1_unified.csv。
麵粉,0.531,kg,公斤(kg),Taiwan EPA,TW,Taiwan Local,2016,衛生福利部食品藥物管理署,1,麵粉 kg 台灣 環保署,麵粉 | kg | 0.531,1,MOENV CFP | Taiwan EPA,2016,檢索索引已合併同名、同單位、同係數的重複列；原始資料仍保留於 tier1_unified.csv。
番茄醬,6.48,罐,罐,Taiwan EPA,TW,Taiwan Local,2016,衛生福利部食品藥物管理署,1,番茄醬 罐 台灣 環保署,番茄醬 | 罐 | 6.48,1,MOENV CFP | Taiwan EPA,2016,檢索索引已合併同名、同單位、同係數的重複列；原始資料仍保留於 tier1_unified.csv。
PVC膠帶,0.935,卷,卷,Taiwan EPA,TW,Taiwan Local,2016,地球綜合工業股份有限公司,1,PVC膠帶 卷 台灣 環保署,PVC膠帶 | 卷 | 0.935,1,MOENV CFP | Taiwan EPA,2016,檢索索引已合併同名、同單位、同係數的重複列；原始資料仍保留於 tier1_unified.csv。
PVC膠帶,1.62,m2,平方公尺(m2),Taiwan EPA,TW,Taiwan Local,2016,地球綜合工業股份有限公司,1,PVC膠帶 m2 台灣 環保署,PVC膠帶 | m2 | 1.62,1,MOENV CFP | Taiwan EPA,2016,檢索索引已合併同名、同單位、同係數的重複列；原始資料仍保留於 tier1_unified.csv。
OPP膠帶,0.648,卷,卷,Taiwan EPA,TW,Taiwan Local,2016,地球綜合工業股份有限公司,1,OPP膠帶 卷 台灣 環保署,OPP膠帶 | 卷 | 0.648,1,MOENV CFP | Taiwan EPA,2016,檢索索引已合併同名、同單位、同係數的重複列；原始資料仍保留於 tier1_unified.csv。
OPP膠帶,0.385,m2,平方公尺(m2),Taiwan EPA,TW,Taiwan Local,2016,地球綜合工業股份有限公司,1,OPP膠帶 m2 台灣 環保署,OPP膠帶 | m2 | 0.385,1,MOENV CFP | Taiwan EPA,2016,檢索索引已合併同名、同單位、同係數的重複列；原始資料仍保留於 tier1_unified.csv。
百貨零售服務,0.05,每平方米‧每小時,每平方米‧每小時,Taiwan EPA,TW,Taiwan Local,2016,太平洋崇光百貨股份有限公司,1,百貨零售服務 每平方米‧每小時 台灣 環保署,百貨零售服務 | 每平方米‧每小時 | 0.05,1,MOENV CFP | Taiwan EPA,2016,檢索索引已合併同名、同單位、同係數的重複列；原始資料仍保留於 tier1_unified.csv。
綠茶(300ml，鋁箔包裝),0.1,包,包,Taiwan EPA,TW,Taiwan Local,2016,統一企業股份有限公司,1,綠茶(300ml，鋁箔包裝) 包 台灣 環保署,綠茶(300ml，鋁箔包裝) | 包 | 0.1,1,MOENV CFP | Taiwan EPA,2016,檢索索引已合併同名、同單位、同係數的重複列；原始資料仍保留於 tier1_unified.csv。
綠茶(250ml，鋁箔包裝),0.09,包,包,Taiwan EPA,TW,Taiwan Local,2016,統一企業股份有限公司,1,綠茶(250ml，鋁箔包裝) 包 台灣 環保署,綠茶(250ml，鋁箔包裝) | 包 | 0.09,1,MOENV CFP | Taiwan EPA,2016,檢索索引已合併同名、同單位、同係數的重複列；原始資料仍保留於 tier1_unified.csv。
紅茶(375ml，鋁箔包裝),0.13,包,包,Taiwan EPA,TW,Taiwan Local,2016,統一企業股份有限公司,1,紅茶(375ml，鋁箔包裝) 包 台灣 環保署,紅茶(375ml，鋁箔包裝) | 包 | 0.13,1,MOENV CFP | Taiwan EPA,2016,檢索索引已合併同名、同單位、同係數的重複列；原始資料仍保留於 tier1_unified.csv。
紅茶(300ml，鋁箔包裝),0.11,包,包,Taiwan EPA,TW,Taiwan Local,2016,統一企業股份有限公司,1,紅茶(300ml，鋁箔包裝) 包 台灣 環保署,紅茶(300ml，鋁箔包裝) | 包 | 0.11,1,MOENV CFP | Taiwan EPA,2016,檢索索引已合併同名、同單位、同係數的重複列；原始資料仍保留於 tier1_unified.csv。
紅茶(250ml，鋁箔包裝),0.095,包,包,Taiwan EPA,TW,Taiwan Local,2016,統一企業股份有限公司,1,紅茶(250ml，鋁箔包裝) 包 台灣 環保署,紅茶(250ml，鋁箔包裝) | 包 | 0.095,1,MOENV CFP | Taiwan EPA,2016,檢索索引已合併同名、同單位、同係數的重複列；原始資料仍保留於 tier1_unified.csv。
奶茶(375ml，鋁箔包裝),0.16,包,包,Taiwan EPA,TW,Taiwan Local,2016,統一企業股份有限公司,1,奶茶(375ml，鋁箔包裝) 包 台灣 環保署,奶茶(375ml，鋁箔包裝) | 包 | 0.16,1,MOENV CFP | Taiwan EPA,2016,檢索索引已合併同名、同單位、同係數的重複列；原始資料仍保留於 tier1_unified.csv。
奶茶(300ml，鋁箔包裝),0.13,包,包,Taiwan EPA,TW,Taiwan Local,2016,統一企業股份有限公司,1,奶茶(300ml，鋁箔包裝) 包 台灣 環保署,奶茶(300ml，鋁箔包裝) | 包 | 0.13,1,MOENV CFP | Taiwan EPA,2016,檢索索引已合併同名、同單位、同係數的重複列；原始資料仍保留於 tier1_unified.csv。
奶茶(250ml，鋁箔包裝),0.11,包,包,Taiwan EPA,TW,Taiwan Local,2016,統一企業股份有限公司,1,奶茶(250ml，鋁箔包裝) 包 台灣 環保署,奶茶(250ml，鋁箔包裝) | 包 | 0.11,1,MOENV CFP | Taiwan EPA,2016,檢索索引已合併同名、同單位、同係數的重複列；原始資料仍保留於 tier1_unified.csv。
豆漿(450ml，鋁箔包裝),0.16,盒,盒,Taiwan EPA,TW,Taiwan Local,2016,統一企業股份有限公司,1,豆漿(450ml，鋁箔包裝) 盒 台灣 環保署,豆漿(450ml，鋁箔包裝) | 盒 | 0.16,1,MOENV CFP | Taiwan EPA,2016,檢索索引已合併同名、同單位、同係數的重複列；原始資料仍保留於 tier1_unified.csv。
磨石子地磚(60cm*60cm*2.5cm),7.5,片,片,Taiwan EPA,TW,Taiwan Local,2016,台南市政府環境保護局、晶泰水泥加工廠股份有限公司,1,磨石子地磚(60cm*60cm*2.5cm) 片 台灣 環保署,磨石子地磚(60cm*60cm*2.5cm) | 片 | 7.5,0,Taiwan EPA,2016,
磨石子地磚(50cm*50cm*2.5cm),5.0,片,片,Taiwan EPA,TW,Taiwan Local,2016,台南市政府環境保護局、晶泰水泥加工廠股份有限公司,1,磨石子地磚(50cm*50cm*2.5cm) 片 台灣 環保署,磨石子地磚(50cm*50cm*2.5cm) | 片 | 5.0,0,Taiwan EPA,2016,
磨石子地磚(45cm*45cm*2cm),4.0,片,片,Taiwan EPA,TW,Taiwan Local,2016,台南市政府環境保護局、晶泰水泥加工廠股份有限公司,1,磨石子地磚(45cm*45cm*2cm) 片 台灣 環保署,磨石子地磚(45cm*45cm*2cm) | 片 | 4.0,0,Taiwan EPA,2016,
磨石子地磚(40cm*40cm*2cm),3.4,片,片,Taiwan EPA,TW,Taiwan Local,2016,台南市政府環境保護局、晶泰水泥加工廠股份有限公司,1,磨石子地磚(40cm*40cm*2cm) 片 台灣 環保署,磨石子地磚(40cm*40cm*2cm) | 片 | 3.4,0,Taiwan EPA,2016,
磨石子地磚(30cm*60cm*2cm),3.2,片,片,Taiwan EPA,TW,Taiwan Local,2016,台南市政府環境保護局、晶泰水泥加工廠股份有限公司,1,磨石子地磚(30cm*60cm*2cm) 片 台灣 環保署,磨石子地磚(30cm*60cm*2cm) | 片 | 3.2,0,Taiwan EPA,2016,
磨石子地磚(30cm*30cm*2cm),1.7,片,片,Taiwan EPA,TW,Taiwan Local,2016,台南市政府環境保護局、晶泰水泥加工廠股份有限公司,1,磨石子地磚(30cm*30cm*2cm) 片 台灣 環保署,磨石子地磚(30cm*30cm*2cm) | 片 | 1.7,0,Taiwan EPA,2016,
水性白膠,1.1,包,包,Taiwan EPA,TW,Taiwan Local,2016,台南市政府環境保護局、南寶樹脂化學工廠股份有限公司,1,水性白膠 包 台灣 環保署,水性白膠 | 包 | 1.1,1,MOENV CFP | Taiwan EPA,2016,檢索索引已合併同名、同單位、同係數的重複列；原始資料仍保留於 tier1_unified.csv。
高粱酒(58度，600ml),4.0,瓶,瓶,Taiwan EPA,TW,Taiwan Local,2016,台南市政府環境保護局、成大酒廠股份有限公司,1,高粱酒(58度，600ml) 瓶 台灣 環保署,高粱酒(58度，600ml) | 瓶 | 4.0,1,MOENV CFP | Taiwan EPA,2016,檢索索引已合併同名、同單位、同係數的重複列；原始資料仍保留於 tier1_unified.csv。
歪頭奶瓶(240ml),3.16,piece,個,Taiwan EPA,TW,Taiwan Local,2016,春池玻璃實業有限公司,1,歪頭奶瓶(240ml) piece 台灣 環保署,歪頭奶瓶(240ml) | piece | 3.16,1,MOENV CFP | Taiwan EPA,2016,檢索索引已合併同名、同單位、同係數的重複列；原始資料仍保留於 tier1_unified.csv。
烤酥油 (18 kg),30.5,桶,桶,Taiwan EPA,TW,Taiwan Local,2016,環境部、台灣糖業股份有限公司小港廠,1,烤酥油 (18 kg) 桶 台灣 環保署,烤酥油 (18 kg) | 桶 | 30.5,1,MOENV CFP | Taiwan EPA,2016,檢索索引已合併同名、同單位、同係數的重複列；原始資料仍保留於 tier1_unified.csv。
烤酥油 (18 L),27.5,桶,桶,Taiwan EPA,TW,Taiwan Local,2016,環境部、台灣糖業股份有限公司小港廠,1,烤酥油 (18 L) 桶 台灣 環保署,烤酥油 (18 L) | 桶 | 27.5,1,MOENV CFP | Taiwan EPA,2016,檢索索引已合併同名、同單位、同係數的重複列；原始資料仍保留於 tier1_unified.csv。
烤酥油 (3 L),4.42,瓶,瓶,Taiwan EPA,TW,Taiwan Local,2016,環境部、台灣糖業股份有限公司小港廠,1,烤酥油 (3 L) 瓶 台灣 環保署,烤酥油 (3 L) | 瓶 | 4.42,1,MOENV CFP | Taiwan EPA,2016,檢索索引已合併同名、同單位、同係數的重複列；原始資料仍保留於 tier1_unified.csv。
烤酥油 (2 L),3.07,瓶,瓶,Taiwan EPA,TW,Taiwan Local,2016,環境部、台灣糖業股份有限公司小港廠,1,烤酥油 (2 L) 瓶 台灣 環保署,烤酥油 (2 L) | 瓶 | 3.07,1,MOENV CFP | Taiwan EPA,2016,檢索索引已合併同名、同單位、同係數的重複列；原始資料仍保留於 tier1_unified.csv。
大豆沙拉油 (18 kg),30.4,桶,桶,Taiwan EPA,TW,Taiwan Local,2016,環境部、台灣糖業股份有限公司小港廠,1,大豆沙拉油 (18 kg) 桶 台灣 環保署,大豆沙拉油 (18 kg) | 桶 | 30.4,1,MOENV CFP | Taiwan EPA,2016,檢索索引已合併同名、同單位、同係數的重複列；原始資料仍保留於 tier1_unified.csv。
大豆沙拉油 (18 L),27.7,桶,桶,Taiwan EPA,TW,Taiwan Local,2016,環境部、台灣糖業股份有限公司小港廠,1,大豆沙拉油 (18 L) 桶 台灣 環保署,大豆沙拉油 (18 L) | 桶 | 27.7,1,MOENV CFP | Taiwan EPA,2016,檢索索引已合併同名、同單位、同係數的重複列；原始資料仍保留於 tier1_unified.csv。
大豆沙拉油 (3 L),4.45,瓶,瓶,Taiwan EPA,TW,Taiwan Local,2016,環境部、台灣糖業股份有限公司小港廠,1,大豆沙拉油 (3 L) 瓶 台灣 環保署,大豆沙拉油 (3 L) | 瓶 | 4.45,1,MOENV CFP | Taiwan EPA,2016,檢索索引已合併同名、同單位、同係數的重複列；原始資料仍保留於 tier1_unified.csv。
大豆沙拉油 (2.6 L),3.87,瓶,瓶,Taiwan EPA,TW,Taiwan Local,2016,環境部、台灣糖業股份有限公司小港廠,1,大豆沙拉油 (2.6 L) 瓶 台灣 環保署,大豆沙拉油 (2.6 L) | 瓶 | 3.87,1,MOENV CFP | Taiwan EPA,2016,檢索索引已合併同名、同單位、同係數的重複列；原始資料仍保留於 tier1_unified.csv。
大豆沙拉油 (2 L),3.07,瓶,瓶,Taiwan EPA,TW,Taiwan Local,2016,環境部、台灣糖業股份有限公司小港廠,1,大豆沙拉油 (2 L) 瓶 台灣 環保署,大豆沙拉油 (2 L) | 瓶 | 3.07,1,MOENV CFP | Taiwan EPA,2016,檢索索引已合併同名、同單位、同係數的重複列；原始資料仍保留於 tier1_unified.csv。
大豆沙拉油 (0.6 L),0.895,瓶,瓶,Taiwan EPA,TW,Taiwan Local,2016,環境部、台灣糖業股份有限公司小港廠,1,大豆沙拉油 (0.6 L) 瓶 台灣 環保署,大豆沙拉油 (0.6 L) | 瓶 | 0.895,1,MOENV CFP | Taiwan EPA,2016,檢索索引已合併同名、同單位、同係數的重複列；原始資料仍保留於 tier1_unified.csv。
氣冷高爐石級配料(散裝),1.69,mt,公噸(mt),Taiwan EPA,TW,Taiwan Local,2016,中聯資源股份有限公司,1,氣冷高爐石級配料(散裝) mt 台灣 環保署,氣冷高爐石級配料(散裝) | mt | 1.69,0,Taiwan EPA,2016,
氣冷轉爐石級配料(散裝),1.58,mt,公噸(mt),Taiwan EPA,TW,Taiwan Local,2016,中聯資源股份有限公司,1,氣冷轉爐石級配料(散裝) mt 台灣 環保署,氣冷轉爐石級配料(散裝) | mt | 1.58,0,Taiwan EPA,2016,
石英晶體振盪器(AW系列),0.06,顆,顆,Taiwan EPA,TW,Taiwan Local,2016,台灣晶技股份有限公司,1,石英晶體振盪器(AW系列) 顆 台灣 環保署,石英晶體振盪器(AW系列) | 顆 | 0.06,1,MOENV CFP | Taiwan EPA,2016,檢索索引已合併同名、同單位、同係數的重複列；原始資料仍保留於 tier1_unified.csv。
食品包裝紙容器,0.0965,m2,平方公尺(m2),Taiwan EPA,TW,Taiwan Local,2016,環境部,1,食品包裝紙容器 m2 台灣 環保署,食品包裝紙容器 | m2 | 0.0965,1,MOENV CFP | Taiwan EPA,2016,檢索索引已合併同名、同單位、同係數的重複列；原始資料仍保留於 tier1_unified.csv。
食品包裝紙容器,8.24,kg,公斤(kg),Taiwan EPA,TW,Taiwan Local,2016,環境部,1,食品包裝紙容器 kg 台灣 環保署,食品包裝紙容器 | kg | 8.24,1,MOENV CFP | Taiwan EPA,2016,檢索索引已合併同名、同單位、同係數的重複列；原始資料仍保留於 tier1_unified.csv。
筆記型電腦包裝紙箱(三層一浪),0.00205,g,公克(g),Taiwan EPA,TW,Taiwan Local,2016,環境部、宏碁股份有限公司,1,筆記型電腦包裝紙箱(三層一浪) g 台灣 環保署,筆記型電腦包裝紙箱(三層一浪) | g | 0.00205,0,Taiwan EPA,2016,
筆記型電腦包裝紙箱(三層一浪),0.53,piece,個,Taiwan EPA,TW,Taiwan Local,2016,環境部、宏碁股份有限公司,1,筆記型電腦包裝紙箱(三層一浪) piece 台灣 環保署,筆記型電腦包裝紙箱(三層一浪) | piece | 0.53,1,MOENV CFP | Taiwan EPA,2016,檢索索引已合併同名、同單位、同係數的重複列；原始資料仍保留於 tier1_unified.csv。
瀝青鋪面用粒料(散裝),4.72,mt,公噸(mt),Taiwan EPA,TW,Taiwan Local,2016,中聯資源股份有限公司,1,瀝青鋪面用粒料(散裝) mt 台灣 環保署,瀝青鋪面用粒料(散裝) | mt | 4.72,0,Taiwan EPA,2016,
地質改良處理劑(50kg，紙袋裝),15.93,包,包,Taiwan EPA,TW,Taiwan Local,2016,中聯資源股份有限公司,1,地質改良處理劑(50kg，紙袋裝) 包 台灣 環保署,地質改良處理劑(50kg，紙袋裝) | 包 | 15.93,1,MOENV CFP | Taiwan EPA,2016,檢索索引已合併同名、同單位、同係數的重複列；原始資料仍保留於 tier1_unified.csv。
地質改良處理劑(太空包裝),317.84,mt,公噸(mt),Taiwan EPA,TW,Taiwan Local,2016,中聯資源股份有限公司,1,地質改良處理劑(太空包裝) mt 台灣 環保署,地質改良處理劑(太空包裝) | mt | 317.84,0,Taiwan EPA,2016,
地質改良處理劑(散裝),313.55,mt,公噸(mt),Taiwan EPA,TW,Taiwan Local,2016,中聯資源股份有限公司,1,地質改良處理劑(散裝) mt 台灣 環保署,地質改良處理劑(散裝) | mt | 313.55,0,Taiwan EPA,2016,
新型高爐水泥(50kg，紙袋裝),22.97,包,包,Taiwan EPA,TW,Taiwan Local,2016,中聯資源股份有限公司,1,新型高爐水泥(50kg，紙袋裝) 包 台灣 環保署,新型高爐水泥(50kg，紙袋裝) | 包 | 22.97,1,MOENV CFP | Taiwan EPA,2016,檢索索引已合併同名、同單位、同係數的重複列；原始資料仍保留於 tier1_unified.csv。
卜特蘭高爐爐碴水泥(太空包裝),516.86,mt,公噸(mt),Taiwan EPA,TW,Taiwan Local,2016,中聯資源股份有限公司,1,卜特蘭高爐爐碴水泥(太空包裝) mt 台灣 環保署,卜特蘭高爐爐碴水泥(太空包裝) | mt | 516.86,0,Taiwan EPA,2016,
卜特蘭高爐爐碴水泥(散裝),512.57,mt,公噸(mt),Taiwan EPA,TW,Taiwan Local,2016,中聯資源股份有限公司,1,卜特蘭高爐爐碴水泥(散裝) mt 台灣 環保署,卜特蘭高爐爐碴水泥(散裝) | mt | 512.57,0,Taiwan EPA,2016,
飛灰爐石粉(太空包裝),52.48,mt,公噸(mt),Taiwan EPA,TW,Taiwan Local,2016,中聯資源股份有限公司,1,飛灰爐石粉(太空包裝) mt 台灣 環保署,飛灰爐石粉(太空包裝) | mt | 52.48,0,Taiwan EPA,2016,
飛灰爐石粉(散裝),48.19,mt,公噸(mt),Taiwan EPA,TW,Taiwan Local,2016,中聯資源股份有限公司,1,飛灰爐石粉(散裝) mt 台灣 環保署,飛灰爐石粉(散裝) | mt | 48.19,0,Taiwan EPA,2016,
混凝土及水泥砂漿用水淬高爐爐碴粉(太空包裝),54.73,mt,公噸(mt),Taiwan EPA,TW,Taiwan Local,2016,中聯資源股份有限公司,1,混凝土及水泥砂漿用水淬高爐爐碴粉(太空包裝) mt 台灣 環保署,混凝土及水泥砂漿用水淬高爐爐碴粉(太空包裝) | mt | 54.73,0,Taiwan EPA,2016,
混凝土及水泥砂漿用水淬高爐爐碴粉(散裝),50.44,mt,公噸(mt),Taiwan EPA,TW,Taiwan Local,2016,中聯資源股份有限公司,1,混凝土及水泥砂漿用水淬高爐爐碴粉(散裝) mt 台灣 環保署,混凝土及水泥砂漿用水淬高爐爐碴粉(散裝) | mt | 50.44,0,Taiwan EPA,2016,
糖蜜,0.32,kg,公斤(kg),Taiwan EPA,TW,Taiwan Local,2016,環境部,1,糖蜜 kg 台灣 環保署,糖蜜 | kg | 0.32,1,MOENV CFP | Taiwan EPA,2016,檢索索引已合併同名、同單位、同係數的重複列；原始資料仍保留於 tier1_unified.csv。
蔗糖,0.37,kg,公斤(kg),Taiwan EPA,TW,Taiwan Local,2016,環境部,1,蔗糖 kg 台灣 環保署,蔗糖 | kg | 0.37,1,MOENV CFP | Taiwan EPA,2016,檢索索引已合併同名、同單位、同係數的重複列；原始資料仍保留於 tier1_unified.csv。
國際海運貨物運輸服務(燃料油動力),0.0198,tkm,延噸公里(tkm),Taiwan EPA,TW,Taiwan Local,2016,環境部,1,國際海運貨物運輸服務(燃料油動力) tkm 台灣 環保署,國際海運貨物運輸服務(燃料油動力) | tkm | 0.0198,0,Taiwan EPA,2016,
國內海運貨物運輸服務(燃料油動力),0.0354,tkm,延噸公里(tkm),Taiwan EPA,TW,Taiwan Local,2016,環境部,1,國內海運貨物運輸服務(燃料油動力) tkm 台灣 環保署,國內海運貨物運輸服務(燃料油動力) | tkm | 0.0354,0,Taiwan EPA,2016,
國內海運貨物運輸服務(柴油動力),0.0334,tkm,延噸公里(tkm),Taiwan EPA,TW,Taiwan Local,2016,環境部,1,國內海運貨物運輸服務(柴油動力) tkm 台灣 環保署,國內海運貨物運輸服務(柴油動力) | tkm | 0.0334,0,Taiwan EPA,2016,
石灰石,0.00535,kg,公斤(kg),Taiwan EPA,TW,Taiwan Local,2016,環境部,1,石灰石 kg 台灣 環保署,石灰石 | kg | 0.00535,1,MOENV CFP | Taiwan EPA,2016,檢索索引已合併同名、同單位、同係數的重複列；原始資料仍保留於 tier1_unified.csv。
食用玉蜀黍,0.29,kg,公斤(kg),Taiwan EPA,TW,Taiwan Local,2016,環境部,1,食用玉蜀黍 kg 台灣 環保署,食用玉蜀黍 | kg | 0.29,1,MOENV CFP | Taiwan EPA,2016,檢索索引已合併同名、同單位、同係數的重複列；原始資料仍保留於 tier1_unified.csv。
污泥掩埋處理服務,0.3,kg,公斤(kg),Taiwan EPA,TW,Taiwan Local,2016,環境部,1,污泥掩埋處理服務 kg 台灣 環保署,污泥掩埋處理服務 | kg | 0.3,1,MOENV CFP | Taiwan EPA,2016,檢索索引已合併同名、同單位、同係數的重複列；原始資料仍保留於 tier1_unified.csv。
尿素甲醛樹脂(65％固形物),1.62,kg,公斤(kg),Taiwan EPA,TW,Taiwan Local,2016,環境部,1,尿素甲醛樹脂(65％固形物) kg 台灣 環保署,尿素甲醛樹脂(65％固形物) | kg | 1.62,1,MOENV CFP | Taiwan EPA,2016,檢索索引已合併同名、同單位、同係數的重複列；原始資料仍保留於 tier1_unified.csv。
冰醋酸(醋酸甲酯與甲醇共沸物羰基合成法),2.05,kg,公斤(kg),Taiwan EPA,TW,Taiwan Local,2016,環境部,1,冰醋酸(醋酸甲酯與甲醇共沸物羰基合成法) kg 台灣 環保署,冰醋酸(醋酸甲酯與甲醇共沸物羰基合成法) | kg | 2.05,1,MOENV CFP | Taiwan EPA,2016,檢索索引已合併同名、同單位、同係數的重複列；原始資料仍保留於 tier1_unified.csv。
冰醋酸(甲醇羰基化法),2.58,kg,公斤(kg),Taiwan EPA,TW,Taiwan Local,2016,環境部,1,冰醋酸(甲醇羰基化法) kg 台灣 環保署,冰醋酸(甲醇羰基化法) | kg | 2.58,1,MOENV CFP | Taiwan EPA,2016,檢索索引已合併同名、同單位、同係數的重複列；原始資料仍保留於 tier1_unified.csv。
丙酮,1.82,kg,公斤(kg),Taiwan EPA,TW,Taiwan Local,2016,環境部,1,丙酮 kg 台灣 環保署,丙酮 | kg | 1.82,1,MOENV CFP | Taiwan EPA,2016,檢索索引已合併同名、同單位、同係數的重複列；原始資料仍保留於 tier1_unified.csv。
硝酸，98％,1.37,kg,公斤(kg),Taiwan EPA,TW,Taiwan Local,2016,環境部,1,硝酸，98％ kg 台灣 環保署,硝酸，98％ | kg | 1.37,1,MOENV CFP | Taiwan EPA,2016,檢索索引已合併同名、同單位、同係數的重複列；原始資料仍保留於 tier1_unified.csv。
二甲醚,2.28,kg,公斤(kg),Taiwan EPA,TW,Taiwan Local,2016,環境部,1,二甲醚 kg 台灣 環保署,二甲醚 | kg | 2.28,1,MOENV CFP | Taiwan EPA,2016,檢索索引已合併同名、同單位、同係數的重複列；原始資料仍保留於 tier1_unified.csv。
氫氧化鉀,1.47,kg,公斤(kg),Taiwan EPA,TW,Taiwan Local,2016,產品碳足跡計算服務平台、工研院DoITPro資料庫,1,氫氧化鉀 kg 台灣 環保署,氫氧化鉀 | kg | 1.47,1,MOENV CFP | Taiwan EPA,2016,檢索索引已合併同名、同單位、同係數的重複列；原始資料仍保留於 tier1_unified.csv。
液氯,1.39,kg,公斤(kg),Taiwan EPA,TW,Taiwan Local,2016,環境部,1,液氯 kg 台灣 環保署,液氯 | kg | 1.39,1,MOENV CFP | Taiwan EPA,2016,檢索索引已合併同名、同單位、同係數的重複列；原始資料仍保留於 tier1_unified.csv。
不銹鋼焊接管,1.75,kg,公斤(kg),Taiwan EPA,TW,Taiwan Local,2016,環境部,1,不銹鋼焊接管 kg 台灣 環保署,不銹鋼焊接管 | kg | 1.75,1,MOENV CFP | Taiwan EPA,2016,檢索索引已合併同名、同單位、同係數的重複列；原始資料仍保留於 tier1_unified.csv。
螺絲(含球化與表面皮膜處理及電鍍),3.41,kg,公斤(kg),Taiwan EPA,TW,Taiwan Local,2016,環境部,1,螺絲(含球化與表面皮膜處理及電鍍) kg 台灣 環保署,螺絲(含球化與表面皮膜處理及電鍍) | kg | 3.41,1,MOENV CFP | Taiwan EPA,2016,檢索索引已合併同名、同單位、同係數的重複列；原始資料仍保留於 tier1_unified.csv。
螺絲(不含球化、表面皮膜處理與電鍍),3.37,kg,公斤(kg),Taiwan EPA,TW,Taiwan Local,2016,環境部,1,螺絲(不含球化、表面皮膜處理與電鍍) kg 台灣 環保署,螺絲(不含球化、表面皮膜處理與電鍍) | kg | 3.37,1,MOENV CFP | Taiwan EPA,2016,檢索索引已合併同名、同單位、同係數的重複列；原始資料仍保留於 tier1_unified.csv。
筆記型電腦觸控板,3.06,片,片,Taiwan EPA,TW,Taiwan Local,2016,環境部、宏碁股份有限公司,1,筆記型電腦觸控板 片 台灣 環保署,筆記型電腦觸控板 | 片 | 3.06,0,Taiwan EPA,2016,
筆記型電腦鍵盤,0.89,piece,個,Taiwan EPA,TW,Taiwan Local,2016,環境部、宏碁股份有限公司,1,筆記型電腦鍵盤 piece 台灣 環保署,筆記型電腦鍵盤 | piece | 0.89,1,MOENV CFP | Taiwan EPA,2016,檢索索引已合併同名、同單位、同係數的重複列；原始資料仍保留於 tier1_unified.csv。
筆記型電腦照相機模組,0.41,piece,個,Taiwan EPA,TW,Taiwan Local,2016,環境部、宏碁股份有限公司,1,筆記型電腦照相機模組 piece 台灣 環保署,筆記型電腦照相機模組 | piece | 0.41,1,MOENV CFP | Taiwan EPA,2016,檢索索引已合併同名、同單位、同係數的重複列；原始資料仍保留於 tier1_unified.csv。
煤油使用(2014),3.02,l,公升(L),Taiwan EPA,TW,Taiwan Local,2016,環境部,1,煤油使用(2014) l 台灣 環保署,煤油使用(2014) | l | 3.02,0,Taiwan EPA,2016,
液化石油氣(於固定源使用，2014),2.26,l,公升(L),Taiwan EPA,TW,Taiwan Local,2016,環境部,1,液化石油氣(於固定源使用，2014) l 台灣 環保署,液化石油氣(於固定源使用，2014) | l | 2.26,0,Taiwan EPA,2016,
天然氣(於固定源使用，2014),2.61,m3,立方公尺(m3),Taiwan EPA,TW,Taiwan Local,2016,環境部,1,天然氣(於固定源使用，2014) m3 台灣 環保署,天然氣(於固定源使用，2014) | m3 | 2.61,1,MOENV CFP | Taiwan EPA,2016,檢索索引已合併同名、同單位、同係數的重複列；原始資料仍保留於 tier1_unified.csv。
車用汽油(於移動源使用，2014),3.1,l,公升(L),Taiwan EPA,TW,Taiwan Local,2016,環境部,1,車用汽油(於移動源使用，2014) l 台灣 環保署,車用汽油(於移動源使用，2014) | l | 3.1,0,Taiwan EPA,2016,
車用汽油(於固定源使用，2014),3.02,l,公升(L),Taiwan EPA,TW,Taiwan Local,2016,環境部,1,車用汽油(於固定源使用，2014) l 台灣 環保署,車用汽油(於固定源使用，2014) | l | 3.02,0,Taiwan EPA,2016,
車用汽油(未燃燒，2014),0.67,l,公升(L),Taiwan EPA,TW,Taiwan Local,2016,環境部,1,車用汽油(未燃燒，2014) l 台灣 環保署,車用汽油(未燃燒，2014) | l | 0.67,0,Taiwan EPA,2016,
柴油(於移動源使用，2014),3.48,l,公升(L),Taiwan EPA,TW,Taiwan Local,2016,環境部,1,柴油(於移動源使用，2014) l 台灣 環保署,柴油(於移動源使用，2014) | l | 3.48,0,Taiwan EPA,2016,
柴油(於固定源使用，2014),3.45,l,公升(L),Taiwan EPA,TW,Taiwan Local,2016,環境部,1,柴油(於固定源使用，2014) l 台灣 環保署,柴油(於固定源使用，2014) | l | 3.45,0,Taiwan EPA,2016,
柴油(未燃燒，2014),0.75,l,公升(L),Taiwan EPA,TW,Taiwan Local,2016,環境部,1,柴油(未燃燒，2014) l 台灣 環保署,柴油(未燃燒，2014) | l | 0.75,0,Taiwan EPA,2016,
燃料油使用(蒸餘油/重油使用，2014),4.0,l,公升(L),Taiwan EPA,TW,Taiwan Local,2016,環境部,1,燃料油使用(蒸餘油/重油使用，2014) l 台灣 環保署,燃料油使用(蒸餘油/重油使用，2014) | l | 4.0,0,Taiwan EPA,2016,
電力碳足跡(2014),0.65,kwh,度(kwh),Taiwan EPA,TW,Taiwan Local,2016,環境部,1,電力碳足跡(2014) kwh 台灣 環保署,電力碳足跡(2014) | kwh | 0.65,1,MOENV CFP | Taiwan EPA,2016,檢索索引已合併同名、同單位、同係數的重複列；原始資料仍保留於 tier1_unified.csv。
平板玻璃,1.12,kg,公斤(kg),Taiwan EPA,TW,Taiwan Local,2016,環境部,1,平板玻璃 kg 台灣 環保署,平板玻璃 | kg | 1.12,1,MOENV CFP | Taiwan EPA,2016,檢索索引已合併同名、同單位、同係數的重複列；原始資料仍保留於 tier1_unified.csv。
水性水泥漆,1.33,kg,公斤(kg),Taiwan EPA,TW,Taiwan Local,2016,環境部,1,水性水泥漆 kg 台灣 環保署,水性水泥漆 | kg | 1.33,1,MOENV CFP | Taiwan EPA,2016,檢索索引已合併同名、同單位、同係數的重複列；原始資料仍保留於 tier1_unified.csv。
聚醯胺接著劑,3.61,kg,公斤(kg),Taiwan EPA,TW,Taiwan Local,2016,環境部,1,聚醯胺接著劑 kg 台灣 環保署,聚醯胺接著劑 | kg | 3.61,1,MOENV CFP | Taiwan EPA,2016,檢索索引已合併同名、同單位、同係數的重複列；原始資料仍保留於 tier1_unified.csv。
醇酸樹脂,3.18,kg,公斤(kg),Taiwan EPA,TW,Taiwan Local,2016,財團法人工業技術研究院,1,醇酸樹脂 kg 台灣 環保署,醇酸樹脂 | kg | 3.18,1,MOENV CFP | Taiwan EPA,2016,檢索索引已合併同名、同單位、同係數的重複列；原始資料仍保留於 tier1_unified.csv。
聚丙烯腈棉,4.76,kg,公斤(kg),Taiwan EPA,TW,Taiwan Local,2016,環境部,1,聚丙烯腈棉 kg 台灣 環保署,聚丙烯腈棉 | kg | 4.76,1,MOENV CFP | Taiwan EPA,2016,檢索索引已合併同名、同單位、同係數的重複列；原始資料仍保留於 tier1_unified.csv。
聚酯粒,3.74,kg,公斤(kg),Taiwan EPA,TW,Taiwan Local,2016,環境部,1,聚酯粒 kg 台灣 環保署,聚酯粒 | kg | 3.74,1,MOENV CFP | Taiwan EPA,2016,檢索索引已合併同名、同單位、同係數的重複列；原始資料仍保留於 tier1_unified.csv。
聚酯棉,4.17,kg,公斤(kg),Taiwan EPA,TW,Taiwan Local,2016,環境部,1,聚酯棉 kg 台灣 環保署,聚酯棉 | kg | 4.17,1,MOENV CFP | Taiwan EPA,2016,檢索索引已合併同名、同單位、同係數的重複列；原始資料仍保留於 tier1_unified.csv。
丙烯腈,3.37,kg,公斤(kg),Taiwan EPA,TW,Taiwan Local,2016,環境部,1,丙烯腈 kg 台灣 環保署,丙烯腈 | kg | 3.37,1,MOENV CFP | Taiwan EPA,2016,檢索索引已合併同名、同單位、同係數的重複列；原始資料仍保留於 tier1_unified.csv。
線性低密度聚乙烯(LLDPE),2.01,kg,公斤(kg),Taiwan EPA,TW,Taiwan Local,2016,環境部,1,線性低密度聚乙烯(LLDPE) kg 台灣 環保署,線性低密度聚乙烯(LLDPE) | kg | 2.01,1,MOENV CFP | Taiwan EPA,2016,檢索索引已合併同名、同單位、同係數的重複列；原始資料仍保留於 tier1_unified.csv。
耐衝擊聚苯乙烯(HIPS),2.72,kg,公斤(kg),Taiwan EPA,TW,Taiwan Local,2016,環境部,1,耐衝擊聚苯乙烯(HIPS) kg 台灣 環保署,耐衝擊聚苯乙烯(HIPS) | kg | 2.72,1,MOENV CFP | Taiwan EPA,2016,檢索索引已合併同名、同單位、同係數的重複列；原始資料仍保留於 tier1_unified.csv。
通用級聚苯乙烯(GPPS),1.97,kg,公斤(kg),Taiwan EPA,TW,Taiwan Local,2016,環境部,1,通用級聚苯乙烯(GPPS) kg 台灣 環保署,通用級聚苯乙烯(GPPS) | kg | 1.97,1,MOENV CFP | Taiwan EPA,2016,檢索索引已合併同名、同單位、同係數的重複列；原始資料仍保留於 tier1_unified.csv。
氯乙烯單體,2.89,kg,公斤(kg),Taiwan EPA,TW,Taiwan Local,2016,環境部,1,氯乙烯單體 kg 台灣 環保署,氯乙烯單體 | kg | 2.89,1,MOENV CFP | Taiwan EPA,2016,檢索索引已合併同名、同單位、同係數的重複列；原始資料仍保留於 tier1_unified.csv。
對二甲苯/鄰二甲苯,1.81,kg,公斤(kg),Taiwan EPA,TW,Taiwan Local,2016,環境部,1,對二甲苯/鄰二甲苯 kg 台灣 環保署,對二甲苯/鄰二甲苯 | kg | 1.81,1,MOENV CFP | Taiwan EPA,2016,檢索索引已合併同名、同單位、同係數的重複列；原始資料仍保留於 tier1_unified.csv。
苯,1.82,kg,公斤(kg),Taiwan EPA,TW,Taiwan Local,2016,環境部,1,苯 kg 台灣 環保署,苯 | kg | 1.82,1,MOENV CFP | Taiwan EPA,2016,檢索索引已合併同名、同單位、同係數的重複列；原始資料仍保留於 tier1_unified.csv。
筆記型電腦電源線(含插頭端),0.68,條,條,Taiwan EPA,TW,Taiwan Local,2016,環境部、宏碁股份有限公司,1,筆記型電腦電源線(含插頭端) 條 台灣 環保署,筆記型電腦電源線(含插頭端) | 條 | 0.68,1,MOENV CFP | Taiwan EPA,2016,檢索索引已合併同名、同單位、同係數的重複列；原始資料仍保留於 tier1_unified.csv。
焦糖烤布丁,0.34,piece,個,Taiwan EPA,TW,Taiwan Local,2016,台南市政府環境保護局、紅磚布丁,1,焦糖烤布丁 piece 台灣 環保署,焦糖烤布丁 | piece | 0.34,1,MOENV CFP | Taiwan EPA,2016,檢索索引已合併同名、同單位、同係數的重複列；原始資料仍保留於 tier1_unified.csv。
己內醯胺,3.39,kg,公斤(kg),Taiwan EPA,TW,Taiwan Local,2016,環境部,1,己內醯胺 kg 台灣 環保署,己內醯胺 | kg | 3.39,1,MOENV CFP | Taiwan EPA,2016,檢索索引已合併同名、同單位、同係數的重複列；原始資料仍保留於 tier1_unified.csv。
對苯二甲酸,1.76,kg,公斤(kg),Taiwan EPA,TW,Taiwan Local,2016,環境部,1,對苯二甲酸 kg 台灣 環保署,對苯二甲酸 | kg | 1.76,1,MOENV CFP | Taiwan EPA,2016,檢索索引已合併同名、同單位、同係數的重複列；原始資料仍保留於 tier1_unified.csv。
再生鋁錠,0.7,kg,公斤(kg),Taiwan EPA,TW,Taiwan Local,2015,環境部,1,再生鋁錠 kg 台灣 環保署,再生鋁錠 | kg | 0.7,1,MOENV CFP | Taiwan EPA,2015,檢索索引已合併同名、同單位、同係數的重複列；原始資料仍保留於 tier1_unified.csv。
住宿服務,2.6,每坪-每天,每坪-每天,Taiwan EPA,TW,Taiwan Local,2015,福容大飯店股份有限公司桃園分公司,1,住宿服務 每坪-每天 台灣 環保署,住宿服務 | 每坪-每天 | 2.6,1,MOENV CFP | Taiwan EPA,2015,檢索索引已合併同名、同單位、同係數的重複列；原始資料仍保留於 tier1_unified.csv。
再生料-廢壓縮機/廢馬達二次拆解-廢鋁,0.14,kg,公斤(kg),Taiwan EPA,TW,Taiwan Local,2015,環境部,1,再生料-廢壓縮機/廢馬達二次拆解-廢鋁 kg 台灣 環保署,再生料-廢壓縮機/廢馬達二次拆解-廢鋁 | kg | 0.14,1,MOENV CFP | Taiwan EPA,2015,檢索索引已合併同名、同單位、同係數的重複列；原始資料仍保留於 tier1_unified.csv。
再生料-廢壓縮機/廢馬達二次拆解-廢銅,0.14,kg,公斤(kg),Taiwan EPA,TW,Taiwan Local,2015,環境部,1,再生料-廢壓縮機/廢馬達二次拆解-廢銅 kg 台灣 環保署,再生料-廢壓縮機/廢馬達二次拆解-廢銅 | kg | 0.14,1,MOENV CFP | Taiwan EPA,2015,檢索索引已合併同名、同單位、同係數的重複列；原始資料仍保留於 tier1_unified.csv。
再生料-廢壓縮機/廢馬達二次拆解-廢鐵,0.15,kg,公斤(kg),Taiwan EPA,TW,Taiwan Local,2015,環境部,1,再生料-廢壓縮機/廢馬達二次拆解-廢鐵 kg 台灣 環保署,再生料-廢壓縮機/廢馬達二次拆解-廢鐵 | kg | 0.15,1,MOENV CFP | Taiwan EPA,2015,檢索索引已合併同名、同單位、同係數的重複列；原始資料仍保留於 tier1_unified.csv。
再生料-廢電子電器暨廢資訊物品-待再處理二次料,0.12,kg,公斤(kg),Taiwan EPA,TW,Taiwan Local,2015,環境部,1,再生料-廢電子電器暨廢資訊物品-待再處理二次料 kg 台灣 環保署,再生料-廢電子電器暨廢資訊物品-待再處理二次料 | kg | 0.12,1,MOENV CFP | Taiwan EPA,2015,檢索索引已合併同名、同單位、同係數的重複列；原始資料仍保留於 tier1_unified.csv。
再生料-廢電子電器暨廢資訊物品-廢潤滑油,0.1,kg,公斤(kg),Taiwan EPA,TW,Taiwan Local,2015,環境部,1,再生料-廢電子電器暨廢資訊物品-廢潤滑油 kg 台灣 環保署,再生料-廢電子電器暨廢資訊物品-廢潤滑油 | kg | 0.1,1,MOENV CFP | Taiwan EPA,2015,檢索索引已合併同名、同單位、同係數的重複列；原始資料仍保留於 tier1_unified.csv。
再生料-廢冷暖氣機-廢R22冷媒,0.48,kg,公斤(kg),Taiwan EPA,TW,Taiwan Local,2015,環境部,1,再生料-廢冷暖氣機-廢R22冷媒 kg 台灣 環保署,再生料-廢冷暖氣機-廢R22冷媒 | kg | 0.48,1,MOENV CFP | Taiwan EPA,2015,檢索索引已合併同名、同單位、同係數的重複列；原始資料仍保留於 tier1_unified.csv。
再生料-廢冰箱-廢R12冷媒,0.9,kg,公斤(kg),Taiwan EPA,TW,Taiwan Local,2015,環境部,1,再生料-廢冰箱-廢R12冷媒 kg 台灣 環保署,再生料-廢冰箱-廢R12冷媒 | kg | 0.9,1,MOENV CFP | Taiwan EPA,2015,檢索索引已合併同名、同單位、同係數的重複列；原始資料仍保留於 tier1_unified.csv。
再生料-廢冰箱-廢R11冷媒(液態氮法),16.0,kg,公斤(kg),Taiwan EPA,TW,Taiwan Local,2015,環境部,1,再生料-廢冰箱-廢R11冷媒(液態氮法) kg 台灣 環保署,再生料-廢冰箱-廢R11冷媒(液態氮法) | kg | 16.0,1,MOENV CFP | Taiwan EPA,2015,檢索索引已合併同名、同單位、同係數的重複列；原始資料仍保留於 tier1_unified.csv。
再生料-廢冰箱-廢R11冷媒(活性碳冰水機法),6.38,kg,公斤(kg),Taiwan EPA,TW,Taiwan Local,2015,環境部,1,再生料-廢冰箱-廢R11冷媒(活性碳冰水機法) kg 台灣 環保署,再生料-廢冰箱-廢R11冷媒(活性碳冰水機法) | kg | 6.38,1,MOENV CFP | Taiwan EPA,2015,檢索索引已合併同名、同單位、同係數的重複列；原始資料仍保留於 tier1_unified.csv。
再生料-廢電視機暨廢顯示器-錐管玻璃,0.1,kg,公斤(kg),Taiwan EPA,TW,Taiwan Local,2015,環境部,1,再生料-廢電視機暨廢顯示器-錐管玻璃 kg 台灣 環保署,再生料-廢電視機暨廢顯示器-錐管玻璃 | kg | 0.1,1,MOENV CFP | Taiwan EPA,2015,檢索索引已合併同名、同單位、同係數的重複列；原始資料仍保留於 tier1_unified.csv。
再生料-廢電子電器暨廢資訊物品-廢玻璃,0.12,kg,公斤(kg),Taiwan EPA,TW,Taiwan Local,2015,環境部,1,再生料-廢電子電器暨廢資訊物品-廢玻璃 kg 台灣 環保署,再生料-廢電子電器暨廢資訊物品-廢玻璃 | kg | 0.12,1,MOENV CFP | Taiwan EPA,2015,檢索索引已合併同名、同單位、同係數的重複列；原始資料仍保留於 tier1_unified.csv。
再生料-廢電子電器暨廢資訊物品-廢塑膠,0.13,kg,公斤(kg),Taiwan EPA,TW,Taiwan Local,2015,環境部,1,再生料-廢電子電器暨廢資訊物品-廢塑膠 kg 台灣 環保署,再生料-廢電子電器暨廢資訊物品-廢塑膠 | kg | 0.13,1,MOENV CFP | Taiwan EPA,2015,檢索索引已合併同名、同單位、同係數的重複列；原始資料仍保留於 tier1_unified.csv。
再生料-廢電子電器暨廢資訊物品-廢鋁,0.15,kg,公斤(kg),Taiwan EPA,TW,Taiwan Local,2015,環境部,1,再生料-廢電子電器暨廢資訊物品-廢鋁 kg 台灣 環保署,再生料-廢電子電器暨廢資訊物品-廢鋁 | kg | 0.15,1,MOENV CFP | Taiwan EPA,2015,檢索索引已合併同名、同單位、同係數的重複列；原始資料仍保留於 tier1_unified.csv。
再生料-廢電子電器暨廢資訊物品-廢銅,0.11,kg,公斤(kg),Taiwan EPA,TW,Taiwan Local,2015,環境部,1,再生料-廢電子電器暨廢資訊物品-廢銅 kg 台灣 環保署,再生料-廢電子電器暨廢資訊物品-廢銅 | kg | 0.11,1,MOENV CFP | Taiwan EPA,2015,檢索索引已合併同名、同單位、同係數的重複列；原始資料仍保留於 tier1_unified.csv。
再生料-廢電子電器暨廢資訊物品-廢鐵,0.12,kg,公斤(kg),Taiwan EPA,TW,Taiwan Local,2015,環境部,1,再生料-廢電子電器暨廢資訊物品-廢鐵 kg 台灣 環保署,再生料-廢電子電器暨廢資訊物品-廢鐵 | kg | 0.12,1,MOENV CFP | Taiwan EPA,2015,檢索索引已合併同名、同單位、同係數的重複列；原始資料仍保留於 tier1_unified.csv。
臺灣鐵路運輸服務(電聯車),54.0,pkm,延人公里(pkm),Taiwan EPA,TW,Taiwan Local,2015,交通部鐵路改建工程局,1,臺灣鐵路運輸服務(電聯車) pkm 台灣 環保署,臺灣鐵路運輸服務(電聯車) | pkm | 54.0,0,Taiwan EPA,2015,
臺灣鐵路運輸服務(柴聯車),70.0,pkm,延人公里(pkm),Taiwan EPA,TW,Taiwan Local,2015,交通部鐵路改建工程局,1,臺灣鐵路運輸服務(柴聯車) pkm 台灣 環保署,臺灣鐵路運輸服務(柴聯車) | pkm | 70.0,0,Taiwan EPA,2015,
門窗鋁框,14.4,m2,平方公尺(m2),Taiwan EPA,TW,Taiwan Local,2015,環境部,1,門窗鋁框 m2 台灣 環保署,門窗鋁框 | m2 | 14.4,1,MOENV CFP | Taiwan EPA,2015,檢索索引已合併同名、同單位、同係數的重複列；原始資料仍保留於 tier1_unified.csv。
門窗鋁框,3.3,kg,公斤(kg),Taiwan EPA,TW,Taiwan Local,2015,環境部,1,門窗鋁框 kg 台灣 環保署,門窗鋁框 | kg | 3.3,1,MOENV CFP | Taiwan EPA,2015,檢索索引已合併同名、同單位、同係數的重複列；原始資料仍保留於 tier1_unified.csv。
水泥砂漿粉刷(1:3),9.83,m2,平方公尺(m2),Taiwan EPA,TW,Taiwan Local,2015,環境部,1,水泥砂漿粉刷(1:3) m2 台灣 環保署,水泥砂漿粉刷(1:3) | m2 | 9.83,1,MOENV CFP | Taiwan EPA,2015,檢索索引已合併同名、同單位、同係數的重複列；原始資料仍保留於 tier1_unified.csv。
水泥砂漿(1:3),437.0,m3,立方公尺(m3),Taiwan EPA,TW,Taiwan Local,2015,環境部,1,水泥砂漿(1:3) m3 台灣 環保署,水泥砂漿(1:3) | m3 | 437.0,1,MOENV CFP | Taiwan EPA,2015,檢索索引已合併同名、同單位、同係數的重複列；原始資料仍保留於 tier1_unified.csv。
水泥砂漿粉刷(1:2),14.1,m2,平方公尺(m2),Taiwan EPA,TW,Taiwan Local,2015,環境部,1,水泥砂漿粉刷(1:2) m2 台灣 環保署,水泥砂漿粉刷(1:2) | m2 | 14.1,1,MOENV CFP | Taiwan EPA,2015,檢索索引已合併同名、同單位、同係數的重複列；原始資料仍保留於 tier1_unified.csv。
水泥砂漿(1:2),625.0,m3,立方公尺(m3),Taiwan EPA,TW,Taiwan Local,2015,環境部,1,水泥砂漿(1:2) m3 台灣 環保署,水泥砂漿(1:2) | m3 | 625.0,1,MOENV CFP | Taiwan EPA,2015,檢索索引已合併同名、同單位、同係數的重複列；原始資料仍保留於 tier1_unified.csv。
水泥砂漿粉刷(1:1),21.4,m2,平方公尺(m2),Taiwan EPA,TW,Taiwan Local,2015,環境部,1,水泥砂漿粉刷(1:1) m2 台灣 環保署,水泥砂漿粉刷(1:1) | m2 | 21.4,1,MOENV CFP | Taiwan EPA,2015,檢索索引已合併同名、同單位、同係數的重複列；原始資料仍保留於 tier1_unified.csv。
水泥砂漿(1:1),952.0,m3,立方公尺(m3),Taiwan EPA,TW,Taiwan Local,2015,環境部,1,水泥砂漿(1:1) m3 台灣 環保署,水泥砂漿(1:1) | m3 | 952.0,1,MOENV CFP | Taiwan EPA,2015,檢索索引已合併同名、同單位、同係數的重複列；原始資料仍保留於 tier1_unified.csv。
預拌混凝土(6000psi),533.0,m3,立方公尺(m3),Taiwan EPA,TW,Taiwan Local,2015,環境部,1,預拌混凝土(6000psi) m3 台灣 環保署,預拌混凝土(6000psi) | m3 | 533.0,1,MOENV CFP | Taiwan EPA,2015,檢索索引已合併同名、同單位、同係數的重複列；原始資料仍保留於 tier1_unified.csv。
預拌混凝土(5000psi),464.0,m3,立方公尺(m3),Taiwan EPA,TW,Taiwan Local,2015,環境部,1,預拌混凝土(5000psi) m3 台灣 環保署,預拌混凝土(5000psi) | m3 | 464.0,1,MOENV CFP | Taiwan EPA,2015,檢索索引已合併同名、同單位、同係數的重複列；原始資料仍保留於 tier1_unified.csv。
預拌混凝土(4000psi),393.0,m3,立方公尺(m3),Taiwan EPA,TW,Taiwan Local,2015,環境部,1,預拌混凝土(4000psi) m3 台灣 環保署,預拌混凝土(4000psi) | m3 | 393.0,1,MOENV CFP | Taiwan EPA,2015,檢索索引已合併同名、同單位、同係數的重複列；原始資料仍保留於 tier1_unified.csv。
預拌混凝土(3500psi),370.0,m3,立方公尺(m3),Taiwan EPA,TW,Taiwan Local,2015,環境部,1,預拌混凝土(3500psi) m3 台灣 環保署,預拌混凝土(3500psi) | m3 | 370.0,1,MOENV CFP | Taiwan EPA,2015,檢索索引已合併同名、同單位、同係數的重複列；原始資料仍保留於 tier1_unified.csv。
預拌混凝土(3000psi),347.0,m3,立方公尺(m3),Taiwan EPA,TW,Taiwan Local,2015,環境部,1,預拌混凝土(3000psi) m3 台灣 環保署,預拌混凝土(3000psi) | m3 | 347.0,1,MOENV CFP | Taiwan EPA,2015,檢索索引已合併同名、同單位、同係數的重複列；原始資料仍保留於 tier1_unified.csv。
預拌混凝土(2500psi),301.0,m3,立方公尺(m3),Taiwan EPA,TW,Taiwan Local,2015,環境部,1,預拌混凝土(2500psi) m3 台灣 環保署,預拌混凝土(2500psi) | m3 | 301.0,1,MOENV CFP | Taiwan EPA,2015,檢索索引已合併同名、同單位、同係數的重複列；原始資料仍保留於 tier1_unified.csv。
預拌混凝土(2000psi),255.0,m3,立方公尺(m3),Taiwan EPA,TW,Taiwan Local,2015,環境部,1,預拌混凝土(2000psi) m3 台灣 環保署,預拌混凝土(2000psi) | m3 | 255.0,1,MOENV CFP | Taiwan EPA,2015,檢索索引已合併同名、同單位、同係數的重複列；原始資料仍保留於 tier1_unified.csv。
PVC塑膠管、PVC板,2.4,kg,公斤(kg),Taiwan EPA,TW,Taiwan Local,2015,環境部,1,PVC塑膠管、PVC板 kg 台灣 環保署,PVC塑膠管、PVC板 | kg | 2.4,1,MOENV CFP | Taiwan EPA,2015,檢索索引已合併同名、同單位、同係數的重複列；原始資料仍保留於 tier1_unified.csv。
有害事業廢棄物穩定化/固化處理服務,0.29,kg,公斤(kg),Taiwan EPA,TW,Taiwan Local,2015,環境部,1,有害事業廢棄物穩定化/固化處理服務 kg 台灣 環保署,有害事業廢棄物穩定化/固化處理服務 | kg | 0.29,1,MOENV CFP | Taiwan EPA,2015,檢索索引已合併同名、同單位、同係數的重複列；原始資料仍保留於 tier1_unified.csv。
廢溶劑蒸餾回收處理服務,0.21,kg,公斤(kg),Taiwan EPA,TW,Taiwan Local,2015,環境部,1,廢溶劑蒸餾回收處理服務 kg 台灣 環保署,廢溶劑蒸餾回收處理服務 | kg | 0.21,1,MOENV CFP | Taiwan EPA,2015,檢索索引已合併同名、同單位、同係數的重複列；原始資料仍保留於 tier1_unified.csv。
石膏板,0.51,kg,公斤(kg),Taiwan EPA,TW,Taiwan Local,2015,環境部,1,石膏板 kg 台灣 環保署,石膏板 | kg | 0.51,1,MOENV CFP | Taiwan EPA,2015,檢索索引已合併同名、同單位、同係數的重複列；原始資料仍保留於 tier1_unified.csv。
聚酯半延伸絲,4.14,kg,公斤(kg),Taiwan EPA,TW,Taiwan Local,2015,環境部,1,聚酯半延伸絲 kg 台灣 環保署,聚酯半延伸絲 | kg | 4.14,1,MOENV CFP | Taiwan EPA,2015,檢索索引已合併同名、同單位、同係數的重複列；原始資料仍保留於 tier1_unified.csv。
聚酯加工絲,5.04,kg,公斤(kg),Taiwan EPA,TW,Taiwan Local,2015,環境部,1,聚酯加工絲 kg 台灣 環保署,聚酯加工絲 | kg | 5.04,1,MOENV CFP | Taiwan EPA,2015,檢索索引已合併同名、同單位、同係數的重複列；原始資料仍保留於 tier1_unified.csv。
聚醯胺粒,7.1,kg,公斤(kg),Taiwan EPA,TW,Taiwan Local,2015,環境部,1,聚醯胺粒 kg 台灣 環保署,聚醯胺粒 | kg | 7.1,1,MOENV CFP | Taiwan EPA,2015,檢索索引已合併同名、同單位、同係數的重複列；原始資料仍保留於 tier1_unified.csv。
聚醯胺絲,8.81,kg,公斤(kg),Taiwan EPA,TW,Taiwan Local,2015,環境部,1,聚醯胺絲 kg 台灣 環保署,聚醯胺絲 | kg | 8.81,1,MOENV CFP | Taiwan EPA,2015,檢索索引已合併同名、同單位、同係數的重複列；原始資料仍保留於 tier1_unified.csv。
醋酸乙烯單體,3.31,kg,公斤(kg),Taiwan EPA,TW,Taiwan Local,2015,環境部,1,醋酸乙烯單體 kg 台灣 環保署,醋酸乙烯單體 | kg | 3.31,1,MOENV CFP | Taiwan EPA,2015,檢索索引已合併同名、同單位、同係數的重複列；原始資料仍保留於 tier1_unified.csv。
發煙硫酸,0.22,kg,公斤(kg),Taiwan EPA,TW,Taiwan Local,2015,環境部,1,發煙硫酸 kg 台灣 環保署,發煙硫酸 | kg | 0.22,1,MOENV CFP | Taiwan EPA,2015,檢索索引已合併同名、同單位、同係數的重複列；原始資料仍保留於 tier1_unified.csv。
鹽酸，32％(電子級),0.68,kg,公斤(kg),Taiwan EPA,TW,Taiwan Local,2015,環境部,1,鹽酸，32％(電子級) kg 台灣 環保署,鹽酸，32％(電子級) | kg | 0.68,1,MOENV CFP | Taiwan EPA,2015,檢索索引已合併同名、同單位、同係數的重複列；原始資料仍保留於 tier1_unified.csv。
多元氯化鋁(鋁灰鹽酸法),0.5,kg,公斤(kg),Taiwan EPA,TW,Taiwan Local,2015,環境部,1,多元氯化鋁(鋁灰鹽酸法) kg 台灣 環保署,多元氯化鋁(鋁灰鹽酸法) | kg | 0.5,1,MOENV CFP | Taiwan EPA,2015,檢索索引已合併同名、同單位、同係數的重複列；原始資料仍保留於 tier1_unified.csv。
多元氯化鋁(氧化還原置換法),0.03,kg,公斤(kg),Taiwan EPA,TW,Taiwan Local,2015,環境部,1,多元氯化鋁(氧化還原置換法) kg 台灣 環保署,多元氯化鋁(氧化還原置換法) | kg | 0.03,1,MOENV CFP | Taiwan EPA,2015,檢索索引已合併同名、同單位、同係數的重複列；原始資料仍保留於 tier1_unified.csv。
硫酸銨,1.68,kg,公斤(kg),Taiwan EPA,TW,Taiwan Local,2015,環境部,1,硫酸銨 kg 台灣 環保署,硫酸銨 | kg | 1.68,1,MOENV CFP | Taiwan EPA,2015,檢索索引已合併同名、同單位、同係數的重複列；原始資料仍保留於 tier1_unified.csv。
酚醛樹脂,2.5,kg,公斤(kg),Taiwan EPA,TW,Taiwan Local,2015,環境部,1,酚醛樹脂 kg 台灣 環保署,酚醛樹脂 | kg | 2.5,1,MOENV CFP | Taiwan EPA,2015,檢索索引已合併同名、同單位、同係數的重複列；原始資料仍保留於 tier1_unified.csv。
聚甲基丙烯酸甲酯,4.19,kg,公斤(kg),Taiwan EPA,TW,Taiwan Local,2015,環境部,1,聚甲基丙烯酸甲酯 kg 台灣 環保署,聚甲基丙烯酸甲酯 | kg | 4.19,0,Taiwan EPA,2015,
乙烯-乙烯醇共聚物,6.19,kg,公斤(kg),Taiwan EPA,TW,Taiwan Local,2015,環境部,1,乙烯-乙烯醇共聚物 kg 台灣 環保署,乙烯-乙烯醇共聚物 | kg | 6.19,1,MOENV CFP | Taiwan EPA,2015,檢索索引已合併同名、同單位、同係數的重複列；原始資料仍保留於 tier1_unified.csv。
鋼筋,0.66,kg,公斤(kg),Taiwan EPA,TW,Taiwan Local,2015,環境部,1,鋼筋 kg 台灣 環保署,鋼筋 | kg | 0.66,1,MOENV CFP | Taiwan EPA,2015,檢索索引已合併同名、同單位、同係數的重複列；原始資料仍保留於 tier1_unified.csv。
碳鋼鋼胚(電弧爐製程),0.53,kg,公斤(kg),Taiwan EPA,TW,Taiwan Local,2015,環境部,1,碳鋼鋼胚(電弧爐製程) kg 台灣 環保署,碳鋼鋼胚(電弧爐製程) | kg | 0.53,1,MOENV CFP | Taiwan EPA,2015,檢索索引已合併同名、同單位、同係數的重複列；原始資料仍保留於 tier1_unified.csv。
LED 路燈(70W),650.0,piece,個,Taiwan EPA,TW,Taiwan Local,2015,堤維西交通工業股份有限公司,1,LED 路燈(70W) piece 台灣 環保署,LED 路燈(70W) | piece | 650.0,1,MOENV CFP | Taiwan EPA,2015,檢索索引已合併同名、同單位、同係數的重複列；原始資料仍保留於 tier1_unified.csv。
高速鐵路運輸服務,0.038,pkm,延人公里(pkm),Taiwan EPA,TW,Taiwan Local,2015,環境部、台灣高速鐵路股份有限公司,1,高速鐵路運輸服務 pkm 台灣 環保署,高速鐵路運輸服務 | pkm | 0.038,0,Taiwan EPA,2015,
不鏽鋼三層牆角架(5327S),7.87,kg,公斤(kg),Taiwan EPA,TW,Taiwan Local,2015,環境部、朝盟股份有限公司,1,不鏽鋼三層牆角架(5327S) kg 台灣 環保署,不鏽鋼三層牆角架(5327S) | kg | 7.87,1,MOENV CFP | Taiwan EPA,2015,檢索索引已合併同名、同單位、同係數的重複列；原始資料仍保留於 tier1_unified.csv。
不鏽鋼衛生紙架(9307S，抽取式),2.53,kg,公斤(kg),Taiwan EPA,TW,Taiwan Local,2015,環境部、朝盟股份有限公司,1,不鏽鋼衛生紙架(9307S，抽取式) kg 台灣 環保署,不鏽鋼衛生紙架(9307S，抽取式) | kg | 2.53,1,MOENV CFP | Taiwan EPA,2015,檢索索引已合併同名、同單位、同係數的重複列；原始資料仍保留於 tier1_unified.csv。
不鏽鋼置物毛巾架(9310S，單管),7.53,kg,公斤(kg),Taiwan EPA,TW,Taiwan Local,2015,環境部、朝盟股份有限公司,1,不鏽鋼置物毛巾架(9310S，單管) kg 台灣 環保署,不鏽鋼置物毛巾架(9310S，單管) | kg | 7.53,1,MOENV CFP | Taiwan EPA,2015,檢索索引已合併同名、同單位、同係數的重複列；原始資料仍保留於 tier1_unified.csv。
不鏽鋼置物毛巾架(9322S，雙管),10.19,kg,公斤(kg),Taiwan EPA,TW,Taiwan Local,2015,環境部、朝盟股份有限公司,1,不鏽鋼置物毛巾架(9322S，雙管) kg 台灣 環保署,不鏽鋼置物毛巾架(9322S，雙管) | kg | 10.19,1,MOENV CFP | Taiwan EPA,2015,檢索索引已合併同名、同單位、同係數的重複列；原始資料仍保留於 tier1_unified.csv。
不鏽鋼雙層牆角架(5326S),5.76,kg,公斤(kg),Taiwan EPA,TW,Taiwan Local,2015,環境部、朝盟股份有限公司,1,不鏽鋼雙層牆角架(5326S) kg 台灣 環保署,不鏽鋼雙層牆角架(5326S) | kg | 5.76,1,MOENV CFP | Taiwan EPA,2015,檢索索引已合併同名、同單位、同係數的重複列；原始資料仍保留於 tier1_unified.csv。
不鏽鋼雙層牆角架含底座(9239S),7.47,kg,公斤(kg),Taiwan EPA,TW,Taiwan Local,2015,環境部、朝盟股份有限公司,1,不鏽鋼雙層牆角架含底座(9239S) kg 台灣 環保署,不鏽鋼雙層牆角架含底座(9239S) | kg | 7.47,1,MOENV CFP | Taiwan EPA,2015,檢索索引已合併同名、同單位、同係數的重複列；原始資料仍保留於 tier1_unified.csv。
不鏽鋼雙層牆角架(9022HS),6.48,kg,公斤(kg),Taiwan EPA,TW,Taiwan Local,2015,環境部、朝盟股份有限公司,1,不鏽鋼雙層牆角架(9022HS) kg 台灣 環保署,不鏽鋼雙層牆角架(9022HS) | kg | 6.48,1,MOENV CFP | Taiwan EPA,2015,檢索索引已合併同名、同單位、同係數的重複列；原始資料仍保留於 tier1_unified.csv。
不鏽鋼牆角架(9020S，大),3.33,kg,公斤(kg),Taiwan EPA,TW,Taiwan Local,2015,環境部、朝盟股份有限公司,1,不鏽鋼牆角架(9020S，大) kg 台灣 環保署,不鏽鋼牆角架(9020S，大) | kg | 3.33,1,MOENV CFP | Taiwan EPA,2015,檢索索引已合併同名、同單位、同係數的重複列；原始資料仍保留於 tier1_unified.csv。
不鏽鋼掛式砧板刀架(6554S),5.23,kg,公斤(kg),Taiwan EPA,TW,Taiwan Local,2015,環境部、朝盟股份有限公司,1,不鏽鋼掛式砧板刀架(6554S) kg 台灣 環保署,不鏽鋼掛式砧板刀架(6554S) | kg | 5.23,1,MOENV CFP | Taiwan EPA,2015,檢索索引已合併同名、同單位、同係數的重複列；原始資料仍保留於 tier1_unified.csv。
不鏽鋼廚用雙層置物架(3230S),10.28,kg,公斤(kg),Taiwan EPA,TW,Taiwan Local,2015,環境部、朝盟股份有限公司,1,不鏽鋼廚用雙層置物架(3230S) kg 台灣 環保署,不鏽鋼廚用雙層置物架(3230S) | kg | 10.28,1,MOENV CFP | Taiwan EPA,2015,檢索索引已合併同名、同單位、同係數的重複列；原始資料仍保留於 tier1_unified.csv。
炊粉,0.57,kg,公斤(kg),Taiwan EPA,TW,Taiwan Local,2015,新華米粉廠有限公司,1,炊粉 kg 台灣 環保署,炊粉 | kg | 0.57,1,MOENV CFP | Taiwan EPA,2015,檢索索引已合併同名、同單位、同係數的重複列；原始資料仍保留於 tier1_unified.csv。
摃丸,1.72,kg,公斤(kg),Taiwan EPA,TW,Taiwan Local,2015,新宇禎福記摃丸有限公司,1,摃丸 kg 台灣 環保署,摃丸 | kg | 1.72,1,MOENV CFP | Taiwan EPA,2015,檢索索引已合併同名、同單位、同係數的重複列；原始資料仍保留於 tier1_unified.csv。
電池感應式水龍頭(HB-4100LR),19.41,kg,公斤(kg),Taiwan EPA,TW,Taiwan Local,2015,牧新科技股份有限公司,1,電池感應式水龍頭(HB-4100LR) kg 台灣 環保署,電池感應式水龍頭(HB-4100LR) | kg | 19.41,1,MOENV CFP | Taiwan EPA,2015,檢索索引已合併同名、同單位、同係數的重複列；原始資料仍保留於 tier1_unified.csv。
插電感應式水龍頭(H-4100LR),16.98,kg,公斤(kg),Taiwan EPA,TW,Taiwan Local,2015,牧新科技股份有限公司,1,插電感應式水龍頭(H-4100LR) kg 台灣 環保署,插電感應式水龍頭(H-4100LR) | kg | 16.98,1,MOENV CFP | Taiwan EPA,2015,檢索索引已合併同名、同單位、同係數的重複列；原始資料仍保留於 tier1_unified.csv。
石質地磚,4.5,kg,公斤(kg),Taiwan EPA,TW,Taiwan Local,2015,宏洲窯業股份有限公司,1,石質地磚 kg 台灣 環保署,石質地磚 | kg | 4.5,1,MOENV CFP | Taiwan EPA,2015,檢索索引已合併同名、同單位、同係數的重複列；原始資料仍保留於 tier1_unified.csv。
鮮蛋,0.28,顆,顆,Taiwan EPA,TW,Taiwan Local,2015,石安牧場,1,鮮蛋 顆 台灣 環保署,鮮蛋 | 顆 | 0.28,1,MOENV CFP | Taiwan EPA,2015,檢索索引已合併同名、同單位、同係數的重複列；原始資料仍保留於 tier1_unified.csv。
養殖冷凍白蝦,9.37,kg,公斤(kg),Taiwan EPA,TW,Taiwan Local,2015,行政院農業委員會漁業署,1,養殖冷凍白蝦 kg 台灣 環保署,養殖冷凍白蝦 | kg | 9.37,1,MOENV CFP | Taiwan EPA,2015,檢索索引已合併同名、同單位、同係數的重複列；原始資料仍保留於 tier1_unified.csv。
養殖文蛤,4.87,kg,公斤(kg),Taiwan EPA,TW,Taiwan Local,2015,行政院農業委員會漁業署,1,養殖文蛤 kg 台灣 環保署,養殖文蛤 | kg | 4.87,1,MOENV CFP | Taiwan EPA,2015,檢索索引已合併同名、同單位、同係數的重複列；原始資料仍保留於 tier1_unified.csv。
醬油(黑豆釀造),2.22,kg,公斤(kg),Taiwan EPA,TW,Taiwan Local,2015,衛生福利部食品藥物管理署,1,醬油(黑豆釀造) kg 台灣 環保署,醬油(黑豆釀造) | kg | 2.22,1,MOENV CFP | Taiwan EPA,2015,檢索索引已合併同名、同單位、同係數的重複列；原始資料仍保留於 tier1_unified.csv。
醬油(黃豆釀造),1.68,kg,公斤(kg),Taiwan EPA,TW,Taiwan Local,2015,衛生福利部食品藥物管理署,1,醬油(黃豆釀造) kg 台灣 環保署,醬油(黃豆釀造) | kg | 1.68,1,MOENV CFP | Taiwan EPA,2015,檢索索引已合併同名、同單位、同係數的重複列；原始資料仍保留於 tier1_unified.csv。
醬油(高蛋白豆片釀造),849.88,kg,公斤(kg),Taiwan EPA,TW,Taiwan Local,2015,衛生福利部食品藥物管理署,1,醬油(高蛋白豆片釀造) kg 台灣 環保署,醬油(高蛋白豆片釀造) | kg | 849.88,1,MOENV CFP | Taiwan EPA,2015,檢索索引已合併同名、同單位、同係數的重複列；原始資料仍保留於 tier1_unified.csv。
芝麻油,614.64,kg,公斤(kg),Taiwan EPA,TW,Taiwan Local,2015,衛生福利部食品藥物管理署,1,芝麻油 kg 台灣 環保署,芝麻油 | kg | 614.64,1,MOENV CFP | Taiwan EPA,2015,檢索索引已合併同名、同單位、同係數的重複列；原始資料仍保留於 tier1_unified.csv。
七星鱸,4.87,kg,公斤(kg),Taiwan EPA,TW,Taiwan Local,2015,衛生福利部食品藥物管理署,1,七星鱸 kg 台灣 環保署,七星鱸 | kg | 4.87,1,MOENV CFP | Taiwan EPA,2015,檢索索引已合併同名、同單位、同係數的重複列；原始資料仍保留於 tier1_unified.csv。
矽藻土,1.02,kg,公斤(kg),Taiwan EPA,TW,Taiwan Local,2015,經濟部工業局「103年製造業產品碳足跡輔導與推廣計畫」,1,矽藻土 kg 台灣 環保署,矽藻土 | kg | 1.02,1,MOENV CFP | Taiwan EPA,2015,檢索索引已合併同名、同單位、同係數的重複列；原始資料仍保留於 tier1_unified.csv。
活性沸石,3.47,kg,公斤(kg),Taiwan EPA,TW,Taiwan Local,2015,經濟部工業局「103年製造業產品碳足跡輔導與推廣計畫」,1,活性沸石 kg 台灣 環保署,活性沸石 | kg | 3.47,1,MOENV CFP | Taiwan EPA,2015,檢索索引已合併同名、同單位、同係數的重複列；原始資料仍保留於 tier1_unified.csv。
生石灰,1.25,kg,公斤(kg),Taiwan EPA,TW,Taiwan Local,2015,經濟部工業局「103年製造業產品碳足跡輔導與推廣計畫」,1,生石灰 kg 台灣 環保署,生石灰 | kg | 1.25,1,MOENV CFP | Taiwan EPA,2015,檢索索引已合併同名、同單位、同係數的重複列；原始資料仍保留於 tier1_unified.csv。
石膏,0.35,kg,公斤(kg),Taiwan EPA,TW,Taiwan Local,2015,經濟部工業局「103年製造業產品碳足跡輔導與推廣計畫」,1,石膏 kg 台灣 環保署,石膏 | kg | 0.35,1,MOENV CFP | Taiwan EPA,2015,檢索索引已合併同名、同單位、同係數的重複列；原始資料仍保留於 tier1_unified.csv。
聚醯胺66(尼龍66),7.21,kg,公斤(kg),Taiwan EPA,TW,Taiwan Local,2015,經濟部工業局「103年製造業產品碳足跡輔導與推廣計畫」,1,聚醯胺66(尼龍66) kg 台灣 環保署,聚醯胺66(尼龍66) | kg | 7.21,1,MOENV CFP | Taiwan EPA,2015,檢索索引已合併同名、同單位、同係數的重複列；原始資料仍保留於 tier1_unified.csv。
聚酯纖維棉(已精梳，供紡織用),4.52,kg,公斤(kg),Taiwan EPA,TW,Taiwan Local,2015,經濟部工業局「103年製造業產品碳足跡輔導與推廣計畫」,1,聚酯纖維棉(已精梳，供紡織用) kg 台灣 環保署,聚酯纖維棉(已精梳，供紡織用) | kg | 4.52,1,MOENV CFP | Taiwan EPA,2015,檢索索引已合併同名、同單位、同係數的重複列；原始資料仍保留於 tier1_unified.csv。
氯化鉀(非肥料用),0.21,kg,公斤(kg),Taiwan EPA,TW,Taiwan Local,2015,經濟部工業局「103年製造業產品碳足跡輔導與推廣計畫」,1,氯化鉀(非肥料用) kg 台灣 環保署,氯化鉀(非肥料用) | kg | 0.21,1,MOENV CFP | Taiwan EPA,2015,檢索索引已合併同名、同單位、同係數的重複列；原始資料仍保留於 tier1_unified.csv。
氯化鉀(肥料用),0.61,kg,公斤(kg),Taiwan EPA,TW,Taiwan Local,2015,經濟部工業局「103年製造業產品碳足跡輔導與推廣計畫」,1,氯化鉀(肥料用) kg 台灣 環保署,氯化鉀(肥料用) | kg | 0.61,1,MOENV CFP | Taiwan EPA,2015,檢索索引已合併同名、同單位、同係數的重複列；原始資料仍保留於 tier1_unified.csv。
硫代硫酸鈉(結晶、無水),4.99,kg,公斤(kg),Taiwan EPA,TW,Taiwan Local,2015,經濟部工業局「103年製造業產品碳足跡輔導與推廣計畫」,1,硫代硫酸鈉(結晶、無水) kg 台灣 環保署,硫代硫酸鈉(結晶、無水) | kg | 4.99,1,MOENV CFP | Taiwan EPA,2015,檢索索引已合併同名、同單位、同係數的重複列；原始資料仍保留於 tier1_unified.csv。
亞硫酸鈉,1.08,kg,公斤(kg),Taiwan EPA,TW,Taiwan Local,2015,經濟部工業局「103年製造業產品碳足跡輔導與推廣計畫」,1,亞硫酸鈉 kg 台灣 環保署,亞硫酸鈉 | kg | 1.08,1,MOENV CFP | Taiwan EPA,2015,檢索索引已合併同名、同單位、同係數的重複列；原始資料仍保留於 tier1_unified.csv。
次氯酸鈉(工業用),0.51,kg,公斤(kg),Taiwan EPA,TW,Taiwan Local,2015,經濟部工業局「103年製造業產品碳足跡輔導與推廣計畫」,1,次氯酸鈉(工業用) kg 台灣 環保署,次氯酸鈉(工業用) | kg | 0.51,1,MOENV CFP | Taiwan EPA,2015,檢索索引已合併同名、同單位、同係數的重複列；原始資料仍保留於 tier1_unified.csv。
中密度纖維板,1.12,kg,公斤(kg),Taiwan EPA,TW,Taiwan Local,2015,經濟部工業局「103年製造業產品碳足跡輔導與推廣計畫」,1,中密度纖維板 kg 台灣 環保署,中密度纖維板 | kg | 1.12,1,MOENV CFP | Taiwan EPA,2015,檢索索引已合併同名、同單位、同係數的重複列；原始資料仍保留於 tier1_unified.csv。
瓦楞芯紙(原紙),0.72,kg,公斤(kg),Taiwan EPA,TW,Taiwan Local,2015,經濟部工業局「103年製造業產品碳足跡輔導與推廣計畫」,1,瓦楞芯紙(原紙) kg 台灣 環保署,瓦楞芯紙(原紙) | kg | 0.72,1,MOENV CFP | Taiwan EPA,2015,檢索索引已合併同名、同單位、同係數的重複列；原始資料仍保留於 tier1_unified.csv。
硝酸銨,1.76,kg,公斤(kg),Taiwan EPA,TW,Taiwan Local,2015,經濟部工業局「103年製造業產品碳足跡輔導與推廣計畫」,1,硝酸銨 kg 台灣 環保署,硝酸銨 | kg | 1.76,1,MOENV CFP | Taiwan EPA,2015,檢索索引已合併同名、同單位、同係數的重複列；原始資料仍保留於 tier1_unified.csv。
馬口鐵,2.43,kg,公斤(kg),Taiwan EPA,TW,Taiwan Local,2015,經濟部工業局「104年製造業產品碳足跡輔導與推廣計畫」,1,馬口鐵 kg 台灣 環保署,馬口鐵 | kg | 2.43,1,MOENV CFP | Taiwan EPA,2015,檢索索引已合併同名、同單位、同係數的重複列；原始資料仍保留於 tier1_unified.csv。
尿素,1.65,kg,公斤(kg),Taiwan EPA,TW,Taiwan Local,2015,經濟部工業局「103年製造業產品碳足跡輔導與推廣計畫」,1,尿素 kg 台灣 環保署,尿素 | kg | 1.65,1,MOENV CFP | Taiwan EPA,2015,檢索索引已合併同名、同單位、同係數的重複列；原始資料仍保留於 tier1_unified.csv。
再生料-廢鐵容器-碎鐵（含容器廢棄階段）,0.26,kg,公斤(kg),Taiwan EPA,TW,Taiwan Local,2015,環境部回收基管會,1,再生料-廢鐵容器-碎鐵（含容器廢棄階段） kg 台灣 環保署,再生料-廢鐵容器-碎鐵（含容器廢棄階段） | kg | 0.26,1,MOENV CFP | Taiwan EPA,2015,檢索索引已合併同名、同單位、同係數的重複列；原始資料仍保留於 tier1_unified.csv。
再生料-廢鋁容器-鋁錠（含容器廢棄階段）,1.23,kg,公斤(kg),Taiwan EPA,TW,Taiwan Local,2015,環境部回收基管會,1,再生料-廢鋁容器-鋁錠（含容器廢棄階段） kg 台灣 環保署,再生料-廢鋁容器-鋁錠（含容器廢棄階段） | kg | 1.23,1,MOENV CFP | Taiwan EPA,2015,檢索索引已合併同名、同單位、同係數的重複列；原始資料仍保留於 tier1_unified.csv。
再生料-廢塑膠容器-發泡PS廢塑膠粒（含容器廢棄階段）,0.66,kg,公斤(kg),Taiwan EPA,TW,Taiwan Local,2015,環境部回收基管會,1,再生料-廢塑膠容器-發泡PS廢塑膠粒（含容器廢棄階段） kg 台灣 環保署,再生料-廢塑膠容器-發泡PS廢塑膠粒（含容器廢棄階段） | kg | 0.66,1,MOENV CFP | Taiwan EPA,2015,檢索索引已合併同名、同單位、同係數的重複列；原始資料仍保留於 tier1_unified.csv。
再生料-廢紙容器-脫墨紙漿（含容器廢棄階段）,0.36,kg,公斤(kg),Taiwan EPA,TW,Taiwan Local,2015,環境部回收基管會,1,再生料-廢紙容器-脫墨紙漿（含容器廢棄階段） kg 台灣 環保署,再生料-廢紙容器-脫墨紙漿（含容器廢棄階段） | kg | 0.36,1,MOENV CFP | Taiwan EPA,2015,檢索索引已合併同名、同單位、同係數的重複列；原始資料仍保留於 tier1_unified.csv。
再生料-廢玻璃容器-玻璃砂（含容器廢棄階段）,0.12,kg,公斤(kg),Taiwan EPA,TW,Taiwan Local,2015,環境部回收基管會,1,再生料-廢玻璃容器-玻璃砂（含容器廢棄階段） kg 台灣 環保署,再生料-廢玻璃容器-玻璃砂（含容器廢棄階段） | kg | 0.12,1,MOENV CFP | Taiwan EPA,2015,檢索索引已合併同名、同單位、同係數的重複列；原始資料仍保留於 tier1_unified.csv。
再生料-廢容器-未發泡PS廢塑膠片（含容器廢棄階段）,0.22,kg,公斤(kg),Taiwan EPA,TW,Taiwan Local,2015,環境部回收基管會,1,再生料-廢容器-未發泡PS廢塑膠片（含容器廢棄階段） kg 台灣 環保署,再生料-廢容器-未發泡PS廢塑膠片（含容器廢棄階段） | kg | 0.22,1,MOENV CFP | Taiwan EPA,2015,檢索索引已合併同名、同單位、同係數的重複列；原始資料仍保留於 tier1_unified.csv。
再生料-廢容器-PVC廢塑膠片（含容器廢棄階段）,0.24,kg,公斤(kg),Taiwan EPA,TW,Taiwan Local,2015,環境部回收基管會,1,再生料-廢容器-PVC廢塑膠片（含容器廢棄階段） kg 台灣 環保署,再生料-廢容器-PVC廢塑膠片（含容器廢棄階段） | kg | 0.24,1,MOENV CFP | Taiwan EPA,2015,檢索索引已合併同名、同單位、同係數的重複列；原始資料仍保留於 tier1_unified.csv。
再生料-廢容器-PP廢塑膠片（含容器廢棄階段）,0.35,kg,公斤(kg),Taiwan EPA,TW,Taiwan Local,2015,環境部回收基管會,1,再生料-廢容器-PP廢塑膠片（含容器廢棄階段） kg 台灣 環保署,再生料-廢容器-PP廢塑膠片（含容器廢棄階段） | kg | 0.35,1,MOENV CFP | Taiwan EPA,2015,檢索索引已合併同名、同單位、同係數的重複列；原始資料仍保留於 tier1_unified.csv。
再生料-廢容器-PET廢塑膠片（含容器廢棄階段）,0.39,kg,公斤(kg),Taiwan EPA,TW,Taiwan Local,2015,環境部回收基管會,1,再生料-廢容器-PET廢塑膠片（含容器廢棄階段） kg 台灣 環保署,再生料-廢容器-PET廢塑膠片（含容器廢棄階段） | kg | 0.39,1,MOENV CFP | Taiwan EPA,2015,檢索索引已合併同名、同單位、同係數的重複列；原始資料仍保留於 tier1_unified.csv。
再生料-廢容器-PE廢塑膠片（含容器廢棄階段）,0.22,kg,公斤(kg),Taiwan EPA,TW,Taiwan Local,2015,環境部回收基管會,1,再生料-廢容器-PE廢塑膠片（含容器廢棄階段） kg 台灣 環保署,再生料-廢容器-PE廢塑膠片（含容器廢棄階段） | kg | 0.22,1,MOENV CFP | Taiwan EPA,2015,檢索索引已合併同名、同單位、同係數的重複列；原始資料仍保留於 tier1_unified.csv。
再生料-廢鐵容器-碎鐵,0.25,kg,公斤(kg),Taiwan EPA,TW,Taiwan Local,2015,環境部回收基管會,1,再生料-廢鐵容器-碎鐵 kg 台灣 環保署,再生料-廢鐵容器-碎鐵 | kg | 0.25,1,MOENV CFP | Taiwan EPA,2015,檢索索引已合併同名、同單位、同係數的重複列；原始資料仍保留於 tier1_unified.csv。
再生料-廢鋁容器-鋁錠,1.19,kg,公斤(kg),Taiwan EPA,TW,Taiwan Local,2015,環境部回收基管會,1,再生料-廢鋁容器-鋁錠 kg 台灣 環保署,再生料-廢鋁容器-鋁錠 | kg | 1.19,1,MOENV CFP | Taiwan EPA,2015,檢索索引已合併同名、同單位、同係數的重複列；原始資料仍保留於 tier1_unified.csv。
再生料-廢塑膠容器-發泡PS廢塑膠粒,0.53,kg,公斤(kg),Taiwan EPA,TW,Taiwan Local,2015,環境部回收基管會,1,再生料-廢塑膠容器-發泡PS廢塑膠粒 kg 台灣 環保署,再生料-廢塑膠容器-發泡PS廢塑膠粒 | kg | 0.53,1,MOENV CFP | Taiwan EPA,2015,檢索索引已合併同名、同單位、同係數的重複列；原始資料仍保留於 tier1_unified.csv。
再生料-廢紙容器-脫墨紙漿,0.32,kg,公斤(kg),Taiwan EPA,TW,Taiwan Local,2015,環境部回收基管會,1,再生料-廢紙容器-脫墨紙漿 kg 台灣 環保署,再生料-廢紙容器-脫墨紙漿 | kg | 0.32,1,MOENV CFP | Taiwan EPA,2015,檢索索引已合併同名、同單位、同係數的重複列；原始資料仍保留於 tier1_unified.csv。
再生料-廢玻璃容器-玻璃砂,0.11,kg,公斤(kg),Taiwan EPA,TW,Taiwan Local,2015,環境部回收基管會,1,再生料-廢玻璃容器-玻璃砂 kg 台灣 環保署,再生料-廢玻璃容器-玻璃砂 | kg | 0.11,1,MOENV CFP | Taiwan EPA,2015,檢索索引已合併同名、同單位、同係數的重複列；原始資料仍保留於 tier1_unified.csv。
再生料-廢容器-未發泡PS廢塑膠片,0.2,kg,公斤(kg),Taiwan EPA,TW,Taiwan Local,2015,環境部回收基管會,1,再生料-廢容器-未發泡PS廢塑膠片 kg 台灣 環保署,再生料-廢容器-未發泡PS廢塑膠片 | kg | 0.2,1,MOENV CFP | Taiwan EPA,2015,檢索索引已合併同名、同單位、同係數的重複列；原始資料仍保留於 tier1_unified.csv。
再生料-廢容器-PVC廢塑膠片,0.22,kg,公斤(kg),Taiwan EPA,TW,Taiwan Local,2015,環境部回收基管會,1,再生料-廢容器-PVC廢塑膠片 kg 台灣 環保署,再生料-廢容器-PVC廢塑膠片 | kg | 0.22,1,MOENV CFP | Taiwan EPA,2015,檢索索引已合併同名、同單位、同係數的重複列；原始資料仍保留於 tier1_unified.csv。
再生料-廢容器-PP廢塑膠片,0.32,kg,公斤(kg),Taiwan EPA,TW,Taiwan Local,2015,環境部回收基管會,1,再生料-廢容器-PP廢塑膠片 kg 台灣 環保署,再生料-廢容器-PP廢塑膠片 | kg | 0.32,1,MOENV CFP | Taiwan EPA,2015,檢索索引已合併同名、同單位、同係數的重複列；原始資料仍保留於 tier1_unified.csv。
再生料-廢容器-PET廢塑膠片,0.35,kg,公斤(kg),Taiwan EPA,TW,Taiwan Local,2015,環境部回收基管會,1,再生料-廢容器-PET廢塑膠片 kg 台灣 環保署,再生料-廢容器-PET廢塑膠片 | kg | 0.35,1,MOENV CFP | Taiwan EPA,2015,檢索索引已合併同名、同單位、同係數的重複列；原始資料仍保留於 tier1_unified.csv。
再生料-廢容器-PE廢塑膠片,0.2,kg,公斤(kg),Taiwan EPA,TW,Taiwan Local,2015,環境部回收基管會,1,再生料-廢容器-PE廢塑膠片 kg 台灣 環保署,再生料-廢容器-PE廢塑膠片 | kg | 0.2,1,MOENV CFP | Taiwan EPA,2015,檢索索引已合併同名、同單位、同係數的重複列；原始資料仍保留於 tier1_unified.csv。
再生料-廢照明光源-廢鐵,0.3,kg,公斤(kg),Taiwan EPA,TW,Taiwan Local,2015,環境部回收基管會,1,再生料-廢照明光源-廢鐵 kg 台灣 環保署,再生料-廢照明光源-廢鐵 | kg | 0.3,1,MOENV CFP | Taiwan EPA,2015,檢索索引已合併同名、同單位、同係數的重複列；原始資料仍保留於 tier1_unified.csv。
再生料-廢照明光源-廢鋁,0.3,kg,公斤(kg),Taiwan EPA,TW,Taiwan Local,2015,環境部回收基管會,1,再生料-廢照明光源-廢鋁 kg 台灣 環保署,再生料-廢照明光源-廢鋁 | kg | 0.3,1,MOENV CFP | Taiwan EPA,2015,檢索索引已合併同名、同單位、同係數的重複列；原始資料仍保留於 tier1_unified.csv。
再生料-廢照明光源-廢塑膠,0.33,kg,公斤(kg),Taiwan EPA,TW,Taiwan Local,2015,環境部回收基管會,1,再生料-廢照明光源-廢塑膠 kg 台灣 環保署,再生料-廢照明光源-廢塑膠 | kg | 0.33,1,MOENV CFP | Taiwan EPA,2015,檢索索引已合併同名、同單位、同係數的重複列；原始資料仍保留於 tier1_unified.csv。
再生料-廢照明光源-廢玻璃,0.3,kg,公斤(kg),Taiwan EPA,TW,Taiwan Local,2015,環境部回收基管會,1,再生料-廢照明光源-廢玻璃 kg 台灣 環保署,再生料-廢照明光源-廢玻璃 | kg | 0.3,1,MOENV CFP | Taiwan EPA,2015,檢索索引已合併同名、同單位、同係數的重複列；原始資料仍保留於 tier1_unified.csv。
再生料-廢照明光源-蒸餾汞,1635.66,kg,公斤(kg),Taiwan EPA,TW,Taiwan Local,2015,環境部回收基管會,1,再生料-廢照明光源-蒸餾汞 kg 台灣 環保署,再生料-廢照明光源-蒸餾汞 | kg | 1635.66,1,MOENV CFP | Taiwan EPA,2015,檢索索引已合併同名、同單位、同係數的重複列；原始資料仍保留於 tier1_unified.csv。
再生料-廢照明光源-混合五金廢料,0.3,kg,公斤(kg),Taiwan EPA,TW,Taiwan Local,2015,環境部回收基管會,1,再生料-廢照明光源-混合五金廢料 kg 台灣 環保署,再生料-廢照明光源-混合五金廢料 | kg | 0.3,1,MOENV CFP | Taiwan EPA,2015,檢索索引已合併同名、同單位、同係數的重複列；原始資料仍保留於 tier1_unified.csv。
再生料-廢乾電池-鐵,0.22,kg,公斤(kg),Taiwan EPA,TW,Taiwan Local,2015,環境部回收基管會,1,再生料-廢乾電池-鐵 kg 台灣 環保署,再生料-廢乾電池-鐵 | kg | 0.22,1,MOENV CFP | Taiwan EPA,2015,檢索索引已合併同名、同單位、同係數的重複列；原始資料仍保留於 tier1_unified.csv。
再生料-廢乾電池-鋅,0.16,kg,公斤(kg),Taiwan EPA,TW,Taiwan Local,2015,環境部回收基管會,1,再生料-廢乾電池-鋅 kg 台灣 環保署,再生料-廢乾電池-鋅 | kg | 0.16,1,MOENV CFP | Taiwan EPA,2015,檢索索引已合併同名、同單位、同係數的重複列；原始資料仍保留於 tier1_unified.csv。
再生料-廢乾電池-二氧化錳,0.31,kg,公斤(kg),Taiwan EPA,TW,Taiwan Local,2015,環境部回收基管會,1,再生料-廢乾電池-二氧化錳 kg 台灣 環保署,再生料-廢乾電池-二氧化錳 | kg | 0.31,1,MOENV CFP | Taiwan EPA,2015,檢索索引已合併同名、同單位、同係數的重複列；原始資料仍保留於 tier1_unified.csv。
再生料-廢輪胎-橡膠粉,0.13,kg,公斤(kg),Taiwan EPA,TW,Taiwan Local,2015,環境部回收基管會,1,再生料-廢輪胎-橡膠粉 kg 台灣 環保署,再生料-廢輪胎-橡膠粉 | kg | 0.13,1,MOENV CFP | Taiwan EPA,2015,檢索索引已合併同名、同單位、同係數的重複列；原始資料仍保留於 tier1_unified.csv。
再生料-廢輪胎-橡膠片,0.06,kg,公斤(kg),Taiwan EPA,TW,Taiwan Local,2015,環境部回收基管會,1,再生料-廢輪胎-橡膠片 kg 台灣 環保署,再生料-廢輪胎-橡膠片 | kg | 0.06,1,MOENV CFP | Taiwan EPA,2015,檢索索引已合併同名、同單位、同係數的重複列；原始資料仍保留於 tier1_unified.csv。
再生料-廢鉛蓄電池-鉛錠,0.76,kg,公斤(kg),Taiwan EPA,TW,Taiwan Local,2015,環境部回收基管會,1,再生料-廢鉛蓄電池-鉛錠 kg 台灣 環保署,再生料-廢鉛蓄電池-鉛錠 | kg | 0.76,1,MOENV CFP | Taiwan EPA,2015,檢索索引已合併同名、同單位、同係數的重複列；原始資料仍保留於 tier1_unified.csv。
再生料-廢鉛蓄電池-PP塑膠,0.15,kg,公斤(kg),Taiwan EPA,TW,Taiwan Local,2015,環境部回收基管會,1,再生料-廢鉛蓄電池-PP塑膠 kg 台灣 環保署,再生料-廢鉛蓄電池-PP塑膠 | kg | 0.15,1,MOENV CFP | Taiwan EPA,2015,檢索索引已合併同名、同單位、同係數的重複列；原始資料仍保留於 tier1_unified.csv。
再生料-廢鉛蓄電池-ABS塑膠,0.12,kg,公斤(kg),Taiwan EPA,TW,Taiwan Local,2015,環境部回收基管會,1,再生料-廢鉛蓄電池-ABS塑膠 kg 台灣 環保署,再生料-廢鉛蓄電池-ABS塑膠 | kg | 0.12,1,MOENV CFP | Taiwan EPA,2015,檢索索引已合併同名、同單位、同係數的重複列；原始資料仍保留於 tier1_unified.csv。
小麥粉,0.72,kg,公斤(kg),Taiwan EPA,TW,Taiwan Local,2015,環境部,1,小麥粉 kg 台灣 環保署,小麥粉 | kg | 0.72,1,MOENV CFP | Taiwan EPA,2015,檢索索引已合併同名、同單位、同係數的重複列；原始資料仍保留於 tier1_unified.csv。
馬鈴薯,0.11,kg,公斤(kg),Taiwan EPA,TW,Taiwan Local,2015,環境部,1,馬鈴薯 kg 台灣 環保署,馬鈴薯 | kg | 0.11,1,MOENV CFP | Taiwan EPA,2015,檢索索引已合併同名、同單位、同係數的重複列；原始資料仍保留於 tier1_unified.csv。
氨水,1.61,kg,公斤(kg),Taiwan EPA,TW,Taiwan Local,2015,環境部,1,氨水 kg 台灣 環保署,氨水 | kg | 1.61,1,MOENV CFP | Taiwan EPA,2015,檢索索引已合併同名、同單位、同係數的重複列；原始資料仍保留於 tier1_unified.csv。
碳黑,1.5,kg,公斤(kg),Taiwan EPA,TW,Taiwan Local,2015,環境部,1,碳黑 kg 台灣 環保署,碳黑 | kg | 1.5,1,MOENV CFP | Taiwan EPA,2015,檢索索引已合併同名、同單位、同係數的重複列；原始資料仍保留於 tier1_unified.csv。
液氧,0.39,kg,公斤(kg),Taiwan EPA,TW,Taiwan Local,2015,環境部,1,液氧 kg 台灣 環保署,液氧 | kg | 0.39,1,MOENV CFP | Taiwan EPA,2015,檢索索引已合併同名、同單位、同係數的重複列；原始資料仍保留於 tier1_unified.csv。
氧氣,0.16,kg,公斤(kg),Taiwan EPA,TW,Taiwan Local,2015,環境部,1,氧氣 kg 台灣 環保署,氧氣 | kg | 0.16,1,MOENV CFP | Taiwan EPA,2015,檢索索引已合併同名、同單位、同係數的重複列；原始資料仍保留於 tier1_unified.csv。
氫氣,6.97,kg,公斤(kg),Taiwan EPA,TW,Taiwan Local,2015,環境部,1,氫氣 kg 台灣 環保署,氫氣 | kg | 6.97,1,MOENV CFP | Taiwan EPA,2015,檢索索引已合併同名、同單位、同係數的重複列；原始資料仍保留於 tier1_unified.csv。
乙炔,6.08,kg,公斤(kg),Taiwan EPA,TW,Taiwan Local,2015,環境部,1,乙炔 kg 台灣 環保署,乙炔 | kg | 6.08,1,MOENV CFP | Taiwan EPA,2015,檢索索引已合併同名、同單位、同係數的重複列；原始資料仍保留於 tier1_unified.csv。
丁二烯,1.88,kg,公斤(kg),Taiwan EPA,TW,Taiwan Local,2015,環境部,1,丁二烯 kg 台灣 環保署,丁二烯 | kg | 1.88,0,Taiwan EPA,2015,
丁二烯,1.75,kg,公斤(kg),Taiwan EPA,TW,Taiwan Local,2015,環境部,1,丁二烯 kg 台灣 環保署,丁二烯 | kg | 1.75,1,MOENV CFP | Taiwan EPA,2015,檢索索引已合併同名、同單位、同係數的重複列；原始資料仍保留於 tier1_unified.csv。
丙烯,1.88,kg,公斤(kg),Taiwan EPA,TW,Taiwan Local,2015,環境部,1,丙烯 kg 台灣 環保署,丙烯 | kg | 1.88,0,Taiwan EPA,2015,
丙烯,1.75,kg,公斤(kg),Taiwan EPA,TW,Taiwan Local,2015,環境部,1,丙烯 kg 台灣 環保署,丙烯 | kg | 1.75,1,MOENV CFP | Taiwan EPA,2015,檢索索引已合併同名、同單位、同係數的重複列；原始資料仍保留於 tier1_unified.csv。
乙烯,1.88,kg,公斤(kg),Taiwan EPA,TW,Taiwan Local,2015,環境部,1,乙烯 kg 台灣 環保署,乙烯 | kg | 1.88,0,Taiwan EPA,2015,
乙烯,1.75,kg,公斤(kg),Taiwan EPA,TW,Taiwan Local,2015,環境部,1,乙烯 kg 台灣 環保署,乙烯 | kg | 1.75,1,MOENV CFP | Taiwan EPA,2015,檢索索引已合併同名、同單位、同係數的重複列；原始資料仍保留於 tier1_unified.csv。
甲基丙烯酸甲酯,3.93,kg,公斤(kg),Taiwan EPA,TW,Taiwan Local,2015,環境部,1,甲基丙烯酸甲酯 kg 台灣 環保署,甲基丙烯酸甲酯 | kg | 3.93,1,MOENV CFP | Taiwan EPA,2015,檢索索引已合併同名、同單位、同係數的重複列；原始資料仍保留於 tier1_unified.csv。
發泡聚苯乙烯,1.96,kg,公斤(kg),Taiwan EPA,TW,Taiwan Local,2015,環境部,1,發泡聚苯乙烯 kg 台灣 環保署,發泡聚苯乙烯 | kg | 1.96,1,MOENV CFP | Taiwan EPA,2015,檢索索引已合併同名、同單位、同係數的重複列；原始資料仍保留於 tier1_unified.csv。
高密度聚乙烯(HDPE),2.25,kg,公斤(kg),Taiwan EPA,TW,Taiwan Local,2015,環境部,1,高密度聚乙烯(HDPE) kg 台灣 環保署,高密度聚乙烯(HDPE) | kg | 2.25,1,MOENV CFP | Taiwan EPA,2015,檢索索引已合併同名、同單位、同係數的重複列；原始資料仍保留於 tier1_unified.csv。
聚氨基甲酸脂合成皮(乾式法),8.7,kg,公斤(kg),Taiwan EPA,TW,Taiwan Local,2015,環境部,1,聚氨基甲酸脂合成皮(乾式法) kg 台灣 環保署,聚氨基甲酸脂合成皮(乾式法) | kg | 8.7,1,MOENV CFP | Taiwan EPA,2015,檢索索引已合併同名、同單位、同係數的重複列；原始資料仍保留於 tier1_unified.csv。
聚氨基甲酸脂合成皮(濕式法),8.3,kg,公斤(kg),Taiwan EPA,TW,Taiwan Local,2015,環境部,1,聚氨基甲酸脂合成皮(濕式法) kg 台灣 環保署,聚氨基甲酸脂合成皮(濕式法) | kg | 8.3,1,MOENV CFP | Taiwan EPA,2015,檢索索引已合併同名、同單位、同係數的重複列；原始資料仍保留於 tier1_unified.csv。
聚氨基甲酸乙酯樹脂,3.17,kg,公斤(kg),Taiwan EPA,TW,Taiwan Local,2015,環境部,1,聚氨基甲酸乙酯樹脂 kg 台灣 環保署,聚氨基甲酸乙酯樹脂 | kg | 3.17,1,MOENV CFP | Taiwan EPA,2015,檢索索引已合併同名、同單位、同係數的重複列；原始資料仍保留於 tier1_unified.csv。
熱可塑性橡膠,3.6,kg,公斤(kg),Taiwan EPA,TW,Taiwan Local,2015,環境部,1,熱可塑性橡膠 kg 台灣 環保署,熱可塑性橡膠 | kg | 3.6,0,Taiwan EPA,2015,
聚丁二烯橡膠,2.99,kg,公斤(kg),Taiwan EPA,TW,Taiwan Local,2015,環境部,1,聚丁二烯橡膠 kg 台灣 環保署,聚丁二烯橡膠 | kg | 2.99,0,Taiwan EPA,2015,
丙烯腈-丁二烯橡膠,2.74,kg,公斤(kg),Taiwan EPA,TW,Taiwan Local,2015,環境部,1,丙烯腈-丁二烯橡膠 kg 台灣 環保署,丙烯腈-丁二烯橡膠 | kg | 2.74,1,MOENV CFP | Taiwan EPA,2015,檢索索引已合併同名、同單位、同係數的重複列；原始資料仍保留於 tier1_unified.csv。
液化石油氣(於固定源使用，2013),2.34,l,公升(L),Taiwan EPA,TW,Taiwan Local,2015,環境部,1,液化石油氣(於固定源使用，2013) l 台灣 環保署,液化石油氣(於固定源使用，2013) | l | 2.34,0,Taiwan EPA,2015,
天然氣(於固定源使用，2013),2.59,m3,立方公尺(m3),Taiwan EPA,TW,Taiwan Local,2015,環境部,1,天然氣(於固定源使用，2013) m3 台灣 環保署,天然氣(於固定源使用，2013) | m3 | 2.59,1,MOENV CFP | Taiwan EPA,2015,檢索索引已合併同名、同單位、同係數的重複列；原始資料仍保留於 tier1_unified.csv。
車用汽油(於移動源使用，2013),3.12,l,公升(L),Taiwan EPA,TW,Taiwan Local,2015,環境部,1,車用汽油(於移動源使用，2013) l 台灣 環保署,車用汽油(於移動源使用，2013) | l | 3.12,0,Taiwan EPA,2015,
車用汽油(於固定源使用，2013),3.03,l,公升(L),Taiwan EPA,TW,Taiwan Local,2015,環境部,1,車用汽油(於固定源使用，2013) l 台灣 環保署,車用汽油(於固定源使用，2013) | l | 3.03,0,Taiwan EPA,2015,
車用汽油(未燃燒，2013),0.69,l,公升(L),Taiwan EPA,TW,Taiwan Local,2015,環境部,1,車用汽油(未燃燒，2013) l 台灣 環保署,車用汽油(未燃燒，2013) | l | 0.69,0,Taiwan EPA,2015,
柴油(於移動源使用，2013),3.49,l,公升(L),Taiwan EPA,TW,Taiwan Local,2015,環境部,1,柴油(於移動源使用，2013) l 台灣 環保署,柴油(於移動源使用，2013) | l | 3.49,0,Taiwan EPA,2015,
柴油(於固定源使用，2013),3.46,l,公升(L),Taiwan EPA,TW,Taiwan Local,2015,環境部,1,柴油(於固定源使用，2013) l 台灣 環保署,柴油(於固定源使用，2013) | l | 3.46,0,Taiwan EPA,2015,
柴油(未燃燒，2013),0.76,l,公升(L),Taiwan EPA,TW,Taiwan Local,2015,環境部,1,柴油(未燃燒，2013) l 台灣 環保署,柴油(未燃燒，2013) | l | 0.76,0,Taiwan EPA,2015,
燃料油使用(蒸餘油/重油使用，2013),4.02,l,公升(L),Taiwan EPA,TW,Taiwan Local,2015,環境部,1,燃料油使用(蒸餘油/重油使用，2013) l 台灣 環保署,燃料油使用(蒸餘油/重油使用，2013) | l | 4.02,0,Taiwan EPA,2015,
電力碳足跡(2013),0.66,kwh,度(kwh),Taiwan EPA,TW,Taiwan Local,2015,環境部,1,電力碳足跡(2013) kwh 台灣 環保署,電力碳足跡(2013) | kwh | 0.66,1,MOENV CFP | Taiwan EPA,2015,檢索索引已合併同名、同單位、同係數的重複列；原始資料仍保留於 tier1_unified.csv。
T-12型熱敏CTP版(含顯影劑),8.39,m2,平方公尺(m2),Taiwan EPA,TW,Taiwan Local,2014,太普高精密影像股份有限公司,1,T-12型熱敏CTP版(含顯影劑) m2 台灣 環保署,T-12型熱敏CTP版(含顯影劑) | m2 | 8.39,1,MOENV CFP | Taiwan EPA,2014,檢索索引已合併同名、同單位、同係數的重複列；原始資料仍保留於 tier1_unified.csv。
石英晶體諧振器車用電子零件(AM系列),0.09,顆,顆,Taiwan EPA,TW,Taiwan Local,2014,台灣晶技股份有限公司,1,石英晶體諧振器車用電子零件(AM系列) 顆 台灣 環保署,石英晶體諧振器車用電子零件(AM系列) | 顆 | 0.09,1,MOENV CFP | Taiwan EPA,2014,檢索索引已合併同名、同單位、同係數的重複列；原始資料仍保留於 tier1_unified.csv。
石英晶體諧振器車用電子零件(AB系列),0.09,顆,顆,Taiwan EPA,TW,Taiwan Local,2014,台灣晶技股份有限公司,1,石英晶體諧振器車用電子零件(AB系列) 顆 台灣 環保署,石英晶體諧振器車用電子零件(AB系列) | 顆 | 0.09,1,MOENV CFP | Taiwan EPA,2014,檢索索引已合併同名、同單位、同係數的重複列；原始資料仍保留於 tier1_unified.csv。
石英晶體振盪器(BB系列),0.09,顆,顆,Taiwan EPA,TW,Taiwan Local,2014,台灣晶技股份有限公司,1,石英晶體振盪器(BB系列) 顆 台灣 環保署,石英晶體振盪器(BB系列) | 顆 | 0.09,1,MOENV CFP | Taiwan EPA,2014,檢索索引已合併同名、同單位、同係數的重複列；原始資料仍保留於 tier1_unified.csv。
廢水處理排放服務(南部科學工業園區管理局-台南園區),0.77,mt,公噸(mt),Taiwan EPA,TW,Taiwan Local,2014,南部科學工業園區管理局,1,廢水處理排放服務(南部科學工業園區管理局-台南園區) mt 台灣 環保署,廢水處理排放服務(南部科學工業園區管理局-台南園區) | mt | 0.77,0,Taiwan EPA,2014,
廢水處理排放服務(南部科學工業園區管理局-高雄園區),0.61,mt,公噸(mt),Taiwan EPA,TW,Taiwan Local,2014,南部科學工業園區管理局,1,廢水處理排放服務(南部科學工業園區管理局-高雄園區) mt 台灣 環保署,廢水處理排放服務(南部科學工業園區管理局-高雄園區) | mt | 0.61,0,Taiwan EPA,2014,
盒裝去殼牡蠣,1096.25,mt,公噸(mt),Taiwan EPA,TW,Taiwan Local,2014,行政院農業委員會漁業署,1,盒裝去殼牡蠣 mt 台灣 環保署,盒裝去殼牡蠣 | mt | 1096.25,0,Taiwan EPA,2014,
養殖吳郭魚冷凍魚片,4476.42,mt,公噸(mt),Taiwan EPA,TW,Taiwan Local,2014,行政院農業委員會漁業署,1,養殖吳郭魚冷凍魚片 mt 台灣 環保署,養殖吳郭魚冷凍魚片 | mt | 4476.42,0,Taiwan EPA,2014,
養殖石斑魚條凍,7072.67,mt,公噸(mt),Taiwan EPA,TW,Taiwan Local,2014,行政院農業委員會漁業署,1,養殖石斑魚條凍 mt 台灣 環保署,養殖石斑魚條凍 | mt | 7072.67,0,Taiwan EPA,2014,
養殖石斑魚活體,5834.88,mt,公噸(mt),Taiwan EPA,TW,Taiwan Local,2014,行政院農業委員會漁業署,1,養殖石斑魚活體 mt 台灣 環保署,養殖石斑魚活體 | mt | 5834.88,0,Taiwan EPA,2014,
精製特砂(1公噸，太空袋裝),606.55,mt,公噸(mt),Taiwan EPA,TW,Taiwan Local,2014,台灣糖業公司,1,精製特砂(1公噸，太空袋裝) mt 台灣 環保署,精製特砂(1公噸，太空袋裝) | mt | 606.55,0,Taiwan EPA,2014,
精製特砂(50公斤),29.6,包,包,Taiwan EPA,TW,Taiwan Local,2014,台灣糖業公司,1,精製特砂(50公斤) 包 台灣 環保署,精製特砂(50公斤) | 包 | 29.6,1,MOENV CFP | Taiwan EPA,2014,檢索索引已合併同名、同單位、同係數的重複列；原始資料仍保留於 tier1_unified.csv。
自產二砂(50公斤),57.95,包,包,Taiwan EPA,TW,Taiwan Local,2014,台灣糖業公司,1,自產二砂(50公斤) 包 台灣 環保署,自產二砂(50公斤) | 包 | 57.95,1,MOENV CFP | Taiwan EPA,2014,檢索索引已合併同名、同單位、同係數的重複列；原始資料仍保留於 tier1_unified.csv。
精製細砂(25公斤),15.47,包,包,Taiwan EPA,TW,Taiwan Local,2014,台灣糖業公司,1,精製細砂(25公斤) 包 台灣 環保署,精製細砂(25公斤) | 包 | 15.47,1,MOENV CFP | Taiwan EPA,2014,檢索索引已合併同名、同單位、同係數的重複列；原始資料仍保留於 tier1_unified.csv。
精製二砂(25公斤),14.67,包,包,Taiwan EPA,TW,Taiwan Local,2014,台灣糖業公司,1,精製二砂(25公斤) 包 台灣 環保署,精製二砂(25公斤) | 包 | 14.67,1,MOENV CFP | Taiwan EPA,2014,檢索索引已合併同名、同單位、同係數的重複列；原始資料仍保留於 tier1_unified.csv。
特製液糖(20公噸),7.03,mt,公噸(mt),Taiwan EPA,TW,Taiwan Local,2014,台灣糖業公司,1,特製液糖(20公噸) mt 台灣 環保署,特製液糖(20公噸) | mt | 7.03,0,Taiwan EPA,2014,
非離子性有機界面活性劑,2.75,kg,公斤(kg),Taiwan EPA,TW,Taiwan Local,2014,經濟部工業局,1,非離子性有機界面活性劑 kg 台灣 環保署,非離子性有機界面活性劑 | kg | 2.75,1,MOENV CFP | Taiwan EPA,2014,檢索索引已合併同名、同單位、同係數的重複列；原始資料仍保留於 tier1_unified.csv。
陽離子性有機界面活性劑,2.95,kg,公斤(kg),Taiwan EPA,TW,Taiwan Local,2014,經濟部工業局,1,陽離子性有機界面活性劑 kg 台灣 環保署,陽離子性有機界面活性劑 | kg | 2.95,1,MOENV CFP | Taiwan EPA,2014,檢索索引已合併同名、同單位、同係數的重複列；原始資料仍保留於 tier1_unified.csv。
陰離子性有機界面活性劑,2.84,kg,公斤(kg),Taiwan EPA,TW,Taiwan Local,2014,經濟部工業局,1,陰離子性有機界面活性劑 kg 台灣 環保署,陰離子性有機界面活性劑 | kg | 2.84,1,MOENV CFP | Taiwan EPA,2014,檢索索引已合併同名、同單位、同係數的重複列；原始資料仍保留於 tier1_unified.csv。
合成偶氮類有機顏料,5.03,kg,公斤(kg),Taiwan EPA,TW,Taiwan Local,2014,環境部,1,合成偶氮類有機顏料 kg 台灣 環保署,合成偶氮類有機顏料 | kg | 5.03,1,MOENV CFP | Taiwan EPA,2014,檢索索引已合併同名、同單位、同係數的重複列；原始資料仍保留於 tier1_unified.csv。
營業大貨車(柴油),0.235,tkm,延噸公里(tkm),Taiwan EPA,TW,Taiwan Local,2014,交通部運輸研究所,1,營業大貨車(柴油) tkm 台灣 環保署,營業大貨車(柴油) | tkm | 0.235,0,Taiwan EPA,2014,
營業小貨車(柴油),0.647,tkm,延噸公里(tkm),Taiwan EPA,TW,Taiwan Local,2014,交通部運輸研究所,1,營業小貨車(柴油) tkm 台灣 環保署,營業小貨車(柴油) | tkm | 0.647,0,Taiwan EPA,2014,
營業小貨車(汽油),0.6259,tkm,延噸公里(tkm),Taiwan EPA,TW,Taiwan Local,2014,交通部運輸研究所,1,營業小貨車(汽油) tkm 台灣 環保署,營業小貨車(汽油) | tkm | 0.6259,0,Taiwan EPA,2014,
自用小貨車(柴油),0.693,tkm,延噸公里(tkm),Taiwan EPA,TW,Taiwan Local,2014,交通部運輸研究所,1,自用小貨車(柴油) tkm 台灣 環保署,自用小貨車(柴油) | tkm | 0.693,0,Taiwan EPA,2014,
自用小貨車(汽油),0.7393,tkm,延噸公里(tkm),Taiwan EPA,TW,Taiwan Local,2014,交通部運輸研究所,1,自用小貨車(汽油) tkm 台灣 環保署,自用小貨車(汽油) | tkm | 0.7393,0,Taiwan EPA,2014,
自用大貨車(柴油),0.2235,tkm,延噸公里(tkm),Taiwan EPA,TW,Taiwan Local,2014,交通部運輸研究所,1,自用大貨車(柴油) tkm 台灣 環保署,自用大貨車(柴油) | tkm | 0.2235,0,Taiwan EPA,2014,
營業遊覽車(柴油),0.0441,pkm,延人公里(pkm),Taiwan EPA,TW,Taiwan Local,2014,交通部運輸研究所,1,營業遊覽車(柴油) pkm 台灣 環保署,營業遊覽車(柴油) | pkm | 0.0441,0,Taiwan EPA,2014,
食用醋(糯米醋),0.42,kg,公斤(kg),Taiwan EPA,TW,Taiwan Local,2014,衛生福利部食品藥物管理署,1,食用醋(糯米醋) kg 台灣 環保署,食用醋(糯米醋) | kg | 0.42,1,MOENV CFP | Taiwan EPA,2014,檢索索引已合併同名、同單位、同係數的重複列；原始資料仍保留於 tier1_unified.csv。
食用醋(酒粕醋),0.68,kg,公斤(kg),Taiwan EPA,TW,Taiwan Local,2014,衛生福利部食品藥物管理署,1,食用醋(酒粕醋) kg 台灣 環保署,食用醋(酒粕醋) | kg | 0.68,1,MOENV CFP | Taiwan EPA,2014,檢索索引已合併同名、同單位、同係數的重複列；原始資料仍保留於 tier1_unified.csv。
液化石油氣(於固定源使用，2012),2.09,l,公升(L),Taiwan EPA,TW,Taiwan Local,2014,環境部,1,液化石油氣(於固定源使用，2012) l 台灣 環保署,液化石油氣(於固定源使用，2012) | l | 2.09,0,Taiwan EPA,2014,
國際會議,3.31,每人‧每小時,每人‧每小時,Taiwan EPA,TW,Taiwan Local,2014,國際貿易局,1,國際會議 每人‧每小時 台灣 環保署,國際會議 | 每人‧每小時 | 3.31,1,MOENV CFP | Taiwan EPA,2014,檢索索引已合併同名、同單位、同係數的重複列；原始資料仍保留於 tier1_unified.csv。
廢棄物固化清理服務(南部科學工業園區-台南園區),649.1,mt,公噸(mt),Taiwan EPA,TW,Taiwan Local,2014,南部科學工業園區管局台南園區資源再生中心,1,廢棄物固化清理服務(南部科學工業園區-台南園區) mt 台灣 環保署,廢棄物固化清理服務(南部科學工業園區-台南園區) | mt | 649.1,0,Taiwan EPA,2014,
廢棄物物化清理服務(南部科學工業園區-台南園區),122.78,mt,公噸(mt),Taiwan EPA,TW,Taiwan Local,2014,南部科學工業園區管局台南園區資源再生中心,1,廢棄物物化清理服務(南部科學工業園區-台南園區) mt 台灣 環保署,廢棄物物化清理服務(南部科學工業園區-台南園區) | mt | 122.78,0,Taiwan EPA,2014,
廢棄物焚化清理服務(南部科學工業園區-台南園區),737.14,mt,公噸(mt),Taiwan EPA,TW,Taiwan Local,2014,南部科學工業園區管局台南園區資源再生中心,1,廢棄物焚化清理服務(南部科學工業園區-台南園區) mt 台灣 環保署,廢棄物焚化清理服務(南部科學工業園區-台南園區) | mt | 737.14,0,Taiwan EPA,2014,
廢棄物掩埋清理服務(南部科學工業園區-台南園區),7.07,mt,公噸(mt),Taiwan EPA,TW,Taiwan Local,2014,南部科學工業園區管局台南園區資源再生中心,1,廢棄物掩埋清理服務(南部科學工業園區-台南園區) mt 台灣 環保署,廢棄物掩埋清理服務(南部科學工業園區-台南園區) | mt | 7.07,0,Taiwan EPA,2014,
廢棄物清除處理服務(南部科學工業園區-台南園區),715.79,mt,公噸(mt),Taiwan EPA,TW,Taiwan Local,2014,南部科學工業園區管局台南園區資源再生中心,1,廢棄物清除處理服務(南部科學工業園區-台南園區) mt 台灣 環保署,廢棄物清除處理服務(南部科學工業園區-台南園區) | mt | 715.79,0,Taiwan EPA,2014,
再生料-廢汽車-碎鐵(鋼),0.3268,kg,公斤(kg),Taiwan EPA,TW,Taiwan Local,2014,環境部,1,再生料-廢汽車-碎鐵(鋼) kg 台灣 環保署,再生料-廢汽車-碎鐵(鋼) | kg | 0.3268,1,MOENV CFP | Taiwan EPA,2014,檢索索引已合併同名、同單位、同係數的重複列；原始資料仍保留於 tier1_unified.csv。
再生料-廢機車-碎鐵(鋼),0.3025,kg,公斤(kg),Taiwan EPA,TW,Taiwan Local,2014,環境部,1,再生料-廢機車-碎鐵(鋼) kg 台灣 環保署,再生料-廢機車-碎鐵(鋼) | kg | 0.3025,1,MOENV CFP | Taiwan EPA,2014,檢索索引已合併同名、同單位、同係數的重複列；原始資料仍保留於 tier1_unified.csv。
車用汽油(於移動源使用，2012),3.1,l,公升(L),Taiwan EPA,TW,Taiwan Local,2014,環境部,1,車用汽油(於移動源使用，2012) l 台灣 環保署,車用汽油(於移動源使用，2012) | l | 3.1,0,Taiwan EPA,2014,
車用汽油(於固定源使用，2012),3.0,l,公升(L),Taiwan EPA,TW,Taiwan Local,2014,環境部,1,車用汽油(於固定源使用，2012) l 台灣 環保署,車用汽油(於固定源使用，2012) | l | 3.0,0,Taiwan EPA,2014,
車用汽油(未燃燒，2012),0.65,l,公升(L),Taiwan EPA,TW,Taiwan Local,2014,環境部,1,車用汽油(未燃燒，2012) l 台灣 環保署,車用汽油(未燃燒，2012) | l | 0.65,0,Taiwan EPA,2014,
柴油(於移動源使用，2012),3.45,l,公升(L),Taiwan EPA,TW,Taiwan Local,2014,環境部,1,柴油(於移動源使用，2012) l 台灣 環保署,柴油(於移動源使用，2012) | l | 3.45,0,Taiwan EPA,2014,
柴油(於固定源使用，2012),3.42,l,公升(L),Taiwan EPA,TW,Taiwan Local,2014,環境部,1,柴油(於固定源使用，2012) l 台灣 環保署,柴油(於固定源使用，2012) | l | 3.42,0,Taiwan EPA,2014,
柴油(未燃燒，2012),0.74,l,公升(L),Taiwan EPA,TW,Taiwan Local,2014,環境部,1,柴油(未燃燒，2012) l 台灣 環保署,柴油(未燃燒，2012) | l | 0.74,0,Taiwan EPA,2014,
燃料油使用(蒸餘油/重油使用，2012),3.98,l,公升(L),Taiwan EPA,TW,Taiwan Local,2014,環境部,1,燃料油使用(蒸餘油/重油使用，2012) l 台灣 環保署,燃料油使用(蒸餘油/重油使用，2012) | l | 3.98,0,Taiwan EPA,2014,
輕質鋅氧粉,2.02138,kg,公斤(kg),Taiwan EPA,TW,Taiwan Local,2014,環境部,1,輕質鋅氧粉 kg 台灣 環保署,輕質鋅氧粉 | kg | 2.02138,1,MOENV CFP | Taiwan EPA,2014,檢索索引已合併同名、同單位、同係數的重複列；原始資料仍保留於 tier1_unified.csv。
重質鋅氧粉,4.830878,kg,公斤(kg),Taiwan EPA,TW,Taiwan Local,2014,環境部,1,重質鋅氧粉 kg 台灣 環保署,重質鋅氧粉 | kg | 4.830878,1,MOENV CFP | Taiwan EPA,2014,檢索索引已合併同名、同單位、同係數的重複列；原始資料仍保留於 tier1_unified.csv。
亞硝酸鹽(工業鹽),2.01,kg,公斤(kg),Taiwan EPA,TW,Taiwan Local,2014,經濟部工業局,1,亞硝酸鹽(工業鹽) kg 台灣 環保署,亞硝酸鹽(工業鹽) | kg | 2.01,1,MOENV CFP | Taiwan EPA,2014,檢索索引已合併同名、同單位、同係數的重複列；原始資料仍保留於 tier1_unified.csv。
乙烯丙烯橡膠,2.89,kg,公斤(kg),Taiwan EPA,TW,Taiwan Local,2014,經濟部工業局,1,乙烯丙烯橡膠 kg 台灣 環保署,乙烯丙烯橡膠 | kg | 2.89,1,MOENV CFP | Taiwan EPA,2014,檢索索引已合併同名、同單位、同係數的重複列；原始資料仍保留於 tier1_unified.csv。
多元氯化鋁,3.57,kg,公斤(kg),Taiwan EPA,TW,Taiwan Local,2014,經濟部工業局,1,多元氯化鋁 kg 台灣 環保署,多元氯化鋁 | kg | 3.57,1,MOENV CFP | Taiwan EPA,2014,檢索索引已合併同名、同單位、同係數的重複列；原始資料仍保留於 tier1_unified.csv。
鋅錠,9.18,kg,公斤(kg),Taiwan EPA,TW,Taiwan Local,2014,經濟部工業局,1,鋅錠 kg 台灣 環保署,鋅錠 | kg | 9.18,1,MOENV CFP | Taiwan EPA,2014,檢索索引已合併同名、同單位、同係數的重複列；原始資料仍保留於 tier1_unified.csv。
苯乙烯-丙烯腈共聚合物(一般級),2.42,kg,公斤(kg),Taiwan EPA,TW,Taiwan Local,2014,經濟部工業局,1,苯乙烯-丙烯腈共聚合物(一般級) kg 台灣 環保署,苯乙烯-丙烯腈共聚合物(一般級) | kg | 2.42,1,MOENV CFP | Taiwan EPA,2014,檢索索引已合併同名、同單位、同係數的重複列；原始資料仍保留於 tier1_unified.csv。
聚丁二烯橡膠,2.86,kg,公斤(kg),Taiwan EPA,TW,Taiwan Local,2014,經濟部工業局,1,聚丁二烯橡膠 kg 台灣 環保署,聚丁二烯橡膠 | kg | 2.86,1,MOENV CFP | Taiwan EPA,2014,檢索索引已合併同名、同單位、同係數的重複列；原始資料仍保留於 tier1_unified.csv。
丁腈橡膠,3.47,kg,公斤(kg),Taiwan EPA,TW,Taiwan Local,2014,經濟部工業局,1,丁腈橡膠 kg 台灣 環保署,丁腈橡膠 | kg | 3.47,1,MOENV CFP | Taiwan EPA,2014,檢索索引已合併同名、同單位、同係數的重複列；原始資料仍保留於 tier1_unified.csv。
乙酸乙酯,3.98,kg,公斤(kg),Taiwan EPA,TW,Taiwan Local,2014,經濟部工業局,1,乙酸乙酯 kg 台灣 環保署,乙酸乙酯 | kg | 3.98,1,MOENV CFP | Taiwan EPA,2014,檢索索引已合併同名、同單位、同係數的重複列；原始資料仍保留於 tier1_unified.csv。
不飽和聚酯樹脂,4.01,kg,公斤(kg),Taiwan EPA,TW,Taiwan Local,2014,經濟部工業局,1,不飽和聚酯樹脂 kg 台灣 環保署,不飽和聚酯樹脂 | kg | 4.01,1,MOENV CFP | Taiwan EPA,2014,檢索索引已合併同名、同單位、同係數的重複列；原始資料仍保留於 tier1_unified.csv。
乙醇,2.57,kg,公斤(kg),Taiwan EPA,TW,Taiwan Local,2014,經濟部工業局,1,乙醇 kg 台灣 環保署,乙醇 | kg | 2.57,1,MOENV CFP | Taiwan EPA,2014,檢索索引已合併同名、同單位、同係數的重複列；原始資料仍保留於 tier1_unified.csv。
甲醇,2.34,kg,公斤(kg),Taiwan EPA,TW,Taiwan Local,2014,經濟部工業局,1,甲醇 kg 台灣 環保署,甲醇 | kg | 2.34,1,MOENV CFP | Taiwan EPA,2014,檢索索引已合併同名、同單位、同係數的重複列；原始資料仍保留於 tier1_unified.csv。
氫氧化鈉，45％,1.54,kg,公斤(kg),Taiwan EPA,TW,Taiwan Local,2014,經濟部工業局,1,氫氧化鈉，45％ kg 台灣 環保署,氫氧化鈉，45％ | kg | 1.54,1,MOENV CFP | Taiwan EPA,2014,檢索索引已合併同名、同單位、同係數的重複列；原始資料仍保留於 tier1_unified.csv。
硫酸，98％,0.147,kg,公斤(kg),Taiwan EPA,TW,Taiwan Local,2014,經濟部工業局,1,硫酸，98％ kg 台灣 環保署,硫酸，98％ | kg | 0.147,1,MOENV CFP | Taiwan EPA,2014,檢索索引已合併同名、同單位、同係數的重複列；原始資料仍保留於 tier1_unified.csv。
鹽酸，37％,1.69,kg,公斤(kg),Taiwan EPA,TW,Taiwan Local,2014,經濟部工業局,1,鹽酸，37％ kg 台灣 環保署,鹽酸，37％ | kg | 1.69,1,MOENV CFP | Taiwan EPA,2014,檢索索引已合併同名、同單位、同係數的重複列；原始資料仍保留於 tier1_unified.csv。
氨,1.87,kg,公斤(kg),Taiwan EPA,TW,Taiwan Local,2014,經濟部工業局,1,氨 kg 台灣 環保署,氨 | kg | 1.87,1,MOENV CFP | Taiwan EPA,2014,檢索索引已合併同名、同單位、同係數的重複列；原始資料仍保留於 tier1_unified.csv。
二氧化鈦(非食品級),4.28,kg,公斤(kg),Taiwan EPA,TW,Taiwan Local,2014,經濟部工業局,1,二氧化鈦(非食品級) kg 台灣 環保署,二氧化鈦(非食品級) | kg | 4.28,1,MOENV CFP | Taiwan EPA,2014,檢索索引已合併同名、同單位、同係數的重複列；原始資料仍保留於 tier1_unified.csv。
三聚氰胺樹脂,3.87,kg,公斤(kg),Taiwan EPA,TW,Taiwan Local,2014,經濟部工業局,1,三聚氰胺樹脂 kg 台灣 環保署,三聚氰胺樹脂 | kg | 3.87,1,MOENV CFP | Taiwan EPA,2014,檢索索引已合併同名、同單位、同係數的重複列；原始資料仍保留於 tier1_unified.csv。
熱可塑性橡膠,3.76,kg,公斤(kg),Taiwan EPA,TW,Taiwan Local,2014,經濟部工業局,1,熱可塑性橡膠 kg 台灣 環保署,熱可塑性橡膠 | kg | 3.76,1,MOENV CFP | Taiwan EPA,2014,檢索索引已合併同名、同單位、同係數的重複列；原始資料仍保留於 tier1_unified.csv。
苯乙烯-丁二烯橡膠,2.41,kg,公斤(kg),Taiwan EPA,TW,Taiwan Local,2014,經濟部工業局,1,苯乙烯-丁二烯橡膠 kg 台灣 環保署,苯乙烯-丁二烯橡膠 | kg | 2.41,1,MOENV CFP | Taiwan EPA,2014,檢索索引已合併同名、同單位、同係數的重複列；原始資料仍保留於 tier1_unified.csv。
聚碳酸酯(非光氣法，一般級),9.42,kg,公斤(kg),Taiwan EPA,TW,Taiwan Local,2014,經濟部工業局,1,聚碳酸酯(非光氣法，一般級) kg 台灣 環保署,聚碳酸酯(非光氣法，一般級) | kg | 9.42,1,MOENV CFP | Taiwan EPA,2014,檢索索引已合併同名、同單位、同係數的重複列；原始資料仍保留於 tier1_unified.csv。
玻璃纖維絲,2.76,kg,公斤(kg),Taiwan EPA,TW,Taiwan Local,2014,環境部,1,玻璃纖維絲 kg 台灣 環保署,玻璃纖維絲 | kg | 2.76,1,MOENV CFP | Taiwan EPA,2014,檢索索引已合併同名、同單位、同係數的重複列；原始資料仍保留於 tier1_unified.csv。
玻璃容器,1.02,kg,公斤(kg),Taiwan EPA,TW,Taiwan Local,2014,環境部,1,玻璃容器 kg 台灣 環保署,玻璃容器 | kg | 1.02,1,MOENV CFP | Taiwan EPA,2014,檢索索引已合併同名、同單位、同係數的重複列；原始資料仍保留於 tier1_unified.csv。
平面顯示器用玻璃基板,5.86,kg,公斤(kg),Taiwan EPA,TW,Taiwan Local,2014,環境部,1,平面顯示器用玻璃基板 kg 台灣 環保署,平面顯示器用玻璃基板 | kg | 5.86,1,MOENV CFP | Taiwan EPA,2014,檢索索引已合併同名、同單位、同係數的重複列；原始資料仍保留於 tier1_unified.csv。
乙醇胺,1.84,kg,公斤(kg),Taiwan EPA,TW,Taiwan Local,2014,環境部,1,乙醇胺 kg 台灣 環保署,乙醇胺 | kg | 1.84,1,MOENV CFP | Taiwan EPA,2014,檢索索引已合併同名、同單位、同係數的重複列；原始資料仍保留於 tier1_unified.csv。
再生影印紙,3.083,kg,公斤(kg),Taiwan EPA,TW,Taiwan Local,2014,環境部,1,再生影印紙 kg 台灣 環保署,再生影印紙 | kg | 3.083,1,MOENV CFP | Taiwan EPA,2014,檢索索引已合併同名、同單位、同係數的重複列；原始資料仍保留於 tier1_unified.csv。
原生木漿影印紙,4.244,kg,公斤(kg),Taiwan EPA,TW,Taiwan Local,2014,環境部,1,原生木漿影印紙 kg 台灣 環保署,原生木漿影印紙 | kg | 4.244,1,MOENV CFP | Taiwan EPA,2014,檢索索引已合併同名、同單位、同係數的重複列；原始資料仍保留於 tier1_unified.csv。
天然氣(於固定源使用，2012),2.52,m3,立方公尺(m3),Taiwan EPA,TW,Taiwan Local,2014,環境部,1,天然氣(於固定源使用，2012) m3 台灣 環保署,天然氣(於固定源使用，2012) | m3 | 2.52,1,MOENV CFP | Taiwan EPA,2014,檢索索引已合併同名、同單位、同係數的重複列；原始資料仍保留於 tier1_unified.csv。
臺北自來水(2013),0.17,m3,立方公尺(m3),Taiwan EPA,TW,Taiwan Local,2014,環境部,1,臺北自來水(2013) m3 台灣 環保署,臺北自來水(2013) | m3 | 0.17,1,MOENV CFP | Taiwan EPA,2014,檢索索引已合併同名、同單位、同係數的重複列；原始資料仍保留於 tier1_unified.csv。
電力碳足跡(2012),0.69,kwh,度(kwh),Taiwan EPA,TW,Taiwan Local,2014,環境部,1,電力碳足跡(2012) kwh 台灣 環保署,電力碳足跡(2012) | kwh | 0.69,1,MOENV CFP | Taiwan EPA,2014,檢索索引已合併同名、同單位、同係數的重複列；原始資料仍保留於 tier1_unified.csv。
纖維水泥板/矽酸鈣板,1.12,kg,公斤(kg),Taiwan EPA,TW,Taiwan Local,2014,環境部,1,纖維水泥板/矽酸鈣板 kg 台灣 環保署,纖維水泥板/矽酸鈣板 | kg | 1.12,1,MOENV CFP | Taiwan EPA,2014,檢索索引已合併同名、同單位、同係數的重複列；原始資料仍保留於 tier1_unified.csv。
卜特蘭水泥(乾式),0.94,kg,公斤(kg),Taiwan EPA,TW,Taiwan Local,2014,環境部,1,卜特蘭水泥(乾式) kg 台灣 環保署,卜特蘭水泥(乾式) | kg | 0.94,1,MOENV CFP | Taiwan EPA,2014,檢索索引已合併同名、同單位、同係數的重複列；原始資料仍保留於 tier1_unified.csv。
水泥熟料,0.95,kg,公斤(kg),Taiwan EPA,TW,Taiwan Local,2014,環境部,1,水泥熟料 kg 台灣 環保署,水泥熟料 | kg | 0.95,1,MOENV CFP | Taiwan EPA,2014,檢索索引已合併同名、同單位、同係數的重複列；原始資料仍保留於 tier1_unified.csv。
營業大客車(市區公車及公路客運-柴油),0.0944,pkm,延人公里(pkm),Taiwan EPA,TW,Taiwan Local,2014,交通部運輸研究所,1,營業大客車(市區公車及公路客運-柴油) pkm 台灣 環保署,營業大客車(市區公車及公路客運-柴油) | pkm | 0.0944,0,Taiwan EPA,2014,
食用大豆油,1.23,kg,公斤(kg),Taiwan EPA,TW,Taiwan Local,2014,衛生福利部食品藥物管理署,1,食用大豆油 kg 台灣 環保署,食用大豆油 | kg | 1.23,1,MOENV CFP | Taiwan EPA,2014,檢索索引已合併同名、同單位、同係數的重複列；原始資料仍保留於 tier1_unified.csv。
機器腳踏車(汽油),0.0951,pkm,延人公里(pkm),Taiwan EPA,TW,Taiwan Local,2014,交通部運輸研究所,1,機器腳踏車(汽油) pkm 台灣 環保署,機器腳踏車(汽油) | pkm | 0.0951,0,Taiwan EPA,2014,
營業小客車(汽油),0.133,pkm,延人公里(pkm),Taiwan EPA,TW,Taiwan Local,2014,交通部運輸研究所,1,營業小客車(汽油) pkm 台灣 環保署,營業小客車(汽油) | pkm | 0.133,0,Taiwan EPA,2014,
自用小客車(汽油),0.115,pkm,延人公里(pkm),Taiwan EPA,TW,Taiwan Local,2014,交通部運輸研究所,1,自用小客車(汽油) pkm 台灣 環保署,自用小客車(汽油) | pkm | 0.115,0,Taiwan EPA,2014,
自用大客車(柴油),0.0606,pkm,延人公里(pkm),Taiwan EPA,TW,Taiwan Local,2014,交通部運輸研究所,1,自用大客車(柴油) pkm 台灣 環保署,自用大客車(柴油) | pkm | 0.0606,0,Taiwan EPA,2014,
脫墨紙漿(再生料),1.464,kg,公斤(kg),Taiwan EPA,TW,Taiwan Local,2014,環境部,1,脫墨紙漿(再生料) kg 台灣 環保署,脫墨紙漿(再生料) | kg | 1.464,1,MOENV CFP | Taiwan EPA,2014,檢索索引已合併同名、同單位、同係數的重複列；原始資料仍保留於 tier1_unified.csv。
闊葉樹漂白硫酸鹽紙漿,3.699,kg,公斤(kg),Taiwan EPA,TW,Taiwan Local,2014,環境部,1,闊葉樹漂白硫酸鹽紙漿 kg 台灣 環保署,闊葉樹漂白硫酸鹽紙漿 | kg | 3.699,1,MOENV CFP | Taiwan EPA,2014,檢索索引已合併同名、同單位、同係數的重複列；原始資料仍保留於 tier1_unified.csv。
碳酸氫鈉,2.13,kg,公斤(kg),Taiwan EPA,TW,Taiwan Local,2014,經濟部工業局,1,碳酸氫鈉 kg 台灣 環保署,碳酸氫鈉 | kg | 2.13,1,MOENV CFP | Taiwan EPA,2014,檢索索引已合併同名、同單位、同係數的重複列；原始資料仍保留於 tier1_unified.csv。
氫氧化鈣(熟石灰),1.57,kg,公斤(kg),Taiwan EPA,TW,Taiwan Local,2014,環境部,1,氫氧化鈣(熟石灰) kg 台灣 環保署,氫氧化鈣(熟石灰) | kg | 1.57,1,MOENV CFP | Taiwan EPA,2014,檢索索引已合併同名、同單位、同係數的重複列；原始資料仍保留於 tier1_unified.csv。
氫氟酸，48％,3.5244,kg,公斤(kg),Taiwan EPA,TW,Taiwan Local,2013,經濟部工業局,1,氫氟酸，48％ kg 台灣 環保署,氫氟酸，48％ | kg | 3.5244,1,MOENV CFP | Taiwan EPA,2013,檢索索引已合併同名、同單位、同係數的重複列；原始資料仍保留於 tier1_unified.csv。
磷酸，85％,4.65,kg,公斤(kg),Taiwan EPA,TW,Taiwan Local,2013,經濟部工業局,1,磷酸，85％ kg 台灣 環保署,磷酸，85％ | kg | 4.65,1,MOENV CFP | Taiwan EPA,2013,檢索索引已合併同名、同單位、同係數的重複列；原始資料仍保留於 tier1_unified.csv。
氮氣(電子級),0.184,kg,公斤(kg),Taiwan EPA,TW,Taiwan Local,2013,經濟部工業局,1,氮氣(電子級) kg 台灣 環保署,氮氣(電子級) | kg | 0.184,1,MOENV CFP | Taiwan EPA,2013,檢索索引已合併同名、同單位、同係數的重複列；原始資料仍保留於 tier1_unified.csv。
液態氧，99.99995％,1.44,kg,公斤(kg),Taiwan EPA,TW,Taiwan Local,2013,經濟部工業局,1,液態氧，99.99995％ kg 台灣 環保署,液態氧，99.99995％ | kg | 1.44,1,MOENV CFP | Taiwan EPA,2013,檢索索引已合併同名、同單位、同係數的重複列；原始資料仍保留於 tier1_unified.csv。
過氧化氫，30％,4.6657,kg,公斤(kg),Taiwan EPA,TW,Taiwan Local,2013,經濟部工業局,1,過氧化氫，30％ kg 台灣 環保署,過氧化氫，30％ | kg | 4.6657,1,MOENV CFP | Taiwan EPA,2013,檢索索引已合併同名、同單位、同係數的重複列；原始資料仍保留於 tier1_unified.csv。
氫氧化銨,1.2383,kg,公斤(kg),Taiwan EPA,TW,Taiwan Local,2013,經濟部工業局,1,氫氧化銨 kg 台灣 環保署,氫氧化銨 | kg | 1.2383,1,MOENV CFP | Taiwan EPA,2013,檢索索引已合併同名、同單位、同係數的重複列；原始資料仍保留於 tier1_unified.csv。
電力排放係數(2011),0.536,kwh,度(kwh),Taiwan EPA,TW,Taiwan Local,2013,經濟部能源局,1,電力排放係數(2011) kwh 台灣 環保署,電力排放係數(2011) | kwh | 0.536,1,MOENV CFP | Taiwan EPA,2013,檢索索引已合併同名、同單位、同係數的重複列；原始資料仍保留於 tier1_unified.csv。
電力碳足跡(2011),0.698,kwh,度(kwh),Taiwan EPA,TW,Taiwan Local,2013,環境部,1,電力碳足跡(2011) kwh 台灣 環保署,電力碳足跡(2011) | kwh | 0.698,1,MOENV CFP | Taiwan EPA,2013,檢索索引已合併同名、同單位、同係數的重複列；原始資料仍保留於 tier1_unified.csv。
抄紙(裱面紙板),1.164,kg,公斤(kg),Taiwan EPA,TW,Taiwan Local,2013,經濟部工業局,1,抄紙(裱面紙板) kg 台灣 環保署,抄紙(裱面紙板) | kg | 1.164,1,MOENV CFP | Taiwan EPA,2013,檢索索引已合併同名、同單位、同係數的重複列；原始資料仍保留於 tier1_unified.csv。
牛皮紙,1.08,kg,公斤(kg),Taiwan EPA,TW,Taiwan Local,2013,經濟部工業局,1,牛皮紙 kg 台灣 環保署,牛皮紙 | kg | 1.08,1,MOENV CFP | Taiwan EPA,2013,檢索索引已合併同名、同單位、同係數的重複列；原始資料仍保留於 tier1_unified.csv。
二甲苯,2.8,kg,公斤(kg),Taiwan EPA,TW,Taiwan Local,2013,經濟部工業局,1,二甲苯 kg 台灣 環保署,二甲苯 | kg | 2.8,1,MOENV CFP | Taiwan EPA,2013,檢索索引已合併同名、同單位、同係數的重複列；原始資料仍保留於 tier1_unified.csv。
丁酮,3.15,kg,公斤(kg),Taiwan EPA,TW,Taiwan Local,2013,經濟部工業局,1,丁酮 kg 台灣 環保署,丁酮 | kg | 3.15,1,MOENV CFP | Taiwan EPA,2013,檢索索引已合併同名、同單位、同係數的重複列；原始資料仍保留於 tier1_unified.csv。
乙醛，40％,1.86,kg,公斤(kg),Taiwan EPA,TW,Taiwan Local,2013,經濟部工業局,1,乙醛，40％ kg 台灣 環保署,乙醛，40％ | kg | 1.86,1,MOENV CFP | Taiwan EPA,2013,檢索索引已合併同名、同單位、同係數的重複列；原始資料仍保留於 tier1_unified.csv。
甲醛，37％,0.7,kg,公斤(kg),Taiwan EPA,TW,Taiwan Local,2013,經濟部工業局,1,甲醛，37％ kg 台灣 環保署,甲醛，37％ | kg | 0.7,1,MOENV CFP | Taiwan EPA,2013,檢索索引已合併同名、同單位、同係數的重複列；原始資料仍保留於 tier1_unified.csv。
異丙醇,1.499,kg,公斤(kg),Taiwan EPA,TW,Taiwan Local,2013,經濟部工業局,1,異丙醇 kg 台灣 環保署,異丙醇 | kg | 1.499,1,MOENV CFP | Taiwan EPA,2013,檢索索引已合併同名、同單位、同係數的重複列；原始資料仍保留於 tier1_unified.csv。
乙二醇,1.3665,kg,公斤(kg),Taiwan EPA,TW,Taiwan Local,2013,經濟部工業局,1,乙二醇 kg 台灣 環保署,乙二醇 | kg | 1.3665,1,MOENV CFP | Taiwan EPA,2013,檢索索引已合併同名、同單位、同係數的重複列；原始資料仍保留於 tier1_unified.csv。
無鉛銲錫,7.8496,kg,公斤(kg),Taiwan EPA,TW,Taiwan Local,2013,經濟部工業局,1,無鉛銲錫 kg 台灣 環保署,無鉛銲錫 | kg | 7.8496,1,MOENV CFP | Taiwan EPA,2013,檢索索引已合併同名、同單位、同係數的重複列；原始資料仍保留於 tier1_unified.csv。
銅箔基板(印刷電路板用),8.18,kg,公斤(kg),Taiwan EPA,TW,Taiwan Local,2013,經濟部工業局,1,銅箔基板(印刷電路板用) kg 台灣 環保署,銅箔基板(印刷電路板用) | kg | 8.18,1,MOENV CFP | Taiwan EPA,2013,檢索索引已合併同名、同單位、同係數的重複列；原始資料仍保留於 tier1_unified.csv。
純銅線,4.3881,kg,公斤(kg),Taiwan EPA,TW,Taiwan Local,2013,經濟部工業局,1,純銅線 kg 台灣 環保署,純銅線 | kg | 4.3881,1,MOENV CFP | Taiwan EPA,2013,檢索索引已合併同名、同單位、同係數的重複列；原始資料仍保留於 tier1_unified.csv。
台灣自來水(2011),0.167,m3,立方公尺(m3),Taiwan EPA,TW,Taiwan Local,2013,台灣自來水公司,1,台灣自來水(2011) m3 台灣 環保署,台灣自來水(2011) | m3 | 0.167,1,MOENV CFP | Taiwan EPA,2013,檢索索引已合併同名、同單位、同係數的重複列；原始資料仍保留於 tier1_unified.csv。
陽極磷銅(印刷電路板用),4.67,kg,公斤(kg),Taiwan EPA,TW,Taiwan Local,2013,經濟部工業局,1,陽極磷銅(印刷電路板用) kg 台灣 環保署,陽極磷銅(印刷電路板用) | kg | 4.67,1,MOENV CFP | Taiwan EPA,2013,檢索索引已合併同名、同單位、同係數的重複列；原始資料仍保留於 tier1_unified.csv。
鋁錠,9.8493,kg,公斤(kg),Taiwan EPA,TW,Taiwan Local,2013,經濟部工業局,1,鋁錠 kg 台灣 環保署,鋁錠 | kg | 9.8493,1,MOENV CFP | Taiwan EPA,2013,檢索索引已合併同名、同單位、同係數的重複列；原始資料仍保留於 tier1_unified.csv。
鉑,7.1167,kg,公斤(kg),Taiwan EPA,TW,Taiwan Local,2013,經濟部工業局,1,鉑 kg 台灣 環保署,鉑 | kg | 7.1167,1,MOENV CFP | Taiwan EPA,2013,檢索索引已合併同名、同單位、同係數的重複列；原始資料仍保留於 tier1_unified.csv。
金,11.1046,kg,公斤(kg),Taiwan EPA,TW,Taiwan Local,2013,經濟部工業局,1,金 kg 台灣 環保署,金 | kg | 11.1046,1,MOENV CFP | Taiwan EPA,2013,檢索索引已合併同名、同單位、同係數的重複列；原始資料仍保留於 tier1_unified.csv。
合金鋼鋼胚,0.68,kg,公斤(kg),Taiwan EPA,TW,Taiwan Local,2013,環境部,1,合金鋼鋼胚 kg 台灣 環保署,合金鋼鋼胚 | kg | 0.68,1,MOENV CFP | Taiwan EPA,2013,檢索索引已合併同名、同單位、同係數的重複列；原始資料仍保留於 tier1_unified.csv。
不鏽鋼冷軋鋼捲,1.46,kg,公斤(kg),Taiwan EPA,TW,Taiwan Local,2013,環境部,1,不鏽鋼冷軋鋼捲 kg 台灣 環保署,不鏽鋼冷軋鋼捲 | kg | 1.46,1,MOENV CFP | Taiwan EPA,2013,檢索索引已合併同名、同單位、同係數的重複列；原始資料仍保留於 tier1_unified.csv。
不鏽鋼鋼胚,1.13,kg,公斤(kg),Taiwan EPA,TW,Taiwan Local,2013,環境部,1,不鏽鋼鋼胚 kg 台灣 環保署,不鏽鋼鋼胚 | kg | 1.13,1,MOENV CFP | Taiwan EPA,2013,檢索索引已合併同名、同單位、同係數的重複列；原始資料仍保留於 tier1_unified.csv。
不鏽鋼(電弧爐製程，SS304),2.01,kg,公斤(kg),Taiwan EPA,TW,Taiwan Local,2013,經濟部工業局,1,不鏽鋼(電弧爐製程，SS304) kg 台灣 環保署,不鏽鋼(電弧爐製程，SS304) | kg | 2.01,1,MOENV CFP | Taiwan EPA,2013,檢索索引已合併同名、同單位、同係數的重複列；原始資料仍保留於 tier1_unified.csv。
馬口鐵(鍍錫低碳鋼板),2.4903,kg,公斤(kg),Taiwan EPA,TW,Taiwan Local,2013,經濟部工業局,1,馬口鐵(鍍錫低碳鋼板) kg 台灣 環保署,馬口鐵(鍍錫低碳鋼板) | kg | 2.4903,1,MOENV CFP | Taiwan EPA,2013,檢索索引已合併同名、同單位、同係數的重複列；原始資料仍保留於 tier1_unified.csv。
直棒鋼,2.702,kg,公斤(kg),Taiwan EPA,TW,Taiwan Local,2013,中國鋼鐵股份有限公司,1,直棒鋼 kg 台灣 環保署,直棒鋼 | kg | 2.702,1,MOENV CFP | Taiwan EPA,2013,檢索索引已合併同名、同單位、同係數的重複列；原始資料仍保留於 tier1_unified.csv。
球化線材盤元,2.91,kg,公斤(kg),Taiwan EPA,TW,Taiwan Local,2013,中國鋼鐵股份有限公司,1,球化線材盤元 kg 台灣 環保署,球化線材盤元 | kg | 2.91,1,MOENV CFP | Taiwan EPA,2013,檢索索引已合併同名、同單位、同係數的重複列；原始資料仍保留於 tier1_unified.csv。
球化條鋼盤元,2.83,kg,公斤(kg),Taiwan EPA,TW,Taiwan Local,2013,中國鋼鐵股份有限公司,1,球化條鋼盤元 kg 台灣 環保署,球化條鋼盤元 | kg | 2.83,1,MOENV CFP | Taiwan EPA,2013,檢索索引已合併同名、同單位、同係數的重複列；原始資料仍保留於 tier1_unified.csv。
線材盤元,2.708,kg,公斤(kg),Taiwan EPA,TW,Taiwan Local,2013,中國鋼鐵股份有限公司,1,線材盤元 kg 台灣 環保署,線材盤元 | kg | 2.708,1,MOENV CFP | Taiwan EPA,2013,檢索索引已合併同名、同單位、同係數的重複列；原始資料仍保留於 tier1_unified.csv。
條鋼盤元,2.628,kg,公斤(kg),Taiwan EPA,TW,Taiwan Local,2013,中國鋼鐵股份有限公司,1,條鋼盤元 kg 台灣 環保署,條鋼盤元 | kg | 2.628,1,MOENV CFP | Taiwan EPA,2013,檢索索引已合併同名、同單位、同係數的重複列；原始資料仍保留於 tier1_unified.csv。
電鍍鋅鋼捲,3.163,kg,公斤(kg),Taiwan EPA,TW,Taiwan Local,2013,中國鋼鐵股份有限公司,1,電鍍鋅鋼捲 kg 台灣 環保署,電鍍鋅鋼捲 | kg | 3.163,1,MOENV CFP | Taiwan EPA,2013,檢索索引已合併同名、同單位、同係數的重複列；原始資料仍保留於 tier1_unified.csv。
熱浸鍍鋅鋼捲,2.988,kg,公斤(kg),Taiwan EPA,TW,Taiwan Local,2013,中國鋼鐵股份有限公司,1,熱浸鍍鋅鋼捲 kg 台灣 環保署,熱浸鍍鋅鋼捲 | kg | 2.988,1,MOENV CFP | Taiwan EPA,2013,檢索索引已合併同名、同單位、同係數的重複列；原始資料仍保留於 tier1_unified.csv。
高規電磁鋼捲,3.086,kg,公斤(kg),Taiwan EPA,TW,Taiwan Local,2013,中國鋼鐵股份有限公司,1,高規電磁鋼捲 kg 台灣 環保署,高規電磁鋼捲 | kg | 3.086,1,MOENV CFP | Taiwan EPA,2013,檢索索引已合併同名、同單位、同係數的重複列；原始資料仍保留於 tier1_unified.csv。
中低規電磁鋼捲,3.044,kg,公斤(kg),Taiwan EPA,TW,Taiwan Local,2013,中國鋼鐵股份有限公司,1,中低規電磁鋼捲 kg 台灣 環保署,中低規電磁鋼捲 | kg | 3.044,1,MOENV CFP | Taiwan EPA,2013,檢索索引已合併同名、同單位、同係數的重複列；原始資料仍保留於 tier1_unified.csv。
矽晶圓(6吋),4.65,片,片,Taiwan EPA,TW,Taiwan Local,2013,經濟部工業局,1,矽晶圓(6吋) 片 台灣 環保署,矽晶圓(6吋) | 片 | 4.65,0,Taiwan EPA,2013,
碳鋼冷軋鋼捲,2.5,kg,公斤(kg),Taiwan EPA,TW,Taiwan Local,2013,環境部,1,碳鋼冷軋鋼捲 kg 台灣 環保署,碳鋼冷軋鋼捲 | kg | 2.5,1,MOENV CFP | Taiwan EPA,2013,檢索索引已合併同名、同單位、同係數的重複列；原始資料仍保留於 tier1_unified.csv。
冷軋塗漆鋼捲,3.298,kg,公斤(kg),Taiwan EPA,TW,Taiwan Local,2013,中國鋼鐵股份有限公司,1,冷軋塗漆鋼捲 kg 台灣 環保署,冷軋塗漆鋼捲 | kg | 3.298,1,MOENV CFP | Taiwan EPA,2013,檢索索引已合併同名、同單位、同係數的重複列；原始資料仍保留於 tier1_unified.csv。
冷軋鋼捲,2.94,kg,公斤(kg),Taiwan EPA,TW,Taiwan Local,2013,中國鋼鐵股份有限公司,1,冷軋鋼捲 kg 台灣 環保署,冷軋鋼捲 | kg | 2.94,1,MOENV CFP | Taiwan EPA,2013,檢索索引已合併同名、同單位、同係數的重複列；原始資料仍保留於 tier1_unified.csv。
熱軋鋼板片,2.388,kg,公斤(kg),Taiwan EPA,TW,Taiwan Local,2013,中國鋼鐵股份有限公司,1,熱軋鋼板片 kg 台灣 環保署,熱軋鋼板片 | kg | 2.388,1,MOENV CFP | Taiwan EPA,2013,檢索索引已合併同名、同單位、同係數的重複列；原始資料仍保留於 tier1_unified.csv。
熱軋酸洗塗油鋼捲,2.398,kg,公斤(kg),Taiwan EPA,TW,Taiwan Local,2013,中國鋼鐵股份有限公司,1,熱軋酸洗塗油鋼捲 kg 台灣 環保署,熱軋酸洗塗油鋼捲 | kg | 2.398,1,MOENV CFP | Taiwan EPA,2013,檢索索引已合併同名、同單位、同係數的重複列；原始資料仍保留於 tier1_unified.csv。
熱軋鋼捲,2.38,kg,公斤(kg),Taiwan EPA,TW,Taiwan Local,2013,中國鋼鐵股份有限公司,1,熱軋鋼捲 kg 台灣 環保署,熱軋鋼捲 | kg | 2.38,1,MOENV CFP | Taiwan EPA,2013,檢索索引已合併同名、同單位、同係數的重複列；原始資料仍保留於 tier1_unified.csv。
熱軋粗鋼捲,2.308,kg,公斤(kg),Taiwan EPA,TW,Taiwan Local,2013,中國鋼鐵股份有限公司,1,熱軋粗鋼捲 kg 台灣 環保署,熱軋粗鋼捲 | kg | 2.308,1,MOENV CFP | Taiwan EPA,2013,檢索索引已合併同名、同單位、同係數的重複列；原始資料仍保留於 tier1_unified.csv。
鋼板,2.415,kg,公斤(kg),Taiwan EPA,TW,Taiwan Local,2013,中國鋼鐵股份有限公司,1,鋼板 kg 台灣 環保署,鋼板 | kg | 2.415,1,MOENV CFP | Taiwan EPA,2013,檢索索引已合併同名、同單位、同係數的重複列；原始資料仍保留於 tier1_unified.csv。
軋延小鋼胚,2.422,kg,公斤(kg),Taiwan EPA,TW,Taiwan Local,2013,中國鋼鐵股份有限公司,1,軋延小鋼胚 kg 台灣 環保署,軋延小鋼胚 | kg | 2.422,1,MOENV CFP | Taiwan EPA,2013,檢索索引已合併同名、同單位、同係數的重複列；原始資料仍保留於 tier1_unified.csv。
大鋼胚,2.267,kg,公斤(kg),Taiwan EPA,TW,Taiwan Local,2013,中國鋼鐵股份有限公司,1,大鋼胚 kg 台灣 環保署,大鋼胚 | kg | 2.267,1,MOENV CFP | Taiwan EPA,2013,檢索索引已合併同名、同單位、同係數的重複列；原始資料仍保留於 tier1_unified.csv。
扁鋼胚(電弧爐製程，碳鋼),0.4,kg,公斤(kg),Taiwan EPA,TW,Taiwan Local,2013,經濟部工業局,1,扁鋼胚(電弧爐製程，碳鋼) kg 台灣 環保署,扁鋼胚(電弧爐製程，碳鋼) | kg | 0.4,1,MOENV CFP | Taiwan EPA,2013,檢索索引已合併同名、同單位、同係數的重複列；原始資料仍保留於 tier1_unified.csv。
扁鋼胚,2.088,kg,公斤(kg),Taiwan EPA,TW,Taiwan Local,2013,中國鋼鐵股份有限公司,1,扁鋼胚 kg 台灣 環保署,扁鋼胚 | kg | 2.088,1,MOENV CFP | Taiwan EPA,2013,檢索索引已合併同名、同單位、同係數的重複列；原始資料仍保留於 tier1_unified.csv。
生鐵,1.813,kg,公斤(kg),Taiwan EPA,TW,Taiwan Local,2013,中國鋼鐵股份有限公司,1,生鐵 kg 台灣 環保署,生鐵 | kg | 1.813,1,MOENV CFP | Taiwan EPA,2013,檢索索引已合併同名、同單位、同係數的重複列；原始資料仍保留於 tier1_unified.csv。
環氧樹脂,3.02,kg,公斤(kg),Taiwan EPA,TW,Taiwan Local,2013,經濟部工業局,1,環氧樹脂 kg 台灣 環保署,環氧樹脂 | kg | 3.02,1,MOENV CFP | Taiwan EPA,2013,檢索索引已合併同名、同單位、同係數的重複列；原始資料仍保留於 tier1_unified.csv。
丙烯－丁二烯－苯乙烯聚合物(資訊產品用，防火級),3.256,kg,公斤(kg),Taiwan EPA,TW,Taiwan Local,2013,經濟部工業局,1,丙烯－丁二烯－苯乙烯聚合物(資訊產品用，防火級) kg 台灣 環保署,丙烯－丁二烯－苯乙烯聚合物(資訊產品用，防火級) | kg | 3.256,1,MOENV CFP | Taiwan EPA,2013,檢索索引已合併同名、同單位、同係數的重複列；原始資料仍保留於 tier1_unified.csv。
甲基異丁酮,2.8,kg,公斤(kg),Taiwan EPA,TW,Taiwan Local,2013,經濟部工業局,1,甲基異丁酮 kg 台灣 環保署,甲基異丁酮 | kg | 2.8,1,MOENV CFP | Taiwan EPA,2013,檢索索引已合併同名、同單位、同係數的重複列；原始資料仍保留於 tier1_unified.csv。
聚甲醛,1.723,kg,公斤(kg),Taiwan EPA,TW,Taiwan Local,2013,經濟部工業局,1,聚甲醛 kg 台灣 環保署,聚甲醛 | kg | 1.723,1,MOENV CFP | Taiwan EPA,2013,檢索索引已合併同名、同單位、同係數的重複列；原始資料仍保留於 tier1_unified.csv。
聚對苯二甲酸乙二酯 (PET),2.35,kg,公斤(kg),Taiwan EPA,TW,Taiwan Local,2013,經濟部工業局,1,聚對苯二甲酸乙二酯 (PET) kg 台灣 環保署,聚對苯二甲酸乙二酯 (PET) | kg | 2.35,1,MOENV CFP | Taiwan EPA,2013,檢索索引已合併同名、同單位、同係數的重複列；原始資料仍保留於 tier1_unified.csv。
聚甲基丙烯酸甲酯,7.5357,kg,公斤(kg),Taiwan EPA,TW,Taiwan Local,2013,經濟部工業局,1,聚甲基丙烯酸甲酯 kg 台灣 環保署,聚甲基丙烯酸甲酯 | kg | 7.5357,1,MOENV CFP | Taiwan EPA,2013,檢索索引已合併同名、同單位、同係數的重複列；原始資料仍保留於 tier1_unified.csv。
聚醯胺6,3.83,kg,公斤(kg),Taiwan EPA,TW,Taiwan Local,2013,經濟部工業局,1,聚醯胺6 kg 台灣 環保署,聚醯胺6 | kg | 3.83,1,MOENV CFP | Taiwan EPA,2013,檢索索引已合併同名、同單位、同係數的重複列；原始資料仍保留於 tier1_unified.csv。
低密度聚乙烯(LDPE),1.9,kg,公斤(kg),Taiwan EPA,TW,Taiwan Local,2013,經濟部工業局,1,低密度聚乙烯(LDPE) kg 台灣 環保署,低密度聚乙烯(LDPE) | kg | 1.9,1,MOENV CFP | Taiwan EPA,2013,檢索索引已合併同名、同單位、同係數的重複列；原始資料仍保留於 tier1_unified.csv。
聚氯乙烯(膠膜，膠布，電線電纜用),2.21,kg,公斤(kg),Taiwan EPA,TW,Taiwan Local,2013,經濟部工業局,1,聚氯乙烯(膠膜，膠布，電線電纜用) kg 台灣 環保署,聚氯乙烯(膠膜，膠布，電線電纜用) | kg | 2.21,1,MOENV CFP | Taiwan EPA,2013,檢索索引已合併同名、同單位、同係數的重複列；原始資料仍保留於 tier1_unified.csv。
聚丙烯(PP),2.01,kg,公斤(kg),Taiwan EPA,TW,Taiwan Local,2013,經濟部工業局,1,聚丙烯(PP) kg 台灣 環保署,聚丙烯(PP) | kg | 2.01,1,MOENV CFP | Taiwan EPA,2013,檢索索引已合併同名、同單位、同係數的重複列；原始資料仍保留於 tier1_unified.csv。
醋酸乙烯酯共聚物,2.1258,kg,公斤(kg),Taiwan EPA,TW,Taiwan Local,2013,經濟部工業局,1,醋酸乙烯酯共聚物 kg 台灣 環保署,醋酸乙烯酯共聚物 | kg | 2.1258,1,MOENV CFP | Taiwan EPA,2013,檢索索引已合併同名、同單位、同係數的重複列；原始資料仍保留於 tier1_unified.csv。
國際展覽,0.0,每平方米‧每小時,每平方米‧每小時,Taiwan EPA/MOE,TW,Taiwan Local,2014,國際貿易局,1,國際展覽 每平方米‧每小時 台灣 國際貿易局,國際展覽 | 每平方米‧每小時 | 0.0,1,MOENV CFP | Taiwan EPA/MOE,2014,檢索索引已合併同名、同單位、同係數的重複列；原始資料仍保留於 tier1_unified.csv。
國際展覽(交通),0.0,每人,每人,Taiwan EPA/MOE,TW,Taiwan Local,2014,國際貿易局,1,國際展覽(交通) 每人 台灣 國際貿易局,國際展覽(交通) | 每人 | 0.0,1,MOENV CFP | Taiwan EPA/MOE,2014,檢索索引已合併同名、同單位、同係數的重複列；原始資料仍保留於 tier1_unified.csv。
國際會議(交通),0.0,每人,每人,Taiwan EPA/MOE,TW,Taiwan Local,2014,國際貿易局,1,國際會議(交通) 每人 台灣 國際貿易局,國際會議(交通) | 每人 | 0.0,1,MOENV CFP | Taiwan EPA/MOE,2014,檢索索引已合併同名、同單位、同係數的重複列；原始資料仍保留於 tier1_unified.csv。
電力碳足跡(2022),0.6058,kwh,度(kwh),Taiwan EPA/MOE,TW,Taiwan Local,2025,環境部氣候變遷署,1,電力碳足跡(2022) kwh 台灣 環境部氣候變遷署,電力碳足跡(2022) | kwh | 0.6058,1,MOENV CFP | Taiwan EPA/MOE,2025,檢索索引已合併同名、同單位、同係數的重複列；原始資料仍保留於 tier1_unified.csv。
電力間接碳足跡(2022),0.1108,kwh,度(kwh),Taiwan EPA/MOE,TW,Taiwan Local,2025,環境部氣候變遷署,1,電力間接碳足跡(2022) kwh 台灣 環境部氣候變遷署,電力間接碳足跡(2022) | kwh | 0.1108,1,MOENV CFP | Taiwan EPA/MOE,2025,檢索索引已合併同名、同單位、同係數的重複列；原始資料仍保留於 tier1_unified.csv。
燃料油未燃燒(蒸餘油/重油未燃燒，2022),0.7687,公升(L),公升(L),Taiwan EPA/MOE,TW,Taiwan Local,2025,環境部氣候變遷署,1,燃料油未燃燒(蒸餘油/重油未燃燒，2022) 公升(L) 台灣 環境部氣候變遷署,燃料油未燃燒(蒸餘油/重油未燃燒，2022) | 公升(l) | 0.7687,1,MOENV CFP | Taiwan EPA/MOE,2025,檢索索引已合併同名、同單位、同係數的重複列；原始資料仍保留於 tier1_unified.csv。
燃料油使用(蒸餘油/重油使用，2022),3.889,公升(L),公升(L),Taiwan EPA/MOE,TW,Taiwan Local,2025,環境部氣候變遷署,1,燃料油使用(蒸餘油/重油使用，2022) 公升(L) 台灣 環境部氣候變遷署,燃料油使用(蒸餘油/重油使用，2022) | 公升(l) | 3.889,1,MOENV CFP | Taiwan EPA/MOE,2025,檢索索引已合併同名、同單位、同係數的重複列；原始資料仍保留於 tier1_unified.csv。
潤滑油(未燃燒，2022),1.09,kg,公斤(kg),Taiwan EPA/MOE,TW,Taiwan Local,2025,環境部氣候變遷署,1,潤滑油(未燃燒，2022) kg 台灣 環境部氣候變遷署,潤滑油(未燃燒，2022) | kg | 1.09,1,MOENV CFP | Taiwan EPA/MOE,2025,檢索索引已合併同名、同單位、同係數的重複列；原始資料仍保留於 tier1_unified.csv。
車用汽油(未燃燒，2022),0.6078,公升(L),公升(L),Taiwan EPA/MOE,TW,Taiwan Local,2025,環境部氣候變遷署,1,車用汽油(未燃燒，2022) 公升(L) 台灣 環境部氣候變遷署,車用汽油(未燃燒，2022) | 公升(l) | 0.6078,1,MOENV CFP | Taiwan EPA/MOE,2025,檢索索引已合併同名、同單位、同係數的重複列；原始資料仍保留於 tier1_unified.csv。
車用汽油(於固定源使用，2022),2.879,公升(L),公升(L),Taiwan EPA/MOE,TW,Taiwan Local,2025,環境部氣候變遷署,1,車用汽油(於固定源使用，2022) 公升(L) 台灣 環境部氣候變遷署,車用汽油(於固定源使用，2022) | 公升(l) | 2.879,1,MOENV CFP | Taiwan EPA/MOE,2025,檢索索引已合併同名、同單位、同係數的重複列；原始資料仍保留於 tier1_unified.csv。
車用汽油(於移動源使用，2022),2.93,公升(L),公升(L),Taiwan EPA/MOE,TW,Taiwan Local,2025,環境部氣候變遷署,1,車用汽油(於移動源使用，2022) 公升(L) 台灣 環境部氣候變遷署,車用汽油(於移動源使用，2022) | 公升(l) | 2.93,1,MOENV CFP | Taiwan EPA/MOE,2025,檢索索引已合併同名、同單位、同係數的重複列；原始資料仍保留於 tier1_unified.csv。
煤油(未燃燒，2022),0.3575,公升(L),公升(L),Taiwan EPA/MOE,TW,Taiwan Local,2025,環境部氣候變遷署,1,煤油(未燃燒，2022) 公升(L) 台灣 環境部氣候變遷署,煤油(未燃燒，2022) | 公升(l) | 0.3575,1,MOENV CFP | Taiwan EPA/MOE,2025,檢索索引已合併同名、同單位、同係數的重複列；原始資料仍保留於 tier1_unified.csv。
煤油使用(2022),2.925,公升(L),公升(L),Taiwan EPA/MOE,TW,Taiwan Local,2025,環境部氣候變遷署,1,煤油使用(2022) 公升(L) 台灣 環境部氣候變遷署,煤油使用(2022) | 公升(l) | 2.925,1,MOENV CFP | Taiwan EPA/MOE,2025,檢索索引已合併同名、同單位、同係數的重複列；原始資料仍保留於 tier1_unified.csv。
柴油(未燃燒，2022),0.677,公升(L),公升(L),Taiwan EPA/MOE,TW,Taiwan Local,2025,環境部氣候變遷署,1,柴油(未燃燒，2022) 公升(L) 台灣 環境部氣候變遷署,柴油(未燃燒，2022) | 公升(l) | 0.677,1,MOENV CFP | Taiwan EPA/MOE,2025,檢索索引已合併同名、同單位、同係數的重複列；原始資料仍保留於 tier1_unified.csv。
柴油(於固定源使用，2022),3.292,公升(L),公升(L),Taiwan EPA/MOE,TW,Taiwan Local,2025,環境部氣候變遷署,1,柴油(於固定源使用，2022) 公升(L) 台灣 環境部氣候變遷署,柴油(於固定源使用，2022) | 公升(l) | 3.292,1,MOENV CFP | Taiwan EPA/MOE,2025,檢索索引已合併同名、同單位、同係數的重複列；原始資料仍保留於 tier1_unified.csv。
柴油(於公路運輸移動源使用，2022),3.324,公升(L),公升(L),Taiwan EPA/MOE,TW,Taiwan Local,2025,環境部氣候變遷署,1,柴油(於公路運輸移動源使用，2022) 公升(L) 台灣 環境部氣候變遷署,柴油(於公路運輸移動源使用，2022) | 公升(l) | 3.324,1,MOENV CFP | Taiwan EPA/MOE,2025,檢索索引已合併同名、同單位、同係數的重複列；原始資料仍保留於 tier1_unified.csv。
柴油(於鐵路運輸與非道路運輸移動源使用，2022),3.562,公升(L),公升(L),Taiwan EPA/MOE,TW,Taiwan Local,2025,環境部氣候變遷署,1,柴油(於鐵路運輸與非道路運輸移動源使用，2022) 公升(L) 台灣 環境部氣候變遷署,柴油(於鐵路運輸與非道路運輸移動源使用，2022) | 公升(l) | 3.562,1,MOENV CFP | Taiwan EPA/MOE,2025,檢索索引已合併同名、同單位、同係數的重複列；原始資料仍保留於 tier1_unified.csv。
柴油(於水路運輸移動源使用，2022),3.309,公升(L),公升(L),Taiwan EPA/MOE,TW,Taiwan Local,2025,環境部氣候變遷署,1,柴油(於水路運輸移動源使用，2022) 公升(L) 台灣 環境部氣候變遷署,柴油(於水路運輸移動源使用，2022) | 公升(l) | 3.309,1,MOENV CFP | Taiwan EPA/MOE,2025,檢索索引已合併同名、同單位、同係數的重複列；原始資料仍保留於 tier1_unified.csv。
柴油(於捕撈移動源使用，2022),3.299,公升(L),公升(L),Taiwan EPA/MOE,TW,Taiwan Local,2025,環境部氣候變遷署,1,柴油(於捕撈移動源使用，2022) 公升(L) 台灣 環境部氣候變遷署,柴油(於捕撈移動源使用，2022) | 公升(l) | 3.299,1,MOENV CFP | Taiwan EPA/MOE,2025,檢索索引已合併同名、同單位、同係數的重複列；原始資料仍保留於 tier1_unified.csv。
液化石油氣(未燃燒，2022),0.4559,公升(L),公升(L),Taiwan EPA/MOE,TW,Taiwan Local,2025,環境部氣候變遷署,1,液化石油氣(未燃燒，2022) 公升(L) 台灣 環境部氣候變遷署,液化石油氣(未燃燒，2022) | 公升(l) | 0.4559,1,MOENV CFP | Taiwan EPA/MOE,2025,檢索索引已合併同名、同單位、同係數的重複列；原始資料仍保留於 tier1_unified.csv。
液化石油氣(於固定源使用，2022),2.21,公升(L),公升(L),Taiwan EPA/MOE,TW,Taiwan Local,2025,環境部氣候變遷署,1,液化石油氣(於固定源使用，2022) 公升(L) 台灣 環境部氣候變遷署,液化石油氣(於固定源使用，2022) | 公升(l) | 2.21,1,MOENV CFP | Taiwan EPA/MOE,2025,檢索索引已合併同名、同單位、同係數的重複列；原始資料仍保留於 tier1_unified.csv。
天然氣(未燃燒，2022),0.5313,m3,立方公尺(m3),Taiwan EPA/MOE,TW,Taiwan Local,2025,環境部氣候變遷署,1,天然氣(未燃燒，2022) m3 台灣 環境部氣候變遷署,天然氣(未燃燒，2022) | m3 | 0.5313,1,MOENV CFP | Taiwan EPA/MOE,2025,檢索索引已合併同名、同單位、同係數的重複列；原始資料仍保留於 tier1_unified.csv。
天然氣(於固定源使用，2022),2.643,m3,立方公尺(m3),Taiwan EPA/MOE,TW,Taiwan Local,2025,環境部氣候變遷署,1,天然氣(於固定源使用，2022) m3 台灣 環境部氣候變遷署,天然氣(於固定源使用，2022) | m3 | 2.643,1,MOENV CFP | Taiwan EPA/MOE,2025,檢索索引已合併同名、同單位、同係數的重複列；原始資料仍保留於 tier1_unified.csv。
未塗布印刷書寫用紙,1.377,kg,公斤(kg),Taiwan EPA/MOE,TW,Taiwan Local,2025,環境部氣候變遷署,1,未塗布印刷書寫用紙 kg 台灣 環境部氣候變遷署,未塗布印刷書寫用紙 | kg | 1.377,1,MOENV CFP | Taiwan EPA/MOE,2025,檢索索引已合併同名、同單位、同係數的重複列；原始資料仍保留於 tier1_unified.csv。
漂白脫墨紙漿,0.6033,kg,公斤(kg),Taiwan EPA/MOE,TW,Taiwan Local,2025,環境部氣候變遷署,1,漂白脫墨紙漿 kg 台灣 環境部氣候變遷署,漂白脫墨紙漿 | kg | 0.6033,1,MOENV CFP | Taiwan EPA/MOE,2025,檢索索引已合併同名、同單位、同係數的重複列；原始資料仍保留於 tier1_unified.csv。
聚氯乙烯粉(微懸浮乳化粉),2.449,kg,公斤(kg),Taiwan EPA/MOE,TW,Taiwan Local,2025,環境部氣候變遷署,1,聚氯乙烯粉(微懸浮乳化粉) kg 台灣 環境部氣候變遷署,聚氯乙烯粉(微懸浮乳化粉) | kg | 2.449,1,MOENV CFP | Taiwan EPA/MOE,2025,檢索索引已合併同名、同單位、同係數的重複列；原始資料仍保留於 tier1_unified.csv。
聚氯乙烯(均一粉),2.851,kg,公斤(kg),Taiwan EPA/MOE,TW,Taiwan Local,2025,環境部氣候變遷署,1,聚氯乙烯(均一粉) kg 台灣 環境部氣候變遷署,聚氯乙烯(均一粉) | kg | 2.851,1,MOENV CFP | Taiwan EPA/MOE,2025,檢索索引已合併同名、同單位、同係數的重複列；原始資料仍保留於 tier1_unified.csv。
聚碳酸酯樹脂（非光氣法）,4.601,kg,公斤(kg),Taiwan EPA/MOE,TW,Taiwan Local,2025,環境部氣候變遷署,1,聚碳酸酯樹脂（非光氣法） kg 台灣 環境部氣候變遷署,聚碳酸酯樹脂（非光氣法） | kg | 4.601,1,MOENV CFP | Taiwan EPA/MOE,2025,檢索索引已合併同名、同單位、同係數的重複列；原始資料仍保留於 tier1_unified.csv。
聚碳酸酯樹脂(光氣法),5.184,kg,公斤(kg),Taiwan EPA/MOE,TW,Taiwan Local,2025,環境部氣候變遷署,1,聚碳酸酯樹脂(光氣法) kg 台灣 環境部氣候變遷署,聚碳酸酯樹脂(光氣法) | kg | 5.184,1,MOENV CFP | Taiwan EPA/MOE,2025,檢索索引已合併同名、同單位、同係數的重複列；原始資料仍保留於 tier1_unified.csv。
丙烯腈-丁二烯-苯乙烯共聚合物,2.788,kg,公斤(kg),Taiwan EPA/MOE,TW,Taiwan Local,2025,環境部氣候變遷署,1,丙烯腈-丁二烯-苯乙烯共聚合物 kg 台灣 環境部氣候變遷署,丙烯腈-丁二烯-苯乙烯共聚合物 | kg | 2.788,1,MOENV CFP | Taiwan EPA/MOE,2025,檢索索引已合併同名、同單位、同係數的重複列；原始資料仍保留於 tier1_unified.csv。
聚醯胺樹脂（二聚酸型）,3.622,kg,公斤(kg),Taiwan EPA/MOE,TW,Taiwan Local,2025,環境部氣候變遷署,1,聚醯胺樹脂（二聚酸型） kg 台灣 環境部氣候變遷署,聚醯胺樹脂（二聚酸型） | kg | 3.622,1,MOENV CFP | Taiwan EPA/MOE,2025,檢索索引已合併同名、同單位、同係數的重複列；原始資料仍保留於 tier1_unified.csv。
聚醯胺樹脂（脂肪酸型）,2.186,kg,公斤(kg),Taiwan EPA/MOE,TW,Taiwan Local,2025,環境部氣候變遷署,1,聚醯胺樹脂（脂肪酸型） kg 台灣 環境部氣候變遷署,聚醯胺樹脂（脂肪酸型） | kg | 2.186,1,MOENV CFP | Taiwan EPA/MOE,2025,檢索索引已合併同名、同單位、同係數的重複列；原始資料仍保留於 tier1_unified.csv。
霧峰香米（慣行農法）,5.525,包,包,Taiwan EPA/MOE,TW,Taiwan Local,2025,臺中市政府農業局,1,霧峰香米（慣行農法） 包 台灣 臺中市政府農業局,霧峰香米（慣行農法） | 包 | 5.525,1,MOENV CFP | Taiwan EPA/MOE,2025,檢索索引已合併同名、同單位、同係數的重複列；原始資料仍保留於 tier1_unified.csv。
霧峰香米（有機農法）,4.159,包,包,Taiwan EPA/MOE,TW,Taiwan Local,2025,臺中市政府農業局,1,霧峰香米（有機農法） 包 台灣 臺中市政府農業局,霧峰香米（有機農法） | 包 | 4.159,1,MOENV CFP | Taiwan EPA/MOE,2025,檢索索引已合併同名、同單位、同係數的重複列；原始資料仍保留於 tier1_unified.csv。
鹽酸，32％(工業級，直接化合法),0.5627,kg,公斤(kg),Taiwan EPA/MOE,TW,Taiwan Local,2025,環境部氣候變遷署,1,鹽酸，32％(工業級，直接化合法) kg 台灣 環境部氣候變遷署,鹽酸，32％(工業級，直接化合法) | kg | 0.5627,1,MOENV CFP | Taiwan EPA/MOE,2025,檢索索引已合併同名、同單位、同係數的重複列；原始資料仍保留於 tier1_unified.csv。
鹽酸，32％（工業級，廢氣/廢液焚化回收法）,0.1412,kg,公斤(kg),Taiwan EPA/MOE,TW,Taiwan Local,2025,環境部氣候變遷署,1,鹽酸，32％（工業級，廢氣/廢液焚化回收法） kg 台灣 環境部氣候變遷署,鹽酸，32％（工業級，廢氣/廢液焚化回收法） | kg | 0.1412,1,MOENV CFP | Taiwan EPA/MOE,2025,檢索索引已合併同名、同單位、同係數的重複列；原始資料仍保留於 tier1_unified.csv。
異丙醇（蒸餾回收，99％，工業級）,0.7209,kg,公斤(kg),Taiwan EPA/MOE,TW,Taiwan Local,2025,環境部氣候變遷署,1,異丙醇（蒸餾回收，99％，工業級） kg 台灣 環境部氣候變遷署,異丙醇（蒸餾回收，99％，工業級） | kg | 0.7209,1,MOENV CFP | Taiwan EPA/MOE,2025,檢索索引已合併同名、同單位、同係數的重複列；原始資料仍保留於 tier1_unified.csv。
氫氣（蒸汽重組法）,5.36,kg,公斤(kg),Taiwan EPA/MOE,TW,Taiwan Local,2025,環境部氣候變遷署,1,氫氣（蒸汽重組法） kg 台灣 環境部氣候變遷署,氫氣（蒸汽重組法） | kg | 5.36,1,MOENV CFP | Taiwan EPA/MOE,2025,檢索索引已合併同名、同單位、同係數的重複列；原始資料仍保留於 tier1_unified.csv。
不銹鋼冷軋鋼捲（304系列，2B表面）,3.562,kg,公斤(kg),Taiwan EPA/MOE,TW,Taiwan Local,2025,環境部氣候變遷署,1,不銹鋼冷軋鋼捲（304系列，2B表面） kg 台灣 環境部氣候變遷署,不銹鋼冷軋鋼捲（304系列，2B表面） | kg | 3.562,1,MOENV CFP | Taiwan EPA/MOE,2025,檢索索引已合併同名、同單位、同係數的重複列；原始資料仍保留於 tier1_unified.csv。
馬口鐵（鍍錫鋼板）,2.683,kg,公斤(kg),Taiwan EPA/MOE,TW,Taiwan Local,2025,環境部氣候變遷署,1,馬口鐵（鍍錫鋼板） kg 台灣 環境部氣候變遷署,馬口鐵（鍍錫鋼板） | kg | 2.683,1,MOENV CFP | Taiwan EPA/MOE,2025,檢索索引已合併同名、同單位、同係數的重複列；原始資料仍保留於 tier1_unified.csv。
不銹鋼鋼胚,2.831,kg,公斤(kg),Taiwan EPA/MOE,TW,Taiwan Local,2025,環境部氣候變遷署,1,不銹鋼鋼胚 kg 台灣 環境部氣候變遷署,不銹鋼鋼胚 | kg | 2.831,1,MOENV CFP | Taiwan EPA/MOE,2025,檢索索引已合併同名、同單位、同係數的重複列；原始資料仍保留於 tier1_unified.csv。
廢溶劑（不分類別）蒸餾回收處理服務,0.5886,kg,公斤(kg),Taiwan EPA/MOE,TW,Taiwan Local,2025,環境部氣候變遷署,1,廢溶劑（不分類別）蒸餾回收處理服務 kg 台灣 環境部氣候變遷署,廢溶劑（不分類別）蒸餾回收處理服務 | kg | 0.5886,1,MOENV CFP | Taiwan EPA/MOE,2025,檢索索引已合併同名、同單位、同係數的重複列；原始資料仍保留於 tier1_unified.csv。
廢溶劑（A、C、D類）蒸餾回收處理服務,0.8132,kg,公斤(kg),Taiwan EPA/MOE,TW,Taiwan Local,2025,環境部氣候變遷署,1,廢溶劑（A、C、D類）蒸餾回收處理服務 kg 台灣 環境部氣候變遷署,廢溶劑（A、C、D類）蒸餾回收處理服務 | kg | 0.8132,1,MOENV CFP | Taiwan EPA/MOE,2025,檢索索引已合併同名、同單位、同係數的重複列；原始資料仍保留於 tier1_unified.csv。
地工沙腸袋(50kN/m×50kN/m),1.062,m2,平方公尺(m2),Taiwan EPA/MOE,TW,Taiwan Local,2025,盟鑫工業股份有限公司,1,地工沙腸袋(50kN/m×50kN/m) m2 台灣 盟鑫工業股份有限公司,地工沙腸袋(50kN/m×50kN/m) | m2 | 1.062,1,MOENV CFP | Taiwan EPA/MOE,2025,檢索索引已合併同名、同單位、同係數的重複列；原始資料仍保留於 tier1_unified.csv。
合金鋼鋼胚（航太與特殊鋼用）,1.042,kg,公斤(kg),Taiwan EPA/MOE,TW,Taiwan Local,2025,環境部氣候變遷署,1,合金鋼鋼胚（航太與特殊鋼用） kg 台灣 環境部氣候變遷署,合金鋼鋼胚（航太與特殊鋼用） | kg | 1.042,1,MOENV CFP | Taiwan EPA/MOE,2025,檢索索引已合併同名、同單位、同係數的重複列；原始資料仍保留於 tier1_unified.csv。
合金鋼鋼胚（機械五金用）,0.5661,kg,公斤(kg),Taiwan EPA/MOE,TW,Taiwan Local,2025,環境部氣候變遷署,1,合金鋼鋼胚（機械五金用） kg 台灣 環境部氣候變遷署,合金鋼鋼胚（機械五金用） | kg | 0.5661,1,MOENV CFP | Taiwan EPA/MOE,2025,檢索索引已合併同名、同單位、同係數的重複列；原始資料仍保留於 tier1_unified.csv。
矽晶圓(6吋),4.65,piece,片,MOENV CFP,TW,Taiwan Product Carbon Footprint,2013,經濟部工業局,1,矽晶圓(6吋) piece 台灣 環境部 產品碳足跡 經濟部工業局,矽晶圓(6吋) | piece | 4.65,0,MOENV CFP,2013,
自用大客車(柴油),0.0606,延人公里(pkm),延人公里(pkm),MOENV CFP,TW,Taiwan Product Carbon Footprint,2014,交通部運輸研究所,1,自用大客車(柴油) 延人公里(pkm) 台灣 環境部 產品碳足跡 交通部運輸研究所,自用大客車(柴油) | 延人公里(pkm) | 0.0606,0,MOENV CFP,2014,
自用小客車(汽油),0.115,延人公里(pkm),延人公里(pkm),MOENV CFP,TW,Taiwan Product Carbon Footprint,2014,交通部運輸研究所,1,自用小客車(汽油) 延人公里(pkm) 台灣 環境部 產品碳足跡 交通部運輸研究所,自用小客車(汽油) | 延人公里(pkm) | 0.115,0,MOENV CFP,2014,
營業小客車(汽油),0.133,延人公里(pkm),延人公里(pkm),MOENV CFP,TW,Taiwan Product Carbon Footprint,2014,交通部運輸研究所,1,營業小客車(汽油) 延人公里(pkm) 台灣 環境部 產品碳足跡 交通部運輸研究所,營業小客車(汽油) | 延人公里(pkm) | 0.133,0,MOENV CFP,2014,
機器腳踏車(汽油),0.0951,延人公里(pkm),延人公里(pkm),MOENV CFP,TW,Taiwan Product Carbon Footprint,2014,交通部運輸研究所,1,機器腳踏車(汽油) 延人公里(pkm) 台灣 環境部 產品碳足跡 交通部運輸研究所,機器腳踏車(汽油) | 延人公里(pkm) | 0.0951,0,MOENV CFP,2014,
營業大客車(市區公車及公路客運-柴油),0.0944,延人公里(pkm),延人公里(pkm),MOENV CFP,TW,Taiwan Product Carbon Footprint,2014,交通部運輸研究所,1,營業大客車(市區公車及公路客運-柴油) 延人公里(pkm) 台灣 環境部 產品碳足跡 交通部運輸研究所,營業大客車(市區公車及公路客運-柴油) | 延人公里(pkm) | 0.0944,0,MOENV CFP,2014,
燃料油使用(蒸餘油/重油使用，2012),3.98,公升(L),公升(L),MOENV CFP,TW,Taiwan Product Carbon Footprint,2014,環境部,1,燃料油使用(蒸餘油/重油使用，2012) 公升(L) 台灣 環境部 產品碳足跡 環境部,燃料油使用(蒸餘油/重油使用，2012) | 公升(l) | 3.98,0,MOENV CFP,2014,
柴油(未燃燒，2012),0.74,公升(L),公升(L),MOENV CFP,TW,Taiwan Product Carbon Footprint,2014,環境部,1,柴油(未燃燒，2012) 公升(L) 台灣 環境部 產品碳足跡 環境部,柴油(未燃燒，2012) | 公升(l) | 0.74,0,MOENV CFP,2014,
柴油(於固定源使用，2012),3.42,公升(L),公升(L),MOENV CFP,TW,Taiwan Product Carbon Footprint,2014,環境部,1,柴油(於固定源使用，2012) 公升(L) 台灣 環境部 產品碳足跡 環境部,柴油(於固定源使用，2012) | 公升(l) | 3.42,0,MOENV CFP,2014,
柴油(於移動源使用，2012),3.45,公升(L),公升(L),MOENV CFP,TW,Taiwan Product Carbon Footprint,2014,環境部,1,柴油(於移動源使用，2012) 公升(L) 台灣 環境部 產品碳足跡 環境部,柴油(於移動源使用，2012) | 公升(l) | 3.45,0,MOENV CFP,2014,
車用汽油(未燃燒，2012),0.65,公升(L),公升(L),MOENV CFP,TW,Taiwan Product Carbon Footprint,2014,環境部,1,車用汽油(未燃燒，2012) 公升(L) 台灣 環境部 產品碳足跡 環境部,車用汽油(未燃燒，2012) | 公升(l) | 0.65,0,MOENV CFP,2014,
車用汽油(於固定源使用，2012),3.0,公升(L),公升(L),MOENV CFP,TW,Taiwan Product Carbon Footprint,2014,環境部,1,車用汽油(於固定源使用，2012) 公升(L) 台灣 環境部 產品碳足跡 環境部,車用汽油(於固定源使用，2012) | 公升(l) | 3.0,0,MOENV CFP,2014,
車用汽油(於移動源使用，2012),3.1,公升(L),公升(L),MOENV CFP,TW,Taiwan Product Carbon Footprint,2014,環境部,1,車用汽油(於移動源使用，2012) 公升(L) 台灣 環境部 產品碳足跡 環境部,車用汽油(於移動源使用，2012) | 公升(l) | 3.1,0,MOENV CFP,2014,
廢棄物清除處理服務(南部科學工業園區-台南園區),715.79,公噸(mt),公噸(mt),MOENV CFP,TW,Taiwan Product Carbon Footprint,2014,南部科學工業園區管局台南園區資源再生中心,1,廢棄物清除處理服務(南部科學工業園區-台南園區) 公噸(mt) 台灣 環境部 產品碳足跡 南部科學工業園區管局台南園區資源再生中心,廢棄物清除處理服務(南部科學工業園區-台南園區) | 公噸(mt) | 715.79,0,MOENV CFP,2014,
廢棄物掩埋清理服務(南部科學工業園區-台南園區),7.07,公噸(mt),公噸(mt),MOENV CFP,TW,Taiwan Product Carbon Footprint,2014,南部科學工業園區管局台南園區資源再生中心,1,廢棄物掩埋清理服務(南部科學工業園區-台南園區) 公噸(mt) 台灣 環境部 產品碳足跡 南部科學工業園區管局台南園區資源再生中心,廢棄物掩埋清理服務(南部科學工業園區-台南園區) | 公噸(mt) | 7.07,0,MOENV CFP,2014,
廢棄物焚化清理服務(南部科學工業園區-台南園區),737.14,公噸(mt),公噸(mt),MOENV CFP,TW,Taiwan Product Carbon Footprint,2014,南部科學工業園區管局台南園區資源再生中心,1,廢棄物焚化清理服務(南部科學工業園區-台南園區) 公噸(mt) 台灣 環境部 產品碳足跡 南部科學工業園區管局台南園區資源再生中心,廢棄物焚化清理服務(南部科學工業園區-台南園區) | 公噸(mt) | 737.14,0,MOENV CFP,2014,
廢棄物物化清理服務(南部科學工業園區-台南園區),122.78,公噸(mt),公噸(mt),MOENV CFP,TW,Taiwan Product Carbon Footprint,2014,南部科學工業園區管局台南園區資源再生中心,1,廢棄物物化清理服務(南部科學工業園區-台南園區) 公噸(mt) 台灣 環境部 產品碳足跡 南部科學工業園區管局台南園區資源再生中心,廢棄物物化清理服務(南部科學工業園區-台南園區) | 公噸(mt) | 122.78,0,MOENV CFP,2014,
廢棄物固化清理服務(南部科學工業園區-台南園區),649.1,公噸(mt),公噸(mt),MOENV CFP,TW,Taiwan Product Carbon Footprint,2014,南部科學工業園區管局台南園區資源再生中心,1,廢棄物固化清理服務(南部科學工業園區-台南園區) 公噸(mt) 台灣 環境部 產品碳足跡 南部科學工業園區管局台南園區資源再生中心,廢棄物固化清理服務(南部科學工業園區-台南園區) | 公噸(mt) | 649.1,0,MOENV CFP,2014,
液化石油氣(於固定源使用，2012),2.09,公升(L),公升(L),MOENV CFP,TW,Taiwan Product Carbon Footprint,2014,環境部,1,液化石油氣(於固定源使用，2012) 公升(L) 台灣 環境部 產品碳足跡 環境部,液化石油氣(於固定源使用，2012) | 公升(l) | 2.09,0,MOENV CFP,2014,
營業遊覽車(柴油),0.0441,延人公里(pkm),延人公里(pkm),MOENV CFP,TW,Taiwan Product Carbon Footprint,2014,交通部運輸研究所,1,營業遊覽車(柴油) 延人公里(pkm) 台灣 環境部 產品碳足跡 交通部運輸研究所,營業遊覽車(柴油) | 延人公里(pkm) | 0.0441,0,MOENV CFP,2014,
自用大貨車(柴油),0.2235,延噸公里(tkm),延噸公里(tkm),MOENV CFP,TW,Taiwan Product Carbon Footprint,2014,交通部運輸研究所,1,自用大貨車(柴油) 延噸公里(tkm) 台灣 環境部 產品碳足跡 交通部運輸研究所,自用大貨車(柴油) | 延噸公里(tkm) | 0.2235,0,MOENV CFP,2014,
自用小貨車(汽油),0.7393,延噸公里(tkm),延噸公里(tkm),MOENV CFP,TW,Taiwan Product Carbon Footprint,2014,交通部運輸研究所,1,自用小貨車(汽油) 延噸公里(tkm) 台灣 環境部 產品碳足跡 交通部運輸研究所,自用小貨車(汽油) | 延噸公里(tkm) | 0.7393,0,MOENV CFP,2014,
自用小貨車(柴油),0.693,延噸公里(tkm),延噸公里(tkm),MOENV CFP,TW,Taiwan Product Carbon Footprint,2014,交通部運輸研究所,1,自用小貨車(柴油) 延噸公里(tkm) 台灣 環境部 產品碳足跡 交通部運輸研究所,自用小貨車(柴油) | 延噸公里(tkm) | 0.693,0,MOENV CFP,2014,
營業小貨車(汽油),0.6259,延噸公里(tkm),延噸公里(tkm),MOENV CFP,TW,Taiwan Product Carbon Footprint,2014,交通部運輸研究所,1,營業小貨車(汽油) 延噸公里(tkm) 台灣 環境部 產品碳足跡 交通部運輸研究所,營業小貨車(汽油) | 延噸公里(tkm) | 0.6259,0,MOENV CFP,2014,
營業小貨車(柴油),0.647,延噸公里(tkm),延噸公里(tkm),MOENV CFP,TW,Taiwan Product Carbon Footprint,2014,交通部運輸研究所,1,營業小貨車(柴油) 延噸公里(tkm) 台灣 環境部 產品碳足跡 交通部運輸研究所,營業小貨車(柴油) | 延噸公里(tkm) | 0.647,0,MOENV CFP,2014,
營業大貨車(柴油),0.235,延噸公里(tkm),延噸公里(tkm),MOENV CFP,TW,Taiwan Product Carbon Footprint,2014,交通部運輸研究所,1,營業大貨車(柴油) 延噸公里(tkm) 台灣 環境部 產品碳足跡 交通部運輸研究所,營業大貨車(柴油) | 延噸公里(tkm) | 0.235,0,MOENV CFP,2014,
特製液糖(20公噸),7.03,公噸(mt),公噸(mt),MOENV CFP,TW,Taiwan Product Carbon Footprint,2014,台灣糖業公司,1,特製液糖(20公噸) 公噸(mt) 台灣 環境部 產品碳足跡 台灣糖業公司,特製液糖(20公噸) | 公噸(mt) | 7.03,0,MOENV CFP,2014,
精製特砂(1公噸，太空袋裝),606.55,公噸(mt),公噸(mt),MOENV CFP,TW,Taiwan Product Carbon Footprint,2014,台灣糖業公司,1,精製特砂(1公噸，太空袋裝) 公噸(mt) 台灣 環境部 產品碳足跡 台灣糖業公司,精製特砂(1公噸，太空袋裝) | 公噸(mt) | 606.55,0,MOENV CFP,2014,
養殖石斑魚活體,5834.88,公噸(mt),公噸(mt),MOENV CFP,TW,Taiwan Product Carbon Footprint,2014,行政院農業委員會漁業署,1,養殖石斑魚活體 公噸(mt) 台灣 環境部 產品碳足跡 行政院農業委員會漁業署,養殖石斑魚活體 | 公噸(mt) | 5834.88,0,MOENV CFP,2014,
養殖石斑魚條凍,7072.67,公噸(mt),公噸(mt),MOENV CFP,TW,Taiwan Product Carbon Footprint,2014,行政院農業委員會漁業署,1,養殖石斑魚條凍 公噸(mt) 台灣 環境部 產品碳足跡 行政院農業委員會漁業署,養殖石斑魚條凍 | 公噸(mt) | 7072.67,0,MOENV CFP,2014,
養殖吳郭魚冷凍魚片,4476.42,公噸(mt),公噸(mt),MOENV CFP,TW,Taiwan Product Carbon Footprint,2014,行政院農業委員會漁業署,1,養殖吳郭魚冷凍魚片 公噸(mt) 台灣 環境部 產品碳足跡 行政院農業委員會漁業署,養殖吳郭魚冷凍魚片 | 公噸(mt) | 4476.42,0,MOENV CFP,2014,
盒裝去殼牡蠣,1096.25,公噸(mt),公噸(mt),MOENV CFP,TW,Taiwan Product Carbon Footprint,2014,行政院農業委員會漁業署,1,盒裝去殼牡蠣 公噸(mt) 台灣 環境部 產品碳足跡 行政院農業委員會漁業署,盒裝去殼牡蠣 | 公噸(mt) | 1096.25,0,MOENV CFP,2014,
廢水處理排放服務(南部科學工業園區管理局-高雄園區),0.61,公噸(mt),公噸(mt),MOENV CFP,TW,Taiwan Product Carbon Footprint,2014,南部科學工業園區管理局,1,廢水處理排放服務(南部科學工業園區管理局-高雄園區) 公噸(mt) 台灣 環境部 產品碳足跡 南部科學工業園區管理局,廢水處理排放服務(南部科學工業園區管理局-高雄園區) | 公噸(mt) | 0.61,0,MOENV CFP,2014,
廢水處理排放服務(南部科學工業園區管理局-台南園區),0.77,公噸(mt),公噸(mt),MOENV CFP,TW,Taiwan Product Carbon Footprint,2014,南部科學工業園區管理局,1,廢水處理排放服務(南部科學工業園區管理局-台南園區) 公噸(mt) 台灣 環境部 產品碳足跡 南部科學工業園區管理局,廢水處理排放服務(南部科學工業園區管理局-台南園區) | 公噸(mt) | 0.77,0,MOENV CFP,2014,
燃料油使用(蒸餘油/重油使用，2013),4.02,公升(L),公升(L),MOENV CFP,TW,Taiwan Product Carbon Footprint,2015,環境部,1,燃料油使用(蒸餘油/重油使用，2013) 公升(L) 台灣 環境部 產品碳足跡 環境部,燃料油使用(蒸餘油/重油使用，2013) | 公升(l) | 4.02,0,MOENV CFP,2015,
柴油(未燃燒，2013),0.76,公升(L),公升(L),MOENV CFP,TW,Taiwan Product Carbon Footprint,2015,環境部,1,柴油(未燃燒，2013) 公升(L) 台灣 環境部 產品碳足跡 環境部,柴油(未燃燒，2013) | 公升(l) | 0.76,0,MOENV CFP,2015,
柴油(於固定源使用，2013),3.46,公升(L),公升(L),MOENV CFP,TW,Taiwan Product Carbon Footprint,2015,環境部,1,柴油(於固定源使用，2013) 公升(L) 台灣 環境部 產品碳足跡 環境部,柴油(於固定源使用，2013) | 公升(l) | 3.46,0,MOENV CFP,2015,
柴油(於移動源使用，2013),3.49,公升(L),公升(L),MOENV CFP,TW,Taiwan Product Carbon Footprint,2015,環境部,1,柴油(於移動源使用，2013) 公升(L) 台灣 環境部 產品碳足跡 環境部,柴油(於移動源使用，2013) | 公升(l) | 3.49,0,MOENV CFP,2015,
車用汽油(未燃燒，2013),0.69,公升(L),公升(L),MOENV CFP,TW,Taiwan Product Carbon Footprint,2015,環境部,1,車用汽油(未燃燒，2013) 公升(L) 台灣 環境部 產品碳足跡 環境部,車用汽油(未燃燒，2013) | 公升(l) | 0.69,0,MOENV CFP,2015,
車用汽油(於固定源使用，2013),3.03,公升(L),公升(L),MOENV CFP,TW,Taiwan Product Carbon Footprint,2015,環境部,1,車用汽油(於固定源使用，2013) 公升(L) 台灣 環境部 產品碳足跡 環境部,車用汽油(於固定源使用，2013) | 公升(l) | 3.03,0,MOENV CFP,2015,
車用汽油(於移動源使用，2013),3.12,公升(L),公升(L),MOENV CFP,TW,Taiwan Product Carbon Footprint,2015,環境部,1,車用汽油(於移動源使用，2013) 公升(L) 台灣 環境部 產品碳足跡 環境部,車用汽油(於移動源使用，2013) | 公升(l) | 3.12,0,MOENV CFP,2015,
液化石油氣(於固定源使用，2013),2.34,公升(L),公升(L),MOENV CFP,TW,Taiwan Product Carbon Footprint,2015,環境部,1,液化石油氣(於固定源使用，2013) 公升(L) 台灣 環境部 產品碳足跡 環境部,液化石油氣(於固定源使用，2013) | 公升(l) | 2.34,0,MOENV CFP,2015,
高速鐵路運輸服務,0.038,延人公里(pkm),延人公里(pkm),MOENV CFP,TW,Taiwan Product Carbon Footprint,2015,環境部、台灣高速鐵路股份有限公司,1,高速鐵路運輸服務 延人公里(pkm) 台灣 環境部 產品碳足跡 環境部、台灣高速鐵路股份有限公司,高速鐵路運輸服務 | 延人公里(pkm) | 0.038,0,MOENV CFP,2015,
臺灣鐵路運輸服務(柴聯車),70.0,延人公里(pkm),延人公里(pkm),MOENV CFP,TW,Taiwan Product Carbon Footprint,2015,交通部鐵路改建工程局,1,臺灣鐵路運輸服務(柴聯車) 延人公里(pkm) 台灣 環境部 產品碳足跡 交通部鐵路改建工程局,臺灣鐵路運輸服務(柴聯車) | 延人公里(pkm) | 70.0,0,MOENV CFP,2015,
臺灣鐵路運輸服務(電聯車),54.0,延人公里(pkm),延人公里(pkm),MOENV CFP,TW,Taiwan Product Carbon Footprint,2015,交通部鐵路改建工程局,1,臺灣鐵路運輸服務(電聯車) 延人公里(pkm) 台灣 環境部 產品碳足跡 交通部鐵路改建工程局,臺灣鐵路運輸服務(電聯車) | 延人公里(pkm) | 54.0,0,MOENV CFP,2015,
燃料油使用(蒸餘油/重油使用，2014),4.0,公升(L),公升(L),MOENV CFP,TW,Taiwan Product Carbon Footprint,2016,環境部,1,燃料油使用(蒸餘油/重油使用，2014) 公升(L) 台灣 環境部 產品碳足跡 環境部,燃料油使用(蒸餘油/重油使用，2014) | 公升(l) | 4.0,0,MOENV CFP,2016,
柴油(未燃燒，2014),0.75,公升(L),公升(L),MOENV CFP,TW,Taiwan Product Carbon Footprint,2016,環境部,1,柴油(未燃燒，2014) 公升(L) 台灣 環境部 產品碳足跡 環境部,柴油(未燃燒，2014) | 公升(l) | 0.75,0,MOENV CFP,2016,
柴油(於固定源使用，2014),3.45,公升(L),公升(L),MOENV CFP,TW,Taiwan Product Carbon Footprint,2016,環境部,1,柴油(於固定源使用，2014) 公升(L) 台灣 環境部 產品碳足跡 環境部,柴油(於固定源使用，2014) | 公升(l) | 3.45,0,MOENV CFP,2016,
柴油(於移動源使用，2014),3.48,公升(L),公升(L),MOENV CFP,TW,Taiwan Product Carbon Footprint,2016,環境部,1,柴油(於移動源使用，2014) 公升(L) 台灣 環境部 產品碳足跡 環境部,柴油(於移動源使用，2014) | 公升(l) | 3.48,0,MOENV CFP,2016,
車用汽油(未燃燒，2014),0.67,公升(L),公升(L),MOENV CFP,TW,Taiwan Product Carbon Footprint,2016,環境部,1,車用汽油(未燃燒，2014) 公升(L) 台灣 環境部 產品碳足跡 環境部,車用汽油(未燃燒，2014) | 公升(l) | 0.67,0,MOENV CFP,2016,
車用汽油(於固定源使用，2014),3.02,公升(L),公升(L),MOENV CFP,TW,Taiwan Product Carbon Footprint,2016,環境部,1,車用汽油(於固定源使用，2014) 公升(L) 台灣 環境部 產品碳足跡 環境部,車用汽油(於固定源使用，2014) | 公升(l) | 3.02,0,MOENV CFP,2016,
車用汽油(於移動源使用，2014),3.1,公升(L),公升(L),MOENV CFP,TW,Taiwan Product Carbon Footprint,2016,環境部,1,車用汽油(於移動源使用，2014) 公升(L) 台灣 環境部 產品碳足跡 環境部,車用汽油(於移動源使用，2014) | 公升(l) | 3.1,0,MOENV CFP,2016,
液化石油氣(於固定源使用，2014),2.26,公升(L),公升(L),MOENV CFP,TW,Taiwan Product Carbon Footprint,2016,環境部,1,液化石油氣(於固定源使用，2014) 公升(L) 台灣 環境部 產品碳足跡 環境部,液化石油氣(於固定源使用，2014) | 公升(l) | 2.26,0,MOENV CFP,2016,
煤油使用(2014),3.02,公升(L),公升(L),MOENV CFP,TW,Taiwan Product Carbon Footprint,2016,環境部,1,煤油使用(2014) 公升(L) 台灣 環境部 產品碳足跡 環境部,煤油使用(2014) | 公升(l) | 3.02,0,MOENV CFP,2016,
筆記型電腦觸控板,3.06,piece,片,MOENV CFP,TW,Taiwan Product Carbon Footprint,2016,環境部、宏碁股份有限公司,1,筆記型電腦觸控板 piece 台灣 環境部 產品碳足跡 環境部、宏碁股份有限公司,筆記型電腦觸控板 | piece | 3.06,0,MOENV CFP,2016,
國內海運貨物運輸服務(柴油動力),0.0334,延噸公里(tkm),延噸公里(tkm),MOENV CFP,TW,Taiwan Product Carbon Footprint,2016,環境部,1,國內海運貨物運輸服務(柴油動力) 延噸公里(tkm) 台灣 環境部 產品碳足跡 環境部,國內海運貨物運輸服務(柴油動力) | 延噸公里(tkm) | 0.0334,0,MOENV CFP,2016,
國內海運貨物運輸服務(燃料油動力),0.0354,延噸公里(tkm),延噸公里(tkm),MOENV CFP,TW,Taiwan Product Carbon Footprint,2016,環境部,1,國內海運貨物運輸服務(燃料油動力) 延噸公里(tkm) 台灣 環境部 產品碳足跡 環境部,國內海運貨物運輸服務(燃料油動力) | 延噸公里(tkm) | 0.0354,0,MOENV CFP,2016,
國際海運貨物運輸服務(燃料油動力),0.0198,延噸公里(tkm),延噸公里(tkm),MOENV CFP,TW,Taiwan Product Carbon Footprint,2016,環境部,1,國際海運貨物運輸服務(燃料油動力) 延噸公里(tkm) 台灣 環境部 產品碳足跡 環境部,國際海運貨物運輸服務(燃料油動力) | 延噸公里(tkm) | 0.0198,0,MOENV CFP,2016,
混凝土及水泥砂漿用水淬高爐爐碴粉(散裝),50.44,公噸(mt),公噸(mt),MOENV CFP,TW,Taiwan Product Carbon Footprint,2016,中聯資源股份有限公司,1,混凝土及水泥砂漿用水淬高爐爐碴粉(散裝) 公噸(mt) 台灣 環境部 產品碳足跡 中聯資源股份有限公司,混凝土及水泥砂漿用水淬高爐爐碴粉(散裝) | 公噸(mt) | 50.44,0,MOENV CFP,2016,
混凝土及水泥砂漿用水淬高爐爐碴粉(太空包裝),54.73,公噸(mt),公噸(mt),MOENV CFP,TW,Taiwan Product Carbon Footprint,2016,中聯資源股份有限公司,1,混凝土及水泥砂漿用水淬高爐爐碴粉(太空包裝) 公噸(mt) 台灣 環境部 產品碳足跡 中聯資源股份有限公司,混凝土及水泥砂漿用水淬高爐爐碴粉(太空包裝) | 公噸(mt) | 54.73,0,MOENV CFP,2016,
飛灰爐石粉(散裝),48.19,公噸(mt),公噸(mt),MOENV CFP,TW,Taiwan Product Carbon Footprint,2016,中聯資源股份有限公司,1,飛灰爐石粉(散裝) 公噸(mt) 台灣 環境部 產品碳足跡 中聯資源股份有限公司,飛灰爐石粉(散裝) | 公噸(mt) | 48.19,0,MOENV CFP,2016,
飛灰爐石粉(太空包裝),52.48,公噸(mt),公噸(mt),MOENV CFP,TW,Taiwan Product Carbon Footprint,2016,中聯資源股份有限公司,1,飛灰爐石粉(太空包裝) 公噸(mt) 台灣 環境部 產品碳足跡 中聯資源股份有限公司,飛灰爐石粉(太空包裝) | 公噸(mt) | 52.48,0,MOENV CFP,2016,
卜特蘭高爐爐碴水泥(散裝),512.57,公噸(mt),公噸(mt),MOENV CFP,TW,Taiwan Product Carbon Footprint,2016,中聯資源股份有限公司,1,卜特蘭高爐爐碴水泥(散裝) 公噸(mt) 台灣 環境部 產品碳足跡 中聯資源股份有限公司,卜特蘭高爐爐碴水泥(散裝) | 公噸(mt) | 512.57,0,MOENV CFP,2016,
卜特蘭高爐爐碴水泥(太空包裝),516.86,公噸(mt),公噸(mt),MOENV CFP,TW,Taiwan Product Carbon Footprint,2016,中聯資源股份有限公司,1,卜特蘭高爐爐碴水泥(太空包裝) 公噸(mt) 台灣 環境部 產品碳足跡 中聯資源股份有限公司,卜特蘭高爐爐碴水泥(太空包裝) | 公噸(mt) | 516.86,0,MOENV CFP,2016,
地質改良處理劑(散裝),313.55,公噸(mt),公噸(mt),MOENV CFP,TW,Taiwan Product Carbon Footprint,2016,中聯資源股份有限公司,1,地質改良處理劑(散裝) 公噸(mt) 台灣 環境部 產品碳足跡 中聯資源股份有限公司,地質改良處理劑(散裝) | 公噸(mt) | 313.55,0,MOENV CFP,2016,
地質改良處理劑(太空包裝),317.84,公噸(mt),公噸(mt),MOENV CFP,TW,Taiwan Product Carbon Footprint,2016,中聯資源股份有限公司,1,地質改良處理劑(太空包裝) 公噸(mt) 台灣 環境部 產品碳足跡 中聯資源股份有限公司,地質改良處理劑(太空包裝) | 公噸(mt) | 317.84,0,MOENV CFP,2016,
瀝青鋪面用粒料(散裝),4.72,公噸(mt),公噸(mt),MOENV CFP,TW,Taiwan Product Carbon Footprint,2016,中聯資源股份有限公司,1,瀝青鋪面用粒料(散裝) 公噸(mt) 台灣 環境部 產品碳足跡 中聯資源股份有限公司,瀝青鋪面用粒料(散裝) | 公噸(mt) | 4.72,0,MOENV CFP,2016,
筆記型電腦包裝紙箱(三層一浪),0.00205,公克(g),公克(g),MOENV CFP,TW,Taiwan Product Carbon Footprint,2016,環境部、宏碁股份有限公司,1,筆記型電腦包裝紙箱(三層一浪) 公克(g) 台灣 環境部 產品碳足跡 環境部、宏碁股份有限公司,筆記型電腦包裝紙箱(三層一浪) | 公克(g) | 0.00205,0,MOENV CFP,2016,
氣冷轉爐石級配料(散裝),1.58,公噸(mt),公噸(mt),MOENV CFP,TW,Taiwan Product Carbon Footprint,2016,中聯資源股份有限公司,1,氣冷轉爐石級配料(散裝) 公噸(mt) 台灣 環境部 產品碳足跡 中聯資源股份有限公司,氣冷轉爐石級配料(散裝) | 公噸(mt) | 1.58,0,MOENV CFP,2016,
氣冷高爐石級配料(散裝),1.69,公噸(mt),公噸(mt),MOENV CFP,TW,Taiwan Product Carbon Footprint,2016,中聯資源股份有限公司,1,氣冷高爐石級配料(散裝) 公噸(mt) 台灣 環境部 產品碳足跡 中聯資源股份有限公司,氣冷高爐石級配料(散裝) | 公噸(mt) | 1.69,0,MOENV CFP,2016,
磨石子地磚(30cm*30cm*2cm),1.7,piece,片,MOENV CFP,TW,Taiwan Product Carbon Footprint,2016,台南市政府環境保護局、晶泰水泥加工廠股份有限公司,1,磨石子地磚(30cm*30cm*2cm) piece 台灣 環境部 產品碳足跡 台南市政府環境保護局、晶泰水泥加工廠股份有限公司,磨石子地磚(30cm*30cm*2cm) | piece | 1.7,0,MOENV CFP,2016,
磨石子地磚(30cm*60cm*2cm),3.2,piece,片,MOENV CFP,TW,Taiwan Product Carbon Footprint,2016,台南市政府環境保護局、晶泰水泥加工廠股份有限公司,1,磨石子地磚(30cm*60cm*2cm) piece 台灣 環境部 產品碳足跡 台南市政府環境保護局、晶泰水泥加工廠股份有限公司,磨石子地磚(30cm*60cm*2cm) | piece | 3.2,0,MOENV CFP,2016,
磨石子地磚(40cm*40cm*2cm),3.4,piece,片,MOENV CFP,TW,Taiwan Product Carbon Footprint,2016,台南市政府環境保護局、晶泰水泥加工廠股份有限公司,1,磨石子地磚(40cm*40cm*2cm) piece 台灣 環境部 產品碳足跡 台南市政府環境保護局、晶泰水泥加工廠股份有限公司,磨石子地磚(40cm*40cm*2cm) | piece | 3.4,0,MOENV CFP,2016,
磨石子地磚(45cm*45cm*2cm),4.0,piece,片,MOENV CFP,TW,Taiwan Product Carbon Footprint,2016,台南市政府環境保護局、晶泰水泥加工廠股份有限公司,1,磨石子地磚(45cm*45cm*2cm) piece 台灣 環境部 產品碳足跡 台南市政府環境保護局、晶泰水泥加工廠股份有限公司,磨石子地磚(45cm*45cm*2cm) | piece | 4.0,0,MOENV CFP,2016,
磨石子地磚(50cm*50cm*2.5cm),5.0,piece,片,MOENV CFP,TW,Taiwan Product Carbon Footprint,2016,台南市政府環境保護局、晶泰水泥加工廠股份有限公司,1,磨石子地磚(50cm*50cm*2.5cm) piece 台灣 環境部 產品碳足跡 台南市政府環境保護局、晶泰水泥加工廠股份有限公司,磨石子地磚(50cm*50cm*2.5cm) | piece | 5.0,0,MOENV CFP,2016,
磨石子地磚(60cm*60cm*2.5cm),7.5,piece,片,MOENV CFP,TW,Taiwan Product Carbon Footprint,2016,台南市政府環境保護局、晶泰水泥加工廠股份有限公司,1,磨石子地磚(60cm*60cm*2.5cm) piece 台灣 環境部 產品碳足跡 台南市政府環境保護局、晶泰水泥加工廠股份有限公司,磨石子地磚(60cm*60cm*2.5cm) | piece | 7.5,0,MOENV CFP,2016,
沐浴乳,1.8,公升(L),公升(L),MOENV CFP,TW,Taiwan Product Carbon Footprint,2016,環境部,1,沐浴乳 公升(L) 台灣 環境部 產品碳足跡 環境部,沐浴乳 | 公升(l) | 1.8,0,MOENV CFP,2016,
燃料油使用(蒸餘油/重油使用，2015),4.0,公升(L),公升(L),MOENV CFP,TW,Taiwan Product Carbon Footprint,2017,環境部,1,燃料油使用(蒸餘油/重油使用，2015) 公升(L) 台灣 環境部 產品碳足跡 環境部,燃料油使用(蒸餘油/重油使用，2015) | 公升(l) | 4.0,0,MOENV CFP,2017,
柴油(未燃燒，2015),0.752,公升(L),公升(L),MOENV CFP,TW,Taiwan Product Carbon Footprint,2017,環境部,1,柴油(未燃燒，2015) 公升(L) 台灣 環境部 產品碳足跡 環境部,柴油(未燃燒，2015) | 公升(l) | 0.752,0,MOENV CFP,2017,
柴油(於固定源使用，2015),3.45,公升(L),公升(L),MOENV CFP,TW,Taiwan Product Carbon Footprint,2017,環境部,1,柴油(於固定源使用，2015) 公升(L) 台灣 環境部 產品碳足跡 環境部,柴油(於固定源使用，2015) | 公升(l) | 3.45,0,MOENV CFP,2017,
柴油(於移動源使用，2015),3.48,公升(L),公升(L),MOENV CFP,TW,Taiwan Product Carbon Footprint,2017,環境部,1,柴油(於移動源使用，2015) 公升(L) 台灣 環境部 產品碳足跡 環境部,柴油(於移動源使用，2015) | 公升(l) | 3.48,0,MOENV CFP,2017,
車用汽油(未燃燒，2015),0.671,公升(L),公升(L),MOENV CFP,TW,Taiwan Product Carbon Footprint,2017,環境部,1,車用汽油(未燃燒，2015) 公升(L) 台灣 環境部 產品碳足跡 環境部,車用汽油(未燃燒，2015) | 公升(l) | 0.671,0,MOENV CFP,2017,
車用汽油(於固定源使用，2015),3.02,公升(L),公升(L),MOENV CFP,TW,Taiwan Product Carbon Footprint,2017,環境部,1,車用汽油(於固定源使用，2015) 公升(L) 台灣 環境部 產品碳足跡 環境部,車用汽油(於固定源使用，2015) | 公升(l) | 3.02,0,MOENV CFP,2017,
車用汽油(於移動源使用，2015),3.1,公升(L),公升(L),MOENV CFP,TW,Taiwan Product Carbon Footprint,2017,環境部,1,車用汽油(於移動源使用，2015) 公升(L) 台灣 環境部 產品碳足跡 環境部,車用汽油(於移動源使用，2015) | 公升(l) | 3.1,0,MOENV CFP,2017,
液化石油氣(於固定源使用，2015),2.26,公升(L),公升(L),MOENV CFP,TW,Taiwan Product Carbon Footprint,2017,環境部,1,液化石油氣(於固定源使用，2015) 公升(L) 台灣 環境部 產品碳足跡 環境部,液化石油氣(於固定源使用，2015) | 公升(l) | 2.26,0,MOENV CFP,2017,
3.49噸常溫貨車服務(裝載率31％，包含營業據點排放),2.18,延噸公里(tkm),延噸公里(tkm),MOENV CFP,TW,Taiwan Product Carbon Footprint,2017,交通部運輸研究所,1,3.49噸常溫貨車服務(裝載率31％，包含營業據點排放) 延噸公里(tkm) 台灣 環境部 產品碳足跡 交通部運輸研究所,3.49噸常溫貨車服務(裝載率31％，包含營業據點排放) | 延噸公里(tkm) | 2.18,0,MOENV CFP,2017,
3.49噸常溫貨車服務(裝載率84％，包含營業據點排放),0.833,延噸公里(tkm),延噸公里(tkm),MOENV CFP,TW,Taiwan Product Carbon Footprint,2017,交通部運輸研究所,1,3.49噸常溫貨車服務(裝載率84％，包含營業據點排放) 延噸公里(tkm) 台灣 環境部 產品碳足跡 交通部運輸研究所,3.49噸常溫貨車服務(裝載率84％，包含營業據點排放) | 延噸公里(tkm) | 0.833,0,MOENV CFP,2017,
3.5~7.4噸常溫貨車服務(裝載率82％，包含營業據點排放),0.316,延噸公里(tkm),延噸公里(tkm),MOENV CFP,TW,Taiwan Product Carbon Footprint,2017,交通部運輸研究所,1,3.5~7.4噸常溫貨車服務(裝載率82％，包含營業據點排放) 延噸公里(tkm) 台灣 環境部 產品碳足跡 交通部運輸研究所,3.5~7.4噸常溫貨車服務(裝載率82％，包含營業據點排放) | 延噸公里(tkm) | 0.316,0,MOENV CFP,2017,
煤油使用(2015),3.02,公升(L),公升(L),MOENV CFP,TW,Taiwan Product Carbon Footprint,2017,環境部,1,煤油使用(2015) 公升(L) 台灣 環境部 產品碳足跡 環境部,煤油使用(2015) | 公升(l) | 3.02,0,MOENV CFP,2017,
7.5~16噸常溫貨車服務(裝載率80％，包含營業據點排放),0.276,延噸公里(tkm),延噸公里(tkm),MOENV CFP,TW,Taiwan Product Carbon Footprint,2017,交通部運輸研究所,1,7.5~16噸常溫貨車服務(裝載率80％，包含營業據點排放) 延噸公里(tkm) 台灣 環境部 產品碳足跡 交通部運輸研究所,7.5~16噸常溫貨車服務(裝載率80％，包含營業據點排放) | 延噸公里(tkm) | 0.276,0,MOENV CFP,2017,
3.49噸低溫貨車服務(裝載率32％，包含營業據點排放),2.71,延噸公里(tkm),延噸公里(tkm),MOENV CFP,TW,Taiwan Product Carbon Footprint,2017,交通部運輸研究所,1,3.49噸低溫貨車服務(裝載率32％，包含營業據點排放) 延噸公里(tkm) 台灣 環境部 產品碳足跡 交通部運輸研究所,3.49噸低溫貨車服務(裝載率32％，包含營業據點排放) | 延噸公里(tkm) | 2.71,0,MOENV CFP,2017,
3.49噸低溫貨車服務(裝載率77％，包含營業據點排放),1.55,延噸公里(tkm),延噸公里(tkm),MOENV CFP,TW,Taiwan Product Carbon Footprint,2017,交通部運輸研究所,1,3.49噸低溫貨車服務(裝載率77％，包含營業據點排放) 延噸公里(tkm) 台灣 環境部 產品碳足跡 交通部運輸研究所,3.49噸低溫貨車服務(裝載率77％，包含營業據點排放) | 延噸公里(tkm) | 1.55,0,MOENV CFP,2017,
3.5~7.4噸低溫貨車服務(裝載率41％，包含營業據點排放),1.15,延噸公里(tkm),延噸公里(tkm),MOENV CFP,TW,Taiwan Product Carbon Footprint,2017,交通部運輸研究所,1,3.5~7.4噸低溫貨車服務(裝載率41％，包含營業據點排放) 延噸公里(tkm) 台灣 環境部 產品碳足跡 交通部運輸研究所,3.5~7.4噸低溫貨車服務(裝載率41％，包含營業據點排放) | 延噸公里(tkm) | 1.15,0,MOENV CFP,2017,
3.5~7.4噸低溫貨車服務(裝載率69％，包含營業據點排放),0.959,延噸公里(tkm),延噸公里(tkm),MOENV CFP,TW,Taiwan Product Carbon Footprint,2017,交通部運輸研究所,1,3.5~7.4噸低溫貨車服務(裝載率69％，包含營業據點排放) 延噸公里(tkm) 台灣 環境部 產品碳足跡 交通部運輸研究所,3.5~7.4噸低溫貨車服務(裝載率69％，包含營業據點排放) | 延噸公里(tkm) | 0.959,0,MOENV CFP,2017,
7.5~16噸低溫貨車服務(裝載率65％，包含營業據點排放),0.961,延噸公里(tkm),延噸公里(tkm),MOENV CFP,TW,Taiwan Product Carbon Footprint,2017,交通部運輸研究所,1,7.5~16噸低溫貨車服務(裝載率65％，包含營業據點排放) 延噸公里(tkm) 台灣 環境部 產品碳足跡 交通部運輸研究所,7.5~16噸低溫貨車服務(裝載率65％，包含營業據點排放) | 延噸公里(tkm) | 0.961,0,MOENV CFP,2017,
3.49噸多溫貨車服務(包含營業據點排放),1.66,延噸公里(tkm),延噸公里(tkm),MOENV CFP,TW,Taiwan Product Carbon Footprint,2017,交通部運輸研究所,1,3.49噸多溫貨車服務(包含營業據點排放) 延噸公里(tkm) 台灣 環境部 產品碳足跡 交通部運輸研究所,3.49噸多溫貨車服務(包含營業據點排放) | 延噸公里(tkm) | 1.66,0,MOENV CFP,2017,
航空貨物運輸服務,1.16,延噸公里(tkm),延噸公里(tkm),MOENV CFP,TW,Taiwan Product Carbon Footprint,2017,環境部,1,航空貨物運輸服務 延噸公里(tkm) 台灣 環境部 產品碳足跡 環境部,航空貨物運輸服務 | 延噸公里(tkm) | 1.16,0,MOENV CFP,2017,
再生料-廢輪胎-再生碳黑,518.0,公噸(mt),公噸(mt),MOENV CFP,TW,Taiwan Product Carbon Footprint,2017,環拓科技股份有限公司,1,再生料-廢輪胎-再生碳黑 公噸(mt) 台灣 環境部 產品碳足跡 環拓科技股份有限公司,再生料-廢輪胎-再生碳黑 | 公噸(mt) | 518.0,0,MOENV CFP,2017,
再生料-廢輪胎-再生裂解油(未燃燒),310.0,公秉(kl),公秉(kl),MOENV CFP,TW,Taiwan Product Carbon Footprint,2017,環拓科技股份有限公司,1,再生料-廢輪胎-再生裂解油(未燃燒) 公秉(kl) 台灣 環境部 產品碳足跡 環拓科技股份有限公司,再生料-廢輪胎-再生裂解油(未燃燒) | 公秉(kl) | 310.0,0,MOENV CFP,2017,
多晶矽太陽能電池,3.14,piece,片,MOENV CFP,TW,Taiwan Product Carbon Footprint,2017,環境部、中美矽晶製品股份有限公司宜蘭分公司,1,多晶矽太陽能電池 piece 台灣 環境部 產品碳足跡 環境部、中美矽晶製品股份有限公司宜蘭分公司,多晶矽太陽能電池 | piece | 3.14,0,MOENV CFP,2017,
單晶矽太陽能電池,3.53,piece,片,MOENV CFP,TW,Taiwan Product Carbon Footprint,2017,環境部、中美矽晶製品股份有限公司宜蘭分公司,1,單晶矽太陽能電池 piece 台灣 環境部 產品碳足跡 環境部、中美矽晶製品股份有限公司宜蘭分公司,單晶矽太陽能電池 | piece | 3.53,0,MOENV CFP,2017,
低地板甲類市區公車運輸服務(包含營業據點及公車站點排放),0.0575,延人公里(pkm),延人公里(pkm),MOENV CFP,TW,Taiwan Product Carbon Footprint,2017,府城汽車客運股份有限公司、興南汽車客運股份有限公司、新營汽車客運股份有限公司、臺南市政府環境保護局、臺南市政府交通局,1,低地板甲類市區公車運輸服務(包含營業據點及公車站點排放) 延人公里(pkm) 台灣 環境部 產品碳足跡 府城汽車客運股份有限公司、興南汽車客運股份有限公司、新營汽車客運股份有限公司、臺南市政府環境保護局、臺南市政府交通局,低地板甲類市區公車運輸服務(包含營業據點及公車站點排放) | 延人公里(pkm) | 0.0575,0,MOENV CFP,2017,
乙類市區公車運輸服務(包含營業據點及公車站點排放),0.0784,延人公里(pkm),延人公里(pkm),MOENV CFP,TW,Taiwan Product Carbon Footprint,2017,府城汽車客運股份有限公司、興南汽車客運股份有限公司、新營汽車客運股份有限公司、臺南市政府環境保護局、臺南市政府交通局,1,乙類市區公車運輸服務(包含營業據點及公車站點排放) 延人公里(pkm) 台灣 環境部 產品碳足跡 府城汽車客運股份有限公司、興南汽車客運股份有限公司、新營汽車客運股份有限公司、臺南市政府環境保護局、臺南市政府交通局,乙類市區公車運輸服務(包含營業據點及公車站點排放) | 延人公里(pkm) | 0.0784,0,MOENV CFP,2017,
普通甲類市區公車運輸服務(包含營業據點及公車站點排放),0.0767,延人公里(pkm),延人公里(pkm),MOENV CFP,TW,Taiwan Product Carbon Footprint,2017,府城汽車客運股份有限公司、興南汽車客運股份有限公司、新營汽車客運股份有限公司、臺南市政府環境保護局、臺南市政府交通局,1,普通甲類市區公車運輸服務(包含營業據點及公車站點排放) 延人公里(pkm) 台灣 環境部 產品碳足跡 府城汽車客運股份有限公司、興南汽車客運股份有限公司、新營汽車客運股份有限公司、臺南市政府環境保護局、臺南市政府交通局,普通甲類市區公車運輸服務(包含營業據點及公車站點排放) | 延人公里(pkm) | 0.0767,0,MOENV CFP,2017,
萬用免釘膠,0.59,支,支,MOENV CFP,TW,Taiwan Product Carbon Footprint,2017,南寶樹脂化學工廠股份有限公司(五廠)、臺南市環境保護局,1,萬用免釘膠 支 台灣 環境部 產品碳足跡 南寶樹脂化學工廠股份有限公司(五廠)、臺南市環境保護局,萬用免釘膠 | 支 | 0.59,0,MOENV CFP,2017,
廢棄物焚化處理服務(臺南市永康垃圾資源回收(焚化)廠),327.0,公噸(mt),公噸(mt),MOENV CFP,TW,Taiwan Product Carbon Footprint,2017,臺南市永康垃圾資源回收(焚化)廠、臺南市政府環境保護局,1,廢棄物焚化處理服務(臺南市永康垃圾資源回收(焚化)廠) 公噸(mt) 台灣 環境部 產品碳足跡 臺南市永康垃圾資源回收(焚化)廠、臺南市政府環境保護局,廢棄物焚化處理服務(臺南市永康垃圾資源回收(焚化)廠) | 公噸(mt) | 327.0,0,MOENV CFP,2017,
廢棄物焚化處理服務(臺南市城西垃圾焚化廠),333.0,公噸(mt),公噸(mt),MOENV CFP,TW,Taiwan Product Carbon Footprint,2017,臺南市城西垃圾焚化廠、臺南市政府環境保護局,1,廢棄物焚化處理服務(臺南市城西垃圾焚化廠) 公噸(mt) 台灣 環境部 產品碳足跡 臺南市城西垃圾焚化廠、臺南市政府環境保護局,廢棄物焚化處理服務(臺南市城西垃圾焚化廠) | 公噸(mt) | 333.0,0,MOENV CFP,2017,
"全鋁質混凝土管(管徑1,000mm)",569.0,公尺(m),公尺(m),MOENV CFP,TW,Taiwan Product Carbon Footprint,2017,內政部營建署,1,"全鋁質混凝土管(管徑1,000mm) 公尺(m) 台灣 環境部 產品碳足跡 內政部營建署","全鋁質混凝土管(管徑1,000mm) | 公尺(m) | 569.0",0,MOENV CFP,2017,
聚酯樹脂混凝土管(管徑600mm),169.0,公尺(m),公尺(m),MOENV CFP,TW,Taiwan Product Carbon Footprint,2017,中興工程顧問股份有限公司,1,聚酯樹脂混凝土管(管徑600mm) 公尺(m) 台灣 環境部 產品碳足跡 中興工程顧問股份有限公司,聚酯樹脂混凝土管(管徑600mm) | 公尺(m) | 169.0,0,MOENV CFP,2017,
聚酯樹脂混凝土管(管徑400mm),91.3,公尺(m),公尺(m),MOENV CFP,TW,Taiwan Product Carbon Footprint,2017,中興工程顧問股份有限公司,1,聚酯樹脂混凝土管(管徑400mm) 公尺(m) 台灣 環境部 產品碳足跡 中興工程顧問股份有限公司,聚酯樹脂混凝土管(管徑400mm) | 公尺(m) | 91.3,0,MOENV CFP,2017,
聚酯樹脂混凝土管(管徑300mm),55.2,公尺(m),公尺(m),MOENV CFP,TW,Taiwan Product Carbon Footprint,2017,中興工程顧問股份有限公司,1,聚酯樹脂混凝土管(管徑300mm) 公尺(m) 台灣 環境部 產品碳足跡 中興工程顧問股份有限公司,聚酯樹脂混凝土管(管徑300mm) | 公尺(m) | 55.2,0,MOENV CFP,2017,
無線滑鼠,3.76,支,支,MOENV CFP,TW,Taiwan Product Carbon Footprint,2017,環境部,1,無線滑鼠 支 台灣 環境部 產品碳足跡 環境部,無線滑鼠 | 支 | 3.76,0,MOENV CFP,2017,
燃料油使用(含90wt％ 生質燃料油，2015),3140.0,公秉(kl),公秉(kl),MOENV CFP,TW,Taiwan Product Carbon Footprint,2017,經濟部中小企業處、環新能源股份有限公司,1,燃料油使用(含90wt％ 生質燃料油，2015) 公秉(kl) 台灣 環境部 產品碳足跡 經濟部中小企業處、環新能源股份有限公司,燃料油使用(含90wt％ 生質燃料油，2015) | 公秉(kl) | 3140.0,0,MOENV CFP,2017,
有機廢棄物免發酵轉化肥料處理服務,48.3,公噸(mt),公噸(mt),MOENV CFP,TW,Taiwan Product Carbon Footprint,2017,經濟部中小企業處、葉山環保生物科技股份有限公司,1,有機廢棄物免發酵轉化肥料處理服務 公噸(mt) 台灣 環境部 產品碳足跡 經濟部中小企業處、葉山環保生物科技股份有限公司,有機廢棄物免發酵轉化肥料處理服務 | 公噸(mt) | 48.3,0,MOENV CFP,2017,
燃料油使用(蒸餘油/重油使用，2016),3.96,公升(L),公升(L),MOENV CFP,TW,Taiwan Product Carbon Footprint,2017,環境部,1,燃料油使用(蒸餘油/重油使用，2016) 公升(L) 台灣 環境部 產品碳足跡 環境部,燃料油使用(蒸餘油/重油使用，2016) | 公升(l) | 3.96,0,MOENV CFP,2017,
柴油(未燃燒，2016),0.735,公升(L),公升(L),MOENV CFP,TW,Taiwan Product Carbon Footprint,2018,環境部,1,柴油(未燃燒，2016) 公升(L) 台灣 環境部 產品碳足跡 環境部,柴油(未燃燒，2016) | 公升(l) | 0.735,0,MOENV CFP,2018,
柴油(於固定源使用，2016),3.35,公升(L),公升(L),MOENV CFP,TW,Taiwan Product Carbon Footprint,2018,環境部,1,柴油(於固定源使用，2016) 公升(L) 台灣 環境部 產品碳足跡 環境部,柴油(於固定源使用，2016) | 公升(l) | 3.35,0,MOENV CFP,2018,
柴油(於公路運輸移動源使用，2016),3.38,公升(L),公升(L),MOENV CFP,TW,Taiwan Product Carbon Footprint,2018,環境部,1,柴油(於公路運輸移動源使用，2016) 公升(L) 台灣 環境部 產品碳足跡 環境部,柴油(於公路運輸移動源使用，2016) | 公升(l) | 3.38,0,MOENV CFP,2018,
車用汽油(未燃燒，2016),0.656,公升(L),公升(L),MOENV CFP,TW,Taiwan Product Carbon Footprint,2018,環境部,1,車用汽油(未燃燒，2016) 公升(L) 台灣 環境部 產品碳足跡 環境部,車用汽油(未燃燒，2016) | 公升(l) | 0.656,0,MOENV CFP,2018,
車用汽油(於固定源使用，2016),2.93,公升(L),公升(L),MOENV CFP,TW,Taiwan Product Carbon Footprint,2018,環境部,1,車用汽油(於固定源使用，2016) 公升(L) 台灣 環境部 產品碳足跡 環境部,車用汽油(於固定源使用，2016) | 公升(l) | 2.93,0,MOENV CFP,2018,
車用汽油(於移動源使用，2016),3.01,公升(L),公升(L),MOENV CFP,TW,Taiwan Product Carbon Footprint,2018,環境部,1,車用汽油(於移動源使用，2016) 公升(L) 台灣 環境部 產品碳足跡 環境部,車用汽油(於移動源使用，2016) | 公升(l) | 3.01,0,MOENV CFP,2018,
煤油使用(2016),2.98,公升(L),公升(L),MOENV CFP,TW,Taiwan Product Carbon Footprint,2018,環境部,1,煤油使用(2016) 公升(L) 台灣 環境部 產品碳足跡 環境部,煤油使用(2016) | 公升(l) | 2.98,0,MOENV CFP,2018,
液化石油氣(於固定源使用，2016),2.24,公升(L),公升(L),MOENV CFP,TW,Taiwan Product Carbon Footprint,2018,環境部,1,液化石油氣(於固定源使用，2016) 公升(L) 台灣 環境部 產品碳足跡 環境部,液化石油氣(於固定源使用，2016) | 公升(l) | 2.24,0,MOENV CFP,2018,
航空旅客運輸服務(松山-金門),0.281,延人公里(pkm),延人公里(pkm),MOENV CFP,TW,Taiwan Product Carbon Footprint,2018,環境部、交通部民用航空局、松山機場、金門機場、華信航空、台灣航勤,1,航空旅客運輸服務(松山-金門) 延人公里(pkm) 台灣 環境部 產品碳足跡 環境部、交通部民用航空局、松山機場、金門機場、華信航空、台灣航勤,航空旅客運輸服務(松山-金門) | 延人公里(pkm) | 0.281,0,MOENV CFP,2018,
全鋁質混凝土管（管徑 300mm）,94.8,公尺(m),公尺(m),MOENV CFP,TW,Taiwan Product Carbon Footprint,2018,內政部營建署,1,全鋁質混凝土管（管徑 300mm） 公尺(m) 台灣 環境部 產品碳足跡 內政部營建署,全鋁質混凝土管（管徑 300mm） | 公尺(m) | 94.8,0,MOENV CFP,2018,
全鋁質混凝土管（管徑 800mm）,199.0,公尺(m),公尺(m),MOENV CFP,TW,Taiwan Product Carbon Footprint,2018,內政部營建署,1,全鋁質混凝土管（管徑 800mm） 公尺(m) 台灣 環境部 產品碳足跡 內政部營建署,全鋁質混凝土管（管徑 800mm） | 公尺(m) | 199.0,0,MOENV CFP,2018,
單結晶矽電池太陽光電模組（60片6吋）,413.0,piece,片,MOENV CFP,TW,Taiwan Product Carbon Footprint,2018,經濟部標準檢驗局,1,單結晶矽電池太陽光電模組（60片6吋） piece 台灣 環境部 產品碳足跡 經濟部標準檢驗局,單結晶矽電池太陽光電模組（60片6吋） | piece | 413.0,0,MOENV CFP,2018,
單結晶矽電池太陽光電模組（96片5吋）,417.0,piece,片,MOENV CFP,TW,Taiwan Product Carbon Footprint,2018,經濟部標準檢驗局,1,單結晶矽電池太陽光電模組（96片5吋） piece 台灣 環境部 產品碳足跡 經濟部標準檢驗局,單結晶矽電池太陽光電模組（96片5吋） | piece | 417.0,0,MOENV CFP,2018,
薄膜型太陽光電模組,407.0,piece,片,MOENV CFP,TW,Taiwan Product Carbon Footprint,2018,經濟部標準檢驗局,1,薄膜型太陽光電模組 piece 台灣 環境部 產品碳足跡 經濟部標準檢驗局,薄膜型太陽光電模組 | piece | 407.0,0,MOENV CFP,2018,
以柴油動力垃圾車清除運輸一般廢棄物,1.31,延噸公里(tkm),延噸公里(tkm),MOENV CFP,TW,Taiwan Product Carbon Footprint,2018,環境部,1,以柴油動力垃圾車清除運輸一般廢棄物 延噸公里(tkm) 台灣 環境部 產品碳足跡 環境部,以柴油動力垃圾車清除運輸一般廢棄物 | 延噸公里(tkm) | 1.31,0,MOENV CFP,2018,
柴油（於鐵路運輸與非道路運輸移動源使用，2016）,3.61,公升(L),公升(L),MOENV CFP,TW,Taiwan Product Carbon Footprint,2018,環境部,1,柴油（於鐵路運輸與非道路運輸移動源使用，2016） 公升(L) 台灣 環境部 產品碳足跡 環境部,柴油（於鐵路運輸與非道路運輸移動源使用，2016） | 公升(l) | 3.61,0,MOENV CFP,2018,
柴油（於水路運輸移動源使用，2016）,3.37,公升(L),公升(L),MOENV CFP,TW,Taiwan Product Carbon Footprint,2018,環境部,1,柴油（於水路運輸移動源使用，2016） 公升(L) 台灣 環境部 產品碳足跡 環境部,柴油（於水路運輸移動源使用，2016） | 公升(l) | 3.37,0,MOENV CFP,2018,
柴油（於捕撈移動源使用，2016）,3.36,公升(L),公升(L),MOENV CFP,TW,Taiwan Product Carbon Footprint,2018,環境部,1,柴油（於捕撈移動源使用，2016） 公升(L) 台灣 環境部 產品碳足跡 環境部,柴油（於捕撈移動源使用，2016） | 公升(l) | 3.36,0,MOENV CFP,2018,
封裝銅銲線,0.0171,公尺(m),公尺(m),MOENV CFP,TW,Taiwan Product Carbon Footprint,2018,環境部,1,封裝銅銲線 公尺(m) 台灣 環境部 產品碳足跡 環境部,封裝銅銲線 | 公尺(m) | 0.0171,0,MOENV CFP,2018,
廢棄物焚化處理服務(苗栗縣垃圾焚化廠),340.0,公噸(mt),公噸(mt),MOENV CFP,TW,Taiwan Product Carbon Footprint,2018,環境部、裕鼎股份有限公司,1,廢棄物焚化處理服務(苗栗縣垃圾焚化廠) 公噸(mt) 台灣 環境部 產品碳足跡 環境部、裕鼎股份有限公司,廢棄物焚化處理服務(苗栗縣垃圾焚化廠) | 公噸(mt) | 340.0,0,MOENV CFP,2018,
燃料油使用(蒸餘油/重油使用，2017),3.96,公升(L),公升(L),MOENV CFP,TW,Taiwan Product Carbon Footprint,2019,環境部,1,燃料油使用(蒸餘油/重油使用，2017) 公升(L) 台灣 環境部 產品碳足跡 環境部,燃料油使用(蒸餘油/重油使用，2017) | 公升(l) | 3.96,0,MOENV CFP,2019,
車用汽油(未燃燒，2017),0.658,公升(L),公升(L),MOENV CFP,TW,Taiwan Product Carbon Footprint,2019,環境部,1,車用汽油(未燃燒，2017) 公升(L) 台灣 環境部 產品碳足跡 環境部,車用汽油(未燃燒，2017) | 公升(l) | 0.658,0,MOENV CFP,2019,
柴油(未燃燒，2017),0.735,公升(L),公升(L),MOENV CFP,TW,Taiwan Product Carbon Footprint,2019,環境部,1,柴油(未燃燒，2017) 公升(L) 台灣 環境部 產品碳足跡 環境部,柴油(未燃燒，2017) | 公升(l) | 0.735,0,MOENV CFP,2019,
柴油(於固定源使用，2017),3.35,公升(L),公升(L),MOENV CFP,TW,Taiwan Product Carbon Footprint,2019,環境部,1,柴油(於固定源使用，2017) 公升(L) 台灣 環境部 產品碳足跡 環境部,柴油(於固定源使用，2017) | 公升(l) | 3.35,0,MOENV CFP,2019,
柴油(於公路運輸移動源使用，2017),3.38,公升(L),公升(L),MOENV CFP,TW,Taiwan Product Carbon Footprint,2019,環境部,1,柴油(於公路運輸移動源使用，2017) 公升(L) 台灣 環境部 產品碳足跡 環境部,柴油(於公路運輸移動源使用，2017) | 公升(l) | 3.38,0,MOENV CFP,2019,
柴油（於鐵路運輸與非道路運輸移動源使用，2017）,3.61,公升(L),公升(L),MOENV CFP,TW,Taiwan Product Carbon Footprint,2019,環境部,1,柴油（於鐵路運輸與非道路運輸移動源使用，2017） 公升(L) 台灣 環境部 產品碳足跡 環境部,柴油（於鐵路運輸與非道路運輸移動源使用，2017） | 公升(l) | 3.61,0,MOENV CFP,2019,
柴油（於水路運輸移動源使用，2017）,3.37,公升(L),公升(L),MOENV CFP,TW,Taiwan Product Carbon Footprint,2019,環境部,1,柴油（於水路運輸移動源使用，2017） 公升(L) 台灣 環境部 產品碳足跡 環境部,柴油（於水路運輸移動源使用，2017） | 公升(l) | 3.37,0,MOENV CFP,2019,
柴油（於捕撈移動源使用，2017）,3.36,公升(L),公升(L),MOENV CFP,TW,Taiwan Product Carbon Footprint,2019,環境部,1,柴油（於捕撈移動源使用，2017） 公升(L) 台灣 環境部 產品碳足跡 環境部,柴油（於捕撈移動源使用，2017） | 公升(l) | 3.36,0,MOENV CFP,2019,
車用汽油(於固定源使用，2017),2.93,公升(L),公升(L),MOENV CFP,TW,Taiwan Product Carbon Footprint,2019,環境部,1,車用汽油(於固定源使用，2017) 公升(L) 台灣 環境部 產品碳足跡 環境部,車用汽油(於固定源使用，2017) | 公升(l) | 2.93,0,MOENV CFP,2019,
單結晶矽電池太陽光電模組(60片6吋),418.0,piece,片,MOENV CFP,TW,Taiwan Product Carbon Footprint,2019,經濟部標準檢驗局,1,單結晶矽電池太陽光電模組(60片6吋) piece 台灣 環境部 產品碳足跡 經濟部標準檢驗局,單結晶矽電池太陽光電模組(60片6吋) | piece | 418.0,0,MOENV CFP,2019,
多結晶矽電池太陽光電模組(60片6吋),320.0,piece,片,MOENV CFP,TW,Taiwan Product Carbon Footprint,2019,經濟部標準檢驗局,1,多結晶矽電池太陽光電模組(60片6吋) piece 台灣 環境部 產品碳足跡 經濟部標準檢驗局,多結晶矽電池太陽光電模組(60片6吋) | piece | 320.0,0,MOENV CFP,2019,
車用汽油(於移動源使用，2017),3.02,公升(L),公升(L),MOENV CFP,TW,Taiwan Product Carbon Footprint,2019,環境部,1,車用汽油(於移動源使用，2017) 公升(L) 台灣 環境部 產品碳足跡 環境部,車用汽油(於移動源使用，2017) | 公升(l) | 3.02,0,MOENV CFP,2019,
液化石油氣(於固定源使用，2017),2.25,公升(L),公升(L),MOENV CFP,TW,Taiwan Product Carbon Footprint,2019,環境部,1,液化石油氣(於固定源使用，2017) 公升(L) 台灣 環境部 產品碳足跡 環境部,液化石油氣(於固定源使用，2017) | 公升(l) | 2.25,0,MOENV CFP,2019,
煤油使用(2017),2.98,公升(L),公升(L),MOENV CFP,TW,Taiwan Product Carbon Footprint,2019,環境部,1,煤油使用(2017) 公升(L) 台灣 環境部 產品碳足跡 環境部,煤油使用(2017) | 公升(l) | 2.98,0,MOENV CFP,2019,
燃料油使用(蒸餘油/重油使用，2018),3.94,公升(L),公升(L),MOENV CFP,TW,Taiwan Product Carbon Footprint,2020,環境部,1,燃料油使用(蒸餘油/重油使用，2018) 公升(L) 台灣 環境部 產品碳足跡 環境部,燃料油使用(蒸餘油/重油使用，2018) | 公升(l) | 3.94,0,MOENV CFP,2020,
燃料油未燃燒(蒸餘油/重油未燃燒，2018),0.822,公升(L),公升(L),MOENV CFP,TW,Taiwan Product Carbon Footprint,2020,環境部,1,燃料油未燃燒(蒸餘油/重油未燃燒，2018) 公升(L) 台灣 環境部 產品碳足跡 環境部,燃料油未燃燒(蒸餘油/重油未燃燒，2018) | 公升(l) | 0.822,0,MOENV CFP,2020,
柴油(未燃燒，2018),0.724,公升(L),公升(L),MOENV CFP,TW,Taiwan Product Carbon Footprint,2020,環境部,1,柴油(未燃燒，2018) 公升(L) 台灣 環境部 產品碳足跡 環境部,柴油(未燃燒，2018) | 公升(l) | 0.724,0,MOENV CFP,2020,
柴油(於固定源使用，2018),3.34,公升(L),公升(L),MOENV CFP,TW,Taiwan Product Carbon Footprint,2020,環境部,1,柴油(於固定源使用，2018) 公升(L) 台灣 環境部 產品碳足跡 環境部,柴油(於固定源使用，2018) | 公升(l) | 3.34,0,MOENV CFP,2020,
柴油(於公路運輸移動源使用，2018),3.37,公升(L),公升(L),MOENV CFP,TW,Taiwan Product Carbon Footprint,2020,環境部,1,柴油(於公路運輸移動源使用，2018) 公升(L) 台灣 環境部 產品碳足跡 環境部,柴油(於公路運輸移動源使用，2018) | 公升(l) | 3.37,0,MOENV CFP,2020,
柴油（於鐵路運輸與非道路運輸移動源使用，2018）,3.6,公升(L),公升(L),MOENV CFP,TW,Taiwan Product Carbon Footprint,2020,環境部,1,柴油（於鐵路運輸與非道路運輸移動源使用，2018） 公升(L) 台灣 環境部 產品碳足跡 環境部,柴油（於鐵路運輸與非道路運輸移動源使用，2018） | 公升(l) | 3.6,0,MOENV CFP,2020,
柴油（於水路運輸移動源使用，2018）,3.36,公升(L),公升(L),MOENV CFP,TW,Taiwan Product Carbon Footprint,2020,環境部,1,柴油（於水路運輸移動源使用，2018） 公升(L) 台灣 環境部 產品碳足跡 環境部,柴油（於水路運輸移動源使用，2018） | 公升(l) | 3.36,0,MOENV CFP,2020,
柴油（於捕撈移動源使用，2018）,3.35,公升(L),公升(L),MOENV CFP,TW,Taiwan Product Carbon Footprint,2020,環境部,1,柴油（於捕撈移動源使用，2018） 公升(L) 台灣 環境部 產品碳足跡 環境部,柴油（於捕撈移動源使用，2018） | 公升(l) | 3.35,0,MOENV CFP,2020,
車用汽油(未燃燒，2018),0.65,公升(L),公升(L),MOENV CFP,TW,Taiwan Product Carbon Footprint,2020,環境部,1,車用汽油(未燃燒，2018) 公升(L) 台灣 環境部 產品碳足跡 環境部,車用汽油(未燃燒，2018) | 公升(l) | 0.65,0,MOENV CFP,2020,
車用汽油(於固定源使用，2018),2.92,公升(L),公升(L),MOENV CFP,TW,Taiwan Product Carbon Footprint,2020,環境部,1,車用汽油(於固定源使用，2018) 公升(L) 台灣 環境部 產品碳足跡 環境部,車用汽油(於固定源使用，2018) | 公升(l) | 2.92,0,MOENV CFP,2020,
車用汽油(於移動源使用，2018),3.01,公升(L),公升(L),MOENV CFP,TW,Taiwan Product Carbon Footprint,2020,環境部,1,車用汽油(於移動源使用，2018) 公升(L) 台灣 環境部 產品碳足跡 環境部,車用汽油(於移動源使用，2018) | 公升(l) | 3.01,0,MOENV CFP,2020,
液化石油氣(於固定源使用，2018),2.25,公升(L),公升(L),MOENV CFP,TW,Taiwan Product Carbon Footprint,2020,環境部,1,液化石油氣(於固定源使用，2018) 公升(L) 台灣 環境部 產品碳足跡 環境部,液化石油氣(於固定源使用，2018) | 公升(l) | 2.25,0,MOENV CFP,2020,
液化石油氣(未燃燒，2018),0.491,公升(L),公升(L),MOENV CFP,TW,Taiwan Product Carbon Footprint,2020,環境部,1,液化石油氣(未燃燒，2018) 公升(L) 台灣 環境部 產品碳足跡 環境部,液化石油氣(未燃燒，2018) | 公升(l) | 0.491,0,MOENV CFP,2020,
煤油使用(2018),2.97,公升(L),公升(L),MOENV CFP,TW,Taiwan Product Carbon Footprint,2020,環境部,1,煤油使用(2018) 公升(L) 台灣 環境部 產品碳足跡 環境部,煤油使用(2018) | 公升(l) | 2.97,0,MOENV CFP,2020,
煤油(未燃燒，2018),0.403,公升(L),公升(L),MOENV CFP,TW,Taiwan Product Carbon Footprint,2020,環境部,1,煤油(未燃燒，2018) 公升(L) 台灣 環境部 產品碳足跡 環境部,煤油(未燃燒，2018) | 公升(l) | 0.403,0,MOENV CFP,2020,
有害事業廢棄物固化處理服務,130.0,公噸(mt),公噸(mt),MOENV CFP,TW,Taiwan Product Carbon Footprint,2020,環境部,1,有害事業廢棄物固化處理服務 公噸(mt) 台灣 環境部 產品碳足跡 環境部,有害事業廢棄物固化處理服務 | 公噸(mt) | 130.0,0,MOENV CFP,2020,
廢棄物焚化處理服務(岡山垃圾焚化廠),360.0,公噸(mt),公噸(mt),MOENV CFP,TW,Taiwan Product Carbon Footprint,2020,環境部,1,廢棄物焚化處理服務(岡山垃圾焚化廠) 公噸(mt) 台灣 環境部 產品碳足跡 環境部,廢棄物焚化處理服務(岡山垃圾焚化廠) | 公噸(mt) | 360.0,0,MOENV CFP,2020,
麥芽調味乳,3.31,公升(L),公升(L),MOENV CFP,TW,Taiwan Product Carbon Footprint,2020,衛生福利部食品藥物管理署,1,麥芽調味乳 公升(L) 台灣 環境部 產品碳足跡 衛生福利部食品藥物管理署,麥芽調味乳 | 公升(l) | 3.31,0,MOENV CFP,2020,
單結晶矽電池太陽光電模組(72片6吋),465.0,piece,片,MOENV CFP,TW,Taiwan Product Carbon Footprint,2020,經濟部標準檢驗局,1,單結晶矽電池太陽光電模組(72片6吋) piece 台灣 環境部 產品碳足跡 經濟部標準檢驗局,單結晶矽電池太陽光電模組(72片6吋) | piece | 465.0,0,MOENV CFP,2020,
多結晶矽電池太陽光電模組(72片6吋),336.0,piece,片,MOENV CFP,TW,Taiwan Product Carbon Footprint,2020,經濟部標準檢驗局,1,多結晶矽電池太陽光電模組(72片6吋) piece 台灣 環境部 產品碳足跡 經濟部標準檢驗局,多結晶矽電池太陽光電模組(72片6吋) | piece | 336.0,0,MOENV CFP,2020,
高壓透水混凝土地磚(20cm*10cm*6cm),0.53,piece,片,MOENV CFP,TW,Taiwan Product Carbon Footprint,2020,健源有限公司,1,高壓透水混凝土地磚(20cm*10cm*6cm) piece 台灣 環境部 產品碳足跡 健源有限公司,高壓透水混凝土地磚(20cm*10cm*6cm) | piece | 0.53,0,MOENV CFP,2020,
高壓透水混凝土地磚(20cm*20cm*6cm),1.06,piece,片,MOENV CFP,TW,Taiwan Product Carbon Footprint,2020,健源有限公司,1,高壓透水混凝土地磚(20cm*20cm*6cm) piece 台灣 環境部 產品碳足跡 健源有限公司,高壓透水混凝土地磚(20cm*20cm*6cm) | piece | 1.06,0,MOENV CFP,2020,
高壓透水混凝土地磚(30cm*30cm*6cm),2.38,piece,片,MOENV CFP,TW,Taiwan Product Carbon Footprint,2020,健源有限公司,1,高壓透水混凝土地磚(30cm*30cm*6cm) piece 台灣 環境部 產品碳足跡 健源有限公司,高壓透水混凝土地磚(30cm*30cm*6cm) | piece | 2.38,0,MOENV CFP,2020,
再生高壓透水混凝土地磚(20cm*10cm*6cm),0.59,piece,片,MOENV CFP,TW,Taiwan Product Carbon Footprint,2020,健源有限公司,1,再生高壓透水混凝土地磚(20cm*10cm*6cm) piece 台灣 環境部 產品碳足跡 健源有限公司,再生高壓透水混凝土地磚(20cm*10cm*6cm) | piece | 0.59,0,MOENV CFP,2020,
再生高壓透水混凝土地磚(20cm*20cm*6cm),1.18,piece,片,MOENV CFP,TW,Taiwan Product Carbon Footprint,2020,健源有限公司,1,再生高壓透水混凝土地磚(20cm*20cm*6cm) piece 台灣 環境部 產品碳足跡 健源有限公司,再生高壓透水混凝土地磚(20cm*20cm*6cm) | piece | 1.18,0,MOENV CFP,2020,
再生高壓透水混凝土地磚(30cm*30cm*6cm),2.65,piece,片,MOENV CFP,TW,Taiwan Product Carbon Footprint,2020,健源有限公司,1,再生高壓透水混凝土地磚(30cm*30cm*6cm) piece 台灣 環境部 產品碳足跡 健源有限公司,再生高壓透水混凝土地磚(30cm*30cm*6cm) | piece | 2.65,0,MOENV CFP,2020,
郵局郵件遞送服務,0.205,公克(g),公克(g),MOENV CFP,TW,Taiwan Product Carbon Footprint,2020,中華郵政股份有限公司,1,郵局郵件遞送服務 公克(g) 台灣 環境部 產品碳足跡 中華郵政股份有限公司,郵局郵件遞送服務 | 公克(g) | 0.205,0,MOENV CFP,2020,
人身保險服務,8.05,件,件,MOENV CFP,TW,Taiwan Product Carbon Footprint,2020,南山人壽保險股份有限公司,1,人身保險服務 件 台灣 環境部 產品碳足跡 南山人壽保險股份有限公司,人身保險服務 | 件 | 8.05,0,MOENV CFP,2020,
液化石油氣(未燃燒，2019),0.467,公升(L),公升(L),MOENV CFP,TW,Taiwan Product Carbon Footprint,2021,環境部,1,液化石油氣(未燃燒，2019) 公升(L) 台灣 環境部 產品碳足跡 環境部,液化石油氣(未燃燒，2019) | 公升(l) | 0.467,0,MOENV CFP,2021,
柴油（於水路運輸移動源使用，2019）,3.36,公升(L),公升(L),MOENV CFP,TW,Taiwan Product Carbon Footprint,2021,環境部,1,柴油（於水路運輸移動源使用，2019） 公升(L) 台灣 環境部 產品碳足跡 環境部,柴油（於水路運輸移動源使用，2019） | 公升(l) | 3.36,0,MOENV CFP,2021,
煤油使用(2019),2.98,公升(L),公升(L),MOENV CFP,TW,Taiwan Product Carbon Footprint,2021,環境部,1,煤油使用(2019) 公升(L) 台灣 環境部 產品碳足跡 環境部,煤油使用(2019) | 公升(l) | 2.98,0,MOENV CFP,2021,
燃料油使用(蒸餘油/重油使用，2019),3.95,公升(L),公升(L),MOENV CFP,TW,Taiwan Product Carbon Footprint,2021,環境部,1,燃料油使用(蒸餘油/重油使用，2019) 公升(L) 台灣 環境部 產品碳足跡 環境部,燃料油使用(蒸餘油/重油使用，2019) | 公升(l) | 3.95,0,MOENV CFP,2021,
煤油(未燃燒，2019),0.413,公升(L),公升(L),MOENV CFP,TW,Taiwan Product Carbon Footprint,2021,環境部,1,煤油(未燃燒，2019) 公升(L) 台灣 環境部 產品碳足跡 環境部,煤油(未燃燒，2019) | 公升(l) | 0.413,0,MOENV CFP,2021,
柴油（於捕撈移動源使用，2019）,3.36,公升(L),公升(L),MOENV CFP,TW,Taiwan Product Carbon Footprint,2021,環境部,1,柴油（於捕撈移動源使用，2019） 公升(L) 台灣 環境部 產品碳足跡 環境部,柴油（於捕撈移動源使用，2019） | 公升(l) | 3.36,0,MOENV CFP,2021,
燃料油未燃燒(蒸餘油/重油未燃燒，2019),0.832,公升(L),公升(L),MOENV CFP,TW,Taiwan Product Carbon Footprint,2021,環境部,1,燃料油未燃燒(蒸餘油/重油未燃燒，2019) 公升(L) 台灣 環境部 產品碳足跡 環境部,燃料油未燃燒(蒸餘油/重油未燃燒，2019) | 公升(l) | 0.832,0,MOENV CFP,2021,
柴油(未燃燒，2019),0.733,公升(L),公升(L),MOENV CFP,TW,Taiwan Product Carbon Footprint,2021,環境部,1,柴油(未燃燒，2019) 公升(L) 台灣 環境部 產品碳足跡 環境部,柴油(未燃燒，2019) | 公升(l) | 0.733,0,MOENV CFP,2021,
車用汽油(未燃燒，2019),0.66,公升(L),公升(L),MOENV CFP,TW,Taiwan Product Carbon Footprint,2021,環境部,1,車用汽油(未燃燒，2019) 公升(L) 台灣 環境部 產品碳足跡 環境部,車用汽油(未燃燒，2019) | 公升(l) | 0.66,0,MOENV CFP,2021,
柴油(於固定源使用，2019),3.35,公升(L),公升(L),MOENV CFP,TW,Taiwan Product Carbon Footprint,2021,環境部,1,柴油(於固定源使用，2019) 公升(L) 台灣 環境部 產品碳足跡 環境部,柴油(於固定源使用，2019) | 公升(l) | 3.35,0,MOENV CFP,2021,
車用汽油(於固定源使用，2019),2.93,公升(L),公升(L),MOENV CFP,TW,Taiwan Product Carbon Footprint,2021,環境部,1,車用汽油(於固定源使用，2019) 公升(L) 台灣 環境部 產品碳足跡 環境部,車用汽油(於固定源使用，2019) | 公升(l) | 2.93,0,MOENV CFP,2021,
車用汽油(於移動源使用，2019),3.02,公升(L),公升(L),MOENV CFP,TW,Taiwan Product Carbon Footprint,2021,環境部,1,車用汽油(於移動源使用，2019) 公升(L) 台灣 環境部 產品碳足跡 環境部,車用汽油(於移動源使用，2019) | 公升(l) | 3.02,0,MOENV CFP,2021,
柴油(於公路運輸移動源使用，2019),3.38,公升(L),公升(L),MOENV CFP,TW,Taiwan Product Carbon Footprint,2021,環境部,1,柴油(於公路運輸移動源使用，2019) 公升(L) 台灣 環境部 產品碳足跡 環境部,柴油(於公路運輸移動源使用，2019) | 公升(l) | 3.38,0,MOENV CFP,2021,
柴油（於鐵路運輸與非道路運輸移動源使用，2019）,3.61,公升(L),公升(L),MOENV CFP,TW,Taiwan Product Carbon Footprint,2021,環境部,1,柴油（於鐵路運輸與非道路運輸移動源使用，2019） 公升(L) 台灣 環境部 產品碳足跡 環境部,柴油（於鐵路運輸與非道路運輸移動源使用，2019） | 公升(l) | 3.61,0,MOENV CFP,2021,
液化石油氣(於固定源使用，2019),2.22,公升(L),公升(L),MOENV CFP,TW,Taiwan Product Carbon Footprint,2021,環境部,1,液化石油氣(於固定源使用，2019) 公升(L) 台灣 環境部 產品碳足跡 環境部,液化石油氣(於固定源使用，2019) | 公升(l) | 2.22,0,MOENV CFP,2021,
燃料油使用(蒸餘油/重油使用，2020),3.95,公升(L),公升(L),MOENV CFP,TW,Taiwan Product Carbon Footprint,2022,環境部,1,燃料油使用(蒸餘油/重油使用，2020) 公升(L) 台灣 環境部 產品碳足跡 環境部,燃料油使用(蒸餘油/重油使用，2020) | 公升(l) | 3.95,0,MOENV CFP,2022,
燃料油未燃燒(蒸餘油/重油未燃燒，2020),0.829,公升(L),公升(L),MOENV CFP,TW,Taiwan Product Carbon Footprint,2022,環境部,1,燃料油未燃燒(蒸餘油/重油未燃燒，2020) 公升(L) 台灣 環境部 產品碳足跡 環境部,燃料油未燃燒(蒸餘油/重油未燃燒，2020) | 公升(l) | 0.829,0,MOENV CFP,2022,
柴油(未燃燒，2020),0.73,公升(L),公升(L),MOENV CFP,TW,Taiwan Product Carbon Footprint,2022,環境部,1,柴油(未燃燒，2020) 公升(L) 台灣 環境部 產品碳足跡 環境部,柴油(未燃燒，2020) | 公升(l) | 0.73,0,MOENV CFP,2022,
柴油(於固定源使用，2020),3.34,公升(L),公升(L),MOENV CFP,TW,Taiwan Product Carbon Footprint,2022,環境部,1,柴油(於固定源使用，2020) 公升(L) 台灣 環境部 產品碳足跡 環境部,柴油(於固定源使用，2020) | 公升(l) | 3.34,0,MOENV CFP,2022,
柴油(於公路運輸移動源使用，2020),3.38,公升(L),公升(L),MOENV CFP,TW,Taiwan Product Carbon Footprint,2022,環境部,1,柴油(於公路運輸移動源使用，2020) 公升(L) 台灣 環境部 產品碳足跡 環境部,柴油(於公路運輸移動源使用，2020) | 公升(l) | 3.38,0,MOENV CFP,2022,
柴油（於鐵路運輸與非道路運輸移動源使用，2020）,3.61,公升(L),公升(L),MOENV CFP,TW,Taiwan Product Carbon Footprint,2022,環境部,1,柴油（於鐵路運輸與非道路運輸移動源使用，2020） 公升(L) 台灣 環境部 產品碳足跡 環境部,柴油（於鐵路運輸與非道路運輸移動源使用，2020） | 公升(l) | 3.61,0,MOENV CFP,2022,
柴油（於水路運輸移動源使用，2020）,3.36,公升(L),公升(L),MOENV CFP,TW,Taiwan Product Carbon Footprint,2022,環境部,1,柴油（於水路運輸移動源使用，2020） 公升(L) 台灣 環境部 產品碳足跡 環境部,柴油（於水路運輸移動源使用，2020） | 公升(l) | 3.36,0,MOENV CFP,2022,
柴油（於捕撈移動源使用，2020）,3.35,公升(L),公升(L),MOENV CFP,TW,Taiwan Product Carbon Footprint,2022,環境部,1,柴油（於捕撈移動源使用，2020） 公升(L) 台灣 環境部 產品碳足跡 環境部,柴油（於捕撈移動源使用，2020） | 公升(l) | 3.35,0,MOENV CFP,2022,
車用汽油(未燃燒，2020),0.657,公升(L),公升(L),MOENV CFP,TW,Taiwan Product Carbon Footprint,2022,環境部,1,車用汽油(未燃燒，2020) 公升(L) 台灣 環境部 產品碳足跡 環境部,車用汽油(未燃燒，2020) | 公升(l) | 0.657,0,MOENV CFP,2022,
車用汽油(於固定源使用，2020),2.93,公升(L),公升(L),MOENV CFP,TW,Taiwan Product Carbon Footprint,2022,環境部,1,車用汽油(於固定源使用，2020) 公升(L) 台灣 環境部 產品碳足跡 環境部,車用汽油(於固定源使用，2020) | 公升(l) | 2.93,0,MOENV CFP,2022,
車用汽油(於移動源使用，2020),3.01,公升(L),公升(L),MOENV CFP,TW,Taiwan Product Carbon Footprint,2022,環境部,1,車用汽油(於移動源使用，2020) 公升(L) 台灣 環境部 產品碳足跡 環境部,車用汽油(於移動源使用，2020) | 公升(l) | 3.01,0,MOENV CFP,2022,
液化石油氣(於固定源使用，2020),2.22,公升(L),公升(L),MOENV CFP,TW,Taiwan Product Carbon Footprint,2022,環境部,1,液化石油氣(於固定源使用，2020) 公升(L) 台灣 環境部 產品碳足跡 環境部,液化石油氣(於固定源使用，2020) | 公升(l) | 2.22,0,MOENV CFP,2022,
液化石油氣(未燃燒，2020),0.467,公升(L),公升(L),MOENV CFP,TW,Taiwan Product Carbon Footprint,2022,環境部,1,液化石油氣(未燃燒，2020) 公升(L) 台灣 環境部 產品碳足跡 環境部,液化石油氣(未燃燒，2020) | 公升(l) | 0.467,0,MOENV CFP,2022,
煤油使用(2020),2.98,公升(L),公升(L),MOENV CFP,TW,Taiwan Product Carbon Footprint,2022,環境部,1,煤油使用(2020) 公升(L) 台灣 環境部 產品碳足跡 環境部,煤油使用(2020) | 公升(l) | 2.98,0,MOENV CFP,2022,
煤油(未燃燒，2020),0.411,公升(L),公升(L),MOENV CFP,TW,Taiwan Product Carbon Footprint,2022,環境部,1,煤油(未燃燒，2020) 公升(L) 台灣 環境部 產品碳足跡 環境部,煤油(未燃燒，2020) | 公升(l) | 0.411,0,MOENV CFP,2022,
單結晶矽電池(6吋),5.9,piece,片,MOENV CFP,TW,Taiwan Product Carbon Footprint,2022,經濟部標準檢驗局,1,單結晶矽電池(6吋) piece 台灣 環境部 產品碳足跡 經濟部標準檢驗局,單結晶矽電池(6吋) | piece | 5.9,0,MOENV CFP,2022,
單結晶矽電池BIPV鋼板太陽光電模組(24片6吋),182.0,piece,片,MOENV CFP,TW,Taiwan Product Carbon Footprint,2022,經濟部標準檢驗局,1,單結晶矽電池BIPV鋼板太陽光電模組(24片6吋) piece 台灣 環境部 產品碳足跡 經濟部標準檢驗局,單結晶矽電池BIPV鋼板太陽光電模組(24片6吋) | piece | 182.0,0,MOENV CFP,2022,
轉化液糖(20公噸),23800.0,公噸(mt),公噸(mt),MOENV CFP,TW,Taiwan Product Carbon Footprint,2022,台灣糖業股份有限公司小港廠,1,轉化液糖(20公噸) 公噸(mt) 台灣 環境部 產品碳足跡 台灣糖業股份有限公司小港廠,轉化液糖(20公噸) | 公噸(mt) | 23800.0,0,MOENV CFP,2022,
混凝土及水泥砂漿用水淬高爐爐碴粉(散裝，不含轉運),58.9,公噸(mt),公噸(mt),MOENV CFP,TW,Taiwan Product Carbon Footprint,2022,中聯資源股份有限公司,1,混凝土及水泥砂漿用水淬高爐爐碴粉(散裝，不含轉運) 公噸(mt) 台灣 環境部 產品碳足跡 中聯資源股份有限公司,混凝土及水泥砂漿用水淬高爐爐碴粉(散裝，不含轉運) | 公噸(mt) | 58.9,0,MOENV CFP,2022,
混凝土及水泥砂漿用水淬高爐爐碴粉(散裝，含轉運),61.3,公噸(mt),公噸(mt),MOENV CFP,TW,Taiwan Product Carbon Footprint,2022,中聯資源股份有限公司,1,混凝土及水泥砂漿用水淬高爐爐碴粉(散裝，含轉運) 公噸(mt) 台灣 環境部 產品碳足跡 中聯資源股份有限公司,混凝土及水泥砂漿用水淬高爐爐碴粉(散裝，含轉運) | 公噸(mt) | 61.3,0,MOENV CFP,2022,
轉爐石細料(散裝),14.8,公噸(mt),公噸(mt),MOENV CFP,TW,Taiwan Product Carbon Footprint,2022,中聯資源股份有限公司,1,轉爐石細料(散裝) 公噸(mt) 台灣 環境部 產品碳足跡 中聯資源股份有限公司,轉爐石細料(散裝) | 公噸(mt) | 14.8,0,MOENV CFP,2022,
鐵渣(煤灰礦泥拌合料，散裝),4.61,公噸(mt),公噸(mt),MOENV CFP,TW,Taiwan Product Carbon Footprint,2022,中聯資源股份有限公司,1,鐵渣(煤灰礦泥拌合料，散裝) 公噸(mt) 台灣 環境部 產品碳足跡 中聯資源股份有限公司,鐵渣(煤灰礦泥拌合料，散裝) | 公噸(mt) | 4.61,0,MOENV CFP,2022,
礦物細料(石灰質細料，散裝),32.4,公噸(mt),公噸(mt),MOENV CFP,TW,Taiwan Product Carbon Footprint,2022,中聯資源股份有限公司,1,礦物細料(石灰質細料，散裝) 公噸(mt) 台灣 環境部 產品碳足跡 中聯資源股份有限公司,礦物細料(石灰質細料，散裝) | 公噸(mt) | 32.4,0,MOENV CFP,2022,
鋁錠(散裝),189.0,公噸(mt),公噸(mt),MOENV CFP,TW,Taiwan Product Carbon Footprint,2022,中聯資源股份有限公司,1,鋁錠(散裝) 公噸(mt) 台灣 環境部 產品碳足跡 中聯資源股份有限公司,鋁錠(散裝) | 公噸(mt) | 189.0,0,MOENV CFP,2022,
氟化鈣污泥處理服務(物理處理),336.0,公噸(mt),公噸(mt),MOENV CFP,TW,Taiwan Product Carbon Footprint,2022,中聯資源股份有限公司,1,氟化鈣污泥處理服務(物理處理) 公噸(mt) 台灣 環境部 產品碳足跡 中聯資源股份有限公司,氟化鈣污泥處理服務(物理處理) | 公噸(mt) | 336.0,0,MOENV CFP,2022,
甘蔗吸管,0.00478,支,支,MOENV CFP,TW,Taiwan Product Carbon Footprint,2022,環境部,1,甘蔗吸管 支 台灣 環境部 產品碳足跡 環境部,甘蔗吸管 | 支 | 0.00478,0,MOENV CFP,2022,
國際海運貨物運輸服務(本國籍貨櫃船，歐美長程航線),0.0649,每個20呎標準貨櫃-每公里(TEU-km),每個20呎標準貨櫃-每公里(TEU-km),MOENV CFP,TW,Taiwan Product Carbon Footprint,2022,環境部,1,國際海運貨物運輸服務(本國籍貨櫃船，歐美長程航線) 每個20呎標準貨櫃-每公里(TEU-km) 台灣 環境部 產品碳足跡 環境部,國際海運貨物運輸服務(本國籍貨櫃船，歐美長程航線) | 每個20呎標準貨櫃-每公里(teu-km) | 0.0649,0,MOENV CFP,2022,
燃料油使用(蒸餘油/重油使用，2021),3.88,公升(L),公升(L),MOENV CFP,TW,Taiwan Product Carbon Footprint,2023,環境部,1,燃料油使用(蒸餘油/重油使用，2021) 公升(L) 台灣 環境部 產品碳足跡 環境部,燃料油使用(蒸餘油/重油使用，2021) | 公升(l) | 3.88,0,MOENV CFP,2023,
燃料油未燃燒(蒸餘油/重油未燃燒，2021),0.764,公升(L),公升(L),MOENV CFP,TW,Taiwan Product Carbon Footprint,2023,環境部,1,燃料油未燃燒(蒸餘油/重油未燃燒，2021) 公升(L) 台灣 環境部 產品碳足跡 環境部,燃料油未燃燒(蒸餘油/重油未燃燒，2021) | 公升(l) | 0.764,0,MOENV CFP,2023,
柴油(未燃燒，2021),0.673,公升(L),公升(L),MOENV CFP,TW,Taiwan Product Carbon Footprint,2023,環境部,1,柴油(未燃燒，2021) 公升(L) 台灣 環境部 產品碳足跡 環境部,柴油(未燃燒，2021) | 公升(l) | 0.673,0,MOENV CFP,2023,
柴油(於固定源使用，2021),3.29,公升(L),公升(L),MOENV CFP,TW,Taiwan Product Carbon Footprint,2023,環境部,1,柴油(於固定源使用，2021) 公升(L) 台灣 環境部 產品碳足跡 環境部,柴油(於固定源使用，2021) | 公升(l) | 3.29,0,MOENV CFP,2023,
柴油(於公路運輸移動源使用，2021),3.32,公升(L),公升(L),MOENV CFP,TW,Taiwan Product Carbon Footprint,2023,環境部,1,柴油(於公路運輸移動源使用，2021) 公升(L) 台灣 環境部 產品碳足跡 環境部,柴油(於公路運輸移動源使用，2021) | 公升(l) | 3.32,0,MOENV CFP,2023,
柴油(於鐵路運輸與非道路運輸移動源使用，2021),3.56,公升(L),公升(L),MOENV CFP,TW,Taiwan Product Carbon Footprint,2023,環境部,1,柴油(於鐵路運輸與非道路運輸移動源使用，2021) 公升(L) 台灣 環境部 產品碳足跡 環境部,柴油(於鐵路運輸與非道路運輸移動源使用，2021) | 公升(l) | 3.56,0,MOENV CFP,2023,
柴油(於水路運輸移動源使用，2021),3.3,公升(L),公升(L),MOENV CFP,TW,Taiwan Product Carbon Footprint,2023,環境部,1,柴油(於水路運輸移動源使用，2021) 公升(L) 台灣 環境部 產品碳足跡 環境部,柴油(於水路運輸移動源使用，2021) | 公升(l) | 3.3,0,MOENV CFP,2023,
柴油(於捕撈移動源使用，2021),3.29,公升(L),公升(L),MOENV CFP,TW,Taiwan Product Carbon Footprint,2023,環境部,1,柴油(於捕撈移動源使用，2021) 公升(L) 台灣 環境部 產品碳足跡 環境部,柴油(於捕撈移動源使用，2021) | 公升(l) | 3.29,0,MOENV CFP,2023,
車用汽油(未燃燒，2021),0.604,公升(L),公升(L),MOENV CFP,TW,Taiwan Product Carbon Footprint,2023,環境部,1,車用汽油(未燃燒，2021) 公升(L) 台灣 環境部 產品碳足跡 環境部,車用汽油(未燃燒，2021) | 公升(l) | 0.604,0,MOENV CFP,2023,
車用汽油(於固定源使用，2021),2.88,公升(L),公升(L),MOENV CFP,TW,Taiwan Product Carbon Footprint,2023,環境部,1,車用汽油(於固定源使用，2021) 公升(L) 台灣 環境部 產品碳足跡 環境部,車用汽油(於固定源使用，2021) | 公升(l) | 2.88,0,MOENV CFP,2023,
車用汽油(於移動源使用，2021),2.92,公升(L),公升(L),MOENV CFP,TW,Taiwan Product Carbon Footprint,2023,環境部,1,車用汽油(於移動源使用，2021) 公升(L) 台灣 環境部 產品碳足跡 環境部,車用汽油(於移動源使用，2021) | 公升(l) | 2.92,0,MOENV CFP,2023,
液化石油氣(於固定源使用，2021),2.21,公升(L),公升(L),MOENV CFP,TW,Taiwan Product Carbon Footprint,2023,環境部,1,液化石油氣(於固定源使用，2021) 公升(L) 台灣 環境部 產品碳足跡 環境部,液化石油氣(於固定源使用，2021) | 公升(l) | 2.21,0,MOENV CFP,2023,
液化石油氣(未燃燒，2021),0.453,公升(L),公升(L),MOENV CFP,TW,Taiwan Product Carbon Footprint,2023,環境部,1,液化石油氣(未燃燒，2021) 公升(L) 台灣 環境部 產品碳足跡 環境部,液化石油氣(未燃燒，2021) | 公升(l) | 0.453,0,MOENV CFP,2023,
煤油使用(2021),2.91,公升(L),公升(L),MOENV CFP,TW,Taiwan Product Carbon Footprint,2023,環境部,1,煤油使用(2021) 公升(L) 台灣 環境部 產品碳足跡 環境部,煤油使用(2021) | 公升(l) | 2.91,0,MOENV CFP,2023,
煤油(未燃燒，2021),0.353,公升(L),公升(L),MOENV CFP,TW,Taiwan Product Carbon Footprint,2023,環境部,1,煤油(未燃燒，2021) 公升(L) 台灣 環境部 產品碳足跡 環境部,煤油(未燃燒，2021) | 公升(l) | 0.353,0,MOENV CFP,2023,
單結晶矽電池太陽光電模組(60片6吋)-半切割型(120子片),377.0,piece,片,MOENV CFP,TW,Taiwan Product Carbon Footprint,2023,經濟部標準檢驗局,1,單結晶矽電池太陽光電模組(60片6吋)-半切割型(120子片) piece 台灣 環境部 產品碳足跡 經濟部標準檢驗局,單結晶矽電池太陽光電模組(60片6吋)-半切割型(120子片) | piece | 377.0,0,MOENV CFP,2023,
原油 / Crude Oil 固定燃燒排放係數,73543.0,TJ,TJ,CCA GHG Factor Table,TW,固定燃燒排放源,2024,環境部氣候變遷署,1,"原油 / Crude Oil 固定燃燒排放係數 TJ 固定燃燒排放源 由公告 kg/TJ 係數換算為 kg CO2e/TJ：CO2=73300.0, CH4=3.0, N2O=0.6, GWP 使用 CO2=1, CH4=28, N2O=265。 台灣 環境部 氣候變遷署 Scope 3 Category 3/4/5/6/7",原油 / Crude Oil 固定燃燒排放係數 | tj | 73543.0,0,CCA GHG Factor Table,2024,
奧里油 / Orimulsion 固定燃燒排放係數,77243.0,TJ,TJ,CCA GHG Factor Table,TW,固定燃燒排放源,2024,環境部氣候變遷署,1,"奧里油 / Orimulsion 固定燃燒排放係數 TJ 固定燃燒排放源 由公告 kg/TJ 係數換算為 kg CO2e/TJ：CO2=77000.0, CH4=3.0, N2O=0.6, GWP 使用 CO2=1, CH4=28, N2O=265。 台灣 環境部 氣候變遷署 Scope 3 Category 3/4/5/6/7",奧里油 / Orimulsion 固定燃燒排放係數 | tj | 77243.0,0,CCA GHG Factor Table,2024,
液化天然氣 / Natural Gas Liquids (NGLs) 固定燃燒排放係數,64443.0,TJ,TJ,CCA GHG Factor Table,TW,固定燃燒排放源,2024,環境部氣候變遷署,1,"液化天然氣 / Natural Gas Liquids (NGLs) 固定燃燒排放係數 TJ 固定燃燒排放源 由公告 kg/TJ 係數換算為 kg CO2e/TJ：CO2=64200.0, CH4=3.0, N2O=0.6, GWP 使用 CO2=1, CH4=28, N2O=265。 台灣 環境部 氣候變遷署 Scope 3 Category 3/4/5/6/7",液化天然氣 / Natural Gas Liquids (NGLs) 固定燃燒排放係數 | tj | 64443.0,0,CCA GHG Factor Table,2024,
汽油 / 車用汽油 / Gasoline / Motor Gasoline 固定燃燒排放係數,69543.0,TJ,TJ,CCA GHG Factor Table,TW,固定燃燒排放源,2024,環境部氣候變遷署,1,"汽油 / 車用汽油 / Gasoline / Motor Gasoline 固定燃燒排放係數 TJ 固定燃燒排放源 由公告 kg/TJ 係數換算為 kg CO2e/TJ：CO2=69300.0, CH4=3.0, N2O=0.6, GWP 使用 CO2=1, CH4=28, N2O=265。 台灣 環境部 氣候變遷署 Scope 3 Category 3/4/5/6/7",汽油 / 車用汽油 / Gasoline / Motor Gasoline 固定燃燒排放係數 | tj | 69543.0,0,CCA GHG Factor Table,2024,
航空汽油 / Aviation Gasoline 固定燃燒排放係數,70243.0,TJ,TJ,CCA GHG Factor Table,TW,固定燃燒排放源,2024,環境部氣候變遷署,1,"航空汽油 / Aviation Gasoline 固定燃燒排放係數 TJ 固定燃燒排放源 由公告 kg/TJ 係數換算為 kg CO2e/TJ：CO2=70000.0, CH4=3.0, N2O=0.6, GWP 使用 CO2=1, CH4=28, N2O=265。 台灣 環境部 氣候變遷署 Scope 3 Category 3/4/5/6/7",航空汽油 / Aviation Gasoline 固定燃燒排放係數 | tj | 70243.0,0,CCA GHG Factor Table,2024,
航空燃油-汽油型 / Jet Gasoline 固定燃燒排放係數,70243.0,TJ,TJ,CCA GHG Factor Table,TW,固定燃燒排放源,2024,環境部氣候變遷署,1,"航空燃油-汽油型 / Jet Gasoline 固定燃燒排放係數 TJ 固定燃燒排放源 由公告 kg/TJ 係數換算為 kg CO2e/TJ：CO2=70000.0, CH4=3.0, N2O=0.6, GWP 使用 CO2=1, CH4=28, N2O=265。 台灣 環境部 氣候變遷署 Scope 3 Category 3/4/5/6/7",航空燃油-汽油型 / Jet Gasoline 固定燃燒排放係數 | tj | 70243.0,0,CCA GHG Factor Table,2024,
航空燃油-煤油型 / Jet Kerosene 固定燃燒排放係數,71743.0,TJ,TJ,CCA GHG Factor Table,TW,固定燃燒排放源,2024,環境部氣候變遷署,1,"航空燃油-煤油型 / Jet Kerosene 固定燃燒排放係數 TJ 固定燃燒排放源 由公告 kg/TJ 係數換算為 kg CO2e/TJ：CO2=71500.0, CH4=3.0, N2O=0.6, GWP 使用 CO2=1, CH4=28, N2O=265。 台灣 環境部 氣候變遷署 Scope 3 Category 3/4/5/6/7",航空燃油-煤油型 / Jet Kerosene 固定燃燒排放係數 | tj | 71743.0,0,CCA GHG Factor Table,2024,
其他煤油 / Other Kerosene 固定燃燒排放係數,72143.0,TJ,TJ,CCA GHG Factor Table,TW,固定燃燒排放源,2024,環境部氣候變遷署,1,"其他煤油 / Other Kerosene 固定燃燒排放係數 TJ 固定燃燒排放源 由公告 kg/TJ 係數換算為 kg CO2e/TJ：CO2=71900.0, CH4=3.0, N2O=0.6, GWP 使用 CO2=1, CH4=28, N2O=265。 台灣 環境部 氣候變遷署 Scope 3 Category 3/4/5/6/7",其他煤油 / Other Kerosene 固定燃燒排放係數 | tj | 72143.0,0,CCA GHG Factor Table,2024,
頁岩油 / Shale Oil 固定燃燒排放係數,73543.0,TJ,TJ,CCA GHG Factor Table,TW,固定燃燒排放源,2024,環境部氣候變遷署,1,"頁岩油 / Shale Oil 固定燃燒排放係數 TJ 固定燃燒排放源 由公告 kg/TJ 係數換算為 kg CO2e/TJ：CO2=73300.0, CH4=3.0, N2O=0.6, GWP 使用 CO2=1, CH4=28, N2O=265。 台灣 環境部 氣候變遷署 Scope 3 Category 3/4/5/6/7",頁岩油 / Shale Oil 固定燃燒排放係數 | tj | 73543.0,0,CCA GHG Factor Table,2024,
柴油 / Gas/Diesel Oil 固定燃燒排放係數,74343.0,TJ,TJ,CCA GHG Factor Table,TW,固定燃燒排放源,2024,環境部氣候變遷署,1,"柴油 / Gas/Diesel Oil 固定燃燒排放係數 TJ 固定燃燒排放源 由公告 kg/TJ 係數換算為 kg CO2e/TJ：CO2=74100.0, CH4=3.0, N2O=0.6, GWP 使用 CO2=1, CH4=28, N2O=265。 台灣 環境部 氣候變遷署 Scope 3 Category 3/4/5/6/7",柴油 / Gas/Diesel Oil 固定燃燒排放係數 | tj | 74343.0,0,CCA GHG Factor Table,2024,
燃料油 / Residual Fuel Oil 固定燃燒排放係數,77643.0,TJ,TJ,CCA GHG Factor Table,TW,固定燃燒排放源,2024,環境部氣候變遷署,1,"燃料油 / Residual Fuel Oil 固定燃燒排放係數 TJ 固定燃燒排放源 由公告 kg/TJ 係數換算為 kg CO2e/TJ：CO2=77400.0, CH4=3.0, N2O=0.6, GWP 使用 CO2=1, CH4=28, N2O=265。 台灣 環境部 氣候變遷署 Scope 3 Category 3/4/5/6/7",燃料油 / Residual Fuel Oil 固定燃燒排放係數 | tj | 77643.0,0,CCA GHG Factor Table,2024,
液化石油氣 / Liquefied Petroleum Gases 固定燃燒排放係數,63154.5,TJ,TJ,CCA GHG Factor Table,TW,固定燃燒排放源,2024,環境部氣候變遷署,1,"液化石油氣 / Liquefied Petroleum Gases 固定燃燒排放係數 TJ 固定燃燒排放源 由公告 kg/TJ 係數換算為 kg CO2e/TJ：CO2=63100.0, CH4=1.0, N2O=0.1, GWP 使用 CO2=1, CH4=28, N2O=265。 台灣 環境部 氣候變遷署 Scope 3 Category 3/4/5/6/7",液化石油氣 / Liquefied Petroleum Gases 固定燃燒排放係數 | tj | 63154.5,0,CCA GHG Factor Table,2024,
乙烷 / Ethane 固定燃燒排放係數,61654.5,TJ,TJ,CCA GHG Factor Table,TW,固定燃燒排放源,2024,環境部氣候變遷署,1,"乙烷 / Ethane 固定燃燒排放係數 TJ 固定燃燒排放源 由公告 kg/TJ 係數換算為 kg CO2e/TJ：CO2=61600.0, CH4=1.0, N2O=0.1, GWP 使用 CO2=1, CH4=28, N2O=265。 台灣 環境部 氣候變遷署 Scope 3 Category 3/4/5/6/7",乙烷 / Ethane 固定燃燒排放係數 | tj | 61654.5,0,CCA GHG Factor Table,2024,
石油腦 / Naphtha 固定燃燒排放係數,73543.0,TJ,TJ,CCA GHG Factor Table,TW,固定燃燒排放源,2024,環境部氣候變遷署,1,"石油腦 / Naphtha 固定燃燒排放係數 TJ 固定燃燒排放源 由公告 kg/TJ 係數換算為 kg CO2e/TJ：CO2=73300.0, CH4=3.0, N2O=0.6, GWP 使用 CO2=1, CH4=28, N2O=265。 台灣 環境部 氣候變遷署 Scope 3 Category 3/4/5/6/7",石油腦 / Naphtha 固定燃燒排放係數 | tj | 73543.0,0,CCA GHG Factor Table,2024,
瀝青 / Bitumen 固定燃燒排放係數,80943.0,TJ,TJ,CCA GHG Factor Table,TW,固定燃燒排放源,2024,環境部氣候變遷署,1,"瀝青 / Bitumen 固定燃燒排放係數 TJ 固定燃燒排放源 由公告 kg/TJ 係數換算為 kg CO2e/TJ：CO2=80700.0, CH4=3.0, N2O=0.6, GWP 使用 CO2=1, CH4=28, N2O=265。 台灣 環境部 氣候變遷署 Scope 3 Category 3/4/5/6/7",瀝青 / Bitumen 固定燃燒排放係數 | tj | 80943.0,0,CCA GHG Factor Table,2024,
潤滑油 / Lubricants 固定燃燒排放係數,73543.0,TJ,TJ,CCA GHG Factor Table,TW,固定燃燒排放源,2024,環境部氣候變遷署,1,"潤滑油 / Lubricants 固定燃燒排放係數 TJ 固定燃燒排放源 由公告 kg/TJ 係數換算為 kg CO2e/TJ：CO2=73300.0, CH4=3.0, N2O=0.6, GWP 使用 CO2=1, CH4=28, N2O=265。 台灣 環境部 氣候變遷署 Scope 3 Category 3/4/5/6/7",潤滑油 / Lubricants 固定燃燒排放係數 | tj | 73543.0,0,CCA GHG Factor Table,2024,
石油焦 / Petroleum Coke 固定燃燒排放係數,97743.0,TJ,TJ,CCA GHG Factor Table,TW,固定燃燒排放源,2024,環境部氣候變遷署,1,"石油焦 / Petroleum Coke 固定燃燒排放係數 TJ 固定燃燒排放源 由公告 kg/TJ 係數換算為 kg CO2e/TJ：CO2=97500.0, CH4=3.0, N2O=0.6, GWP 使用 CO2=1, CH4=28, N2O=265。 台灣 環境部 氣候變遷署 Scope 3 Category 3/4/5/6/7",石油焦 / Petroleum Coke 固定燃燒排放係數 | tj | 97743.0,0,CCA GHG Factor Table,2024,
煉油廠進料 / Refinery Feedstocks 固定燃燒排放係數,73543.0,TJ,TJ,CCA GHG Factor Table,TW,固定燃燒排放源,2024,環境部氣候變遷署,1,"煉油廠進料 / Refinery Feedstocks 固定燃燒排放係數 TJ 固定燃燒排放源 由公告 kg/TJ 係數換算為 kg CO2e/TJ：CO2=73300.0, CH4=3.0, N2O=0.6, GWP 使用 CO2=1, CH4=28, N2O=265。 台灣 環境部 氣候變遷署 Scope 3 Category 3/4/5/6/7",煉油廠進料 / Refinery Feedstocks 固定燃燒排放係數 | tj | 73543.0,0,CCA GHG Factor Table,2024,
其他油品 / 煉油氣 / Other Oil / Refinery Gas 固定燃燒排放係數,57654.5,TJ,TJ,CCA GHG Factor Table,TW,固定燃燒排放源,2024,環境部氣候變遷署,1,"其他油品 / 煉油氣 / Other Oil / Refinery Gas 固定燃燒排放係數 TJ 固定燃燒排放源 由公告 kg/TJ 係數換算為 kg CO2e/TJ：CO2=57600.0, CH4=1.0, N2O=0.1, GWP 使用 CO2=1, CH4=28, N2O=265。 台灣 環境部 氣候變遷署 Scope 3 Category 3/4/5/6/7",其他油品 / 煉油氣 / Other Oil / Refinery Gas 固定燃燒排放係數 | tj | 57654.5,0,CCA GHG Factor Table,2024,
石蠟 / Paraffin Waxes 固定燃燒排放係數,73543.0,TJ,TJ,CCA GHG Factor Table,TW,固定燃燒排放源,2024,環境部氣候變遷署,1,"石蠟 / Paraffin Waxes 固定燃燒排放係數 TJ 固定燃燒排放源 由公告 kg/TJ 係數換算為 kg CO2e/TJ：CO2=73300.0, CH4=3.0, N2O=0.6, GWP 使用 CO2=1, CH4=28, N2O=265。 台灣 環境部 氣候變遷署 Scope 3 Category 3/4/5/6/7",石蠟 / Paraffin Waxes 固定燃燒排放係數 | tj | 73543.0,0,CCA GHG Factor Table,2024,
白精油 / White Spirit & SBP 固定燃燒排放係數,73543.0,TJ,TJ,CCA GHG Factor Table,TW,固定燃燒排放源,2024,環境部氣候變遷署,1,"白精油 / White Spirit & SBP 固定燃燒排放係數 TJ 固定燃燒排放源 由公告 kg/TJ 係數換算為 kg CO2e/TJ：CO2=73300.0, CH4=3.0, N2O=0.6, GWP 使用 CO2=1, CH4=28, N2O=265。 台灣 環境部 氣候變遷署 Scope 3 Category 3/4/5/6/7",白精油 / White Spirit & SBP 固定燃燒排放係數 | tj | 73543.0,0,CCA GHG Factor Table,2024,
其他石油產品 / Other Petroleum Products 固定燃燒排放係數,73543.0,TJ,TJ,CCA GHG Factor Table,TW,固定燃燒排放源,2024,環境部氣候變遷署,1,"其他石油產品 / Other Petroleum Products 固定燃燒排放係數 TJ 固定燃燒排放源 由公告 kg/TJ 係數換算為 kg CO2e/TJ：CO2=73300.0, CH4=3.0, N2O=0.6, GWP 使用 CO2=1, CH4=28, N2O=265。 台灣 環境部 氣候變遷署 Scope 3 Category 3/4/5/6/7",其他石油產品 / Other Petroleum Products 固定燃燒排放係數 | tj | 73543.0,0,CCA GHG Factor Table,2024,
無煙煤 / Anthracite 固定燃燒排放係數,98725.5,TJ,TJ,CCA GHG Factor Table,TW,固定燃燒排放源,2024,環境部氣候變遷署,1,"無煙煤 / Anthracite 固定燃燒排放係數 TJ 固定燃燒排放源 由公告 kg/TJ 係數換算為 kg CO2e/TJ：CO2=98300.0, CH4=1.0, N2O=1.5, GWP 使用 CO2=1, CH4=28, N2O=265。 台灣 環境部 氣候變遷署 Scope 3 Category 3/4/5/6/7",無煙煤 / Anthracite 固定燃燒排放係數 | tj | 98725.5,0,CCA GHG Factor Table,2024,
煉焦煤 / Coking Coal 固定燃燒排放係數,95025.5,TJ,TJ,CCA GHG Factor Table,TW,固定燃燒排放源,2024,環境部氣候變遷署,1,"煉焦煤 / Coking Coal 固定燃燒排放係數 TJ 固定燃燒排放源 由公告 kg/TJ 係數換算為 kg CO2e/TJ：CO2=94600.0, CH4=1.0, N2O=1.5, GWP 使用 CO2=1, CH4=28, N2O=265。 台灣 環境部 氣候變遷署 Scope 3 Category 3/4/5/6/7",煉焦煤 / Coking Coal 固定燃燒排放係數 | tj | 95025.5,0,CCA GHG Factor Table,2024,
其他煙煤 / Other Bituminous Coal 固定燃燒排放係數,95025.5,TJ,TJ,CCA GHG Factor Table,TW,固定燃燒排放源,2024,環境部氣候變遷署,1,"其他煙煤 / Other Bituminous Coal 固定燃燒排放係數 TJ 固定燃燒排放源 由公告 kg/TJ 係數換算為 kg CO2e/TJ：CO2=94600.0, CH4=1.0, N2O=1.5, GWP 使用 CO2=1, CH4=28, N2O=265。 台灣 環境部 氣候變遷署 Scope 3 Category 3/4/5/6/7",其他煙煤 / Other Bituminous Coal 固定燃燒排放係數 | tj | 95025.5,0,CCA GHG Factor Table,2024,
亞煙煤 / Sub-Bituminous Coal 固定燃燒排放係數,96525.5,TJ,TJ,CCA GHG Factor Table,TW,固定燃燒排放源,2024,環境部氣候變遷署,1,"亞煙煤 / Sub-Bituminous Coal 固定燃燒排放係數 TJ 固定燃燒排放源 由公告 kg/TJ 係數換算為 kg CO2e/TJ：CO2=96100.0, CH4=1.0, N2O=1.5, GWP 使用 CO2=1, CH4=28, N2O=265。 台灣 環境部 氣候變遷署 Scope 3 Category 3/4/5/6/7",亞煙煤 / Sub-Bituminous Coal 固定燃燒排放係數 | tj | 96525.5,0,CCA GHG Factor Table,2024,
褐煤 / Lignite 固定燃燒排放係數,101425.5,TJ,TJ,CCA GHG Factor Table,TW,固定燃燒排放源,2024,環境部氣候變遷署,1,"褐煤 / Lignite 固定燃燒排放係數 TJ 固定燃燒排放源 由公告 kg/TJ 係數換算為 kg CO2e/TJ：CO2=101000.0, CH4=1.0, N2O=1.5, GWP 使用 CO2=1, CH4=28, N2O=265。 台灣 環境部 氣候變遷署 Scope 3 Category 3/4/5/6/7",褐煤 / Lignite 固定燃燒排放係數 | tj | 101425.5,0,CCA GHG Factor Table,2024,
油頁岩/焦油砂 / Oil Shale and Tar Sands 固定燃燒排放係數,107425.5,TJ,TJ,CCA GHG Factor Table,TW,固定燃燒排放源,2024,環境部氣候變遷署,1,"油頁岩/焦油砂 / Oil Shale and Tar Sands 固定燃燒排放係數 TJ 固定燃燒排放源 由公告 kg/TJ 係數換算為 kg CO2e/TJ：CO2=107000.0, CH4=1.0, N2O=1.5, GWP 使用 CO2=1, CH4=28, N2O=265。 台灣 環境部 氣候變遷署 Scope 3 Category 3/4/5/6/7",油頁岩/焦油砂 / Oil Shale and Tar Sands 固定燃燒排放係數 | tj | 107425.5,0,CCA GHG Factor Table,2024,
褐煤塊 / Brown Coal Briquettes 固定燃燒排放係數,97925.5,TJ,TJ,CCA GHG Factor Table,TW,固定燃燒排放源,2024,環境部氣候變遷署,1,"褐煤塊 / Brown Coal Briquettes 固定燃燒排放係數 TJ 固定燃燒排放源 由公告 kg/TJ 係數換算為 kg CO2e/TJ：CO2=97500.0, CH4=1.0, N2O=1.5, GWP 使用 CO2=1, CH4=28, N2O=265。 台灣 環境部 氣候變遷署 Scope 3 Category 3/4/5/6/7",褐煤塊 / Brown Coal Briquettes 固定燃燒排放係數 | tj | 97925.5,0,CCA GHG Factor Table,2024,
煤球 / Patent Fuel 固定燃燒排放係數,97925.5,TJ,TJ,CCA GHG Factor Table,TW,固定燃燒排放源,2024,環境部氣候變遷署,1,"煤球 / Patent Fuel 固定燃燒排放係數 TJ 固定燃燒排放源 由公告 kg/TJ 係數換算為 kg CO2e/TJ：CO2=97500.0, CH4=1.0, N2O=1.5, GWP 使用 CO2=1, CH4=28, N2O=265。 台灣 環境部 氣候變遷署 Scope 3 Category 3/4/5/6/7",煤球 / Patent Fuel 固定燃燒排放係數 | tj | 97925.5,0,CCA GHG Factor Table,2024,
焦炭 / 焦炭 / Coke / Coke Oven Coke and Lignite Coke 固定燃燒排放係數,107425.5,TJ,TJ,CCA GHG Factor Table,TW,固定燃燒排放源,2024,環境部氣候變遷署,1,"焦炭 / 焦炭 / Coke / Coke Oven Coke and Lignite Coke 固定燃燒排放係數 TJ 固定燃燒排放源 由公告 kg/TJ 係數換算為 kg CO2e/TJ：CO2=107000.0, CH4=1.0, N2O=1.5, GWP 使用 CO2=1, CH4=28, N2O=265。 台灣 環境部 氣候變遷署 Scope 3 Category 3/4/5/6/7",焦炭 / 焦炭 / Coke / Coke Oven Coke and Lignite Coke 固定燃燒排放係數 | tj | 107425.5,0,CCA GHG Factor Table,2024,
煤氣焦碳 / Gas Coke 固定燃燒排放係數,107054.5,TJ,TJ,CCA GHG Factor Table,TW,固定燃燒排放源,2024,環境部氣候變遷署,1,"煤氣焦碳 / Gas Coke 固定燃燒排放係數 TJ 固定燃燒排放源 由公告 kg/TJ 係數換算為 kg CO2e/TJ：CO2=107000.0, CH4=1.0, N2O=0.1, GWP 使用 CO2=1, CH4=28, N2O=265。 台灣 環境部 氣候變遷署 Scope 3 Category 3/4/5/6/7",煤氣焦碳 / Gas Coke 固定燃燒排放係數 | tj | 107054.5,0,CCA GHG Factor Table,2024,
煤焦油 / Coal Tar 固定燃燒排放係數,81125.5,TJ,TJ,CCA GHG Factor Table,TW,固定燃燒排放源,2024,環境部氣候變遷署,1,"煤焦油 / Coal Tar 固定燃燒排放係數 TJ 固定燃燒排放源 由公告 kg/TJ 係數換算為 kg CO2e/TJ：CO2=80700.0, CH4=1.0, N2O=1.5, GWP 使用 CO2=1, CH4=28, N2O=265。 台灣 環境部 氣候變遷署 Scope 3 Category 3/4/5/6/7",煤焦油 / Coal Tar 固定燃燒排放係數 | tj | 81125.5,0,CCA GHG Factor Table,2024,
衍生氣體 / 煤氣廠氣體 / Derived Gases / Gas Works Gas 固定燃燒排放係數,44454.5,TJ,TJ,CCA GHG Factor Table,TW,固定燃燒排放源,2024,環境部氣候變遷署,1,"衍生氣體 / 煤氣廠氣體 / Derived Gases / Gas Works Gas 固定燃燒排放係數 TJ 固定燃燒排放源 由公告 kg/TJ 係數換算為 kg CO2e/TJ：CO2=44400.0, CH4=1.0, N2O=0.1, GWP 使用 CO2=1, CH4=28, N2O=265。 台灣 環境部 氣候變遷署 Scope 3 Category 3/4/5/6/7",衍生氣體 / 煤氣廠氣體 / Derived Gases / Gas Works Gas 固定燃燒排放係數 | tj | 44454.5,0,CCA GHG Factor Table,2024,
焦爐氣 / Coke Oven Gas 固定燃燒排放係數,44454.5,TJ,TJ,CCA GHG Factor Table,TW,固定燃燒排放源,2024,環境部氣候變遷署,1,"焦爐氣 / Coke Oven Gas 固定燃燒排放係數 TJ 固定燃燒排放源 由公告 kg/TJ 係數換算為 kg CO2e/TJ：CO2=44400.0, CH4=1.0, N2O=0.1, GWP 使用 CO2=1, CH4=28, N2O=265。 台灣 環境部 氣候變遷署 Scope 3 Category 3/4/5/6/7",焦爐氣 / Coke Oven Gas 固定燃燒排放係數 | tj | 44454.5,0,CCA GHG Factor Table,2024,
高爐氣 / Blast Furnace Gas 固定燃燒排放係數,260054.5,TJ,TJ,CCA GHG Factor Table,TW,固定燃燒排放源,2024,環境部氣候變遷署,1,"高爐氣 / Blast Furnace Gas 固定燃燒排放係數 TJ 固定燃燒排放源 由公告 kg/TJ 係數換算為 kg CO2e/TJ：CO2=260000.0, CH4=1.0, N2O=0.1, GWP 使用 CO2=1, CH4=28, N2O=265。 台灣 環境部 氣候變遷署 Scope 3 Category 3/4/5/6/7",高爐氣 / Blast Furnace Gas 固定燃燒排放係數 | tj | 260054.5,0,CCA GHG Factor Table,2024,
轉爐氣 / Oxygen Steel Furnace Gas 固定燃燒排放係數,182054.5,TJ,TJ,CCA GHG Factor Table,TW,固定燃燒排放源,2024,環境部氣候變遷署,1,"轉爐氣 / Oxygen Steel Furnace Gas 固定燃燒排放係數 TJ 固定燃燒排放源 由公告 kg/TJ 係數換算為 kg CO2e/TJ：CO2=182000.0, CH4=1.0, N2O=0.1, GWP 使用 CO2=1, CH4=28, N2O=265。 台灣 環境部 氣候變遷署 Scope 3 Category 3/4/5/6/7",轉爐氣 / Oxygen Steel Furnace Gas 固定燃燒排放係數 | tj | 182054.5,0,CCA GHG Factor Table,2024,
天然氣 / Natural Gas 固定燃燒排放係數,56154.5,TJ,TJ,CCA GHG Factor Table,TW,固定燃燒排放源,2024,環境部氣候變遷署,1,"天然氣 / Natural Gas 固定燃燒排放係數 TJ 固定燃燒排放源 由公告 kg/TJ 係數換算為 kg CO2e/TJ：CO2=56100.0, CH4=1.0, N2O=0.1, GWP 使用 CO2=1, CH4=28, N2O=265。 台灣 環境部 氣候變遷署 Scope 3 Category 3/4/5/6/7",天然氣 / Natural Gas 固定燃燒排放係數 | tj | 56154.5,0,CCA GHG Factor Table,2024,
都市廢棄物 - 非生質部分 / Municipal Wastes (non-biomass fraction) 固定燃燒排放係數,93600.0,TJ,TJ,CCA GHG Factor Table,TW,固定燃燒排放源,2024,環境部氣候變遷署,1,"都市廢棄物 - 非生質部分 / Municipal Wastes (non-biomass fraction) 固定燃燒排放係數 TJ 固定燃燒排放源 由公告 kg/TJ 係數換算為 kg CO2e/TJ：CO2=91700.0, CH4=30.0, N2O=4.0, GWP 使用 CO2=1, CH4=28, N2O=265。 台灣 環境部 氣候變遷署 Scope 3 Category 3/4/5/6/7",都市廢棄物 - 非生質部分 / Municipal Wastes (non-biomass fraction) 固定燃燒排放係數 | tj | 93600.0,0,CCA GHG Factor Table,2024,
事業廢棄物 / Industrial Wastes 固定燃燒排放係數,144900.0,TJ,TJ,CCA GHG Factor Table,TW,固定燃燒排放源,2024,環境部氣候變遷署,1,"事業廢棄物 / Industrial Wastes 固定燃燒排放係數 TJ 固定燃燒排放源 由公告 kg/TJ 係數換算為 kg CO2e/TJ：CO2=143000.0, CH4=30.0, N2O=4.0, GWP 使用 CO2=1, CH4=28, N2O=265。 台灣 環境部 氣候變遷署 Scope 3 Category 3/4/5/6/7",事業廢棄物 / Industrial Wastes 固定燃燒排放係數 | tj | 144900.0,0,CCA GHG Factor Table,2024,
廢油 / Waste Oils 固定燃燒排放係數,75200.0,TJ,TJ,CCA GHG Factor Table,TW,固定燃燒排放源,2024,環境部氣候變遷署,1,"廢油 / Waste Oils 固定燃燒排放係數 TJ 固定燃燒排放源 由公告 kg/TJ 係數換算為 kg CO2e/TJ：CO2=73300.0, CH4=30.0, N2O=4.0, GWP 使用 CO2=1, CH4=28, N2O=265。 台灣 環境部 氣候變遷署 Scope 3 Category 3/4/5/6/7",廢油 / Waste Oils 固定燃燒排放係數 | tj | 75200.0,0,CCA GHG Factor Table,2024,
泥煤 / Peat 固定燃燒排放係數,106425.5,TJ,TJ,CCA GHG Factor Table,TW,固定燃燒排放源,2024,環境部氣候變遷署,1,"泥煤 / Peat 固定燃燒排放係數 TJ 固定燃燒排放源 由公告 kg/TJ 係數換算為 kg CO2e/TJ：CO2=106000.0, CH4=1.0, N2O=1.5, GWP 使用 CO2=1, CH4=28, N2O=265。 台灣 環境部 氣候變遷署 Scope 3 Category 3/4/5/6/7",泥煤 / Peat 固定燃燒排放係數 | tj | 106425.5,0,CCA GHG Factor Table,2024,
固體生質燃料 / 木材/ 廢材 / Solid Biofuels / Wood/Wood Waste 固定燃燒排放係數,113900.0,TJ,TJ,CCA GHG Factor Table,TW,固定燃燒排放源,2024,環境部氣候變遷署,1,"固體生質燃料 / 木材/ 廢材 / Solid Biofuels / Wood/Wood Waste 固定燃燒排放係數 TJ 固定燃燒排放源 由公告 kg/TJ 係數換算為 kg CO2e/TJ：CO2=112000.0, CH4=30.0, N2O=4.0, GWP 使用 CO2=1, CH4=28, N2O=265。 台灣 環境部 氣候變遷署 Scope 3 Category 3/4/5/6/7",固體生質燃料 / 木材/ 廢材 / Solid Biofuels / Wood/Wood Waste 固定燃燒排放係數 | tj | 113900.0,0,CCA GHG Factor Table,2024,
亞硫酸鹽廢液 / 黑液 / Sulphite lyes (Black Liquor) 固定燃燒排放係數,95914.0,TJ,TJ,CCA GHG Factor Table,TW,固定燃燒排放源,2024,環境部氣候變遷署,1,"亞硫酸鹽廢液 / 黑液 / Sulphite lyes (Black Liquor) 固定燃燒排放係數 TJ 固定燃燒排放源 由公告 kg/TJ 係數換算為 kg CO2e/TJ：CO2=95300.0, CH4=3.0, N2O=2.0, GWP 使用 CO2=1, CH4=28, N2O=265。 台灣 環境部 氣候變遷署 Scope 3 Category 3/4/5/6/7",亞硫酸鹽廢液 / 黑液 / Sulphite lyes (Black Liquor) 固定燃燒排放係數 | tj | 95914.0,0,CCA GHG Factor Table,2024,
其他初級固體生質 / Other Primary Solid Biomass 固定燃燒排放係數,101900.0,TJ,TJ,CCA GHG Factor Table,TW,固定燃燒排放源,2024,環境部氣候變遷署,1,"其他初級固體生質 / Other Primary Solid Biomass 固定燃燒排放係數 TJ 固定燃燒排放源 由公告 kg/TJ 係數換算為 kg CO2e/TJ：CO2=100000.0, CH4=30.0, N2O=4.0, GWP 使用 CO2=1, CH4=28, N2O=265。 台灣 環境部 氣候變遷署 Scope 3 Category 3/4/5/6/7",其他初級固體生質 / Other Primary Solid Biomass 固定燃燒排放係數 | tj | 101900.0,0,CCA GHG Factor Table,2024,
木炭 / Charcoal 固定燃燒排放係數,118660.0,TJ,TJ,CCA GHG Factor Table,TW,固定燃燒排放源,2024,環境部氣候變遷署,1,"木炭 / Charcoal 固定燃燒排放係數 TJ 固定燃燒排放源 由公告 kg/TJ 係數換算為 kg CO2e/TJ：CO2=112000.0, CH4=200.0, N2O=4.0, GWP 使用 CO2=1, CH4=28, N2O=265。 台灣 環境部 氣候變遷署 Scope 3 Category 3/4/5/6/7",木炭 / Charcoal 固定燃燒排放係數 | tj | 118660.0,0,CCA GHG Factor Table,2024,
液體生質燃料 / 生質汽油 / Liquid Biofuels / Biogasoline 固定燃燒排放係數,71043.0,TJ,TJ,CCA GHG Factor Table,TW,固定燃燒排放源,2024,環境部氣候變遷署,1,"液體生質燃料 / 生質汽油 / Liquid Biofuels / Biogasoline 固定燃燒排放係數 TJ 固定燃燒排放源 由公告 kg/TJ 係數換算為 kg CO2e/TJ：CO2=70800.0, CH4=3.0, N2O=0.6, GWP 使用 CO2=1, CH4=28, N2O=265。 台灣 環境部 氣候變遷署 Scope 3 Category 3/4/5/6/7",液體生質燃料 / 生質汽油 / Liquid Biofuels / Biogasoline 固定燃燒排放係數 | tj | 71043.0,0,CCA GHG Factor Table,2024,
生質柴油 / Biodiesels 固定燃燒排放係數,71043.0,TJ,TJ,CCA GHG Factor Table,TW,固定燃燒排放源,2024,環境部氣候變遷署,1,"生質柴油 / Biodiesels 固定燃燒排放係數 TJ 固定燃燒排放源 由公告 kg/TJ 係數換算為 kg CO2e/TJ：CO2=70800.0, CH4=3.0, N2O=0.6, GWP 使用 CO2=1, CH4=28, N2O=265。 台灣 環境部 氣候變遷署 Scope 3 Category 3/4/5/6/7",生質柴油 / Biodiesels 固定燃燒排放係數 | tj | 71043.0,0,CCA GHG Factor Table,2024,
其他液體生質燃料 / Other Liquid Biofuels 固定燃燒排放係數,79843.0,TJ,TJ,CCA GHG Factor Table,TW,固定燃燒排放源,2024,環境部氣候變遷署,1,"其他液體生質燃料 / Other Liquid Biofuels 固定燃燒排放係數 TJ 固定燃燒排放源 由公告 kg/TJ 係數換算為 kg CO2e/TJ：CO2=79600.0, CH4=3.0, N2O=0.6, GWP 使用 CO2=1, CH4=28, N2O=265。 台灣 環境部 氣候變遷署 Scope 3 Category 3/4/5/6/7",其他液體生質燃料 / Other Liquid Biofuels 固定燃燒排放係數 | tj | 79843.0,0,CCA GHG Factor Table,2024,
氣體生質燃料 / 掩埋沼氣 / Gas Biomass / Landfill Gas 固定燃燒排放係數,54654.5,TJ,TJ,CCA GHG Factor Table,TW,固定燃燒排放源,2024,環境部氣候變遷署,1,"氣體生質燃料 / 掩埋沼氣 / Gas Biomass / Landfill Gas 固定燃燒排放係數 TJ 固定燃燒排放源 由公告 kg/TJ 係數換算為 kg CO2e/TJ：CO2=54600.0, CH4=1.0, N2O=0.1, GWP 使用 CO2=1, CH4=28, N2O=265。 台灣 環境部 氣候變遷署 Scope 3 Category 3/4/5/6/7",氣體生質燃料 / 掩埋沼氣 / Gas Biomass / Landfill Gas 固定燃燒排放係數 | tj | 54654.5,0,CCA GHG Factor Table,2024,
污泥沼氣 / Sludge Gas 固定燃燒排放係數,54654.5,TJ,TJ,CCA GHG Factor Table,TW,固定燃燒排放源,2024,環境部氣候變遷署,1,"污泥沼氣 / Sludge Gas 固定燃燒排放係數 TJ 固定燃燒排放源 由公告 kg/TJ 係數換算為 kg CO2e/TJ：CO2=54600.0, CH4=1.0, N2O=0.1, GWP 使用 CO2=1, CH4=28, N2O=265。 台灣 環境部 氣候變遷署 Scope 3 Category 3/4/5/6/7",污泥沼氣 / Sludge Gas 固定燃燒排放係數 | tj | 54654.5,0,CCA GHG Factor Table,2024,
其他氣體生質燃料 / Other Biogas 固定燃燒排放係數,54654.5,TJ,TJ,CCA GHG Factor Table,TW,固定燃燒排放源,2024,環境部氣候變遷署,1,"其他氣體生質燃料 / Other Biogas 固定燃燒排放係數 TJ 固定燃燒排放源 由公告 kg/TJ 係數換算為 kg CO2e/TJ：CO2=54600.0, CH4=1.0, N2O=0.1, GWP 使用 CO2=1, CH4=28, N2O=265。 台灣 環境部 氣候變遷署 Scope 3 Category 3/4/5/6/7",其他氣體生質燃料 / Other Biogas 固定燃燒排放係數 | tj | 54654.5,0,CCA GHG Factor Table,2024,
其他非石化燃料 / 都市廢棄物 - 生質部分 / Other non-fossil fuels / Municipal Wastes (biomass fraction) 固定燃燒排放係數,101900.0,TJ,TJ,CCA GHG Factor Table,TW,固定燃燒排放源,2024,環境部氣候變遷署,1,"其他非石化燃料 / 都市廢棄物 - 生質部分 / Other non-fossil fuels / Municipal Wastes (biomass fraction) 固定燃燒排放係數 TJ 固定燃燒排放源 由公告 kg/TJ 係數換算為 kg CO2e/TJ：CO2=100000.0, CH4=30.0, N2O=4.0, GWP 使用 CO2=1, CH4=28, N2O=265。 台灣 環境部 氣候變遷署 Scope 3 Category 3/4/5/6/7",其他非石化燃料 / 都市廢棄物 - 生質部分 / Other non-fossil fuels / Municipal Wastes (biomass fraction) 固定燃燒排放係數 | tj | 101900.0,0,CCA GHG Factor Table,2024,
車用汽油 / Motor Gasoline 移動燃燒 CO2 排放係數,69300.0,TJ,TJ,CCA GHG Factor Table,TW,移動燃燒排放源,2024,環境部氣候變遷署,1,車用汽油 / Motor Gasoline 移動燃燒 CO2 排放係數 TJ 移動燃燒排放源 公告 CO2 係數，單位 kg CO2/TJ；作為 kg CO2e/TJ 使用。原始 CO2=69300.0。 台灣 環境部 氣候變遷署 Scope 3 Category 3/4/5/6/7,車用汽油 / Motor Gasoline 移動燃燒 CO2 排放係數 | tj | 69300.0,0,CCA GHG Factor Table,2024,
柴油 / Gas/ Diesel 移動燃燒 CO2 排放係數,74100.0,TJ,TJ,CCA GHG Factor Table,TW,移動燃燒排放源,2024,環境部氣候變遷署,1,柴油 / Gas/ Diesel 移動燃燒 CO2 排放係數 TJ 移動燃燒排放源 公告 CO2 係數，單位 kg CO2/TJ；作為 kg CO2e/TJ 使用。原始 CO2=74100.0。 台灣 環境部 氣候變遷署 Scope 3 Category 3/4/5/6/7,柴油 / Gas/ Diesel 移動燃燒 CO2 排放係數 | tj | 74100.0,0,CCA GHG Factor Table,2024,
液化石油氣 / Liquefied Petroleum Gases 移動燃燒 CO2 排放係數,63100.0,TJ,TJ,CCA GHG Factor Table,TW,移動燃燒排放源,2024,環境部氣候變遷署,1,液化石油氣 / Liquefied Petroleum Gases 移動燃燒 CO2 排放係數 TJ 移動燃燒排放源 公告 CO2 係數，單位 kg CO2/TJ；作為 kg CO2e/TJ 使用。原始 CO2=63100.0。 台灣 環境部 氣候變遷署 Scope 3 Category 3/4/5/6/7,液化石油氣 / Liquefied Petroleum Gases 移動燃燒 CO2 排放係數 | tj | 63100.0,0,CCA GHG Factor Table,2024,
煤油 / Kerosene 移動燃燒 CO2 排放係數,71900.0,TJ,TJ,CCA GHG Factor Table,TW,移動燃燒排放源,2024,環境部氣候變遷署,1,煤油 / Kerosene 移動燃燒 CO2 排放係數 TJ 移動燃燒排放源 公告 CO2 係數，單位 kg CO2/TJ；作為 kg CO2e/TJ 使用。原始 CO2=71900.0。 台灣 環境部 氣候變遷署 Scope 3 Category 3/4/5/6/7,煤油 / Kerosene 移動燃燒 CO2 排放係數 | tj | 71900.0,0,CCA GHG Factor Table,2024,
潤滑油 / Lubricants 移動燃燒 CO2 排放係數,73300.0,TJ,TJ,CCA GHG Factor Table,TW,移動燃燒排放源,2024,環境部氣候變遷署,1,潤滑油 / Lubricants 移動燃燒 CO2 排放係數 TJ 移動燃燒排放源 公告 CO2 係數，單位 kg CO2/TJ；作為 kg CO2e/TJ 使用。原始 CO2=73300.0。 台灣 環境部 氣候變遷署 Scope 3 Category 3/4/5/6/7,潤滑油 / Lubricants 移動燃燒 CO2 排放係數 | tj | 73300.0,0,CCA GHG Factor Table,2024,
壓縮天然氣 / Compressed Natural Gas 移動燃燒 CO2 排放係數,56100.0,TJ,TJ,CCA GHG Factor Table,TW,移動燃燒排放源,2024,環境部氣候變遷署,1,壓縮天然氣 / Compressed Natural Gas 移動燃燒 CO2 排放係數 TJ 移動燃燒排放源 公告 CO2 係數，單位 kg CO2/TJ；作為 kg CO2e/TJ 使用。原始 CO2=56100.0。 台灣 環境部 氣候變遷署 Scope 3 Category 3/4/5/6/7,壓縮天然氣 / Compressed Natural Gas 移動燃燒 CO2 排放係數 | tj | 56100.0,0,CCA GHG Factor Table,2024,
液化天然氣 / Liquefied Natural Gas 移動燃燒 CO2 排放係數,56100.0,TJ,TJ,CCA GHG Factor Table,TW,移動燃燒排放源,2024,環境部氣候變遷署,1,液化天然氣 / Liquefied Natural Gas 移動燃燒 CO2 排放係數 TJ 移動燃燒排放源 公告 CO2 係數，單位 kg CO2/TJ；作為 kg CO2e/TJ 使用。原始 CO2=56100.0。 台灣 環境部 氣候變遷署 Scope 3 Category 3/4/5/6/7,液化天然氣 / Liquefied Natural Gas 移動燃燒 CO2 排放係數 | tj | 56100.0,0,CCA GHG Factor Table,2024,
車用汽油-未控制 / Motor Gasoline - Uncontrolled 移動燃燒 CH4/N2O 排放係數,1772.0,TJ,TJ,CCA GHG Factor Table,TW,移動燃燒排放源,2024,環境部氣候變遷署,1,"車用汽油-未控制 / Motor Gasoline - Uncontrolled 移動燃燒 CH4/N2O 排放係數 TJ 移動燃燒排放源 由公告 kg/TJ 係數換算為 kg CO2e/TJ：CH4=33.0, N2O=3.2, GWP 使用 CH4=28, N2O=265。 台灣 環境部 氣候變遷署 Scope 3 Category 3/4/5/6/7",車用汽油-未控制 / Motor Gasoline - Uncontrolled 移動燃燒 CH4/N2O 排放係數 | tj | 1772.0,0,CCA GHG Factor Table,2024,
車用汽油-氧化觸媒 / Motor Gasoline - Oxidation Catalyst 移動燃燒 CH4/N2O 排放係數,2820.0,TJ,TJ,CCA GHG Factor Table,TW,移動燃燒排放源,2024,環境部氣候變遷署,1,"車用汽油-氧化觸媒 / Motor Gasoline - Oxidation Catalyst 移動燃燒 CH4/N2O 排放係數 TJ 移動燃燒排放源 由公告 kg/TJ 係數換算為 kg CO2e/TJ：CH4=25.0, N2O=8.0, GWP 使用 CH4=28, N2O=265。 台灣 環境部 氣候變遷署 Scope 3 Category 3/4/5/6/7",車用汽油-氧化觸媒 / Motor Gasoline - Oxidation Catalyst 移動燃燒 CH4/N2O 排放係數 | tj | 2820.0,0,CCA GHG Factor Table,2024,
車用汽油-1995年後之低里程輕型車輛 / Motor Gasoline - Low Mileage Light Duty Vehicle Vintage 1995 or Later 移動燃燒 CH4/N2O 排放係數,1616.9,TJ,TJ,CCA GHG Factor Table,TW,移動燃燒排放源,2024,環境部氣候變遷署,1,"車用汽油-1995年後之低里程輕型車輛 / Motor Gasoline - Low Mileage Light Duty Vehicle Vintage 1995 or Later 移動燃燒 CH4/N2O 排放係數 TJ 移動燃燒排放源 由公告 kg/TJ 係數換算為 kg CO2e/TJ：CH4=3.8, N2O=5.7, GWP 使用 CH4=28, N2O=265。 台灣 環境部 氣候變遷署 Scope 3 Category 3/4/5/6/7",車用汽油-1995年後之低里程輕型車輛 / Motor Gasoline - Low Mileage Light Duty Vehicle Vintage 1995 or Later 移動燃燒 CH4/N2O 排放係數 | tj | 1616.9,0,CCA GHG Factor Table,2024,
柴油 / Gas / Diesel Oil 移動燃燒 CH4/N2O 排放係數,1142.7,TJ,TJ,CCA GHG Factor Table,TW,移動燃燒排放源,2024,環境部氣候變遷署,1,"柴油 / Gas / Diesel Oil 移動燃燒 CH4/N2O 排放係數 TJ 移動燃燒排放源 由公告 kg/TJ 係數換算為 kg CO2e/TJ：CH4=3.9, N2O=3.9, GWP 使用 CH4=28, N2O=265。 台灣 環境部 氣候變遷署 Scope 3 Category 3/4/5/6/7",柴油 / Gas / Diesel Oil 移動燃燒 CH4/N2O 排放係數 | tj | 1142.7,0,CCA GHG Factor Table,2024,
天然氣 / Natural Gas 移動燃燒 CH4/N2O 排放係數,3371.0,TJ,TJ,CCA GHG Factor Table,TW,移動燃燒排放源,2024,環境部氣候變遷署,1,"天然氣 / Natural Gas 移動燃燒 CH4/N2O 排放係數 TJ 移動燃燒排放源 由公告 kg/TJ 係數換算為 kg CO2e/TJ：CH4=92.0, N2O=3.0, GWP 使用 CH4=28, N2O=265。 台灣 環境部 氣候變遷署 Scope 3 Category 3/4/5/6/7",天然氣 / Natural Gas 移動燃燒 CH4/N2O 排放係數 | tj | 3371.0,0,CCA GHG Factor Table,2024,
液化石油氣 / Liquified petroleum gas 移動燃燒 CH4/N2O 排放係數,1789.0,TJ,TJ,CCA GHG Factor Table,TW,移動燃燒排放源,2024,環境部氣候變遷署,1,"液化石油氣 / Liquified petroleum gas 移動燃燒 CH4/N2O 排放係數 TJ 移動燃燒排放源 由公告 kg/TJ 係數換算為 kg CO2e/TJ：CH4=62.0, N2O=0.2, GWP 使用 CH4=28, N2O=265。 台灣 環境部 氣候變遷署 Scope 3 Category 3/4/5/6/7",液化石油氣 / Liquified petroleum gas 移動燃燒 CH4/N2O 排放係數 | tj | 1789.0,0,CCA GHG Factor Table,2024,
"乙醇, 卡車 / Ethanol, trucks, US 移動燃燒 CH4/N2O 排放係數",18145.0,TJ,TJ,CCA GHG Factor Table,TW,移動燃燒排放源,2024,環境部氣候變遷署,1,"乙醇, 卡車 / Ethanol, trucks, US 移動燃燒 CH4/N2O 排放係數 TJ 移動燃燒排放源 由公告 kg/TJ 係數換算為 kg CO2e/TJ：CH4=260.0, N2O=41.0, GWP 使用 CH4=28, N2O=265。 台灣 環境部 氣候變遷署 Scope 3 Category 3/4/5/6/7","乙醇, 卡車 / Ethanol, trucks, US 移動燃燒 CH4/N2O 排放係數 | tj | 18145.0",0,CCA GHG Factor Table,2024,
"乙醇, 汽車 / Ethanol, cars, Brazil 移動燃燒 CH4/N2O 排放係數",504.0,TJ,TJ,CCA GHG Factor Table,TW,移動燃燒排放源,2024,環境部氣候變遷署,1,"乙醇, 汽車 / Ethanol, cars, Brazil 移動燃燒 CH4/N2O 排放係數 TJ 移動燃燒排放源 由公告 kg/TJ 係數換算為 kg CO2e/TJ：CH4=18.0, N2O=0.0, GWP 使用 CH4=28, N2O=265。 台灣 環境部 氣候變遷署 Scope 3 Category 3/4/5/6/7","乙醇, 汽車 / Ethanol, cars, Brazil 移動燃燒 CH4/N2O 排放係數 | tj | 504.0",0,CCA GHG Factor Table,2024,
CaCO3 / 方解石或霰石(Calcite or aragonite) / 100.0869 CO2（公噸/公噸碳酸鹽）,439.71,t,t,CCA GHG Factor Table,TW,附表二_非金屬礦物製品製造 / （一）常見碳酸鹽物種的分子式、分子量及二氧化碳含量,2024,環境部氣候變遷署,1,CaCO3 / 方解石或霰石(Calcite or aragonite) / 100.0869 CO2（公噸/公噸碳酸鹽） t 附表二_非金屬礦物製品製造 / （一）常見碳酸鹽物種的分子式、分子量及二氧化碳含量 CO2（公噸/公噸碳酸鹽） 台灣 環境部 氣候變遷署 Scope 3 Category 3/4/5/6/7,CaCO3 / 方解石或霰石(Calcite or aragonite) / 100.0869 CO2（公噸/公噸碳酸鹽） | t | 439.71,0,CCA GHG Factor Table,2024,
MgCO3 / 菱鎂礦(Magnesite) / 84.3139 CO2（公噸/公噸碳酸鹽）,521.97,t,t,CCA GHG Factor Table,TW,附表二_非金屬礦物製品製造 / （一）常見碳酸鹽物種的分子式、分子量及二氧化碳含量,2024,環境部氣候變遷署,1,MgCO3 / 菱鎂礦(Magnesite) / 84.3139 CO2（公噸/公噸碳酸鹽） t 附表二_非金屬礦物製品製造 / （一）常見碳酸鹽物種的分子式、分子量及二氧化碳含量 CO2（公噸/公噸碳酸鹽） 台灣 環境部 氣候變遷署 Scope 3 Category 3/4/5/6/7,MgCO3 / 菱鎂礦(Magnesite) / 84.3139 CO2（公噸/公噸碳酸鹽） | t | 521.97,0,CCA GHG Factor Table,2024,
CaMg(CO3)2 / 白雲石(Dolomite) / 184.4008 CO2（公噸/公噸碳酸鹽）,477.3200000000001,t,t,CCA GHG Factor Table,TW,附表二_非金屬礦物製品製造 / （一）常見碳酸鹽物種的分子式、分子量及二氧化碳含量,2024,環境部氣候變遷署,1,CaMg(CO3)2 / 白雲石(Dolomite) / 184.4008 CO2（公噸/公噸碳酸鹽） t 附表二_非金屬礦物製品製造 / （一）常見碳酸鹽物種的分子式、分子量及二氧化碳含量 CO2（公噸/公噸碳酸鹽） 台灣 環境部 氣候變遷署 Scope 3 Category 3/4/5/6/7,CaMg(CO3)2 / 白雲石(Dolomite) / 184.4008 CO2（公噸/公噸碳酸鹽） | t | 477.32,0,CCA GHG Factor Table,2024,
FeCO3 / 菱鐵礦(Siderite) / 115.8539 CO2（公噸/公噸碳酸鹽）,379.87,t,t,CCA GHG Factor Table,TW,附表二_非金屬礦物製品製造 / （一）常見碳酸鹽物種的分子式、分子量及二氧化碳含量,2024,環境部氣候變遷署,1,FeCO3 / 菱鐵礦(Siderite) / 115.8539 CO2（公噸/公噸碳酸鹽） t 附表二_非金屬礦物製品製造 / （一）常見碳酸鹽物種的分子式、分子量及二氧化碳含量 CO2（公噸/公噸碳酸鹽） 台灣 環境部 氣候變遷署 Scope 3 Category 3/4/5/6/7,FeCO3 / 菱鐵礦(Siderite) / 115.8539 CO2（公噸/公噸碳酸鹽） | t | 379.87,0,CCA GHG Factor Table,2024,
"Ca(Fe,Mg,Mn)(CO3)2 / 鐵白雲石(Ankerite) / 185.0225−215.6160 CO2（公噸/公噸碳酸鹽）",-33.74999999999997,t,t,CCA GHG Factor Table,TW,附表二_非金屬礦物製品製造 / （一）常見碳酸鹽物種的分子式、分子量及二氧化碳含量,2024,環境部氣候變遷署,1,"Ca(Fe,Mg,Mn)(CO3)2 / 鐵白雲石(Ankerite) / 185.0225−215.6160 CO2（公噸/公噸碳酸鹽） t 附表二_非金屬礦物製品製造 / （一）常見碳酸鹽物種的分子式、分子量及二氧化碳含量 CO2（公噸/公噸碳酸鹽）；原始範圍值：0.40822−0.47572 台灣 環境部 氣候變遷署 Scope 3 Category 3/4/5/6/7","Ca(Fe,Mg,Mn)(CO3)2 / 鐵白雲石(Ankerite) / 185.0225−215.6160 CO2（公噸/公噸碳酸鹽） | t | -33.75",0,CCA GHG Factor Table,2024,
MnCO3 / 菱錳礦(Rhodochrosite) / 114.947 CO2（公噸/公噸碳酸鹽）,382.86,t,t,CCA GHG Factor Table,TW,附表二_非金屬礦物製品製造 / （一）常見碳酸鹽物種的分子式、分子量及二氧化碳含量,2024,環境部氣候變遷署,1,MnCO3 / 菱錳礦(Rhodochrosite) / 114.947 CO2（公噸/公噸碳酸鹽） t 附表二_非金屬礦物製品製造 / （一）常見碳酸鹽物種的分子式、分子量及二氧化碳含量 CO2（公噸/公噸碳酸鹽） 台灣 環境部 氣候變遷署 Scope 3 Category 3/4/5/6/7,MnCO3 / 菱錳礦(Rhodochrosite) / 114.947 CO2（公噸/公噸碳酸鹽） | t | 382.86,0,CCA GHG Factor Table,2024,
Na2CO3 / 碳酸鈉或純鹼(Sodium carbonate or soda ash) / 106.0685 CO2（公噸/公噸碳酸鹽）,414.92,t,t,CCA GHG Factor Table,TW,附表二_非金屬礦物製品製造 / （一）常見碳酸鹽物種的分子式、分子量及二氧化碳含量,2024,環境部氣候變遷署,1,Na2CO3 / 碳酸鈉或純鹼(Sodium carbonate or soda ash) / 106.0685 CO2（公噸/公噸碳酸鹽） t 附表二_非金屬礦物製品製造 / （一）常見碳酸鹽物種的分子式、分子量及二氧化碳含量 CO2（公噸/公噸碳酸鹽） 台灣 環境部 氣候變遷署 Scope 3 Category 3/4/5/6/7,Na2CO3 / 碳酸鈉或純鹼(Sodium carbonate or soda ash) / 106.0685 CO2（公噸/公噸碳酸鹽） | t | 414.92,0,CCA GHG Factor Table,2024,
熟料（Clinker） CO2（公噸/公噸熟料）,520.0,t,t,CCA GHG Factor Table,TW,附表二_非金屬礦物製品製造 / （二）水泥產品,2024,環境部氣候變遷署,1,熟料（Clinker） CO2（公噸/公噸熟料） t 附表二_非金屬礦物製品製造 / （二）水泥產品 CO2（公噸/公噸熟料）；原始值：0.52註1 台灣 環境部 氣候變遷署 Scope 3 Category 3/4/5/6/7,熟料（Clinker） CO2（公噸/公噸熟料） | t | 520.0,0,CCA GHG Factor Table,2024,
石灰（Lime Produced） CO2（公噸/公噸石灰）,750.0,t,t,CCA GHG Factor Table,TW,附表二_非金屬礦物製品製造 / （三） 石灰產品,2024,環境部氣候變遷署,1,石灰（Lime Produced） CO2（公噸/公噸石灰） t 附表二_非金屬礦物製品製造 / （三） 石灰產品 CO2（公噸/公噸石灰）；原始值：0.75註1 台灣 環境部 氣候變遷署 Scope 3 Category 3/4/5/6/7,石灰（Lime Produced） CO2（公噸/公噸石灰） | t | 750.0,0,CCA GHG Factor Table,2024,
高鈣石灰(High-calcium lime) / 0.785 / 93-98 / 0.3-2.5 / 0.95 CO2（公噸/公噸石灰）,750.0,t,t,CCA GHG Factor Table,TW,附表二_非金屬礦物製品製造 / （三） 石灰產品,2024,環境部氣候變遷署,1,高鈣石灰(High-calcium lime) / 0.785 / 93-98 / 0.3-2.5 / 0.95 CO2（公噸/公噸石灰） t 附表二_非金屬礦物製品製造 / （三） 石灰產品 CO2（公噸/公噸石灰） 台灣 環境部 氣候變遷署 Scope 3 Category 3/4/5/6/7,高鈣石灰(High-calcium lime) / 0.785 / 93-98 / 0.3-2.5 / 0.95 CO2（公噸/公噸石灰） | t | 750.0,0,CCA GHG Factor Table,2024,
白雲石石灰(Dolomitic lime) / 0.913 / 55-57 / 38-41 / 0.95或0.85註2 CO2（公噸/公噸石灰）,860.0,t,t,CCA GHG Factor Table,TW,附表二_非金屬礦物製品製造 / （三） 石灰產品,2024,環境部氣候變遷署,1,白雲石石灰(Dolomitic lime) / 0.913 / 55-57 / 38-41 / 0.95或0.85註2 CO2（公噸/公噸石灰） t 附表二_非金屬礦物製品製造 / （三） 石灰產品 CO2（公噸/公噸石灰）；原始值：0.86或0.77註2 台灣 環境部 氣候變遷署 Scope 3 Category 3/4/5/6/7,白雲石石灰(Dolomitic lime) / 0.913 / 55-57 / 38-41 / 0.95或0.85註2 CO2（公噸/公噸石灰） | t | 860.0,0,CCA GHG Factor Table,2024,
水硬性石灰(Hydraulic lime) / 0.785 / 65-92 / 0.75 CO2（公噸/公噸石灰）,590.0,t,t,CCA GHG Factor Table,TW,附表二_非金屬礦物製品製造 / （三） 石灰產品,2024,環境部氣候變遷署,1,水硬性石灰(Hydraulic lime) / 0.785 / 65-92 / 0.75 CO2（公噸/公噸石灰） t 附表二_非金屬礦物製品製造 / （三） 石灰產品 CO2（公噸/公噸石灰） 台灣 環境部 氣候變遷署 Scope 3 Category 3/4/5/6/7,水硬性石灰(Hydraulic lime) / 0.785 / 65-92 / 0.75 CO2（公噸/公噸石灰） | t | 590.0,0,CCA GHG Factor Table,2024,
玻璃（Glass） CO2（公噸/公噸玻璃）,200.0,t,t,CCA GHG Factor Table,TW,附表二_非金屬礦物製品製造 / （四） 玻璃產品,2024,環境部氣候變遷署,1,玻璃（Glass） CO2（公噸/公噸玻璃） t 附表二_非金屬礦物製品製造 / （四） 玻璃產品 CO2（公噸/公噸玻璃）；原始值：0.20註 台灣 環境部 氣候變遷署 Scope 3 Category 3/4/5/6/7,玻璃（Glass） CO2（公噸/公噸玻璃） | t | 200.0,0,CCA GHG Factor Table,2024,
浮式玻璃(Float) CO2排放係數（公噸/公噸玻璃）,210.0,t,t,CCA GHG Factor Table,TW,附表二_非金屬礦物製品製造 / 依玻璃種類區分其二氧化碳排放係數，排放係數如下。,2024,環境部氣候變遷署,1,浮式玻璃(Float) CO2排放係數（公噸/公噸玻璃） t 附表二_非金屬礦物製品製造 / 依玻璃種類區分其二氧化碳排放係數，排放係數如下。 CO2排放係數（公噸/公噸玻璃） 台灣 環境部 氣候變遷署 Scope 3 Category 3/4/5/6/7,浮式玻璃(Float) CO2排放係數（公噸/公噸玻璃） | t | 210.0,0,CCA GHG Factor Table,2024,
容器 （無色玻璃）(Container (Flint)) CO2排放係數（公噸/公噸玻璃）,210.0,t,t,CCA GHG Factor Table,TW,附表二_非金屬礦物製品製造 / 依玻璃種類區分其二氧化碳排放係數，排放係數如下。,2024,環境部氣候變遷署,1,容器 （無色玻璃）(Container (Flint)) CO2排放係數（公噸/公噸玻璃） t 附表二_非金屬礦物製品製造 / 依玻璃種類區分其二氧化碳排放係數，排放係數如下。 CO2排放係數（公噸/公噸玻璃） 台灣 環境部 氣候變遷署 Scope 3 Category 3/4/5/6/7,容器 （無色玻璃）(Container (Flint)) CO2排放係數（公噸/公噸玻璃） | t | 210.0,0,CCA GHG Factor Table,2024,
容器（琥珀/綠色）(Container (Amber/Green)) CO2排放係數（公噸/公噸玻璃）,210.0,t,t,CCA GHG Factor Table,TW,附表二_非金屬礦物製品製造 / 依玻璃種類區分其二氧化碳排放係數，排放係數如下。,2024,環境部氣候變遷署,1,容器（琥珀/綠色）(Container (Amber/Green)) CO2排放係數（公噸/公噸玻璃） t 附表二_非金屬礦物製品製造 / 依玻璃種類區分其二氧化碳排放係數，排放係數如下。 CO2排放係數（公噸/公噸玻璃） 台灣 環境部 氣候變遷署 Scope 3 Category 3/4/5/6/7,容器（琥珀/綠色）(Container (Amber/Green)) CO2排放係數（公噸/公噸玻璃） | t | 210.0,0,CCA GHG Factor Table,2024,
玻璃纖維（電子級）(Fiberglass (E-glass)) CO2排放係數（公噸/公噸玻璃）,190.0,t,t,CCA GHG Factor Table,TW,附表二_非金屬礦物製品製造 / 依玻璃種類區分其二氧化碳排放係數，排放係數如下。,2024,環境部氣候變遷署,1,玻璃纖維（電子級）(Fiberglass (E-glass)) CO2排放係數（公噸/公噸玻璃） t 附表二_非金屬礦物製品製造 / 依玻璃種類區分其二氧化碳排放係數，排放係數如下。 CO2排放係數（公噸/公噸玻璃） 台灣 環境部 氣候變遷署 Scope 3 Category 3/4/5/6/7,玻璃纖維（電子級）(Fiberglass (E-glass)) CO2排放係數（公噸/公噸玻璃） | t | 190.0,0,CCA GHG Factor Table,2024,
玻璃纖維（絕緣）(Fiberglass (Insulation)) CO2排放係數（公噸/公噸玻璃）,250.0,t,t,CCA GHG Factor Table,TW,附表二_非金屬礦物製品製造 / 依玻璃種類區分其二氧化碳排放係數，排放係數如下。,2024,環境部氣候變遷署,1,玻璃纖維（絕緣）(Fiberglass (Insulation)) CO2排放係數（公噸/公噸玻璃） t 附表二_非金屬礦物製品製造 / 依玻璃種類區分其二氧化碳排放係數，排放係數如下。 CO2排放係數（公噸/公噸玻璃） 台灣 環境部 氣候變遷署 Scope 3 Category 3/4/5/6/7,玻璃纖維（絕緣）(Fiberglass (Insulation)) CO2排放係數（公噸/公噸玻璃） | t | 250.0,0,CCA GHG Factor Table,2024,
特殊（TV面版）(Specialty (TV Panel)) CO2排放係數（公噸/公噸玻璃）,180.0,t,t,CCA GHG Factor Table,TW,附表二_非金屬礦物製品製造 / 依玻璃種類區分其二氧化碳排放係數，排放係數如下。,2024,環境部氣候變遷署,1,特殊（TV面版）(Specialty (TV Panel)) CO2排放係數（公噸/公噸玻璃） t 附表二_非金屬礦物製品製造 / 依玻璃種類區分其二氧化碳排放係數，排放係數如下。 CO2排放係數（公噸/公噸玻璃） 台灣 環境部 氣候變遷署 Scope 3 Category 3/4/5/6/7,特殊（TV面版）(Specialty (TV Panel)) CO2排放係數（公噸/公噸玻璃） | t | 180.0,0,CCA GHG Factor Table,2024,
特殊（TV映像管）(Specialty (TV Funnel)) CO2排放係數（公噸/公噸玻璃）,130.0,t,t,CCA GHG Factor Table,TW,附表二_非金屬礦物製品製造 / 依玻璃種類區分其二氧化碳排放係數，排放係數如下。,2024,環境部氣候變遷署,1,特殊（TV映像管）(Specialty (TV Funnel)) CO2排放係數（公噸/公噸玻璃） t 附表二_非金屬礦物製品製造 / 依玻璃種類區分其二氧化碳排放係數，排放係數如下。 CO2排放係數（公噸/公噸玻璃） 台灣 環境部 氣候變遷署 Scope 3 Category 3/4/5/6/7,特殊（TV映像管）(Specialty (TV Funnel)) CO2排放係數（公噸/公噸玻璃） | t | 130.0,0,CCA GHG Factor Table,2024,
特殊（餐具）(Specialty (Tableware)) CO2排放係數（公噸/公噸玻璃）,100.0,t,t,CCA GHG Factor Table,TW,附表二_非金屬礦物製品製造 / 依玻璃種類區分其二氧化碳排放係數，排放係數如下。,2024,環境部氣候變遷署,1,特殊（餐具）(Specialty (Tableware)) CO2排放係數（公噸/公噸玻璃） t 附表二_非金屬礦物製品製造 / 依玻璃種類區分其二氧化碳排放係數，排放係數如下。 CO2排放係數（公噸/公噸玻璃） 台灣 環境部 氣候變遷署 Scope 3 Category 3/4/5/6/7,特殊（餐具）(Specialty (Tableware)) CO2排放係數（公噸/公噸玻璃） | t | 100.0,0,CCA GHG Factor Table,2024,
特殊（實驗室/醫藥）(Specialty (Lab/Pharma)) CO2排放係數（公噸/公噸玻璃）,30.0,t,t,CCA GHG Factor Table,TW,附表二_非金屬礦物製品製造 / 依玻璃種類區分其二氧化碳排放係數，排放係數如下。,2024,環境部氣候變遷署,1,特殊（實驗室/醫藥）(Specialty (Lab/Pharma)) CO2排放係數（公噸/公噸玻璃） t 附表二_非金屬礦物製品製造 / 依玻璃種類區分其二氧化碳排放係數，排放係數如下。 CO2排放係數（公噸/公噸玻璃） 台灣 環境部 氣候變遷署 Scope 3 Category 3/4/5/6/7,特殊（實驗室/醫藥）(Specialty (Lab/Pharma)) CO2排放係數（公噸/公噸玻璃） | t | 30.0,0,CCA GHG Factor Table,2024,
特殊（照明）(Specialty (Lighting)) CO2排放係數（公噸/公噸玻璃）,200.0,t,t,CCA GHG Factor Table,TW,附表二_非金屬礦物製品製造 / 依玻璃種類區分其二氧化碳排放係數，排放係數如下。,2024,環境部氣候變遷署,1,特殊（照明）(Specialty (Lighting)) CO2排放係數（公噸/公噸玻璃） t 附表二_非金屬礦物製品製造 / 依玻璃種類區分其二氧化碳排放係數，排放係數如下。 CO2排放係數（公噸/公噸玻璃） 台灣 環境部 氣候變遷署 Scope 3 Category 3/4/5/6/7,特殊（照明）(Specialty (Lighting)) CO2排放係數（公噸/公噸玻璃） | t | 200.0,0,CCA GHG Factor Table,2024,
常規重組-天然氣(Conventional reforming – natural gas) / 30.2 / 15.3 / 1 CO2（公噸/公噸氨氣）,1694.0,t,t,CCA GHG Factor Table,TW,附表二_化學製品製造 / 現代工廠-歐洲（Modern plants – Europe）,2024,環境部氣候變遷署,1,常規重組-天然氣(Conventional reforming – natural gas) / 30.2 / 15.3 / 1 CO2（公噸/公噸氨氣） t 附表二_化學製品製造 / 現代工廠-歐洲（Modern plants – Europe） CO2（公噸/公噸氨氣） 台灣 環境部 氣候變遷署 Scope 3 Category 3/4/5/6/7,常規重組-天然氣(Conventional reforming – natural gas) / 30.2 / 15.3 / 1 CO2（公噸/公噸氨氣） | t | 1694.0,0,CCA GHG Factor Table,2024,
過量空氣重組-天然氣(Excess air reforming – natural gas) / 29.7 / 15.3 / 1 CO2（公噸/公噸氨氣）,1666.0,t,t,CCA GHG Factor Table,TW,附表二_化學製品製造 / 現代工廠-歐洲（Modern plants – Europe）,2024,環境部氣候變遷署,1,過量空氣重組-天然氣(Excess air reforming – natural gas) / 29.7 / 15.3 / 1 CO2（公噸/公噸氨氣） t 附表二_化學製品製造 / 現代工廠-歐洲（Modern plants – Europe） CO2（公噸/公噸氨氣） 台灣 環境部 氣候變遷署 Scope 3 Category 3/4/5/6/7,過量空氣重組-天然氣(Excess air reforming – natural gas) / 29.7 / 15.3 / 1 CO2（公噸/公噸氨氣） | t | 1666.0,0,CCA GHG Factor Table,2024,
自發性熱重組-天然氣(Autothermal reforming – natural gas) / 30.2 / 15.3 / 1 CO2（公噸/公噸氨氣）,1694.0,t,t,CCA GHG Factor Table,TW,附表二_化學製品製造 / 現代工廠-歐洲（Modern plants – Europe）,2024,環境部氣候變遷署,1,自發性熱重組-天然氣(Autothermal reforming – natural gas) / 30.2 / 15.3 / 1 CO2（公噸/公噸氨氣） t 附表二_化學製品製造 / 現代工廠-歐洲（Modern plants – Europe） CO2（公噸/公噸氨氣） 台灣 環境部 氣候變遷署 Scope 3 Category 3/4/5/6/7,自發性熱重組-天然氣(Autothermal reforming – natural gas) / 30.2 / 15.3 / 1 CO2（公噸/公噸氨氣） | t | 1694.0,0,CCA GHG Factor Table,2024,
部分氧化(Partial oxidation) / 36 / 21 / 1 CO2（公噸/公噸氨氣）,2772.0,t,t,CCA GHG Factor Table,TW,附表二_化學製品製造 / 現代工廠-歐洲（Modern plants – Europe）,2024,環境部氣候變遷署,1,部分氧化(Partial oxidation) / 36 / 21 / 1 CO2（公噸/公噸氨氣） t 附表二_化學製品製造 / 現代工廠-歐洲（Modern plants – Europe） CO2（公噸/公噸氨氣） 台灣 環境部 氣候變遷署 Scope 3 Category 3/4/5/6/7,部分氧化(Partial oxidation) / 36 / 21 / 1 CO2（公噸/公噸氨氣） | t | 2772.0,0,CCA GHG Factor Table,2024,
平均值-天然氣(Average value – natural gas) / 37.5 / 15.3 / 1 CO2（公噸/公噸氨氣）,2104.0,t,t,CCA GHG Factor Table,TW,附表二_化學製品製造 / 從特定能源消耗量（現代和傳統工廠混合）的歐洲平均值得出Derived from European average values for specific energy consumption (Mix of modern and older plants),2024,環境部氣候變遷署,1,平均值-天然氣(Average value – natural gas) / 37.5 / 15.3 / 1 CO2（公噸/公噸氨氣） t 附表二_化學製品製造 / 從特定能源消耗量（現代和傳統工廠混合）的歐洲平均值得出Derived from European average values for specific energy consumption (Mix of modern and older plants) CO2（公噸/公噸氨氣） 台灣 環境部 氣候變遷署 Scope 3 Category 3/4/5/6/7,平均值-天然氣(Average value – natural gas) / 37.5 / 15.3 / 1 CO2（公噸/公噸氨氣） | t | 2104.0,0,CCA GHG Factor Table,2024,
平均值-部分氧化(Average value – partial oxidation) / 42.5 / 21 / 1 CO2（公噸/公噸氨氣）,3273.0,t,t,CCA GHG Factor Table,TW,附表二_化學製品製造 / 從特定能源消耗量（現代和傳統工廠混合）的歐洲平均值得出Derived from European average values for specific energy consumption (Mix of modern and older plants),2024,環境部氣候變遷署,1,平均值-部分氧化(Average value – partial oxidation) / 42.5 / 21 / 1 CO2（公噸/公噸氨氣） t 附表二_化學製品製造 / 從特定能源消耗量（現代和傳統工廠混合）的歐洲平均值得出Derived from European average values for specific energy consumption (Mix of modern and older plants) CO2（公噸/公噸氨氣） 台灣 環境部 氣候變遷署 Scope 3 Category 3/4/5/6/7,平均值-部分氧化(Average value – partial oxidation) / 42.5 / 21 / 1 CO2（公噸/公噸氨氣） | t | 3273.0,0,CCA GHG Factor Table,2024,
1975前的工廠（所有製程）Old (pre-1975) plants (all processes) N2O排放係數（公斤/公噸硝酸）,-4.5,t,t,CCA GHG Factor Table,TW,附表二_化學製品製造 / 依不同加壓方式及程度其排放係數如下。,2024,環境部氣候變遷署,1,1975前的工廠（所有製程）Old (pre-1975) plants (all processes) N2O排放係數（公斤/公噸硝酸） t 附表二_化學製品製造 / 依不同加壓方式及程度其排放係數如下。 N2O排放係數（公斤/公噸硝酸）；原始範圍值：10-19 台灣 環境部 氣候變遷署 Scope 3 Category 3/4/5/6/7,1975前的工廠（所有製程）Old (pre-1975) plants (all processes) N2O排放係數（公斤/公噸硝酸） | t | -4.5,0,CCA GHG Factor Table,2024,
單壓工廠- 低壓Single low pressure plants N2O排放係數（公斤/公噸硝酸）,5.0,t,t,CCA GHG Factor Table,TW,附表二_化學製品製造 / 依不同加壓方式及程度其排放係數如下。,2024,環境部氣候變遷署,1,單壓工廠- 低壓Single low pressure plants N2O排放係數（公斤/公噸硝酸） t 附表二_化學製品製造 / 依不同加壓方式及程度其排放係數如下。 N2O排放係數（公斤/公噸硝酸）；原始值：5 台灣 環境部 氣候變遷署 Scope 3 Category 3/4/5/6/7,單壓工廠- 低壓Single low pressure plants N2O排放係數（公斤/公噸硝酸） | t | 5.0,0,CCA GHG Factor Table,2024,
單壓工廠- 中壓Single medium pressure plants N2O排放係數（公斤/公噸硝酸）,8.0,t,t,CCA GHG Factor Table,TW,附表二_化學製品製造 / 依不同加壓方式及程度其排放係數如下。,2024,環境部氣候變遷署,1,單壓工廠- 中壓Single medium pressure plants N2O排放係數（公斤/公噸硝酸） t 附表二_化學製品製造 / 依不同加壓方式及程度其排放係數如下。 N2O排放係數（公斤/公噸硝酸）；原始值：8 台灣 環境部 氣候變遷署 Scope 3 Category 3/4/5/6/7,單壓工廠- 中壓Single medium pressure plants N2O排放係數（公斤/公噸硝酸） | t | 8.0,0,CCA GHG Factor Table,2024,
單壓工廠- 高壓Single high pressure plants N2O排放係數（公斤/公噸硝酸）,9.0,t,t,CCA GHG Factor Table,TW,附表二_化學製品製造 / 依不同加壓方式及程度其排放係數如下。,2024,環境部氣候變遷署,1,單壓工廠- 高壓Single high pressure plants N2O排放係數（公斤/公噸硝酸） t 附表二_化學製品製造 / 依不同加壓方式及程度其排放係數如下。 N2O排放係數（公斤/公噸硝酸）；原始值：9 台灣 環境部 氣候變遷署 Scope 3 Category 3/4/5/6/7,單壓工廠- 高壓Single high pressure plants N2O排放係數（公斤/公噸硝酸） | t | 9.0,0,CCA GHG Factor Table,2024,
具有減排技術的單壓工廠Single pressure plants with abatement technology N2O排放係數（公斤/公噸硝酸）,2.5,t,t,CCA GHG Factor Table,TW,附表二_化學製品製造 / 依不同加壓方式及程度其排放係數如下。,2024,環境部氣候變遷署,1,具有減排技術的單壓工廠Single pressure plants with abatement technology N2O排放係數（公斤/公噸硝酸） t 附表二_化學製品製造 / 依不同加壓方式及程度其排放係數如下。 N2O排放係數（公斤/公噸硝酸） 台灣 環境部 氣候變遷署 Scope 3 Category 3/4/5/6/7,具有減排技術的單壓工廠Single pressure plants with abatement technology N2O排放係數（公斤/公噸硝酸） | t | 2.5,0,CCA GHG Factor Table,2024,
雙壓工廠- 中高壓Dual Pressure (M/H) N2O排放係數（公斤/公噸硝酸）,9.0,t,t,CCA GHG Factor Table,TW,附表二_化學製品製造 / 依不同加壓方式及程度其排放係數如下。,2024,環境部氣候變遷署,1,雙壓工廠- 中高壓Dual Pressure (M/H) N2O排放係數（公斤/公噸硝酸） t 附表二_化學製品製造 / 依不同加壓方式及程度其排放係數如下。 N2O排放係數（公斤/公噸硝酸）；原始值：9 台灣 環境部 氣候變遷署 Scope 3 Category 3/4/5/6/7,雙壓工廠- 中高壓Dual Pressure (M/H) N2O排放係數（公斤/公噸硝酸） | t | 9.0,0,CCA GHG Factor Table,2024,
具有減排技術的雙壓工廠- 中高壓Dual Pressure (M/H) with abatement technology N2O排放係數（公斤/公噸硝酸）,2.5,t,t,CCA GHG Factor Table,TW,附表二_化學製品製造 / 依不同加壓方式及程度其排放係數如下。,2024,環境部氣候變遷署,1,具有減排技術的雙壓工廠- 中高壓Dual Pressure (M/H) with abatement technology N2O排放係數（公斤/公噸硝酸） t 附表二_化學製品製造 / 依不同加壓方式及程度其排放係數如下。 N2O排放係數（公斤/公噸硝酸） 台灣 環境部 氣候變遷署 Scope 3 Category 3/4/5/6/7,具有減排技術的雙壓工廠- 中高壓Dual Pressure (M/H) with abatement technology N2O排放係數（公斤/公噸硝酸） | t | 2.5,0,CCA GHG Factor Table,2024,
雙壓工廠- 中低壓Dual Pressure (L/M) N2O排放係數（公斤/公噸硝酸）,7.0,t,t,CCA GHG Factor Table,TW,附表二_化學製品製造 / 依不同加壓方式及程度其排放係數如下。,2024,環境部氣候變遷署,1,雙壓工廠- 中低壓Dual Pressure (L/M) N2O排放係數（公斤/公噸硝酸） t 附表二_化學製品製造 / 依不同加壓方式及程度其排放係數如下。 N2O排放係數（公斤/公噸硝酸）；原始值：7 台灣 環境部 氣候變遷署 Scope 3 Category 3/4/5/6/7,雙壓工廠- 中低壓Dual Pressure (L/M) N2O排放係數（公斤/公噸硝酸） | t | 7.0,0,CCA GHG Factor Table,2024,
具有減排技術的雙壓工廠- 中低壓Dual Pressure (L/M) with abatement technology N2O排放係數（公斤/公噸硝酸）,1.5,t,t,CCA GHG Factor Table,TW,附表二_化學製品製造 / 依不同加壓方式及程度其排放係數如下。,2024,環境部氣候變遷署,1,具有減排技術的雙壓工廠- 中低壓Dual Pressure (L/M) with abatement technology N2O排放係數（公斤/公噸硝酸） t 附表二_化學製品製造 / 依不同加壓方式及程度其排放係數如下。 N2O排放係數（公斤/公噸硝酸） 台灣 環境部 氣候變遷署 Scope 3 Category 3/4/5/6/7,具有減排技術的雙壓工廠- 中低壓Dual Pressure (L/M) with abatement technology N2O排放係數（公斤/公噸硝酸） | t | 1.5,0,CCA GHG Factor Table,2024,
乙二醛(Glyoxal) N2O排放係數（公噸/公噸乙二醛或乙醛酸）,520.0,t,t,CCA GHG Factor Table,TW,附表二_化學製品製造 / （四）己內醯胺、乙二醛、乙醛酸生產,2024,環境部氣候變遷署,1,乙二醛(Glyoxal) N2O排放係數（公噸/公噸乙二醛或乙醛酸） t 附表二_化學製品製造 / （四）己內醯胺、乙二醛、乙醛酸生產 N2O排放係數（公噸/公噸乙二醛或乙醛酸） 台灣 環境部 氣候變遷署 Scope 3 Category 3/4/5/6/7,乙二醛(Glyoxal) N2O排放係數（公噸/公噸乙二醛或乙醛酸） | t | 520.0,0,CCA GHG Factor Table,2024,
乙醛酸(Glyoxylic acid) N2O排放係數（公噸/公噸乙二醛或乙醛酸）,100.0,t,t,CCA GHG Factor Table,TW,附表二_化學製品製造 / （四）己內醯胺、乙二醛、乙醛酸生產,2024,環境部氣候變遷署,1,乙醛酸(Glyoxylic acid) N2O排放係數（公噸/公噸乙二醛或乙醛酸） t 附表二_化學製品製造 / （四）己內醯胺、乙二醛、乙醛酸生產 N2O排放係數（公噸/公噸乙二醛或乙醛酸） 台灣 環境部 氣候變遷署 Scope 3 Category 3/4/5/6/7,乙醛酸(Glyoxylic acid) N2O排放係數（公噸/公噸乙二醛或乙醛酸） | t | 100.0,0,CCA GHG Factor Table,2024,
碳化矽(Silicon carbide Production) CO2排放係數（公噸/公噸石油焦）,2300.0,t,t,CCA GHG Factor Table,TW,附表二_化學製品製造 / （五）電石生產,2024,環境部氣候變遷署,1,碳化矽(Silicon carbide Production) CO2排放係數（公噸/公噸石油焦） t 附表二_化學製品製造 / （五）電石生產 CO2排放係數（公噸/公噸石油焦） 台灣 環境部 氣候變遷署 Scope 3 Category 3/4/5/6/7,碳化矽(Silicon carbide Production) CO2排放係數（公噸/公噸石油焦） | t | 2300.0,0,CCA GHG Factor Table,2024,
碳化矽(Silicon carbide Production) / 2.3 CH4排放係數（公斤/公噸石油焦）,10.2,t,t,CCA GHG Factor Table,TW,附表二_化學製品製造 / （五）電石生產,2024,環境部氣候變遷署,1,碳化矽(Silicon carbide Production) / 2.3 CH4排放係數（公斤/公噸石油焦） t 附表二_化學製品製造 / （五）電石生產 CH4排放係數（公斤/公噸石油焦） 台灣 環境部 氣候變遷署 Scope 3 Category 3/4/5/6/7,碳化矽(Silicon carbide Production) / 2.3 CH4排放係數（公斤/公噸石油焦） | t | 10.2,0,CCA GHG Factor Table,2024,
碳化矽(Silicon carbide Production) / 2.3 / 10.2 CO2排放係數（公噸/公噸電石）,2620.0,t,t,CCA GHG Factor Table,TW,附表二_化學製品製造 / （五）電石生產,2024,環境部氣候變遷署,1,碳化矽(Silicon carbide Production) / 2.3 / 10.2 CO2排放係數（公噸/公噸電石） t 附表二_化學製品製造 / （五）電石生產 CO2排放係數（公噸/公噸電石） 台灣 環境部 氣候變遷署 Scope 3 Category 3/4/5/6/7,碳化矽(Silicon carbide Production) / 2.3 / 10.2 CO2排放係數（公噸/公噸電石） | t | 2620.0,0,CCA GHG Factor Table,2024,
碳化矽(Silicon carbide Production) / 2.3 / 10.2 / 2.62 CH4排放係數（公斤/公噸電石）,11.6,t,t,CCA GHG Factor Table,TW,附表二_化學製品製造 / （五）電石生產,2024,環境部氣候變遷署,1,碳化矽(Silicon carbide Production) / 2.3 / 10.2 / 2.62 CH4排放係數（公斤/公噸電石） t 附表二_化學製品製造 / （五）電石生產 CH4排放係數（公斤/公噸電石） 台灣 環境部 氣候變遷署 Scope 3 Category 3/4/5/6/7,碳化矽(Silicon carbide Production) / 2.3 / 10.2 / 2.62 CH4排放係數（公斤/公噸電石） | t | 11.6,0,CCA GHG Factor Table,2024,
原（物）料-石油焦(Petroleum coke use) CO2排放係數（公噸/公噸石油焦）,1700.0,t,t,CCA GHG Factor Table,TW,附表二_化學製品製造 / （五）電石生產,2024,環境部氣候變遷署,1,原（物）料-石油焦(Petroleum coke use) CO2排放係數（公噸/公噸石油焦） t 附表二_化學製品製造 / （五）電石生產 CO2排放係數（公噸/公噸石油焦） 台灣 環境部 氣候變遷署 Scope 3 Category 3/4/5/6/7,原（物）料-石油焦(Petroleum coke use) CO2排放係數（公噸/公噸石油焦） | t | 1700.0,0,CCA GHG Factor Table,2024,
原（物）料-石油焦(Petroleum coke use) / 1.7 CH4排放係數（公噸/公噸石油焦）,1090.0,t,t,CCA GHG Factor Table,TW,附表二_化學製品製造 / （五）電石生產,2024,環境部氣候變遷署,1,原（物）料-石油焦(Petroleum coke use) / 1.7 CH4排放係數（公噸/公噸石油焦） t 附表二_化學製品製造 / （五）電石生產 CH4排放係數（公噸/公噸石油焦） 台灣 環境部 氣候變遷署 Scope 3 Category 3/4/5/6/7,原（物）料-石油焦(Petroleum coke use) / 1.7 CH4排放係數（公噸/公噸石油焦） | t | 1090.0,0,CCA GHG Factor Table,2024,
產品-碳化鈣(Use of product) / 無 CH4排放係數（公噸/公噸石油焦）,1100.0,t,t,CCA GHG Factor Table,TW,附表二_化學製品製造 / （五）電石生產,2024,環境部氣候變遷署,1,產品-碳化鈣(Use of product) / 無 CH4排放係數（公噸/公噸石油焦） t 附表二_化學製品製造 / （五）電石生產 CH4排放係數（公噸/公噸石油焦） 台灣 環境部 氣候變遷署 Scope 3 Category 3/4/5/6/7,產品-碳化鈣(Use of product) / 無 CH4排放係數（公噸/公噸石油焦） | t | 1100.0,0,CCA GHG Factor Table,2024,
合成金紅石(>90 % 二氧化鈦)(Synthetic rutile) CO2排放係數（公噸/公噸產品）,1430.0,t,t,CCA GHG Factor Table,TW,附表二_化學製品製造 / （六）二氧化鈦生產,2024,環境部氣候變遷署,1,合成金紅石(>90 % 二氧化鈦)(Synthetic rutile) CO2排放係數（公噸/公噸產品） t 附表二_化學製品製造 / （六）二氧化鈦生產 CO2排放係數（公噸/公噸產品） 台灣 環境部 氣候變遷署 Scope 3 Category 3/4/5/6/7,合成金紅石(>90 % 二氧化鈦)(Synthetic rutile) CO2排放係數（公噸/公噸產品） | t | 1430.0,0,CCA GHG Factor Table,2024,
金紅石二氧化鈦(Rutile titanium dioxide (chloride route)) CO2排放係數（公噸/公噸產品）,1340.0,t,t,CCA GHG Factor Table,TW,附表二_化學製品製造 / （六）二氧化鈦生產,2024,環境部氣候變遷署,1,金紅石二氧化鈦(Rutile titanium dioxide (chloride route)) CO2排放係數（公噸/公噸產品） t 附表二_化學製品製造 / （六）二氧化鈦生產 CO2排放係數（公噸/公噸產品） 台灣 環境部 氣候變遷署 Scope 3 Category 3/4/5/6/7,金紅石二氧化鈦(Rutile titanium dioxide (chloride route)) CO2排放係數（公噸/公噸產品） | t | 1340.0,0,CCA GHG Factor Table,2024,
天然礦物製造(Natural soda ash production) CO2排放係數（公噸/公噸天然鹼礦（Trona））,97.0,t,t,CCA GHG Factor Table,TW,附表二_化學製品製造 / （七）碳酸鈉 （純鹼/蘇打）生產,2024,環境部氣候變遷署,1,天然礦物製造(Natural soda ash production) CO2排放係數（公噸/公噸天然鹼礦（Trona）） t 附表二_化學製品製造 / （七）碳酸鈉 （純鹼/蘇打）生產 CO2排放係數（公噸/公噸天然鹼礦（Trona）） 台灣 環境部 氣候變遷署 Scope 3 Category 3/4/5/6/7,天然礦物製造(Natural soda ash production) CO2排放係數（公噸/公噸天然鹼礦（Trona）） | t | 97.0,0,CCA GHG Factor Table,2024,
天然礦物製造(Natural soda ash production) / 0.097 CO2排放係數（公噸/公噸碳酸鈉（soda ash））,138.0,t,t,CCA GHG Factor Table,TW,附表二_化學製品製造 / （七）碳酸鈉 （純鹼/蘇打）生產,2024,環境部氣候變遷署,1,天然礦物製造(Natural soda ash production) / 0.097 CO2排放係數（公噸/公噸碳酸鈉（soda ash）） t 附表二_化學製品製造 / （七）碳酸鈉 （純鹼/蘇打）生產 CO2排放係數（公噸/公噸碳酸鈉（soda ash）） 台灣 環境部 氣候變遷署 Scope 3 Category 3/4/5/6/7,天然礦物製造(Natural soda ash production) / 0.097 CO2排放係數（公噸/公噸碳酸鈉（soda ash）） | t | 138.0,0,CCA GHG Factor Table,2024,
"慣用蒸汽重組（不含初級重組）（預設過程及以天然氣為原料）(Conventional Steam Reforming, without primary reformer)(Default Process and Natural Gas Default Feedstock) CO2排放係數（公噸/公噸甲醇）",670.0,t,t,CCA GHG Factor Table,TW,附表二_化學製品製造 / （八） 石化和碳黑生產,2024,環境部氣候變遷署,1,"慣用蒸汽重組（不含初級重組）（預設過程及以天然氣為原料）(Conventional Steam Reforming, without primary reformer)(Default Process and Natural Gas Default Feedstock) CO2排放係數（公噸/公噸甲醇） t 附表二_化學製品製造 / （八） 石化和碳黑生產 CO2排放係數（公噸/公噸甲醇） 台灣 環境部 氣候變遷署 Scope 3 Category 3/4/5/6/7","慣用蒸汽重組（不含初級重組）（預設過程及以天然氣為原料）(Conventional Steam Reforming, without primary reformer)(Default Process and Natural Gas Default Feedstock) CO2排放係數（公噸/公噸甲醇） | t | 670.0",0,CCA GHG Factor Table,2024,
"慣用蒸汽重組（含初級重組）(Conventional Steam Reforming, with primary reformer) CO2排放係數（公噸/公噸甲醇）",497.0,t,t,CCA GHG Factor Table,TW,附表二_化學製品製造 / （八） 石化和碳黑生產,2024,環境部氣候變遷署,1,"慣用蒸汽重組（含初級重組）(Conventional Steam Reforming, with primary reformer) CO2排放係數（公噸/公噸甲醇） t 附表二_化學製品製造 / （八） 石化和碳黑生產 CO2排放係數（公噸/公噸甲醇） 台灣 環境部 氣候變遷署 Scope 3 Category 3/4/5/6/7","慣用蒸汽重組（含初級重組）(Conventional Steam Reforming, with primary reformer) CO2排放係數（公噸/公噸甲醇） | t | 497.0",0,CCA GHG Factor Table,2024,
"慣用蒸汽重組（Lurgi慣用製程）(Conventional Steam Reforming, Lurgi Conventional process) CO2排放係數（公噸/公噸甲醇）",385.0,t,t,CCA GHG Factor Table,TW,附表二_化學製品製造 / （八） 石化和碳黑生產,2024,環境部氣候變遷署,1,"慣用蒸汽重組（Lurgi慣用製程）(Conventional Steam Reforming, Lurgi Conventional process) CO2排放係數（公噸/公噸甲醇） t 附表二_化學製品製造 / （八） 石化和碳黑生產 CO2排放係數（公噸/公噸甲醇） 台灣 環境部 氣候變遷署 Scope 3 Category 3/4/5/6/7","慣用蒸汽重組（Lurgi慣用製程）(Conventional Steam Reforming, Lurgi Conventional process) CO2排放係數（公噸/公噸甲醇） | t | 385.0",0,CCA GHG Factor Table,2024,
"慣用蒸汽重組（Lurgi低壓製程）(Conventional Steam Reforming, Lurgi Low Pressure Process) CO2排放係數（公噸/公噸甲醇）",267.0,t,t,CCA GHG Factor Table,TW,附表二_化學製品製造 / （八） 石化和碳黑生產,2024,環境部氣候變遷署,1,"慣用蒸汽重組（Lurgi低壓製程）(Conventional Steam Reforming, Lurgi Low Pressure Process) CO2排放係數（公噸/公噸甲醇） t 附表二_化學製品製造 / （八） 石化和碳黑生產 CO2排放係數（公噸/公噸甲醇） 台灣 環境部 氣候變遷署 Scope 3 Category 3/4/5/6/7","慣用蒸汽重組（Lurgi低壓製程）(Conventional Steam Reforming, Lurgi Low Pressure Process) CO2排放係數（公噸/公噸甲醇） | t | 267.0",0,CCA GHG Factor Table,2024,
"組合蒸汽重組（Lurgi組合製程）(Combined Steam Reforming, Lurgi Combined Process) CO2排放係數（公噸/公噸甲醇）",396.0,t,t,CCA GHG Factor Table,TW,附表二_化學製品製造 / （八） 石化和碳黑生產,2024,環境部氣候變遷署,1,"組合蒸汽重組（Lurgi組合製程）(Combined Steam Reforming, Lurgi Combined Process) CO2排放係數（公噸/公噸甲醇） t 附表二_化學製品製造 / （八） 石化和碳黑生產 CO2排放係數（公噸/公噸甲醇） 台灣 環境部 氣候變遷署 Scope 3 Category 3/4/5/6/7","組合蒸汽重組（Lurgi組合製程）(Combined Steam Reforming, Lurgi Combined Process) CO2排放係數（公噸/公噸甲醇） | t | 396.0",0,CCA GHG Factor Table,2024,
"慣用蒸汽重組（Lurgi Mega甲醇製程）(Conventional Steam Reforming, Lurgi Mega Methanol Process) CO2排放係數（公噸/公噸甲醇）",310.0,t,t,CCA GHG Factor Table,TW,附表二_化學製品製造 / （八） 石化和碳黑生產,2024,環境部氣候變遷署,1,"慣用蒸汽重組（Lurgi Mega甲醇製程）(Conventional Steam Reforming, Lurgi Mega Methanol Process) CO2排放係數（公噸/公噸甲醇） t 附表二_化學製品製造 / （八） 石化和碳黑生產 CO2排放係數（公噸/公噸甲醇） 台灣 環境部 氣候變遷署 Scope 3 Category 3/4/5/6/7","慣用蒸汽重組（Lurgi Mega甲醇製程）(Conventional Steam Reforming, Lurgi Mega Methanol Process) CO2排放係數（公噸/公噸甲醇） | t | 310.0",0,CCA GHG Factor Table,2024,
慣用蒸汽重組（整合氨氣生產）(Conventional Steam Reforming with integrated ammonia production) CO2排放係數（公噸/公噸甲醇）,1020.0,t,t,CCA GHG Factor Table,TW,附表二_化學製品製造 / （八） 石化和碳黑生產,2024,環境部氣候變遷署,1,慣用蒸汽重組（整合氨氣生產）(Conventional Steam Reforming with integrated ammonia production) CO2排放係數（公噸/公噸甲醇） t 附表二_化學製品製造 / （八） 石化和碳黑生產 CO2排放係數（公噸/公噸甲醇） 台灣 環境部 氣候變遷署 Scope 3 Category 3/4/5/6/7,慣用蒸汽重組（整合氨氣生產）(Conventional Steam Reforming with integrated ammonia production) CO2排放係數（公噸/公噸甲醇） | t | 1020.0,0,CCA GHG Factor Table,2024,
-燃燒(Combustion Emissions) CO2排放係數,191.0,t,t,CCA GHG Factor Table,TW,附表二_化學製品製造 / 直接氯化過程（Direct Chlorination Process）,2024,環境部氣候變遷署,1,-燃燒(Combustion Emissions) CO2排放係數 t 附表二_化學製品製造 / 直接氯化過程（Direct Chlorination Process） CO2排放係數 台灣 環境部 氣候變遷署 Scope 3 Category 3/4/5/6/7,-燃燒(Combustion Emissions) CO2排放係數 | t | 191.0,0,CCA GHG Factor Table,2024,
-燃燒(Combustion Emissions) / 0.191 CO2排放係數,286.0,t,t,CCA GHG Factor Table,TW,附表二_化學製品製造 / 直接氯化過程（Direct Chlorination Process）,2024,環境部氣候變遷署,1,-燃燒(Combustion Emissions) / 0.191 CO2排放係數 t 附表二_化學製品製造 / 直接氯化過程（Direct Chlorination Process） CO2排放係數 台灣 環境部 氣候變遷署 Scope 3 Category 3/4/5/6/7,-燃燒(Combustion Emissions) / 0.191 CO2排放係數 | t | 286.0,0,CCA GHG Factor Table,2024,
空氣程序(Air Process) / 0.7 CO2排放係數,863.0,t,t,CCA GHG Factor Table,TW,附表二_化學製品製造 / （公噸/公噸環氧乙烷）,2024,環境部氣候變遷署,1,空氣程序(Air Process) / 0.7 CO2排放係數 t 附表二_化學製品製造 / （公噸/公噸環氧乙烷） CO2排放係數 台灣 環境部 氣候變遷署 Scope 3 Category 3/4/5/6/7,空氣程序(Air Process) / 0.7 CO2排放係數 | t | 863.0,0,CCA GHG Factor Table,2024,
0.75 CO2排放係數,663.0,t,t,CCA GHG Factor Table,TW,附表二_化學製品製造 / （公噸/公噸環氧乙烷）,2024,環境部氣候變遷署,1,0.75 CO2排放係數 t 附表二_化學製品製造 / （公噸/公噸環氧乙烷） CO2排放係數 台灣 環境部 氣候變遷署 Scope 3 Category 3/4/5/6/7,0.75 CO2排放係數 | t | 663.0,0,CCA GHG Factor Table,2024,
0.8 CO2排放係數,500.0,t,t,CCA GHG Factor Table,TW,附表二_化學製品製造 / （公噸/公噸環氧乙烷）,2024,環境部氣候變遷署,1,0.8 CO2排放係數 t 附表二_化學製品製造 / （公噸/公噸環氧乙烷） CO2排放係數 台灣 環境部 氣候變遷署 Scope 3 Category 3/4/5/6/7,0.8 CO2排放係數 | t | 500.0,0,CCA GHG Factor Table,2024,
氧化程序(Oxygen Process) / 0.75 CO2排放係數,663.0,t,t,CCA GHG Factor Table,TW,附表二_化學製品製造 / （公噸/公噸環氧乙烷）,2024,環境部氣候變遷署,1,氧化程序(Oxygen Process) / 0.75 CO2排放係數 t 附表二_化學製品製造 / （公噸/公噸環氧乙烷） CO2排放係數 台灣 環境部 氣候變遷署 Scope 3 Category 3/4/5/6/7,氧化程序(Oxygen Process) / 0.75 CO2排放係數 | t | 663.0,0,CCA GHG Factor Table,2024,
0.85 CO2排放係數,350.0,t,t,CCA GHG Factor Table,TW,附表二_化學製品製造 / （公噸/公噸環氧乙烷）,2024,環境部氣候變遷署,1,0.85 CO2排放係數 t 附表二_化學製品製造 / （公噸/公噸環氧乙烷） CO2排放係數 台灣 環境部 氣候變遷署 Scope 3 Category 3/4/5/6/7,0.85 CO2排放係數 | t | 350.0,0,CCA GHG Factor Table,2024,
副產品燃燒（Secondary Products Burned for Energy Recovery/Flared） CO2排放係數,1000.0,t,t,CCA GHG Factor Table,TW,附表二_化學製品製造 / （公噸/公噸丙烯腈）,2024,環境部氣候變遷署,1,副產品燃燒（Secondary Products Burned for Energy Recovery/Flared） CO2排放係數 t 附表二_化學製品製造 / （公噸/公噸丙烯腈） CO2排放係數；原始值：1 台灣 環境部 氣候變遷署 Scope 3 Category 3/4/5/6/7,副產品燃燒（Secondary Products Burned for Energy Recovery/Flared） CO2排放係數 | t | 1000.0,0,CCA GHG Factor Table,2024,
乙腈燃燒（Acetonitrile Burned for Energy Recovery/Flared） CO2排放係數,830.0,t,t,CCA GHG Factor Table,TW,附表二_化學製品製造 / （公噸/公噸丙烯腈）,2024,環境部氣候變遷署,1,乙腈燃燒（Acetonitrile Burned for Energy Recovery/Flared） CO2排放係數 t 附表二_化學製品製造 / （公噸/公噸丙烯腈） CO2排放係數 台灣 環境部 氣候變遷署 Scope 3 Category 3/4/5/6/7,乙腈燃燒（Acetonitrile Burned for Energy Recovery/Flared） CO2排放係數 | t | 830.0,0,CCA GHG Factor Table,2024,
回收乙腈和氰化氫投入生產（Acetonitrile and Hydrogen Cyanide Recovered as Product） CO2排放係數,790.0,t,t,CCA GHG Factor Table,TW,附表二_化學製品製造 / （公噸/公噸丙烯腈）,2024,環境部氣候變遷署,1,回收乙腈和氰化氫投入生產（Acetonitrile and Hydrogen Cyanide Recovered as Product） CO2排放係數 t 附表二_化學製品製造 / （公噸/公噸丙烯腈） CO2排放係數 台灣 環境部 氣候變遷署 Scope 3 Category 3/4/5/6/7,回收乙腈和氰化氫投入生產（Acetonitrile and Hydrogen Cyanide Recovered as Product） CO2排放係數 | t | 790.0,0,CCA GHG Factor Table,2024,
矽鐵（矽含量45%）(Ferrosilicon 45% Si) CO2排放係數（公噸/公噸產品）,2500.0,t,t,CCA GHG Factor Table,TW,附表二_金屬製品製造 / （二） 鐵合金生產,2024,環境部氣候變遷署,1,矽鐵（矽含量45%）(Ferrosilicon 45% Si) CO2排放係數（公噸/公噸產品） t 附表二_金屬製品製造 / （二） 鐵合金生產 CO2排放係數（公噸/公噸產品） 台灣 環境部 氣候變遷署 Scope 3 Category 3/4/5/6/7,矽鐵（矽含量45%）(Ferrosilicon 45% Si) CO2排放係數（公噸/公噸產品） | t | 2500.0,0,CCA GHG Factor Table,2024,
矽鐵（矽含量65%）(Ferrosilicon 65 % Si) CO2排放係數（公噸/公噸產品）,3600.0,t,t,CCA GHG Factor Table,TW,附表二_金屬製品製造 / （二） 鐵合金生產,2024,環境部氣候變遷署,1,矽鐵（矽含量65%）(Ferrosilicon 65 % Si) CO2排放係數（公噸/公噸產品） t 附表二_金屬製品製造 / （二） 鐵合金生產 CO2排放係數（公噸/公噸產品） 台灣 環境部 氣候變遷署 Scope 3 Category 3/4/5/6/7,矽鐵（矽含量65%）(Ferrosilicon 65 % Si) CO2排放係數（公噸/公噸產品） | t | 3600.0,0,CCA GHG Factor Table,2024,
矽鐵（矽含量75%）(Ferrosillicon 75% Si) CO2排放係數（公噸/公噸產品）,4000.0,t,t,CCA GHG Factor Table,TW,附表二_金屬製品製造 / （二） 鐵合金生產,2024,環境部氣候變遷署,1,矽鐵（矽含量75%）(Ferrosillicon 75% Si) CO2排放係數（公噸/公噸產品） t 附表二_金屬製品製造 / （二） 鐵合金生產 CO2排放係數（公噸/公噸產品）；原始值：4 台灣 環境部 氣候變遷署 Scope 3 Category 3/4/5/6/7,矽鐵（矽含量75%）(Ferrosillicon 75% Si) CO2排放係數（公噸/公噸產品） | t | 4000.0,0,CCA GHG Factor Table,2024,
矽鐵（矽含量90%）(Ferrosillicon 90% Si) CO2排放係數（公噸/公噸產品）,4800.0,t,t,CCA GHG Factor Table,TW,附表二_金屬製品製造 / （二） 鐵合金生產,2024,環境部氣候變遷署,1,矽鐵（矽含量90%）(Ferrosillicon 90% Si) CO2排放係數（公噸/公噸產品） t 附表二_金屬製品製造 / （二） 鐵合金生產 CO2排放係數（公噸/公噸產品） 台灣 環境部 氣候變遷署 Scope 3 Category 3/4/5/6/7,矽鐵（矽含量90%）(Ferrosillicon 90% Si) CO2排放係數（公噸/公噸產品） | t | 4800.0,0,CCA GHG Factor Table,2024,
錳鐵（碳含量7%）(Ferromanganeses (7% C)) CO2排放係數（公噸/公噸產品）,1300.0,t,t,CCA GHG Factor Table,TW,附表二_金屬製品製造 / （二） 鐵合金生產,2024,環境部氣候變遷署,1,錳鐵（碳含量7%）(Ferromanganeses (7% C)) CO2排放係數（公噸/公噸產品） t 附表二_金屬製品製造 / （二） 鐵合金生產 CO2排放係數（公噸/公噸產品） 台灣 環境部 氣候變遷署 Scope 3 Category 3/4/5/6/7,錳鐵（碳含量7%）(Ferromanganeses (7% C)) CO2排放係數（公噸/公噸產品） | t | 1300.0,0,CCA GHG Factor Table,2024,
錳鐵（碳含量1%）(Ferromanganeses (1% C)) CO2排放係數（公噸/公噸產品）,1500.0,t,t,CCA GHG Factor Table,TW,附表二_金屬製品製造 / （二） 鐵合金生產,2024,環境部氣候變遷署,1,錳鐵（碳含量1%）(Ferromanganeses (1% C)) CO2排放係數（公噸/公噸產品） t 附表二_金屬製品製造 / （二） 鐵合金生產 CO2排放係數（公噸/公噸產品） 台灣 環境部 氣候變遷署 Scope 3 Category 3/4/5/6/7,錳鐵（碳含量1%）(Ferromanganeses (1% C)) CO2排放係數（公噸/公噸產品） | t | 1500.0,0,CCA GHG Factor Table,2024,
矽錳（Silicomanganese) CO2排放係數（公噸/公噸產品）,1400.0,t,t,CCA GHG Factor Table,TW,附表二_金屬製品製造 / （二） 鐵合金生產,2024,環境部氣候變遷署,1,矽錳（Silicomanganese) CO2排放係數（公噸/公噸產品） t 附表二_金屬製品製造 / （二） 鐵合金生產 CO2排放係數（公噸/公噸產品） 台灣 環境部 氣候變遷署 Scope 3 Category 3/4/5/6/7,矽錳（Silicomanganese) CO2排放係數（公噸/公噸產品） | t | 1400.0,0,CCA GHG Factor Table,2024,
金屬矽（Silicon metal） CO2排放係數（公噸/公噸產品）,5000.0,t,t,CCA GHG Factor Table,TW,附表二_金屬製品製造 / （二） 鐵合金生產,2024,環境部氣候變遷署,1,金屬矽（Silicon metal） CO2排放係數（公噸/公噸產品） t 附表二_金屬製品製造 / （二） 鐵合金生產 CO2排放係數（公噸/公噸產品）；原始值：5 台灣 環境部 氣候變遷署 Scope 3 Category 3/4/5/6/7,金屬矽（Silicon metal） CO2排放係數（公噸/公噸產品） | t | 5000.0,0,CCA GHG Factor Table,2024,
鐵鉻（Ferrochromium） CO2排放係數（公噸/公噸產品）,1300.0,t,t,CCA GHG Factor Table,TW,附表二_金屬製品製造 / （二） 鐵合金生產,2024,環境部氣候變遷署,1,鐵鉻（Ferrochromium） CO2排放係數（公噸/公噸產品） t 附表二_金屬製品製造 / （二） 鐵合金生產 CO2排放係數（公噸/公噸產品）；原始值：1.3(燒結生產者為1.6) 台灣 環境部 氣候變遷署 Scope 3 Category 3/4/5/6/7,鐵鉻（Ferrochromium） CO2排放係數（公噸/公噸產品） | t | 1300.0,0,CCA GHG Factor Table,2024,
煤（矽鐵或金屬矽)(Coal (for FeSi and Si-metal)) CO2排放係數（公噸/公噸還原劑）,3100.0,t,t,CCA GHG Factor Table,TW,附表二_金屬製品製造 / （二） 鐵合金生產,2024,環境部氣候變遷署,1,煤（矽鐵或金屬矽)(Coal (for FeSi and Si-metal)) CO2排放係數（公噸/公噸還原劑） t 附表二_金屬製品製造 / （二） 鐵合金生產 CO2排放係數（公噸/公噸還原劑） 台灣 環境部 氣候變遷署 Scope 3 Category 3/4/5/6/7,煤（矽鐵或金屬矽)(Coal (for FeSi and Si-metal)) CO2排放係數（公噸/公噸還原劑） | t | 3100.0,0,CCA GHG Factor Table,2024,
焦炭（鐵錳或矽錳)(Coke (for FeMn and SiMn)) CO2排放係數（公噸/公噸還原劑）,-49.99999999999982,t,t,CCA GHG Factor Table,TW,附表二_金屬製品製造 / （二） 鐵合金生產,2024,環境部氣候變遷署,1,焦炭（鐵錳或矽錳)(Coke (for FeMn and SiMn)) CO2排放係數（公噸/公噸還原劑） t 附表二_金屬製品製造 / （二） 鐵合金生產 CO2排放係數（公噸/公噸還原劑）；原始範圍值：3.2-3.3 台灣 環境部 氣候變遷署 Scope 3 Category 3/4/5/6/7,焦炭（鐵錳或矽錳)(Coke (for FeMn and SiMn)) CO2排放係數（公噸/公噸還原劑） | t | -50.0,0,CCA GHG Factor Table,2024,
焦炭（矽或矽鐵)(Coke (for Si and FeSi)) CO2排放係數（公噸/公噸還原劑）,-50.00000000000004,t,t,CCA GHG Factor Table,TW,附表二_金屬製品製造 / （二） 鐵合金生產,2024,環境部氣候變遷署,1,焦炭（矽或矽鐵)(Coke (for Si and FeSi)) CO2排放係數（公噸/公噸還原劑） t 附表二_金屬製品製造 / （二） 鐵合金生產 CO2排放係數（公噸/公噸還原劑）；原始範圍值：3.3-3.4 台灣 環境部 氣候變遷署 Scope 3 Category 3/4/5/6/7,焦炭（矽或矽鐵)(Coke (for Si and FeSi)) CO2排放係數（公噸/公噸還原劑） | t | -50.0,0,CCA GHG Factor Table,2024,
預焙電極（Prebaked electrodes) CO2排放係數（公噸/公噸還原劑）,3540.0,t,t,CCA GHG Factor Table,TW,附表二_金屬製品製造 / （二） 鐵合金生產,2024,環境部氣候變遷署,1,預焙電極（Prebaked electrodes) CO2排放係數（公噸/公噸還原劑） t 附表二_金屬製品製造 / （二） 鐵合金生產 CO2排放係數（公噸/公噸還原劑） 台灣 環境部 氣候變遷署 Scope 3 Category 3/4/5/6/7,預焙電極（Prebaked electrodes) CO2排放係數（公噸/公噸還原劑） | t | 3540.0,0,CCA GHG Factor Table,2024,
電極膠（Electrode paste) CO2排放係數（公噸/公噸還原劑）,3400.0,t,t,CCA GHG Factor Table,TW,附表二_金屬製品製造 / （二） 鐵合金生產,2024,環境部氣候變遷署,1,電極膠（Electrode paste) CO2排放係數（公噸/公噸還原劑） t 附表二_金屬製品製造 / （二） 鐵合金生產 CO2排放係數（公噸/公噸還原劑） 台灣 環境部 氣候變遷署 Scope 3 Category 3/4/5/6/7,電極膠（Electrode paste) CO2排放係數（公噸/公噸還原劑） | t | 3400.0,0,CCA GHG Factor Table,2024,
石油焦（Petroleum coke) CO2排放係數（公噸/公噸還原劑）,3500.0,t,t,CCA GHG Factor Table,TW,附表二_金屬製品製造 / （二） 鐵合金生產,2024,環境部氣候變遷署,1,石油焦（Petroleum coke) CO2排放係數（公噸/公噸還原劑） t 附表二_金屬製品製造 / （二） 鐵合金生產 CO2排放係數（公噸/公噸還原劑） 台灣 環境部 氣候變遷署 Scope 3 Category 3/4/5/6/7,石油焦（Petroleum coke) CO2排放係數（公噸/公噸還原劑） | t | 3500.0,0,CCA GHG Factor Table,2024,
矽金屬（Si） CH4排放係數（公斤/公噸產品）,1.2,t,t,CCA GHG Factor Table,TW,附表二_金屬製品製造 / （二） 鐵合金生產,2024,環境部氣候變遷署,1,矽金屬（Si） CH4排放係數（公斤/公噸產品） t 附表二_金屬製品製造 / （二） 鐵合金生產 CH4排放係數（公斤/公噸產品） 台灣 環境部 氣候變遷署 Scope 3 Category 3/4/5/6/7,矽金屬（Si） CH4排放係數（公斤/公噸產品） | t | 1.2,0,CCA GHG Factor Table,2024,
矽鐵（矽含量90%）(FeSi 90) CH4排放係數（公斤/公噸產品）,1.1,t,t,CCA GHG Factor Table,TW,附表二_金屬製品製造 / （二） 鐵合金生產,2024,環境部氣候變遷署,1,矽鐵（矽含量90%）(FeSi 90) CH4排放係數（公斤/公噸產品） t 附表二_金屬製品製造 / （二） 鐵合金生產 CH4排放係數（公斤/公噸產品） 台灣 環境部 氣候變遷署 Scope 3 Category 3/4/5/6/7,矽鐵（矽含量90%）(FeSi 90) CH4排放係數（公斤/公噸產品） | t | 1.1,0,CCA GHG Factor Table,2024,
矽鐵（矽含量75%）(FeSi 75) CH4排放係數（公斤/公噸產品）,1.0,t,t,CCA GHG Factor Table,TW,附表二_金屬製品製造 / （二） 鐵合金生產,2024,環境部氣候變遷署,1,矽鐵（矽含量75%）(FeSi 75) CH4排放係數（公斤/公噸產品） t 附表二_金屬製品製造 / （二） 鐵合金生產 CH4排放係數（公斤/公噸產品）；原始值：1 台灣 環境部 氣候變遷署 Scope 3 Category 3/4/5/6/7,矽鐵（矽含量75%）(FeSi 75) CH4排放係數（公斤/公噸產品） | t | 1.0,0,CCA GHG Factor Table,2024,
矽鐵（矽含量65%）(FeSi 65) CH4排放係數（公斤/公噸產品）,1.0,t,t,CCA GHG Factor Table,TW,附表二_金屬製品製造 / （二） 鐵合金生產,2024,環境部氣候變遷署,1,矽鐵（矽含量65%）(FeSi 65) CH4排放係數（公斤/公噸產品） t 附表二_金屬製品製造 / （二） 鐵合金生產 CH4排放係數（公斤/公噸產品）；原始值：1 台灣 環境部 氣候變遷署 Scope 3 Category 3/4/5/6/7,矽鐵（矽含量65%）(FeSi 65) CH4排放係數（公斤/公噸產品） | t | 1.0,0,CCA GHG Factor Table,2024,
白雲石（Dolomite） CO2排放係數 （公噸 /公噸初級鎂）,5130.0,t,t,CCA GHG Factor Table,TW,附表二_金屬製品製造 / （三）鎂生產,2024,環境部氣候變遷署,1,白雲石（Dolomite） CO2排放係數 （公噸 /公噸初級鎂） t 附表二_金屬製品製造 / （三）鎂生產 CO2排放係數 （公噸 /公噸初級鎂） 台灣 環境部 氣候變遷署 Scope 3 Category 3/4/5/6/7,白雲石（Dolomite） CO2排放係數 （公噸 /公噸初級鎂） | t | 5130.0,0,CCA GHG Factor Table,2024,
菱鎂礦（Magnesite） CO2排放係數 （公噸 /公噸初級鎂）,2830.0,t,t,CCA GHG Factor Table,TW,附表二_金屬製品製造 / （三）鎂生產,2024,環境部氣候變遷署,1,菱鎂礦（Magnesite） CO2排放係數 （公噸 /公噸初級鎂） t 附表二_金屬製品製造 / （三）鎂生產 CO2排放係數 （公噸 /公噸初級鎂） 台灣 環境部 氣候變遷署 Scope 3 Category 3/4/5/6/7,菱鎂礦（Magnesite） CO2排放係數 （公噸 /公噸初級鎂） | t | 2830.0,0,CCA GHG Factor Table,2024,
澆注成型 / 鑄造（All Casting Processes） SF6排放係數 （公噸 /公噸鎂）,1000.0,t,t,CCA GHG Factor Table,TW,附表二_金屬製品製造 / （三）鎂生產,2024,環境部氣候變遷署,1,澆注成型 / 鑄造（All Casting Processes） SF6排放係數 （公噸 /公噸鎂） t 附表二_金屬製品製造 / （三）鎂生產 SF6排放係數 （公噸 /公噸鎂）；原始值：1 台灣 環境部 氣候變遷署 Scope 3 Category 3/4/5/6/7,澆注成型 / 鑄造（All Casting Processes） SF6排放係數 （公噸 /公噸鎂） | t | 1000.0,0,CCA GHG Factor Table,2024,
旋轉窯 (Waelz Kiln) CO2排放係數（公噸/公噸鋅）,3660.0,t,t,CCA GHG Factor Table,TW,附表二_金屬製品製造 / （五） 鋅生產,2024,環境部氣候變遷署,1,旋轉窯 (Waelz Kiln) CO2排放係數（公噸/公噸鋅） t 附表二_金屬製品製造 / （五） 鋅生產 CO2排放係數（公噸/公噸鋅） 台灣 環境部 氣候變遷署 Scope 3 Category 3/4/5/6/7,旋轉窯 (Waelz Kiln) CO2排放係數（公噸/公噸鋅） | t | 3660.0,0,CCA GHG Factor Table,2024,
高溫冶金（密閉鼓風爐）(Pyrometeallurgical (Imperial Smelting Furnace)) CO2排放係數（公噸/公噸鋅）,430.0,t,t,CCA GHG Factor Table,TW,附表二_金屬製品製造 / （五） 鋅生產,2024,環境部氣候變遷署,1,高溫冶金（密閉鼓風爐）(Pyrometeallurgical (Imperial Smelting Furnace)) CO2排放係數（公噸/公噸鋅） t 附表二_金屬製品製造 / （五） 鋅生產 CO2排放係數（公噸/公噸鋅） 台灣 環境部 氣候變遷署 Scope 3 Category 3/4/5/6/7,高溫冶金（密閉鼓風爐）(Pyrometeallurgical (Imperial Smelting Furnace)) CO2排放係數（公噸/公噸鋅） | t | 430.0,0,CCA GHG Factor Table,2024,
預設排放係數註1(Default Factor) CO2排放係數（公噸/公噸鋅）,1720.0,t,t,CCA GHG Factor Table,TW,附表二_金屬製品製造 / （五） 鋅生產,2024,環境部氣候變遷署,1,預設排放係數註1(Default Factor) CO2排放係數（公噸/公噸鋅） t 附表二_金屬製品製造 / （五） 鋅生產 CO2排放係數（公噸/公噸鋅） 台灣 環境部 氣候變遷署 Scope 3 Category 3/4/5/6/7,預設排放係數註1(Default Factor) CO2排放係數（公噸/公噸鋅） | t | 1720.0,0,CCA GHG Factor Table,2024,
"Nd金屬及其他稀土金屬/合金(Nd metal, and all other Rare Earth metals/alloys) CO2排放係數 （公噸/公噸稀土金屬）",560.0,t,t,CCA GHG Factor Table,TW,附表二_金屬製品製造 / （六） 稀土生產,2024,環境部氣候變遷署,1,"Nd金屬及其他稀土金屬/合金(Nd metal, and all other Rare Earth metals/alloys) CO2排放係數 （公噸/公噸稀土金屬） t 附表二_金屬製品製造 / （六） 稀土生產 CO2排放係數 （公噸/公噸稀土金屬） 台灣 環境部 氣候變遷署 Scope 3 Category 3/4/5/6/7","Nd金屬及其他稀土金屬/合金(Nd metal, and all other Rare Earth metals/alloys) CO2排放係數 （公噸/公噸稀土金屬） | t | 560.0",0,CCA GHG Factor Table,2024,
稀土金屬（Rare Earth Metal） CO2排放係數 （公噸/公噸稀土金屬）,4000.0,t,t,CCA GHG Factor Table,TW,附表二_金屬製品製造 / （六） 稀土生產,2024,環境部氣候變遷署,1,稀土金屬（Rare Earth Metal） CO2排放係數 （公噸/公噸稀土金屬） t 附表二_金屬製品製造 / （六） 稀土生產 CO2排放係數 （公噸/公噸稀土金屬）；原始值：CF4排放係數（克/公噸稀土金屬） 台灣 環境部 氣候變遷署 Scope 3 Category 3/4/5/6/7,稀土金屬（Rare Earth Metal） CO2排放係數 （公噸/公噸稀土金屬） | t | 4000.0,0,CCA GHG Factor Table,2024,
"稀土鐵合金（鏑鐵等）(RE-iron alloys(Dy-Fe, etc)) CO2排放係數 （公噸/公噸稀土金屬）",146100.0,t,t,CCA GHG Factor Table,TW,附表二_金屬製品製造 / （六） 稀土生產,2024,環境部氣候變遷署,1,"稀土鐵合金（鏑鐵等）(RE-iron alloys(Dy-Fe, etc)) CO2排放係數 （公噸/公噸稀土金屬） t 附表二_金屬製品製造 / （六） 稀土生產 CO2排放係數 （公噸/公噸稀土金屬） 台灣 環境部 氣候變遷署 Scope 3 Category 3/4/5/6/7","稀土鐵合金（鏑鐵等）(RE-iron alloys(Dy-Fe, etc)) CO2排放係數 （公噸/公噸稀土金屬） | t | 146100.0",0,CCA GHG Factor Table,2024,
"其他稀土金屬/合金（Nd、Pr-Nd、La 等）(Other-RE metals/alloys (Nd, Pr-Nd, La, etc)) CO2排放係數 （公噸/公噸稀土金屬）",35800.0,t,t,CCA GHG Factor Table,TW,附表二_金屬製品製造 / （六） 稀土生產,2024,環境部氣候變遷署,1,"其他稀土金屬/合金（Nd、Pr-Nd、La 等）(Other-RE metals/alloys (Nd, Pr-Nd, La, etc)) CO2排放係數 （公噸/公噸稀土金屬） t 附表二_金屬製品製造 / （六） 稀土生產 CO2排放係數 （公噸/公噸稀土金屬） 台灣 環境部 氣候變遷署 Scope 3 Category 3/4/5/6/7","其他稀土金屬/合金（Nd、Pr-Nd、La 等）(Other-RE metals/alloys (Nd, Pr-Nd, La, etc)) CO2排放係數 （公噸/公噸稀土金屬） | t | 35800.0",0,CCA GHG Factor Table,2024,
二氧化碳（Carbon dioxide） / CO2 溫暖化潛勢,1.0,kg,kg,CCA GHG Factor Table,TW,"附表四 / 附表四、溫暖化潛勢（Global Warming Potential, GWP）",2024,環境部氣候變遷署,1,"二氧化碳（Carbon dioxide） / CO2 溫暖化潛勢 kg 附表四 / 附表四、溫暖化潛勢（Global Warming Potential, GWP） 溫暖化潛勢；原始值：1 台灣 環境部 氣候變遷署 Scope 3 Category 3/4/5/6/7",二氧化碳（Carbon dioxide） / CO2 溫暖化潛勢 | kg | 1.0,0,CCA GHG Factor Table,2024,
甲烷（Methane） / CH4 溫暖化潛勢,28.0,kg,kg,CCA GHG Factor Table,TW,"附表四 / 附表四、溫暖化潛勢（Global Warming Potential, GWP）",2024,環境部氣候變遷署,1,"甲烷（Methane） / CH4 溫暖化潛勢 kg 附表四 / 附表四、溫暖化潛勢（Global Warming Potential, GWP） 溫暖化潛勢；原始值：28 台灣 環境部 氣候變遷署 Scope 3 Category 3/4/5/6/7",甲烷（Methane） / CH4 溫暖化潛勢 | kg | 28.0,0,CCA GHG Factor Table,2024,
石化甲烷（Fossil methane）註1 / CH4 溫暖化潛勢,30.0,kg,kg,CCA GHG Factor Table,TW,"附表四 / 附表四、溫暖化潛勢（Global Warming Potential, GWP）",2024,環境部氣候變遷署,1,"石化甲烷（Fossil methane）註1 / CH4 溫暖化潛勢 kg 附表四 / 附表四、溫暖化潛勢（Global Warming Potential, GWP） 溫暖化潛勢；原始值：30 台灣 環境部 氣候變遷署 Scope 3 Category 3/4/5/6/7",石化甲烷（Fossil methane）註1 / CH4 溫暖化潛勢 | kg | 30.0,0,CCA GHG Factor Table,2024,
氧化亞氮（Nitrous Oxide） / N2O 溫暖化潛勢,265.0,kg,kg,CCA GHG Factor Table,TW,"附表四 / 附表四、溫暖化潛勢（Global Warming Potential, GWP）",2024,環境部氣候變遷署,1,"氧化亞氮（Nitrous Oxide） / N2O 溫暖化潛勢 kg 附表四 / 附表四、溫暖化潛勢（Global Warming Potential, GWP） 溫暖化潛勢；原始值：265 台灣 環境部 氣候變遷署 Scope 3 Category 3/4/5/6/7",氧化亞氮（Nitrous Oxide） / N2O 溫暖化潛勢 | kg | 265.0,0,CCA GHG Factor Table,2024,
三氟甲烷（HFC-23） / CHF3 溫暖化潛勢,12400.0,kg,kg,CCA GHG Factor Table,TW,附表四 / 氫氟碳化物（Hydrofluorocarbons）,2024,環境部氣候變遷署,1,三氟甲烷（HFC-23） / CHF3 溫暖化潛勢 kg 附表四 / 氫氟碳化物（Hydrofluorocarbons） 溫暖化潛勢；原始值：12400 台灣 環境部 氣候變遷署 Scope 3 Category 3/4/5/6/7,三氟甲烷（HFC-23） / CHF3 溫暖化潛勢 | kg | 12400.0,0,CCA GHG Factor Table,2024,
二氟甲烷（HFC-32） / CH2F2 溫暖化潛勢,677.0,kg,kg,CCA GHG Factor Table,TW,附表四 / 氫氟碳化物（Hydrofluorocarbons）,2024,環境部氣候變遷署,1,二氟甲烷（HFC-32） / CH2F2 溫暖化潛勢 kg 附表四 / 氫氟碳化物（Hydrofluorocarbons） 溫暖化潛勢；原始值：677 台灣 環境部 氣候變遷署 Scope 3 Category 3/4/5/6/7,二氟甲烷（HFC-32） / CH2F2 溫暖化潛勢 | kg | 677.0,0,CCA GHG Factor Table,2024,
一氟甲烷（HFC-41） / CH3F 溫暖化潛勢,116.0,kg,kg,CCA GHG Factor Table,TW,附表四 / 氫氟碳化物（Hydrofluorocarbons）,2024,環境部氣候變遷署,1,一氟甲烷（HFC-41） / CH3F 溫暖化潛勢 kg 附表四 / 氫氟碳化物（Hydrofluorocarbons） 溫暖化潛勢；原始值：116 台灣 環境部 氣候變遷署 Scope 3 Category 3/4/5/6/7,一氟甲烷（HFC-41） / CH3F 溫暖化潛勢 | kg | 116.0,0,CCA GHG Factor Table,2024,
"1,1,1,2,2-五氟乙烷（HFC-125） / CHF2CF3 溫暖化潛勢",3170.0,kg,kg,CCA GHG Factor Table,TW,附表四 / 氫氟碳化物（Hydrofluorocarbons）,2024,環境部氣候變遷署,1,"1,1,1,2,2-五氟乙烷（HFC-125） / CHF2CF3 溫暖化潛勢 kg 附表四 / 氫氟碳化物（Hydrofluorocarbons） 溫暖化潛勢；原始值：3170 台灣 環境部 氣候變遷署 Scope 3 Category 3/4/5/6/7","1,1,1,2,2-五氟乙烷（HFC-125） / CHF2CF3 溫暖化潛勢 | kg | 3170.0",0,CCA GHG Factor Table,2024,
"1,1,2,2-四氟乙烷（HFC-134） / CHF2CHF2 溫暖化潛勢",1120.0,kg,kg,CCA GHG Factor Table,TW,附表四 / 氫氟碳化物（Hydrofluorocarbons）,2024,環境部氣候變遷署,1,"1,1,2,2-四氟乙烷（HFC-134） / CHF2CHF2 溫暖化潛勢 kg 附表四 / 氫氟碳化物（Hydrofluorocarbons） 溫暖化潛勢；原始值：1120 台灣 環境部 氣候變遷署 Scope 3 Category 3/4/5/6/7","1,1,2,2-四氟乙烷（HFC-134） / CHF2CHF2 溫暖化潛勢 | kg | 1120.0",0,CCA GHG Factor Table,2024,
"1,1,1,2-四氟乙烷（HFC-134a） / CH2FCF3 溫暖化潛勢",1300.0,kg,kg,CCA GHG Factor Table,TW,附表四 / 氫氟碳化物（Hydrofluorocarbons）,2024,環境部氣候變遷署,1,"1,1,1,2-四氟乙烷（HFC-134a） / CH2FCF3 溫暖化潛勢 kg 附表四 / 氫氟碳化物（Hydrofluorocarbons） 溫暖化潛勢；原始值：1300 台灣 環境部 氣候變遷署 Scope 3 Category 3/4/5/6/7","1,1,1,2-四氟乙烷（HFC-134a） / CH2FCF3 溫暖化潛勢 | kg | 1300.0",0,CCA GHG Factor Table,2024,
"1,1,2-三氟乙烷（HFC-143） / CH2FCHF2 溫暖化潛勢",328.0,kg,kg,CCA GHG Factor Table,TW,附表四 / 氫氟碳化物（Hydrofluorocarbons）,2024,環境部氣候變遷署,1,"1,1,2-三氟乙烷（HFC-143） / CH2FCHF2 溫暖化潛勢 kg 附表四 / 氫氟碳化物（Hydrofluorocarbons） 溫暖化潛勢；原始值：328 台灣 環境部 氣候變遷署 Scope 3 Category 3/4/5/6/7","1,1,2-三氟乙烷（HFC-143） / CH2FCHF2 溫暖化潛勢 | kg | 328.0",0,CCA GHG Factor Table,2024,
"1,1,1-三氟乙烷（HFC-143a） / CH3CF3 溫暖化潛勢",4800.0,kg,kg,CCA GHG Factor Table,TW,附表四 / 氫氟碳化物（Hydrofluorocarbons）,2024,環境部氣候變遷署,1,"1,1,1-三氟乙烷（HFC-143a） / CH3CF3 溫暖化潛勢 kg 附表四 / 氫氟碳化物（Hydrofluorocarbons） 溫暖化潛勢；原始值：4800 台灣 環境部 氣候變遷署 Scope 3 Category 3/4/5/6/7","1,1,1-三氟乙烷（HFC-143a） / CH3CF3 溫暖化潛勢 | kg | 4800.0",0,CCA GHG Factor Table,2024,
"1,2-二氟乙烷（HFC-152） / CH2FCH2F 溫暖化潛勢",16.0,kg,kg,CCA GHG Factor Table,TW,附表四 / 氫氟碳化物（Hydrofluorocarbons）,2024,環境部氣候變遷署,1,"1,2-二氟乙烷（HFC-152） / CH2FCH2F 溫暖化潛勢 kg 附表四 / 氫氟碳化物（Hydrofluorocarbons） 溫暖化潛勢；原始值：16 台灣 環境部 氣候變遷署 Scope 3 Category 3/4/5/6/7","1,2-二氟乙烷（HFC-152） / CH2FCH2F 溫暖化潛勢 | kg | 16.0",0,CCA GHG Factor Table,2024,
"1,1-二氟乙烷（HFC-152a） / CH3CHF2 溫暖化潛勢",138.0,kg,kg,CCA GHG Factor Table,TW,附表四 / 氫氟碳化物（Hydrofluorocarbons）,2024,環境部氣候變遷署,1,"1,1-二氟乙烷（HFC-152a） / CH3CHF2 溫暖化潛勢 kg 附表四 / 氫氟碳化物（Hydrofluorocarbons） 溫暖化潛勢；原始值：138 台灣 環境部 氣候變遷署 Scope 3 Category 3/4/5/6/7","1,1-二氟乙烷（HFC-152a） / CH3CHF2 溫暖化潛勢 | kg | 138.0",0,CCA GHG Factor Table,2024,
一氟乙烷（HFC-161） / CH3CH2F 溫暖化潛勢,4.0,kg,kg,CCA GHG Factor Table,TW,附表四 / 氫氟碳化物（Hydrofluorocarbons）,2024,環境部氣候變遷署,1,一氟乙烷（HFC-161） / CH3CH2F 溫暖化潛勢 kg 附表四 / 氫氟碳化物（Hydrofluorocarbons） 溫暖化潛勢；原始值：4 台灣 環境部 氣候變遷署 Scope 3 Category 3/4/5/6/7,一氟乙烷（HFC-161） / CH3CH2F 溫暖化潛勢 | kg | 4.0,0,CCA GHG Factor Table,2024,
"1,1,1,2,2,3,3-七氟丙烷（HFC-227ca） / CF3CF2CHF2 溫暖化潛勢",2640.0,kg,kg,CCA GHG Factor Table,TW,附表四 / 氫氟碳化物（Hydrofluorocarbons）,2024,環境部氣候變遷署,1,"1,1,1,2,2,3,3-七氟丙烷（HFC-227ca） / CF3CF2CHF2 溫暖化潛勢 kg 附表四 / 氫氟碳化物（Hydrofluorocarbons） 溫暖化潛勢；原始值：2640 台灣 環境部 氣候變遷署 Scope 3 Category 3/4/5/6/7","1,1,1,2,2,3,3-七氟丙烷（HFC-227ca） / CF3CF2CHF2 溫暖化潛勢 | kg | 2640.0",0,CCA GHG Factor Table,2024,
"1,1,1,2,3,3,3-七氟丙烷（HFC-227ea） / CF3CHFCF3 溫暖化潛勢",3350.0,kg,kg,CCA GHG Factor Table,TW,附表四 / 氫氟碳化物（Hydrofluorocarbons）,2024,環境部氣候變遷署,1,"1,1,1,2,3,3,3-七氟丙烷（HFC-227ea） / CF3CHFCF3 溫暖化潛勢 kg 附表四 / 氫氟碳化物（Hydrofluorocarbons） 溫暖化潛勢；原始值：3350 台灣 環境部 氣候變遷署 Scope 3 Category 3/4/5/6/7","1,1,1,2,3,3,3-七氟丙烷（HFC-227ea） / CF3CHFCF3 溫暖化潛勢 | kg | 3350.0",0,CCA GHG Factor Table,2024,
"1,1,1,2,2,3-六氟丙烷（HFC-236cb） / CH2FCF2CF3 溫暖化潛勢",1210.0,kg,kg,CCA GHG Factor Table,TW,附表四 / 氫氟碳化物（Hydrofluorocarbons）,2024,環境部氣候變遷署,1,"1,1,1,2,2,3-六氟丙烷（HFC-236cb） / CH2FCF2CF3 溫暖化潛勢 kg 附表四 / 氫氟碳化物（Hydrofluorocarbons） 溫暖化潛勢；原始值：1210 台灣 環境部 氣候變遷署 Scope 3 Category 3/4/5/6/7","1,1,1,2,2,3-六氟丙烷（HFC-236cb） / CH2FCF2CF3 溫暖化潛勢 | kg | 1210.0",0,CCA GHG Factor Table,2024,
"1,1,1,2,3,3-六氟丙烷（HFC-236ea） / CHF2CHFCF3 溫暖化潛勢",1330.0,kg,kg,CCA GHG Factor Table,TW,附表四 / 氫氟碳化物（Hydrofluorocarbons）,2024,環境部氣候變遷署,1,"1,1,1,2,3,3-六氟丙烷（HFC-236ea） / CHF2CHFCF3 溫暖化潛勢 kg 附表四 / 氫氟碳化物（Hydrofluorocarbons） 溫暖化潛勢；原始值：1330 台灣 環境部 氣候變遷署 Scope 3 Category 3/4/5/6/7","1,1,1,2,3,3-六氟丙烷（HFC-236ea） / CHF2CHFCF3 溫暖化潛勢 | kg | 1330.0",0,CCA GHG Factor Table,2024,
"1,1,1,3,3,3-六氟丙烷（HFC-236fa） / CF3CH2CF3 溫暖化潛勢",8060.0,kg,kg,CCA GHG Factor Table,TW,附表四 / 氫氟碳化物（Hydrofluorocarbons）,2024,環境部氣候變遷署,1,"1,1,1,3,3,3-六氟丙烷（HFC-236fa） / CF3CH2CF3 溫暖化潛勢 kg 附表四 / 氫氟碳化物（Hydrofluorocarbons） 溫暖化潛勢；原始值：8060 台灣 環境部 氣候變遷署 Scope 3 Category 3/4/5/6/7","1,1,1,3,3,3-六氟丙烷（HFC-236fa） / CF3CH2CF3 溫暖化潛勢 | kg | 8060.0",0,CCA GHG Factor Table,2024,
"1,1,2,2,3-五氟丙烷（HFC-245ca） / CH2FCF2CHF2 溫暖化潛勢",716.0,kg,kg,CCA GHG Factor Table,TW,附表四 / 氫氟碳化物（Hydrofluorocarbons）,2024,環境部氣候變遷署,1,"1,1,2,2,3-五氟丙烷（HFC-245ca） / CH2FCF2CHF2 溫暖化潛勢 kg 附表四 / 氫氟碳化物（Hydrofluorocarbons） 溫暖化潛勢；原始值：716 台灣 環境部 氣候變遷署 Scope 3 Category 3/4/5/6/7","1,1,2,2,3-五氟丙烷（HFC-245ca） / CH2FCF2CHF2 溫暖化潛勢 | kg | 716.0",0,CCA GHG Factor Table,2024,
"1,1,1,2,2-五氟丙烷（HFC-245cb） / CF3CF2CH3 溫暖化潛勢",4620.0,kg,kg,CCA GHG Factor Table,TW,附表四 / 氫氟碳化物（Hydrofluorocarbons）,2024,環境部氣候變遷署,1,"1,1,1,2,2-五氟丙烷（HFC-245cb） / CF3CF2CH3 溫暖化潛勢 kg 附表四 / 氫氟碳化物（Hydrofluorocarbons） 溫暖化潛勢；原始值：4620 台灣 環境部 氣候變遷署 Scope 3 Category 3/4/5/6/7","1,1,1,2,2-五氟丙烷（HFC-245cb） / CF3CF2CH3 溫暖化潛勢 | kg | 4620.0",0,CCA GHG Factor Table,2024,
"1,1,2,3,3-五氟丙烷（HFC-245ea） / CHF2CHFCHF2 溫暖化潛勢",235.0,kg,kg,CCA GHG Factor Table,TW,附表四 / 氫氟碳化物（Hydrofluorocarbons）,2024,環境部氣候變遷署,1,"1,1,2,3,3-五氟丙烷（HFC-245ea） / CHF2CHFCHF2 溫暖化潛勢 kg 附表四 / 氫氟碳化物（Hydrofluorocarbons） 溫暖化潛勢；原始值：235 台灣 環境部 氣候變遷署 Scope 3 Category 3/4/5/6/7","1,1,2,3,3-五氟丙烷（HFC-245ea） / CHF2CHFCHF2 溫暖化潛勢 | kg | 235.0",0,CCA GHG Factor Table,2024,
"1,1,1,2,3-五氟丙烷（HFC-245eb） / CH2FCHFCF3 溫暖化潛勢",290.0,kg,kg,CCA GHG Factor Table,TW,附表四 / 氫氟碳化物（Hydrofluorocarbons）,2024,環境部氣候變遷署,1,"1,1,1,2,3-五氟丙烷（HFC-245eb） / CH2FCHFCF3 溫暖化潛勢 kg 附表四 / 氫氟碳化物（Hydrofluorocarbons） 溫暖化潛勢；原始值：290 台灣 環境部 氣候變遷署 Scope 3 Category 3/4/5/6/7","1,1,1,2,3-五氟丙烷（HFC-245eb） / CH2FCHFCF3 溫暖化潛勢 | kg | 290.0",0,CCA GHG Factor Table,2024,
"1,1,1,3,3-五氟丙烷（HFC-245fa） / CHF2CH2CF3 溫暖化潛勢",858.0,kg,kg,CCA GHG Factor Table,TW,附表四 / 氫氟碳化物（Hydrofluorocarbons）,2024,環境部氣候變遷署,1,"1,1,1,3,3-五氟丙烷（HFC-245fa） / CHF2CH2CF3 溫暖化潛勢 kg 附表四 / 氫氟碳化物（Hydrofluorocarbons） 溫暖化潛勢；原始值：858 台灣 環境部 氣候變遷署 Scope 3 Category 3/4/5/6/7","1,1,1,3,3-五氟丙烷（HFC-245fa） / CHF2CH2CF3 溫暖化潛勢 | kg | 858.0",0,CCA GHG Factor Table,2024,
"1,1,1-三氟丙烷（HFC-263fb） / CH3CH2CF3 溫暖化潛勢",76.0,kg,kg,CCA GHG Factor Table,TW,附表四 / 氫氟碳化物（Hydrofluorocarbons）,2024,環境部氣候變遷署,1,"1,1,1-三氟丙烷（HFC-263fb） / CH3CH2CF3 溫暖化潛勢 kg 附表四 / 氫氟碳化物（Hydrofluorocarbons） 溫暖化潛勢；原始值：76 台灣 環境部 氣候變遷署 Scope 3 Category 3/4/5/6/7","1,1,1-三氟丙烷（HFC-263fb） / CH3CH2CF3 溫暖化潛勢 | kg | 76.0",0,CCA GHG Factor Table,2024,
"2,2-二氟丙烷（HFC-272ca） / CH3CF2CH3 溫暖化潛勢",144.0,kg,kg,CCA GHG Factor Table,TW,附表四 / 氫氟碳化物（Hydrofluorocarbons）,2024,環境部氣候變遷署,1,"2,2-二氟丙烷（HFC-272ca） / CH3CF2CH3 溫暖化潛勢 kg 附表四 / 氫氟碳化物（Hydrofluorocarbons） 溫暖化潛勢；原始值：144 台灣 環境部 氣候變遷署 Scope 3 Category 3/4/5/6/7","2,2-二氟丙烷（HFC-272ca） / CH3CF2CH3 溫暖化潛勢 | kg | 144.0",0,CCA GHG Factor Table,2024,
"1,1,1,2,2,3,3,4,4-九氟丁烷（HFC-329p） / CHF2CF2CF2CF3 溫暖化潛勢",2360.0,kg,kg,CCA GHG Factor Table,TW,附表四 / 氫氟碳化物（Hydrofluorocarbons）,2024,環境部氣候變遷署,1,"1,1,1,2,2,3,3,4,4-九氟丁烷（HFC-329p） / CHF2CF2CF2CF3 溫暖化潛勢 kg 附表四 / 氫氟碳化物（Hydrofluorocarbons） 溫暖化潛勢；原始值：2360 台灣 環境部 氣候變遷署 Scope 3 Category 3/4/5/6/7","1,1,1,2,2,3,3,4,4-九氟丁烷（HFC-329p） / CHF2CF2CF2CF3 溫暖化潛勢 | kg | 2360.0",0,CCA GHG Factor Table,2024,
"1,1,1,3,3-五氟丁烷（HFC-365mfc） / CH3CF2CH2CF3 溫暖化潛勢",804.0,kg,kg,CCA GHG Factor Table,TW,附表四 / 氫氟碳化物（Hydrofluorocarbons）,2024,環境部氣候變遷署,1,"1,1,1,3,3-五氟丁烷（HFC-365mfc） / CH3CF2CH2CF3 溫暖化潛勢 kg 附表四 / 氫氟碳化物（Hydrofluorocarbons） 溫暖化潛勢；原始值：804 台灣 環境部 氣候變遷署 Scope 3 Category 3/4/5/6/7","1,1,1,3,3-五氟丁烷（HFC-365mfc） / CH3CF2CH2CF3 溫暖化潛勢 | kg | 804.0",0,CCA GHG Factor Table,2024,
"1,1,1,2,2,3,4,5,5,5-十氟戊烷（HFC-43-10mee） / CF3CHFCHFCF2CF3 溫暖化潛勢",1650.0,kg,kg,CCA GHG Factor Table,TW,附表四 / 氫氟碳化物（Hydrofluorocarbons）,2024,環境部氣候變遷署,1,"1,1,1,2,2,3,4,5,5,5-十氟戊烷（HFC-43-10mee） / CF3CHFCHFCF2CF3 溫暖化潛勢 kg 附表四 / 氫氟碳化物（Hydrofluorocarbons） 溫暖化潛勢；原始值：1650 台灣 環境部 氣候變遷署 Scope 3 Category 3/4/5/6/7","1,1,1,2,2,3,4,5,5,5-十氟戊烷（HFC-43-10mee） / CF3CHFCHFCF2CF3 溫暖化潛勢 | kg | 1650.0",0,CCA GHG Factor Table,2024,
"（順）1,1,1,3,3,3-六氟2-丁烯（(Z)-HFC-1336） / CF3CH=CHCF3(Z) 溫暖化潛勢",2.0,kg,kg,CCA GHG Factor Table,TW,附表四 / 氫氟碳化物（Hydrofluorocarbons）,2024,環境部氣候變遷署,1,"（順）1,1,1,3,3,3-六氟2-丁烯（(Z)-HFC-1336） / CF3CH=CHCF3(Z) 溫暖化潛勢 kg 附表四 / 氫氟碳化物（Hydrofluorocarbons） 溫暖化潛勢；原始值：2 台灣 環境部 氣候變遷署 Scope 3 Category 3/4/5/6/7","（順）1,1,1,3,3,3-六氟2-丁烯（(Z)-HFC-1336） / CF3CH=CHCF3(Z) 溫暖化潛勢 | kg | 2.0",0,CCA GHG Factor Table,2024,
三氟化氮（Nitrogen trifluoride） / NF3 溫暖化潛勢,16100.0,kg,kg,CCA GHG Factor Table,TW,附表四 / 全氟碳化物（Fully Fluorinated Species）,2024,環境部氣候變遷署,1,三氟化氮（Nitrogen trifluoride） / NF3 溫暖化潛勢 kg 附表四 / 全氟碳化物（Fully Fluorinated Species） 溫暖化潛勢；原始值：16100 台灣 環境部 氣候變遷署 Scope 3 Category 3/4/5/6/7,三氟化氮（Nitrogen trifluoride） / NF3 溫暖化潛勢 | kg | 16100.0,0,CCA GHG Factor Table,2024,
六氟化硫（Sulphur hexafluoride） / SF6 溫暖化潛勢,23500.0,kg,kg,CCA GHG Factor Table,TW,附表四 / 全氟碳化物（Fully Fluorinated Species）,2024,環境部氣候變遷署,1,六氟化硫（Sulphur hexafluoride） / SF6 溫暖化潛勢 kg 附表四 / 全氟碳化物（Fully Fluorinated Species） 溫暖化潛勢；原始值：23500 台灣 環境部 氣候變遷署 Scope 3 Category 3/4/5/6/7,六氟化硫（Sulphur hexafluoride） / SF6 溫暖化潛勢 | kg | 23500.0,0,CCA GHG Factor Table,2024,
三氟甲基五氟化硫（(Trifluoromethyl） sulphur pentafluoride） / SF5CF3 溫暖化潛勢,17400.0,kg,kg,CCA GHG Factor Table,TW,附表四 / 全氟碳化物（Fully Fluorinated Species）,2024,環境部氣候變遷署,1,三氟甲基五氟化硫（(Trifluoromethyl） sulphur pentafluoride） / SF5CF3 溫暖化潛勢 kg 附表四 / 全氟碳化物（Fully Fluorinated Species） 溫暖化潛勢；原始值：17400 台灣 環境部 氣候變遷署 Scope 3 Category 3/4/5/6/7,三氟甲基五氟化硫（(Trifluoromethyl） sulphur pentafluoride） / SF5CF3 溫暖化潛勢 | kg | 17400.0,0,CCA GHG Factor Table,2024,
硫醯氟（Sulphuryl fluoride） / SO2F2 溫暖化潛勢,4090.0,kg,kg,CCA GHG Factor Table,TW,附表四 / 全氟碳化物（Fully Fluorinated Species）,2024,環境部氣候變遷署,1,硫醯氟（Sulphuryl fluoride） / SO2F2 溫暖化潛勢 kg 附表四 / 全氟碳化物（Fully Fluorinated Species） 溫暖化潛勢；原始值：4090 台灣 環境部 氣候變遷署 Scope 3 Category 3/4/5/6/7,硫醯氟（Sulphuryl fluoride） / SO2F2 溫暖化潛勢 | kg | 4090.0,0,CCA GHG Factor Table,2024,
四氟化碳（PFC-14） / CF4 溫暖化潛勢,6630.0,kg,kg,CCA GHG Factor Table,TW,附表四 / 全氟碳化物（Fully Fluorinated Species）,2024,環境部氣候變遷署,1,四氟化碳（PFC-14） / CF4 溫暖化潛勢 kg 附表四 / 全氟碳化物（Fully Fluorinated Species） 溫暖化潛勢；原始值：6630 台灣 環境部 氣候變遷署 Scope 3 Category 3/4/5/6/7,四氟化碳（PFC-14） / CF4 溫暖化潛勢 | kg | 6630.0,0,CCA GHG Factor Table,2024,
六氟乙烷（PFC-116） / C2F6 溫暖化潛勢,11100.0,kg,kg,CCA GHG Factor Table,TW,附表四 / 全氟碳化物（Fully Fluorinated Species）,2024,環境部氣候變遷署,1,六氟乙烷（PFC-116） / C2F6 溫暖化潛勢 kg 附表四 / 全氟碳化物（Fully Fluorinated Species） 溫暖化潛勢；原始值：11100 台灣 環境部 氣候變遷署 Scope 3 Category 3/4/5/6/7,六氟乙烷（PFC-116） / C2F6 溫暖化潛勢 | kg | 11100.0,0,CCA GHG Factor Table,2024,
PFC-c216 / c-C3F6 溫暖化潛勢,9200.0,kg,kg,CCA GHG Factor Table,TW,附表四 / 全氟碳化物（Fully Fluorinated Species）,2024,環境部氣候變遷署,1,PFC-c216 / c-C3F6 溫暖化潛勢 kg 附表四 / 全氟碳化物（Fully Fluorinated Species） 溫暖化潛勢；原始值：9200 台灣 環境部 氣候變遷署 Scope 3 Category 3/4/5/6/7,PFC-c216 / c-C3F6 溫暖化潛勢 | kg | 9200.0,0,CCA GHG Factor Table,2024,
全氟丙烷（PFC-218） / C3F8 溫暖化潛勢,8900.0,kg,kg,CCA GHG Factor Table,TW,附表四 / 全氟碳化物（Fully Fluorinated Species）,2024,環境部氣候變遷署,1,全氟丙烷（PFC-218） / C3F8 溫暖化潛勢 kg 附表四 / 全氟碳化物（Fully Fluorinated Species） 溫暖化潛勢；原始值：8900 台灣 環境部 氣候變遷署 Scope 3 Category 3/4/5/6/7,全氟丙烷（PFC-218） / C3F8 溫暖化潛勢 | kg | 8900.0,0,CCA GHG Factor Table,2024,
八氟環丁烷（PFC-318） / c-C4F8 溫暖化潛勢,9540.0,kg,kg,CCA GHG Factor Table,TW,附表四 / 全氟碳化物（Fully Fluorinated Species）,2024,環境部氣候變遷署,1,八氟環丁烷（PFC-318） / c-C4F8 溫暖化潛勢 kg 附表四 / 全氟碳化物（Fully Fluorinated Species） 溫暖化潛勢；原始值：9540 台灣 環境部 氣候變遷署 Scope 3 Category 3/4/5/6/7,八氟環丁烷（PFC-318） / c-C4F8 溫暖化潛勢 | kg | 9540.0,0,CCA GHG Factor Table,2024,
全氟丁烷（PFC-31-10） / C4F10 溫暖化潛勢,9200.0,kg,kg,CCA GHG Factor Table,TW,附表四 / 全氟碳化物（Fully Fluorinated Species）,2024,環境部氣候變遷署,1,全氟丁烷（PFC-31-10） / C4F10 溫暖化潛勢 kg 附表四 / 全氟碳化物（Fully Fluorinated Species） 溫暖化潛勢；原始值：9200 台灣 環境部 氣候變遷署 Scope 3 Category 3/4/5/6/7,全氟丁烷（PFC-31-10） / C4F10 溫暖化潛勢 | kg | 9200.0,0,CCA GHG Factor Table,2024,
全氟環戊烯（Perfluorocyclopentene） / c-C5F8 溫暖化潛勢,2.0,kg,kg,CCA GHG Factor Table,TW,附表四 / 全氟碳化物（Fully Fluorinated Species）,2024,環境部氣候變遷署,1,全氟環戊烯（Perfluorocyclopentene） / c-C5F8 溫暖化潛勢 kg 附表四 / 全氟碳化物（Fully Fluorinated Species） 溫暖化潛勢；原始值：2 台灣 環境部 氣候變遷署 Scope 3 Category 3/4/5/6/7,全氟環戊烯（Perfluorocyclopentene） / c-C5F8 溫暖化潛勢 | kg | 2.0,0,CCA GHG Factor Table,2024,
全氟戊烷（PFC-41-12） / n-C5F12 溫暖化潛勢,8550.0,kg,kg,CCA GHG Factor Table,TW,附表四 / 全氟碳化物（Fully Fluorinated Species）,2024,環境部氣候變遷署,1,全氟戊烷（PFC-41-12） / n-C5F12 溫暖化潛勢 kg 附表四 / 全氟碳化物（Fully Fluorinated Species） 溫暖化潛勢；原始值：8550 台灣 環境部 氣候變遷署 Scope 3 Category 3/4/5/6/7,全氟戊烷（PFC-41-12） / n-C5F12 溫暖化潛勢 | kg | 8550.0,0,CCA GHG Factor Table,2024,
全氟己烷（PFC-51-14） / n-C6F14 溫暖化潛勢,7910.0,kg,kg,CCA GHG Factor Table,TW,附表四 / 全氟碳化物（Fully Fluorinated Species）,2024,環境部氣候變遷署,1,全氟己烷（PFC-51-14） / n-C6F14 溫暖化潛勢 kg 附表四 / 全氟碳化物（Fully Fluorinated Species） 溫暖化潛勢；原始值：7910 台灣 環境部 氣候變遷署 Scope 3 Category 3/4/5/6/7,全氟己烷（PFC-51-14） / n-C6F14 溫暖化潛勢 | kg | 7910.0,0,CCA GHG Factor Table,2024,
全氟庚烷（PFC-61-16） / n-C7F16 溫暖化潛勢,7820.0,kg,kg,CCA GHG Factor Table,TW,附表四 / 全氟碳化物（Fully Fluorinated Species）,2024,環境部氣候變遷署,1,全氟庚烷（PFC-61-16） / n-C7F16 溫暖化潛勢 kg 附表四 / 全氟碳化物（Fully Fluorinated Species） 溫暖化潛勢；原始值：7820 台灣 環境部 氣候變遷署 Scope 3 Category 3/4/5/6/7,全氟庚烷（PFC-61-16） / n-C7F16 溫暖化潛勢 | kg | 7820.0,0,CCA GHG Factor Table,2024,
全氟辛烷（PFC-71-18） / C8F18 溫暖化潛勢,7620.0,kg,kg,CCA GHG Factor Table,TW,附表四 / 全氟碳化物（Fully Fluorinated Species）,2024,環境部氣候變遷署,1,全氟辛烷（PFC-71-18） / C8F18 溫暖化潛勢 kg 附表四 / 全氟碳化物（Fully Fluorinated Species） 溫暖化潛勢；原始值：7620 台灣 環境部 氣候變遷署 Scope 3 Category 3/4/5/6/7,全氟辛烷（PFC-71-18） / C8F18 溫暖化潛勢 | kg | 7620.0,0,CCA GHG Factor Table,2024,
全氟萘烷（PFC-91-18） / C10F18 溫暖化潛勢,7190.0,kg,kg,CCA GHG Factor Table,TW,附表四 / 全氟碳化物（Fully Fluorinated Species）,2024,環境部氣候變遷署,1,全氟萘烷（PFC-91-18） / C10F18 溫暖化潛勢 kg 附表四 / 全氟碳化物（Fully Fluorinated Species） 溫暖化潛勢；原始值：7190 台灣 環境部 氣候變遷署 Scope 3 Category 3/4/5/6/7,全氟萘烷（PFC-91-18） / C10F18 溫暖化潛勢 | kg | 7190.0,0,CCA GHG Factor Table,2024,
順式全氟萘烷（Perfluorodecalin (cis) ） / Z-C10F18 溫暖化潛勢,7240.0,kg,kg,CCA GHG Factor Table,TW,附表四 / 全氟碳化物（Fully Fluorinated Species）,2024,環境部氣候變遷署,1,順式全氟萘烷（Perfluorodecalin (cis) ） / Z-C10F18 溫暖化潛勢 kg 附表四 / 全氟碳化物（Fully Fluorinated Species） 溫暖化潛勢；原始值：7240 台灣 環境部 氣候變遷署 Scope 3 Category 3/4/5/6/7,順式全氟萘烷（Perfluorodecalin (cis) ） / Z-C10F18 溫暖化潛勢 | kg | 7240.0,0,CCA GHG Factor Table,2024,
反式全氟萘烷（Perfluorodecalin (trans) ） / E-C10F18 溫暖化潛勢,6290.0,kg,kg,CCA GHG Factor Table,TW,附表四 / 全氟碳化物（Fully Fluorinated Species）,2024,環境部氣候變遷署,1,反式全氟萘烷（Perfluorodecalin (trans) ） / E-C10F18 溫暖化潛勢 kg 附表四 / 全氟碳化物（Fully Fluorinated Species） 溫暖化潛勢；原始值：6290 台灣 環境部 氣候變遷署 Scope 3 Category 3/4/5/6/7,反式全氟萘烷（Perfluorodecalin (trans) ） / E-C10F18 溫暖化潛勢 | kg | 6290.0,0,CCA GHG Factor Table,2024,
2-全氟丁烯（Perfluorobut-2-ene） / CF3CF=CFCF3 溫暖化潛勢,2.0,kg,kg,CCA GHG Factor Table,TW,附表四 / 全氟碳化物（Fully Fluorinated Species）,2024,環境部氣候變遷署,1,2-全氟丁烯（Perfluorobut-2-ene） / CF3CF=CFCF3 溫暖化潛勢 kg 附表四 / 全氟碳化物（Fully Fluorinated Species） 溫暖化潛勢；原始值：2 台灣 環境部 氣候變遷署 Scope 3 Category 3/4/5/6/7,2-全氟丁烯（Perfluorobut-2-ene） / CF3CF=CFCF3 溫暖化潛勢 | kg | 2.0,0,CCA GHG Factor Table,2024,
