LCI Name,EF3.1,kg CO2e
"Seaweed, agar, raw",1.23,6.75
"Garlic, powder, dried",0.1,0.75
"Garlic, fresh",0.06,0.36
"Dill, fresh",0.13,0.81
"Sea lettuce (Enteromorpha sp.), dried or dehydrated",1.23,6.75
"North Atlantic rockweed (Ascophyllum nodosum), dried or dehydrated",1.2,6.56
cream sauce for pizza base,0.22,1.96
Tomato sauce for pizza base,0.15,0.72
"Basil, fresh",0.13,0.81
"Basil, dried",0.4,1.55
Sodium bicarbonate,0.22,1.13
"Cinnamon, powder",1.32,8.15
"Cardamom, powder",1.32,8.15
"Caraway, seed",1.32,8.15
"Chervil, fresh",0.13,0.81
"Chive or spring onion, fresh",0.09,0.68
Cloves,1.32,8.14
"Coriander, fresh",0.11,0.97
"Coriander, seed",0.13,1.1
"Aromatic stock cube, for fish, dehydrated",2.07,9.39
"Light custard cream with vanilla, prepacked",0.21,1.74
"Cumin, seed",1.32,8.15
"Turmeric, powder",1.32,8.15
"Curry, powder",1.32,8.15
"Dulse (Palmaria palmata), dried or dehydrated",1.2,6.56
"Tarragon, fresh",0.11,0.69
"Fennel, seed",0.13,1.1
"Fenugreek, seed",1.32,8.15
"Pure sea salt, no enrichment",0.08,0.6
"Toothed wrack or bladder wrack (Fucus serratus et vesiculosus), dried or dehydrated",1.2,6.56
"Gelatine, dried",0.24,1.74
"Ginger, powder",0.13,0.98
"Ginger, raw",0.08,0.45
"Gracilaria seaweeds (Gracilaria verrucosa), dried or dehydrated",1.23,6.75
"Guacamole, prepacked",0.31,1.47
"Sea thong (Himanthalia elongata), dried or dehydrated",1.2,6.56
"Harissa (hot spicy sauce), prepacked",0.29,1.42
"Provence herbs, dried",0.4,1.56
Hummus,0.17,0.95
Ketchup,0.15,0.95
"Tangle (Laminaria digitata), dried or dehydrated",1.2,6.56
"Kombu or Japanese kelp (Laminaria japonica), dried or dehydrated",1.23,6.75
"Sea belt (Saccharina latissima), dried or dehydrated",1.23,6.75
"Sea lettuce (ulva sp.), dried or dehydrated)",1.2,6.56
"Bay, leaves",0.13,0.85
Soy lecithin,0.53,6.8
Nutritional yeast,0.42,5.61
Baking powder or raising agent,0.42,5.61
"Baker's yeast, compressed",0.43,5.71
"Baker's yeast, dehydrated",0.42,5.61
"Carragheen mosses (Chondrus crispus), dried or dehydrated",1.2,6.56
"Marjoram, dried",0.4,1.55
Mayonnaise (70% fat and more),0.45,2.53
"Mayonnaise, reduced fat or light mayonnaise",0.45,2.53
Molokhia powder (dried jute leaves),0.25,1.48
"Mint, fresh",0.11,0.69
Miso,0.26,1.05
Mustard,0.31,1.82
"Mustard, with grains",0.3,2.05
Nutmeg,0.14,1.19
"Laver (Porphyra sp.), dried or dehydrated",1.23,6.75
"Olive, green, stuffed (anchovy, sweet peppers, etc…)",0.13,0.89
"Oregano, dried",0.4,1.55
Paprika,1.32,8.15
"Poppy, seed",0.46,1.83
"Parsley, fresh",0.19,1.08
"Parsley, dried",0.72,3.34
Topping sauce for pizza,0.15,0.72
"White pepper, powder",1.32,8.15
Cayenne pepper,1.32,8.15
"Black pepper, powder",1.32,8.15
"Soy ""cream"" preparation",0.14,1.06
Mix of 4 spices,0.83,5.24
"Horseradish, fresh",0.08,0.68
"Rosemary, fresh",0.13,0.81
"Rosemary, dried",0.4,1.55
Saffron,1.32,8.15
"Savory, dried",0.4,1.55
Cream sauce,0.24,2.15
Cream sauce with spices,0.23,1.96
Cream sauce with herbs,0.23,1.96
"Cream sauce with shallots, prepacked",0.23,1.94
"Sweet and sour sauce, prepacked",0.16,1.02
"Aioli sauce (garlic and olive oil mayonnaise), prepacked",0.56,1.41
"American-style sauce, prepacked",0.38,3.54
"Armorican-style sauce, prepacked",0.39,3.55
"White butter sauce, prepacked",0.46,4.33
"Sauce, butter, prepacked",0.46,4.33
Chocolate sauce,0.38,6.19
"Curry sauce, prepacked",0.11,0.8
"Cheese sauce for risotto or pasta, prepacked",0.39,3.87
"Green pepper sauce, prepacked",0.14,1.11
"Sauce, pepper, prepacked",0.19,1.64
"Sauce, pepper, prepacked",0.19,1.63
"Roquefort (blue cheese) sauce, prepacked",0.46,4.33
Red wine sauce,0.27,1.75
Yogurt sauce,0.18,1.46
"Cream sauce with mushrooms, prepacked",0.54,4.09
"Mushroom sauce, prepacked",0.54,3.82
"Barbecue sauce, prepacked",0.22,1.26
"Basque-style sauce or tomato sauce with sweet peppers, prepacked",0.21,1.08
"Bearnaise sauce, prepacked",0.55,5.01
"Bechamel sauce, home-made",0.22,2.04
"Bechamel sauce, prepacked",0.22,2.04
"Burgundy-style sauce, prepacked",0.37,2.78
"Burger sauce, prepacked",0.45,2.53
"Carbonara sauce (cream sauce with lardoons), prepacked",0.61,4.85
"Hunter-style sauce (a garnish of mushrooms, shallots and tomatoes in white wine sauce), prepacked",0.29,2.21
"Salad dressing, reduced fat, prepacked",0.45,2.53
"Salad dressing, prepacked",0.45,2.53
"Grand veneur sauce (a reduction of red wine with garlic, shallots and red currant jelly), prepacked",0.37,2.79
"Hollandaise sauce, prepacked",0.64,6.08
"Indian-style sauce, tandoori or garam masala type, prepacked",0.18,1.27
"Kebab sauce, prepacked",0.24,1.83
"Madeira wine sauce, prepacked",0.52,4.92
Mustard sauce prepacked,0.24,1.94
"Nuoc mam sauce or fish sauce, prepacked",0.14,0.94
"Sauce, pesto rosso, prepacked",0.45,2.56
"Sauce, pesto, prepacked",0.45,2.56
"Mayonnaise flavoured with garlic, chilli pepper and fish broth, prepacked",0.4,2.2
"Soy sauce, prepacked",0.1,0.75
"Tartare sauce, prepacked",0.19,1.63
"Tomato sauce, with meat or Bolognese sauce, prepacked",1.21,11.9
"Tomato sauce, w cheese, prepacked",0.2,1.23
"Tomato sauce, w mushrooms, prepacked",0.21,1.21
"Tomato sauce, with onions, prepacked",0.17,0.91
"Tomato sauce, w olives, prepacked",0.17,0.9
"Tomato sauce, w vegetables, prepacked",0.2,0.94
Vegetable Bolognese sauce,0.22,1.35
"Salad dressing, (50-75% of oil), prepacked",0.4,2.26
"Sage, fresh",0.13,0.81
"Sage, dried",0.4,1.55
Celery salt,0.08,0.6
"Salt, white, for human consumption (sea, igneous or rock), iodine added, no other enrichment",0.08,0.6
"Salt, white, for human consumption (sea, igneous or rock), no enrichment",0.08,0.6
"Sea salt, grey, no enrichment",0.08,0.6
"Syrup, agave",0.66,4.67
"Syrup, maple",0.25,2.01
Light syrup for canned fruits in syrup,0.08,0.73
Syrup for canned fruits in syrup,0.08,0.73
Oat bran,0.13,0.65
Wheat bran,0.04,0.33
Maize/corn bran,0.07,0.48
Rice bran,0.49,1.44
"Spirulina, (spirulina sp.), dried",1.23,6.75
"Meal replacement low calorie, Custard cream dessert-type",0.27,2.31
"Meal replacement low calorie, in powder, reconstituted with skimmed milk",0.27,2.31
"Meal replacement low calorie, in powder, reconstituted with skimmed milk, milkshake type",0.27,2.31
"Meal replacement low calorie, ready-to-drink",0.27,2.31
"Tapenade (a puree of capers, pitted black olives, anchovy and herbs, with olive oil and lemon juice",0.32,1.33
Tempeh,0.13,1.31
"Thyme, fresh",0.13,0.81
"Thyme, dried",0.4,1.55
"Vanilla, alcoholic extract",0.25,1.15
"Vanilla, aqueous extract",0.25,1.15
Vinegar,0.19,1.18
"Vinegar, balsamic",0.19,1.18
"Vinegar, cider",0.13,0.92
"Wakame (Undaria pinnatifida), dried or dehydrated",1.23,6.75
"Atlantic wakame (Alaria esculenta), dried or dehydrated",1.2,6.56
Biscuit for baby,0.32,1.83
Fruit-based beverage for baby from 4/6 months,0.2,0.79
Dairy cereal-based beverage with fruits for baby's snack from 4/6 months,0.19,1.6
Dairy cereal-based beverage with vegetables for baby's dinner from 4/6 months,0.19,1.61
Dairy cereal-based beverage for baby's breakfast,0.19,1.61
Dairy cereal-based beverage for baby's breakfast from 12 months,0.19,1.61
Dairy cereal-based beverage for baby's breakfast from 4/6 months,0.19,1.61
Dairy cereal-based beverage for baby's breakfast from 8/9 months,0.19,1.61
Instant cereal (powder to be reconstituted) for baby from 4/6 months,0.55,5.96
Instant cereal (powder to be reconstituted) for baby from 6 months,0.55,5.96
"Dairy dessert for baby, with rice or semolina",0.17,1.56
"Dairy dessert for baby, plain with sugar or with fruits",0.17,1.56
"Dairy dessert for baby, custard type",0.17,1.56
"Baby milk, first age, powder, non rehydrated",1.53,14.9
"Baby milk, first milk, ready to feed",0.14,1.51
"Baby milk, second age, powder, non rehydrated",1.53,14.9
"Baby milk, follow on milk, ready to feed",0.14,1.51
"Baby milk, growing up milk, ready to feed",0.13,1.41
Baby food jar with banana,0.11,0.67
Baby food jar without banana,0.11,0.67
"Baby food jar with vegetables and starch, from 4-6 months",0.13,0.87
"Baby food jar with vegetables, from 4-6 months",0.13,0.87
"Vegetable dish for baby, with milk/cream and starch, from 12 months",0.15,0.86
"Vegetable dish for baby, with milk/cream and starch, from 18 months",0.15,0.86
"Vegetable dish for baby, with milk/cream and starch, from 6-8 months",0.15,0.86
"Vegetable dish for baby, with milk/cream and starch, from 8-12 months",0.15,0.86
"Vegetable dish for baby, w meat/fish and starch, from 12 months",0.33,1.81
"Vegetable dish for baby, w meat/fish and starch, from 18 months",0.33,1.81
"Vegetable dish for baby, w meat/fish and starch, from 6-8 months",0.33,1.81
"Vegetable dish for baby, w meat/fish and starch, from 8-12 months",0.33,1.81
"Vegetable dish for baby, with starch, from 6-8 months",0.14,0.75
"Soup for baby, with vegetables and potatoes",0.07,0.53
"Soup for baby, with vegetables, cereals and milk",0.09,0.59
Pure alcohol,0.12,1.03
Wine-based aperitif,0.16,1.09
"Beer, regular (4-5° alcohol)",0.12,1.12
"Beer, ""specialty"", from abbey or regional (varying alcohol content)",0.12,1.12
"Beer, special (5-6° alcohol)",0.12,1.12
"Beer, dark",0.12,1.12
"Beer, low alcohol-content (3° alcohol)",0.12,1.12
"Beer, strong (>8° alcohol)",0.12,1.12
"Beer, alcohol-free (<1,2° alcohol)",0.12,1.12
"Oat-based drink, plain, prepacked",0.08,0.54
"Rice-based drink, plain",0.06,0.37
Coconut water,0.17,1.11
"Coconut-based drink, plain, prepacked",0.15,0.85
"Almond drink not sweet, not fortified, prepacked",0.06,0.37
"Bottled water, flavoured, without sugar and with artificial sweeteners",0.05,0.39
"Bottled water, flavoured, without sugar and artificial sweeteners",0.05,0.39
"Bottled water, flavoured, w sugar",0.05,0.39
Fruit juice with milk,0.22,0.86
"Soy drink, flavoured, with sugar",0.0466,0.45
"Soy drink, flavoured, enriched in calcium, w sugar or fruit concentrate",0.0466,0.45
"Soy drink, plain, prepacked",0.0439,0.45
"Soy drink, plain, fortified with calcium",0.0466,0.45
"Still soft drink with tea extract, flavoured, without sugar and with artificial sweeteners",0.1,0.52
"Still soft drink with tea extract, flavoured, with sugar",0.1,0.52
"Still soft drink with tea extract, with sugar and artificial sweetener(s)",0.1,0.52
"Instant cocoa or chocolate beverage, with sugar, fortified with vitamins and chemical elements, ready-to-drink (reconstituted with standard semi-skimm",0.13,1.45
"Instant cocoa or chocolate beverage, with sugar, ready-to-drink (reconstituted with standard semi-skimmed milk)",0.13,1.46
"Energy drink, without sugar and with artificial sweetener(s)",0.08,0.47
"Energy drink, with sugar",0.08,0.47
"Fruit soft drink, carbonated (less than 10% of fruit juice), without sugar and with artificial sweetener(s)",0.05,0.39
"Fruit soft drink, carbonated (less than 10% of fruit juice), without sugar and artificial sweetener(s)",0.05,0.39
"Fruit soft drink, carbonated (less than 10% of fruit juice), with sugar",0.07,0.44
"Fruit soft drink, carbonated (less than 10% of fruit juice), with sugar and artificial sweetener(s)",0.07,0.44
"Fruit soft drink, carbonated (10-50% of fruit juice), with sugar",0.07,0.44
"Soft drink, carbonated, without fruit juice, with sugar",0.09,0.51
"Soft drink, carbonated, without fruit juice, with sugar and artificial sweetener(s)",0.09,0.51
"Strawberry flavoured milk, with sugar, partially skimmed, fortified with vitamins D",0.15,1.37
"Chocolate flavoured milk, with sugar, partially skimmed, fortified with vitamins and chemicals elements",0.15,1.37
"Fruit soft drink, still (10-50% of fruit juice), reduced sugar",0.1,0.56
"Fruit soft drink, still (10-50% of fruit juice), with sugar",0.1,0.56
"Fruit soft drink, still (less than 10% of fruit juice), with sugar",0.1,0.56
"Fruit soft drink, still (fruit juice content unspecified), with sugar",0.1,0.56
"Fruit soft drink, still (less than 10% of fruit juice), without sugar and with artificial sweetener(s)",0.05,0.39
"Syrup (mint, strawberries flavouredetc.), with sugar diluted in water",0.02,0.1
"Cocoa powder, without sugar, powder, instant, non rehydrated",1.26,26.7
"Coffee with milk or Cappuccino with chocolate, powder, instant, non rehydrated",1.03,8.34
"Coffee with milk or Cappuccino, powder, instant, non rehydrated",1.03,7.79
"Coffee with milk or white coffee or cappuccino, instant coffee or not, without sugar, ready-to-drink",0.06,0.5
"Decaffeinated instant coffee, without sugar, ready-to-drink",0.26,1.67
"Decaffeinated not instant coffee, without sugar, ready-to-drink",0.11,0.64
"Espresso coffee, not instant coffee, without sugar, ready-to-drink",0.11,0.59
"Decaffeinated coffee, powder, instant, non rehydrated",4.46,28.5
"Instant coffee, without sugar, ready-to-drink",0.26,1.58
"Coffee, ground",1.84,9.99
"Not instant coffee, without sugar, ready-to-drink",0.11,0.59
"Coffee, powder, instant, non rehydrated",4.34,26.9
Champagne,0.18,1.23
"Mix of chicory and coffee, instant, without sugar, ready-to-drink (reconstituted with water)",0.29,2.28
"Mix of chicory and coffee, instant, without sugar, ready-to-drink (reconstituted with standard semi-skimmed milk)",0.29,2.28
"Mix of chicory and coffee, powder, instant, non rehydrated",2.07,14.3
"Instant chicory, without sugar and artificial sweeteners, ready-to-drink (reconstituted with standard semi-skimmed milk)",0.14,1.3
"Chicory, powder, instant, non rehydrated",0.8,5.43
"Chicory, powder, instant, ready-to-drink",0.02,0.12
Flavoured cider,0.14,1.06
"Cider, half-dry",0.14,1.06
"Cider, dry",0.14,1.06
"Cider, sweet",0.14,1.06
Cider,0.14,1.06
"Lemon or lime base, for beverage, without sugar (to be diluted)",0.11,0.85
Rum-based cocktail,0.11,0.89
Whiskey-based cocktail,0.09,0.84
"Cocktail, alcohol-free (juices and syrup-based cocktail)",0.12,0.92
"Cocktail, punch type, 16% alcohol",0.14,1.04
"Cola, without sugar and with artificial sweetener(s)",0.09,0.51
"Cola, without sugar, with artificial sweetener(s) and with caffeine",0.09,0.51
"Cola, with sugar",0.09,0.51
"Cola, with sugar and artificial sweetener(s)",0.09,0.51
"Cola, with sugar and without caffeine",0.09,0.51
Blackcurrant liqueur,0.21,1.48
Lemonade with a flavoured syrup,0.1,0.56
"Spring still water (Cristaline), bottled",0.04,0.27
"Spring water (Ogeu), bottled, lightly mineralized",0.04,0.27
Clear fruit brandy or eau-de-vie,0.11,1.03
"Spirit made from wine, armagnac or cognac type",0.12,1.03
"Water, bottled",0.04,0.27
"Mineral still water (Abatilles), bottled, lightly mineralized",0.04,0.27
"Mineral still water (Aix-les-Bains), bottled, lightly mineralized",0.04,0.27
"Mineral sparkling water (Aziac), bottled, lightly mineralized",0.04,0.27
"Mineral still water (Amanda), bottled, strongly mineralized",0.04,0.27
"Mineral still water (Appollinaris), bottled, strongly mineralized",0.04,0.27
"Mineral sparkling water (Arcens), bottled, averagely mineralized",0.04,0.27
"Mineral sparkling water (Ardesy), bottled, strongly mineralized",0.04,0.27
"Mineral still water (Avra), bottled, lightly mineralized",0.04,0.27
"Mineral sparkling water (Badoit), bottled, averagely mineralized",0.04,0.27
"Mineral still water (Beckerich), bottled, lightly mineralized",0.04,0.27
"Mineral still water (Biovive), bottled, lightly mineralized",0.04,0.27
"Water, mineral, carbonated ou non-carbonated, CAROLA",0.04,0.27
"Mineral still water (Celtic), bottled, very lightly mineralized",0.04,0.27
"Mineral still water (Chambon), bottled, lightly mineralized",0.04,0.27
"Mineral still water (Chantemerle), bottled, lightly mineralized",0.04,0.27
"Mineral sparkling water (Chateauneuf), bottled, strongly mineralized",0.04,0.27
"Mineral sparkling water (Chateldon), bottled, strongly mineralized",0.04,0.27
"Mineral still water (Chaudfontaine), bottled, lightly mineralized",0.04,0.27
"Mineral still water (Christinen Brunnen), bottled, averagely mineralized",0.04,0.27
"Mineral sparkling water (Cilaos), bottled, strongly mineralized",0.04,0.27
"Mineral still water (Clos de l'Abbaye), bottled, averagely mineralized",0.04,0.27
"Mineral still water (Contrex), bottled, strongly mineralized",0.04,0.27
"Mineral still water (Courmayer), bottled, strongly mineralized",0.04,0.27
"Mineral still water (Dax), bottled, averagely mineralized",0.04,0.27
"Mineral still water (Didier), bottled, strongly mineralized",0.04,0.27
"Mineral sparkling water (Didier), bottled, strongly mineralized",0.04,0.27
"Water, mineral, non-carbonated, EDEN",0.04,0.27
"Mineral still water (Evian), bottled, lightly mineralized",0.04,0.27
"Mineral still water (Hépar), bottled, strongly mineralized",0.04,0.27
"Mineral sparkling water (Hydroxydase), bottled, strongly mineralized",0.04,0.27
"Mineral still water (La Cairolle), bottled, strongly mineralized",0.04,0.27
"Mineral still water (La Française), bottled, strongly mineralized",0.04,0.27
"Mineral still water (Levissima), bottled, lightly mineralized",0.04,0.27
"Mineral still water (Luchon), bottled, lightly mineralized",0.04,0.27
"Mineral still water (Luso), bottled, very lightly mineralized",0.04,0.27
"Water, mineral, non-carbonated, MONT-BLANC",0.04,0.27
"Mineral still water (Montcalm), bottled, very lightly mineralized",0.04,0.27
"Mineral still water (Montclar), bottled, lightly mineralized",0.04,0.27
"Mineral water (Mont-Roucous, bottled, very lightly mineralized",0.04,0.27
"Mineral still water (Néro), bottled, lightly mineralized",0.04,0.27
"Mineral sparkling water (Nessel), bottled, averagely mineralized",0.04,0.27
"Mineral sparkling water (Ogeu), bottled, lightly mineralized",0.04,0.27
"Mineral still water (Ogeu), bottled, lightly mineralized",0.04,0.27
"Mineral still water (Orée du bois), bottled, averagely mineralized",0.04,0.27
"Mineral sparkling water (Orezza), bottled, averagely mineralized",0.04,0.27
"Mineral sparkling water (Parot), bottled, averagely mineralized",0.04,0.27
"Mineral still water (Penacova), bottled, very lightly mineralized",0.04,0.27
"Mineral sparkling water (Perrier), bottled, lightly mineralized",0.04,0.27
"Mineral still water (Plancoet), bottled, lightly mineralized",0.04,0.27
"Mineral still water (Prince Noir), bottled, strongly mineralized",0.04,0.27
"Mineral still water (Propiac), bottled, strongly mineralized",0.04,0.27
"Mineral sparkling water (Puits St Georges), bottled, averagely mineralized",0.04,0.27
"Mineral sparkling water (Quézac), bottled, averagely mineralized",0.04,0.27
"Mineral sparkling water (Reine des basaltes), bottled, averagely mineralized",0.04,0.27
"Mineral sparkling water (Rozana), bottled, strongly mineralized",0.04,0.27
"Mineral still water (Sail-les-Bains), bottled, lightly mineralized",0.04,0.27
"Mineral sparkling water (Salvetat), bottled, averagely mineralized",0.04,0.27
"Mineral water (San Bernardo), bottled, very lightly mineralized",0.04,0.27
"Mineral sparkling water (San Pellegrino), bottled, averagely mineralized",0.04,0.27
"Mineral still water (Spa-Reine), bottled, averagely mineralized",0.04,0.27
"Mineral sparkling water (St-Alban), bottled, averagely mineralized",0.04,0.27
"Mineral still water (St-Amand), bottled, averagely mineralized",0.04,0.27
"Mineral still water (St-Antonin), bottled, strongly mineralized",0.04,0.27
"Mineral sparkling water (St-Diéry), bottled, strongly mineralized",0.04,0.27
"Mineral sparkling water (Ste-Marguerite), bottled, averagely mineralized",0.04,0.27
"Mineral sparkling water (St-Géron), bottled, averagely mineralized",0.04,0.27
"Mineral sparkling water (St-Michel-de-Mourcairol), bottled, averagely mineralized",0.04,0.27
"Mineral sparkling water (St-Yorre), bottled, strongly mineralized",0.04,0.27
"Mineral still water (Thonon), bottled, lightly mineralized",0.04,0.27
"Mineral still water (Treignac), bottled, very lightly mineralized",0.04,0.27
"Mineral sparkling water (Vals), bottled, averagely mineralized",0.04,0.27
"Mineral still water (Valvert), bottled, lightly mineralized",0.04,0.27
"Mineral still water (Vauban), bottled, averagely mineralized",0.04,0.27
"Mineral sparkling water (Ventadour), bottled, lightly mineralized",0.04,0.27
"Mineral sparkling water (Vernet), bottled, lightly mineralized",0.04,0.27
"Mineral sparkling water (Vernière), bottled, averagely mineralized",0.04,0.27
"Mineral sparkling water (Vichy Célestins), bottled, strongly mineralized",0.04,0.27
"Mineral still water (Vittel), bottled, averagely mineralized",0.04,0.27
"Mineral sparkling water (Volvic active), bottled, lightly mineralized",0.04,0.27
"Mineral still water (Volvic), bottled, lightly mineralized",0.04,0.27
"Mineral still water (Wattwiller), bottled, lightly mineralized",0.04,0.27
Gin,0.12,1.03
"Pineapple juice, reconstituted from a concentrate",0.59,4.69
"Pineapple juice, pure juice",0.82,6.47
"Beetroot juice, pure juice",0.15,1.09
"Carrot juice, pure juice",0.08,0.35
"Lemon juice, pure juice",0.13,0.79
"Mixed red fruits juice, pure juice",0.14,0.63
"Mango juice, fresh",0.05,0.48
"Grapefruit juice, pure juice",0.61,0.92
"Apple juice, pure juice",0.08,0.5
"Grape juice, pure juice",0.09,0.45
"Tomato juice, pure juice (average)",0.1,0.5
"Orange juice, reconstituted from a concentrate",0.03,1.1
"Orange juice, home-made",0.13,0.91
"Mixed fruits juice, orange based, multivitamin",0.1,1.07
"Fruit juice, mixed - apple base, standard",0.06,0.72
"Mixed fruits juice, reconstituted from a concentrate, multivitamin",0.19,0.84
"Mixed fruits juice, pure juice, multivitamin",0.19,0.84
"Mixed fruits juice, pure juice",0.19,0.84
Kir (Cocktail of white wine with red fruit liqueur),0.19,1.31
Champagne kir (Cocktail of champagne with red fruit liqueur),0.19,1.32
Coconut milk or coconut cream,0.06,0.51
"Lemonade, without sugar, with artificial sweetener(s)",0.09,0.51
"Lemonade, with sugar",0.09,0.51
"Lemonade, with sugar and artificial sweetener(s)",0.09,0.51
Liqueur,0.21,1.35
Marsala wine,0.19,1.19
Apricot nectar,0.07,0.33
Banana nectar,0.07,0.47
Mango nectar,0.05,0.59
Peach nectar,0.22,0.93
Pear nectar,0.13,0.82
Orange nectar,0.03,0.78
"Mixed fruits nectar, multivitamin",0.19,0.84
Mixed fruits nectar,0.19,0.84
Shandy (beer + lemonade),0.11,1
"Shandy, prepacked (<1° alcohol)",0.11,1
Pastis (anise-flavoured spirit),0.12,1.03
Sparkling fruit wine,0.18,1.23
"Cocoa or chocolate powder, for beverages, with sugar, non rehydrated",1.31,27.1
"Cocoa or chocolate powder, for beverages, with sugar, fortified with vitamins, non rehydrated",1.31,27.1
"Cocoa or chocolate powder, for beverages, with sugar, fortified with vitamins and chemical elements, non rehydrated",1.31,27.1
Rum,0.12,1.03
Sake or rice wine,0.12,1.03
Sangria,0.21,1.42
"Syrup, with sugar (to be diluted)",0.15,1.03
Smoothie,0.11,0.69
"Tea, brewed, without sugar",0.01,0.04
"Black tea, brewed, without sugar",0.01,0.04
"Oolong tea, brewed, without sugar",0.01,0.04
"Green tea, brewed, without sugar",0.01,0.04
"Infusion, brewed, without sugar",0.01,0.04
"Tonic drink, without sugar, with artificial sweetener(s)",0.09,0.51
"Tonic drink, with sugar",0.09,0.51
"Tonic drink, with sugar and artificial sweetener(s)",0.09,0.51
"Wine, white, sparkling",0.18,1.23
"Wine, white, sparkling, flavoured",0.18,1.23
"Wine, white, dry",0.18,1.23
"Wine, white, sweet",0.17,1.09
"Wine, rose",0.17,1.19
"Wine, red",0.19,1.19
Vodka,0.12,1.03
Whisky,0.12,1.03
Mashed potatoes w fresh tome cheese,0.31,3.02
Vegetable fritters,0.25,1.33
"Meat, poultry or fish fritters, home-made",0.84,5.91
Veal stew in white sauce,1.55,15.4
"Durum wheat, pre-cooked, cooked, in a microwaveable bag",0.06,0.48
"Durum wheat pre-cooked, whole grain, cooked, to pan-fry",0.06,0.48
Beef stew with carrots,2.1,21.3
Burgundy-style beef stew,2.29,23.2
"Vol-au-vent, with meat/poultry/quenelle",0.58,4.45
Vol-au-vent with fish and seafood,1.37,7.67
"Broth, stock or bouillon, beef",0.01,0.14
"Broth, stock or bouillon, vegetables",0.02,0.13
"Broth, stock or bouillon, poultry",0.01,0.13
"Plant-based ball with wheat and/or soybean, prepacked",0.3,1.92
"Meat balls, beef, with tomato sauce",1.14,11.3
"Fritter, filled with potatoes (filo pastry)",0.61,3.48
"Fritter, filled with eggs (filo pastry)",0.61,3.48
"Fritter, filled with beef (filo pastry)",0.61,3.48
"Fritter, filled (filo pastry) (garnish : shrimps, vegetables, poultry, meat, etc.)",0.61,3.48
Fish on skewer,2.36,13.3
"Fish burger, fast foods restaurant",1.04,6.19
"Chicken burger , fast foods restaurant",0.6,4.62
Veggie burger,0.31,2.26
Burritos,0.83,7.99
"Savoury cake (with cheese, vegetables, meat, fish, poultry,etc.)",0.57,3.85
"Duck with sauce (green pepper sauce, hunter-style sauce,etc.)",0.84,6.36
"White bean stew, with duck or goose, canned",0.3,2.39
"White bean stew, with pork, canned",0.4,2.89
"White bean stew, canned",0.09,0.76
"Celeriac in remoulade sauce, prepacked",0.16,1.07
Greek-style marinated mushrooms,0.41,2.77
"Cheeseburger, from fast foods restaurant",1.72,17.3
Chili con carne,1.78,18.1
Stuffed cabbage,0.6,4.23
"Sauerkraut, with garnish",0.31,2.24
"Sauerkraut, without garnish, drained, cooked",0.12,1
Cockerel in red wine sauce,0.96,7.39
Couscous w meat,0.47,3.81
"Couscous with meat or chicken, light",0.4,2.98
Couscous w mutton,1.58,13.7
Couscous w fish,0.69,4.05
Couscous w chicken,0.36,2.72
Couscous with vegetables,0.13,0.9
Couscous royal (with different meats),0.47,3.81
"Crepe or buckwheat crepe, filled with scallops",0.68,4.91
"Crepe or buckwheat crepe, filled with egg, ham and cheese",0.51,3.76
"Crepe or buckwheat crepe, filled with fish and/or seafood",0.37,2.89
"Crepe or buckwheat crepe, filled with mushrooms and bechamel sauce",0.46,3.39
"Crepe or buckwheat crepe, filled with mushrooms and bechamel sauce, cooked",0.52,4.02
"Crepe or buckwheat crepe, filled with cheese and bechamel sauce",0.28,2.41
"Crepe, filled with ham",0.52,4.02
"Crepe or buckwheat crepe, filled with cheese, ham and bechamel sauce",0.52,4.02
"Crepe or buckwheat crepe, filled with cheese, ham, mushrooms and bechamel sauce",0.58,4.36
Croissant filled with ham,0.53,4.12
Croissant filled with ham and cheese,0.53,4.12
Toasted ham sandwich topped with grated cheese and a fried egg,0.51,4.22
Toasted ham sandwich topped with grated cheese,0.51,4.36
"Grilled cheese & ham sandwich, prepacked",0.51,4.36
"Cheeseburger, double, from fast foods restaurant",1.29,12.9
Chicory w ham,0.46,3.6
Spinach w cream sauce,0.21,1.99
Soy patty or vegetable escalope,0.28,1.86
Fajitas,0.35,2.41
Falafel,0.15,0.84
Fish or seafood in puff pastry,0.54,4.33
Snails in puff pastry,0.36,3.36
Meat in puff pastry,1.32,13.2
Cheese in puff pastry,0.46,4
Ham and cheese in puffed pastry,0.64,5.28
Ham and mushroom pancake in cheese sauce,1.13,7.7
Flamed tart (thin-crusted onion tart with cream and lardoons),0.35,2.4
Vegetable flan,0.28,1.95
"Focaccia, filled",0.44,3.19
Savoy-style fondue (cheese wine and bread),0.38,3.7
"Fougasse, filled",0.19,1.12
"Cheese and ham, breaded",0.53,5.16
Cereal patty (without soybean),0.21,1.51
"Plant-based patty or steak from wheat and soybean (vegan), prepacked",0.28,1.84
"Soy-based patty, plain (vegetable steak), prepacked",0.28,1.77
Small cheese chou-pastry puff,0.38,3.13
Eggplant au gratin (oven grilled),0.19,1.6
"Dauphiné-style creamed potatoes ""au gratin""",0.19,1.64
Cauliflower au gratin (oven grilled),0.18,1.61
Vegetables au gratin (oven grilled),0.19,1.6
Vegetables au gratin (oven grilled) in bechamel sauce,0.18,1.61
Pasta au gratin (oven grilled),0.32,2.76
Fish brandade or fish shepherd's pie,1.45,8.48
"Fish or seafood au gratin, intended to be cook",1.4,8.79
"Fish and shrimp 'au gratin', previously frozen",1.41,8.9
"Soy-based minced, prepacked",0.3,1.8
Shepherd's pie or cottage pie with meat,1.09,11
"Hamburger, from fast foods restaurant",1.7,17
"Haricot beans with tomato sauce, canned",0.1,0.59
Hot-dog,0.8,7.04
Rabbit with mustard sauce,0.71,5.49
"Lasagna or cannelloni with vegetables and goat cheese, cooked",0.31,2.39
Lasagna or cannelloni with meat (bolognese sauce),0.54,5.05
Lasagna or cannelloni with goat cheese and spinach,0.39,2.91
Lasagna or cannelloni with fish,0.4,3.33
Lasagna or cannelloni with vegetables,0.31,2.39
"Lasagna or cannelloni with vegetables, cooked",0.31,2.39
Stuffed vegetables (excluding tomato),0.59,4.09
"Mussels, filled (fat, parsley and garlic…)",0.38,3.23
"Mussels, in a shallot and white wine broth",0.38,3.23
Moussaka,2.6,22.6
Stewed lamb garnished with potatoes and other vegetables,2.91,25.3
Egg roll or Nem,0.6,3.31
"Egg roll or Nem, with pork, cooked",0.6,3.31
"Egg roll or Nem, with chicken, cooked",0.6,3.31
"Egg roll or Nem, with shrimp and/or crab, cooked",0.6,3.31
Noodles with shrimps sautéed/pan-fried,0.25,3.1
Soybean and wheat-based nuggets (vegan),0.24,1.58
Osso buco,1.39,14.2
Paëlla,0.58,3.05
"Vegetable rosti, pre-fried, frozen",0.21,1.18
"Vegetable rosti, pre-fried, frozen, cooked",0.21,1.18
"Large round sandwich with lettuce, tuna, anchovy and black olives",0.32,1.86
Shepherd's pie with duck,0.6,4.91
"Shepherd's pie with duck, cooked",0.6,4.91
"Pastilla, filled with chicken (pie)",0.6,3.87
"Bolognese-style pasta (spaghetti, tagliatelle…)",0.58,5.42
"Carbonara-style pasta (spaghetti, tagliatelle…)",0.34,2.72
"Pasta with cheese sauce (spaghetti, tagliatelle…)",0.34,2.94
"Fresh pasta, stuffed with vegetables (e.g. ravioli), raw",0.28,2.18
"Fresh pasta, stuffed with meat (e.g. bolognese-style ravioli), raw",1.42,13.8
"Fresh pasta, stuffed with meat (e.g. bolognese-style ravioli), cooked",1.42,13.8
"Fresh pasta, stuffed with cheese and vegetables (e.g. ravioli), raw",0.35,3.02
"Fresh pasta, stuffed with cheese and vegetables (e.g. ravioli), cooked",0.35,3.02
"Fresh pasta, stuffed with vegetables (e.g. ravioli), cooked",0.28,2.18
"Fresh pasta, stuffed with cheese (e.g. ravioli), raw",0.35,3.02
"Fresh pasta, stuffed with cheese (e.g. ravioli), cooked",0.35,3.02
Veal olive or veal paupiette,1.77,17.2
"Veal paupiette, cooked in oven",1.77,17.2
Poultry paupiette,1,7.37
Salt-cured pork belly with lentils,0.29,2.21
"Piperade, Basque-style (fondue of sweet peppers and tomatoes flavoured with onions and garlics)",0.17,1.22
"Pizza, onion anchovy and black olives",0.25,1.85
"Pizza, four cheeses",0.45,3.28
"Pizza, bolognese-style w meat",0.76,7.31
"Pizza, goat cheese and lardoons",0.53,3.54
"Pizza, chorizo or salami",0.34,2.43
"Pizza, cheese and tomato or Margherita pizza",0.23,1.63
"Pizza, chicken",0.4,2.96
"Pizza, salmon",0.34,2.45
"Pizza, cured ham",0.43,3.03
"Pizza, tuna",0.34,2.45
"Pizza, seafood",0.34,2.45
"Pizza, lardoons onions and cheese",0.53,3.54
"Pizza, vegetables or pizza 4 seasons",0.42,3.22
"Pizza, cheese and mushrooms",0.45,3.18
"Pizza, ham and cheese",0.43,3.03
"Pizza, ham cheese and mushrooms",0.44,3.24
"Pizza, kebab",0.43,3.03
Pizza with raclette or tartiflette cheese and lardoons,0.53,3.54
"Vegetables pan-fried or stir-fried, Asian-style, frozen, raw",0.17,1.19
"Vegetables pan-fried with mushrooms (country-style), frozen",0.17,1.19
"Grilled vegetables pan-fried, Mediterranean-style, frozen, raw",0.17,1.19
"Vegetables pan-fried without mushrooms, frozen, raw",0.17,1.19
"Pre-fried potatoes, pan-fried, lardoons or chicken, and other, without green vegetables",0.32,2.25
Fish w bordelaise sauce,1.25,8.85
White fish with Florentine-style sauce (spinach sauce),1.46,8.54
"White fish with shallots, mussels and white wine sauce",1.25,8.85
White fish with Parisian-style sauce (mushrooms sauce),1.55,9.35
White fish with Provencal-style sauce (tomato sauce),1.63,9.14
White fish with mustard sauce,1.46,8.54
White fish with tarragon sauce,1.46,8.54
White fish with sorrel sauce,1.46,8.54
"Fish, in sauce, frozen",1.47,8.74
Pork with caramel sauce,1.51,10.5
Boiled meat with vegetables,1.6,16.3
"Pork sausage stew with cabbage, carrots and potatoes",0.61,4.23
Chicken with curry and coconut milk sauce,0.89,6.76
"Chicken, Basque style",0.68,5.14
Quiche Lorraine (eggs and lardoons quiche),0.56,4.21
Ratatouille cooked,0.21,0.98
"Ravioli filled with meat, in tomato sauce, canned",0.31,3.15
"Dumplings, steamed, with shrimps, cooked",0.39,7.25
"Ravioli filled with vegetables, in tomato sauce, canned",0.26,1.96
"Risotto, w cheeses",0.34,2.38
"Risotto, w seafood",0.34,2.38
"Risotto, w vegetables",0.34,2.38
"Riste (Eggplant, tomatoes, onions)",0.21,0.98
"White rice, cooked, with vegetables and meat",0.44,2.47
"White rice, cooked, with chicken",0.52,2.89
Cantonese rice,0.51,2.48
Spring roll,0.33,2.33
"Caesar's salad (salad, chicken, croûtons, sauce)",0.37,3.12
"Prepared mixed meat/fish canned, drained salad",2.72,15.4
"Coleslaw, w sauce, prepacked",0.13,1.03
"Prepared pasta salad, with vegetable, meat or fish",0.4,2.89
"Prepared pasta salad, vegetarian",0.22,1.69
"Potato salad, piémontaise-style, prepacked",0.44,3.06
"Prepared potatoes salad, home-made",0.58,4.44
Prepared rice salad,0.33,1.43
"Prepared mixed tuna and vegetable salad, canned, drained",0.8,5.07
Beef samosas or samoosas,2.3,23.2
"Sandwich made with French bread, camembert cheese and butter",0.33,3.21
"Sandwich made with French bread, raw vegetables and mayonnaise",0.31,2.28
"Sandwich made with French bread, turkey, raw vegetables (lettuce & tomato) and mayonnaise",0.31,2.28
"Sandwich made with French bread, ham and emmental cheese",0.58,4.68
"Sandwich made with French bread, ham and butter",0.64,4.75
"Sandwich made with French bread, ham, emmental cheese and butter",0.58,4.68
"Sandwich made with French bread, hard-boiled egg, raw vegetables (tomato and lettuce) and butter",0.37,2.62
"Sandwich made with French bread, merguez sausage, ketchup and mustard",0.44,3.41
"Sandwich made with French bread, egg, raw vegetables (tomato and lettuce) and mayonnaise",0.29,1.86
"Sandwich made with French bread, pâté and pickles",0.4,3
"Sandwich made with French bread, pork, raw vegetables (lettuce & tomato) and mayonnaise",0.37,2.62
"Sandwich made with French bread, chicken, raw vegetables (lettuce & tomato) and mayonnaise",0.46,3.44
"Sandwich made with French bread, salami and butter",0.64,4.75
"Sandwich made with French bread, dry sausage and butter",0.44,3.41
"Sandwich made with French bread, smoked salmon and butter",0.29,1.86
"Sandwich made with French bread, tuna, raw vegetables (tomato and lettuce) and mayonnaise",0.38,2.42
"Sandwich made with French bread, tuna, sweet corn and raw vegetables",0.29,1.86
"Sandwich made with French bread, kebab and raw vegetables",1.35,11.6
"Sandwich made with pita bread, kebab and raw vegetables",1.35,11.6
"Sandwich made with wholemeal loaf bread, ham, raw vegetables, cheese (optional)",0.37,2.62
"Sandwich made with wholemeal loaf bread, ham and cheese",0.58,4.68
"Sandwich made with wholemeal loaf bread, chicken, raw vegetables and mayonnaise",0.46,3.44
"Sandwich made with wholemeal loaf bread, tuna, raw vegetables and mayonnaise",0.38,2.42
"Sandwich made with loaf bread, various filling",0.37,2.62
"Sandwich made with panini bread, raw cured ham, mozzarella cheese and tomato",0.54,4.32
Salmon with sorrel,0.73,5.74
Cheese soufflé,0.36,2.93
"Soup, carrots, prepacked, to be reheated",0.07,0.45
"Soup, tomato and vermicelli, dehydrated and reconstituted",0.12,0.54
"Soup, tomatoes and vermicelli, prepacked, to be reheated",0.09,0.58
"Soup, tomatoes, dehydrated and reconstituted",0.1,0.37
"Soup, tomatoes, prepacked, to be reheated",0.06,0.42
"Soup, chicken and vegetables, dehydrated and reconstituted",0.02,0.13
"Soup, chicken and vegetables, prepacked, to be reheated",0.02,0.13
"Soup, chicken and vermicelli, dehydrated and reconstituted",0.18,0.96
"Soup, chicken and vermicelli, prepacked, to be reheated",0.15,1
"Soup, onions, dehydrated and reconstituted",0.3,2.18
"Soup, onions, prepacked, to be reheated",0.26,2.23
"Soup, Asian-style with noodles, dehydrated and reconstituted",0.45,6.61
"Soup, Asian-style with noodles, prepacked, to be reheated",0.41,6.65
"Soup, watercress, dehydrated and reconstituted",0.12,0.52
"Soup, watercress, prepacked, to be reheated",0.08,0.56
"Soup, pistou (basil, garlic and olive oil), dehydrated and reconstituted",0.14,0.48
"Soup, pistou (basil, garlic and olive oil), prepacked, to be reheated",0.1,0.52
"Soup, pumpkin, dehydrated and reconstituted",0.14,0.7
"Soup, pumpkin, prepacked, to be reheated",0.1,0.74
"Soup, asparagus, dehydrated and reconstituted",0.24,1.45
"Soup, asparagus, prepacked, to be reheated",0.2,1.5
"Soup, cereals and vegetables, dehydrated and reconstituted",0.12,0.54
"Soup, mushrooms, dehydrated and reconstituted",0.49,3.55
"Soup, mushrooms, prepacked, to be reheated",0.45,3.6
"Soup, vegetables with cheese, prepacked, to be reheated",0.15,1.24
"Soup, mixed vegetables, dehydrated and reconstituted",0.12,0.47
"Soup, mixed vegetables, prepacked, to be reheated",0.08,0.51
"Soup, green vegetables, dehydrated and reconstituted",0.17,1.02
"Soup, green vegetables, prepacked, to be reheated",0.14,1.06
"Soup, lentils, prepacked, to be reheated",0.07,0.46
"Soup, leek and potato, dehydrated and reconstituted",0.1,0.41
"Soup, leek and potato, prepacked, to be reheated",0.07,0.45
"Soup, split peas, prepacked, to be reheated",0.07,0.46
"Soup, chorba frik, w meat and frik",0.5,4.24
"Soup, fish and/or crustacean, dehydrated and reconstituted",1.47,8.22
"Soup, fish and/or crustacean, prepacked, to be reheated",1.44,8.27
"Soup, gazpacho, cold",0.06,0.42
"Soup, Moroccan, dehydrated and reconstituted",0.51,3.91
"Soup, minestrone, dehydrated and reconstituted",0.24,1.56
"Soup, minestrone, prepacked, to be reheated",0.1,0.52
Chinese specialty or dumplings,0.43,7.49
Sushi or maki with seafood products,0.45,2.45
"Tabbouleh with chicken, prepacked",0.28,2.15
"Tabbouleh, prepacked",0.13,1.03
Mutton tagine,3.08,26.7
Chicken tagine,0.73,5.44
Provencal-style tart,0.26,2.11
Tomato tart,0.26,2.11
Onion tart,0.33,2.51
Cheese tart,0.39,3.25
Maroilles cheese tart or maroilles cheese flamiche,0.48,3.9
Salmon tart,0.42,3.25
Vegetables tart,0.26,2.11
Scallops tart,0.56,4.17
Goat cheese and spinach tart,0.48,3.9
Leek tart or pie,0.34,2.66
Tartiflette (cheese fondue),0.3,2.53
Vegetable terrine or mousse,0.19,1.32
Squid and spicy tomato sauce pie,0.46,2.49
Canapés (toasts w various toppings),0.2,1.79
"Tofu, plain",0.09,0.67
Provencal-style tomato (breaded tomatoes stuffed with garlic and parsley),0.16,1.11
Stuffed tomatoes,0.59,4.16
Riesling wine and pork pie,1.48,12.1
Caen-style tripe,2.2,22.6
"Caen-style tripe, prepacked",2.2,22.6
Provencal-type tripe (with tomato),1.96,20
"Wheat tortilla wrap, filled with soy-based, vegetarian",0.27,1.49
"Yakitori (grilled meat on skewers, Japanese-style, with sauce)",0.97,6.71
"Apricot, canned in light syrup, drained",0.17,0.93
"Apricot, canned in light syrup, not drained",0.1,0.55
"Apricot, in syrup, canned, drained",0.17,0.94
"Apricot, in syrup, canned, not drained",0.1,0.55
"Apricot, pitted, raw",0.11,0.88
"Apricot, pitted, dried",0.39,1.8
"Almond, (with peel)",0.76,2.69
"Almond, grilled, salted",0.76,2.69
"Almond, peeled, unpeeled or blanched",0.76,2.69
"Pineapple, in pineapple juice and syrup, canned, drained",0.25,1.42
"Pineapple, in pineapple juice and syrup, canned, not drained",0.15,0.86
"Pineapple, in light syrup, canned, drained",0.25,1.43
"Pineapple, in light syrup, canned, not drained",0.15,0.86
"Pineapple, pulp, raw",0.18,1.29
"Peanut, boiled/cooked in water, w salt",0.59,4.25
"Artichoke, canned, drained",0.19,1.84
"Artichoke, heart, canned, drained",0.19,1.84
"Artichoke, globe, raw",0.35,3.88
"Artichoke, globe, cooked",0.13,1.25
"Artichoke base, canned, drained",0.2,1.96
"Artichoke base, frozen, raw",0.19,1.61
"Asparagus, canned, drained",0.2,1.15
"Asparagus, white or purple, peeled, raw",0.3,1.56
"Asparagus, boiled/cooked in water",0.39,2.25
"Asparagus, peeled, raw",0.29,1.43
"Asparagus, green, raw",0.3,1.56
"Eggplant, raw",0.07,0.46
"Eggplant, cooked",0.11,0.84
"Avocado, pulp, raw",0.33,1.48
"Bamboo shoots, raw",0.22,1.07
"Bamboo shoots, canned, drained",0.26,1.67
"Plantain banana, raw",0.11,0.72
"Plantain banana, cooked",0.19,1.34
"Banana, pulp, raw",0.12,0.88
"Banana, pulp, dried",0.56,2.17
"Swiss chard, raw",0.06,0.54
"Swiss chard, cooked",0.11,1.04
"Beetroot, raw",0.06,0.36
"Beetroot, cooked",0.11,0.89
Peanut butter or peanut paste,0.48,3.19
"Broccoli, raw",0.09,0.9
"Broccoli, cooked",0.13,1.28
"Broccoli, puree",0.12,1.2
"Broccoli, frozen, raw",0.14,1.17
"Broccoli, frozen, cooked",0.17,1.46
Peanut,0.58,4.16
"Peanut, grilled",0.58,4.16
"Peanut, grilled, salted",0.58,4.16
"Cranberry, raw",0.66,1.54
"Carambola, pulp, raw",0.18,0.53
"Cardoon, raw",0.09,0.76
"Cardoon, cooked",0.14,1.29
"Carrot, canned, drained",0.11,1.01
"Carrot, raw",0.06,0.36
"Carrot, cooked",0.11,0.94
"Carrots, puree",0.09,0.67
"Carrot, frozen, raw",0.11,0.74
"Carrot, frozen, cooked",0.14,0.95
Grated carrots,0.13,0.99
"Black currant, raw",0.23,1.8
"Celery stalk, canned, drained",0.13,1.37
"Celery stalk, raw",0.07,0.68
"Celery stalk, cooked",0.11,1.13
"Celeriac, raw",0.07,0.46
"Celeriac, cooked",0.11,0.94
"Celeriac, puree",0.09,0.63
"Cherry, pitted, raw",0.55,1.34
"Morel, raw",0.08,0.49
"Chestnut, canned",0.36,1.48
"Chestnut, boiled/cooked in water",0.5,2.19
"Chestnut, raw",0.5,1.88
"Chestnut, grilled",0.47,1.94
"Seeds, chia, dried",0.87,3.5
"Red endive, raw",0.09,0.63
"Green endive, raw",0.09,0.63
"Potato crisps and related, reduced fat",0.22,1.54
"Potato crisps, ""à l'ancienne"" (old-fashioned style)",0.22,1.54
Potato crisps,0.22,1.54
"White cabbage, raw",0.06,0.66
"Chinese cabbage (nappa cabbage or bok choy), cooked",0.13,1.29
"Chinese cabbage (nappa cabbage or bok choy), raw",0.08,0.86
"Brussels sprout, canned, drained",0.12,1.11
"Brussels sprout, raw",0.07,0.58
"Brussels sprout, cooked",0.11,1.06
"Brussels sprout, frozen, raw",0.12,0.95
"Brussels sprout, frozen, cooked",0.15,1.2
"Curly kale, raw",0.08,0.73
"Curly kale, cooked",0.13,1.25
"Romanesco cauliflower or romanesco broccoli, raw",0.08,0.74
"Red cabbage, boiled/cooked in water",0.12,1.3
"Red cabbage, raw",0.08,0.86
"Green cabbage, raw",0.08,0.86
"Green cabbage, boiled/cooked in water",0.13,1.29
"Cauliflower, raw",0.08,0.74
"Cauliflower, cooked",0.12,1.11
"Cauliflower, frozen, raw",0.12,1.02
"Cauliflower, frozen, cooked",0.16,1.28
"Kohlrabi, boiled/cooked in water",0.13,1.24
"Turnip cabbage, raw",0.07,0.46
"Lime, pulp, raw",0.14,0.53
"Lemon, pulp, raw",0.17,0.71
"Lemon zest, raw",0.2,0.88
"Pumpkin, pulp, raw",0.09,0.62
"Clementine, pulp, raw",0.42,1.22
"Palm heart, canned, drained",0.26,1.64
"Quince, raw",0.08,0.54
Apple compote,0.12,0.84
"Fruits compote, miscellaneous",0.12,0.79
"Fruits compote, miscellaneous, reduced sugar",0.11,0.79
"Fruits compote, miscellaneous, reduced sugar, refrigerated",0.12,0.81
"Cucumber, pulp and peel, raw",0.06,0.47
"Cucumber, pulp, raw",0.06,0.47
"Strawberry, coulis",0.37,2.38
"Raspberry, coulis",0.45,2.22
"Squash, butternut, pulp, raw",0.09,0.62
"Sweet green hokkaido squash, pulp, raw",0.08,0.6
"Squash, melonnette jaspée from Vendée, pulp, raw",0.09,0.62
"Pumpkin (cucurbita moschata), pulp, raw",0.08,0.6
"Squash, spaghetti, pulp, raw",0.09,0.62
"Squash, spaghetti, pulp, cooked",0.14,1.12
"Squash, all types, raw",0.09,0.62
"Courgette or zucchini, pulp and peel, raw",0.07,0.48
"Courgette or zucchini, pulp and peel, cooked",0.12,0.92
"Courgette or zucchini, pulp and peel, frozen, raw",0.12,0.84
"Courgettes, puree",0.11,0.85
Chestnut cream,0.39,1.67
"Chestnut cream, vanilla flavoured, canned",0.35,1.51
"Garden cress, raw",0.12,0.94
"Watercress, raw",0.08,0.83
"Chinese or Japanese artichokes, frozen, raw",0.1,0.66
"Cucurbitacea, seed",0.87,3.5
"Date, pulp and peel, dried",0.35,2.76
"Fruits dessert, all types (fruits dessert's sugar content is less than fruits compote but more than fruits compote reduced sugar)",0.12,0.96
"Shallot, raw",0.06,0.37
"Shallot, cooked",0.12,0.92
"Chicory, raw",0.12,0.94
"Spinach, canned, drained",0.09,0.88
"Spinach, raw",0.05,0.39
"Spinach, cooked",0.09,0.8
"Spinach, young leaves, raw",0.05,0.39
"Spinach, puree",0.08,0.72
"Spinach, frozen, raw",0.09,0.75
"Spinach, frozen, cooked",0.12,0.97
Chestnut flour,0.62,2.56
"Fennel, boiled/cooked in water",0.17,1.52
"Fennel, raw",0.11,0.96
"Broad bean, to shell, fresh",0.12,0.95
"Broad bean, cooked",0.06,0.42
"Broad bean, fresh, frozen",0.07,0.5
"Broad bean, peeled, frozen, raw",0.15,1.15
"Broad bean, without peal, frozen, water boiled",0.07,0.5
"Broad bean, dried",0.12,0.95
"Broad bean, frozen, water boiled",0.07,0.5
"Prickly pear, pulp and seeds, raw",0.09,0.36
"Fig, raw",0.22,0.61
"Fig, dried",0.57,1.08
Leeks fondue or slow-simmered leeks,0.29,2.51
"Strawberry, in-season, raw",0.13,0.48
"Strawberry, off-season, raw",0.14,0.55
"Strawberry, raw",0.13,0.5
"Raspberry, raw",0.32,1.48
"Raspberry, frozen, raw",0.38,1.93
"French fries or chips, frozen, deep-fried",0.24,1.53
"French fries or chips, frozen, raw, intended to be deep-fried",0.19,1.29
"French fries or chips, frozen, raw, intended to be microwaved",0.16,1.2
"French fries or chips, frozen, raw, intended to be roasted/baked",0.19,1.28
"French fries or chips, frozen, roasted/baked",0.19,1.28
"Breadfruit, raw",0.17,0.43
"Passion fruit, pulp and pips, raw",0.11,0.89
"Red berries (raspberries, strawberries, red currants, black currants) , raw",0.32,1.48
"Okra, cooked, without salt",0.18,1.6
"Guava, pulp, raw",0.14,1.12
"Pomegranate, pulp and pips, raw",0.07,0.49
"Morello cherry, raw",0.52,0.97
"Gooseberry, raw",0.27,1.31
"Red currant, raw",0.23,1.79
"Butter bean or yellow bean, canned, drained",0.18,1.13
"Butter bean or yellow bean, raw",0.12,0.51
"Butter bean or yellow bean, frozen, raw",0.16,0.81
"Haricot bean, canned, drained",0.13,0.77
"Haricot bean, cooked",0.06,0.25
"Haricot bean, dry",0.12,0.56
"Lima bean, raw",0.1,0.77
"Flageolet bean, canned, drained",0.14,1.15
"Flageolet bean, cooked",0.06,0.42
"flageolet bean, frozen",0.07,0.5
"Flageolet bean, green, cooked",0.06,0.42
"Flageolet bean, green, dried",0.12,0.95
"Mung bean, sprouted or soy spouts, canned, drained",0.18,1.64
"Mung bean, sprouted or soy spouts, raw",0.1,0.77
"Mung bean, cooked",0.06,0.42
"Beans, mung, mature, seeds, dry",0.14,0.67
"Flat bean, raw",0.12,0.51
"Red kidney bean, canned, drained",0.14,1.19
"Red kidney bean, cooked",0.06,0.42
"Red kidney bean, dried",0.12,0.95
"French bean, raw (Kenya by plane)",0.54,6.47
"French bean, canned, drained",0.18,1.07
"French bean, raw",0.11,0.41
"French bean, cooked",0.16,0.85
"French bean, frozen, raw",0.17,0.67
"French bean, frozen, cooked",0.21,0.87
"French bean, puree",0.15,0.76
"Yam or Indian potato, peeled, boiled/cooked in water",0.11,0.73
"Yam or Indian potato, peeled, raw",0.07,0.45
"Thinly-shredded or diced vegetables, frozen, raw",0.11,0.73
"Persimmon, pulp, raw",0.1,0.9
"Kiwi fruit, pulp and seeds, raw",0.17,0.98
"Kumquat, without pips, raw",0.15,0.54
"Iceberg lettuce, raw",0.09,0.9
"Cos or romaine lettuce, raw",0.12,0.94
"Lettuce, raw",0.12,0.94
"Vegetables (3-4 types), mashed",0.14,0.98
"Mixed vegetables for couscous, cooked",0.13,0.87
"Mixed vegetables for couscous, frozen, raw",0.11,0.8
"Mixed vegetables for soups, frozen, raw",0.25,1.54
"Mixed vegetables for ratatouille, frozen",0.12,0.81
"Mixed vegetables, frozen, raw",0.25,1.54
"Lentil, blond, cooked",0.06,0.4
"Lentil, blond, dried",0.13,0.91
"Lentil, pink or red, cooked",0.06,0.4
"Lentil, pink or red, dried",0.13,0.91
"Green lentil, cooked",0.06,0.4
"Lentil, green, dried",0.13,0.91
"Lentil, seasoned, canned, drained",0.14,1.11
"Lentil, cooked",0.06,0.4
"Lentils, sprouted",0.13,0.91
"Lentil, dried",0.13,0.91
"Flaxseed, brown",0.56,3.59
Flaxseed,0.56,3.59
"Lychee, pulp, raw",0.18,0.53
"lupin grain, raw",0.15,1.17
"Alphalfa seeds, raw",0.87,3.5
"Alfalfa seeds, sprouted, raw",0.87,3.5
"Diced mixed vegetables, canned, drained",0.11,0.9
"Mixed diced vegetables, frozen",0.13,0.77
"Fruit cocktail or salad, canned in light syrup, drained",0.25,1.03
"Fruit cocktail or salad, canned in light syrup, not drained",0.15,0.63
"Fruit cocktail or salad, canned in syrup, drained",0.26,1.15
"Fruit cocktail or salad, canned in syrup, not drained",0.15,0.63
"Lamb's lettuce, raw",0.12,0.94
"Sweet corn, canned, drained",0.18,1.32
"Sweet corn, on the cob, cooked",0.2,1.45
"Sweet corn, on the cob, frozen, raw",0.16,1.01
"Sweet corn, frozen, raw",0.16,1.01
"Mandarin, pulp, raw",0.15,0.42
"Mango, pulp, raw (Brazil by plane)",0.91,10.6
"Mango, pulp, raw",0.2,0.69
"Cassava or manioc, roots, raw",0.08,0.53
"Cassava or manioc, roots, cooked",0.12,0.86
Mix of unsalted grains/nuts and dried fruit,0.45,1.9
Mix of unsalted grains/nuts and raisins,0.45,1.9
Mix of salted grains/nuts and raisins,0.45,1.9
"Melon, cantaloupe (ex Cavaillon or Charentais melon), pulp, raw",0.15,0.93
"Melon, honeydew, pulp, raw",0.15,0.93
"Mesclun or salads, mix of baby leaves",0.16,1.1
"Blackberry, raw",0.28,0.94
"Blackberry, frozen, raw",0.34,1.38
"Black mulberry, raw",0.34,1.21
"Blueberry, raw",0.28,0.88
"Blueberry, frozen, raw",0.35,1.33
"Turnip, cooked",0.1,0.8
"Turnip, peeled, raw",0.06,0.36
"Turnip, frozen, raw",0.11,0.74
"Nectarine, pulp and peel, raw",0.21,0.64
Hazelnut,0.85,4.65
"Hazelnut, grilled",0.88,4.92
"Hazelnut, grilled, salted",0.88,4.92
"Cashew nut, grilled, salted",0.68,3.61
"Coconut, immature kernel, fresh",0.43,2.49
"Coconut, ripe kernel, fresh",0.43,2.49
"Coconut, kernel, dried",0.43,2.49
Macadamia nut,0.91,3.65
"Macadamia nut, grilled, salted",0.91,3.65
Pecan nut,0.91,3.65
"Pecan nut, salted",0.91,3.65
Brazil nut,0.6,7.35
"Walnut, fresh",0.95,4.16
"Walnut, dried, husked",0.95,4.16
"Onion, raw",0.06,0.39
"Onion, cooked",0.11,0.83
"Onion, dried",1.15,3.7
"Onion, frozen, raw",0.13,0.92
"Orange, pulp, raw",0.15,0.63
"Sorrel, raw",0.09,0.63
"Pummelo, pulp, raw",0.67,0.77
"Parsnip, raw",0.07,0.46
"Parsnip, cooked",0.11,0.94
"Papaya, pulp, raw",0.1,0.86
"Watermelon, pulp, raw",0.11,0.64
"Sweet potato, raw",0.04,0.3
"Sweet potato, cooked",0.08,0.71
"Sweet potato, puree, cooked with cream",0.12,0.91
"Almond paste or marzipan, prepacked",0.56,2.37
"Peach, canned in light syrup, drained",0.32,1.22
"Peach, canned in light syrup, not drained",0.18,0.68
"Peach, pulp and peel, raw",0.21,0.6
"Peach, dried",4.34,8.17
"Garden peas and carrots, canned, drained",0.12,0.99
"Garden peas and carrots, frozen, raw",0.16,0.9
"Garden peas and carrots, frozen, cooked",0.17,1.02
"Garden peas, canned, drained",0.18,1.32
"Garden peas, raw",0.1,0.67
"Garden peas, cooked",0.15,1.11
"Green peas, puree",0.14,1.01
"Garden peas, frozen, raw",0.16,1.02
"Garden peas, frozen, cooked",0.19,1.28
Pine nuts,0.58,4.16
"Chili pepper, raw",0.11,1.18
"Dandelion, raw",0.12,0.94
"Pistachio nut, grilled",0.69,7.26
"Pistachio nut, grilled, salted",0.69,7.26
"Pear, canned in light syrup, not drained",0.11,0.49
"Pear, pulp and peel, raw",0.09,0.36
"Pear, peeled, raw",0.09,0.36
"Leek, raw",0.1,0.77
"Leek, cooked",0.15,1.3
"Leek, frozen, raw",0.14,1.06
"Split pea, cooked",0.06,0.38
"Split pea, dried",0.12,0.87
"Chick pea, canned, drained",0.25,1.92
"Chick pea, cooked",0.06,0.44
"Chick pea, dried",0.14,0.99
"Snow pea, boiled/cooked in water",0.19,1.47
"Snow pea, raw",0.13,0.91
"Snow pea, cooked",0.19,1.47
"Sweet pepper, yellow, raw",0.11,1.18
"Sweet pepper, red, canned, drained",0.12,1.3
"Sweet pepper, red, raw",0.11,1.18
"Sweet pepper, red, cooked",0.16,1.78
"Sweet pepper, green, raw",0.11,1.18
"Sweet pepper, green, cooked",0.16,1.78
"Sweet pepper, green, yellow or red, raw",0.11,1.18
"Grapefruit, yellow, pulp, raw",0.31,0.87
"Grapefruit, red or pink, pulp, raw",0.31,0.87
"Grapefruit, pulp, raw",0.31,0.87
"Apple, Canada, pulp, raw",0.06,0.4
"Dauphine potato, frozen, raw",0.27,2.08
"Dauphine potato, frozen, cooked",0.42,3.05
"Ware potato, boiled/cooked in water, peeled",0.07,0.65
"Duchesse potato, frozen, raw",0.21,1.72
"Duchesse potato, frozen, cooked",0.33,2.53
"Mashed potato balls pre-fried, frozen, raw",0.37,3.43
"Mashed potato balls pre-fried, frozen, cooked",0.55,4.97
"New potato, raw",0.04,0.37
"Early potato, boiled/cooked in water, peeled",0.07,0.65
"Potato, pre-fried into cubes, frozen, raw",0.12,0.97
"Potato, pre-fried into cubes, frozen, cooked",0.21,1.46
"Potato, sautéed/pan-fried, with goose fat",0.08,0.67
"Potato, steamed, vacuum-packed",0.09,0.82
"Potato, boiled/cooked in water",0.09,0.82
"Potato flakes, dehydrated, with milk or cream",0.15,1.3
"Potato flakes, dehydrated, plain",0.12,0.7
"Potato puree, made from flakes, reconstituted with semi-skimmed milk and water, unsalted",0.16,1.38
"Potato puree, made from flakes, reconstituted with whole milk, with added fat",0.16,1.38
"Potato puree, with milk and butter, unsalted",0.16,1.38
"Potato, roasted/baked",0.11,0.82
"Potato, peeled, raw",0.05,0.49
"Potato, peeled, baked",0.11,0.81
"Potato, sautéed/pan-fried",0.09,0.86
"Apple, var. Golden, pulp and skin, raw",0.08,0.46
"Apple, pulp and peel, raw",0.06,0.4
"Apples, raw, without skin, cooked, boiled/cooked in water",0.1,0.85
"Apple, pulp, raw",0.06,0.4
"Apple, pulp, roasted/baked",0.12,0.8
"Apple, dried",0.47,1.68
"Red kuri squash, pulp, raw",0.08,0.6
"Pumpkin, canned, drained",0.13,1.12
"Pumpkin, raw",0.09,0.62
"Pumpkin, cooked",0.14,1.12
"Spring vegetables, frozen, raw (French beans, carrots, potatoes, green peas, onions)",0.25,1.55
"Greengage plum, raw",0.52,0.97
"Plum, raw",0.52,0.96
Prune,2.01,2.85
"Fruits puree, without sugar added",0.13,0.8
"Radish, black, raw",0.06,0.6
"Radish, raw",0.06,0.6
"Grape, white, raw",0.08,0.46
"Grape, red, raw",0.08,0.46
"Grape, raw",0.08,0.46
Raisin,0.26,1.04
"Rhubarb, stalk, raw",0.08,0.72
"Rhubarb, stalk, cooked, with sugar",0.19,1.77
"Roman rocket, raw",0.12,0.94
Rostis or Potatoes cake,0.19,1.18
"Rutabaga or Swede, raw",0.07,0.46
"Rutabaga or Swede, cooked",0.12,0.95
"Fruit salad, raw",0.21,1.1
"Curly endive, raw",0.09,0.63
"Green salad, raw, without seasoning",0.12,0.94
"Glasswort (Salicornia sp.), fresh",0.16,1.17
"Salsify, black, raw",0.07,0.46
"Salsify, canned, drained",0.12,1.06
"Salsify, cooked",0.11,0.94
"Salsify, frozen, raw",0.1,0.71
Escaroles,0.16,1.1
Sesame seed,1.02,5.18
"Sesame seed, husked",1.02,5.18
"Sesame seed, grilled, husked",1.02,5.18
"Soybean, whole grain",0.16,1.56
"Elderberry, berries, raw",0.17,0.87
Tahini (sesame paste),0.53,2.78
"Tamarind, mature fruit, pulp, raw",0.12,0.49
"Tapioca, raw",0.1,0.8
"Taro, tuber, raw",0.09,0.63
"Taro, tuber, cooked",0.17,1.35
"New Zealand spinach, cooked",0.09,0.8
"Tomato, cherry, raw",0.07,0.58
"Tomato, in season, raw",0.07,0.58
"Tomato, off season, raw",0.19,1.96
"Tomato, green, raw",0.09,0.7
"Tomato paste, concentrated, canned",0.38,2.82
"Tomato coulis, canned (tomato puree semi-reduced 11%)",0.1,0.67
"Tomato, raw",0.09,0.7
"Tomato paste, double concentrate, canned",0.59,4.13
"Tomato, peeled, canned, drained",0.17,1.26
"Tomato, pulp and peel, boiled/cooked in water",0.15,1.23
"Tomato, roasted/baked, with skin",0.17,1.21
"Tomato pulp, canned",0.13,0.92
"Tomato puree, canned",0.1,0.67
"Tomato, dried",1.79,7.48
"Tomato, dried, in oil",1.79,7.48
"Jerusalem artichoke, raw",0.06,0.51
"Jerusalem artichoke, cooked",0.12,1.13
Sunflower seed,0.4,3.25
"Sunflower seed, grilled, salted",0.4,3.25
"Ice cream, chocolate coated",0.22,1.74
Ice cream log,0.22,1.74
Frosted lemon or orange (sorbet),0.22,1.74
"Goblet of ice cream, peach Melba or Belle Helene pear type",0.25,2.08
"Goblet of ice cream, coffee or chocolate ice cream topped with whipped cream",0.25,2.08
"Frozen dessert, puff pastry, to share",0.22,1.74
"Frozen dessert, ice cream with meringue, vacherin ice cream or mystery ice cream type",0.22,1.74
"Frozen dessert, Sundae ice cream type",0.22,1.74
Ice lolly,0.15,0.9
Frozen yogurt,0.22,1.74
"Ice cream on stick, with chocolate coating",0.22,1.74
"Ice cream, cone (normal size)",0.22,1.74
"Ice cream, in box",0.22,1.74
"Ice cream, luxury, in box",0.22,1.74
"Ice cream, luxury, in cup",0.22,1.74
"Ice cream, cone, mini",0.22,1.74
"Ice cream, in cup for children",0.22,1.74
"Ice cream, in individual cup",0.22,1.74
Iced nougat,0.22,1.74
baked Alaska,0.22,1.74
Peach melba (with vanilla ice cream and raspberry sauce),0.25,2.08
Belle Helene pear dessert (cooked pear topped with hot chocolate sauce on a bed of vanilla ice cream),0.22,1.74
"Profiteroles (chou pastry), with vanilla ice cream and chocolate sauce",0.31,3.62
"Sorbet, on stick",0.22,1.07
"Sorbet, in box",0.21,0.99
"Abondance cheese, from cow's milk",0.56,5.98
"Asiago cheese, from cow's milk",0.55,5.89
"Beaufort cheese, from cow's milk",0.57,6.1
"Gex blue cheese, or Jura blue cheese or Septmoncel blue cheese, from cow's milk",0.51,5.5
"Dairy drink or fermented milk or yogurt, flavoured, with sugar",0.22,1.66
"Dairy drink or fermented milk or yogurt, with fruits, with sugar",0.22,1.66
"Dairy drink or fermented milk or yogurt, plain, with sugar, with L Casei",0.22,1.66
"Brie de Meaux cheese, from cow's milk",0.47,5.05
"Brie de Melun cheese, from cow's milk",0.48,5.1
"Brie cheese, from cow's milk",0.49,5.21
"Camembert cheese, from cow's milk, from raw milk",0.49,5.18
"Camembert cheese, from cow's milk",0.49,5.18
"Cantal cheese, half matured, from cow's milk",0.55,5.84
"Cantal, Salers or Laguiole cheese, from cow's milk",0.56,5.91
"Carré de l'Est cheese, from cow's milk",0.47,5
"Chabichou cheese, from goat's milk",1.01,6.82
"Chaource cheese, from cow's milk",0.46,4.92
"Cheddar cheese, from cow's milk",0.58,6.18
"Cheesecake, refrigerated",0.34,2.85
"Chevrot cheese, from goat's milk",0.92,6.24
"Fruits batter-pudding, refrigerated",0.55,1.78
"Comté cheese, from cow's milk",0.58,6.22
"Coulommiers cheese, from cow's milk",0.51,5.41
"Custard cream with eggs (a small jar of chocolate or vanilla cream or other flavour), refrigerated",0.32,3.6
"Caramelized custard cream (crème brûlée), refrigerated",0.25,1.9
"Custard cream with caramel sauce, refrigerated",0.24,1.78
"Whipped cream or Chantilly cream, under pressure, UHT",0.18,1.7
"Thick cream, light, 15-20% fat, refrigerated",0.25,2.53
"Liquid cream, light, 15-20% fat, UHT",0.24,2.42
"Thick cream 30% fat, refrigerated",0.35,3.64
"Liquid cream 30% fat, UHT",0.34,3.53
"Custard dessert, vanilla, canned",0.16,1.49
"Custard dessert, vanilla, refrigerated",0.18,1.59
"Custard dessert, coffee, refrigerated",0.18,1.59
"Custard dessert, caramel, refrigerated",0.18,1.59
"Custard dessert, chocolate, canned",0.24,3.31
"Custard dessert, chocolate, refrigerated",0.25,3.41
"Custard dessert, reduced fat, refrigerated",0.18,1.59
Pastry cream or custard,0.16,1.39
"Crottin de Chavignol cheese, from goat's milk",1.01,6.82
"Crottin cheese, from goat's milk, from raw milk",1.16,7.85
"Crottin cheese, from goat's milk",1.16,7.85
"Soy dessert, flavoured, refrigerated",0.12,0.87
"Soy dessert, w fruits, refrigerated",0.12,0.87
"Soy dessert, plain, refrigerated",0.1,0.84
"Edam cheese, from cow's milk",0.55,5.88
"Emmental cheese, from cow's milk",0.58,6.13
"Emmental cheese, grated, from cow's milk",0.58,6.16
"Époisses cheese, from cow's milk",0.47,4.99
"Drained soft fresh cheese, around 6% fat",0.48,5.08
"Feta cheese, from ewe's milk",0.7,5.49
"Flan with eggs, refrigerated",0.22,1.75
"Fontina cheese, from cow's milk",0.48,5.16
"Fourme d'Ambert cheese, from cow's milk",0.51,5.42
Fourme de Montbrison cheese,0.52,5.53
"Firm cheese, around 14% fat, Maasdam-type cheese, reduced fat",0.51,5.43
"Firm cheese, around 27% fat, Maasdam-type cheese",0.54,5.76
"Soft-ripened washed-rind cheese, from pasteurised milk (Vieux pané-type cheese)",0.5,5.36
"Soft-ripened cheese, double cream, around 30% fat",0.49,5.25
Soft-ripened cheese with bloomy rind (Camembert-type cheese),0.5,5.38
"Soft-ripened washed-rind cheese, reduced fat, around 13% fat",0.48,5.16
"Soft -ripened washed, bloomy and coloured rind cheese",0.48,5.16
"Soft-ripened cheese, triple cream, around 40% fat",0.48,5.16
"Hard cheese, emmental-type cheese, reduced fat",0.58,6.16
"Fresh cream cheese, plain, fat free",0.17,1.6
"Fresh cream cheese, plain, around 3% fat",0.19,1.82
"Fresh cream cheese, plain, creamy, around 8% fat",0.22,2.19
"Fresh cream cheese, with fruits, creamy, with sugar, around 7% fat",0.18,1.45
"Blue cheese, from cow's milk",0.5,5.3
"Auvergne blue cheese, from cow's milk",0.51,5.42
"Bresse blue cheese, from cow's milk",0.5,5.3
"Bresse blue cheese, from cow's milk, reduced fat, around 15% fat",0.47,5.03
"Causses blue cheese, from cow's milk",0.51,5.44
"Soft ripened cheese with bloomy rind, from ewe's milk, Camembert-type cheese",0.7,5.49
"Semi-hard cheese, from ewe's milk",0.6,4.79
"Corsica soft ripened cheese, from ewe's milk",1.06,8.22
"Pyrénées cheese, from ewe's milk",0.67,5.26
"Soft-ripened cheese with bloomy rind, from goat's milk, Camembert-type cheese",1.12,7.55
"Soft-ripened cheese, from goat's milk, from pasteurised milk",1.12,7.55
"Cheese, buche, from goat's milk",0.83,5.65
"Cheese, buche, from goat's milk, light",0.91,6.16
"Cheese, semi-dry, from goat's milk",0.88,5.99
"Cheese, from goat's milk, fresh, from raw milk",0.75,5.14
"Cheese, from goat's milk, fresh, from pasteurised milk",0.91,6.16
"Cheese, from goat's milk, fresh",0.84,5.72
"Cheese, from goat's milk",0.91,6.16
"Cheese, from goat's milk, from raw milk",0.94,6.38
"Cheese, from goat's milk, from pasteurised milk",0.91,6.16
"Cheese, dry, from goat's milk",0.83,5.7
"Processed cheese, double cream, around 31% fat",0.48,5.16
"Processed cheese, around 20% fat, in wedges or cubes",0.48,5.16
"Processed cheese, in slices",0.48,5.16
"Petit-Suisse, fresh cream cheese type, fruits flavoured, 2-3% fat, fortified with calcium and vitamin D",0.18,1.79
"Petit-Suisse, fresh cream cheese type, with fruits, 2-3% fat",0.18,1.79
"Petit-Suisse, fresh cream cheese type, with fruits, 2-3% fat, fortified with calcium and vitamin D",0.18,1.79
"Petit-Suisse, fresh cream cheese type, plain, fat free",0.17,1.6
"Petit-Suisse like fresh cream cheese, plain, around 9% fat",0.23,2.33
"Petit-Suisse, fresh cream cheese type, plain, around 4% fat",0.19,1.89
"Soft-ripened round cheese with bloomy rind, 5 to 11% fat, Camembert-type cheese, reduced fat",0.46,4.92
"Soft-ripened round cheese with bloomy rind, around 11% fat, Coulommiers-type cheese, reduced fat",0.47,4.97
"Soft-ripened round cheese with bloomy rind, around 5% fat, Camembert-type cheese, reduced fat",0.47,5
Feta-type cheese from cow's milk,0.48,5.09
"Feta-type cheese from cow's milk, in oil and spices",0.48,5.09
"Chocolate cake w melting centre, refrigerated",0.63,7.84
"Rice pudding w caramel sauce, refrigerated",0.26,1.62
"Rice pudding, canned",0.28,1.58
"Semolina pudding, with raisins and caramel sauce, refrigerated",0.16,1.48
"Semolina pudding, canned",0.18,1.48
"Gorgonzola cheese, from cow's milk",0.48,5.11
"Gouda cheese, from cow's milk",0.56,5.9
"Grana Padano cheese, from cow's milk",0.57,6.08
"Gruyere cheese, from cow's milk",0.58,6.19
"Gruyere cheese, France, Protected Geographical Indication, from cow's milk",0.57,6.12
"Floating island (meringue poached in milk and served in a light custard cream), refrigerated",0.24,1.81
"Condensed milk, without sugar, whole",0.23,2.51
"Condensed milk, with sugar, whole",0.23,2.51
"Sheep milk, whole",0.26,2.07
"Goat milk, half skimmed, UHT pasteurized",0.2,1.47
"Goat milk, whole, raw",0.2,1.47
"Goat milk, whole, UHT",0.2,1.47
"Milk, semi-skimmed, reduced lactose",0.12,1.31
"Milk, semi-skimmed, pasteurised",0.12,1.31
"Milk, semi-skimmed, UHT",0.12,1.31
"Milk, semi-skimmed, vitamin D fortified, UHT",0.12,1.31
"Milk, skimmed, pasteurised",0.11,1.18
"Milk, skimmed, UHT",0.11,1.18
"Renneted milk, flavoured, refrigerated",0.17,1.54
"Milk, powder, semi-skimmed, non rehydrated",1.53,14.8
"Milk, powder, skimmed, non rehydrated",1.53,14.8
"Milk, powder, whole, non rehydrated",1.53,14.8
"Milk, whole, pasteurised",0.14,1.49
"Milk, whole, UHT",0.14,1.49
"Fermented milk drink, plain, whole milk",0.17,1.53
"Fermented milk drink, plain, skimmed milk",0.15,1.36
"Fermented milk or dairy specialty, yogurt type, flavoured, with sugar, with bifidus",0.18,1.45
"Fermented milk or dairy specialty, yogurt type, with fruits, with sugar, with bifidus",0.27,2.12
"Fermented milk or dairy specialty, yogurt type, plain, with bifidus",0.24,2.1
"Milk jelly, flavoured, reduced fat and sugar, refrigerated",0.16,1.51
"Milk jelly, flavoured, covered with caramel, refrigerated",0.23,1.68
"Milk jelly, flavoured, refrigerated",0.16,1.51
"Langres cheese, from cow's milk",0.47,4.96
Fruit liegeois,0.34,2.4
"Custard topped with whipped cream (chocolate, coffee, caramel or vanilla custard), refrigerated",0.32,4.57
"Livarot cheese, from cow's milk",0.5,5.29
"Maroilles ""fermier"" cheese",0.51,5.42
"Maroilles ""laitier"" cheese",0.5,5.31
"Maroilles cheese, from cow's milk",0.51,5.41
"Milkshake, from fast foods restaurant",0.13,1.35
"Mimolette cheese, half-old, from cow's milk",0.57,6.1
"Mimolette cheese, extra old, from cow's milk",0.58,6.19
"Mimolette cheese, young, from cow's milk",0.56,5.99
"Mimolette cheese, old, from cow's milk",0.59,6.27
"Mimolette cheese, from cow's milk",0.54,5.71
"Vacherin cheese or Mont d'or cheese, from cow's milk",0.48,5.11
"Morbier cheese, from cow's milk",0.55,5.88
"Chestnut mousse, refrigerated",0.36,2.13
"Chocolate mousse (milk-based), refrigerated",0.69,9.36
"Mousse, chocolate, refrigerated",0.69,9.36
"Fruit mousse, refrigerated",0.36,2.13
"Mousse (chocolate, coffee, caramel or vanilla) topped with whipped cream, refrigerated",0.29,4.43
"Mozzarella cheese, from cow's milk",0.43,4.61
"Munster cheese, from cow's milk",0.49,5.27
"Neufchâtel cheese, from cow's milk",0.46,4.86
"Ossau-Iraty cheese, from ewe's milk",0.67,5.26
French toast,0.24,1.92
"Panna cotta, refrigerated",0.22,1.9
"Parmesan cheese, from cow's milk",0.57,6.12
"Pélardon cheese, from goat's milk",1.1,7.41
"Picodon cheese, from goat's milk",1.01,6.82
"Pont l'Evêque cheese, from cow's milk",0.5,5.33
"Pouligny Saint-Pierre cheese, from goat's milk",0.95,6.46
"Profiteroles (chou pastry), with custard and chocolate sauce, refrigerated",0.31,3.73
"Provolone cheese, from cow's milk",0.55,5.84
"Raclette cheese, from cow's milk",0.55,5.86
"Reblochon cheese, from cow's milk",0.5,5.3
"Rice pudding, refrigerated",0.29,1.69
"Rocamadour cheese, from goat's milk",0.88,6.02
"Roquefort cheese, from ewe's milk",0.77,5.97
"Sainte Maure cheese, from goat's milk",0.91,6.16
Goat cheese from raw milk,0.94,6.38
"Saint-Felicien cheese, from cow's milk",0.45,4.8
"Saint-Marcellin cheese, from cow's milk",0.44,4.69
"Saint-Nectaire cheese, from cow's milk, milk collected in an unique farm",0.51,5.38
"Saint-Nectaire cheese, from cow's milk, milks collected in many farms",0.51,5.38
"Saint-Nectaire cheese, from cow's milk",0.51,5.38
"Saint-Paulin cheese, from cow's milk (semi-hard cheese)",0.53,5.66
"Salers cheese, from cow's milk",0.56,5.91
"Selles-sur-Cher cheese, from goat's milk",0.95,6.46
"Semolina pudding, refrigerated",0.16,1.48
"Processed cheese snack w breadsticks, for children",0.53,5.22
"cream, light, 4 to 8% fat, liquid or thick",0.2,1.97
Processed cheese with fresh cream cheese and walnuts,0.58,5.39
"Uncured soft cheese, spreadable, around 30-40% fat, flavoured (ex : garlic and herbs)",0.46,4.92
"Uncured soft cheese, spreadable, around 20% fat, in a tub",0.43,4.54
"Uncured soft cheese, spreadable, around 25% fat, in a tub",0.46,4.92
"Plant-based spread-cheese type, with soybean, prepacked",0.31,2.72
"Plant-based cheese, without soybean, prepacked, sliced",0.53,3.35
"Plant-based cheese, without soybean, prepacked, shredded",0.54,3.36
"Tiramisu, refrigerated",1.64,11.1
Tomme cheese (PDO) from the French Bauges munntains,0.53,5.69
"Tomme cheese, from mountain or Savoy",0.53,5.62
"Tomme cheese, from cow's milk",0.53,5.66
"Tomme cheese, reduced fat, around 13% fat",0.53,5.62
"Valençay cheese, from goat's milk",0.97,6.6
"Yogurt, Greek-style, ewe's milk",0.29,2.23
"Yogurt, Greek-style, plain",0.22,2.11
"Yogurt, Greek-style, on a bed of fruits",0.25,2.13
"Yogurt, goat's milk, plain, around 5% fat",0.24,1.67
"Yogurt, fermented milk or dairy specialty, flavoured, with sweetener, fat free",0.16,1.45
"Yogurt, fermented milk or dairy specialty, flavoured, with sugar",0.16,1.45
"Yogurt, fermented milk or dairy specialty, flavoured, w sugar, with cream",0.17,1.53
"Yogurt, fermented milk or dairy specialty, w cereals",0.26,2.19
"Yogurt, fermented milk or dairy specialty, with cereals, fat free",0.26,2.19
"Yogurt, fermented milk or dairy specialty, with chocolate shavings, with cream, with sugar",0.39,5.49
"Yogurt, fermented milk or dairy specialty, with fruits, with sweetener, fat free",0.25,2.13
"Yogurt, fermented milk or dairy specialty, with fruits, with sweetener, fat free, fortified with vitamin D",0.25,2.13
"Yogurt, fermented milk or dairy specialty, w fruits, with sugar",0.25,2.13
"Yogurt, fermented milk or dairy specialty, w fruits, with sugar, with cream",0.25,2.13
"Yogurt, fermented milk or dairy specialty, with fruits, with sugar, fortified with vitamin D",0.25,2.13
"Yogurt, fermented milk or dairy specialty, plain",0.22,2.11
"Yogurt, fermented milk or dairy specialty, plain, fat free",0.22,2.11
"Yogurt, fermented milk or dairy specialty, plain, w cream",0.22,2.12
"Yogurt, fermented milk or dairy specialty, plain, w sugar",0.16,1.51
"Butter, light, 39-41% fat, unsalted",0.59,6.18
"Butter, 60-62% fat, light, lightly salted",0.68,7.11
"Butter, 60-62% fat, light, unsalted",0.68,7.15
"Butter, 80% fat, lightly salted",0.73,7.73
"Butter, 80% fat, salted",0.73,7.73
"Butter, 82% fat, unsalted",0.73,7.79
"Butter, 82% fat, unsalted, easy-to-spread",0.73,7.79
Cocoa butter,1.29,26.8
Duck fat,0.21,1.71
Turkey fat,0.21,1.71
Chicken fat,0.21,1.71
Goose fat,0.21,1.71
Combined oil (blended vegetable oils),0.37,2.4
Combined oil (mix of olive oil and seeds oil),0.41,2.1
Peanut oil,0.98,4.2
Avocado oil,1.36,4.9
Butter oil or concentrated butter,0.73,7.79
Rapeseed oil,0.33,2.3
Cottonseed oil,0.88,2.5
Cod liver oil,0.18,1.6
Herring oil,0.18,1.6
Linseed oil,0.66,3.5
Maize/corn oil,0.48,3.5
Hazelnut oil,1.57,8.2
"Palm oil, refined",0.46,6
Palm oil,0.43,5.5
Grapeseed oil,0.18,1.3
Sardine oil,0.18,1.6
Salmon oil,0.18,1.6
Sesame oil,0.33,2.3
Soy oil,0.37,2.8
Sunflower oil,0.4,2.6
"Olive oil, extra virgin",0.59,1
Frying oil,0.38,2.5
"Pork fat, raw",0.21,1.56
"Dairy fat 20% fat, light, spreadable, unsalted",0.44,4.47
"Dairy fat 25% fat, light, spreadable, unsalted",0.49,5.03
"Blended fat (vegetable and animal origins), 50-63% fat",0.34,3.15
"Blended fat (vegetable and animal origins), 50-63% fat, lightly salted",0.34,3.15
"Blended fat (vegetable and animal origins), spreadable, 30-40% fat",0.29,2.67
"Blended fat (vegetable and animal origins), spreadable, 30-40% fat, lightly salted",0.29,2.67
"Solid vegetable fat (margarine type), for frying",0.4,2.2
"Vegetable fat (margarine type), spreadable, 30-40% fat, light, lightly salted, with plant sterols esters",0.21,2.32
"Vegetable fat (margarine type), 50-63% fat, light, lightly salted",0.29,3.15
"Vegetable fat (margarine type), spreadable, 50-63% fat, light, lightly salted, rich in omega 3",0.28,3.03
"Vegetable fat (margarine type), spreadable, 50-63% fat, light, unsalted",0.28,1.8
"Vegetable fat (margarine type), spreadable, 50-63% fat, light, unsalted, with plant sterols esters",0.29,1.87
"Vegetable fat (margarine type), spreadable, 50-63% fat, light, unsalted, rich in omega 3",0.28,1.81
"Vegetable fat (margarine type), 60% fat, unsalted, sunflowerseed",0.3,2.04
"Vegetable fat (margarine type), 70% fat, unsalted",0.33,2.18
"Vegetable fat (like margarine), 80% fat, salted",0.37,3.95
"Vegetable fat (margarine type), spreadable, 30-40% fat, light, lightly salted",0.22,2.43
"Vegetable fat (margarine type), spreadable, 30-40% fat, light, unsalted",0.24,1.72
"Vegetable fat (margarine type), spreadable, 30-40% fat, light, unsalted, rich in omega 3",0.23,1.54
"Vegetable fat (margarine type), 80% fat, unsalted",0.35,2.14
Lard or pork fat,0.21,1.56
"Amaranth, raw",0.14,1.15
Maize/corn starch,0.17,1.08
"Oat, raw",0.23,1.15
"Rum baba, prepacked",0.12,0.86
Bagel,0.13,0.79
Baklava (oriental pastry with almonds and syrup),0.45,2.65
"Biscuit bar filled with fruits, reduced fat",0.31,2.27
"Cereal bar with fruit, fortified with vitamins and minerals",0.32,2.44
"Cereal bar with chocolate, fortified with vitamins and minerals",0.47,6.01
Cereal bar with almonds or hazelnuts,0.5,3.18
Cereal bar w fruit,0.32,2.44
Chocolate cereal bar,0.47,6.01
"Milky cereal breakfast bar, with chocolate or not, fortified with vitamins and minerals",0.47,6.01
Doughnut filled with jam,0.23,1.57
"Doughnut filled with fruits, prepacked",0.25,2.02
"Doughnut filled with chocolate, prepacked",0.4,5.63
"Doughnut, plain",0.22,1.57
"Rusk, w eggs",0.13,0.95
Rusk,0.13,0.95
"Rusk, wholemeal or rich in fibre",0.13,0.95
"Rusk, multigrain",0.13,0.95
"Rusk, unsalted",0.13,0.95
"Salty snacks, made from potato",0.22,1.59
"Salty snacks, puff pastry",0.22,1.59
"Puffed salty snacks, made from maize/corn, with peanuts",0.22,1.59
"Puffed salty snacks, made from maize/corn, without peanuts",0.22,1.59
"Puffed salty snacks, made from potato",0.22,1.59
"Puffed salty snacks, made from potato and soy",0.22,1.59
"Salty snacks, crackers, garnished or filled with cheese",0.22,1.59
"Salty snacks, crackers, plain",0.22,1.59
"Salty snacks, crackers, reduced fat",0.22,1.59
"Salty snacks, mini pretzels or sticks",0.22,1.59
"Breakfast biscuit (cookie) with cereals, fortified with vitamins and chemical elements",0.34,2.86
Savoy-style sponge cake,0.47,2.88
"Soft cake, filled with fruit paste or fruit puree and sugar icing coated",0.31,2.27
Pastry biscuit with meringue,0.32,1.83
"Biscuit sponge cake with fruits covering, pre-packed",0.31,2.27
Biscuit (cookie) vitamins content guaranteed,0.32,1.83
Biscuit (cookie) vitamins and chemical elements content guaranteed,0.34,2.86
"Biscuit shortbread, with butter",0.37,3.2
"Biscuit shortbread, with butter and chocolate",0.46,5.85
"Biscuit (cookie), with milk",0.25,2.2
"Biscuit (cookie) with fruits, reduced salt",0.31,2.27
"Biscuit (cookie), sponge fingers or Lady fingers",0.32,1.83
"Biscuit (cookie), chocolate covering",0.52,6.66
"Biscuit (cookie), covering with a chocolate bar",0.52,6.66
"Biscuit (cookie), with chocolate, prepacked",0.46,5.85
"Biscuit sponge cake, with chocolate, pre-packed",0.46,5.85
"Biscuit shortbread, with chocolate, pre-packed",0.46,5.85
"Biscuit (small tart), with chocolate, pre-packed",0.46,5.85
"Crispy biscuit (cookie), without chocolate, reduced fat",0.49,3.01
"Crispy biscuit (cookie), with chocolate, reduced fat",0.46,5.85
Biscuit puff pastry,0.31,2.83
Biscuit (cookie) filled with fruit paste or fruit puree,0.31,2.27
"Biscuit (cookie) filled with fruits, reduced fat",0.31,2.27
Biscuit (cookie) with nuts (no chocolate or lightly chocolate-flavoured),0.49,3.01
"Biscuit (small tart), with fruit covering",0.31,2.27
"Biscuit (cookie), plain",0.34,2.86
"Biscuit (cookie), thin, w almonds",0.49,3.01
"Biscuit (cookie), reduced sugar",0.34,2.86
Butter biscuit (cookie),0.25,2.2
"Butter biscuit (cookie), with chocolate",0.46,5.85
Breakfast biscuit (cookie),0.34,2.86
"Breakfast biscuit (cookie), reduced sugar",0.34,2.86
"Breakfast biscuit (cookie), with chocolate",0.46,5.85
"Biscuit (cookie), cat tongue type",0.42,3.4
"Biscuit (cookie), thin, w fruits",0.39,3.07
"Biscuit (cookie), with vegetal fat",0.17,1.22
"Biscuit (cookie), assortment of miniature sweets and biscuits",0.42,3.4
"Biscuit shortbread, with fruits",0.31,2.27
Biscuit (cookie),0.34,2.86
Khorasan wheat,0.06,0.53
"Durum wheat, whole, raw",0.14,1.15
"Wheat, whole, pre-cooked, raw",0.14,1.15
"Durum wheat pre-cooked, whole grain, cooked, unsalted",0.07,0.61
"Wheat, whole, raw",0.1,0.89
Blinis,0.21,1.75
"Breakfast cereals, puffed/popped corn, with honey (not fortified with vitamins and chemical elements)",0.63,3.5
"Breakfast cereals, puffed/popped corn, with honey, fortified with vitamins and chemical elements",0.63,3.5
"Wheat bulgur, raw",0.14,1.15
"Wheat bulgur, cooked, unsalted",0.06,0.48
"Brioche, filled with chocolate drops",0.31,3.66
"Brioche, filled with chocolate",0.45,4.97
"Brioche, filled with fruits",0.45,4.97
"Brioche, filled with custard (Chinese brioche type), prepacked",0.31,2.68
"Brioche, pure butter",0.38,3.34
"Brioche, from bakery",0.38,3.34
"Brioche, prepacked",0.38,3.34
Brioche,0.38,3.34
Brownie (chocolate cake),0.65,7.2
Christmas log cake,0.53,7.38
Coated peanuts,0.47,3.21
Fruit cake,0.31,2.49
Canelé cake,0.24,1.94
"Breakfast cereals, with chocolate, not filled (not fortified with vitamins and chemical elements)",0.61,3.34
"Breakfast cereals, puffed/popped cereals, wholemeal, fortified with vitamins and chemical elements",0.63,3.5
"Breakfast cereals, diet, with chocolate, not fortified",0.61,3.34
"Breakfast cereals, diet, with chocolate, fortified with vitamins and chemical elements",0.61,3.34
"Breakfast cereals, diet, with fruits, not fortified",0.63,3.5
"Breakfast cereals, diet, with dried fruits, fortified with vitamins and chemical elements",0.63,3.5
"Breakfast cereals, diet, with fruits, fortified with vitamins and chemical elements",0.63,3.5
"Breakfast cereals, diet, plain, not fortified",0.63,3.5
"Breakfast cereals, diet, plain or with honey, fortified with vitamins and chemical elements",0.63,3.5
"Breakfast cereals, with chocolate, not filled, fortified with vitamins and chemical elements",0.61,3.34
"Breakfast cereals, filled with chocolate or chocolate-hazelnuts",0.61,3.34
"Breakfast cereals, filled with chocolate or chocolate-hazelnuts, fortified with vitamins and chemical elements",0.61,3.34
"Breakfast cereals, filled with a filling other than chocolate, fortified with vitamins and chemical elements",0.61,3.34
"Breakfast cereals, rich in fibre, with chocolate, fortified with vitamins and chemical elements",0.61,3.34
"Breakfast cereals, rich in fibre, with or without fruits, fortified with vitamins and chemical elements",0.63,3.5
"Breakfast cereals, very rich in fibre, fortified with vitamins and chemical elements",0.63,3.5
Fruit charlotte,0.25,1.74
Apple turnover,0.23,2.13
Prawn crackers,0.35,4.2
Corn chips or tortilla chips,0.22,1.54
Pastry cream puff,0.29,2.42
Chou pastry filled with whipped cream,0.29,2.42
Chou pastry filled with custard,0.24,2.01
"Chou pastry, sugar coated",0.28,2.21
Wafer cookie,0.67,5.46
"Cone, wafer for ice cream",0.34,2.86
"Biscuit (cookie), with chocolate drops",0.37,4.06
Gazelle horn (oriental pastry with almonds and syrup),0.45,2.47
"Christmas brioche with candied fruits, prepacked",0.38,3.35
"Couscous (durum wheat semolina pre-cooked with steam), raw",0.23,1.66
"Couscous (durum wheat semolina pre-cooked with steam), cooked, unsalted",0.1,0.71
Wafer cookie,0.67,5.46
"Salted crispy crepe with cheese, prepacked",0.22,1.59
"Wafer cookie, with chocolate, prepacked",0.52,6.66
"Crepe, filled with jam, home-made",0.21,1.61
"Crepe, filled with chocolate or chocolate and hazelnut spread, home-made",0.21,1.61
"Crepe filled with sugar, prepacked",0.21,1.61
"Crepe filled with chocolate, prepacked",0.37,4.5
"Crepe filled with strawberries, prepacked",0.24,1.62
"Crepe, plain, prepacked, refrigerated",0.22,1.76
"Crepe, plain, prepacked, room temperature",0.22,1.76
"Croissant, butter, from bakery",0.26,2.6
"Croissant w almonds, from bakery",0.34,2.37
"Croissant, ordinary, from bakery",0.21,1.61
Croissant,0.21,1.61
"Crouton with garlic, herbs or onions, prepacked",0.44,1
Croutons,0.44,1
"Croutons, plain, prepacked",0.44,1
Apple crumble,0.22,1.89
Eclair,0.31,3.61
"Dessert, Opera cake type",0.45,4.77
"Spelt, raw",0.14,1.15
Breton pudding cake with prunes,0.57,2
"Wheat flour, self-raising",0.1,0.72
"Wheat flour, type 110",0.1,0.72
"Wheat flour, type 150",0.1,0.72
"Wheat flour, type 55 (for pastry)",0.1,0.72
"Wheat flour, type 55 (for bread)",0.1,0.72
"Wheat flour, type 65",0.1,0.72
"Wheat flour, type 80",0.1,0.72
Maize/corn flour,0.13,0.74
Millet flour,0.15,0.82
Chick pea flour,0.14,0.9
Rice flour,1.15,3.06
Buckwheat flour,0.15,1.15
"Rye flour, type 130",0.11,0.65
"Rye flour, type 170",0.11,0.65
"Rye flour, type 85",0.11,0.65
Soya flour,0.18,1.63
Spelt flour,0.15,1.15
Barley flour,0.14,0.72
Flan tart with eggs,0.23,1.97
Oatmeal flakes,0.26,1.15
"Oat flakes, pre-cooked, raw",0.33,1.51
"Oat flakes, boiled/cooked in water",0.22,0.99
Florentine biscuit (chocolate sweet biscuit (cookie) with almonds),0.34,2.86
Sponge sandwich cake filled and topped with strawberries or raspberries,0.3,2.09
"Frik (crushed immature durum wheat), raw",0.23,1.66
"Frik (crushed immature durum wheat), cooked, unsalted",0.1,0.71
"Puffed rice textured bread, wholemeal",0.4,1.42
"Buckwheat crepe, plain, prepacked",0.11,0.9
Twelfth Night cake,0.48,3.69
Twelfth Night cake (puff pastry filled with almond paste),0.48,3.69
Puffed cereals textured bread,0.4,1.42
Chocolate cake,0.6,7.78
Sponge cake w chocolate w or wo cherry,0.47,2.88
"Lemon cake, all types",0.25,1.71
Fresh cream cheese cake,0.29,1.9
Yogurt cake,0.29,1.9
Almond cake,0.53,3.75
"Basque cake (shortbread), with cherries",0.25,2.26
"Basque cake (shortbread), with custard",0.25,2.26
Marble cake,0.38,3.19
"Chocolate soft cake, prepacked",0.6,9.22
Fruit soft cake,0.31,1.99
Soft cake with nuts,0.5,3.38
Soft cake filled with chocolate or chocolate drops or milk,0.6,9.22
"Soft cake filled with fruits, mini sponge roll type",0.31,1.99
"Soft cake, plain, sponge cake type",0.34,2.79
Sponge cake w fruit mousse,0.31,1.99
Chou pastry with praline flavoured creme,0.31,3.91
"Fruit shortbread cake, prepacked",0.31,2.45
"Wafer biscuit, crunchy (thin or dry), with chocolate, prepacked",0.35,3.03
"Wafer biscuit, crunchy (thin or dry), plain or with sugar, prepacked",0.29,2.45
"Soft waffle (Brussels-style), with chocolate, prepacked",0.4,5.27
"Soft waffle (Brussels-style), plain or with sugar, prepacked",0.3,2.59
"Wafer biscuit, filled with chocolate, prepacked",0.52,6.66
"Wafer biscuit, filled with nuts (hazelnut, almond, praline, etc.), with chocolate or not, prepacked",0.49,3.01
"Wafer biscuit, with fruits",0.31,2.27
Wafer biscuit without filling,0.34,2.86
"Wafer biscuit, plain or vanilla flavoured, prepacked",0.34,2.86
Sponge cake filled and covered with chocolate,0.6,9.22
Dried sponge cake filled with fruits and covered with chocolate,0.31,1.82
"Gnocchi, from potato, raw",0.09,0.82
"Gnocchi, from potato, cooked",0.12,0.89
"Gnocchi, from semolina, raw",0.09,0.82
"Gnocchi, from semolina, cooked",0.12,0.89
"Biscuit (cookie), snack w chocolate filling",0.46,5.85
"Biscuit (cookie), snack with fruits filling",0.31,2.27
"Biscuit (cookie), snack with dairy or vanilla filling",0.46,5.85
"Breakfast cereals, popped or puffed wheat grain, with honey or caramel, fortified with vitamins and chemical elements",0.63,3.5
"Breakfast cereals, chocolate puffed/popped wheat grain, fortified with vitamins and chemical elements",0.61,3.34
Grissini or bread stick,0.15,0.82
"Khatfa (phyllo or filo pastry), prepacked",0.15,0.98
Buttered and caramelized milk bread cake,0.16,1.3
Macaron filled with jam or cream,0.53,5.68
Macaroon,0.41,1.8
"Madeleine biscuit, with chocolate, prepacked",0.57,7.49
Madeleine biscuit (cookie),0.28,1.83
"Madeleine cake, pure butter",0.43,3.5
"Corn or maize grain, raw",0.12,0.81
"Mix of cereals and legumes, raw",0.1,0.79
Meringue,0.32,1.79
"Millet, whole",0.14,0.87
"Millet, cooked, unsalted",0.06,0.36
Mille-feuille pastry,0.24,2.24
"Muesli, crunchy, with chocolate (not fortified with vitamins and chemical elements)",0.26,2.12
"Muesli, crunchy, with chocolate, with or without fruits, fortified with vitamins and chemical elements",0.26,2.12
"Muesli, crunchy, with fruits and/or dried fruits, grains (not fortified with vitamins and chemical elements)",0.26,2.12
"Muesli, crunchy, with fruits or dried fruits, fortified with vitamins and chemical elements",0.26,2.12
"Muesli, flakes (Bircher-style), with fruits or dried fruits (not fortified with vitamins and chemical elements)",0.26,2.12
"Muesli, flakes (Bircher-style), with fruits or dried fruits, fortified with vitamins and chemical elements",0.26,2.12
"Muesli, flakes (Bircher-style), with fruits or dried fruits, without sugar",0.26,2.12
"Muesli, flakes (Bircher-style)",0.26,2.12
"English muffin, wholewheat flour, prepacked",0.12,0.97
"English muffin, prepacked",0.23,1.96
"Muffin, with blueberry or chocolate",0.35,4.19
"Breakfast cereals, mix of puffed or extruded cereals, fortified with vitamins and chemical elements",0.63,3.5
"Asian noodles, flavoured, dehydrated",0.26,1.66
"Asian noodles, flavoured, cooked",0.2,1.34
"Asian noodles, plain, cooked, unsalted",0.2,1.34
"Barley, whole, raw",0.13,0.79
"Pearled barley, boiled/cooked in water, unsalted",0.12,0.7
"Pearled barley, raw",0.13,0.79
"Chocolate croissant, puff pastry, from bakery",0.39,5.14
"Chocolate croissant, prepacked",0.39,5.14
"Milk roll filled with chocolate drops, prepacked",0.28,3.44
"Milk roll, from bakery",0.29,2.53
"Milk roll, prepacked",0.29,2.53
Bran grain bread,0.09,0.63
Raisin puff pastry (Viennese pastries),0.28,2.63
"Bread, home-made, with flour for home-made bread preparation",0.1,0.69
Brioche or Vienna bread,0.22,1.98
"Bread, wholemeal or integral bread (made with flour type 150)",0.1,0.69
"Bread, French bread, ball, 400g",0.1,0.69
"Country-style bread, home-made (with flour for bread making machine)",0.1,0.69
"Brioche sandwich bread, prepacked",0.22,1.86
"Sandwich loaf, bran grain",0.19,1.75
"Sandwich loaf, wholemeal",0.19,1.75
Sandwich loaf,0.19,1.75
"Sandwich loaf, multigrain",0.19,1.41
"Sandwich loaf, crust less, prepacked",0.15,1.25
"Rye bread, and wheat",0.1,0.67
Gingerbread,0.23,1.67
"Rusk with eggs, sliced, prepacked",0.2,1.7
"Wheat swedish toast, wholemeal",0.18,1.24
Wheat swedish toast,0.18,1.24
"Swedish toast, with fruits",0.18,1.24
"Swedish toast, with linseeds",0.18,1.24
"Toasted bread, home-made",0.12,0.96
"Rusk, slice, wheat",0.11,0.79
"Rusk , slice, multigrain",0.1,0.73
Panini bread,0.16,1.12
Pita bread,0.14,0.97
"Rolls for hamburger/hotdog (buns), wholemeal, prepacked",0.1,0.68
"Rolls for hamburger/hotdog (buns), prepacked",0.21,1.69
"Bread, French bread (baguette or ball), with yeast",0.1,0.66
"Bread, French bread, (baguette or ball), multigrain, from bakery",0.19,1.04
"Bread (baguette or ball), made with type T55-T110 flour",0.11,0.74
"Brown bread, French bread (baguette or ball), with flour type 80 or 110",0.1,0.69
"Country-style bread, French bread (baguette or ball)",0.1,0.69
"Bread, French bread, baguette",0.1,0.69
"Bread, French bread, baguette, unsalted",0.1,0.69
"Bread, French bread, without salt",0.1,0.69
"Bread, gluten free",0.21,1.81
"Biscuit ( puff pastry), palmier, from bakery",0.31,2.83
"Pizza base, raw",0.18,1.13
"Pizza base, cooked",0.18,1.13
"Thin-crust pizza shell, raw",0.18,1.13
"Short crust pastry, raw",0.36,3.28
"Pastry, short crust, baked",0.36,3.28
"Short crust pastry, pure butter, raw",0.36,3.28
"Short crust pastry, pure butter, frozen, raw",0.36,3.19
"Puff pastry, pure butter, raw",0.39,3.61
"Puff pastry, pure butter, cooked",0.39,3.61
"Puff pastry, pure butter, frozen, raw",0.39,3.5
"Puff pastry, cooked",0.4,3.6
"Puff pastry, raw",0.39,3.61
"Puff pastry, frozen, raw",0.39,3.5
"Phyllo or filo dough, raw",0.26,1.59
"Shortbread dough, pure butter, raw",0.39,3.22
"Shortbread dough, pure butter, cooked",0.39,3.22
"Shortbread dough, pure butter, frozen, raw",0.38,3.13
"Shortbread dough, raw",0.39,3.22
"Shortbread dough, cooked",0.39,3.22
"Fresh egg pasta, raw",0.23,1.57
"Fresh egg pasta, cooked, unsalted",0.26,1.73
"Dried pasta, raw",0.28,2.14
"Dried pasta, cooked, unsalted",0.13,1.05
"Dried pasta, wholemeal, raw",0.26,2.04
"Dried pasta, wholemeal, cooked, unsalted",0.13,1.05
"Dried egg pasta, raw",0.26,2.04
"Dried egg pasta, cooked, unsalted",0.26,1.64
"Dried pasta, gluten-free, raw",0.24,1.55
"Dried pasta, gluten-free, cooked, unsalted",0.12,0.79
"Breakfast cereals, wheat flakes with walnuts, hazelnuts or almonds, fortified with vitamins and chemical elements",0.63,3.5
"Breakfast cereals, chocolate wheat grain flakes (not fortified with vitamins and chemical elements)",0.61,3.34
"Breakfast cereals, chocolate wheat grain flakes, fortified with vitamins and chemical elements",0.61,3.34
"Breakfast cereals, corn flakes, sugar iced (not fortified with vitamins and chemical elements)",0.63,3.5
"Breakfast cereals, corn flakes, sugar iced, fortified with vitamins and chemical elements",0.63,3.5
"Breakfast cereals, corn flakes, plain (not fortified with vitamins and chemical elements)",0.63,3.5
"Breakfast cereals, corn flakes, plain, fortified with vitamins and chemical elements",0.63,3.5
"Polenta or maize semolina, cooked, unsalted",0.1,0.71
"Polenta or Maize/corn semolina, pre-cooked, dried",0.23,1.66
"Pop-corn or air-popped maize, unsalted",0.19,0.98
"Pop-corn or oil popped maize, salted",0.17,0.91
"Pop-corn or popped maize, with caramel",0.23,1.63
"Pound cake, prepacked",0.43,3.65
"Quinoa FR, raw",1.2,7.68
"Quinoa FR, boiled/cooked in water, unsalted",0.53,3.37
"Quinoa, boiled/cooked in water, unsalted",0.35,2.64
"Quinoa, raw",0.79,6.02
"Rice, parboiled, raw",0.97,2.75
"Rice, parboiled, cooked, unsalted",0.44,1.32
"Rice, raw",0.97,2.75
"Rice, cooked, unsalted",0.44,1.32
"Rice, brown, raw",0.97,2.75
"Rice, brown, cooked, unsalted",0.44,1.32
"Rice, red, raw",0.97,2.75
"Rice, red, cooked, unsalted",0.44,1.32
"Wild rice, raw",0.97,2.75
"Wild rice, cooked, unsalted",0.44,1.32
"Basmati rice, raw",1.63,4.1
"Rice, mix of species (white, wholegrain, wild, red,etc.), raw",0.97,2.75
Rock-shaped coconut cake,0.3,1.74
Shortbread cookie w coconut,0.32,2.47
"Shortbread cookie with cocoa or chocolate, or praline or other",0.46,5.85
"Shortbread cookie with fruit (apple, red berries, etc.)",0.3,2.4
Shortbread pastry biscuit,0.34,2.98
"Buckwheat, whole, raw",0.14,1.15
"Rye, whole, raw",0.1,0.72
"Durum wheat semolina, raw",0.23,1.66
"Sorghum, whole, raw",0.1,0.63
Speculoos biscuit,0.42,3.18
Chocolate tart from bakery,0.52,7.16
Lemon tart,0.35,2.65
Apricots tart,0.21,1.75
Strawberries tart,0.3,1.77
Fruit pie with confectioner's custard,0.39,2.6
Red berries tart,0.39,2.6
Peer tart with almonds,0.36,2.6
"Apple pie with custard (flour, eggs, cream, sugar, apple alcohol)",0.36,2.6
Fruit tart,0.56,1.9
Apple tart,0.2,1.69
Tatin tart (caramelized upside-down apple tart),0.23,2.02
"Crispbread, extruded and grilled",0.19,1.44
"Biscuit, extruded and grilled, chocolate filling",0.19,1.45
"Biscuit, extruded and grilled, fruits filling",0.19,1.45
"Wheat tortilla wrap, to be filled",0.16,1.13
"Corn tortilla wrap, to be filled",0.16,1.13
"Rice noodle, cooked, unsalted",0.36,1.31
"Rice noodle, dried",0.41,1.45
"Coconut bar, with chocolate coating",0.3,4.31
Toblerone milk cholcolate bar w nougat,0.3,4.31
Chocolate bar with dried fruits,0.3,4.31
Chocolate bar with biscuit,0.5,6.47
Coated chocolate bar without biscuit,0.44,5.54
"Chocolate snack bar, dairy filling",0.49,6.31
"Chocolate snack bar, dairy filling with sponge cake",0.49,6.31
"Chocolate confectionery or bar, with dairy filling",0.49,6.31
"Chocolate confectionery, filled with wafer",0.69,9.59
Soft caramel candy,0.41,1.72
Hard candy and lollipop,0.23,1.72
Jelly candy,0.2,1.56
"Candies, all types",0.41,1.72
"Chocolate confectionery, filled with nuts and/or praline",0.69,9.59
Sugar and chocolate coated peanut,0.69,9.59
Melon and almond Candy on a unleavened bread layer,0.13,0.83
"Milk chocolate bar, with puffed/popped cereals",0.77,12.6
"Milk chocolate bar, with dried fruits (nuts, almonds, raisins, praline)",0.77,12.6
"Milk chocolate, filled",0.77,12.6
"Milk chocolate bar, filled with praline",0.77,12.6
"Milk chocolate bar, without sugar, with sweeteners",0.77,12.6
Milk chocolate bar,0.77,12.6
"White chocolate bar, with dried fruits (nuts, almonds, raisins, praline)",0.74,11.2
White chocolate bar,0.74,11.2
"Dark chocolate bar, more than 40% cocoa, for cooking",0.88,16.9
"Dark chocolate bar, more than 70% cocoa",0.88,16.9
"Dark chocolate bar, less than 70% cocoa",0.88,16.9
"Dark chocolate bar, with fruits (orange, raspberries, pear)",0.3,4.31
"Dark chocolate bar, with dried fruits (nuts, almonds, raisin, praline)",0.88,16.9
"Dark chocolate, filled with mint confectionery",0.88,16.9
"Dark chocolate bar, filled with praline",0.88,16.9
"Dark chocolate bar, without sugar and with artificial sweeteners",0.88,16.9
"Chocolate confectionery, sugar coated",0.69,9.59
"Jam, apricot",0.2,1.25
"Jam, cherry",0.63,1.84
"Jam, strawberry",0.27,1.42
"Jam, raspberry",0.34,1.88
Dulce de leche or confiture de lait,0.21,1.76
"Jam, reduced sugar",0.27,1.42
Sugar-coated almond,0.41,1.72
Saccharin sweetener,0.14,0.78
Fructose,0.21,1.4
"Candies, marshmallows",0.22,1.62
"Marmalade, orange",0.18,1.11
Cane molasses,0.4,1.28
Honey,0.18,1.2
Nougat,0.44,1.99
Chocolate spread with hazelnuts,0.53,7.57
Fruit jelly,0.22,1.06
Chocolate and nut confectionery filled with praline,0.69,9.59
"Sugar, white",0.12,0.61
"Sugar, brown",0.38,1.11
"Sugar, vanilla flavoured",0.12,0.61
"Caribbean-style fish fritters, fish acras",0.91,5.32
"Lamb, neck, braised or boiled",5.81,50.9
"Lamb, neck, raw",4.58,40.2
"Lamb, chop fillet, raw",4.58,40.2
"Lamb, chop fillet, grilled/pan-fried",5.8,50.9
"Lamb, rib chop, raw",4.58,40.2
"Lamb, rib chop, grilled/pan-fried",5.8,50.9
"Lamb, cutlet, raw",4.58,40.2
"Lamb cutlet, grilled",5.79,50.9
"Lamb, shoulder, raw",3.66,32.1
"Lamb, shoulder, lean, raw",3.66,32.1
"Lamb, shoulder, lean, roasted/baked",4.65,40.6
"Lamb, shoulder, roasted/baked",4.65,40.6
"Lamb, leg, braised",5.81,50.9
"Lamb, leg, raw",4.58,40.2
"Lamb, leg, grilled/pan-fried",5.8,50.9
"Lamb, leg, roasted/baked",5.81,50.9
"Lamb, saddle, raw",4.58,40.2
"Lamb, saddle, grilled/pan-fried",5.8,50.9
"Lamb, saddle, lean, roasted/baked",5.81,50.9
"Anchovy, in salt (semi-preserved)",0.3,2.14
"Common anchovy, raw",0.3,2.14
"Common anchovy, marinated",0.25,1.81
"Anchovy, fillets, in oil, semi-preserved, drained",0.24,1.76
"Anchovy, fillets, rolled with capers, semi-preserved, drained",0.24,1.76
Chitterling sausage,2.05,15.8
Chitterling sausage from Guéméné,2.05,15.8
Chitterling sausage from Vire,2.05,15.8
"Chitterling sausage, pan-reheated",2.05,15.8
"Chitterling sausage from Troyes, raw",2.02,15.7
"Chitterling sausage, raw",2.02,15.7
"Chitterling sausage, sautéed/pan-fried",2.05,15.8
"Mediterranean bass, raw, farmed",1.89,12.6
"Mediterranean bass, raw, wild",1.57,9.01
"European bass, raw",1.89,12.6
"European bass, roasted/baked",2.34,15.3
"Atlantic bass, raw",1.89,12.6
"American bass, raw",1.89,12.6
Shrimp fritters,0.43,6.58
"Beef, stewing meat, raw",2.6,27.1
"Beef, stewing meat, cooked",3.32,34.3
"Beef, flank steak, raw",2.6,27.1
"Beef, flank steak, grilled/pan-fried",3.3,34.4
"Beef, bolar-blade, raw",2.6,27.1
"Beef, bolar-blade, grilled/pan-fried",3.3,34.4
"Beef, bolar-blade, roasted/baked",3.32,34.3
"Beef, meat balls, cooked",2.98,30.1
"Beef, braised",3.32,34.3
"Beef, neck, braised",4.14,43
"Beef, rib, raw",2.61,27.3
"Beef, rib steak, raw",2.61,27.3
"Beef, rib steak, lean, grilled/pan-fried",3.31,34.6
"Beef, shoulder, raw",2.6,27.1
"Beef, sirloin steak, raw",2.6,27.1
"Beef, sirloin steak, grilled/pan-fried",3.3,34.4
"Beef, sirloin steak, red label, raw",2.6,27.1
"Beef, sirloin steak, roasted/baked",3.32,34.3
"Beef, round, raw",2.6,27.1
"Beef, round, cooked",3.32,34.3
"Beef, thin flank, raw",2.6,27.1
"Beef, thin flank, grilled/pan-fried",3.3,34.4
"Beef, knuckle, boiled/cooked in water",3.33,34.7
"Beef, knuckle, raw",2.61,27.3
"Beef, cheek, braised or boiled",2.66,27.7
"Beef, cheek, raw",2.6,27.1
"Beef, hanger steak, raw",2.6,27.1
"Beef, hanger steak, grilled",3.32,34.3
"Beef, chuck, braised or boiled",4.14,43.1
"Beef, chuck, raw",3.25,33.9
"Beef, short ribs, braised",3.33,34.5
"Beef, short ribs, raw",2.61,27.3
"Beef, oxtail, boiled/cooked in water",3.33,34.7
"Beef, roast beef, roasted/baked",3.32,34.3
"Beef, rump steak, raw",2.6,27.1
"Beef, rump steak, grilled",3.32,34.3
"Beef, minced steak, 10% fat, raw",3.22,33.2
"Beef, minced steak, 10% fat, cooked",4.08,42.1
"Beef, minced steak, 15% fat, raw",3.22,33.2
"Beef, minced steak, 15% fat, cooked",4.08,42.1
"Beef, minced steak, 20% fat, raw",3.22,33.2
"Beef, minced steak, 20% fat, cooked",4.08,42.1
"Beef, minced steak, 5% fat, raw",3.22,33.2
"Beef, minced steak, 5% fat, cooked",4.08,42.1
"Beef, steak or beef steak, raw",2.6,27.1
"Beef, steak or beef steak, grilled",3.32,34.3
"Beef, topside, raw",2.6,27.1
"Beef, topside, grilled/pan-fried",3.3,34.4
"Beef, topside, roasted/baked",3.32,34.3
"Bogue, raw",0.16,1.51
"Bonito, raw",1.49,8.37
Soy-based sliced,0.35,2.08
"White pudding, truffled, raw",2.02,15.7
"Black pudding (blood sausage), refrigerated",0.23,1.61
"Black pudding (blood sausage), sautéed/pan-fried",0.23,1.61
"Freshwater bream, raw",1.89,12.6
Bresaola,1.93,13.9
Lamb on skewer,5.8,50.7
Beef on skewer,3.32,34.3
"Pork on skewer, raw",0.97,6.79
Poultry on skewer,1.18,9.11
Mixed meat on skewer,1,6.88
"Cod, raw",1.89,10.8
"Cod, steamed",2.33,13.2
"Cod, roasted/baked",2.33,13.2
"Quail, meat and skin, cooked",1.19,9.32
"Squid fritter, Roman-style",0.89,5.24
"Squid, boiled/cooked in water",1.1,6.53
"Squid, raw",0.9,5.7
"Squid, fried or pan-fried with fat",1.09,6.46
"Duck, leg, meat and skin, raw",0.88,6.97
"Duck breast fillet, smoked",1.22,9.57
"Duck, breast fillet",1.18,9.11
"Duck, magret, cooked in pan",1.18,9.11
"Duck, meat and skin, raw",0.88,6.97
"Duck, meat and skin, roasted/baked",1.19,9.32
"Duck, meat, raw",0.88,6.97
"Duck, meat, roasted/baked",1.19,9.32
"Capelin, raw",1.49,8.37
"Crevalle jack, raw",0.81,4.24
"Megrim, raw",1.89,10.8
"Salmon carpaccio, w marinade",0.73,5.83
"Carp, raw, farmed",1.36,6.49
"Carp, roasted/baked",1.7,7.9
"European plaice, steamed",2.33,13.2
"European plaice, breaded, fried",2.32,13.3
Saveloy or cervelat,0.99,6.89
"Saveloy or cervelat, pure pork with garlic",0.74,5.1
Saveloy or cervelat (from Obernai Alsace),0.74,5.1
"Brain, lamb, raw",2.39,21
"Brain, lamb, cooked",3.31,28.9
"Brain, pork, braised",0.4,2.9
"Brain, pork, raw",0.27,2.05
"Brain, calf, raw",1.69,17.7
"Brain, calf, cooked",2.35,24.4
"Sausage meat, raw",1.24,8.76
"Sausage meat, pork and beef, raw",0.7,4.96
"Sausage meat, pure pork, raw",0.7,4.96
"Capon, meat and skin, raw",0.88,6.97
"Capon, meat and skin, roasted/baked",1.2,9.31
"Young goat, raw",4.58,40.2
"Young goat, cooked",5.8,50.9
"Horse mackerel, oily (autumn, winter), raw",0.29,2.25
"Horse mackerel, lean (spring, summer), raw",0.29,2.25
"Horse mackerel, raw",0.29,2.25
"Chipolata slim sausage, raw",0.7,4.96
"Chipolata sausage, cooked",0.96,6.65
"Spicy pork sausage with red pepper, no precision",0.87,6.02
"Spicy pork sausage with red pepper, in large slices",0.87,6.02
Dry spicy pork sausage with red pepper,0.84,5.93
"Heart, lamb, raw",2.39,21
"Heart, lamb, cooked",3.31,28.9
"Heart, beef, raw",2.06,21.5
"Heart, beef, cooked",2.86,29.5
"Heart, turkey, raw",0.22,1.84
"Heart, turkey, cooked",0.33,2.61
"Heart, pork, raw",0.27,2.05
"Heart, chicken, raw",0.22,1.84
"Heart, chicken, cooked",0.33,2.61
"Heart, veal, raw",1.69,17.7
Preserved duck,1.24,9.53
"Duck confit (conserved in rendered fat), meat (leg) without skin, reheated",1.24,9.53
Preserved pork liver,0.27,2.07
Preserved poultry liver,0.22,1.86
"Conger, raw",1.89,10.8
Coppa,2.42,17.5
"Scallop, with coral, raw",1.33,9.68
"Scallop, with coral, cooked",1.61,11.2
"Scallop, without coral, raw",1.33,9.68
"Brown meagre, raw",0.81,4.24
Escalope cordon bleu (topped with a ham slice and Gruyere sauce),0.8,6.2
"Bigeye scad, raw",0.29,2.25
"Crab, boiled/cooked in water",5.69,31
"deep water pink shrimp, raw",0.94,21.8
"Shrimp or prawn, raw",0.94,21.8
"Shrimp or prawn, cooked",1.14,26.5
"Shrimp, frozen, raw",0.65,13.7
"Common dentex, raw",1.89,10.8
"Ham in cube, grated or minced",0.97,6.92
"Poultry ham in cube, grated or minced",0.87,6.82
"Turkey, wing, raw",0.88,6.97
"Turkey, leg, meat and skin, raw",0.88,6.97
"Turkey, leg, meat only, raw",0.88,6.95
Milanese-style turkey escalope or breaded veal escalope,0.85,6.26
"Turkey, escalope, raw",0.87,6.82
"Turkey, escalope, roasted/baked",1.18,9.11
"Turkey, escalope, sautéed/pan-fried, with salt",1.16,9.16
"Turkey, meat and skin, raw",0.7,5.52
"Turkey, meat, raw",0.7,5.52
"Turkey, meat, roasted/baked",0.96,7.39
"Diot (sausage from Savoy), raw",0.7,4.96
"Black seabream, raw",1.24,6.71
"Black seabream, roasted/baked",1.54,8.17
"Blackspot seabream, raw",1.24,6.71
"Gilthead seabream, raw, farmed",1.89,12.6
"Gilthead seabream, raw, wild",1.57,9.01
"Haddock, raw",1.89,10.8
"Haddock, steamed",2.33,13.2
"Haddock, grilled/pan-fried",2.32,13.2
"Blue shark, fillet, without skin, raw",1.89,10.8
"Cooked pork shoulder, choice",0.97,6.92
"Cooked pork shoulder, standard, rind less and fatless",0.97,6.92
"Pond smelt, raw",0.24,1.93
"Snail in parsley butter, cooked",0.55,5.27
"Swordfish, raw",0.81,4.24
"Swordfish, roasted/baked",1.02,5.15
"Pheasant, meat, roasted/baked",1.16,8.85
"Bacon, back",0.98,6.99
"Atlantic halibut, raw",0.81,4.24
"Greenland halibut, raw",1.89,10.8
"Greenland halibut, steamed",2.33,13.2
"Liver, lamb, raw",2.39,21
"Liver, lamb, cooked",3.31,28.9
"Liver, duck, raw",0.22,1.84
"Liver, turkey, raw",0.22,1.84
"Liver, turkey, cooked",0.33,2.61
"Liver, young cow, raw",2.06,21.5
"Liver, young cow, cooked",2.86,29.5
"Liver, rabbit, raw",0.22,1.84
"Liver, goose, raw",0.22,1.84
"Liver, pork, raw",0.27,2.05
"Liver, pork, cooked",0.4,2.9
"Liver, chicken, raw",0.22,1.84
"Liver, chicken, cooked",0.33,2.61
"Liver, calf, raw",1.69,17.7
"Liver, calf, cooked",2.35,24.4
"Liver, poultry, raw",0.22,1.84
Head-cheese pâté or brawn,0.69,4.82
"Gizzard, chicken, raw",0.22,1.84
"Roundnose grenadier, raw",1.89,10.8
"Blue grenadier, raw",1.14,6.76
"Tub gurnard, raw",1.89,10.8
"Red gurnard, raw",1.24,6.71
"Burger, beef based, 15% fat, raw",1.61,16.3
"Poultry, minced meat",1.18,9.11
"Haddock, smoked",1.89,10.7
"Atlantic herring, smoked, in oil",0.3,2.18
"Atlantic herring, smoked, plain",0.3,2.18
"Atlantic herring, smoked, fillet",0.3,2.18
"Atlantic herring, oily, raw",0.3,2.3
"Atlantic herring, lean, raw",0.3,2.3
"Atlantic herring, marinated, or rollmops",0.3,2.3
"Atlantic herring, raw",0.3,2.3
"Atlantic herring, fried",0.38,2.82
"Atlantic herring, grilled/pan-fried",0.38,2.82
"Grenadier, from any fishing spot, raw",1.89,10.8
"Lobster, boiled/cooked in water",5.78,38.3
"Pacific oyster, raw",0.47,4.91
"European oyster, raw",0.47,4.91
"Oyster, raw",0.47,4.91
Dried deffated black soldier fly protein,0.33,4.46
Braised ham on the bone,1.21,8.74
"Cured ham, raw",1.93,13.9
"Cured ham, raw, smoked",1.93,13.9
"Cured ham, raw, smoked, reduced fat",1.93,13.9
"Cooked ham, choice",0.97,6.92
"Cooked ham, choice, w rind",0.97,6.92
"Cooked ham, choice, rind less and fatless",0.97,6.92
"Cooked ham, Parisian-style, rind less and fatless",0.97,6.92
"Cooked ham, smoked",0.97,6.92
"Cooked ham, superior quality",0.97,6.92
"Cooked ham, superior quality, reduced salt",0.97,6.92
"Cooked ham, superior quality, with rind",0.97,6.92
"Cooked ham, superior quality, rind less",0.97,6.92
"Cooked ham, superior quality, rind less and fatless",0.97,6.92
"Bayonne Cured ham, raw, smoked",1.93,13.9
"Turkey cooked ham, in slices",0.87,6.82
"Pork ham, intended to be cooked or pork ham, intended to be roast/bake",0.97,6.92
"Chicken cooked ham, in slices",0.87,6.82
"Ham, in a pastry crusty",1.2,8.55
Dry-cured ham,2.42,17.5
Parma dry-cured ham,2.42,17.5
Serrano dry-cured ham,2.42,17.5
"Dry-cured ham, fat and rind removed",2.42,17.5
"Knuckle of ham, cooked",1.21,8.74
"Big-scale sand smelt (whole small fish), to fry, raw",0.16,1.51
"Ling, raw",1.89,10.8
"Ling, cooked",2.33,13.2
"Norway lobster, raw",3.63,24.2
"Tongue, beef, raw",2.06,21.5
"Tongue, beef, cooked",2.86,29.5
"Tongue, pork, raw",0.27,2.05
"Tongue, calf, raw",1.69,17.7
"Tongue, calf, cooked",2.35,24.4
"Rabbit, wild, meat, raw",0.88,6.97
"Rabbit, wild, meat, cooked",1.19,9.32
"Rabbit, meat, braised",1.19,9.32
"Rabbit, meat, raw",0.88,6.97
"Rabbit, meat, cooked",1.19,9.32
"Smoked lardoons, raw",0.87,6.22
"Smoked lardoons, cooked",1.12,7.95
"Lardoons, raw",0.87,6.22
"Lardoons, cooked",1.12,7.95
"Pollack, raw",1.89,10.8
"Saithe, raw",0.98,5.86
"Saithe, cooked",1.23,7.13
"Saithe, frozen, raw",0.7,4.34
"Alaska pollock, raw",1.89,10.8
"Alaska pollock, smoked",1.89,10.7
"Common dab, raw",1.89,10.8
"Lemon sole, raw",1.89,10.8
"Lemon sole, steamed",2.33,13.2
"Lemon sole, breaded, fried",2.32,13.3
"Blue ling, raw",1.89,10.8
"Anglerfish, raw",1.89,10.8
"Anglerfish, grilled",2.33,13.2
Spotted wolffish,1.89,10.8
"Atlantic chub mackerel, raw",0.29,2.25
"Mackerel, canned in brine, drained",0.91,8.47
"Mackerel, raw",0.29,2.25
"Mackerel, fillet, in white wine, canned, drained",0.91,8.47
"Mackerel, fillet, in mustard sauce, canned, drained",0.91,8.47
"Mackerel, fillet, in tomato sauce, canned, drained",0.91,8.47
"Mackerel, fried",0.37,2.75
"Mackerel, smoked",0.29,2.13
"Mackerel, marinated",0.29,2.25
"Mackerel, roasted/baked",0.39,2.72
"Merguez sausage, beef and mutton, raw",4.04,38.5
"Merguez sausage, beef and mutton, cooked",4.07,38.5
"Merguez sausage, beef, mutton and pork, raw",3.31,31.4
"Merguez sausage, raw",2.56,24.3
"Merguez sausage, pork and beef, raw",2.56,24.3
"Merguez sausage, pure beef, raw",2.86,29.6
"Whiting, raw",1.89,10.8
"Whiting, steamed",2.33,13.2
"Whiting, fried",2.32,13.2
"Whiting, breaded",2.34,13.3
"Shallow-water Cape hake, raw",1.14,6.76
"European hake, raw",1.14,6.76
"European hake, braised",1.42,8.24
"Hake, fillet, frozen, raw",1.21,7.27
"Grouper, raw",0.81,4.24
"Tuna, flaked, in tomato sauce, canned, drained",0.77,4.9
"Tuna, flaked, in oil, canned, drained",0.98,6.08
Mortadella,1.3,8.96
"Mortadella with pistachios, pure pork",1.3,8.96
Pork and beef mortadella,1.3,8.96
"Mortadella, pure pork",1.3,8.96
"Cod, salted, boiled/cooked in water",2.33,13.2
"Cod, salted, dried",1.89,10.8
"Mussel, common, raw",0.46,4.94
"Mediterranean mussel, raw",0.46,4.94
"Mussel, canned, drained",0.66,5.38
"Mussel, boiled/cooked in water",0.63,6.66
"Mussels, in Catalan-style sauce or marinade (tomatoes), canned, drained",0.46,3.68
Duck mousse,0.88,6.56
Pork liver mousse,0.77,5.38
"Pork liver mousse, superior quality",0.77,5.38
"Mutton, shoulder, raw",3.66,32.1
"Mutton, leg, raw",4.58,40.2
"Sheep, foot, raw",2.99,26.4
"Sheep, head, raw",2.99,26.4
"Mutton, meat, raw",3.66,32.1
"Mullet, raw",1.89,10.8
"Mullet, roasted/baked",2.33,13.2
Ox muzzle in salad dressing sauce,2.08,21.7
Pork snout in salad dressing sauce,0.3,2.16
"Duck egg, raw",0.54,3.17
"Turkey egg, raw",0.47,2.78
"Goose egg, raw",0.54,3.17
"Egg, soft-boiled",0.62,3.8
"Egg, fried without added fat",0.58,3.47
"Egg white, raw",0.59,3.51
"Egg white, cooked",0.64,3.82
"Egg white, powder",0.55,4.02
"Egg, scrambled, with added fat",0.69,4.52
"Egg, raw",0.54,3.17
"Egg, hard-boiled",0.6,3.65
"Egg, powder",0.69,5.1
"Egg yolk, raw",0.59,3.51
"Egg yolk, cooked",0.64,3.82
"Egg yolk, powder",0.55,4.02
"Egg, poached",0.62,3.8
"Goose, meat, raw",0.88,6.97
"Goose, meat and skin, raw",0.88,6.97
"Goose, meat and skin, roasted/baked",1.19,9.32
"Goose, meat, roasted/baked",1.19,9.32
"Arctic char, raw",3.07,5.13
"Omelette, with cheese",0.58,4.01
"Omelette, with mushrooms",0.68,4.6
"Omelette, with herbs",0.57,3.38
"Omelette, with lardoons",0.72,4.6
Pork ear sat-cured,0.37,2.55
"Garfish, raw",0.24,1.93
"Pancetta, dried",2.42,17.5
"Pangasius, filets, cooked",5.39,16.9
"Brown bullhead, raw",1.89,12.6
Pâté w green pepper,0.76,5.19
Breton pâté,0.76,5.19
Pork liver pâté,0.76,5.19
"Pork liver pâté, superior quality",0.76,5.19
Poultry liver pâté,0.76,5.19
Goose liver pâté,0.76,5.19
Game pâté,0.76,5.19
Rabbit pâté,0.81,5.85
Pâté in crust,1.59,12.3
Country-style pâté with mushrooms,0.42,3.14
Country-style pâté or terrine,0.76,5.19
"American or Canadian sea scallop, without coral, raw",1.33,9.65
"Nile perch, raw",1.36,6.49
"European perch, raw",3.07,5.13
"European perch, roasted/baked",3.78,6.24
"Peru sea scallop, without coral, raw",1.33,9.65
Pork trotters salt-cured,0.46,3.26
"Pigeon, meat, roasted/baked",1.19,9.32
"Pilchard, in tomato sauce, canned, drained",0.87,6.05
"Guinea fowl, raw",0.88,6.97
"Guinea fowl, leg, raw",0.88,6.97
"Guinea fowl, breast, raw",0.87,6.82
"European plaice, raw",1.89,10.8
"Fish, breaded, fried",1.46,8.32
"Fish, breaded, frozen, raw",1.46,8.45
"Fish, croquette, fritter or nuggets, fried",1.37,7.83
Pork belly salt-cured,1.12,7.95
"Pork belly, smoked, raw",0.87,6.12
"Pork, back fat, rindless, raw",0.21,1.69
"Pork, rack, raw",1.46,10.2
"Pork, rack, cooked",1.88,13
"Pork, chop, raw",1.46,10.2
"Pork, chop, grilled",1.88,13
"Pork, loin, raw",1.46,10.1
"Pork, loin, roasted/baked",1.87,12.9
"Pork, shoulder, raw",1.17,8.13
"Pork, shoulder, cooked",1.51,10.4
"Pork, ham escalope, raw",1.46,10.1
"Pork, ham escalope, cooked",1.87,12.9
"Pork filet mignon, raw",1.46,10.1
"Pork filet mignon, cooked",1.87,12.9
"Pork tenderloin, lean, raw",1.46,10.1
"Pork tenderloin roast, cooked",1.87,12.9
"Pork, jowl, rindless, raw",0.87,6.22
"Pork, shoulder lower half, without rind, fat and bone, raw",1.46,10.1
"Pork, way leg, without rind, fat and bone, raw",1.82,12.8
"Pork, knuckle oh ham, without rind, fat and bone, raw",1.46,10.2
"Pork, knuckle or shank, raw",1.46,10.2
"Pork loin, raw",1.46,10.1
"Pork loin, cooked",1.87,12.9
"Pork, 80/20 trimming, raw",1.46,10.1
"Pork, 90/10 trimming, raw",1.46,10.1
"Pork, shoulder upper half, without rind, fat and bone, raw",1.46,10.1
"Pork, belly, flank removed, raw",0.87,6.22
"Pork, belly, raw",1.46,10.1
"Prok, eye of shortloin, raw",1.46,10.1
"Pork, roast, raw",1.46,10.1
"Pork, roast, cooked",1.87,12.9
"Pork, round steak, raw",1.46,10.1
"Pork, round steak, cooked",1.87,12.9
"Pork, spare-ribs, braised",1.88,13
"Pork, spare-ribs, raw",1.46,10.2
"Chicken, stewing, leg, raw",0.88,6.97
"Hen, meat only, raw",0.88,6.97
"Hen, meat and skin, raw",0.88,6.97
"Chicken, white race, meat and skin, raw",0.88,6.97
"Chicken, eviscerated without offal, raw",0.88,6.97
"Chicken, free-range, meat and skin, raw",0.88,6.97
"Chicken, wing, meat and skin, raw",0.88,6.97
"Chicken, wing, meat and skin, roasted/baked",1.19,9.32
"Chicken, nugget, breaded croquette",0.84,5.91
"Chicken, leg, meat and skin, boiled/cooked in water",1.19,9.32
"Chicken, leg, meat and skin, raw",0.88,6.97
"Chicken, leg, meat and skin, roasted/baked",1.19,9.32
"Chicken leg, meat, boiled/cooked in water",1.19,9.32
"Chicken, leg, meat, raw",0.88,6.97
"Chicken leg, meat, roasted/baked",1.19,9.32
"Turkey, breaded escalope",1.19,9.05
"Chicken, breast, without skin, raw",0.87,6.82
"Chicken, breast, without skin, cooked",1.18,9.11
"Chicken high leg, meat, raw",0.88,6.97
"Chicken, marinated wing, roasted/baked",0.92,7.13
"Chicken, drumstick, raw",0.88,6.97
"Chicken, breast, meat and skin, raw",0.87,6.82
"Chicken, breast, meat and skin, roasted/baked",1.18,9.11
"Chicken, meat and skin, raw",0.7,5.52
"Chicken, meat and skin, roasted/baked",0.96,7.39
"Chicken, meat, raw",0.7,5.52
"Soy protein, textured, rehydrated, from soy flour",0.07,0.59
"Soy protein, textured, dehydrated, from soy flour",0.15,1.32
"Fish quenelle, raw",0.82,5.59
"Fish quenelle, in sauce",0.86,5.68
"Veal quenelle, in sauce",0.66,6.03
"Poultry quenelle, raw",0.74,6.06
"Poultry quenelle, in sauce",0.78,6.15
"Quenelle, plain, raw",0.32,2.6
"Ray, raw",1.89,10.8
"Ray, cooked in an aromatic stock",2.33,13.2
"Ray, roasted/baked",2.33,13.2
"Spiny scorpionfish, raw",1.89,10.8
"Spiny scorpionfish, steamed",2.33,13.2
"Shark, raw",1.89,10.8
"Rillettes, duck",0.76,5.19
"Rillettes, mackerel",1.2,6.85
"Rillette, fish",0.43,2.83
"Rillettes, poultry",0.76,5.19
"Rillettes, salmon",1.2,6.85
"Rillettes, tuna",0.43,2.83
Rillettes from Tours,0.76,5.19
"Rillettes, goose",0.76,5.19
Rillettes from Mans,0.76,5.19
"Rillettes, pure goose",0.76,5.19
"Rillettes, pure pork",0.76,5.19
"Rillettes, pork",0.76,5.19
"Sweetbread, lamb, raw",2.99,26.4
"Sweetbread, lamb, cooked",4.13,36.2
"Sweetbread, calf, sautéed/pan-fried",2.92,30.7
"Sweetbread, calf, raw",2.12,22.3
"Kidney, lamb, braised",3.31,28.9
"Kidney, lamb, raw",2.39,21
"Kidney, beef, raw",2.06,21.5
"Kidney, beef, cooked",2.86,29.5
"Kidney, pork, raw",0.27,2.05
"Kidney, pork, cooked",0.4,2.9
"Kidney, veal, sautéed/pan-fried",2.33,24.5
"Kidney, calf, raw",1.69,17.7
"Round of ham, cooked",1.21,8.74
Rosette dry sausage,0.84,5.93
"Salt curing roast poultry, cooked",1.18,9.11
"Surmullet or red mullet, raw",1.24,6.71
"Surmullet or red mullet, steamed",1.54,8.28
"Surmullet or red mullet, fillet with skin, frozen, raw (from Thailand or Senegal)",1.35,7.53
Rolled escalope of pork with pistachios,1.5,10.3
"Nursehound or lesser spotted dogfish, raw",1.89,10.8
"Nursehound or lesser spotted dogfish, cooked",2.33,13.2
"Largehead hairtail, raw",1.89,10.8
"John dory, raw",1.89,10.8
Salami,0.84,5.93
"Salami, pork and beef",0.85,5.99
"Salami, pure pork",0.84,5.93
"Salami, Danish-style",0.84,5.93
"Blood, beef, raw",2.58,26.8
"European pilchard or sardine, in olive oil, canned, drained",0.87,6.05
"European pilchard or sardine, in oil, canned, drained",0.87,6.05
"European pilchard or sardine, raw",0.24,1.93
"European pilchard or sardine, fillets without fishbone, in olive oil, canned, drained",0.87,6.05
"European pilchard or sardine, grilled",0.33,2.33
"European pilchard or sardine, in tomato sauce, canned, drained",0.87,6.05
Smoked Alsatian sausage or Landjäger,1.14,7.86
Cocktail sausage,1.36,12.6
Beer sausage,0.74,5.1
Liver sausage,1.1,10.5
Frankfurter sausage,0.74,5.1
Ham sausage,0.74,5.1
Montbeliard sausage,1.14,7.86
Morteaux sausage,1.14,7.86
"Morteaux sausage, boiled/cooked in water",1.14,7.86
Strasbourg sausage,1.36,12.6
"Toulouse sausage, raw",2.02,15.7
"Toulouse sausage, cooked",2.08,15.9
"Poultry sausage, delicatessen style",1.54,13.4
Poultry sausage,1.6,14.9
"Sausage, dried",0.85,5.99
Plant-based sausage with wheat or seitan,0.29,2.12
Plant-based sausage with tofu (vegan),0.19,1.33
"Viennese sausage, pork and veal, raw",2.02,15.7
Garlic sausage,1.43,11.3
"Sausage in a brioche crust, cooked",0.63,4.55
"Cooked sausage, pure pork",1.1,7.58
Sausage from Paris,0.87,6.02
"Sausage from Paris, smoked",0.87,6.02
Dry sausage,0.84,5.93
Dry sausage w walnuts and/or hazelnuts,0.85,5.99
"Dry sausage, pure pork",0.84,5.93
"Dry sausage, pure pork, superior quality",0.84,5.93
"Salmon, smoked",1.03,7.99
"Salmon, canned, drained",1.16,8.95
"Salmon, boiled/cooked in water, farmed",0.9,7.15
"Salmon, raw, farmed",0.72,5.77
"Salmon, steamed",0.91,7.02
"Salmon, microwaved, farmed",0.88,6.93
"Salmon, farmed, roasted/baked",0.91,7.02
"Salmon, grilled/pan-fried",0.89,7.05
"Salema, raw",1.24,6.71
"Golden redfish, raw",1.89,10.8
Seitan,0.17,1.29
"Tonguesole, raw",1.24,6.71
"Common sole, boiled/cooked in water",1.54,8.17
"Common sole, raw",1.24,6.71
"Common sole, steamed",1.54,8.17
"Common sole, fried",1.52,8.21
"Common sole, grilled",1.54,8.17
"Common sole, roasted/baked",1.23,6.62
"Plant-based ham, prepacked",0.22,1.6
"European sprat, raw",0.24,1.93
"Surimi, on sticks, in slices or grated, crab flavour",1.09,6.61
"Surimi, filled w cheese",1.09,6.61
"Pouting, raw",1.89,10.8
"Taramasalata, prepacked",0.19,1.51
Duck terrine,0.97,7.22
"Seafood terrine, with or without fish",1.33,7.83
Rabbit terrine,0.82,6.05
Fish terrine,1.33,7.83
"Tuna, in sunflower oil, canned, drained",0.85,5.41
"Yellowfin tuna, canned in brine, drained",0.68,4.31
"Yellowfin tuna, raw",0.72,4.39
"Albacore, in olive oil, canned, drained",1.63,8.89
"Albacore, raw",1.49,8.37
"Albacore, steamed under pressure",1.85,10.3
"Skipjack tuna, raw",0.72,4.36
"Tuna, in Catalan-style or in tomato sauce, canned",0.85,5.41
"Tuna, plain, canned, drained",1.2,7.33
"Tuna, raw",0.72,4.39
"Tuna, roasted/baked",0.91,5.33
"Tofu, smoked",0.16,1.53
Spanish-style tortilla with onions (omelette with potatoes and onions),0.31,1.68
"Tripe, beef, raw",2.58,26.9
"Rainbow trout, raw, farmed",1.36,6.49
"Rainbow trout, farmed, steamed",1.7,7.9
"Rainbow trout, farmed, roasted/baked",1.7,7.9
"Sea trout, raw",1.36,6.49
"Trout, farmed, raw",1.25,5.95
"Trout, farmed, smoked",1.54,6.9
"Salmon trout, raw",1.36,6.49
"Trout, steamed",1.55,7.24
"Trout, roasted/baked",1.55,7.24
"Turbot, raw, farmed",1.89,12.6
"Turbot, raw, wild",1.57,9.01
"Turbot, raw",1.89,12.6
"Turbot, roasted/baked",2.34,15.3
"Veal, loin, raw",1.39,14.6
"Veal, loin, sautéed/pan-fried",1.78,18.6
"Veal, neck, braised or boiled",2.23,23.5
"Veal, neck, raw",1.75,18.4
"Veal, chop, raw",1.75,18.4
"Veal, chop, grilled/pan-fried",2.22,23.4
"Veal, shoulder, braised/boiled",1.78,18.7
"Veal, shoulder, raw",1.39,14.6
"Veal, shoulder, grilled/pan-fried",1.78,18.6
"Veal, bread escalope, cooked",1.77,18.1
"Veal, escalope, raw",1.73,18.2
"Veal, escalope, cooked",2.22,23.1
"Veal fillet, raw",1.73,18.2
"Veal fillet, roasted/baked",2.22,23.1
"Veal, knuckle or shank, braised or boiled",2.23,23.5
"Veal, knuckle or shank, raw",1.75,18.4
"Veal, tenderloin, raw",1.73,18.2
"Veal, tenderloin, grilled/pan-fried",2.21,23.2
"Veal, tenderloin, roasted",2.22,23.1
"Calf, foot, raw",1.75,18.4
"Veal, breast, raw",1.39,14.6
"Veal, roast, raw",2.17,22.9
"Veal, roast, cooked",2.77,29
"Veal, minced steak, 15% fat, raw",2.15,22.4
"Veal, minced steak, 20% fat, raw",2.15,22.4
"Calf, head, boiled/cooked in water",2.23,23.5
"Snapper, raw",0.81,4.24
"Snapper, cooked",1.02,5.15
Poultry nuggets,0.84,5.91
