Impact factor,Unit,Carbon footprint (kg CO2e),Eco-costs(euro),Source
"1,4-Dioxane",kg,4.133,0.64,Sutter J. Life Cycle Inventories of Petrochemical Solvents. Data v2.0. Uster December 2007. Research gate. https://www.researchgate.net/publication/313054728_Life_Cycle_Inventories_of_Petrochemical_Solvents_Data_v20_Uster_2007
10SPb20 (1.0721),kg,0.955,0.24,mix of the Idemat data of the basic metals
13CrMo4 5 (1.7335),kg,1.204,0.55,mix of the Idemat data of the basic metals
14NiCr14,kg,1.686,1.19,mix of the Idemat data of the basic metals
15Cr3,kg,1.115,0.28,mix of the Idemat data of the basic metals
15NiMn6 (1.6228),kg,1.106,0.59,mix of the Idemat data of the basic metals
18NiCr8,kg,1.661,0.85,mix of the Idemat data of the basic metals
1-Butanol,kg,2.909,0.46,Sutter J. Life Cycle Inventories of Petrochemical Solvents. Data v2.0. Uster December 2007. Research gate. https://www.researchgate.net/publication/313054728_Life_Cycle_Inventories_of_Petrochemical_Solvents_Data_v20_Uster_2007
1-Pentanol,kg,3.212,0.51,Sutter J. Life Cycle Inventories of Petrochemical Solvents. Data v2.0. Uster December 2007. Research gate. https://www.researchgate.net/publication/313054728_Life_Cycle_Inventories_of_Petrochemical_Solvents_Data_v20_Uster_2007
"2,4,5-T (2,4,5-Trichlorophenoxyacetic acid)",kg,5.788,0.93,"data from: Stout B.A. and Helsel Z.R.. 1987 ""Energy in World Agriculture, Volume 2"" Chapter 7"
"2,4-D (2,4-Dichlorophenoxyacetic acid)",kg,4.917,0.82,"data from: Stout B.A. and Helsel Z.R.. 1987 ""Energy in World Agriculture, Volume 2"" Chapter 7"
21MoV53,kg,1.128,0.63,mix of the Idemat data of the basic metals
22Mo4,kg,0.982,0.42,mix of the Idemat data of the basic metals
25CrMo4,kg,1.236,0.43,mix of the Idemat data of the basic metals
28NiCrMo4,kg,1.084,0.64,mix of the Idemat data of the basic metals
2-Butanol,kg,3.432,0.57,Sutter J. Life Cycle Inventories of Petrochemical Solvents. Data v2.0. Uster December 2007. Research gate. https://www.researchgate.net/publication/313054728_Life_Cycle_Inventories_of_Petrochemical_Solvents_Data_v20_Uster_2007
2-Methyl-1-butanol,kg,3.204,0.51,Sutter J. Life Cycle Inventories of Petrochemical Solvents. Data v2.0. Uster December 2007. Research gate. https://www.researchgate.net/publication/313054728_Life_Cycle_Inventories_of_Petrochemical_Solvents_Data_v20_Uster_2007
2-Methyl-1-propanol,kg,2.938,0.47,Sutter J. Life Cycle Inventories of Petrochemical Solvents. Data v2.0. Uster December 2007. Research gate. https://www.researchgate.net/publication/313054728_Life_Cycle_Inventories_of_Petrochemical_Solvents_Data_v20_Uster_2007
2-Methyl-2-butanol,kg,4.155,0.82,Sutter J. Life Cycle Inventories of Petrochemical Solvents. Data v2.0. Uster December 2007. Research gate. https://www.researchgate.net/publication/313054728_Life_Cycle_Inventories_of_Petrochemical_Solvents_Data_v20_Uster_2007
2-Methylpentane,kg,2.569,0.51,Sutter J. Life Cycle Inventories of Petrochemical Solvents. Data v2.0. Uster December 2007. Research gate. https://www.researchgate.net/publication/313054728_Life_Cycle_Inventories_of_Petrochemical_Solvents_Data_v20_Uster_2007
30CrNiMo8,kg,1.691,1.06,mix of the Idemat data of the basic metals
34Cr4,kg,1.243,0.31,mix of the Idemat data of the basic metals
34CrAl6,kg,1.384,0.35,mix of the Idemat data of the basic metals
35NiCr18,kg,1.737,1.42,mix of the Idemat data of the basic metals
35S20 (1.0726),kg,0.957,0.24,mix of the Idemat data of the basic metals
36NiCr6,kg,1.23,0.63,mix of the Idemat data of the basic metals
37MnSi5,kg,1.01,0.26,mix of the Idemat data of the basic metals
38Si6,kg,1.008,0.26,mix of the Idemat data of the basic metals
3-dimethylamino-propylamine,kg,4.807,0.71,#VALUE!
3-Methyl-1-butanol,kg,3.212,0.51,Sutter J. Life Cycle Inventories of Petrochemical Solvents. Data v2.0. Uster December 2007. Research gate. https://www.researchgate.net/publication/313054728_Life_Cycle_Inventories_of_Petrochemical_Solvents_Data_v20_Uster_2007
3-Methyl-1-butyl acetate,kg,5.013,0.82,Sutter J. Life Cycle Inventories of Petrochemical Solvents. Data v2.0. Uster December 2007. Research gate. https://www.researchgate.net/publication/313054728_Life_Cycle_Inventories_of_Petrochemical_Solvents_Data_v20_Uster_2007
42CrMo4,kg,1.237,0.43,mix of the Idemat data of the basic metals
4-Methyl-2-pentanone,kg,3.54,0.61,Sutter J. Life Cycle Inventories of Petrochemical Solvents. Data v2.0. Uster December 2007. Research gate. https://www.researchgate.net/publication/313054728_Life_Cycle_Inventories_of_Petrochemical_Solvents_Data_v20_Uster_2007
50 CrV4,kg,1.241,0.46,mix of the Idemat data of the basic metals
50CrV4,kg,1.255,0.36,mix of the Idemat data of the basic metals
55Si7,kg,1.019,0.26,mix of the Idemat data of the basic metals
67SiCr5,kg,1.116,0.28,mix of the Idemat data of the basic metals
9S20,kg,0.974,0.29,mix of the Idemat data of the basic metals
9SMnPb (1.0718),kg,0.953,0.24,mix of the Idemat data of the basic metals
A514(A),kg,1.13,0.4,mix of the Idemat data of the basic metals
A517a,kg,1.147,0.43,mix of the Idemat data of the basic metals
A517b,kg,1.11,0.39,mix of the Idemat data of the basic metals
AA cell battery (Alkaline),p,0.07,0.03,"Handbook of Batteries, Linden. (Recycling of dry cell consumer batteries.) Compare also to: Hamade R, et al. Life Cycle analysis of AA Alkaline batteries. Science Direct Procedia Manufacturing 2020"
AA cell battery (Li-ion),p,0.179,0.18,"Handbook of Batteries, Linden. (Recycling of dry cell consumer batteries.) Compare also to: Hamade R, et al. Life Cycle analysis of AA Alkaline batteries. Science Direct Procedia Manufacturing 2020"
ABS (Acrylonitrile butadiene styrene),kg,3.1,1.27,Plastics Europe LCI database
ABS (Acrylonitrile butadiene styrene) chemical upcycled,kg,3.402,0.56,#VALUE!
ABS (Acrylonitrile butadiene styrene) co-firing in electrica,kg,0.028,-0.02,"HEATS OF COMBUSTION OF HIGH TEMPERATURE POLYMERS. Richard N. Walters*, Stacey M. Hackett* and Richard E. Lyon"
"ABS (Acrylonitrile butadiene styrene) waste combustion, clean tech, without heat",kg,3.13,0.45,0
ABS (Acrylonitrile butadiene styrene) waste incineration wit,kg,1.424,0.19,"HEATS OF COMBUSTION OF HIGH TEMPERATURE POLYMERS. Richard N. Walters*, Stacey M. Hackett* and Richard E. Lyon"
ABS 30% glass fibre,kg,2.542,0.98,30% glass fibre from Idemat
"ABS, closed loop chemical upcycling credit",kg,0.302,-0.71,#VALUE!
Abura FSC/PEFC 560 (kg/m3),kg,0.261,0.06,"for detailed calculations of input data for Simapro, see Ecocosts calculations wood 2022.xlsx at https://www.ecocostsvalue.com/lca/wood-lca-issues/"
Abura natural forest 560 (kg/m3),kg,3.711,5.97,"for detailed calculations of input data for Simapro, see Ecocosts calculations wood 2022.xlsx at https://www.ecocostsvalue.com/lca/wood-lca-issues/"
Acetic acid,kg,1.016,0.19,Sutter J. Life Cycle Inventories of Petrochemical Solvents. Data v2.0. Uster December 2007. Research gate. https://www.researchgate.net/publication/313054728_Life_Cycle_Inventories_of_Petrochemical_Solvents_Data_v20_Uster_2007
Acetic acid trade mix,kg,1.958,0.29,"Market mix is confidential information of a manufacturer. Monsanto process and fermentation info from Otto Hromatka and Heinrich Ebner (1959). ""Vinegar by Submerged Oxidative Fermentation"". Ind. Eng. Chem. 51 (10): 1279 –1280. doi:10.1021/ie50598a033.  "
Acetic anhydride,kg,2.514,0.4,Sutter J. Life Cycle Inventories of Petrochemical Solvents. Data v2.0. Uster December 2007. Research gate. https://www.researchgate.net/publication/313054728_Life_Cycle_Inventories_of_Petrochemical_Solvents_Data_v20_Uster_2007
Acetic Anhydride trade mix,kg,1.878,0.75,"64% methyl acetate carbonylation (Halcon), 36% Ketene route; information manufacturer US and Europe"
"Acetic Anhydride, Halcon process",kg,0.957,0.6,#VALUE!
"Acetic Anhydride, Ketene process",kg,3.515,1,confidential information from supplier
Acetone,kg,1.64,0.26,0
Acetone (2),kg,1.015,0.19,Sutter J. Life Cycle Inventories of Petrochemical Solvents. Data v2.0. Uster December 2007. Research gate. https://www.researchgate.net/publication/313054728_Life_Cycle_Inventories_of_Petrochemical_Solvents_Data_v20_Uster_2007
Acetonitrile from propylene ammoxidation,kg,3.742,0.79,Sutter J. Life Cycle Inventories of Petrochemical Solvents. Data v2.0. Uster December 2007. Research gate. https://www.researchgate.net/publication/313054728_Life_Cycle_Inventories_of_Petrochemical_Solvents_Data_v20_Uster_2007
"Acetylated Radiata pine = durable wood, s.g. 510 kg/m3 (Neth",kg,0.463,0.23,"Norwegian EPD of Accoya, case ""system expansion"" https://www.accoya.com/app/uploads/2020/05/Environmental-Product-Declaration-%E2%80%93-cladding-decking-planed-timber-%E2%80%93-EN-15804.pdf"
"Acetylated Scots pine = durable wood, s.g. 540 kg/m3 (Nether",kg,-0.241,0.09,"Norwegian EPD of Accoya, case ""system expansion"" https://www.accoya.com/app/uploads/2020/05/Environmental-Product-Declaration-%E2%80%93-cladding-decking-planed-timber-%E2%80%93-EN-15804.pdf"
Acetylene (Ethyne),kg,1.64,0.26,0
Acryl (100% Acrylonitrile) polymer pellet production,kg,3.307,1.25,copy Idemat2023 Acrylonitrile
Acrylonitrile,kg,3.307,0.63,"data from Plastic Europe, with small correction on ecotoxicity"
Acrylonitrile from propylene ammoxidation,kg,3.755,0.79,Sutter J. Life Cycle Inventories of Petrochemical Solvents. Data v2.0. Uster December 2007. Research gate. https://www.researchgate.net/publication/313054728_Life_Cycle_Inventories_of_Petrochemical_Solvents_Data_v20_Uster_2007
Adipic acid,kg,3.958,0.66,0
Afrormosia FSC/PEFC 700 (kg/m3),kg,0.239,0.05,"for detailed calculations of input data for Simapro, see Ecocosts calculations wood 2022.xlsx at https://www.ecocostsvalue.com/lca/wood-lca-issues/"
Afrormosia natural forest 700 (kg/m3),kg,3.689,5.32,"for detailed calculations of input data for Simapro, see Ecocosts calculations wood 2022.xlsx at https://www.ecocostsvalue.com/lca/wood-lca-issues/"
Afzelia FCS/PEFC 820 (kg/m3),kg,0.231,0.05,"for detailed calculations of input data for Simapro, see Ecocosts calculations wood 2022.xlsx at https://www.ecocostsvalue.com/lca/wood-lca-issues/"
Afzelia natural forest 820 (kg/m3),kg,3.681,6.49,"for detailed calculations of input data for Simapro, see Ecocosts calculations wood 2022.xlsx at https://www.ecocostsvalue.com/lca/wood-lca-issues/"
Agba FSC/PEFC 500 (kg/m3),kg,0.261,0.06,for dCA880+CA903:CA923+CA880+CA903:CA923+CA903:CA925+CA880+CA903:CA923+CA903:CA924+CA903:CA925+CA903:CA927+CA903:CA925+CA903:CA926+CA903:CA925+CA903:CA923+CA903:CA903:CA923
Agba natural forest 500 (kg/m3),kg,3.711,10.34,"for detailed calculations of input data for Simapro, see Ecocosts calculations wood 2022.xlsx at https://www.ecocostsvalue.com/lca/wood-lca-issues/"
Ahorn FSC/PEFC 640 (kg/m3),kg,0.275,0.07,"for detailed calculations of input data for Simapro, see Ecocosts calculations wood 2022.xlsx at https://www.ecocostsvalue.com/lca/wood-lca-issues/"
"Air traffic continental (max weight/volume ratio 0,167 ton/m",m3km,0.237,0.06,"Fokker 100, kerosine for a distance of 2000 km"
"Air traffic continental (min weight/volume ratio 0,167 ton/m",tkm,1.415,0.38,"Fokker 100, kerosine for a distance of 2000 km"
"Air traffic intercontinental (max weight/volume ratio 0,167",m3km,0.097,0.03,"Boeing 747, 400F kersonine for a distance of 9000 km"
"Air traffic intercontinental (min weight/volume ratio 0,167",tkm,0.578,0.17,"Boeing 747, 400F kersonine for a distance of 9000 km"
"AKD (Alkyl ketene dimers) waste combustion, clean tech, without heat recovery",kg,0,0.02,0
AKD (Alkyl ketene dimers) waste incineration with electricity,kg,-1.849,-0.26,"energy from stoichiometric calculation, see excel file 'embedded oil, heat of combustion, CO2 emissions and pyrolysis plastics&chemicals.xls' at https://www.ecocostsvalue.com/lca/eol-and-recycling/"
Al99,kg,6.801,2.15,mix of the Idemat data of the basic metals
"Alachlor (2-Chloro-N-(2,6-diethylphenyl)-N-(methoxymethyl)ac",kg,11.106,1.84,"data from: Stout B.A. and Helsel Z.R.. 1987 ""Energy in World Agriculture, Volume 2"" Chapter 7"
AlCuMg1 (2017),kg,7.04,2.27,mix of the Idemat data of the basic metals + extra melting energy
AlCuMg2 (2024),kg,7.189,2.29,mix of the Idemat data of the basic metals + extra melting energy
AlCuMgPb (2011),kg,7.162,2.36,mix of the Idemat data of the basic metals + extra melting energy
AlCuSiMg (2036),kg,6.992,2.24,mix of the Idemat data of the basic metals + extra melting energy
Alder FSC/PEFC 530 (kg/m3),kg,0.275,0.07,"for detailed calculations of input data for Simapro, see Ecocosts calculations wood 2022.xlsx at https://www.ecocostsvalue.com/lca/wood-lca-issues/"
Alkenyl Succinic Anhydride (ASA),kg,9.717,1.67,0
Alkyl Ketene Dimer (AKD),kg,4.722,0.78,0
AlMg1 (5005),kg,7.285,2.21,mix of the Idemat data of the basic metals + extra melting energy
AlMg3 (5754a),kg,7.474,2.19,mix of the Idemat data of the basic metals + extra melting energy
AlMg4.5Mn (5182),kg,7.893,2.27,mix of the Idemat data of the basic metals + extra melting energy
AlMgSi0.5 (6060),kg,8.543,2.47,mix of the Idemat data of the basic metals + extra melting energy
AlMgSi0.7 (6005),kg,7.204,2.21,mix of the Idemat data of the basic metals + extra melting energy
AlMn1 (3003),kg,7.063,2.19,mix of the Idemat data of the basic metals + extra melting energy
AlMn1.2Mg1 (3004),kg,7.233,2.2,mix of the Idemat data of the basic metals + extra melting energy
AlSiMgMn (6009),kg,7.181,2.2,mix of the Idemat data of the basic metals + extra melting energy
Alumina,kg,3.597,1.14,estimate based on Aluminium content
Aluminium (primary),kg,8.679,2.79,LCA update study from Intern. Aluminium Institute. LIFE CYCLE INVENTORY DATA AND ENVIRONMENTAL METRICS FOR THE PRIMARY ALUMINIUM INDUSTRY 2015 DATA
Aluminium (secondary),kg,0.853,0.13,"from: Zare et al. F. 2016 LIFE CYCLE ASSESSMENT OF SECONDARY EXTRUDED ALUMINUM PRODUCTION PROCESS IN INDUSTRIAL CITY OF ARAK
APPLIED ECOLOGY AND ENVIRONMENTAL RESEARCH 14(2):125-135."
Aluminium Nitride,kg,4.482,1.42,estimate based on Aluminium content
Aluminium trade mix (76% prim 24% sec),kg,6.801,2.15,"recycle rate EoL-RIR from erostat data or report JRC, Towards Recycling Indicators based on EU flows and Raw Materials System Analysis data. 2018"
"Aluminium, recycling credit closed loop (87.5% virgin part t",kg,-6.848,-2.32,#VALUE!
AlZnCuMg (7075),kg,7.268,2.27,mix of the Idemat data of the basic metals + extra melting energy
AM100A,kg,23.308,3.72,mix of the Idemat data of the basic metals + extra melting energy
AM503,kg,24.851,3.85,mix of the Idemat data of the basic metals + extra melting energy
Aminoethylethanol-amine,kg,2.933,0.43,#VALUE!
Ammonia,kg,2.343,0.31,0
anaerobic digestion (fermentation) cow dung,kg,-0.072,-0.01,from 32.64 to 40 litre methane per kg wet; per kg dry it is appox 240 litre methane https://www.researchgate.net/post/How-long-does-the-cow-dung-takes-to-produce-bio-gas
anaerobic digestion (fermentation) food waste,kg,-0.237,-0.03,"Keith James, Linda Ovens, Kimberley Pratt, 2011. The Scottish Carbon Metric, Zero Waste Scotland https://www.zerowastescotland.org.uk/sites/default/files/The%20Scottish%20Carbon%20Metric.pdf"
anaerobic digestion (fermentation) garden waste,kg,-0.204,-0.03,"Keith James, Linda Ovens, Kimberley Pratt, 2011. The Scottish Carbon Metric, Zero Waste Scotland https://www.zerowastescotland.org.uk/sites/default/files/The%20Scottish%20Carbon%20Metric.pdf"
Angelim Vermelho FSC/PEFC 1430 (kg/m3) wet,kg,0.226,0.05,"for detailed calculations of input data for Simapro, see Ecocosts calculations wood 2022.xlsx at https://www.ecocostsvalue.com/lca/wood-lca-issues/"
Angelim Vermelho natural forest 1430 (kg/m3) wet,kg,2.639,2.95,"for detailed calculations of input data for Simapro, see Ecocosts calculations wood 2022.xlsx at https://www.ecocostsvalue.com/lca/wood-lca-issues/"
Angelique FSC 735 (kg/m3),kg,0.231,0.05,"for detailed calculations of input data for Simapro, see Ecocosts calculations wood 2022.xlsx at https://www.ecocostsvalue.com/lca/wood-lca-issues/"
Angelique natural forest 735 (kg/m3),kg,3.681,5.51,"for detailed calculations of input data for Simapro, see Ecocosts calculations wood 2022.xlsx at https://www.ecocostsvalue.com/lca/wood-lca-issues/"
Aningre FSC/PEFC 580 (kg/m3),kg,0.24,0.06,"for detailed calculations of input data for Simapro, see Ecocosts calculations wood 2022.xlsx at https://www.ecocostsvalue.com/lca/wood-lca-issues/"
Aningre natural forest 580 (kg/m3),kg,3.69,4.74,"for detailed calculations of input data for Simapro, see Ecocosts calculations wood 2022.xlsx at https://www.ecocostsvalue.com/lca/wood-lca-issues/"
Anodising,m2,2.158,0.4,LCA for sulpher based anodising. Average data for the Netherlands
"Anthracite coal (33 MJ/kg), including combustion",kg,3.553,1.53,calculated from USLCI
Anthracite coal at mine,kg,0.679,0.27,calculated from USLCI
Antiaris FSC/PEFC 445 (kg/m3),kg,0.257,0.06,"for detailed calculations of input data for Simapro, see Ecocosts calculations wood 2022.xlsx at https://www.ecocostsvalue.com/lca/wood-lca-issues/"
Antiaris natural forest 445 (kg/m3),kg,3.707,6.01,"for detailed calculations of input data for Simapro, see Ecocosts calculations wood 2022.xlsx at https://www.ecocostsvalue.com/lca/wood-lca-issues/"
"Antimony, CRM (EoL-RIR = 18%)",kg,11.996,9.99,#VALUE!
Anzala/Mukulungu FSC/PEFC 940 (kg/m3),kg,0.223,0.05,"for detailed calculations of input data for Simapro, see Ecocosts calculations wood 2022.xlsx at https://www.ecocostsvalue.com/lca/wood-lca-issues/"
Anzala/Mukulungu natural forest 940 (kg/m3),kg,3.673,3.12,"for detailed calculations of input data for Simapro, see Ecocosts calculations wood 2022.xlsx at https://www.ecocostsvalue.com/lca/wood-lca-issues/"
Apple (Switserland) excl transport,kg,0.14,0.04,"Franziska Stoessel,* Ronnie Juraske, Stephan Pfister, and Stefanie Hellweg ""Life Cycle Inventory and Carbon and Water FoodPrint of Fruits and Vegetables: Application to a Swiss Retailer"
Aramid st gr,kg,15.654,14.65,Manufacturer data (confidential) of Aramid production in the Netherlands
Argon,kg,2.204,0.33,"energy for production, based on European Industry"
Arsenic (as co-product of Copper),kg,0.474,2.36,0
"ASA (Acrylonitrile styrene acrylate) waste combustion, clean tech, without heat",kg,2.2,0.3,0
ASA (Acrylonitrile styrene acrylate) waste incineration with electricity,kg,1.076,0.14,"energy from stoichiometric calculation, see excel file 'embedded oil, heat of combustion, CO2 emissions and pyrolysis plastics&chemicals.xls' at https://www.ecocostsvalue.com/lca/eol-and-recycling/"
Ash FSC/PEFC 700 (kg/m3),kg,0.275,0.07,"for detailed calculations of input data for Simapro, see Ecocosts calculations wood 2022.xlsx at https://www.ecocostsvalue.com/lca/wood-lca-issues/"
Aspen FSC/PEFC 440 (kg/m3),kg,0.313,0.08,"for detailed calculations of input data for Simapro, see Ecocosts calculations wood 2022.xlsx at https://www.ecocostsvalue.com/lca/wood-lca-issues/"
ASt35 (1.0346),kg,0.953,0.23,mix of the Idemat data of the basic metals
"Aubergine (eggplant), greenhouse",kg,2.428,0.47,"Franziska Stoessel,* Ronnie Juraske, Stephan Pfister, and Stefanie Hellweg ""Life Cycle Inventory and Carbon and Water FoodPrint of Fruits and Vegetables: Application to a Swiss Retailer"
Autogenuous welding Al 1,m,0.595,0.1,Autogenuous welding process; aluminium sheet 1 mm; butt joint; energy per meter joint; no emissions available
Autogenuous welding Al 2,m,1.622,0.28,Autogenuous welding process; aluminium sheet 2 mm; butt joint; energy per meter joint; no emissions available
Autogenuous welding Al 3,m,2.541,0.44,Autogenuous welding process; aluminium sheet 3 mm; butt joint; energy per meter joint; no emissions available
Avocado (Israel) excl transport,kg,0.226,1.12,"Franziska Stoessel,* Ronnie Juraske, Stephan Pfister, and Stefanie Hellweg ""Life Cycle Inventory and Carbon and Water FoodPrint of Fruits and Vegetables: Application to a Swiss Retailer"
Avodire FSC/PEFC 550 (kg/m3),kg,0.243,0.06,"for detailed calculations of input data for Simapro, see Ecocosts calculations wood 2022.xlsx at https://www.ecocostsvalue.com/lca/wood-lca-issues/"
Avodire natural forest 550 (kg/m3),kg,3.693,4.98,"for detailed calculations of input data for Simapro, see Ecocosts calculations wood 2022.xlsx at https://www.ecocostsvalue.com/lca/wood-lca-issues/"
Azobé FSC/PEFC 1060 (kg/m3),kg,0.228,0.05,"for detailed calculations of input data for Simapro, see Ecocosts calculations wood 2022.xlsx at https://www.ecocostsvalue.com/lca/wood-lca-issues/"
Azobé natural forest 1060 (kg/m3),kg,3.678,5.11,"for detailed calculations of input data for Simapro, see Ecocosts calculations wood 2022.xlsx at https://www.ecocostsvalue.com/lca/wood-lca-issues/"
Baboen FSC/PEFC 410 (kg/m3),kg,0.35,0.09,"for detailed calculations of input data for Simapro, see Ecocosts calculations wood 2022.xlsx at https://www.ecocostsvalue.com/lca/wood-lca-issues/"
Baboen natural forest 410 (kg/m3),kg,3.8,9.51,"for detailed calculations of input data for Simapro, see Ecocosts calculations wood 2022.xlsx at https://www.ecocostsvalue.com/lca/wood-lca-issues/"
Baking (1.5 MJe per kg product),kg,0.141,0.03,0
Balsa FSC/PEFC 150 (kg/m3),kg,0.529,0.14,"for detailed calculations of input data for Simapro, see Ecocosts calculations wood 2022.xlsx at https://www.ecocostsvalue.com/lca/wood-lca-issues/"
Balsa natural forest 150 (kg/m3),kg,3.979,41.39,"for detailed calculations of input data for Simapro, see Ecocosts calculations wood 2022.xlsx at https://www.ecocostsvalue.com/lca/wood-lca-issues/"
"Bamboo (local at forest road, China)",kg,0.139,0.03,#VALUE!
Banana (Colombia) excl transport,kg,0.084,0.04,"Franziska Stoessel,* Ronnie Juraske, Stephan Pfister, and Stefanie Hellweg ""Life Cycle Inventory and Carbon and Water FoodPrint of Fruits and Vegetables: Application to a Swiss Retailer"
Barge 1475 dwt,tkm,0.02,0.01,information RWS the Netherlands for European inland vessels; example AVV vessel type M7
Barium,kg,3.037,0.82,"Nuss and Eckelman, 2014, Life Cycle Assessment of Metals: A Scientific Synthesis, PLOS ONE, - supporting information- . Table S38. hardly no recycling, no data in RMIS – Raw Materials Information System, assesed 2023-07-13"
"Barium Ferrite magnet, ceramic 4 MGOe",kg,6.097,1.11,"Cullit BV and Graham CD. Introducttion to magnetic materials 2nd edition, Wiley"
Beans canned,kg,1.327,0.58,copy agri-footprint
"Beech, European FSC/PEFC 710 (kg/m3)",kg,0.171,0.04,"for detailed calculations of input data for Simapro, see Ecocosts calculations wood 2022.xlsx at https://www.ecocostsvalue.com/lca/wood-lca-issues/"
Beef tallow,kg,2.575,0.36,#VALUE!
"Beef, low quality hamburger fresh",kg,3.439,4.25,Danish Food LCA data; Dalgaard and Halberg (2004 and Thrane (2004)
"Beef, steak fresh",kg,143.729,52.75,Danish Food LCA data; Dalgaard and Halberg (2004 and Thrane (2004)
"Beef, tenderloin fresh",kg,246.524,90.48,Danish Food LCA data; Dalgaard and Halberg (2004 and Thrane (2004)
Bell pepper fresh from greenhouse,kg,1.289,0.23,"Franziska Stoessel,* Ronnie Juraske, Stephan Pfister, and Stefanie Hellweg ""Life Cycle Inventory and Carbon and Water FoodPrint of Fruits and Vegetables: Application to a Swiss Retailer"
"Benomyl (1-(Butylcarbamoyl)-1H-1,3-benzimidazol-2-yl methylc",kg,17.075,2.78,"data from: Stout B.A. and Helsel Z.R.. 1987 ""Energy in World Agriculture, Volume 2"" Chapter 7"
"Bentazone (3-isopropyl-2,1,3-benzothiadiazine-4-one-2,2-diox",kg,17.77,3.06,"data from: Stout B.A. and Helsel Z.R.. 1987 ""Energy in World Agriculture, Volume 2"" Chapter 7"
Benzal chloride,kg,2.137,0.82,Sutter J. Life Cycle Inventories of Petrochemical Solvents. Data v2.0. Uster December 2007. Research gate. https://www.researchgate.net/publication/313054728_Life_Cycle_Inventories_of_Petrochemical_Solvents_Data_v20_Uster_2007
Benzaldehyde,kg,3.898,1.97,Sutter J. Life Cycle Inventories of Petrochemical Solvents. Data v2.0. Uster December 2007. Research gate. https://www.researchgate.net/publication/313054728_Life_Cycle_Inventories_of_Petrochemical_Solvents_Data_v20_Uster_2007
Benzene,kg,1.86,0.32,0
Benzene chlorination (per kg benzene),kg,1.966,0.37,Sutter J. Life Cycle Inventories of Petrochemical Solvents. Data v2.0. Uster December 2007. Research gate. https://www.researchgate.net/publication/313054728_Life_Cycle_Inventories_of_Petrochemical_Solvents_Data_v20_Uster_2007
Benzyl alcohol,kg,3.985,1.41,Sutter J. Life Cycle Inventories of Petrochemical Solvents. Data v2.0. Uster December 2007. Research gate. https://www.researchgate.net/publication/313054728_Life_Cycle_Inventories_of_Petrochemical_Solvents_Data_v20_Uster_2007
Benzyl chloride,kg,2.059,0.64,Sutter J. Life Cycle Inventories of Petrochemical Solvents. Data v2.0. Uster December 2007. Research gate. https://www.researchgate.net/publication/313054728_Life_Cycle_Inventories_of_Petrochemical_Solvents_Data_v20_Uster_2007
Berylium,kg,559.97,365.51,"Nuss and Eckelman, 2014, Life Cycle Assessment of Metals: A Scientific Synthesis, PLOS ONE, - supporting information- . Table S38. hardly no recycling, no data in RMIS – Raw Materials Information System, assesed 2023-07-13"
"BEV, lease segment A (14.86 kWh/100km), WTW CO2",m,0,0,"Dutch TNO report: ""Handreiking TCO-berekening voor personenauto's  Oktober 2021"", page 6"
"BEV, lease segment B (15.78 kWh/100km), WTW CO2",m,0,0,"Dutch TNO report: ""Handreiking TCO-berekening voor personenauto's  Oktober 2021"", page 6"
"BEV, lease segment C (16.98 kWh/100km), WTW CO2",m,0,0,"Dutch TNO report: ""Handreiking TCO-berekening voor personenauto's  Oktober 2021"", page 6"
"BEV, lease segment D (17.98 kWh/100km), WTW CO2",m,0,0,"Dutch TNO report: ""Handreiking TCO-berekening voor personenauto's  Oktober 2021"", page 6"
"BEV, lease segment E (23.83 kWh/100km), WTW CO2",m,0,0,"Dutch TNO report: ""Handreiking TCO-berekening voor personenauto's  Oktober 2021"", page 6"
BioCotton fibre from China/India (without global seatranspor,kg,0.336,0.92,"50% Idemat2023 bio-Cotton, China + 50% Idemat2023 bio-Cotton, China"
BioCotton fibre from USA (without global seatransport),kg,0.768,0.99,"copy Idemat2023 bio-Cotton, USA"
"bio-Cotton, China",kg,0.289,0.96,"from: LCA update of cotton fibre and fabric life cycle inventory, Cotton Incorporated, 2017, John Jewell"
"bio-Cotton, India",kg,0.383,0.89,"from: LCA update of cotton fibre and fabric life cycle inventory, Cotton Incorporated, 2017, John Jewell"
"bio-Cotton, USA",kg,0.768,0.99,"from: LCA update of cotton fibre and fabric life cycle inventory, Cotton Incorporated, 2017, John Jewell"
biodiesel (palm oil methyl ester),kg,1.304,0.85,"See palm oil. Refinery data from Probas. Including land-use norm Indonesia Sumatra (palmol is produced at Kalimantan as well, but also in less vularable areas in the world)"
biodiesel (rape methyl ester),kg,0.893,0.52,"Idemat2023 Rape oil, Europe plus Refinery data from Probas remodelled"
"biodiesel (soybean ester, 100% USA)",kg,0.842,0.18,0
"biodiesel (soybean ester, 50% Brazil, 50% USA)",kg,3.682,0.95,"calculated from Idemat soybean oil 50% USA 50% Brazil, plus  refinery data from Probas"
bio-PE (Polyethylene) co-firing in electrical power plant,kg,-3.634,-0.51,"HEATS OF COMBUSTION OF HIGH TEMPERATURE POLYMERS. Richard N. Walters*, Stacey M. Hackett* and Richard E. Lyon"
bio-PE (Polyethylene) not biodegradable,kg,1.87,0.34,"derived from Idemat2023 PE (LDPE, Low density Polyethylene)"
"bio-PE (Polyethylene) waste combustion, clean tech, without heat recovery",kg,0,0.04,0
bio-PE (Polyethylene) waste incineration with electricity,kg,-1.999,-0.26,"HEATS OF COMBUSTION OF HIGH TEMPERATURE POLYMERS. Richard N. Walters*, Stacey M. Hackett* and Richard E. Lyon"
"bio-PE (Polyethylene), closed loop chemical upcycling credit",kg,0,0,#VALUE!
Birch FSC/PEFC 660 (kg/m3),kg,0.275,0.07,"for detailed calculations of input data for Simapro, see Ecocosts calculations wood 2022.xlsx at https://www.ecocostsvalue.com/lca/wood-lca-issues/"
Bismuth (as co-product of Tungsten),kg,2.913,34.37,"Nuss and Eckelman, 2014, Life Cycle Assessment of Metals: A Scientific Synthesis, PLOS ONE, - supporting information- . Table S38. hardly no recycling, no data in RMIS – Raw Materials Information System, assesed 2023-07-13"
Bisphenol A,kg,2.264,1.06,Plastics Europe LCI database
Bisphenol A co-firing in electrical power plant,kg,0.218,0.01,"energy from stoichiometric calculation, see excel file 'embedded oil, heat of combustion, CO2 emissions and pyrolysis plastics&chemicals.xls' at https://www.ecocostsvalue.com/lca/eol-and-recycling/"
"Bisphenol A waste combustion, clean tech, without heat recovery",kg,2.89,0.41,0
Bisphenol A waste incineration with electricity,kg,1.42,0.19,"energy from stoichiometric calculation, see excel file 'embedded oil, heat of combustion, CO2 emissions and pyrolysis plastics&chemicals.xls' at https://www.ecocostsvalue.com/lca/eol-and-recycling/"
Bitumen,kg,0.456,0.87,proxi of economic allocation of refinary products: the value of bitumen is the value of heavy oil for combustion
"Bituminous coal (26.4 MJ/kg), US, including combustion",kg,2.933,0.68,calculated from USLCI
Bituminous coal at mine US,kg,0.171,0.03,calculated from USLCI
Black poplar FSC/PEFC 440 (kg/m3),kg,0.275,0.07,"for detailed calculations of input data for Simapro, see Ecocosts calculations wood 2022.xlsx at https://www.ecocostsvalue.com/lca/wood-lca-issues/"
Blastfurnace slags,kg,0.003,0,copy ELCD
"blow moulding, machine only",kg,0.212,0.04,0
"blow moulding, production site",kg,1.098,0.19,0
Blue gum FSC/PEFC 900 (kg/m3),kg,0.296,0.07,"for detailed calculations of input data for Simapro, see Ecocosts calculations wood 2022.xlsx at https://www.ecocostsvalue.com/lca/wood-lca-issues/"
Blue gum natural forest 900 (kg/m3),kg,3.746,1.89,"for detailed calculations of input data for Simapro, see Ecocosts calculations wood 2022.xlsx at https://www.ecocostsvalue.com/lca/wood-lca-issues/"
Board (solid) and recycled paper (test liner and fluting),kg,0.575,0.1,"data from FEFCO 2022 database, data from 2021, https://www.fefco.org/lca Annex 1 assessed july 2022"
Boiling (1.1 MJe per kg product),kg,0.103,0.02,0
Boric acid,kg,0.909,1.8,0
Boron,kg,5.135,10.19,0
Boron Carbide,kg,39.894,7.94,#VALUE!
Borosilicate glass (Pyrex),kg,3.409,0.65,"own research Delft University of Technology: 12% B2CO3, 5% Al2O3, extra melting 1700 K x 0.83 kJ/kg.K = 1.41 MJ/kg"
Bosse clair FSC/PEFC 575 (kg/m3),kg,0.251,0.06,"for detailed calculations of input data for Simapro, see Ecocosts calculations wood 2022.xlsx at https://www.ecocostsvalue.com/lca/wood-lca-issues/"
Bosse clair natural forest 575 (kg/m3),kg,3.701,9.04,"for detailed calculations of input data for Simapro, see Ecocosts calculations wood 2022.xlsx at https://www.ecocostsvalue.com/lca/wood-lca-issues/"
BR (butadiene rubber),kg,3.964,1.65,Plastics Europe LCI database
BR and IIR (butadiene rubber and butyl rubber) in tires,kg,3.785,1.4,75% Idemat2023 PB (Polybutadiene) plus 25% Idemat2023 Carbon black
BR and IIR (Butyl rubber) co-firing in electrical power plan,kg,-0.224,-0.06,"energy from stoichiometric calculation, see excel file 'embedded oil, heat of combustion, CO2 emissions and pyrolysis plastics&chemicals.xls' at https://www.ecocostsvalue.com/lca/eol-and-recycling/"
"BR and IIR (Butyl rubber) waste combustion, clean tech, without heat recovery",kg,3.45,0.5,0
BR and IIR (Butyl rubber) waste incineration with electricit,kg,1.429,0.19,"energy from stoichiometric calculation, see excel file 'embedded oil, heat of combustion, CO2 emissions and pyrolysis plastics&chemicals.xls' at https://www.ecocostsvalue.com/lca/eol-and-recycling/"
"Bread, rye fresh",kg,0.52,0.35,Danish Food LCA data; Dalgaard and Halberg (2004 and Thrane (2004)
"Bread, wheat fresh",kg,0.573,0.38,Danish Food LCA data; Dalgaard and Halberg (2004 and Thrane (2004)
Broccoli fresh,kg,0.486,0.29,copy agri-footprint
Brown Hydrogen including combustion CO2,kg,11.767,1.77,0
"Brown paper (kraft liner), FSC",kg,0.332,0.07,"data from FEFCO 2022 database, data from 2021, https://www.fefco.org/lca Annex 1 assessed july 2022"
"Brown paper (kraft liner), FSC 70 gr/m2",m2,0.023,0.01,"data from FEFCO 2022 database, data from 2021, https://www.fefco.org/lca Annex 1 assessed july 2022"
"Brown paper (kraft liner), wood waste based",kg,0.332,0.07,"data from FEFCO 2022 database, data from 2021, https://www.fefco.org/lca Annex 1 assessed july 2022"
Bubinga FSC/PEFC 830 (kg/m3),kg,0.23,0.05,"for detailed calculations of input data for Simapro, see Ecocosts calculations wood 2022.xlsx at https://www.ecocostsvalue.com/lca/wood-lca-issues/"
Bubinga natural forest 830 (kg/m3),kg,3.68,6.42,"for detailed calculations of input data for Simapro, see Ecocosts calculations wood 2022.xlsx at https://www.ecocostsvalue.com/lca/wood-lca-issues/"
"Bulk carrier Handysize dwt 16.383, 12.5 knots",tkm,0.005,0,"example dwt 16383, 12.5 knotslook at https://horizonship.com/"
Bulk carrier Panamax,tkm,0.003,0,"Litt. MILOJKA POCUCA. METHODOLOGY OF DAY-TO-DAY SHIP COSTS ASSESSMENT. Promet-Traffic&Transportation, Vol.18, 2006, No. 5, 337-345. Table2 "
Butadiene,kg,1.98,0.31,0
Butane,kg,0.35,0.11,#VALUE!
Butane oxidation,kg,1.631,0.31,Sutter J. Life Cycle Inventories of Petrochemical Solvents. Data v2.0. Uster December 2007. Research gate. https://www.researchgate.net/publication/313054728_Life_Cycle_Inventories_of_Petrochemical_Solvents_Data_v20_Uster_2007
"Butane-1,4-diol",kg,4.017,0.65,Sutter J. Life Cycle Inventories of Petrochemical Solvents. Data v2.0. Uster December 2007. Research gate. https://www.researchgate.net/publication/313054728_Life_Cycle_Inventories_of_Petrochemical_Solvents_Data_v20_Uster_2007
"Butane-1,4-diol dehydrogenation",kg,4.431,0.71,Sutter J. Life Cycle Inventories of Petrochemical Solvents. Data v2.0. Uster December 2007. Research gate. https://www.researchgate.net/publication/313054728_Life_Cycle_Inventories_of_Petrochemical_Solvents_Data_v20_Uster_2007
"Butanes from butene,",kg,3.432,0.57,Sutter J. Life Cycle Inventories of Petrochemical Solvents. Data v2.0. Uster December 2007. Research gate. https://www.researchgate.net/publication/313054728_Life_Cycle_Inventories_of_Petrochemical_Solvents_Data_v20_Uster_2007
Butene hydration,kg,3.88,0.64,Sutter J. Life Cycle Inventories of Petrochemical Solvents. Data v2.0. Uster December 2007. Research gate. https://www.researchgate.net/publication/313054728_Life_Cycle_Inventories_of_Petrochemical_Solvents_Data_v20_Uster_2007
Butene hydroformylation,kg,6.472,1.02,Sutter J. Life Cycle Inventories of Petrochemical Solvents. Data v2.0. Uster December 2007. Research gate. https://www.researchgate.net/publication/313054728_Life_Cycle_Inventories_of_Petrochemical_Solvents_Data_v20_Uster_2007
Butyl acetate,kg,3.714,0.59,Sutter J. Life Cycle Inventories of Petrochemical Solvents. Data v2.0. Uster December 2007. Research gate. https://www.researchgate.net/publication/313054728_Life_Cycle_Inventories_of_Petrochemical_Solvents_Data_v20_Uster_2007
"Butylate (Butylated hydroxytoluene, 2,6-Di-tert-butyl-4-meth",kg,5.053,0.83,"data from: Stout B.A. and Helsel Z.R.. 1987 ""Energy in World Agriculture, Volume 2"" Chapter 7"
Butyrolactone,kg,4.664,0.75,Sutter J. Life Cycle Inventories of Petrochemical Solvents. Data v2.0. Uster December 2007. Research gate. https://www.researchgate.net/publication/313054728_Life_Cycle_Inventories_of_Petrochemical_Solvents_Data_v20_Uster_2007
C12–C13 sodium alkyl ether sulphate. 2 EO,kg,2.402,0.36,#VALUE!
C12–C14 alcohol ethoxylate. 3 EO,kg,1.876,0.27,#VALUE!
C12–C14 alcohol ethoxylate. 7 EO,kg,2.063,0.3,#VALUE!
C12–C14 amine oxide,kg,2.589,0.37,#VALUE!
C12–C14 sodium alkyl ether sulphate. 2 EO,kg,1.814,0.26,#VALUE!
C12–C14 sodium alkyl sulphate,kg,2.593,0.38,#VALUE!
C12–C15 alcohol ethoxylate. 3 EO,kg,2.648,0.39,#VALUE!
C12–C15 alcohol ethoxylate. 7 EO,kg,2.297,0.34,#VALUE!
C15,kg,0.951,0.23,mix of the Idemat data of the basic metals
C16–C18 alcohol ethoxylate. > 20 EO,kg,2.406,0.35,#VALUE!
C16–C18 fatty alcohol (palm oil),kg,1.888,0.26,#VALUE!
C16–C18 fatty alcohol (tallow),kg,2.887,0.4,#VALUE!
C16–C18 triethanolamine esterquats,kg,2.836,0.41,#VALUE!
C35,kg,1.1,0.41,mix of the Idemat data of the basic metals
C45,kg,1.102,0.41,mix of the Idemat data of the basic metals
C55,kg,0.952,0.23,mix of the Idemat data of the basic metals
C60,kg,0.952,0.23,mix of the Idemat data of the basic metals
C8–C18 alkyl amidopropyl betaine,kg,3.174,0.47,#VALUE!
"CA (Cellelose acetate, tetra, bio-degradable) chemical upcyc",kg,8.555,1.28,#VALUE!
CA (Cellulose polymers) co-firing in electrical power plant,kg,-1.32,-0.18,https://pslc.ws/fire/cellulos/combans.htm
"CA (Cellulose polymers) waste combustion, clean tech, without heat recovery",kg,0,0.02,0
CA (Cellulose polymers) waste incineration with electricity,kg,-0.726,-0.09,https://pslc.ws/fire/cellulos/combans.htm
"CA (Cellulose polymers), closed loop chemical upcycling cred",kg,0,0,#VALUE!
"CA (Cellulose polymers, biodegradable)",kg,8.555,1.28,"litt. Pooja Yadav, Norafiqah Ismail, Mohamed Essalhi, Mats Tysklind b, Dimitris Athanassiadis, Naser Tavajohi. Assessment of the environmental impact of polymeric membrane production. Journal of Membrane Science 622 (2021)"
Cadmium (EoL-RIR = 0%),kg,3.294,20.46,"cadmium is mined together with zinc, so zinc is taken as surrogate process
recycle rate EoL-RIR from erostat data or report JRC, Towards Recycling Indicators based on EU flows and Raw Materials System Analysis data. 2018"
Canaria FSC/PEFC 830 (kg/m3),kg,0.23,0.05,"for detailed calculations of input data for Simapro, see Ecocosts calculations wood 2022.xlsx at https://www.ecocostsvalue.com/lca/wood-lca-issues/"
Canaria natural forest 830 (kg/m3),kg,3.68,6.42,"for detailed calculations of input data for Simapro, see Ecocosts calculations wood 2022.xlsx at https://www.ecocostsvalue.com/lca/wood-lca-issues/"
"Captan ((3aR,7aS)-2-[(Trichloromethyl)sulfanyl]-3a,4,7,7a-te",kg,4.892,0.79,"data from: Stout B.A. and Helsel Z.R.. 1987 ""Energy in World Agriculture, Volume 2"" Chapter 7"
Carapa FSC/PEFC 610 (kg/m3),kg,0.243,0.06,"for detailed calculations of input data for Simapro, see Ecocosts calculations wood 2022.xlsx at https://www.ecocostsvalue.com/lca/wood-lca-issues/"
Carapa natural forest 610 (kg/m3),kg,3.693,6.54,"for detailed calculations of input data for Simapro, see Ecocosts calculations wood 2022.xlsx at https://www.ecocostsvalue.com/lca/wood-lca-issues/"
Carbaryl (Naphthalen-1-yl methylcarbamate),kg,5.254,0.85,"data from: Stout B.A. and Helsel Z.R.. 1987 ""Energy in World Agriculture, Volume 2"" Chapter 7"
"Carbofuran (2,2-Dimethyl-2,3-dihydro-1-benzofuran-7-yl methy",kg,18.646,3.22,"data from: Stout B.A. and Helsel Z.R.. 1987 ""Energy in World Agriculture, Volume 2"" Chapter 7"
Carbon black,kg,3.249,0.64,0
"Carbon dioxide, liquid",kg,0.482,0.08,"energy for production, based on European Industry"
Carbon fibre,kg,87.819,16.22,#VALUE!
Carbon monoxide,kg,1.395,0.26,copy USLCI
Carboxymethyl cellulose,kg,4.118,0.73,0
Carrots fresh,kg,0.098,0.07,copy agri-footprint
Cauliflower fresh,kg,0.486,0.29,copy agri-footprint
"CCA wood (Scots pine with Cromium, Copper and Asenic) incl E",kg,0.326,1.33,"This calculation is including the End of Life. In the end, all metals (Copper, Chromium and Arsenic) will end up, soner or later, in the environment"
"Cedar, American FSC/PEFC 490 (kg/m3)",kg,0.267,0.06,"for detailed calculations of input data for Simapro, see Ecocosts calculations wood 2022.xlsx at https://www.ecocostsvalue.com/lca/wood-lca-issues/"
"Cedar, American natural forest 490 (kg/m3)",kg,3.717,9.26,"for detailed calculations of input data for Simapro, see Ecocosts calculations wood 2022.xlsx at https://www.ecocostsvalue.com/lca/wood-lca-issues/"
Celery roote fresh,kg,0.215,0.07,"Franziska Stoessel,* Ronnie Juraske, Stephan Pfister, and Stefanie Hellweg ""Life Cycle Inventory and Carbon and Water FoodPrint of Fruits and Vegetables: Application to a Swiss Retailer"
Cement (blastfurnace CEM III B 42.5 N),kg,0.253,0.05,LCA for the production of CORUS cement in the Netherlands.  Average data.
Cement (Portland CEM I 52.5 N),kg,0.903,0.17,copy ELCD
Ceramic glass,kg,2.743,0.46,#VALUE!
Cerium,kg,25.958,118.09,"Nuss and Eckelman, 2014, Life Cycle Assessment of Metals: A Scientific Synthesis, PLOS ONE, - supporting information- "
CFRP (50%) co-firing in electrical power plant,kg,0.077,-0.53,CO2 emissions from combustion and credits for the delivered energy -17.2 MJth gas
"CFRP (50%) waste combustion, clean tech, without heat recovery",kg,3.19,0.44,0
CFRP (50%) waste incineration with electricity,kg,1.48,-0.09,CO2 emissions from combustion and credits for the delivered energy -8.6 MJth gas
CFRP 25% carbon,kg,23.138,4.45,12% Idemat2023 Polyester (unsaturated) +  13% Idemat2023 Styrene + 25% Idemat2023 Styrene + 50% Idemat2023 Sodium silicate
Chain sawing,s,0.001,0,"per hour 0.66 kg Petrol, plus emissions, plus lubricants "
Cheese Dutch,kg,7.046,1.99,copy agri-footprint
Chestnut FSC/PEFC 540 (kg/m3),kg,0.105,0.04,"for detailed calculations of input data for Simapro, see Ecocosts calculations wood 2022.xlsx at https://www.ecocostsvalue.com/lca/wood-lca-issues/"
Chicken fresh,kg,2.349,1.4,Danish Food LCA data; Dalgaard and Halberg (2004 and Thrane (2004)
Chicken frozen,kg,2.612,1.46,Danish Food LCA data; Dalgaard and Halberg (2004 and Thrane (2004)
"Chloramben (3-Amino-2,5-dichlorobenzoic acid)",kg,4.157,0.7,"data from: Stout B.A. and Helsel Z.R.. 1987 ""Energy in World Agriculture, Volume 2"" Chapter 7"
"Chlordimeform (N'-(4-chloro-2-methylphenyl)-N,N-dimethylmeth",kg,9.687,1.59,"data from: Stout B.A. and Helsel Z.R.. 1987 ""Energy in World Agriculture, Volume 2"" Chapter 7"
"Chlorine (average of USLCI, Plasticseurope, EU chlor-alkali",kg,0.783,0.15,0
Chlorine (European Chlor-Alkali Industry 2022),kg,0.71,0.13,0
Chlorine (Plasticseurope 2013),kg,0.9,0.19,0
Chlorine (US 2011),kg,0.738,0.13,0
Chloroacetic acid,kg,2.213,0.38,0
Chloroacetic acid (2),kg,1.435,0.21,#VALUE!
"Chlorsulfuron (2-chloro-N-[(4-methoxy-6-methyl-1,3,5-triazin",kg,17.206,2.75,"data from: Stout B.A. and Helsel Z.R.. 1987 ""Energy in World Agriculture, Volume 2"" Chapter 7"
"Chromium, CRM (EoL-RIR = 21%)",kg,26.261,6.78,"copy Probas, Umwelt Bundesambt. Recycle rate EoL-RIR from erostat data or report JRC, Towards Recycling Indicators based on EU flows and Raw Materials System Analysis data. 2018"
Citrus (Italy) excl transport,kg,0.055,0.06,"Franziska Stoessel,* Ronnie Juraske, Stephan Pfister, and Stefanie Hellweg ""Life Cycle Inventory and Carbon and Water FoodPrint of Fruits and Vegetables: Application to a Swiss Retailer"
Clinker,kg,0.332,0.05,LCA for the produktion of clinker for the cement industry in the  Netherlands. Average data.
"closed loop PA-11 (nylon-11), chemical upcycling credit",kg,0,0,#VALUE!
"CNG (compressed natural gas) for transport, excl. combustion",kg,1.161,0.65,"derived from ELCD: Process steam from natural gas, heat plant, consumption mix, at plant, MJ, EU-27 S copy without water"
"CNG (compressed natural gas) for transport, including combus",kg,3.911,1.02,"derived from ELCD: Process steam from natural gas, heat plant, consumption mix, at plant, MJ, EU-27 S copy without water"
CNG including combustion CO2,kg,3.911,1.02,0
"Coaster Class A (coast US, North and Baltic sea)",tkm,0.013,0,"calculations based on recent litterature (type of bunker oil, fuel consumption modern vessels, slow speed, and direct routing). example coaster, class A, Matermind Schipmanagement. https://www.mastermind-cyprus.com/fleet/coaster-a-class/"
Cobalt oxide (CoO),kg,5.019,26.33,"Delft University of Technology, estimate"
"Cobalt, CRM (EoL-RIR = 22%)",kg,7.721,40.51,"copy ProBas, Umwelt Bundesambt. Recycle rate EoL-RIR from erostat data or report JRC, Towards Recycling Indicators based on EU flows and Raw Materials System Analysis data. 2018"
Cocamide diethanolamine,kg,1.059,0.15,#VALUE!
Coconut oil methyl ester,kg,0.678,0.1,#VALUE!
Cod fish fillet frozen,kg,5.239,1.4,Danisch food study update by Delft University of Technology
Cod fish fresh,kg,2.217,0.6,Danisch food study update by Delft University of Technology
Cold transforming Al,kg,0.1,0.02,"Cold transforming aluminium, bending, deep drawing etc; energy per kilogram transformed materia"
composting biodegradable plastics,kg,0,0,no fertilisers in biodegradable plastics
composting organic waste (without transport),kg,-0.017,0,"general information internet: 5 - 10 kg N per ton in composted material (note: the issue is N, since Phosphor is in overproduction)"
"Computer desktop, including 27 inch display",p,1062.211,168.74,#VALUE!
"Computer laptop, 15 inch display",p,561.298,98.2,#VALUE!
Concrete,m3,305.581,58.96,"general nformation ENCI brochure (portland cement manufacturer, the netherlands)"
"Concrete (reinforced, 40 kg steel per 1000 kg)",m3,374.76,75.12,"LCA for the produktion of prefab concrete in the Netherlands. 140 kg cement, 320 kg sand, 460 kg gravel, 40 kg steel and 40 kg water "
"Concrete blocks, light (439 kg/m3)",kg,0.223,0.04,from EPD of IBU: Leichtbetonmauersteine GISOTON Wandsysteme - Baustoffwerke Gebhart & Söhne GmbH & Co. KG. http://bau-umwelt.de/download/C30e51a0bX1441ae198bcXY10bc/EPD_GIS_20130174_IAC1_DE.pdf 
Container feeder Handysize 1577 TEU 13 knots,tkm,0.011,0,example 172m Feeder Container Ship 2007 - Japan Built 1577 TEU - DWT 21430  www.horizonship.com
"Container ship (max weight/volume ratio 0,41 ton/m3) (m3km)",m3km,0.02,0.01,#VALUE!
"Container ship (min weight/volume ratio 0,41 ton/m3)",tkm,0.005,0,#VALUE!
Copper (European Copper Instituut),kg,3.196,5.07,"LCA european copper institute (copper wire): ""Life Cycle Assessment of Copper Products"" by Ladji Tikana, Henrike Sievers , Anton Klassert, of the Deutsches Kupferinstitut – Life Cycle Centre, 2005."
Copper (primary),kg,4.19,5.44,#VALUE!
Copper (secondary),kg,0.804,0.14,#VALUE!
"Copper (US), study Thinkstep, tubes",kg,4.701,5.64,"Report: ""Life Cycle Assessment Copper tube and sheet"" for Copper Development Association Inc., Copper Alliance,  2019 (data North American production 2007) by Thinkstep, "
"Copper wire, plate, pipe, trade mix ( 70% prim 30% sec)",kg,3.174,3.85,#VALUE!
"Copper, recycling credit closed loop (45% virgin part in tra",kg,-1.524,-2.39,#VALUE!
Cordia FCS/PEFC 540 (kg/m3),kg,0.283,0.07,"for detailed calculations of input data for Simapro, see Ecocosts calculations wood 2022.xlsx at https://www.ecocostsvalue.com/lca/wood-lca-issues/"
Cordia natural forest 540 (kg/m3),kg,3.733,6.19,"for detailed calculations of input data for Simapro, see Ecocosts calculations wood 2022.xlsx at https://www.ecocostsvalue.com/lca/wood-lca-issues/"
Cork at factory gate in Portugal 150 kg/m3,kg,0.277,0.09,"300 km transport added to ""cork at forest road"", overall density of the load 100 kg/m3"
Cork at forest road 150 kg/m3,kg,0.192,0.06,"thesis of Rives, 2011 Environmental evaluation of the cork sector in southern europe (catalonia)"
Cork granulate 150 kg/m3,kg,0.204,0.04,#VALUE!
Cork granulate glued = aggregate (e.g. slab for insulation),kg,0.878,0.24,#VALUE!
cork slab insulation,kg,0.935,0.26,Idemat2023 Cork granulate glued = aggregate (e.g. slab for insulation) 150 kg/m3 plus transport to warehouse in europe (600 km)
Coromandel Ebony FSC/PEFC 1100 (kg/m3),kg,0.276,0.07,"for detailed calculations of input data for Simapro, see Ecocosts calculations wood 2022.xlsx at https://www.ecocostsvalue.com/lca/wood-lca-issues/"
Coromandel Ebony natural forest 1100 (kg/m3),kg,3.726,6.11,"for detailed calculations of input data for Simapro, see Ecocosts calculations wood 2022.xlsx at https://www.ecocostsvalue.com/lca/wood-lca-issues/"
"Corrugated board box making, (excl the paper)",kg,0.133,0.02,"data from FEFCO 2022 database, data from 2021, https://www.fefco.org/lca Annex 1 assessed july 2022"
Cotton fibre from China/India (without global seatransport),kg,0.887,1.03,"50% Idemat2023 Cotton, China + 50% Idemat2023 Cotton, India"
Cotton fibre from USA (without global seatransport),kg,1.322,1.1,"copy Idemat2023 Cotton, USA"
Cotton fibre trade mix (without global seatransport),kg,1.006,1.04,"copy Idemat2023 Cotton, trade mix, China, India, USA"
"Cotton, China",kg,0.666,1.03,"from: LCA update of cotton fibre and fabric life cycle inventory, Cotton Incorporated, 2017, John Jewell"
"Cotton, India",kg,1.107,1.02,"from: LCA update of cotton fibre and fabric life cycle inventory, Cotton Incorporated, 2017, John Jewell"
"Cotton, trade mix, China, India, USA",kg,1.006,1.04,"from: LCA update of cotton fibre and fabric life cycle inventory, Cotton Incorporated, 2017, John Jewell"
"Cotton, USA",kg,1.322,1.1,"from: LCA update of cotton fibre and fabric life cycle inventory, Cotton Incorporated, 2017, John Jewell"
Cottonwood FSC/PEFC 440 (kg/m3),kg,0.246,0.06,"for detailed calculations of input data for Simapro, see Ecocosts calculations wood 2022.xlsx at https://www.ecocostsvalue.com/lca/wood-lca-issues/"
Cottonwood natural forest 440 (kg/m3),kg,3.696,1.07,"for detailed calculations of input data for Simapro, see Ecocosts calculations wood 2022.xlsx at https://www.ecocostsvalue.com/lca/wood-lca-issues/"
Courgette fresh,kg,0.124,0.04,"Franziska Stoessel,* Ronnie Juraske, Stephan Pfister, and Stefanie Hellweg ""Life Cycle Inventory and Carbon and Water FoodPrint of Fruits and Vegetables: Application to a Swiss Retailer"
Cream full,kg,4.361,1.25,copy agri-footprint
Crude oil EU General (for feedstock),kg,0.19,0.04,Plastics Europe LCI database
Crude oil US General (for feedstock),kg,0.326,0.06,"calculated from USLCD data, Aluminium removed because of high uncertainties (of emissions as well as its ecotoxicity in water)"
Crude palm kernel oil refined,kg,0.947,0.78,recalculated from USLCI
Crushed concrete aggregate (recycled),kg,0.008,0,"LCA for the grinding in the Netherlands of concrete aggrgate to be used for concrete. Average data. Book: LCA based assessment of sustainability: the eco-costs/value ratio (EVR) 2010 Vogtlander J. published by DAP, Delft. Section 9"
CuAg-E,kg,3.448,4.46,mix of the Idemat data of the basic metals + extra melting energy
CuAl5,kg,3.605,3.94,mix of the Idemat data of the basic metals + extra melting energy
"Cucumber fresh, greenhouse",kg,1.808,0.29,"Franziska Stoessel,* Ronnie Juraske, Stephan Pfister, and Stefanie Hellweg ""Life Cycle Inventory and Carbon and Water FoodPrint of Fruits and Vegetables: Application to a Swiss Retailer"
Cu-E,kg,3.174,3.85,mix of the Idemat data of the basic metals + extra melting energy
Cumaru FSC/PEFC 1200 (kg/m3) wet,kg,0.226,0.05,"for detailed calculations of input data for Simapro, see Ecocosts calculations wood 2022.xlsx at https://www.ecocostsvalue.com/lca/wood-lca-issues/"
Cumaru natural forest 1200 (kg/m3) wet,kg,3.245,3.49,"for detailed calculations of input data for Simapro, see Ecocosts calculations wood 2022.xlsx at https://www.ecocostsvalue.com/lca/wood-lca-issues/"
Cumene,kg,1.219,0.18,#VALUE!
Cumene hydroperoxide,kg,1.703,0.29,0
CuNi10Fe,kg,4.099,5.9,mix of the Idemat data of the basic metals + extra melting energy
CuNi18Zn,kg,4.727,7.33,mix of the Idemat data of the basic metals + extra melting energy
CuNi44Mn,kg,6.809,13.03,mix of the Idemat data of the basic metals + extra melting energy
CuSn6.7P,kg,4.253,5.49,mix of the Idemat data of the basic metals + extra melting energy
CuSn8,kg,4.433,5.8,mix of the Idemat data of the basic metals + extra melting energy
Cutting Al. laser,m2,0.162,0.03,Cutting aluminium with laser; energy per section of 1m2 = 4 m length
Cutting Al. shears,m2,0.608,0.11,Cutting aluminium with shears; energy per section of 1m2 = 4 m length
CuZn15,kg,3.314,3.64,mix of the Idemat data of the basic metals + extra melting energy
CuZn30,kg,3.282,3.41,mix of the Idemat data of the basic metals + extra melting energy
CuZn37,kg,3.267,3.3,mix of the Idemat data of the basic metals + extra melting energy
CuZn40,kg,3.261,3.25,mix of the Idemat data of the basic metals + extra melting energy
"CuZn40Pb (Brass, alpha-beta, machinable)",kg,3.224,3.22,mix of the Idemat data of the basic metals + extra melting energy
"Cyanazine (2-[[4-Chloro-6-(ethylamino)-1,3,5-triazin-2-yl]am",kg,7.149,1.21,"data from: Stout B.A. and Helsel Z.R.. 1987 ""Energy in World Agriculture, Volume 2"" Chapter 7"
Cyclohexane,kg,3.108,0.5,Sutter J. Life Cycle Inventories of Petrochemical Solvents. Data v2.0. Uster December 2007. Research gate. https://www.researchgate.net/publication/313054728_Life_Cycle_Inventories_of_Petrochemical_Solvents_Data_v20_Uster_2007
Cyclohexanone,kg,4.682,0.83,Sutter J. Life Cycle Inventories of Petrochemical Solvents. Data v2.0. Uster December 2007. Research gate. https://www.researchgate.net/publication/313054728_Life_Cycle_Inventories_of_Petrochemical_Solvents_Data_v20_Uster_2007
"Cypermethrin ([Cyano-(3-phenoxyphenyl)methyl]3-(2,2-dichloro",kg,28.9,4.62,"data from: Stout B.A. and Helsel Z.R.. 1987 ""Energy in World Agriculture, Volume 2"" Chapter 7"
Dabema FSC/PEFC 690 (kg/m3),kg,0.24,0.06,"for detailed calculations of input data for Simapro, see Ecocosts calculations wood 2022.xlsx at https://www.ecocostsvalue.com/lca/wood-lca-issues/"
Dabema natural forest 690 (kg/m3),kg,3.69,7.59,"for detailed calculations of input data for Simapro, see Ecocosts calculations wood 2022.xlsx at https://www.ecocostsvalue.com/lca/wood-lca-issues/"
Deep drawing steel,kg,0.502,0.09,"3500 kN press single stroke, energy 3.67 MJe per kg"
DEHP (diisooctyl phthalate),kg,2.2,1.03,"Yuan Li, Master Thesis University of Pittsburg. LCA of LIFE CYCLE ASSESSMENT TO DI-2-ETHYLHEXYL PHTHALATE (DEHP), APPLICATIONS AND POTENTIAL ALTERNATIVES, 2013"
DEHP co-firing in electrical power plant,kg,-0.223,-0.05,"energy from stoichiometric calculation, see excel file 'embedded oil, heat of combustion, CO2 emissions and pyrolysis plastics&chemicals.xls' at https://www.ecocostsvalue.com/lca/eol-and-recycling/"
"DEHP waste combustion, clean tech, without heat recovery",kg,2.71,0.39,0
DEHP waste incineration with electricity,kg,1.222,0.17,"energy from stoichiometric calculation, see excel file 'embedded oil, heat of combustion, CO2 emissions and pyrolysis plastics&chemicals.xls' at https://www.ecocostsvalue.com/lca/eol-and-recycling/"
Dibetou FSC/PEFC550 (kg/m3),kg,0.254,0.06,"for detailed calculations of input data for Simapro, see Ecocosts calculations wood 2022.xlsx at https://www.ecocostsvalue.com/lca/wood-lca-issues/"
Dibetou natural forest 550 (kg/m3),kg,3.704,9.45,"for detailed calculations of input data for Simapro, see Ecocosts calculations wood 2022.xlsx at https://www.ecocostsvalue.com/lca/wood-lca-issues/"
"Dicamba (3,6-Dichloro-2-methoxybenzoic acid)",kg,10.738,1.74,"data from: Stout B.A. and Helsel Z.R.. 1987 ""Energy in World Agriculture, Volume 2"" Chapter 7"
Diesel B10 including combustion CO2,m3,2799.418,753.3,0
"Diesel B10, lease segment B (4.83 l/100km), including combu",m,0,0,"Dutch TNO report: ""Handreiking TCO-berekening voor personenauto's  Oktober 2021"", page 6"
"Diesel B10, lease segment C (5.03 l/100km), including combu",m,0,0,"Dutch TNO report: ""Handreiking TCO-berekening voor personenauto's  Oktober 2021"", page 6"
"Diesel B10, lease segment D (5.41 l/100km), including combu",m,0,0,"Dutch TNO report: ""Handreiking TCO-berekening voor personenauto's  Oktober 2021"", page 6"
"Diesel B10, lease segment E (10.20 l/100km), including comb",m,0,0,"Dutch TNO report: ""Handreiking TCO-berekening voor personenauto's  Oktober 2021"", page 6"
Diesel B100 (FAME),kg,0.842,0.18,0
"Diesel B100 (FAME), including combustion CO2",m3,749.302,161.99,0
Diesel B7 including combustion CO2,m3,2858.465,770.92,0
Diesel low-sulphur (excluding combustion),kg,0.482,0.56,copy ELCD
Diesel low-sulphur including combustion CO2,kg,3.622,0.98,calculated from Idemat2022 Diesel low-sulphur (excluding combustion)
"Diesel low-sulphur including combustion CO2, per MJ",MJ,0.085,0.02,calculated from Idemat2022 Diesel low-sulphur (excluding combustion)
"Diesel XTL (HVO) form soy USA, including combustion CO2",m3,417.792,150.06,0
Diesel XTL (HVO) from agricultural waste,kg,0.399,0.07,0
Diesel XTL (HVO) from rape cake Europe,kg,0.536,0.19,0
Diesel XTL (HVO) from tallow (waste),kg,0.297,0.06,0
Diethanolamine,kg,2.19,0.32,#VALUE!
Diethyl ether,kg,1.282,0.21,Sutter J. Life Cycle Inventories of Petrochemical Solvents. Data v2.0. Uster December 2007. Research gate. https://www.researchgate.net/publication/313054728_Life_Cycle_Inventories_of_Petrochemical_Solvents_Data_v20_Uster_2007
Diethylene glycol (DEG),kg,1.86,0.29,0
Dimethyl sulfoxide,kg,1.678,0.29,Sutter J. Life Cycle Inventories of Petrochemical Solvents. Data v2.0. Uster December 2007. Research gate. https://www.researchgate.net/publication/313054728_Life_Cycle_Inventories_of_Petrochemical_Solvents_Data_v20_Uster_2007
Dimethylamine,kg,1.342,0.39,Sutter J. Life Cycle Inventories of Petrochemical Solvents. Data v2.0. Uster December 2007. Research gate. https://www.researchgate.net/publication/313054728_Life_Cycle_Inventories_of_Petrochemical_Solvents_Data_v20_Uster_2007
Dimethylamine (2),kg,3.009,0.44,#VALUE!
Dimethylsulfate,kg,1.162,0.17,#VALUE!
"Dinoseb (2-(Butan-2-yl)-4,6-dinitrophenol)",kg,3.556,0.61,"data from: Stout B.A. and Helsel Z.R.. 1987 ""Energy in World Agriculture, Volume 2"" Chapter 7"
DINP (diisononyl phthalate),kg,2.2,1.03,Plastics Europe LCI database
DINP co-firing in electrical power plant,kg,-0.242,-0.05,"energy from stoichiometric calculation, see excel file 'embedded oil, heat of combustion, CO2 emissions and pyrolysis plastics&chemicals.xls' at https://www.ecocostsvalue.com/lca/eol-and-recycling/"
"DINP waste combustion, clean tech, without heat recovery",kg,2.74,0.39,0
DINP waste incineration with electricity,kg,1.213,0.16,"energy from stoichiometric calculation, see excel file 'embedded oil, heat of combustion, CO2 emissions and pyrolysis plastics&chemicals.xls' at https://www.ecocostsvalue.com/lca/eol-and-recycling/"
Dipropylene glycol monomethyl ether,kg,4.066,1.38,Derived from EI data
"Diquat (6,7-dihydrodipyrido[1,2-a:2',1'-c]pyrazine-5,8-diium",kg,19.649,3.06,"data from: Stout B.A. and Helsel Z.R.. 1987 ""Energy in World Agriculture, Volume 2"" Chapter 7"
"Diuron, DCMU (3-(3,4-dichlorophenyl)-1,1-dimethylurea)",kg,8.371,1.38,"data from: Stout B.A. and Helsel Z.R.. 1987 ""Energy in World Agriculture, Volume 2"" Chapter 7"
DMC (50%) co-firing in electrical power plant,kg,0.105,0.01,CO2 emissions from combustion and credits for the delivered energy -17.2 MJth gas
"DMC (50%) waste combustion, clean tech, without heat recovery",kg,1.36,0.19,0
DMC (50%) waste incineration with electricity,kg,0.672,0.09,CO2 emissions from combustion and credits for the delivered energy -8.6 MJth gas
"Domestic Heat, General, from heat pump",MJ,0.034,0.01,"based on heat pumps with an operational COP of 4 (MJthe/MJe), for electricity average of EU, US, and China"
"Drilling Al. (per kg removed, removed Al not counted)",kg,0.066,0.01,required electricity 0.48 MJ per kg removed
"Drilling steel (per kg removed, the removed steel not counte",kg,0.105,0.02,required electricity 0.77 MJ per kg removed
drinking water europe,kg,0.001,0,copy ELCD
Duranik,kg,11.455,23.63,mix of the Idemat data of the basic metals + extra melting energy
"dyeing, with pollution, without materials input, India",kg,3.118,7.51,"Van der Velden, Patel, Vogtlander,2014. LCA benchmarking study on textiles, made of cotton, polyester, nylon, acryl, or ellastane. Int J of LCA Vol 19 pp 331-356"
"dyeing, without materials input, Europe",kg,3.118,0.57,"Van der Velden, Patel, Vogtlander,2014. LCA benchmarking study on textiles, made of cotton, polyester, nylon, acryl, or ellastane. Int J of LCA Vol 19 pp 331-356"
Dysprosium,kg,121.148,"1,304.41","Nuss and Eckelman, 2014, Life Cycle Assessment of Metals: A Scientific Synthesis, PLOS ONE, - supporting information- "
Eggs,kg,2.583,1.89,0
Elastane (polyurethane) polymer pellet production,kg,3.382,1.26,copy Idemat2023 PUR flex. moulded TDI
"Electric cord, 6A (1320W), 3x0.75 mm2, domestic (per m)",m,0.155,0.11,"LCA of a standard electric cord, 6A including safety ground (1320W), domestic, PVC and 3x0.75 mm2 copper"
"Electric MIG welding 4mm steel, 0.125 kg electrode",m,1.1,0.2,"Average data for electric MIG welding in the Netherlands 1990. 1m Electric weld 4mm steel, MIG proces, without weld fume  filtering, 0.125 kg electrode"
"Electric motor, less than 500 W, estimate",kg,2.706,1.91,"LCA of a specific electromoter, confidential data from manufacturer"
Electricity .EU-27 consumption,MJ,0.089,0.02,for detailed calculations see excel-electricity-JV 
Electricity .EU-27 production,MJ,0.089,0.02,for detailed calculations see excel-electricity-JV 
Electricity .Middle Africa production,MJ,0.002,0,for detailed calculations see excel-electricity-JV 
Electricity .Middle East production,MJ,0.188,0.04,for detailed calculations see excel-electricity-JV 
Electricity .North America production,MJ,0.122,0.03,for detailed calculations see excel-electricity-JV 
Electricity .South America production,MJ,0.05,0.01,for detailed calculations see excel-electricity-JV 
Electricity Afghanistan production,MJ,0.038,0.01,for detailed calculations see excel-electricity-JV 
Electricity Africa production,MJ,0.17,0.03,for detailed calculations see excel-electricity-JV 
Electricity Alabama production,MJ,0.123,0.03,for detailed calculations see excel-electricity-JV 
Electricity Alaska production,MJ,0.181,0.04,for detailed calculations see excel-electricity-JV 
Electricity Albania production,MJ,0.002,0,for detailed calculations see excel-electricity-JV 
Electricity Alberta production,MJ,0.188,0.03,for detailed calculations see excel-electricity-JV 
Electricity Algeria production,MJ,0.188,0.03,for detailed calculations see excel-electricity-JV 
Electricity American Samoa production,MJ,0.221,0.04,for detailed calculations see excel-electricity-JV 
Electricity Andaman & Nicobar production,MJ,0.245,0.04,for detailed calculations see excel-electricity-JV 
Electricity Andhra Pradesh production,MJ,0.231,0.03,for detailed calculations see excel-electricity-JV 
Electricity Angola production,MJ,0.061,0.01,for detailed calculations see excel-electricity-JV 
Electricity Anhui production,MJ,0.273,0.04,for detailed calculations see excel-electricity-JV 
Electricity Antigua and Barbuda production,MJ,0.21,0.04,for detailed calculations see excel-electricity-JV 
Electricity Argentina production,MJ,0.124,0.02,for detailed calculations see excel-electricity-JV 
Electricity Arizona production,MJ,0.117,0.03,for detailed calculations see excel-electricity-JV 
Electricity Arkansas production,MJ,0.164,0.03,for detailed calculations see excel-electricity-JV 
Electricity Armenia production,MJ,0.083,0.02,for detailed calculations see excel-electricity-JV 
Electricity Aruba production,MJ,0.186,0.03,for detailed calculations see excel-electricity-JV 
Electricity Arunachal Pradesh production,MJ,0.002,0,for detailed calculations see excel-electricity-JV 
Electricity Asia Pacific production,MJ,0.181,0.03,for detailed calculations see excel-electricity-JV 
Electricity Assam production,MJ,0.227,0.04,for detailed calculations see excel-electricity-JV 
Electricity Australia production,MJ,0.173,0.03,for detailed calculations see excel-electricity-JV 
Electricity Austria consumption,MJ,0.045,0.01,for detailed calculations see excel-electricity-JV 
Electricity Austria production,MJ,0.039,0.01,for detailed calculations see excel-electricity-JV 
Electricity Azerbaijan production,MJ,0.188,0.03,for detailed calculations see excel-electricity-JV 
Electricity Bahamas production,MJ,0.221,0.04,for detailed calculations see excel-electricity-JV 
Electricity Bahrain production,MJ,0.188,0.03,for detailed calculations see excel-electricity-JV 
Electricity Bangladesh production,MJ,0.206,0.04,for detailed calculations see excel-electricity-JV 
Electricity Barbados production,MJ,0.206,0.04,for detailed calculations see excel-electricity-JV 
Electricity Beijin production,MJ,0.19,0.03,for detailed calculations see excel-electricity-JV 
Electricity Belarus production,MJ,0.158,0.03,for detailed calculations see excel-electricity-JV 
Electricity Belgium (2019),MJ,0.057,0.02,for detailed calculations see Global Market Mix excel 
Electricity Belgium consumption,MJ,0.049,0.02,for detailed calculations see excel-electricity-JV 
Electricity Belgium production,MJ,0.057,0.02,for detailed calculations see excel-electricity-JV 
Electricity Belize production,MJ,0.139,0.03,for detailed calculations see excel-electricity-JV 
Electricity Benin production,MJ,0.213,0.04,for detailed calculations see excel-electricity-JV 
Electricity Bermuda production,MJ,0,0,for detailed calculations see excel-electricity-JV 
Electricity Bhutan production,MJ,0.002,0,for detailed calculations see excel-electricity-JV 
Electricity Bihar production,MJ,0.297,0.04,for detailed calculations see excel-electricity-JV 
Electricity Bolivia production,MJ,0.117,0.02,for detailed calculations see excel-electricity-JV 
Electricity Bosnia and Herzegovina production,MJ,0.177,0.03,for detailed calculations see excel-electricity-JV 
Electricity Botswana production,MJ,0.271,0.05,for detailed calculations see excel-electricity-JV 
Electricity Brazil production,MJ,0.026,0.01,for detailed calculations see excel-electricity-JV 
Electricity British Columbia production,MJ,0.006,0,for detailed calculations see excel-electricity-JV 
Electricity Brunei production,MJ,0.236,0.04,for detailed calculations see excel-electricity-JV 
Electricity Bulgaria consumption,MJ,0.137,0.03,for detailed calculations see excel-electricity-JV 
Electricity Bulgaria production,MJ,0.137,0.03,for detailed calculations see excel-electricity-JV 
Electricity Burkina Faso production,MJ,0.194,0.04,for detailed calculations see excel-electricity-JV 
Electricity Burundi production,MJ,0.069,0.01,for detailed calculations see excel-electricity-JV 
Electricity California production,MJ,0.094,0.02,for detailed calculations see excel-electricity-JV 
Electricity Cambodia production,MJ,0.133,0.02,for detailed calculations see excel-electricity-JV 
Electricity Cameroon production,MJ,0.084,0.02,for detailed calculations see excel-electricity-JV 
Electricity Canada production,MJ,0.041,0.01,for detailed calculations see excel-electricity-JV 
Electricity Cape Verde production,MJ,0.188,0.03,for detailed calculations see excel-electricity-JV 
Electricity Cayman Islands production,MJ,0.216,0.04,for detailed calculations see excel-electricity-JV 
Electricity Central African Republic production,MJ,0.002,0,for detailed calculations see excel-electricity-JV 
Electricity Central America production,MJ,0.002,0,for detailed calculations see excel-electricity-JV 
Electricity Chad production,MJ,0.214,0.04,for detailed calculations see excel-electricity-JV 
Electricity Chandigarh production,MJ,0.002,0,for detailed calculations see excel-electricity-JV 
Electricity Chhattisgarh production,MJ,0.294,0.04,for detailed calculations see excel-electricity-JV 
Electricity Chile production,MJ,0.112,0.02,for detailed calculations see excel-electricity-JV 
Electricity China (2019),MJ,0.195,0.03,for detailed calculations see Global Market Mix excel 
Electricity China production,MJ,0.175,0.02,for detailed calculations see excel-electricity-JV 
Electricity CHN production,MJ,0.173,0.03,for detailed calculations see excel-electricity-JV 
Electricity Chongqing production,MJ,0.197,0.03,for detailed calculations see excel-electricity-JV 
Electricity CIS production,MJ,0.144,0.03,for detailed calculations see excel-electricity-JV 
"Electricity coal, EU, US, China, 38% efficiency",MJ,0.296,0.05,"from butuminous coal, for detailed calculations see Global Market Mix excel "
Electricity Colombia production,MJ,0.054,0.01,for detailed calculations see excel-electricity-JV 
Electricity Colorado production,MJ,0.182,0.03,for detailed calculations see excel-electricity-JV 
Electricity Comoros production,MJ,0.221,0.04,for detailed calculations see excel-electricity-JV 
Electricity Congo production,MJ,0.146,0.03,for detailed calculations see excel-electricity-JV 
Electricity Connecticut production,MJ,0.099,0.02,for detailed calculations see excel-electricity-JV 
Electricity Cook Islands production,MJ,0.143,0.03,for detailed calculations see excel-electricity-JV 
Electricity Costa Rica production,MJ,0.006,0,for detailed calculations see excel-electricity-JV 
Electricity Cote d'Ivoire production,MJ,0.141,0.03,for detailed calculations see excel-electricity-JV 
Electricity Croatia consumption,MJ,0.063,0.01,for detailed calculations see excel-electricity-JV 
Electricity Croatia production,MJ,0.054,0.01,for detailed calculations see excel-electricity-JV 
Electricity Cuba production,MJ,0.182,0.03,for detailed calculations see excel-electricity-JV 
Electricity Cyprus consumption,MJ,0.013,0,for detailed calculations see excel-electricity-JV 
Electricity Cyprus production,MJ,0.186,0.03,for detailed calculations see excel-electricity-JV 
Electricity Czechia consumption,MJ,0.131,0.03,for detailed calculations see excel-electricity-JV 
Electricity Czechia production,MJ,0.131,0.03,for detailed calculations see excel-electricity-JV 
Electricity Dadra & Nagar Naveli production,MJ,0.002,0,for detailed calculations see excel-electricity-JV 
Electricity Delaware production,MJ,0.207,0.03,for detailed calculations see excel-electricity-JV 
Electricity Delhi production,MJ,0.183,0.04,for detailed calculations see excel-electricity-JV 
Electricity Democratic Republic of Congo production,MJ,0.002,0,for detailed calculations see excel-electricity-JV 
Electricity Denmark (2019),MJ,0.056,0.01,for detailed calculations see Global Market Mix excel 
Electricity Denmark consumption,MJ,0.039,0.01,for detailed calculations see excel-electricity-JV 
Electricity Denmark production,MJ,0.037,0.01,for detailed calculations see excel-electricity-JV 
Electricity District of Columbia production,MJ,0.186,0.04,for detailed calculations see excel-electricity-JV 
Electricity Djibouti production,MJ,0.221,0.04,for detailed calculations see excel-electricity-JV 
Electricity Dominica production,MJ,0.169,0.03,for detailed calculations see excel-electricity-JV 
Electricity Dominican Republic production,MJ,0.188,0.03,for detailed calculations see excel-electricity-JV 
Electricity Eastern Africa production,MJ,0.002,0,for detailed calculations see excel-electricity-JV 
Electricity Ecuador production,MJ,0.055,0.01,for detailed calculations see excel-electricity-JV 
Electricity Egypt production,MJ,0.175,0.03,for detailed calculations see excel-electricity-JV 
Electricity El Salvador production,MJ,0.059,0.01,for detailed calculations see excel-electricity-JV 
Electricity Equatorial Guinea production,MJ,0.153,0.03,for detailed calculations see excel-electricity-JV 
Electricity Eritrea production,MJ,0.217,0.04,for detailed calculations see excel-electricity-JV 
Electricity Estonia consumption,MJ,0.187,0.03,for detailed calculations see excel-electricity-JV 
Electricity Estonia production,MJ,0.201,0.03,for detailed calculations see excel-electricity-JV 
Electricity Eswatini production,MJ,0.013,0,for detailed calculations see excel-electricity-JV 
Electricity Ethiopia production,MJ,0.002,0,for detailed calculations see excel-electricity-JV 
Electricity EU-27 (2019),MJ,0.094,0.02,for detailed calculations see Global Market Mix excel 
Electricity Falkland Islands production,MJ,0.112,0.02,for detailed calculations see excel-electricity-JV 
Electricity Faroe Islands production,MJ,0.138,0.03,for detailed calculations see excel-electricity-JV 
Electricity Fiji production,MJ,0.081,0.02,for detailed calculations see excel-electricity-JV 
Electricity Finland consumption,MJ,0.032,0.01,for detailed calculations see excel-electricity-JV 
Electricity Finland production,MJ,0.023,0.01,for detailed calculations see excel-electricity-JV 
Electricity Florida production,MJ,0.15,0.03,for detailed calculations see excel-electricity-JV 
Electricity France (2019),MJ,0.02,0.02,for detailed calculations see Global Market Mix excel 
Electricity France consumption,MJ,0.029,0.02,for detailed calculations see excel-electricity-JV 
Electricity France production,MJ,0.027,0.02,for detailed calculations see excel-electricity-JV 
Electricity French Guiana production,MJ,0.028,0.02,for detailed calculations see excel-electricity-JV 
Electricity French Polynesia production,MJ,0.151,0.03,for detailed calculations see excel-electricity-JV 
"Electricity from offshore windmill (5MW, capacity factor 0.4",MJ,0.002,0,#VALUE!
Electricity Fujian production,MJ,0.178,0.03,for detailed calculations see excel-electricity-JV 
Electricity Gabon production,MJ,0.123,0.02,for detailed calculations see excel-electricity-JV 
Electricity Gambia production,MJ,0.221,0.04,for detailed calculations see excel-electricity-JV 
Electricity Gansu production,MJ,0.142,0.02,for detailed calculations see excel-electricity-JV 
"Electricity gas, EU, US, China, 60% efficiency",MJ,0.173,0.03,for detailed calculations see Global Market Mix excel 
Electricity General Industry,MJ,0.137,0.02,#VALUE!
Electricity Georgia (country) production,MJ,0.046,0.01,for detailed calculations see excel-electricity-JV 
Electricity Georgia (US state) production,MJ,0.128,0.03,for detailed calculations see excel-electricity-JV 
Electricity Germany (2019),MJ,0.117,0.02,for detailed calculations see Global Market Mix excel 
Electricity Germany consumption,MJ,0.125,0.02,for detailed calculations see excel-electricity-JV 
Electricity Germany production,MJ,0.125,0.02,for detailed calculations see excel-electricity-JV 
Electricity Ghana production,MJ,0.128,0.02,for detailed calculations see excel-electricity-JV 
Electricity Goa production,MJ,0.02,0,for detailed calculations see excel-electricity-JV 
Electricity Greece consumption,MJ,0.142,0.02,for detailed calculations see excel-electricity-JV 
Electricity Greece production,MJ,0.145,0.02,for detailed calculations see excel-electricity-JV 
Electricity Greenland production,MJ,0.038,0.01,for detailed calculations see excel-electricity-JV 
Electricity Grenada production,MJ,0.221,0.04,for detailed calculations see excel-electricity-JV 
Electricity Guadeloupe production,MJ,0.171,0.03,for detailed calculations see excel-electricity-JV 
Electricity Guam production,MJ,0.212,0.04,for detailed calculations see excel-electricity-JV 
Electricity Guangdong production,MJ,0.176,0.03,for detailed calculations see excel-electricity-JV 
Electricity Guangxi production,MJ,0.145,0.02,for detailed calculations see excel-electricity-JV 
Electricity Guatemala production,MJ,0.091,0.02,for detailed calculations see excel-electricity-JV 
Electricity Guinea production,MJ,0.062,0.01,for detailed calculations see excel-electricity-JV 
Electricity Guinea-Bissau production,MJ,0.221,0.04,for detailed calculations see excel-electricity-JV 
Electricity Guizhou production,MJ,0.171,0.02,for detailed calculations see excel-electricity-JV 
Electricity Gujarat production,MJ,0.18,0.03,for detailed calculations see excel-electricity-JV 
Electricity Guyana production,MJ,0.196,0.04,for detailed calculations see excel-electricity-JV 
Electricity Hainan production,MJ,0.233,0.04,for detailed calculations see excel-electricity-JV 
Electricity Haiti production,MJ,0.192,0.04,for detailed calculations see excel-electricity-JV 
Electricity Haryana production,MJ,0.286,0.04,for detailed calculations see excel-electricity-JV 
Electricity Hawaii production,MJ,0.217,0.04,for detailed calculations see excel-electricity-JV 
Electricity Hebei production,MJ,0.235,0.03,for detailed calculations see excel-electricity-JV 
Electricity Heilongjiang production,MJ,0.242,0.03,for detailed calculations see excel-electricity-JV 
Electricity Henan production,MJ,0.266,0.04,for detailed calculations see excel-electricity-JV 
Electricity Himachal Pradesh production,MJ,0.002,0,for detailed calculations see excel-electricity-JV 
Electricity Honduras production,MJ,0.112,0.02,for detailed calculations see excel-electricity-JV 
Electricity Hong Kong production,MJ,0.242,0.04,for detailed calculations see excel-electricity-JV 
Electricity Hubei production,MJ,0.121,0.02,for detailed calculations see excel-electricity-JV 
Electricity Hunan production,MJ,0.171,0.02,for detailed calculations see excel-electricity-JV 
Electricity Hungary consumption,MJ,0.076,0.02,for detailed calculations see excel-electricity-JV 
Electricity Hungary production,MJ,0.07,0.02,for detailed calculations see excel-electricity-JV 
Electricity Iceland production,MJ,0.001,0,for detailed calculations see excel-electricity-JV 
Electricity Idaho production,MJ,0.058,0.01,for detailed calculations see excel-electricity-JV 
Electricity Illinois production,MJ,0.104,0.03,for detailed calculations see excel-electricity-JV 
Electricity India production,MJ,0.229,0.03,for detailed calculations see excel-electricity-JV 
Electricity Indiana production,MJ,0.244,0.04,for detailed calculations see excel-electricity-JV 
Electricity Indonesia production,MJ,0.222,0.03,for detailed calculations see excel-electricity-JV 
Electricity Inner Mongolia production,MJ,0.237,0.03,for detailed calculations see excel-electricity-JV 
Electricity Iowa production,MJ,0.138,0.02,for detailed calculations see excel-electricity-JV 
Electricity Iran production,MJ,0.182,0.03,for detailed calculations see excel-electricity-JV 
Electricity Iraq production,MJ,0.183,0.03,for detailed calculations see excel-electricity-JV 
Electricity Ireland consumption,MJ,0.115,0.02,for detailed calculations see excel-electricity-JV 
Electricity Ireland production,MJ,0.115,0.02,for detailed calculations see excel-electricity-JV 
Electricity Israel production,MJ,0.202,0.04,for detailed calculations see excel-electricity-JV 
Electricity Italy (2019),MJ,0.085,0.01,for detailed calculations see Global Market Mix excel 
Electricity Italy consumption,MJ,0.101,0.02,for detailed calculations see excel-electricity-JV 
Electricity Italy production,MJ,0.101,0.02,for detailed calculations see excel-electricity-JV 
Electricity Jamaica production,MJ,0.174,0.03,for detailed calculations see excel-electricity-JV 
Electricity Jammu & Kashmir and Ladajh production,MJ,0.002,0,for detailed calculations see excel-electricity-JV 
Electricity Japan production,MJ,0.153,0.02,for detailed calculations see excel-electricity-JV 
Electricity Jharkhand production,MJ,0.295,0.04,for detailed calculations see excel-electricity-JV 
Electricity Jiangsu production,MJ,0.238,0.03,for detailed calculations see excel-electricity-JV 
Electricity Jiangxi production,MJ,0.237,0.03,for detailed calculations see excel-electricity-JV 
Electricity Jilin production,MJ,0.214,0.03,for detailed calculations see excel-electricity-JV 
Electricity Jordan production,MJ,0.15,0.03,for detailed calculations see excel-electricity-JV 
Electricity Kansas production,MJ,0.128,0.02,for detailed calculations see excel-electricity-JV 
Electricity Karnataka production,MJ,0.125,0.02,for detailed calculations see excel-electricity-JV 
Electricity Kazakhstan production,MJ,0.225,0.04,for detailed calculations see excel-electricity-JV 
Electricity Kentucky production,MJ,0.259,0.04,for detailed calculations see excel-electricity-JV 
Electricity Kenya production,MJ,0.024,0,for detailed calculations see excel-electricity-JV 
Electricity Kerala production,MJ,0.003,0,for detailed calculations see excel-electricity-JV 
Electricity Kiribati production,MJ,0.221,0.04,for detailed calculations see excel-electricity-JV 
Electricity Kosovo production,MJ,0.266,0.04,for detailed calculations see excel-electricity-JV 
Electricity Kuwait production,MJ,0.188,0.03,for detailed calculations see excel-electricity-JV 
Electricity Kyrgyzstan production,MJ,0.03,0.01,for detailed calculations see excel-electricity-JV 
Electricity Lakshadweep production,MJ,0.026,0.01,for detailed calculations see excel-electricity-JV 
Electricity Laos production,MJ,0.078,0.01,for detailed calculations see excel-electricity-JV 
Electricity Latvia consumption,MJ,0.055,0.01,for detailed calculations see excel-electricity-JV 
Electricity Latvia production,MJ,0.039,0.01,for detailed calculations see excel-electricity-JV 
Electricity Lebanon production,MJ,0.198,0.04,for detailed calculations see excel-electricity-JV 
Electricity Lesotho production,MJ,0.002,0,for detailed calculations see excel-electricity-JV 
Electricity Liaoning production,MJ,0.195,0.03,for detailed calculations see excel-electricity-JV 
Electricity Liberia production,MJ,0.095,0.02,for detailed calculations see excel-electricity-JV 
Electricity Libya production,MJ,0.197,0.04,for detailed calculations see excel-electricity-JV 
Electricity Lithuania consumption,MJ,0.08,0.01,for detailed calculations see excel-electricity-JV 
Electricity Lithuania production,MJ,0.064,0.01,for detailed calculations see excel-electricity-JV 
Electricity Louisiana production,MJ,0.167,0.03,for detailed calculations see excel-electricity-JV 
"Electricity Low Voltage, domestic use General",MJ,0.144,0.03,average 5% losses for transformation and transport in comparison to Medium Voltage
Electricity Luxembourg consumption,MJ,0.078,0.01,for detailed calculations see excel-electricity-JV 
Electricity Luxembourg production,MJ,0.025,0,for detailed calculations see excel-electricity-JV 
Electricity Macau production,MJ,0.188,0.03,for detailed calculations see excel-electricity-JV 
Electricity Madagascar production,MJ,0.154,0.03,for detailed calculations see excel-electricity-JV 
Electricity Madhya Pradesh production,MJ,0.269,0.04,for detailed calculations see excel-electricity-JV 
Electricity Maharashtra production,MJ,0.237,0.04,for detailed calculations see excel-electricity-JV 
Electricity Maine production,MJ,0.074,0.01,for detailed calculations see excel-electricity-JV 
Electricity Malawi production,MJ,0.039,0.01,for detailed calculations see excel-electricity-JV 
Electricity Malaysia production,MJ,0.193,0.03,for detailed calculations see excel-electricity-JV 
Electricity Maldives production,MJ,0.206,0.04,for detailed calculations see excel-electricity-JV 
Electricity Mali production,MJ,0.142,0.03,for detailed calculations see excel-electricity-JV 
Electricity Malta consumption,MJ,0.043,0.01,for detailed calculations see excel-electricity-JV 
Electricity Malta production,MJ,0.145,0.02,for detailed calculations see excel-electricity-JV 
Electricity Manipur production,MJ,0.002,0,for detailed calculations see excel-electricity-JV 
Electricity Manitoba production,MJ,0.001,0,for detailed calculations see excel-electricity-JV 
Electricity Maryland production,MJ,0.113,0.03,for detailed calculations see excel-electricity-JV 
Electricity Massachusetts production,MJ,0.163,0.03,for detailed calculations see excel-electricity-JV 
Electricity Mauritania production,MJ,0,0,for detailed calculations see excel-electricity-JV 
Electricity Mauritius production,MJ,0.191,0.03,for detailed calculations see excel-electricity-JV 
Electricity Meghalaya production,MJ,0.002,0,for detailed calculations see excel-electricity-JV 
Electricity Mexico production,MJ,0.151,0.03,for detailed calculations see excel-electricity-JV 
Electricity Michigan1 production,MJ,0.159,0.03,for detailed calculations see excel-electricity-JV 
Electricity Minnesota production,MJ,0.131,0.03,for detailed calculations see excel-electricity-JV 
Electricity Mississippi production,MJ,0.145,0.03,for detailed calculations see excel-electricity-JV 
Electricity Missouri production,MJ,0.246,0.04,for detailed calculations see excel-electricity-JV 
Electricity Mizoram production,MJ,0.002,0,for detailed calculations see excel-electricity-JV 
Electricity Moldova production,MJ,0.239,0.04,for detailed calculations see excel-electricity-JV 
Electricity Mongolia production,MJ,0.259,0.04,for detailed calculations see excel-electricity-JV 
Electricity Montana production,MJ,0.161,0.02,for detailed calculations see excel-electricity-JV 
Electricity Montenegro production,MJ,0.136,0.02,for detailed calculations see excel-electricity-JV 
Electricity Montserrat production,MJ,0.221,0.04,for detailed calculations see excel-electricity-JV 
Electricity Morocco production,MJ,0.211,0.04,for detailed calculations see excel-electricity-JV 
Electricity Mozambique production,MJ,0.039,0.01,for detailed calculations see excel-electricity-JV 
Electricity Myanmar production,MJ,0.119,0.02,for detailed calculations see excel-electricity-JV 
Electricity Nagaland production,MJ,0.002,0,for detailed calculations see excel-electricity-JV 
Electricity Namibia production,MJ,0.019,0,for detailed calculations see excel-electricity-JV 
Electricity National production,MJ,0.195,0.03,for detailed calculations see excel-electricity-JV 
Electricity Nauru production,MJ,0.221,0.04,for detailed calculations see excel-electricity-JV 
Electricity Nebraska production,MJ,0.177,0.03,for detailed calculations see excel-electricity-JV 
Electricity Nepal production,MJ,0.002,0,for detailed calculations see excel-electricity-JV 
Electricity Netherlands (2019),MJ,0.133,0.02,for detailed calculations see Global Market Mix excel 
Electricity Netherlands Antilles production,MJ,0,0,for detailed calculations see excel-electricity-JV 
Electricity Netherlands consumption,MJ,0.119,0.02,for detailed calculations see excel-electricity-JV 
Electricity Netherlands production,MJ,0.119,0.02,for detailed calculations see excel-electricity-JV 
Electricity Nevada production,MJ,0.131,0.02,for detailed calculations see excel-electricity-JV 
Electricity New Brunswick production,MJ,0.099,0.03,for detailed calculations see excel-electricity-JV 
Electricity New Caledonia production,MJ,0,0,for detailed calculations see excel-electricity-JV 
Electricity New Hampshire production,MJ,0.052,0.02,for detailed calculations see excel-electricity-JV 
Electricity New Jersey production,MJ,0.094,0.03,for detailed calculations see excel-electricity-JV 
Electricity New Mexico production,MJ,0.165,0.02,for detailed calculations see excel-electricity-JV 
Electricity New York2 production,MJ,0.088,0.02,for detailed calculations see excel-electricity-JV 
Electricity New Zealand production,MJ,0.029,0.01,for detailed calculations see excel-electricity-JV 
Electricity Newfoundland and Labrador production,MJ,0.006,0,for detailed calculations see excel-electricity-JV 
Electricity Nicaragua production,MJ,0.101,0.02,for detailed calculations see excel-electricity-JV 
Electricity Niger production,MJ,0.199,0.04,for detailed calculations see excel-electricity-JV 
Electricity Nigeria production,MJ,0.138,0.03,for detailed calculations see excel-electricity-JV 
Electricity Ningxia production,MJ,0.233,0.03,for detailed calculations see excel-electricity-JV 
Electricity North Carolina production,MJ,0.115,0.03,for detailed calculations see excel-electricity-JV 
Electricity North Dakota production,MJ,0.202,0.03,for detailed calculations see excel-electricity-JV 
Electricity North Korea production,MJ,0.049,0.01,for detailed calculations see excel-electricity-JV 
Electricity North Macedonia production,MJ,0.185,0.03,for detailed calculations see excel-electricity-JV 
Electricity Northwest Territories production,MJ,0.061,0.01,for detailed calculations see excel-electricity-JV 
Electricity Norway (2019),MJ,0.008,0,for detailed calculations see Global Market Mix excel 
Electricity Norway consumption,MJ,0.004,0,for detailed calculations see excel-electricity-JV 
Electricity Norway production,MJ,0.004,0,for detailed calculations see excel-electricity-JV 
Electricity Nova Scotia production,MJ,0.223,0.04,for detailed calculations see excel-electricity-JV 
Electricity nuclear (US),MJ,0.002,0.02,data from USLCI efficiency power plant 35%
Electricity Nunavut production,MJ,0.258,0.05,for detailed calculations see excel-electricity-JV 
Electricity Odisha production,MJ,0.271,0.04,for detailed calculations see excel-electricity-JV 
Electricity Ohio production,MJ,0.188,0.03,for detailed calculations see excel-electricity-JV 
"Electricity oil, EU, US, China, 45% efficiency",MJ,0.242,0.04,for detailed calculations see Global Market Mix excel 
Electricity Oklahoma production,MJ,0.123,0.02,for detailed calculations see excel-electricity-JV 
Electricity Oman production,MJ,0.187,0.03,for detailed calculations see excel-electricity-JV 
Electricity Ontario production,MJ,0.016,0.02,for detailed calculations see excel-electricity-JV 
Electricity Oregon production,MJ,0.058,0.01,for detailed calculations see excel-electricity-JV 
Electricity Pakistan production,MJ,0.12,0.03,for detailed calculations see excel-electricity-JV 
Electricity Palestine production,MJ,0.164,0.03,for detailed calculations see excel-electricity-JV 
Electricity Panama production,MJ,0.061,0.01,for detailed calculations see excel-electricity-JV 
Electricity Papua New Guinea production,MJ,0.163,0.03,for detailed calculations see excel-electricity-JV 
Electricity Paraguay production,MJ,0.002,0,for detailed calculations see excel-electricity-JV 
Electricity Pennsylvania production,MJ,0.124,0.03,for detailed calculations see excel-electricity-JV 
Electricity Peru production,MJ,0.089,0.02,for detailed calculations see excel-electricity-JV 
Electricity Philippines production,MJ,0.207,0.04,for detailed calculations see excel-electricity-JV 
Electricity Poland (2019),MJ,0.233,0.04,for detailed calculations see Global Market Mix excel 
Electricity Poland consumption,MJ,0.214,0.03,for detailed calculations see excel-electricity-JV 
Electricity Poland production,MJ,0.214,0.03,for detailed calculations see excel-electricity-JV 
Electricity Portugal (2019),MJ,0.085,0.01,for detailed calculations see Global Market Mix excel 
Electricity Portugal consumption,MJ,0.074,0.01,for detailed calculations see excel-electricity-JV 
Electricity Portugal production,MJ,0.07,0.01,for detailed calculations see excel-electricity-JV 
Electricity Prince Edward Island production,MJ,0.092,0.01,for detailed calculations see excel-electricity-JV 
Electricity Puducherry production,MJ,0.188,0.04,for detailed calculations see excel-electricity-JV 
Electricity Puerto Rico production,MJ,0.215,0.04,for detailed calculations see excel-electricity-JV 
Electricity Punjab production,MJ,0.24,0.04,for detailed calculations see excel-electricity-JV 
Electricity Qatar production,MJ,0.188,0.03,for detailed calculations see excel-electricity-JV 
Electricity Qinghai production,MJ,0.066,0.01,for detailed calculations see excel-electricity-JV 
Electricity Quebec production,MJ,0.001,0,for detailed calculations see excel-electricity-JV 
Electricity Rajasthan production,MJ,0.173,0.03,for detailed calculations see excel-electricity-JV 
Electricity Reunion production,MJ,0.154,0.03,for detailed calculations see excel-electricity-JV 
Electricity Rhode Island production,MJ,0.153,0.02,for detailed calculations see excel-electricity-JV 
Electricity Romania consumption,MJ,0.086,0.02,for detailed calculations see excel-electricity-JV 
Electricity Romania production,MJ,0.086,0.02,for detailed calculations see excel-electricity-JV 
Electricity Russia production,MJ,0.133,0.03,for detailed calculations see excel-electricity-JV 
Electricity Rwanda production,MJ,0.091,0.02,for detailed calculations see excel-electricity-JV 
Electricity Saint Helena production,MJ,0,0,for detailed calculations see excel-electricity-JV 
Electricity Saint Kitts and Nevis production,MJ,0.211,0.04,for detailed calculations see excel-electricity-JV 
Electricity Saint Lucia production,MJ,0.221,0.04,for detailed calculations see excel-electricity-JV 
Electricity Saint Pierre and Miquelon production,MJ,0.221,0.04,for detailed calculations see excel-electricity-JV 
Electricity Saint Vincent and the Grenadines production,MJ,0.166,0.03,for detailed calculations see excel-electricity-JV 
Electricity Samoa production,MJ,0.147,0.03,for detailed calculations see excel-electricity-JV 
Electricity Sao Tome and Principe production,MJ,0.199,0.04,for detailed calculations see excel-electricity-JV 
Electricity Saskatchewan production,MJ,0.238,0.04,for detailed calculations see excel-electricity-JV 
Electricity Saudi Arabia production,MJ,0.198,0.04,for detailed calculations see excel-electricity-JV 
Electricity Senegal production,MJ,0.176,0.03,for detailed calculations see excel-electricity-JV 
Electricity Serbia production,MJ,0.196,0.03,for detailed calculations see excel-electricity-JV 
Electricity Seychelles production,MJ,0.197,0.04,for detailed calculations see excel-electricity-JV 
Electricity Shaanxi production,MJ,0.256,0.03,for detailed calculations see excel-electricity-JV 
Electricity Shandong production,MJ,0.247,0.03,for detailed calculations see excel-electricity-JV 
Electricity Shanghai production,MJ,0.266,0.04,for detailed calculations see excel-electricity-JV 
Electricity Shanxi production,MJ,0.261,0.04,for detailed calculations see excel-electricity-JV 
Electricity Sichuan production,MJ,0.047,0.01,for detailed calculations see excel-electricity-JV 
Electricity Sierra Leone production,MJ,0.024,0,for detailed calculations see excel-electricity-JV 
Electricity Sikkim production,MJ,0.002,0,for detailed calculations see excel-electricity-JV 
Electricity Singapore production,MJ,0.185,0.03,for detailed calculations see excel-electricity-JV 
Electricity Slovakia consumption,MJ,0.044,0.02,for detailed calculations see excel-electricity-JV 
Electricity Slovakia production,MJ,0.041,0.02,for detailed calculations see excel-electricity-JV 
Electricity Slovenia (2019),MJ,0.082,0.02,for detailed calculations see Global Market Mix excel 
Electricity Slovenia consumption,MJ,0.071,0.02,for detailed calculations see excel-electricity-JV 
Electricity Slovenia production,MJ,0.07,0.02,for detailed calculations see excel-electricity-JV 
Electricity Solomon Islands production,MJ,0.221,0.04,for detailed calculations see excel-electricity-JV 
Electricity Somalia production,MJ,0.201,0.04,for detailed calculations see excel-electricity-JV 
Electricity South Africa production,MJ,0.254,0.04,for detailed calculations see excel-electricity-JV 
Electricity South Carolina production,MJ,0.09,0.03,for detailed calculations see excel-electricity-JV 
Electricity South Dakota production,MJ,0.05,0.01,for detailed calculations see excel-electricity-JV 
Electricity South Korea production,MJ,0.153,0.03,for detailed calculations see excel-electricity-JV 
Electricity South Sudan production,MJ,0.218,0.04,for detailed calculations see excel-electricity-JV 
Electricity Spain (2019),MJ,0.073,0.02,for detailed calculations see Global Market Mix excel 
Electricity Spain consumption,MJ,0.079,0.02,for detailed calculations see excel-electricity-JV 
Electricity Spain production,MJ,0.079,0.02,for detailed calculations see excel-electricity-JV 
Electricity Sri Lanka production,MJ,0.153,0.03,for detailed calculations see excel-electricity-JV 
Electricity Sudan production,MJ,0.08,0.01,for detailed calculations see excel-electricity-JV 
Electricity Suriname production,MJ,0.111,0.02,for detailed calculations see excel-electricity-JV 
Electricity Sweden (2019),MJ,0.005,0.01,for detailed calculations see Global Market Mix excel 
Electricity Sweden consumption,MJ,0.005,0.01,for detailed calculations see excel-electricity-JV 
Electricity Sweden production,MJ,0.005,0.01,for detailed calculations see excel-electricity-JV 
Electricity Syria production,MJ,0.191,0.04,for detailed calculations see excel-electricity-JV 
Electricity Taiwan production,MJ,0.201,0.04,for detailed calculations see excel-electricity-JV 
Electricity Tajikistan production,MJ,0.024,0,for detailed calculations see excel-electricity-JV 
Electricity Tamil Nadu production,MJ,0.173,0.03,for detailed calculations see excel-electricity-JV 
Electricity Tanzania production,MJ,0.117,0.02,for detailed calculations see excel-electricity-JV 
Electricity Tennessee production,MJ,0.114,0.03,for detailed calculations see excel-electricity-JV 
Electricity Texas production,MJ,0.152,0.03,for detailed calculations see excel-electricity-JV 
Electricity Thailand production,MJ,0.179,0.03,for detailed calculations see excel-electricity-JV 
Electricity Tianjin production,MJ,0.273,0.04,for detailed calculations see excel-electricity-JV 
Electricity Togo production,MJ,0.155,0.03,for detailed calculations see excel-electricity-JV 
Electricity Tonga production,MJ,0.197,0.04,for detailed calculations see excel-electricity-JV 
Electricity Trinidad and Tobago production,MJ,0.188,0.03,for detailed calculations see excel-electricity-JV 
Electricity Tunisia production,MJ,0.18,0.03,for detailed calculations see excel-electricity-JV 
Electricity Turkey production,MJ,0.147,0.02,for detailed calculations see excel-electricity-JV 
Electricity Turkmenistan production,MJ,0.188,0.03,for detailed calculations see excel-electricity-JV 
Electricity Turks and Caicos Islands production,MJ,0.221,0.04,for detailed calculations see excel-electricity-JV 
Electricity U.S. Pacific Islands production,MJ,0,0,for detailed calculations see excel-electricity-JV 
Electricity Uganda production,MJ,0.009,0,for detailed calculations see excel-electricity-JV 
Electricity UK (2019),MJ,0.079,0.02,for detailed calculations see Global Market Mix excel 
Electricity Ukraine production,MJ,0.07,0.03,for detailed calculations see excel-electricity-JV 
Electricity United Arab Emirates production,MJ,0.156,0.03,for detailed calculations see excel-electricity-JV 
Electricity United Kingdom consumption,MJ,0.085,0.02,for detailed calculations see excel-electricity-JV 
Electricity United Kingdom production,MJ,0.085,0.02,for detailed calculations see excel-electricity-JV 
Electricity United States production,MJ,0.146,0.03,for detailed calculations see excel-electricity-JV 
Electricity United States Virgin Islands production,MJ,0.215,0.04,for detailed calculations see excel-electricity-JV 
Electricity Uruguay production,MJ,0.032,0.01,for detailed calculations see excel-electricity-JV 
Electricity USA (2019),MJ,0.134,0.03,for detailed calculations see Global Market Mix excel 
Electricity Utah production,MJ,0.23,0.04,for detailed calculations see excel-electricity-JV 
Electricity Uzbekistan production,MJ,0.187,0.03,for detailed calculations see excel-electricity-JV 
Electricity Vanuatu production,MJ,0.162,0.03,for detailed calculations see excel-electricity-JV 
Electricity Venezuela production,MJ,0.071,0.01,for detailed calculations see excel-electricity-JV 
Electricity Vermont production,MJ,0.005,0,for detailed calculations see excel-electricity-JV 
Electricity Vietnam production,MJ,0.137,0.02,for detailed calculations see excel-electricity-JV 
Electricity Virginia production,MJ,0.114,0.03,for detailed calculations see excel-electricity-JV 
Electricity Washington production,MJ,0.038,0.01,for detailed calculations see excel-electricity-JV 
Electricity West Virginia production,MJ,0.278,0.04,for detailed calculations see excel-electricity-JV 
Electricity Western Africa production,MJ,0.001,0,for detailed calculations see excel-electricity-JV 
Electricity Wisconsin production,MJ,0.19,0.03,for detailed calculations see excel-electricity-JV 
Electricity World production,MJ,0.152,0.03,for detailed calculations see excel-electricity-JV 
Electricity Wyoming production,MJ,0.264,0.04,for detailed calculations see excel-electricity-JV 
Electricity Xinjiang production,MJ,0.221,0.03,for detailed calculations see excel-electricity-JV 
Electricity Yemen production,MJ,0.181,0.03,for detailed calculations see excel-electricity-JV 
Electricity Yukon production,MJ,0.032,0.01,for detailed calculations see excel-electricity-JV 
Electricity Yunnan production,MJ,0.024,0,for detailed calculations see excel-electricity-JV 
Electricity Zambia production,MJ,0.022,0,for detailed calculations see excel-electricity-JV 
Electricity Zhejiang production,MJ,0.19,0.03,for detailed calculations see excel-electricity-JV 
Electricity Zimbabwe production,MJ,0.128,0.02,for detailed calculations see excel-electricity-JV 
"Electricity, medium voltage {ENTSO-E}| market group for elec",MJ,0.094,0.03,"ELCD, obsolete"
"Electricity, medium voltage {NL}| market for electricity, me",MJ,0.14,0.03,"ELCD, obsolete"
Electroplating Chrome,m2,2.851,1.41,"1m2 area double sided, 10um chromium electroplating, metals  included."
Electroplating Nickel,m2,1.932,1.64,"1m2 area double sided, 6um nickel electroplating, nickel included. "
"Electroplating Zinc, incl. outside use, per 10 years",m2,2.894,1.26,"1m2 area single sided Zinc electroplating 10 micrometer, zinc included, including emissions to water during 10 years (approx 1 micrometer per year). "
"Electroplating Zinc, inside use or painted (5 micron)",m2,1.451,0.45,"1m2 area single sided Zinc electroplating 5 micrometer, zinc included"
Elm FSC/PEFC 650 (kg/m3),kg,0.275,0.07,"for detailed calculations of input data for Simapro, see Ecocosts calculations wood 2022.xlsx at https://www.ecocostsvalue.com/lca/wood-lca-issues/"
Emeri FSC/PEFC 515 (kg/m3),kg,0.251,0.06,"for detailed calculations of input data for Simapro, see Ecocosts calculations wood 2022.xlsx at https://www.ecocostsvalue.com/lca/wood-lca-issues/"
Emeri natural forest 515 (kg/m3),kg,3.701,7.63,"for detailed calculations of input data for Simapro, see Ecocosts calculations wood 2022.xlsx at https://www.ecocostsvalue.com/lca/wood-lca-issues/"
Emien FSC/PEFC 360 (kg/m3),kg,0.284,0.07,"for detailed calculations of input data for Simapro, see Ecocosts calculations wood 2022.xlsx at https://www.ecocostsvalue.com/lca/wood-lca-issues/"
Emien natural forest 360 (kg/m3),kg,3.734,7.33,"for detailed calculations of input data for Simapro, see Ecocosts calculations wood 2022.xlsx at https://www.ecocostsvalue.com/lca/wood-lca-issues/"
"Energy gas, condensing, low NOx (=heat)",MJ,0.082,0.01,calculated from Idemat2023 Heat from natural gas for chemical processes
EPDM (ethylene propylene diene monomer rubber),kg,2.432,1.26,"Chalmers University, SPINE"
Epichlorohydrin,kg,8.914,1.96,EPD epichlorohydrin of Spolchemie. http://lcastudio.cz/dokumenty/epd283%20epichlorhydrin.pdf
Epichlorohydrin co-firing in electrical power plant,kg,-0.012,0.49,"energy from stoichiometric calculation, see excel file 'embedded oil, heat of combustion, CO2 emissions and pyrolysis plastics&chemicals.xls' at https://www.ecocostsvalue.com/lca/eol-and-recycling/"
"Epichlorohydrin waste combustion, clean tech, without heat recovery",kg,1.43,0.71,0
Epichlorohydrin waste incineration with electricity,kg,0.636,0.59,"energy from stoichiometric calculation, see excel file 'embedded oil, heat of combustion, CO2 emissions and pyrolysis plastics&chemicals.xls' at https://www.ecocostsvalue.com/lca/eol-and-recycling/"
Epoxies co-firing in electrical power plant,kg,0.048,-0.01,"energy from stoichiometric calculation, see excel file 'embedded oil, heat of combustion, CO2 emissions and pyrolysis plastics&chemicals.xls' at https://www.ecocostsvalue.com/lca/eol-and-recycling/"
"Epoxies waste combustion, clean tech, without heat recovery",kg,2.72,0.39,0
Epoxies waste incineration with electricity,kg,1.253,0.17,"energy from stoichiometric calculation, see excel file 'embedded oil, heat of combustion, CO2 emissions and pyrolysis plastics&chemicals.xls' at https://www.ecocostsvalue.com/lca/eol-and-recycling/"
Epoxy resin,kg,2.241,1.04,Plastics Europe LCI database
EPTC ( S-Ethyl dipropylthiocarbamate),kg,7.876,1.31,"data from: Stout B.A. and Helsel Z.R.. 1987 ""Energy in World Agriculture, Volume 2"" Chapter 7"
Erbium,kg,98.812,212.01,"Nuss and Eckelman, 2014, Life Cycle Assessment of Metals: A Scientific Synthesis, PLOS ONE, - supporting information- "
ethanol,kg,1.45,0.23,"Idemat2023 Ethanol (alcohol), bio-based from agricultural waste, plus a proxi for refining"
"Ethanol (alcohol), bio-based from agricultural waste",kg,1.427,0.22,0
"Ethanol (alcohol), synthetic",kg,1.082,0.17,0
Ethanol from ethylene,kg,1.3,0.21,Sutter J. Life Cycle Inventories of Petrochemical Solvents. Data v2.0. Uster December 2007. Research gate. https://www.researchgate.net/publication/313054728_Life_Cycle_Inventories_of_Petrochemical_Solvents_Data_v20_Uster_2007
Ethyl acetate from ethanol and acetic acid,kg,2.916,0.47,Sutter J. Life Cycle Inventories of Petrochemical Solvents. Data v2.0. Uster December 2007. Research gate. https://www.researchgate.net/publication/313054728_Life_Cycle_Inventories_of_Petrochemical_Solvents_Data_v20_Uster_2007
"Ethyl acetate, from Butane oxidation",kg,1.016,0.19,Sutter J. Life Cycle Inventories of Petrochemical Solvents. Data v2.0. Uster December 2007. Research gate. https://www.researchgate.net/publication/313054728_Life_Cycle_Inventories_of_Petrochemical_Solvents_Data_v20_Uster_2007
"Ethyl acetate, from Ethyl Alcohol",kg,2.995,0.48,Sutter J. Life Cycle Inventories of Petrochemical Solvents. Data v2.0. Uster December 2007. Research gate. https://www.researchgate.net/publication/313054728_Life_Cycle_Inventories_of_Petrochemical_Solvents_Data_v20_Uster_2007
Ethylbenzene,kg,2.23,0.33,0
Ethylene,kg,1.58,0.25,0
Ethylene dichloride,kg,1.174,0.22,0
Ethylene glycol diethyl ether,kg,2.49,0.69,Sutter J. Life Cycle Inventories of Petrochemical Solvents. Data v2.0. Uster December 2007. Research gate. https://www.researchgate.net/publication/313054728_Life_Cycle_Inventories_of_Petrochemical_Solvents_Data_v20_Uster_2007
Ethylene glycol dimethyl ether,kg,1.963,0.32,Sutter J. Life Cycle Inventories of Petrochemical Solvents. Data v2.0. Uster December 2007. Research gate. https://www.researchgate.net/publication/313054728_Life_Cycle_Inventories_of_Petrochemical_Solvents_Data_v20_Uster_2007
Ethylene glycol monoethyl ether,kg,1.597,0.26,Sutter J. Life Cycle Inventories of Petrochemical Solvents. Data v2.0. Uster December 2007. Research gate. https://www.researchgate.net/publication/313054728_Life_Cycle_Inventories_of_Petrochemical_Solvents_Data_v20_Uster_2007
Ethylene hydration,kg,2.084,0.34,Sutter J. Life Cycle Inventories of Petrochemical Solvents. Data v2.0. Uster December 2007. Research gate. https://www.researchgate.net/publication/313054728_Life_Cycle_Inventories_of_Petrochemical_Solvents_Data_v20_Uster_2007
Ethylene oxide,kg,2,0.31,0
Ethylene oxide (2),kg,1.587,0.24,#VALUE!
Eutropium,kg,801.585,"1,733.36","Nuss and Eckelman, 2014, Life Cycle Assessment of Metals: A Scientific Synthesis, PLOS ONE, - supporting information- "
EVA (ethylene vinyl acetate rubber),kg,3.619,1.34,"Litt. EPDLA. Life Cycle Inventory of Polymer Dispersions, PWC 2017 "
EVA (Ethylene vinyl acetate) chemical upcycled,kg,4.305,0.87,#VALUE!
EVA (Ethylene vinyl acetate) co-firing in electrical power p,kg,-0.271,-0.05,"energy from stoichiometric calculation, see excel file 'embedded oil, heat of combustion, CO2 emissions and pyrolysis plastics&chemicals.xls' at https://www.ecocostsvalue.com/lca/eol-and-recycling/"
"EVA (Ethylene vinyl acetate) waste combustion, clean tech, without heat recovery",kg,2.32,0.34,0
EVA (Ethylene vinyl acetate) waste incineration with electri,kg,0.894,0.13,"energy from stoichiometric calculation, see excel file 'embedded oil, heat of combustion, CO2 emissions and pyrolysis plastics&chemicals.xls' at https://www.ecocostsvalue.com/lca/eol-and-recycling/"
"EVA (Ethylene vinyl acetate), closed loop chemical upcycling",kg,0.686,-0.47,#VALUE!
"EVOH (Ethylene vinyl alcohol), film barrier of gasses",kg,5.232,1.39,"LCA of EVAL Kuraray, http://www.sustainableminds.com/showroom/kuraray/ assessed 2017"
EVOH co-firing in electrical power plant,kg,-0.436,-0.08,"energy from stoichiometric calculation, see excel file 'embedded oil, heat of combustion, CO2 emissions and pyrolysis plastics&chemicals.xls' at https://www.ecocostsvalue.com/lca/eol-and-recycling/"
"EVOH waste combustion, clean tech, without heat recovery",kg,2.44,0.35,0
EVOH waste incineration with electricity,kg,1.006,0.14,"energy from stoichiometric calculation, see excel file 'embedded oil, heat of combustion, CO2 emissions and pyrolysis plastics&chemicals.xls' at https://www.ecocostsvalue.com/lca/eol-and-recycling/"
Extruding alum,kg,0.784,0.16,"LCA for the extrusion of aluminum, typically used in windows and car components. "
"extrusion, machine only",kg,0.123,0.02,0
"extrusion, production site",kg,0.335,0.06,0
Fe360,kg,0.904,0.22,mix of the Idemat data of the basic metals
Fe470,kg,0.904,0.22,mix of the Idemat data of the basic metals
Fe520,kg,0.904,0.22,mix of the Idemat data of the basic metals
Fennele fresh,kg,0.191,0.08,"Franziska Stoessel,* Ronnie Juraske, Stephan Pfister, and Stefanie Hellweg ""Life Cycle Inventory and Carbon and Water FoodPrint of Fruits and Vegetables: Application to a Swiss Retailer"
Ferbam (Iron(III) Dimethyldithiocarbamate),kg,4.092,0.63,"data from: Stout B.A. and Helsel Z.R.. 1987 ""Energy in World Agriculture, Volume 2"" Chapter 7"
Fertilizer-K,kg,0.774,0.13,"ProBas, Umwelt Bundesambt"
Fertilizer-N,kg,4.239,0.74,"ProBas, Umwelt Bundesambt"
Fertilizer-P,kg,1.208,0.23,"ProBas, Umwelt Bundesambt"
film HDPE 50 mu,m2,0.096,0.05,calculations Delft University of Technology
film HDPE 50 mu in mun waste inc,m2,0.054,0.01,"47.5 g HDPE, -2.12 MJth gas, 0.149 kg CO2e"
film HDPE 50 mu in power plant,m2,-0.024,0,"47.5 g HDPE, -1.166 MJth gas, 0.149 kg CO2e"
film LDPE 50 mu,m2,0.096,0.05,calculations Delft University of Technology
film LDPE 50 mu in mun waste inc,m2,0.054,0.01,"47.5 g LDPE, -2.12 MJth gas, 0.149 kg CO2e"
film LDPE 50 mu in power plant,m2,-0.024,0,"47.5 g LDPE, -1.166 MJth gas, 0.149 kg CO2e"
film PC 50 mu,m2,0.217,0.08,calculations Delft University of Technology
film PC 50 mu in mun waste inc,m2,0.085,0.01,"60 g PC, -1.81 MJth gas, 0.1656 kg CO2e"
film PC 50 mu in power plant,m2,0.018,0.27,"60 g PC, -0.995 MJth gas, 0.1656 kg CO2e"
film PET / PE+EVOH+PE 62 mu for MAP,m2,0.149,0.07,#VALUE!
film PET / PE+EVOH+PE 62 mu in mun waste inc,m2,0.071,0.01,"data from International Journal of Environmental and Ecological Engineering Vol:7, No:11, 2013: PET 15.7 g , -0.36 MJth gas, 0.03566 kg CO2e; PE 41.1 g, -1.83 MJth, 0.1293 kg CO2e; EVOH 4.6 g, -0.15 MJth gas, 0.01121 kg CO2e"
film PET / PE+EVOH+PE 62 mu in power plant,m2,-0.014,0,"data from International Journal of Environmental and Ecological Engineering Vol:7, No:11, 2013: PET 15.7 g , -0.198 MJth gas, 0.03566 kg CO2e; PE 41.1 g, -1.01 MJth, 0.1293 kg CO2e; EVOH 4.6 g, -0.0825 MJth gas, 0.01121 kg CO2e"
film PET 50 mu,m2,0.166,0.07,calculations Delft University of Technology
film PET 50 mu in mun waste inc,m2,0.085,0.01,"69 g PET, -1.6 MJth, 0.1579 kg CO2e"
film PET 50 mu in power plant,m2,0.028,0,"69 g PET, -0.88 MJth, 0.1579 kg CO2e"
film PET+ALOx / LDPE 62 mu for MAP,m2,0.135,0.07,#VALUE!
film PET+ALOx / LDPE 62 mu in mun waste inc,m2,0.071,0.01,"data from International Journal of Environmental and Ecological Engineering Vol:7, No:11, 2013. PET 16.1 g, -0.37 MJth gas, 0.03694 kg CO2e, LDPE 44.6 g, -1.99 MJth, 0.1394 kg CO2e"
film PET+ALOx / LDPE 62 mu in power plant,m2,-0.016,0,"data from International Journal of Environmental and Ecological Engineering Vol:7, No:11, 2013. PET 16.1 g, -0.2035 MJth gas, 0.03694 kg CO2e, LDPE 44.6 g, -1.0945 MJth, 0.1394 kg CO2e"
film PET+PVOH / LDPE 62 mu for MAP,m2,0.135,0.07,#VALUE!
film PET+PVOH / LDPE 62 mu in mun waste inc,m2,0.095,0.01,"data from International Journal of Environmental and Ecological Engineering Vol:7, No:11, 2013. PVOH 0.67 g, -0.014 MJth, 0.001337 kg CO2e; PET 16.2 g, -0.375MJth gas, 0.06006 kg CO2e; PE 44.6 g, -1.99 MJth gas, 0.1394 kg CO2e"
film PET+PVOH / LDPE 62 mu in power plant,m2,0.007,0,"data from International Journal of Environmental and Ecological Engineering Vol:7, No:11, 2013. PVOH 0.67 g, -0.0077 MJth, 0.001337 kg CO2e; PET 16.2 g, -0.206 MJth gas, 0.06006 kg CO2e; PE 44.6 g, -1.09 MJth gas, 0.1394 kg CO2e"
film PLA (biobased) 50 mu,m2,0.241,0.04,calculations Delft University of Technology
film PLA (biobased) 50 mu in mun waste inc,m2,-0.056,-0.01,"65 g PLA. -1.25 MJ gas, 0 kg CO2e"
film PLA (biobased) 50 mu in power plant,m2,-0.102,-0.01,"65 g PLA. -0.688 MJ gas, 0 kg CO2e"
film PP 50 mu,m2,0.084,0.05,calculations Delft University of Technology
film PP 50 mu in mun waste inc,m2,0.056,0.01,"45.5 g PP, -1.94 MJth, 0.1426 kg CO2e"
film PP 50 mu in power plant,m2,-0.015,0,"45.5 g PP, -1.067 MJth, 0.1426 kg CO2e"
film PP+PVDC 62 mu for MAP,m2,0.2,0.15,calculations Delft University of Technology
film PP+PVDC 62 mu in mun waste inc,m2,0.059,0.01,"data from International Journal of Environmental and Ecological Engineering Vol:7, No:11, 2013. PVCD 30 g, -0.54 MJth gas, 0.04203 kg CO2e; PP 33.7 g, -1.44 MJth gas, 0.1057 kg CO2e"
film PP+PVDC 62 mu in power plant,m2,-0.014,0,"data from International Journal of Environmental and Ecological Engineering Vol:7, No:11, 2013. PVCD 30 g, -0.297 MJth gas, 0.04203 kg CO2e; PP 33.7 g, -0.792 MJth gas, 0.1057 kg CO2e"
film PS (shrink) 50 mu,m2,0.125,0.06,calculations Delft University of Technology
film PS (shrink) 50 mu in mun waste inc,m2,0.078,0.01,"52.5 g PS, -2.2 MJth gas, 0.17707 kg CO2e"
film PS (shrink) 50 mu in power plant,m2,-0.002,0,"52.5 g PS, -1.21 MJth gas, 0.17707 kg CO2e"
"film PVC (stiff, shrink) 50 mu",m2,0.157,0.05,calculations Delft University of Technology
"film PVC (stiff, shrink) 50 mu in mun waste inc",m2,0.042,0.01,"70 g PVC, -1.25 MJth, 0.09809 kg CO2e"
"film PVC (stiff, shrink) 50 mu in power plant",m2,-0.004,0,"70 g PVC, -0.69 MJth, 0.09809 kg CO2e"
Flatfish fillet frozen,kg,14.131,3.8,Danisch food study update by Delft University of Technology
Flatfish fresh,kg,6.218,1.68,Danisch food study update by Delft University of Technology
Fleece from recycled PET bottles,kg,7.666,1.38,confidential data manufacturer
"Flexible Polymeer Foam (PE), chemical upcycled",kg,2.116,0.38,#VALUE!
"Flexible Polymer Foam, co-firing in electrical power plant",kg,0.115,-0.01,"CO2 emissions from combustion and credits for the delivered energy, see Idemat2022 PUR (Polyurethane) co-firing in electrical power plant"
"Flexible Polymer Foam, waste combustion, clean tech, without heat recovery",kg,2.69,0.38,0
"Flexible Polymer Foam, waste incineration with electricity",kg,1.274,0.16,"CO2 emissions from combustion and credits for the delivered energy, see Idemat2023 PUR (Polyurethane) waste incineration with electricity"
"Flour, rye fresh",kg,0.579,0.46,Danish Food LCA data; Dalgaard and Halberg (2004 and Thrane (2004)
"Flour, wheat fresh",kg,0.685,0.52,Danish Food LCA data; Dalgaard and Halberg (2004 and Thrane (2004)
Fluazifop-butyl ( (2R)-2-(4-([5-(trifluoromethyl)-2-pyridyl],kg,30.093,5.11,"data from: Stout B.A. and Helsel Z.R.. 1987 ""Energy in World Agriculture, Volume 2"" Chapter 7"
"Fluometuron (N,N-Dimethyl-N'-[3-(trifluoromethyl)phenyl]urea",kg,11.635,1.91,"data from: Stout B.A. and Helsel Z.R.. 1987 ""Energy in World Agriculture, Volume 2"" Chapter 7"
"Fluorescent whitening agent, DAS1, triazinylaminostilben typ",kg,10.964,4.77,0
"Fluorescent whitening agent, distyrylbiphenyl type",kg,22.583,6.71,0
Forging aluminium,kg,0.22,0.04,Forging process aluminium; energy per kilogram transformed material
Formaldehyde,kg,0.947,0.54,oxidation of methanol
Formaldehyde co-firing in electrical power plant,kg,0.036,0,"energy from stoichiometric calculation, see excel file 'embedded oil, heat of combustion, CO2 emissions and pyrolysis plastics&chemicals.xls' at https://www.ecocostsvalue.com/lca/eol-and-recycling/"
"Formaldehyde waste combustion, clean tech, without heat recovery",kg,1.47,0.21,0
Formaldehyde waste incineration with electricity,kg,0.681,0.09,"energy from stoichiometric calculation, see excel file 'embedded oil, heat of combustion, CO2 emissions and pyrolysis plastics&chemicals.xls' at https://www.ecocostsvalue.com/lca/eol-and-recycling/"
Formic acid by butane oxidation,kg,1.015,0.19,Sutter J. Life Cycle Inventories of Petrochemical Solvents. Data v2.0. Uster December 2007. Research gate. https://www.researchgate.net/publication/313054728_Life_Cycle_Inventories_of_Petrochemical_Solvents_Data_v20_Uster_2007
Formic acid by methyl formate hydrolysis,kg,4.585,0.69,Sutter J. Life Cycle Inventories of Petrochemical Solvents. Data v2.0. Uster December 2007. Research gate. https://www.researchgate.net/publication/313054728_Life_Cycle_Inventories_of_Petrochemical_Solvents_Data_v20_Uster_2007
Fuel grade uranium (4.52% enriched U-235; 3615 GJ/kg),kg,2724.367,"27,904.26","calculated from USLCI, AL removed from the emission list, since its ecotoxicity is highly uncertain."
Gadolinium,kg,94.675,65.12,"Nuss and Eckelman, 2014, Life Cycle Assessment of Metals: A Scientific Synthesis, PLOS ONE, - supporting information- "
G-AlCu4TiMg (204),kg,6.958,2.27,mix of the Idemat data of the basic metals + extra melting energy
"Gallium, CRM (EoL-RIR = 0%)",kg,186.084,192.26,"ProBas, Umwelt Bundesambt"
G-AlMg3 (242),kg,7.597,2.24,mix of the Idemat data of the basic metals + extra melting energy
G-AlMg5 (314),kg,7.842,2.32,mix of the Idemat data of the basic metals + extra melting energy
G-AlSi12 (230),kg,6.891,2.17,mix of the Idemat data of the basic metals + extra melting energy
G-AlSi12Cu (231),kg,6.899,2.18,mix of the Idemat data of the basic metals + extra melting energy
G-AlSi7Mg (Thixo),kg,7.042,2.19,mix of the Idemat data of the basic metals + extra melting energy
G-AlSi8Cu3 (380),kg,6.813,2.22,mix of the Idemat data of the basic metals + extra melting energy
Gasoline E10 including combustion CO2,m3,2791.24,710.03,0
"Gasoline E10, lease segment A (5.14 l/100km), including com",m,0,0,"Dutch TNO report: ""Handreiking TCO-berekening voor personenauto's  Oktober 2021"", page 6"
"Gasoline E10, lease segment B (6.04 l/100km), including com",m,0,0,"Dutch TNO report: ""Handreiking TCO-berekening voor personenauto's  Oktober 2021"", page 6"
"Gasoline E10, lease segment C (7.10 l/100km), including com",m,0,0,"Dutch TNO report: ""Handreiking TCO-berekening voor personenauto's  Oktober 2021"", page 6"
"Gasoline E10, lease segment D (7.20 l/100km), including com",m,0,0,"Dutch TNO report: ""Handreiking TCO-berekening voor personenauto's  Oktober 2021"", page 6"
"Gasoline E10, lease segment E (9.44 l/100km), including com",m,0,0,"Dutch TNO report: ""Handreiking TCO-berekening voor personenauto's  Oktober 2021"", page 6"
Gasoline E5 including combustion CO2,m3,2881.223,738.92,0
Gasoline E85 including combustion CO2,m3,1437.689,271.63,0
G-CuAl10Fe,kg,3.64,3.6,mix of the Idemat data of the basic metals + extra melting energy
G-CuAl10Ni,kg,4.042,4.7,mix of the Idemat data of the basic metals + extra melting energy
G-CuNi10,kg,4.101,5.88,mix of the Idemat data of the basic metals + extra melting energy
G-CuSn10,kg,4.705,6.28,mix of the Idemat data of the basic metals + extra melting energy
G-CuSn12,kg,4.976,6.76,mix of the Idemat data of the basic metals + extra melting energy
G-CuSn5Zn5Pb5,kg,3.95,4.93,mix of the Idemat data of the basic metals + extra melting energy
G-CuZn15,kg,3.314,3.64,mix of the Idemat data of the basic metals + extra melting energy
G-CuZn37Pb,kg,3.266,3.27,mix of the Idemat data of the basic metals + extra melting energy
G-CuZn40,kg,3.261,3.25,mix of the Idemat data of the basic metals + extra melting energy
GD-MgAl9Zn1,kg,23.328,3.72,mix of the Idemat data of the basic metals + extra melting energy
"Geotextiles (PP, 500 dTex, woven)",kg,4.03,1.5,"calculated from: Litt. Van der Velden, N.M., Patel, M.K., Vogtländer, J.G. LCA benchmarking study on textiles made of cotton, polyester, nylon, acryl, or elastane (2013) International Journal of Life Cycle Assessment, pp. 1-26. Article in Press."
Germanium,kg,842.697,"1,152.02",#VALUE!
GFRP (50%) co-firing in electrical power plant,kg,0.105,0.01,CO2 emissions from combustion and credits for the delivered energy -17.2 MJth gas
"GFRP (50%) waste combustion, clean tech, without heat recovery",kg,1.36,0.19,0
GFRP (50%) waste incineration with electricity,kg,0.672,0.09,CO2 emissions from combustion and credits for the delivered energy -8.6 MJth gas
GG15,kg,1.437,0.29,mix of the Idemat data of the basic metals
GG35,kg,1.437,0.29,mix of the Idemat data of the basic metals
GGG40,kg,1.437,0.29,mix of the Idemat data of the basic metals
GGG60,kg,1.605,0.36,mix of the Idemat data of the basic metals
GGG70,kg,1.502,0.3,mix of the Idemat data of the basic metals
GGG-NiCr,kg,2.559,2.77,mix of the Idemat data of the basic metals
GGG-NiSiCr,kg,2.601,2.79,mix of the Idemat data of the basic metals
GGL-NiCuCr,kg,2.29,2.22,mix of the Idemat data of the basic metals
Glare 1-3/2-0.3,kg,13.316,3.42,LCA for the production of 1m2 Alum./glass laminate 1.4mm thickness in the USA. Delivery to Rotterdam by bulk carrier. 3 Layers 7475-T76 Alum 0.3mm and 2 layers unidirectional glass/epoxy 0.25mm. 
Glare 3-3/2-0.2,kg,10.66,2.66,LCA for the production of 1m2 Alum./glass laminate 1.1mm thickness in the US. Delivery per bulk carrier to Rotterdam.  3 layers 2024-T3 Aluminium 0.2mm and 2 layers glass/epoxy 0.25mm. 
Glare 3-6/5-0.4,kg,7.837,2.21,LCA for the production of 1m2 Alum./glass laminate 3.65mm thickness  in the US. Delivery to Rotterdam by bulk carrier.  6 layers 2024-T3 0.4mm and 5 layers cross-ply glass/epoxy 0.25mm.
Glare 4-6/5-0.4,kg,27.79,7.86,LCA for the production of 1m2 Alum./glass laminate 4.27mm thickness in the US. Delivery per bulk carrier to Rotterdam.  6 layers 2024-T3 Aluminium 0.4mm and 5 layers 0.375mm cross ply  glass/epoxy. 
"Glass bottles, 100% recycled",kg,0.914,0.14,"no loss of materials and 2.5% less energy per 10% recycled (=25% less energy), see https://www.gpi.org/glass-recycling-facts, plus extra transport"
"Glass bottles, recycled EU 74%",kg,1.033,0.16,"same as flat glass, so copy of Ideamt2023 glass cladding and windows"
"Glass bottles, virgin",kg,1.371,0.23,0
Glass fibre,kg,1.24,0.28,0
Glass for windows and facades (float glass),kg,1.371,0.23,"from EPD of IBU , Sisecam Flat Glass located in Polatli (Ankara), Bulgaria (Targovishte), Yenisehir (Bursa), Mersin (Tarsus) and Trakya (Kirklareli). "
glasswool,kg,1.24,0.28,from EPD of IBU: Saglan at IBU Sager AG https://www.sager.ch/de-ch/file/zertifikate-1/saglan-glaswolle-phenolharzgebunden-a1.pdf
Glaze (in addition to Porcelain and Stoneware),kg,0.038,0.21,#VALUE!
Glyphosate (N-(Phosphonomethyl)glycine),kg,20.235,3.29,"data from: Stout B.A. and Helsel Z.R.. 1987 ""Energy in World Agriculture, Volume 2"" Chapter 7"
G-MgAl6Zn3,kg,23.372,3.74,mix of the Idemat data of the basic metals + extra melting energy
G-MgAl8Zn1,kg,23.578,3.74,mix of the Idemat data of the basic metals + extra melting energy
G-MgAl9Zn2,kg,23.053,3.7,mix of the Idemat data of the basic metals + extra melting energy
Gold (primary),kg,17903.079,"33,353.22","ProBas, Umwelt Bundesambt"
Gold (secondary),kg,750.625,138.67,"Nuss and Eckelman, 2014, Life Cycle Assessment of Metals: A Scientific Synthesis, PLOS ONE, - supporting information- . "
Gold trade mix (76% prim 24% sec),kg,13786.49,"25,381.73",JRC report : Towards recycling indicators based on EU flows and raw materials analysis system data. 2018
"Gold, recycling credit closed loop (80% virgin part trade mi",kg,-13721.963,"-26,571.64",#VALUE!
Grape (Spain) excl transport,kg,0.078,0.18,"Franziska Stoessel,* Ronnie Juraske, Stephan Pfister, and Stefanie Hellweg ""Life Cycle Inventory and Carbon and Water FoodPrint of Fruits and Vegetables: Application to a Swiss Retailer"
Graphite for batteries,kg,9.152,2.56,"mainly process energy, see Gao SW et al 2018 Energy consumption and cabon emission analysis of natural graphite anode material for lithium batteries Science Forum Vol 913 pp 985-990"
Gravel,kg,0.006,0,"LCA for gravel for  concrete. Average data. Book: LCA based assessment of sustainability: the eco-costs/value ratio (EVR) 2010 Vogtlander J. published by DAP, Delft. Section 9"
Green asparagus fresh,kg,0.595,0.25,"Franziska Stoessel,* Ronnie Juraske, Stephan Pfister, and Stefanie Hellweg ""Life Cycle Inventory and Carbon and Water FoodPrint of Fruits and Vegetables: Application to a Swiss Retailer"
Ground (earthmoving),kg,0,0,"LCA for moving ground (Dutch: grondwerken). Average data. Book: LCA based assessment of sustainability: the eco-costs/value ratio (EVR) 2010 Vogtlander J. published by DAP, Delft. Section 9"
GS-10Ni6,kg,1.093,0.62,mix of the Idemat data of the basic metals
GS-22Mo4,kg,1.085,0.37,mix of the Idemat data of the basic metals
GS-25CrMo4,kg,1.694,1.84,mix of the Idemat data of the basic metals
GS-45.3,kg,0.985,0.25,mix of the Idemat data of the basic metals
GS-70,kg,0.893,0.22,mix of the Idemat data of the basic metals
GS-X40CrNiSi 25 12,kg,8.551,5.08,mix of the Idemat data of the basic metals
Guaiacum wood FSC/PEFC 1250 (kg/m3),kg,0.226,0.05,"for detailed calculations of input data for Simapro, see Ecocosts calculations wood 2022.xlsx at https://www.ecocostsvalue.com/lca/wood-lca-issues/"
Guaiacum wood natural forest 1250 (kg/m3),kg,3.676,3.45,"for detailed calculations of input data for Simapro, see Ecocosts calculations wood 2022.xlsx at https://www.ecocostsvalue.com/lca/wood-lca-issues/"
GX12Cr14 (CA15) 23% inox scrap (China),kg,5.233,1.47,#VALUE!
GX12Cr14 (CA15) 44% inox scrap (World),kg,4.317,1.19,#VALUE!
"GX12Cr14 (CA15) 70% inox scrap (EU, USA)",kg,3.234,0.85,#VALUE!
GX5CrNi19 10 (CF8) 23% inox scrap (China),kg,7.111,3.47,#VALUE!
GX5CrNi19 10 (CF8) 44% inox scrap (World),kg,5.673,2.63,#VALUE!
"GX5CrNi19 10 (CF8) 70% inox scrap (EU, USA)",kg,3.974,1.64,#VALUE!
"Gypsum, from exhaust gas desulferization",kg,0.011,0,Waste from exhaust gas desulferization of coal power plants; transport in the region included (150 km)
G-ZnAlCu,kg,4.044,2.5,mix of the Idemat data of the basic metals + extra melting energy
"H2O2, hydrogen peroxide, 70% in H2O",kg,0.534,0.08,EPD Akzo
HA,kg,3.303,1.39,mix of the Idemat data of the basic metals
Hafnium,kg,310.229,337.75,"Busmuth is 80% produced in China (2022 Wikipedia) perdominantly as a co-product of Tungsten, "
Ham and bacon fresh,kg,2.771,1.88,Danish Food LCA data; Dalgaard and Halberg (2004 and Thrane (2004)
"Hardwood 0% MC, Bamboo, Cork, co-firing in electrical power",kg,-1.67,-0.23,credits for the delivered energy -20.5 MJth gas
"Hardwood 0% MC, Bamboo, Cork, combustion in small elec. powe",kg,-1.169,-0.16,credits for the delivered energy -14.35 MJth gas
"Hardwood 0%MC, Bamboo, Cork, waste incineration with electri",kg,-0.918,-0.12,credits for the delivered energy -11.27 MJth gas
"Hardwood 12% MC, Bamboo, Cork, co-firing in electrical power",kg,-1.442,-0.2,credits for the delivered energy -17.7 MJth gas
"Hardwood 12% MC, Bamboo, Cork, combustion in small elec. pow",kg,-1.01,-0.13,credits for the delivered energy -12.4 MJth gas
"Hardwood 12%MC, Bamboo, Cork, waste incineration with electr",kg,-0.793,-0.1,credits for the delivered energy -9.73 MJth gas
"Hardwood, fresh, 50% MC, Bamboo, Cork, co-firing in electric",kg,-0.731,-0.09,credits for the delivered energy -8.97 MJth gas
"Hardwood, fresh, 50% MC, Bamboo, Cork, combustion in small e",kg,-0.512,-0.06,credits for the delivered energy -6.28 MJth gas
"Hardwood, fresh, 50%MC, Bamboo, Cork, waste incineration wit",kg,-0.399,-0.04,credits for the delivered energy -4.9 MJth gas
HCL (hydrochloric acid),kg,0.183,0.09,data from Plastics Europe LCI database
Heat from anthracite coal (33 MJ/kg),MJ,0.108,0.05,"calculated from Idemat2023 Anthracite coal (33 MJ/kg), including combustion"
Heat from coal (bituminous 26.4 MJ/kg),MJ,0.111,0.03,"calculated from Idemat2023 Bituminous coal (26.4 MJ/kg), US, including combustion"
Heat from heavy oil for chemical processes,MJ,0.103,0.02,"copy ELCD Process steam from Heavy fuel oil, heat plant, consumption mix, at plant, MJ, EU"
Heat from natural gas for chemical processes,MJ,0.081,0.01,"copy ELCD Process steam from natural gas, heat plant, consumption mix, at plant, MJ EU-27"
heat setting and washing synthetic fabrics,kg,1.133,0.21,"Van der Velden, Patel, Vogtlander,2014. LCA benchmarking study on textiles, made of cotton, polyester, nylon, acryl, or ellastane. Int J of LCA Vol 19 pp 331-356"
Heavy fuel oil for heat including combustion CO2,kg,3.596,0.51,"from midpoints calculation from ""ELCD with small corrections"" (calculation in Open LCA)"
Heavy fuel oil in transport (including combustion CO2),kg,3.596,0.94,"from midpoints calculation from ""ELCD with small corrections"" (calculation in Open LCA)"
Hemlock FSC/PEFCt 490 (kg/m3),kg,0.339,0.08,"for detailed calculations of input data for Simapro, see Ecocosts calculations wood 2022.xlsx at https://www.ecocostsvalue.com/lca/wood-lca-issues/"
Herring fillet frozen,kg,12.729,3.42,Danisch food study update by Delft University of Technology
Herring fresh,kg,6.173,1.67,Danisch food study update by Delft University of Technology
Hickory FSC/PEFCt 800 (kg/m3),kg,0.221,0.05,"for detailed calculations of input data for Simapro, see Ecocosts calculations wood 2022.xlsx at https://www.ecocostsvalue.com/lca/wood-lca-issues/"
Hornbean FSC/PEFC 750 (kg/m3),kg,0.199,0.04,"for detailed calculations of input data for Simapro, see Ecocosts calculations wood 2022.xlsx at https://www.ecocostsvalue.com/lca/wood-lca-issues/"
Horse chestnut FSC/PEFC 450 (kg/m3),kg,0.199,0.04,"for detailed calculations of input data for Simapro, see Ecocosts calculations wood 2022.xlsx at https://www.ecocostsvalue.com/lca/wood-lca-issues/"
"Hot-dip Zinc plating, pieces, outside use",m2,6.953,2.09,"65 muicro requires aprox 0.5 kg Zn per m2 surface, plus 30 MJ electricity"
HT,kg,8.354,10.07,mix of the Idemat data of the basic metals
"Hydrochloric acid (do not use, use A.030.02.101. of plastic",kg,12.563,2.37,Sutter J. Life Cycle Inventories of Petrochemical Solvents. Data v2.0. Uster December 2007. Research gate. https://www.researchgate.net/publication/313054728_Life_Cycle_Inventories_of_Petrochemical_Solvents_Data_v20_Uster_2007
Hydro-electric power (Norway),MJ,0.002,0,copy ELCD
Hydrogen cyanide from propylene ammoxidation,kg,3.762,0.79,Sutter J. Life Cycle Inventories of Petrochemical Solvents. Data v2.0. Uster December 2007. Research gate. https://www.researchgate.net/publication/313054728_Life_Cycle_Inventories_of_Petrochemical_Solvents_Data_v20_Uster_2007
Hydrogen from Reppe process,kg,4.689,0.76,Sutter J. Life Cycle Inventories of Petrochemical Solvents. Data v2.0. Uster December 2007. Research gate. https://www.researchgate.net/publication/313054728_Life_Cycle_Inventories_of_Petrochemical_Solvents_Data_v20_Uster_2007
Hydrogen peroxide,kg,2.449,0.36,#VALUE!
Hydrogen Sulfide,kg,0.914,0.14,0
"Hydrogen, methane to hydrogen (SMR)",kg,11.767,1.77,recalculated from USLCI
"Hylite (1 m2, 1.2 mm thickness, 1.8 ton/m3)",m2,12.748,4.77,LCA for the production of 1m2 Alum./PP laminate 1.2mm thickness in the Netherlands. Aluminium 0.2mm.Average weight = 1.8 kg/m2. 
"IC die (not packaged), 1 mm2 = 1.8 mg (laptop 850 mg)",kg,32611.306,"6,024.56","Paul Teehan, Milind Kandlikar, Life cycle assessment studies of tablet PCs, background document, University of Britisch Colombia"
IC package (laptop: 21 g),kg,1340.402,247.62,"Paul Teehan, Milind Kandlikar, Life cycle assessment studies of tablet PCs, background document, University of Britisch Colombia"
Iceberg lettuce fresh,kg,0.095,0.03,"Franziska Stoessel,* Ronnie Juraske, Stephan Pfister, and Stefanie Hellweg ""Life Cycle Inventory and Carbon and Water FoodPrint of Fruits and Vegetables: Application to a Swiss Retailer"
Idigbo FSC/PEFC 550 (kg/m3),kg,0.243,0.06,"for detailed calculations of input data for Simapro, see Ecocosts calculations wood 2022.xlsx at https://www.ecocostsvalue.com/lca/wood-lca-issues/"
Idigbo natural forest 550 (kg/m3),kg,3.693,4.98,"for detailed calculations of input data for Simapro, see Ecocosts calculations wood 2022.xlsx at https://www.ecocostsvalue.com/lca/wood-lca-issues/"
Ilomba FSC/PEFC 480 (kg/m3),kg,0.264,0.06,"for detailed calculations of input data for Simapro, see Ecocosts calculations wood 2022.xlsx at https://www.ecocostsvalue.com/lca/wood-lca-issues/"
Ilomba natural forest 480 (kg/m3),kg,3.714,6.92,"for detailed calculations of input data for Simapro, see Ecocosts calculations wood 2022.xlsx at https://www.ecocostsvalue.com/lca/wood-lca-issues/"
Incense cedar FSC/PEFC 385 (kg/m3),kg,0.367,0.09,"for detailed calculations of input data for Simapro, see Ecocosts calculations wood 2022.xlsx at https://www.ecocostsvalue.com/lca/wood-lca-issues/"
"Indium, CRM (EoL-RIR= 0%)",kg,149.197,772.33,"ProBas, Umwelt Bundesambt"
"Industrial Heat, General",MJ,0.092,0.02,50% Idemat2023 Heat from natural gas for chemical processes + 50% Idemat2023 Heat from heavy oil for chemical processes
industrial reverse osmosis water europe,kg,0.009,0,copy ELCD
"injection moulding, machine only",kg,0.458,0.08,0
"injection moulding, production site",kg,1.167,0.2,0
Invar,kg,8.849,10.37,mix of the Idemat data of the basic metals + extra melting energy
Ionomer,kg,11.582,3.24,energy from CESedupack
Ionomer co-firing in electrical power plant,kg,0.097,-0.01,calculations based on CES edupack
"Ionomer waste combustion, clean tech, without heat recovery",kg,3.14,0.45,0
Ionomer waste incineration with electricity,kg,1.467,0.2,calculations based on CES edupack
"Ionomer, chemical upcycled",kg,11.828,2.5,#VALUE!
"Ionomer, closed loop chemical upcycling credit",kg,0.246,-0.74,#VALUE!
IR (polyisoprene rubber),kg,2.668,1.37,"Litt. Batten, R.; Karanjikar, M.; Spatari, S. Bio-Based Polyisoprene Can Mitigate Climate Change and Deforestation in Expanding Rubber Production. Fermentation 2021, 7, 204. https://doi.org/10.3390/fermentation 7040204. See Table 5 and Fig. 5"
IR (Polyisoprene rubber) co-firing in electrical power plant,kg,-0.369,-0.07,"energy from stoichiometric calculation, see excel file 'embedded oil, heat of combustion, CO2 emissions and pyrolysis plastics&chemicals.xls' at https://www.ecocostsvalue.com/lca/eol-and-recycling/"
"IR (Polyisoprene rubber) waste combustion, clean tech, without heat recovery",kg,3.24,0.47,0
IR (Polyisoprene rubber) waste incineration with electricity,kg,1.254,0.17,"energy from stoichiometric calculation, see excel file 'embedded oil, heat of combustion, CO2 emissions and pyrolysis plastics&chemicals.xls' at https://www.ecocostsvalue.com/lca/eol-and-recycling/"
Iroko FSC/PEFC 650 (kg/m3),kg,0.25,0.06,"for detailed calculations of input data for Simapro, see Ecocosts calculations wood 2022.xlsx at https://www.ecocostsvalue.com/lca/wood-lca-issues/"
Iroko natural forest 650 (kg/m3),kg,3.7,5.24,"for detailed calculations of input data for Simapro, see Ecocosts calculations wood 2022.xlsx at https://www.ecocostsvalue.com/lca/wood-lca-issues/"
Isobutyl acetate,kg,3.837,0.61,Sutter J. Life Cycle Inventories of Petrochemical Solvents. Data v2.0. Uster December 2007. Research gate. https://www.researchgate.net/publication/313054728_Life_Cycle_Inventories_of_Petrochemical_Solvents_Data_v20_Uster_2007
Isopropyl acetate,kg,4.658,0.76,Sutter J. Life Cycle Inventories of Petrochemical Solvents. Data v2.0. Uster December 2007. Research gate. https://www.researchgate.net/publication/313054728_Life_Cycle_Inventories_of_Petrochemical_Solvents_Data_v20_Uster_2007
"Jute fibre trade mix, degummed",kg,3.808,0.81,"copy Idemat2023 Jute fibre trade mix (Rahman and Bala 2009), plus for degumming University of Leuven: Van Eynde, H. ""Comparative Life Cycle Assement of hemp and cotton fibres use in Chineese textile manufacturing"" 2015"
"Jute fibre, India, irrigation, degummed",kg,3.808,1.48,"copy Idemat2023 Jute fibre, India, irrigation, plus (Rahman and Bala 2009, plus for degumming University of Leuven: Van Eynde, H. ""Comparative Life Cycle Assement of hemp and cotton fibres use in Chineese textile manufacturing"" 2015"
"Jute fibre, India, rain fed, degummed with renewable fuel",kg,3.977,0.82,"copy Idemat2023 Jute fibre, India, rain fed (Rahman and Bala 2009), plus for degumming University of Leuven: Van Eynde, H. ""Comparative Life Cycle Assement of hemp and cotton fibres use in Chineese textile manufacturing"" 2015"
"Jute fibres, not degummed, Bangladesh",kg,0.965,0.23,Rahman and Bala 2009. Ecological and environmental sustainability of jute production systems in Bangladesh: life cycle assessment
"Jute fibres, not degummed, Bangladesh, rainfed",kg,0.965,0.18,Rahman and Bala 2009. Ecological and environmental sustainability of jute production systems in Bangladesh: life cycle assessment
"Jute fibres, not degummed, India",kg,0.965,0.68,Rahman and Bala 2009. Ecological and environmental sustainability of jute production systems in Bangladesh: life cycle assessment
"Jute fibres, not degummed, India, rainfed",kg,0.965,0.24,Rahman and Bala 2009. Ecological and environmental sustainability of jute production systems in Bangladesh: life cycle assessment
"Jute fibres, not degummed, trade mix",kg,0.965,0.28,Rahman and Bala 2009. Ecological and environmental sustainability of jute production systems in Bangladesh: life cycle assessment
Kale fresh,kg,0,0,copy agri-footprint
Kauri FSC/PEFC 485 (kg/m3),kg,0.353,0.09,"for detailed calculations of input data for Simapro, see Ecocosts calculations wood 2022.xlsx at https://www.ecocostsvalue.com/lca/wood-lca-issues/"
Kauri natural forest 485 (kg/m3),kg,3.803,10.65,"for detailed calculations of input data for Simapro, see Ecocosts calculations wood 2022.xlsx at https://www.ecocostsvalue.com/lca/wood-lca-issues/"
"Kenaf fibre, India, degummed",kg,2.753,0.88,"copy Idemat2023 Kenaf fibre, India (Ardente F. et al., 2008),  plus for degumming University of Leuven: Van Eynde, H. ""Comparative Life Cycle Assement of hemp and cotton fibres use in Chineese textile manufacturing"" 2015"
"Kenaf fibre, Italy, degummed with renewable fuel",kg,1.343,0.61,"copy Idemat203 Kenaf fibre, Italy (Ardente F. et al., 2008),  plus for degumming University of Leuven: Van Eynde, H. ""Comparative Life Cycle Assement of hemp and cotton fibres use in Chineese textile manufacturing"" 2015"
"Kenaf fibres, not degummed, India",kg,0.333,0.32,"Ardente F. et al., 2008. Energy and Buildings 40 pp 1-10"
"Kenaf fibres, not degummed, Italy",kg,0.333,0.28,"Ardente F. et al., 2008. Energy and Buildings 40 pp 1-10"
Kerosene (excluding combustion),kg,0.398,0.52,"copy ELCD, but water removed because of high unaccuracies"
Kerosene including combustion CO2,kg,3.538,0.94,"copy Idemat2022 Kerosene (excluding combustion), CO2 added"
Kiwi (Italy) excl transport,kg,0.183,0.13,"Franziska Stoessel,* Ronnie Juraske, Stephan Pfister, and Stefanie Hellweg ""Life Cycle Inventory and Carbon and Water FoodPrint of Fruits and Vegetables: Application to a Swiss Retailer"
knitting 200 dtex,kg,0.103,0.02,"Van der Velden, Patel, Vogtlander,2014. LCA benchmarking study on textiles, made of cotton, polyester, nylon, acryl, or ellastane. Int J of LCA Vol 19 pp 331-356"
knitting 300 dtex,kg,0.069,0.01,"Van der Velden, Patel, Vogtlander,2014. LCA benchmarking study on textiles, made of cotton, polyester, nylon, acryl, or ellastane. Int J of LCA Vol 19 pp 331-356"
knitting 83 dtex,kg,0.251,0.04,"Van der Velden, Patel, Vogtlander,2014. LCA benchmarking study on textiles, made of cotton, polyester, nylon, acryl, or ellastane. Int J of LCA Vol 19 pp 331-356"
"KOH, Potassium hydroxide",kg,1.784,0.32,estimate on energy
Kotibe FSC/PEFCt 760 (kg/m3),kg,0.233,0.05,"for detailed calculations of input data for Simapro, see Ecocosts calculations wood 2022.xlsx at https://www.ecocostsvalue.com/lca/wood-lca-issues/"
Kotibe natural forest 760 (kg/m3),kg,3.683,3.73,"for detailed calculations of input data for Simapro, see Ecocosts calculations wood 2022.xlsx at https://www.ecocostsvalue.com/lca/wood-lca-issues/"
Koto FSC/PEFC 560 (kg/m3),kg,0.242,0.06,"for detailed calculations of input data for Simapro, see Ecocosts calculations wood 2022.xlsx at https://www.ecocostsvalue.com/lca/wood-lca-issues/"
Koto natural forest 560 (kg/m3),kg,3.692,4.88,"for detailed calculations of input data for Simapro, see Ecocosts calculations wood 2022.xlsx at https://www.ecocostsvalue.com/lca/wood-lca-issues/"
"landfill (inert waste, not biodegradable)",kg,0,0.14,see calculation of eco-costs of inert landfill (revealed preference within the EU) https://www.ecocostsvalue.com/eco-costs/eco-costs-resource-scarcity/
landfill organic waste without CH4 emission prevention,kg,2.241,0.3,0
Lanthanum,kg,22.392,119.16,"Nuss and Eckelman, 2014, Life Cycle Assessment of Metals: A Scientific Synthesis, PLOS ONE, - supporting information- "
Larch FSC/PEFC 600 (kg/m3),kg,0.233,0.05,"for detailed calculations of input data for Simapro, see Ecocosts calculations wood 2022.xlsx at https://www.ecocostsvalue.com/lca/wood-lca-issues/"
"LCD flat screen, 27 inch, including casing and electronics",p,336.807,52.36,#VALUE!
Lead (primary),kg,1.892,2.34,#VALUE!
Lead (secondary),kg,0.608,0.1,#VALUE!
Lead battery cars (39 Wh per kg),kg,0.847,0.53,1680 Wh = 44 kg. Specific battery for cars (data manufacturer)
Lead trade mix ( 20% prim 80% sec),kg,0.865,0.55,JRC report : Towards recycling indicators based on EU flows and raw materials analysis system data. 2018
"Lead, recycling credit closed loop (25% virgin part in trad",kg,-0.321,-0.56,#VALUE!
Leather processed with Chromium III,m2,4.215,0.66,LCA for leather (chromium process). Hides assumed to be a byproduct  of milk and meat production without significant value. Average  data for the Netherlands. Input 989 kg food and 0.56 ha grassland per cow. 
Leather processed with Chromium VI,m2,4.215,0.73,LCA for leather (chromium process). Hides assumed to be a byproduct  of milk and meat production without significant value. Average  data for the Netherlands. Input 989 kg food and 0.56 ha grassland per cow. 
LED light bulb 8 watt.,p,14.482,3.53,"osram PARATHOM CLASSIC A 345 lumen, 8 watt"
Lentils canned,kg,1.411,0.31,copy agri-footprint
Lettuce fresh,kg,0.105,0.04,"Franziska Stoessel,* Ronnie Juraske, Stephan Pfister, and Stefanie Hellweg ""Life Cycle Inventory and Carbon and Water FoodPrint of Fruits and Vegetables: Application to a Swiss Retailer"
"Lettuce fresh, greenhouse",kg,3.738,0.64,"Franziska Stoessel,* Ronnie Juraske, Stephan Pfister, and Stefanie Hellweg ""Life Cycle Inventory and Carbon and Water FoodPrint of Fruits and Vegetables: Application to a Swiss Retailer"
"LiFePO4 (lithium iron phosphate, LFP)",kg,8.8,3.13,0
Lignite at open pit mine (excluding combustion),kg,0.045,0.01,midpoints calculated from ELCD 
Limba FSC/PEFC 560 (kg/m3),kg,0.242,0.06,"for detailed calculations of input data for Simapro, see Ecocosts calculations wood 2022.xlsx at https://www.ecocostsvalue.com/lca/wood-lca-issues/"
Limba natural forest 560 (kg/m3),kg,3.692,4.88,"for detailed calculations of input data for Simapro, see Ecocosts calculations wood 2022.xlsx at https://www.ecocostsvalue.com/lca/wood-lca-issues/"
Lime,kg,0.604,0.13,LCI data from SPINE project of Chalmers University
"Lindane (Hexachlorocyclohexane, or benzene hexachloride, BHC",kg,3.456,0.57,"data from: Stout B.A. and Helsel Z.R.. 1987 ""Energy in World Agriculture, Volume 2"" Chapter 7"
Linde FSC/PEFC 540 (kg/m3),kg,0.199,0.04,"for detailed calculations of input data for Simapro, see Ecocosts calculations wood 2022.xlsx at https://www.ecocostsvalue.com/lca/wood-lca-issues/"
Linear alkylbenzene sulphonic acid,kg,1.736,0.26,#VALUE!
Linoleum,kg,1.59,0.88,"Data from ""Produktie van linoleum"", nr 773006142, RIVM, 1993. Linoleum is made from linseedoil, natural resin and Tall oil,  still valid"
Linseed produced in region,kg,0.286,0.16,Agricultural production is part of production system. Delft University of Technology based on Dutch Industry
"Linuron (3-(3,4-dichlorophenyl)-1-methoxy-1-methylurea)",kg,8.799,1.46,"data from: Stout B.A. and Helsel Z.R.. 1987 ""Energy in World Agriculture, Volume 2"" Chapter 7"
Lithium (EoL-RIR = 0%),kg,18.344,9.26,"ProBas, Umwelt Bundesambt"
"Lithium LiFePO4 (145 Wh per kg, incl packaging, excl electro",kg,8.135,2.81,#VALUE!
"Lithium NMC 811 (215 Wh per kg, incl packaging, excl electro",kg,12.026,9.5,#VALUE!
Lithium-ion LiCoO2 laptop battery (180 Wh/kg),kg,79.398,29.65,"this is the classical battery for smartphones, extra energy required is estimated. Gao SW et al 2018 Energy consumption and cabon emission analysis of natural graphite anode material for lithium batteries Science Forum Vol 913 pp 985-990"
LNG including combustion CO2,kg,3.911,1.02,0
LPG for chemical feedstock,kg,0.35,0.11,Co-product of refinery process. Equal assumed to  the production of general refinery products (i.e. energy allocation). Own research Delft University of Technology
LPG for transport (excluding combustion),kg,0.35,0.54,Co-product of refinery process. Equal assumed to  the production of general refinery products (i.e. energy allocation). Own research Delft University of Technology
LPG for transport including combustion,kg,3.36,0.94,Co-product of refinery process. Equal assumed to  the production of general refinery products (i.e. energy allocation). Own research Delft University of Technology
LPG including combustion CO2,m3,1714.335,480.67,0
Machining aluminium,kg,0.066,0.01,"Machining aluminium, milling, drilling, turning etc; energy per kilogram removed material"
Mackerel fillet frozen,kg,12.734,3.42,Danisch food study update by Delft University of Technology
Mackerel fresh,kg,6.169,1.67,Danisch food study update by Delft University of Technology
"Magnesium, CRM (primary)",kg,26.479,4.1," 26 kg CO2 per kg Mg at natural gas, results in 312 MJgas/kg. Simone Ehrenberger. Update  of  Life  Cycle  Assessment  of  Magnesium  Components  in Vehicle Construction. 2020. German Aerospace Center e.V. "
"Magnesium, CRM (secondary)",kg,0.494,0.08,"0.45 kg CO2 per kg Mg at natural gas, results in 5.4 MJgas/kg. Simone Ehrenberger. Update  of  Life  Cycle  Assessment  of  Magnesium  Components  in Vehicle Construction. 2020. German Aerospace Center e.V. "
"Magnesium, CRM, trade mix (93% prim 7% sec)",kg,24.66,3.82,JRC report : Towards recycling indicators based on EU flows and raw materials analysis system data. 2018
"Magnesium, recycling credit closed loop (90% virgin part in",kg,-23.386,-3.62,#VALUE!
Mahogany FSC/PEFC 1110 (kg/m3),kg,0.229,0.05,"for detailed calculations of input data for Simapro, see Ecocosts calculations wood 2022.xlsx at https://www.ecocostsvalue.com/lca/wood-lca-issues/"
Mahogany natural forest 1110 (kg/m3),kg,3.679,3.82,"for detailed calculations of input data for Simapro, see Ecocosts calculations wood 2022.xlsx at https://www.ecocostsvalue.com/lca/wood-lca-issues/"
"Mahogany, African FSC/PEFC 640 (kg/m3)",kg,0.244,0.06,"for detailed calculations of input data for Simapro, see Ecocosts calculations wood 2022.xlsx at https://www.ecocostsvalue.com/lca/wood-lca-issues/"
"Mahogany, African natural forest 640 (kg/m3)",kg,3.694,8.14,"for detailed calculations of input data for Simapro, see Ecocosts calculations wood 2022.xlsx at https://www.ecocostsvalue.com/lca/wood-lca-issues/"
Makore FSC/PEFC 660 (kg/m3),kg,0.24,0.06,"for detailed calculations of input data for Simapro, see Ecocosts calculations wood 2022.xlsx at https://www.ecocostsvalue.com/lca/wood-lca-issues/"
Makore natural forest 660 (kg/m3),kg,3.69,5.15,"for detailed calculations of input data for Simapro, see Ecocosts calculations wood 2022.xlsx at https://www.ecocostsvalue.com/lca/wood-lca-issues/"
Malathion (Diethyl 2-[(dimethoxyphosphorothioyl)sulfanyl]but,kg,8.692,1.44,"data from: Stout B.A. and Helsel Z.R.. 1987 ""Energy in World Agriculture, Volume 2"" Chapter 7"
Maleic acid,kg,0.35,0.11,0
Maneb ( [[2-[(Dithio Carboxyl)amino]ethyl]carbodithioate]](2,kg,4.266,0.72,0
Manganese (EoL_RIR= 9%),kg,2.525,1.13,"data LCA from ProBas, Umwelt Bundesambt, recycle rate EoL-RIR from erostat data or report JRC, Towards Recycling Indicators based on EU flows and Raw Materials System Analysis data. 2018"
Manganese dioxide,kg,0.713,0.55,less energy than manganese
Mansonia FSC/PEFC 620 (kg/m3),kg,0.246,0.06,"for detailed calculations of input data for Simapro, see Ecocosts calculations wood 2022.xlsx at https://www.ecocostsvalue.com/lca/wood-lca-issues/"
Mansonia natural forest 620 (kg/m3),kg,3.696,5.95,"for detailed calculations of input data for Simapro, see Ecocosts calculations wood 2022.xlsx at https://www.ecocostsvalue.com/lca/wood-lca-issues/"
MAP Carbon Dioxide gas at 1 bar 0 degr C,m3,0.95,0.15,"calculated from Idemat2023 Carbon dioxide, liquid"
MAP Nitrogen gas at 1 bar 0 degr C,m3,0.298,0.05,"calculated from Idemat2023 Nitrogen, liquid"
MAP Oxygen gas at 1 bar 0 degr C,m3,0.494,0.09,"calculated from Idemat2023 Oxigen, liquid"
Massaranduba FCS/PEFC 1200 (kg/m3) wet,kg,0.226,0.05,"for detailed calculations of input data for Simapro, see Ecocosts calculations wood 2022.xlsx at https://www.ecocostsvalue.com/lca/wood-lca-issues/"
Massaranduba natural forest 1200 (kg/m3) wet,kg,3.245,3.49,"for detailed calculations of input data for Simapro, see Ecocosts calculations wood 2022.xlsx at https://www.ecocostsvalue.com/lca/wood-lca-issues/"
MCPA (2-methyl-4-chlorophenoxyacetic acid),kg,6.008,1.01,"data from: Stout B.A. and Helsel Z.R.. 1987 ""Energy in World Agriculture, Volume 2"" Chapter 7"
MDF at factury gate,kg,0.628,0.17,Litt. Puettmann et al. 2013. Cradle to Gate Life Cycle Assessment of U.S. Medium Density Fiberboard Production.
MDI (Methylene diphenyl diisocyanate),kg,2.76,1.06,"Plastics Europe LCI database, waterdeleted because of inaccuracies"
MDI co-firing in electrical power plant,kg,0.359,0.03,"energy from stoichiometric calculation, see excel file 'embedded oil, heat of combustion, CO2 emissions and pyrolysis plastics&chemicals.xls' at https://www.ecocostsvalue.com/lca/eol-and-recycling/"
"MDI waste combustion, clean tech, without heat recovery",kg,2.64,0.37,0
MDI waste incineration with electricity,kg,1.385,0.19,"energy from stoichiometric calculation, see excel file 'embedded oil, heat of combustion, CO2 emissions and pyrolysis plastics&chemicals.xls' at https://www.ecocostsvalue.com/lca/eol-and-recycling/"
"Mechanical recycled pellets (rPET, rPE, rPP, rPVC), downcycl",kg,0.552,0.1,drying and extruding to plastic pellets energy plus transport
Melon (France) excl transport,kg,0.057,0.03,"Franziska Stoessel,* Ronnie Juraske, Stephan Pfister, and Stefanie Hellweg ""Life Cycle Inventory and Carbon and Water FoodPrint of Fruits and Vegetables: Application to a Swiss Retailer"
Menkulang FSC/PEFC 710 (kg/m3),kg,0.293,0.07,"for detailed calculations of input data for Simapro, see Ecocosts calculations wood 2022.xlsx at https://www.ecocostsvalue.com/lca/wood-lca-issues/"
Menkulang natural forest 710 (kg/m3),kg,3.743,4.82,"for detailed calculations of input data for Simapro, see Ecocosts calculations wood 2022.xlsx at https://www.ecocostsvalue.com/lca/wood-lca-issues/"
Meranti FSC/PEFC 640 (kg/m3),kg,0.312,0.08,"for detailed calculations of input data for Simapro, see Ecocosts calculations wood 2022.xlsx at https://www.ecocostsvalue.com/lca/wood-lca-issues/"
Meranti natural forest 640 (kg/m3),kg,3.762,8.16,"for detailed calculations of input data for Simapro, see Ecocosts calculations wood 2022.xlsx at https://www.ecocostsvalue.com/lca/wood-lca-issues/"
Merbau FSC/PEFC 800 (kg/m3),kg,0.287,0.07,"for detailed calculations of input data for Simapro, see Ecocosts calculations wood 2022.xlsx at https://www.ecocostsvalue.com/lca/wood-lca-issues/"
Merbau natural forest 800 (kg/m3),kg,3.737,6.64,"for detailed calculations of input data for Simapro, see Ecocosts calculations wood 2022.xlsx at https://www.ecocostsvalue.com/lca/wood-lca-issues/"
Mercury (virgin),kg,115.363,"4,670.06","ProBas, Umwelt Bundesambt"
Mersawa FSC/PEFC 640 (kg/m3),kg,0.305,0.07,"for detailed calculations of input data for Simapro, see Ecocosts calculations wood 2022.xlsx at https://www.ecocostsvalue.com/lca/wood-lca-issues/"
Mersawa natural forest 640 (kg/m3),kg,3.755,5.3,"for detailed calculations of input data for Simapro, see Ecocosts calculations wood 2022.xlsx at https://www.ecocostsvalue.com/lca/wood-lca-issues/"
Metals open loop recycling credit,kg,0,0,#VALUE!
Methanol,kg,0.947,0.17,0
"Methoxychlor (1,1'-(2,2,2-Trichloroethane-1,1-diyl)bis(4-met",kg,4.568,0.73,"data from: Stout B.A. and Helsel Z.R.. 1987 ""Energy in World Agriculture, Volume 2"" Chapter 7"
Methyl acetate,kg,1.016,0.19,Sutter J. Life Cycle Inventories of Petrochemical Solvents. Data v2.0. Uster December 2007. Research gate. https://www.researchgate.net/publication/313054728_Life_Cycle_Inventories_of_Petrochemical_Solvents_Data_v20_Uster_2007
Methyl ethyl ketone,kg,1.016,0.19,Sutter J. Life Cycle Inventories of Petrochemical Solvents. Data v2.0. Uster December 2007. Research gate. https://www.researchgate.net/publication/313054728_Life_Cycle_Inventories_of_Petrochemical_Solvents_Data_v20_Uster_2007
Methyl formate,kg,2.554,0.46,Sutter J. Life Cycle Inventories of Petrochemical Solvents. Data v2.0. Uster December 2007. Research gate. https://www.researchgate.net/publication/313054728_Life_Cycle_Inventories_of_Petrochemical_Solvents_Data_v20_Uster_2007
"Methyl parathion (O,O-Dimethyl O-4-nitrophenyl phosphorothi",kg,6.627,1.09,"data from: Stout B.A. and Helsel Z.R.. 1987 ""Energy in World Agriculture, Volume 2"" Chapter 7"
Methylamine,kg,3.652,0.68,0
Methylcyclohexane,kg,4.927,0.82,Sutter J. Life Cycle Inventories of Petrochemical Solvents. Data v2.0. Uster December 2007. Research gate. https://www.researchgate.net/publication/313054728_Life_Cycle_Inventories_of_Petrochemical_Solvents_Data_v20_Uster_2007
Metolachlor ((RS)-2-Chloro-N-(2-ethyl-6-methyl-phenyl)-N-(1-,kg,11.136,1.85,"data from: Stout B.A. and Helsel Z.R.. 1987 ""Energy in World Agriculture, Volume 2"" Chapter 7"
MF (melamine formaldehyde resin),kg,1.77,0.93,"James B. Wilson, 2010, LIFE-CYCLE INVENTORY OF FORMALDEHYDE-BASED RESINS USED IN WOOD COMPOSITES IN TERMS OF RESOURCES, EMISSIONS, ENERGY AND CARBON,  WOOD AND FIBER SCIENCE, MARCH 2010, V. 42(CORRIM SPECIAL ISSUE)"
MgAl3Zn,kg,24.319,3.81,mix of the Idemat data of the basic metals + extra melting energy
MgAl6Zn,kg,23.705,3.76,mix of the Idemat data of the basic metals + extra melting energy
MgMn1.5,kg,24.784,3.85,mix of the Idemat data of the basic metals + extra melting energy
MgZn6Zr,kg,23.923,3.8,mix of the Idemat data of the basic metals + extra melting energy
Mica (fire proof electric insulation) estimate,kg,2.376,0.44,surrogate process is pure silica glass (very high melting point)
MIG-arc welding Al 10,m,3.352,0.58,MIG-arc welding process; aluminium sheet 10 mm; butt V- joint; energy per meter joint; no emissions available
MIG-arc welding Al 12,m,5.894,1.02,MIG-arc welding process; aluminium sheet 12 mm; butt V- joint; energy per meter joint; no emissions available
MIG-arc welding Al 4,m,0.649,0.11,MIG-arc welding process; aluminium sheet 4 mm; butt I-joint; energy per meter joint; no emissions available
MIG-arc welding Al 5 I-jnt,m,1.406,0.24,MIG-arc welding process; aluminium sheet 5 mm; butt I-joint; energy per meter joint; no emissions available
MIG-arc welding Al 5 V-jnt,m,2.109,0.37,MIG-arc welding process; aluminium sheet 5 mm; butt V- joint; energy per meter joint; no emissions available
MIG-arc welding Al 6 V-jnt,m,2.503,0.43,MIG-arc welding process; aluminium sheet 6 mm; butt V-joint; energy per meter joint; no emissions available
MIG-arc welding Al 8,m,3.19,0.55,MIG-arc welding process; aluminium sheet 8 mm; butt V- joint; energy per meter joint; no emissions available
Milk full fresh,kg,1.03,0.29,copy agri-footprint
Milk low fat fresh,kg,0.731,0.21,copy agri-footprint
Milk powder skimmed,kg,8.868,2.4,copy agri-footprint
Milk powder whole,kg,8.912,2.44,copy agri-footprint
"Milling Al. (per kg removed, removed Al not counted)",kg,0.066,0.01,required electricity 0.48 MJ per kg removed
"Milling steel (per kg removed, revomed steel not counted)",kg,0.105,0.02,required electricity 0.77 MJ per kg removed
"Mischmetal: Cerium 67%, lanthanum 20%, Neodimium 11%, rest 2",kg,26.582,129.56,"Nuss and Eckelman, 2014, Life Cycle Assessment of Metals: A Scientific Synthesis, PLOS ONE, - supporting information- "
Missanda/Tali FSC/PEFC 900 (kg/m3),kg,0.223,0.05,"for detailed calculations of input data for Simapro, see Ecocosts calculations wood 2022.xlsx at https://www.ecocostsvalue.com/lca/wood-lca-issues/"
Missanda/Tali natural forest 900 (kg/m3),kg,3.673,3.22,"for detailed calculations of input data for Simapro, see Ecocosts calculations wood 2022.xlsx at https://www.ecocostsvalue.com/lca/wood-lca-issues/"
MMA (Methyl methacrylate),kg,3.509,1.31,"Plastics Europe LCI database, water and aluminium deleted because of inaccuracies"
MMA monomer co-firing in electrical power plant,kg,0.122,0,"energy from stoichiometric calculation, see excel file 'embedded oil, heat of combustion, CO2 emissions and pyrolysis plastics&chemicals.xls' at https://www.ecocostsvalue.com/lca/eol-and-recycling/"
"MMA monomer waste combustion, clean tech, without heat recovery",kg,2.2,0.31,0
MMA monomer waste incineration with electricity,kg,1.057,0.14,"energy from stoichiometric calculation, see excel file 'embedded oil, heat of combustion, CO2 emissions and pyrolysis plastics&chemicals.xls' at https://www.ecocostsvalue.com/lca/eol-and-recycling/"
Moabi FSC/PEFC 815 (kg/m3),kg,0.231,0.05,"for detailed calculations of input data for Simapro, see Ecocosts calculations wood 2022.xlsx at https://www.ecocostsvalue.com/lca/wood-lca-issues/"
Moabi natural forest 815 (kg/m3),kg,3.681,6.49,"for detailed calculations of input data for Simapro, see Ecocosts calculations wood 2022.xlsx at https://www.ecocostsvalue.com/lca/wood-lca-issues/"
Molybdenum (EoL-RIR = 9%),kg,8.634,51.93,"LCA data from ProBas database, 30%brecycled. Litt.  recycle rate EoL-RIR from erostat data or report JRC, Towards Recycling Indicators based on EU flows and Raw Materials System Analysis data. 2018"
Monochlorobenzene,kg,12.598,2.37,Sutter J. Life Cycle Inventories of Petrochemical Solvents. Data v2.0. Uster December 2007. Research gate. https://www.researchgate.net/publication/313054728_Life_Cycle_Inventories_of_Petrochemical_Solvents_Data_v20_Uster_2007
Monoethylene glycol (MEG),kg,1.58,0.25,0
Moulded fibre products.,kg,0.411,0.07,"data from FEFCO 2022 database, data from 2021, https://www.fefco.org/lca Annex 1 assessed july 2022 plus document ""VPN guidelines - LCA data for paper and board products"" 2017 (stating that board has 40% higher score than molded fibre)"
Moulded Recycled mixed polymer (downcycled),kg,0.857,0.14,"Idemat2023 injection moulding, machine only PLUS Idemat2023 Recycling mixed polymer (collecting and sorting endconsumer plastics)"
"Mountain ash, European FEC/PEFC 700 (kg/m3)",kg,0.199,0.04,"for detailed calculations of input data for Simapro, see Ecocosts calculations wood 2022.xlsx at https://www.ecocostsvalue.com/lca/wood-lca-issues/"
Movigui FSC/PEFC 710 (kg/m3),kg,0.23,0.05,"for detailed calculations of input data for Simapro, see Ecocosts calculations wood 2022.xlsx at https://www.ecocostsvalue.com/lca/wood-lca-issues/"
Movigui natural forest 710 (kg/m3),kg,3.68,3.09,"for detailed calculations of input data for Simapro, see Ecocosts calculations wood 2022.xlsx at https://www.ecocostsvalue.com/lca/wood-lca-issues/"
Mubura FSC/PEFC 830 (kg/m3),kg,0.21,0.05,"for detailed calculations of input data for Simapro, see Ecocosts calculations wood 2022.xlsx at https://www.ecocostsvalue.com/lca/wood-lca-issues/"
Mubura natural forest 830 (kg/m3),kg,3.66,3.46,"for detailed calculations of input data for Simapro, see Ecocosts calculations wood 2022.xlsx at https://www.ecocostsvalue.com/lca/wood-lca-issues/"
Mumetal,kg,9.925,19.59,mix of the Idemat data of the basic metals + extra melting energy
Mussels fresh,kg,1.021,0.28,Danisch food study update by Delft University of Technology
Mutenye FSC/PEFCt 820 (kg/m3),kg,0.237,0.05,"for detailed calculations of input data for Simapro, see Ecocosts calculations wood 2022.xlsx at https://www.ecocostsvalue.com/lca/wood-lca-issues/"
Mutenye natural forest 820 (kg/m3),kg,3.687,3.5,"for detailed calculations of input data for Simapro, see Ecocosts calculations wood 2022.xlsx at https://www.ecocostsvalue.com/lca/wood-lca-issues/"
"N,N-Dimethylformamide",kg,1.752,0.42,Sutter J. Life Cycle Inventories of Petrochemical Solvents. Data v2.0. Uster December 2007. Research gate. https://www.researchgate.net/publication/313054728_Life_Cycle_Inventories_of_Petrochemical_Solvents_Data_v20_Uster_2007
Nafion,kg,831,115.33,"Rok Stropnik, Andrej Lotric, Alfonso Bernad Montenegro, Mihael Sekavcnik,  Mitja Mori. Critical materials in PEMFC systems and a LCA analysis for the potential reduction of environmental impacts with EoL strategies. Energy Sci Eng. 2019;7:2519–2539"
Nafion co-firing in electrical power plant,kg,0.135,1.22,"energy from stoichiometric calculation, see excel file 'embedded oil, heat of combustion, CO2 emissions and pyrolysis plastics&chemicals.xls' at https://www.ecocostsvalue.com/lca/eol-and-recycling/"
"Nafion waste combustion, clean tech, without heat recovery",kg,0.73,1.31,0
Nafion waste incineration with electricity,kg,0.402,1.26,"energy from stoichiometric calculation, see excel file 'embedded oil, heat of combustion, CO2 emissions and pyrolysis plastics&chemicals.xls' at https://www.ecocostsvalue.com/lca/eol-and-recycling/"
"Nat Gas 35 MJ/Nm3 from Netherlands, for heat, incl. combusti",m3,4.801,0.69,0
"Nat Gas 40 MJ/Nm3 from LNG for heat, incl. combustion",m3,2.795,0.41,0
"Nat Gas 40 MJ/Nm3 from Norway, Algeria, UK, for heat, incl.",m3,2.897,0.43,0
Natural gas general EU for heat (excl mat depl. excl. combus,kg,1.161,0.22,"derived from ELCD: Process steam from natural gas, heat plant, consumption mix, at plant, MJ, EU-27 S copy without water"
Natural gas general EU for heat (excl mat depl. incl. combus,kg,3.911,0.59,"derived from ELCD: Process steam from natural gas, heat plant, consumption mix, at plant, MJ, EU-27 S copy without water"
Natural rubber,kg,1.387,2.01,#VALUE!
Natural rubber co-firing in electrical power plant,kg,-3.683,-0.52,"Litt. R. S. Jessup and A. D, Cummings. HEATS OF COMBUSTION OF RUBBER AND OF RUBBER-SULPHUR COMPOUNDS. Journal of Research of the K[ational Bureau of Standards, Volume 13, September 1934"
"Natural rubber waste combustion, clean tech, without heat recovery",kg,0,0.04,0
Natural rubber waste incineration with electricity,kg,-2.025,-0.27,"Litt. R. S. Jessup and A. D, Cummings. HEATS OF COMBUSTION OF RUBBER AND OF RUBBER-SULPHUR COMPOUNDS. Journal of Research of the K[ational Bureau of Standards, Volume 13, September 1934"
NBR (nitrile rubber),kg,3.568,1.45,70% Idemat2023 PB (Polybutadiene) + 24% Idemat2023 Acrylonitrile + 6% filler
N-Dimethyl-2-pyrrolidone,kg,5.819,0.98,Sutter J. Life Cycle Inventories of Petrochemical Solvents. Data v2.0. Uster December 2007. Research gate. https://www.researchgate.net/publication/313054728_Life_Cycle_Inventories_of_Petrochemical_Solvents_Data_v20_Uster_2007
Neodymium,kg,35.732,221.96,"Nuss and Eckelman, 2014, Life Cycle Assessment of Metals: A Scientific Synthesis, PLOS ONE, - supporting information- "
Neodymium magnet (NdFeB) 50 MGOe,kg,17.65,82.87,https://e-magnetsuk.com/introduction-to-neodymium-magnets/how-neodymium-magnets-are-made/ accessed january 2022 https://www.kjmagnetics.com/neomaginfo.asp https://www.kjmagnetics.com/faq.asp
Neodymium magnet (NdFeB) 50 MGOe recycled,kg,4.686,4.8,https://e-magnetsuk.com/introduction-to-neodymium-magnets/how-neodymium-magnets-are-made/ accessed january 2022 https://www.kjmagnetics.com/neomaginfo.asp https://www.kjmagnetics.com/faq.asp. Assumption yield 95% (supply 5%)
"Neodymium magnet (NdFeB) corrosion resistant, 40 MGOe",kg,20.313,108.4,#VALUE!
"Neodymium magnet (NdFeB) corrosion resistant, 40 MGOe recycl",kg,4.82,6.1,#VALUE!
Ni 99.6,kg,11.087,24.76,mix of the Idemat data of the basic metals + extra melting energy
Ni span C902,kg,7.746,11.45,mix of the Idemat data of the basic metals + extra melting energy
Niangon FSC/PEFC 710 (kg/m3),kg,0.23,0.05,"for detailed calculations of input data for Simapro, see Ecocosts calculations wood 2022.xlsx at https://www.ecocostsvalue.com/lca/wood-lca-issues/"
Niangon natural forest 710 (kg/m3),kg,3.68,3.95,"for detailed calculations of input data for Simapro, see Ecocosts calculations wood 2022.xlsx at https://www.ecocostsvalue.com/lca/wood-lca-issues/"
NiCd battery AA-cell,p,0.213,0.28,"Manufacturing data (confidential). Compare also to: Hamade R, et al. Life Cycle analysis of AA Alkaline batteries. Science Direct Procedia Manufacturing 2020"
NiCd battery C-cell,p,0.41,0.88,"Data for one C-cell of 65 gram, 1.25 volt and 1.5 Ah capacity (average Nickel content 12.3%, average Cadmium content 41.7%). Reference: Recycling of Consumer Dry Cell Batteries, Hurd D., et al, Noyes Data Corporation, New Yersey 1993"
Nickel (primary),kg,13.096,29.46,#VALUE!
Nickel (secondary),kg,0.543,0.09,"Nuss and Eckelman, 2014, Life Cycle Assessment of Metals: A Scientific Synthesis, PLOS ONE, - supporting information- . "
Nickel in FerroNickel (27%),kg,45.096,21.34,data from LCA of Nickel Institute 2020. https://nickelinstitute.org/media/4861/lca-ferronickel-final.pdf
Nickel in Nickel Sufate (22%) for car batteries,kg,24.596,39.4,data from LCA of Nickel Institute 2020 https://nickelinstitute.org/media/8d9409c7c0bdfc8/lca-nickel-sulphate-july-2021.pdf
Nickel trade mix (84% prim 16% sec),kg,11.087,24.76,JRC report : Towards recycling indicators based on EU flows and raw materials analysis system data. 2018
"Nickel, recycling credit closed loop (66% virgin part in tra",kg,-8.285,-19.38,#VALUE!
NiCr 80 20,kg,14.627,21.24,mix of the Idemat data of the basic metals + extra melting energy
NiCr20Co18Ti,kg,14.308,23.23,mix of the Idemat data of the basic metals + extra melting energy
NiCr20TiAl,kg,15.004,20.78,mix of the Idemat data of the basic metals + extra melting energy
NiCu30Al,kg,10.775,18.97,mix of the Idemat data of the basic metals + extra melting energy
NiCu30Fe,kg,8.896,17.76,mix of the Idemat data of the basic metals + extra melting energy
NiFe 50 50,kg,6.698,12.65,mix of the Idemat data of the basic metals + extra melting energy
NiMH battery for laptops (54 Wh per kg),kg,60.295,26.91,#VALUE!
NiMo30,kg,10.826,32.27,mix of the Idemat data of the basic metals + extra melting energy
Niobium,kg,0.18,40.36,copy ProBas
Niove FSC/PEFC 850 (kg/m3),kg,0.229,0.05,"for detailed calculations of input data for Simapro, see Ecocosts calculations wood 2022.xlsx at https://www.ecocostsvalue.com/lca/wood-lca-issues/"
Niove natural forest 850 (kg/m3),kg,3.679,6.28,"for detailed calculations of input data for Simapro, see Ecocosts calculations wood 2022.xlsx at https://www.ecocostsvalue.com/lca/wood-lca-issues/"
Nitric acid,kg,0.637,0.08,0
"Nitride magnet (Fe16N2), 20-80 MGOe",kg,6.305,1.15,"information on energy: University of Minnesota Professor Jian-Ping Wang. Note: the theoretical maximum is 130 MGOe, but the max reported is 20 MGOe (current production) and 80 MGOe (Doctorate Thesis Xudong Hang, 2021, Univ. of Minnesota)."
"Nitrogen, liquid",kg,0.236,0.04,"Energy for production. Economic allocation for to allocate the energy (4.2 MJ) to O2 and N2: 60%  to O2, 40% to N2, so 2.5 MJ per kg O2 and 1.7 MJ per kg N2 (insiders info)"
Nylon polymer pellet production,kg,5.46,1.46,"copy idemat, 50% Nylon 6, 50% Nylon 66"
"Oak, European FSC/PEFC 710 (kg/m3)",kg,0.214,0.05,"for detailed calculations of input data for Simapro, see Ecocosts calculations wood 2022.xlsx at https://www.ecocostsvalue.com/lca/wood-lca-issues/"
Oat flakes,kg,0.666,0.4,Danish Food LCA data; Dalgaard and Halberg (2004 and Thrane (2004)
o-dichlorobenzene,kg,12.542,2.36,Sutter J. Life Cycle Inventories of Petrochemical Solvents. Data v2.0. Uster December 2007. Research gate. https://www.researchgate.net/publication/313054728_Life_Cycle_Inventories_of_Petrochemical_Solvents_Data_v20_Uster_2007
Oil Supertanker,tkm,0.003,0,"example supertanker Pierre Guillomat, see https://en.wikipedia.org/wiki/Pierre_Guillaumat_(supertanker)"
Okan FSC/PEFC 1075 (kg/m3) wet,kg,0.223,0.05,"for detailed calculations of input data for Simapro, see Ecocosts calculations wood 2022.xlsx at https://www.ecocostsvalue.com/lca/wood-lca-issues/"
Okan natural forest 1075 (kg/m3) wet,kg,3.176,2.71,"for detailed calculations of input data for Simapro, see Ecocosts calculations wood 2022.xlsx at https://www.ecocostsvalue.com/lca/wood-lca-issues/"
Okoume FSC/PEFC forest 440 (kg/m3),kg,0.271,0.06,"for detailed calculations of input data for Simapro, see Ecocosts calculations wood 2022.xlsx at https://www.ecocostsvalue.com/lca/wood-lca-issues/"
Okoume natural forest 440 (kg/m3),kg,3.721,11.65,"for detailed calculations of input data for Simapro, see Ecocosts calculations wood 2022.xlsx at https://www.ecocostsvalue.com/lca/wood-lca-issues/"
Olon FSC/PEFC 485 (kg/m3),kg,0.263,0.06,"for detailed calculations of input data for Simapro, see Ecocosts calculations wood 2022.xlsx at https://www.ecocostsvalue.com/lca/wood-lca-issues/"
Olon natural forest 485 (kg/m3),kg,3.713,10.62,"for detailed calculations of input data for Simapro, see Ecocosts calculations wood 2022.xlsx at https://www.ecocostsvalue.com/lca/wood-lca-issues/"
Onion fresh,kg,0.142,0.11,copy agri-footprint
Onzabili FSC/PEFCt 550 (kg/m3),kg,0.254,0.06,"for detailed calculations of input data for Simapro, see Ecocosts calculations wood 2022.xlsx at https://www.ecocostsvalue.com/lca/wood-lca-issues/"
Onzabili natural forest 550 (kg/m3),kg,3.704,9.45,"for detailed calculations of input data for Simapro, see Ecocosts calculations wood 2022.xlsx at https://www.ecocostsvalue.com/lca/wood-lca-issues/"
Oregon Pine FSC/PEFC 505 (kg/m3),kg,0.334,0.08,"for detailed calculations of input data for Simapro, see Ecocosts calculations wood 2022.xlsx at https://www.ecocostsvalue.com/lca/wood-lca-issues/"
Oregon Pine natural forest 505 (kg/m3),kg,0.164,3.69,"for detailed calculations of input data for Simapro, see Ecocosts calculations wood 2022.xlsx at https://www.ecocostsvalue.com/lca/wood-lca-issues/"
"Oxigen, liquid",kg,0.346,0.06,"Energy for production. Economic allocation for to allocate the energy (4.2 MJ) to O2 and N2: 60%  to O2, 40% to N2, so 2.5 MJ per kg O2 and 1.7 MJ per kg N2 (insiders info)"
Ozigo/Igaganga FSC/PEFC 650 (kg/m3),kg,0.234,0.05,"for detailed calculations of input data for Simapro, see Ecocosts calculations wood 2022.xlsx at https://www.ecocostsvalue.com/lca/wood-lca-issues/"
Ozigo/Igaganga natural forest 650 (kg/m3),kg,3.684,3.35,"for detailed calculations of input data for Simapro, see Ecocosts calculations wood 2022.xlsx at https://www.ecocostsvalue.com/lca/wood-lca-issues/"
PA (Nylons) chemical upcycled,kg,5.017,0.76,#VALUE!
"PA (Nylons, Polyamides) co-firing in electrical power plant",kg,0.127,0,"HEATS OF COMBUSTION OF HIGH TEMPERATURE POLYMERS. Richard N. Walters*, Stacey M. Hackett* and Richard E. Lyon"
"PA (Nylons, Polyamides) waste combustion, clean tech, without heat recovery",kg,2.47,0.35,0
"PA (Nylons, Polyamides) waste incineration with electricity",kg,1.181,0.16,"HEATS OF COMBUSTION OF HIGH TEMPERATURE POLYMERS. Richard N. Walters*, Stacey M. Hackett* and Richard E. Lyon"
"PA (nylons, polyamides), closed loop chemical upcycling cred",kg,0.497,-0.54,#VALUE!
"PA 6 (Nylon 6, Polyamide 6)",kg,4.52,1.29,Plastics Europe LCI database
PA 6 GF30,kg,3.536,0.99,30% glass fibre from Idemat
"PA 66 (Nylon 66, Polyamide 6-6)",kg,6.4,1.62,Plastics Europe LCI database
PA 66 GF30,kg,4.852,1.22,30% glass fibre from Idemat
PA-11 (Nylon-11) co-firing in electrical power plant,kg,-2.343,-0.32,"HEATS OF COMBUSTION OF HIGH TEMPERATURE POLYMERS. Richard N. Walters*, Stacey M. Hackett* and Richard E. Lyon"
"PA-11 (Nylon-11) waste combustion, clean tech, without heat recovery",kg,0,0.03,0
PA-11 (Nylon-11) waste incineration with electricity,kg,-1.289,-0.16,"HEATS OF COMBUSTION OF HIGH TEMPERATURE POLYMERS. Richard N. Walters*, Stacey M. Hackett* and Richard E. Lyon"
"PA-11 (Nylon-11), bio-based not biodegradable",kg,2.38,0.4,Litt. https://cosmetotheque.com/wp-content/uploads/2020/05/A4_Orgasol_GreenTouch.pdf 
"PA-11 (Nylon-11), not biodegradable, chemical upcycled",kg,2.38,0.4,#VALUE!
"Padouk, African FSC/PEFC 740 (kg/m3)",kg,0.236,0.05,"for detailed calculations of input data for Simapro, see Ecocosts calculations wood 2022.xlsx at https://www.ecocostsvalue.com/lca/wood-lca-issues/"
"Padouk, African natural forest 740 (kg/m3)",kg,3.686,7.11,"for detailed calculations of input data for Simapro, see Ecocosts calculations wood 2022.xlsx at https://www.ecocostsvalue.com/lca/wood-lca-issues/"
"Palissander, Indisch FSC/PEFC 850 (kg/m3)",kg,0.226,0.05,"for detailed calculations of input data for Simapro, see Ecocosts calculations wood 2022.xlsx at https://www.ecocostsvalue.com/lca/wood-lca-issues/"
"Palissander, Indisch natural forest 850 (kg/m3)",kg,3.676,4.84,"for detailed calculations of input data for Simapro, see Ecocosts calculations wood 2022.xlsx at https://www.ecocostsvalue.com/lca/wood-lca-issues/"
"Palladium, CRM (primary)",kg,9335.642,"97,860.56","ProBas, Umwelt Bundesambt"
"Palladium, CRM (secondary)",kg,311.528,57.55,"Nuss and Eckelman, 2014, Life Cycle Assessment of Metals: A Scientific Synthesis, PLOS ONE, - supporting information- "
"Palladium, CRM, trade mix (67% prim 33% sec)",kg,6357.684,"65,585.57",JRC report : Towards recycling indicators based on EU flows and raw materials analysis system data. 2018
"Palladium, recycling credit closed loop (91% virgin part in",kg,-8211.944,"-89,000.74",#VALUE!
Palm kernel oil methyl ester,kg,1.624,0.22,#VALUE!
"Palm kernel oil, crude from trees",kg,0.625,0.67,recalculated from USLCI
Palm oil in Rotterdam,kg,1.026,0.8,recalculated from USLCI
Palm oil methyl ester,kg,1.518,0.21,#VALUE!
Papaya (Brazil) excl transport,kg,0.068,0.03,"Franziska Stoessel,* Ronnie Juraske, Stephan Pfister, and Stefanie Hellweg ""Life Cycle Inventory and Carbon and Water FoodPrint of Fruits and Vegetables: Application to a Swiss Retailer"
"Paper, Cardboard, Leather, Cotton (12% MC) co-firing in elec",kg,-1.605,-0.22,credits for the delivered energy -19.7 MJth gas
"Paper, Cardboard, Leather, Cotton (12% MC) combustion in sma",kg,-1.124,-0.15,credits for the delivered energy -13.8 MJth gas
"Paper, Cardboard, Leather, Cotton (12%MC) waste incineration",kg,-0.882,-0.12,credits for the delivered energy -10.83 MJth gas
"Paper, woodfree uncoated, bleached, FSC",kg,0.376,0.08,"data from FEFCO 2022 database, data from 2021, https://www.fefco.org/lca Annex 1 assessed july 2022 plus for bleaching and finishing: 10kg/t H2O2 + 20 kg/t O2 liquid + 2.5 kg/t magnesium sulphate MgSO4, take sodium sulphate + 40 kg/t potato starch"
"Paper, woodfree uncoated, bleached, FSC 80 gr/m2",m2,0.03,0.01,"data from FEFCO 2022 database, data from 2021, https://www.fefco.org/lca Annex 1 assessed july 2022 plus for bleaching and finishing: 10kg/t H2O2 + 20 kg/t O2 liquid + 2.5 kg/t magnesium sulphate MgSO4, take sodium sulphate + 40 kg/t potato starch"
"Paper, woodfree uncoated, bleached, waste wood based",kg,0.376,0.08,"data from FEFCO 2022 database, data from 2021, https://www.fefco.org/lca Annex 1 assessed july 2022 plus for bleaching and finishing: 10kg/t H2O2 + 20 kg/t O2 liquid + 2.5 kg/t magnesium sulphate MgSO4, take sodium sulphate + 40 kg/t potato starch"
Paperfoam,kg,0.883,0.18,"derived from a study of University of Utrecht (Shen and Pattel), confidential"
Paperfoam co-firing in electrical power plant,kg,-1.385,-0.19,"energy from stoichiometric calculation, see excel file 'embedded oil, heat of combustion, CO2 emissions and pyrolysis plastics&chemicals.xls' at https://www.ecocostsvalue.com/lca/eol-and-recycling/"
"Paperfoam waste combustion, clean tech, without heat recovery",kg,0,0.01,0
Paperfoam waste incineration with electricity,kg,-0.762,-0.1,"energy from stoichiometric calculation, see excel file 'embedded oil, heat of combustion, CO2 emissions and pyrolysis plastics&chemicals.xls' at https://www.ecocostsvalue.com/lca/eol-and-recycling/"
Parana Pine FSC/PEFC 540 (kg/m3),kg,0.25,0.06,"for detailed calculations of input data for Simapro, see Ecocosts calculations wood 2022.xlsx at https://www.ecocostsvalue.com/lca/wood-lca-issues/"
Parana Pine natural forest 540 (kg/m3),kg,3.7,7.32,"for detailed calculations of input data for Simapro, see Ecocosts calculations wood 2022.xlsx at https://www.ecocostsvalue.com/lca/wood-lca-issues/"
"Paraquat (1,1'-Dimethyl[4,4'-bipyridine]-1,1'-diium dichlori",kg,22.293,3.52,"data from: Stout B.A. and Helsel Z.R.. 1987 ""Energy in World Agriculture, Volume 2"" Chapter 7"
Parasolier FSC/PEFC 190 (kg/m3),kg,0.427,0.11,"for detailed calculations of input data for Simapro, see Ecocosts calculations wood 2022.xlsx at https://www.ecocostsvalue.com/lca/wood-lca-issues/"
Parasolier natural forest 190 (kg/m3),kg,3.877,13.45,"for detailed calculations of input data for Simapro, see Ecocosts calculations wood 2022.xlsx at https://www.ecocostsvalue.com/lca/wood-lca-issues/"
"Parathion (O,O-Diethyl O-(4-nitrophenyl) phosphorothioate)",kg,5.697,0.93,"data from: Stout B.A. and Helsel Z.R.. 1987 ""Energy in World Agriculture, Volume 2"" Chapter 7"
Particle board biodegradable at factury gate,kg,0.842,0.13,"MDF is proxi, see paper Puettmann et al. 2013. Cradle to Gate Life Cycle Assessment of U.S. Medium Density Fiberboard Production. Glue based on PLA or PBS/starch 50%"
Particle board high humidity P5 (Rotterdam),kg,0.817,0.23,"MDF is proxi, see paper Puettmann et al. 2013. Cradle to Gate Life Cycle Assessment of U.S. Medium Density Fiberboard Production. Country of origin  Malaysia (source Meranti)"
Particle board standard (Rotterdam),kg,0.66,0.18,"MDF is proxi, see paper Puettmann et al. 2013. Cradle to Gate Life Cycle Assessment of U.S. Medium Density Fiberboard Production. Country of origin Sweden"
PB-1 (Polybutylene),kg,1.63,1.08,PP is proxi
"PBAT (Polybutylene adipate terepht)waste comb., clean tech, without heat recov.",kg,0,0.02,0
PBAT (Polybutylene adipate terephthalate) co-firing in elect,kg,-2.151,-0.3,"energy from stoichiometric calculation, see excel file 'embedded oil, heat of combustion, CO2 emissions and pyrolysis plastics&chemicals.xls' at https://www.ecocostsvalue.com/lca/eol-and-recycling/"
PBAT (Polybutylene adipate terephthalate) waste incineration,kg,-1.181,-0.16,"energy from stoichiometric calculation, see excel file 'embedded oil, heat of combustion, CO2 emissions and pyrolysis plastics&chemicals.xls' at https://www.ecocostsvalue.com/lca/eol-and-recycling/"
"PBAT (polybutylene adipate-co-terephthalate, biodegradable t",kg,4.579,0.75,#VALUE!
PBS (Polybutylene succinate) co-firing in electrical power p,kg,-2.175,-0.31,"energy from stoichiometric calculation, see excel file 'embedded oil, heat of combustion, CO2 emissions and pyrolysis plastics&chemicals.xls' at https://www.ecocostsvalue.com/lca/eol-and-recycling/"
PBS (Polybutylene succinate) incineration with electricity,kg,-1.19,-0.16,"energy from stoichiometric calculation, see excel file 'embedded oil, heat of combustion, CO2 emissions and pyrolysis plastics&chemicals.xls' at https://www.ecocostsvalue.com/lca/eol-and-recycling/"
"PBS (Polybutylene succinate) waste combustion, clean tech, without heat recovery",kg,0,0.02,0
"PBS (Polybutylene succinate, biodegradable thermoplastic)",kg,3.753,0.64,#VALUE!
PBS biodegradeble plastic chemical upcycled,kg,3.753,0.64,#VALUE!
PBS-Starch 50%-50% blend biodegradable plastic,kg,2.192,0.38,#VALUE!
PC (Polycarbonate),kg,3.4,1.24,Plastics Europe LCI database
PC (Polycarbonate) chemical upclycled,kg,3.848,0.58,#VALUE!
PC (Polycarbonate) co-firing in electrical power plant,kg,0.488,0.05,"HEATS OF COMBUSTION OF HIGH TEMPERATURE POLYMERS, Richard N. Walters*, Stacey M. Hackett* and Richard E. Lyon"
"PC (Polycarbonate) waste combustion, clean tech, without heat recovery",kg,2.94,0.42,0
PC (Polycarbonate) waste incineration with electricity,kg,1.592,0.21,"HEATS OF COMBUSTION OF HIGH TEMPERATURE POLYMERS, Richard N. Walters*, Stacey M. Hackett* and Richard E. Lyon"
"PC (Polycarbonate), closed loop chemical upcycling credit",kg,0.448,-0.66,#VALUE!
PC 30% glass fibre,kg,2.752,0.95,30% glass fibre from Idemat
PCB = Printed Circuit Board (including ICs),kg,469.367,111.52,#VALUE!
p-dichlorobenzene,kg,12.559,2.37,Sutter J. Life Cycle Inventories of Petrochemical Solvents. Data v2.0. Uster December 2007. Research gate. https://www.researchgate.net/publication/313054728_Life_Cycle_Inventories_of_Petrochemical_Solvents_Data_v20_Uster_2007
"PE (HDPE, High density Polyethylene)",kg,1.8,1.11,Plastics Europe LCI database
"PE (LDPE, Low density Polyethylene)",kg,1.87,1.12,Plastics Europe LCI database
"PE (LLDPE, Linear low density Polyethylene)",kg,1.79,1.11,Plastics Europe LCI database
PE (Polyethylene) chemical upcycled,kg,2.046,0.37,#VALUE!
PE (Polyethylene) co-firing in electrical power plant,kg,-0.494,-0.09,"HEATS OF COMBUSTION OF HIGH TEMPERATURE POLYMERS, Richard N. Walters*, Stacey M. Hackett* and Richard E. Lyon"
PE (Polyethylene) expanded,kg,2.449,1.21,Plastics Europe LCI database
"PE (Polyethylene) waste combustion, clean tech, without heat recovery",kg,3.14,0.45,0
PE (Polyethylene) waste incineration with electricity,kg,1.141,0.16,"HEATS OF COMBUSTION OF HIGH TEMPERATURE POLYMERS, Richard N. Walters*, Stacey M. Hackett* and Richard E. Lyon"
"PE (Polyethylene), closed loop chemical upcycling credit",kg,0.246,-0.74,#VALUE!
Pear (Switserland) excl transport,kg,0.158,0.05,"Franziska Stoessel,* Ronnie Juraske, Stephan Pfister, and Stefanie Hellweg ""Life Cycle Inventory and Carbon and Water FoodPrint of Fruits and Vegetables: Application to a Swiss Retailer"
Pear FSC/PEFC 680 (kg/m3),kg,0.151,0.03,"for detailed calculations of input data for Simapro, see Ecocosts calculations wood 2022.xlsx at https://www.ecocostsvalue.com/lca/wood-lca-issues/"
Peas canned,kg,1.033,0.33,copy agri-footprint
"PE-biobased, not biodegradable, chemical upcycled",kg,1.87,0.34,#VALUE!
PEEK (Polyetheretherketone),kg,175.982,27.07,#VALUE!
PEEK (Polyetheretherketone) co-firing in electrical power p,kg,0.319,0.03,"energy from stoichiometric calculation, see excel file 'embedded oil, heat of combustion, CO2 emissions and pyrolysis plastics&chemicals.xls' at https://www.ecocostsvalue.com/lca/eol-and-recycling/"
PEEK (Polyetheretherketone) co-firing in electrical power pl,kg,0.319,0.03,"HEATS OF COMBUSTION OF HIGH TEMPERATURE POLYMERS, Richard N. Walters*, Stacey M. Hackett* and Richard E. Lyon"
"PEEK (Polyetheretherketone) waste combustion, clean tech, without heat recovery",kg,2.81,0.4,0
PEEK (Polyetheretherketone) waste incineration with electri,kg,1.44,0.19,"HEATS OF COMBUSTION OF HIGH TEMPERATURE POLYMERS. Richard N. Walters*, Stacey M. Hackett* and Richard E. Lyon"
PEEK (Polyetheretherketone) waste incineration with electric,kg,1.44,0.19,"HEATS OF COMBUSTION OF HIGH TEMPERATURE POLYMERS, Richard N. Walters*, Stacey M. Hackett* and Richard E. Lyon"
"PEEK (Polyetheretherketone), obsolete, moved to Special plas",kg,0,0,#VALUE!
PEF (not biodegradable) to replace PET,kg,2.19,0.42,#VALUE!
"PEF (Polyethylene Furanoate) waste combustion, clean tech, without heat recovery",kg,0,0.02,0
PEF (Polyethylene Furanoate) waste incineration in electrica,kg,-1.735,-0.24,"HEATS OF COMBUSTION OF HIGH TEMPERATURE POLYMERS, Richard N. Walters*, Stacey M. Hackett* and Richard E. Lyon"
PEF (Polyethylene Furanoate) waste incineration with electri,kg,-0.953,-0.12,"HEATS OF COMBUSTION OF HIGH TEMPERATURE POLYMERS, Richard N. Walters*, Stacey M. Hackett* and Richard E. Lyon"
"PEF (Polyethylene Furanoate), closed loop chemical upcycling",kg,-0.927,-0.07,#VALUE!
PEI (PolyEther Imide),kg,9.768,2.47,"Calculations Delft University of Technology, based on PEF data original data Plastics Europe LCI database, corrected for eco-costs."
PEI (Polyether Imide) co-firing in electrical power plant,kg,0.592,0.04,"energy from stoichiometric calculation, see excel file 'embedded oil, heat of combustion, CO2 emissions and pyrolysis plastics&chemicals.xls' at https://www.ecocostsvalue.com/lca/eol-and-recycling/"
"PEI (Polyether Imide) waste combustion, clean tech, without heat recovery",kg,2.89,0.38,0
PEI (Polyether Imide) waste incineration with electricity,kg,1.626,0.19,0
Pentane blowing agent,kg,2.267,0.45,recalculated from ELCD (proxi)
Peroba FSC/PEFC 750 (kg/m3),kg,0.239,0.05,"for detailed calculations of input data for Simapro, see Ecocosts calculations wood 2022.xlsx at https://www.ecocostsvalue.com/lca/wood-lca-issues/"
Peroba natural forest 750 (kg/m3),kg,3.689,5.41,"for detailed calculations of input data for Simapro, see Ecocosts calculations wood 2022.xlsx at https://www.ecocostsvalue.com/lca/wood-lca-issues/"
Pesticides (unspecified),kg,18.926,4.59,"from ProBas, Umwelt Bundesambt"
PET (Polyethylene terephthalate) chemical upcycled,kg,1.263,0.35,#VALUE!
PET (Polyethylene terephthalate) co-firing in electrical pow,kg,0.4,0.04,"HEATS OF COMBUSTION OF HIGH TEMPERATURE POLYMERS, Richard N. Walters*, Stacey M. Hackett* and Richard E. Lyon"
"PET (Polyethylene terephthalate) waste combustion, clean tech, without heat reco",kg,2.29,0.33,0
PET (Polyethylene terephthalate) waste incineration with ele,kg,1.25,0.17,"HEATS OF COMBUSTION OF HIGH TEMPERATURE POLYMERS, Richard N. Walters*, Stacey M. Hackett* and Richard E. Lyon"
"PET (Polyethylene terephthalate, closed loop chemical upcycl",kg,-0.927,-0.64,#VALUE!
PET 30% glass fibre,kg,1.905,0.78,30% glass fibre from Idemat
PET amorphous,kg,2.051,0.97,Plastics Europe LCI database
PET bottle grade,kg,2.19,0.99,Plastics Europe LCI database
PET polymer pellet production,kg,2.051,0.97,copy Idemat2023 PET amorphous
petrol (85% ethanol),kg,1.355,0.28,mix of Idemat ethanol and petrol
Petrol (excluding combustion),kg,0.815,0.6,"copy Idemat2022 Petrol (excluding combustion), CO2 added"
Petrol including combustion CO2,kg,3.955,1.02,"copy ELCD, water removed because of unaccuracies"
PF (phenol formaldehyde resin),kg,1.356,0.89,"James B. Wilson, 2010, LIFE-CYCLE INVENTORY OF FORMALDEHYDE-BASED RESINS USED IN WOOD COMPOSITES IN TERMS OF RESOURCES, EMISSIONS, ENERGY AND CARBON,  WOOD AND FIBER SCIENCE, MARCH 2010, V. 42(CORRIM SPECIAL ISSUE)"
PHA (Polyhydroxyalkanoates) co-firing in electrical power pl,kg,-2.143,-0.3,"energy from stoichiometric calculation, see excel file 'embedded oil, heat of combustion, CO2 emissions and pyrolysis plastics&chemicals.xls' at https://www.ecocostsvalue.com/lca/eol-and-recycling/"
"PHA (Polyhydroxyalkanoates) waste combustion, clean tech, without heat recovery",kg,0,0.02,0
PHA (Polyhydroxyalkanoates) waste incineration with electric,kg,-1.181,-0.16,"energy from stoichiometric calculation, see excel file 'embedded oil, heat of combustion, CO2 emissions and pyrolysis plastics&chemicals.xls' at https://www.ecocostsvalue.com/lca/eol-and-recycling/"
"PHA (Polyhydroxyalkanoates, biodegradable)",kg,2.606,0.42,#VALUE!
"PHA (Polyhydroxyalkanoates, biodegradeble), chemical upcycle",kg,2.606,0.42,#VALUE!
"PHA, PHB (Polyhydroxyalkanoates), closed loop chemical upcyc",kg,0,0,#VALUE!
PHB (Polyhydroxybutyrate) co-firing in electrical power plan,kg,-2.053,-0.29,"energy from stoichiometric calculation, see excel file 'embedded oil, heat of combustion, CO2 emissions and pyrolysis plastics&chemicals.xls' at https://www.ecocostsvalue.com/lca/eol-and-recycling/"
"PHB (Polyhydroxybutyrate) waste combustion, clean tech, without heat recovery",kg,0,0.02,0
PHB (Polyhydroxybutyrate) waste incineration with electricit,kg,-1.124,-0.15,"energy from stoichiometric calculation, see excel file 'embedded oil, heat of combustion, CO2 emissions and pyrolysis plastics&chemicals.xls' at https://www.ecocostsvalue.com/lca/eol-and-recycling/"
Phenol,kg,1.79,0.28,"data from Plastic Europe, with small correction on ecotoxicity"
Phenolics (Bakelite),kg,1.61,0.88,21% Idemat2023 Formaldehyde + 79% Idemat2023 Phenol
Phenolics (Bakelite) co-firing in electrical power plant,kg,0.178,0.01,"energy from stoichiometric calculation, see excel file 'embedded oil, heat of combustion, CO2 emissions and pyrolysis plastics&chemicals.xls' at https://www.ecocostsvalue.com/lca/eol-and-recycling/"
"Phenolics (Bakelite) waste combustion, clean tech, without heat recovery",kg,2.81,0.4,0
Phenolics (Bakelite) waste incineration with electricity,kg,1.363,0.18,"energy from stoichiometric calculation, see excel file 'embedded oil, heat of combustion, CO2 emissions and pyrolysis plastics&chemicals.xls' at https://www.ecocostsvalue.com/lca/eol-and-recycling/"
"Phorate (O,O-Diethyl S-[(ethylsulfanyl)methyl] phosphorodith",kg,8.207,1.36,"data from: Stout B.A. and Helsel Z.R.. 1987 ""Energy in World Agriculture, Volume 2"" Chapter 7"
Phosphating (Fe s),m2,0.671,0.13,LCA for the spray process iron phosphating. Average process data for 1992 in the Netherlands. 1m2 total area.
Phosphating (Zn i),m2,0.012,0.03,LCA for the immersion process zinc phosphating. Average process data for 1992 in the Netherlands. 1m2 total area. 
Phosphating (Zn s),m2,0.006,0.02,LCA for the spray process zinc phosphating. Average process data for 1992 in the Netherlands. 1m2 total area.
Phosphoric acid,kg,0.469,0.11,LCI data from SPINE project Chalmers University
Phthalic anhydride,kg,2.688,1.17,midpoints calculated from EI data
Phthalic anhydride co-firing in electrical power plant,kg,0.636,0.07,"energy from stoichiometric calculation, see excel file 'embedded oil, heat of combustion, CO2 emissions and pyrolysis plastics&chemicals.xls' at https://www.ecocostsvalue.com/lca/eol-and-recycling/"
"Phthalic anhydride waste combustion, clean tech, without heat recovery",kg,2.38,0.33,0
Phthalic anhydride waste incineration with electricity,kg,1.421,0.19,"energy from stoichiometric calculation, see excel file 'embedded oil, heat of combustion, CO2 emissions and pyrolysis plastics&chemicals.xls' at https://www.ecocostsvalue.com/lca/eol-and-recycling/"
Pineapple (Costa Rica) excl transport,kg,0.047,0.02,"Franziska Stoessel,* Ronnie Juraske, Stephan Pfister, and Stefanie Hellweg ""Life Cycle Inventory and Carbon and Water FoodPrint of Fruits and Vegetables: Application to a Swiss Retailer"
Pitch Pine FSC/PEFC 750 (kg/m3),kg,0.239,0.05,"for detailed calculations of input data for Simapro, see Ecocosts calculations wood 2022.xlsx at https://www.ecocostsvalue.com/lca/wood-lca-issues/"
Pitch Pine natural forest 750 (kg/m3),kg,3.689,7.04,"for detailed calculations of input data for Simapro, see Ecocosts calculations wood 2022.xlsx at https://www.ecocostsvalue.com/lca/wood-lca-issues/"
PLA (Polylactide) co-firing in electrical power plant,kg,-1.548,-0.22,"Litt. https://www.unitika.co.jp/terramac/e/how/#:~:text=The%20heat%20of%20combustion%20of,SOx)%20is%20emitted%20during%20combustion. "
PLA (polylactide) pellet production,kg,3.503,0.53,"copy Idemat2023 PLA (Polylactide, biodegradable)"
"PLA (Polylactide) waste combustion, clean tech, without heat recovery",kg,0,0.02,0
PLA (Polylactide) waste incineration with electricity,kg,-0.851,-0.11,"Litt. https://www.unitika.co.jp/terramac/e/how/#:~:text=The%20heat%20of%20combustion%20of,SOx)%20is%20emitted%20during%20combustion. "
"PLA (Polylactide), closed loop chemical upcycling credit",kg,0,0,#VALUE!
"PLA (Polylactide, biodegradable)",kg,3.503,0.53,#VALUE!
"PLA (Polylactide, starch based biodegradeble plastic), chemi",kg,3.503,0.53,#VALUE!
"plastic waste, collection&sorting",kg,0.091,0.03,0
Plasticizers for concrete,kg,1.88,0.37,from EPD of IBU: Concrete admixtures – Plasticisers and European Federation of Concrete Admixtures Associations Ltd. (EFCA) https://www.vhb-hulpstoffen.nl/assets/files/epd-plasticisers-superplasticisers-final-2021-09-13.pdf
Plastics open loop recycling credit,kg,0,0,#VALUE!
Platan FSC/PEFC 620 (kg/m3),kg,0.199,0.04,"for detailed calculations of input data for Simapro, see Ecocosts calculations wood 2022.xlsx at https://www.ecocostsvalue.com/lca/wood-lca-issues/"
"Platinum, CRM (primary)",kg,13891.603,"141,461.21","ProBas, Umwelt Bundesambt"
"Platinum, CRM (secondary)",kg,1100.054,203.22,"Nuss and Eckelman, 2014, Life Cycle Assessment of Metals: A Scientific Synthesis, PLOS ONE, - supporting information- "
"Platinum, CRM, trade mix (75% prim 25% sec)",kg,10693.716,"106,146.71",JRC report : Towards recycling indicators based on EU flows and raw materials analysis system data. 2018
"Platinum, recycling credit closed loop (88.5% virgin part i",kg,-11320.521,"-125,013.31",#VALUE!
"Plato wood = thermal treated European Spruce, s.g. 420 kg/m3",kg,0.406,0.08,based on confidential data of the manufacturer
Plywood Bamboo (density approx 700 kg/m3),kg,0.229,0.13,#VALUE!
"Plywood, indoor use (softwood 600 kg/m3)",kg,0.639,0.2,from Scots Pine (FSC/PEFC)
"Plywood, outdoor use, Okoumei plantation (500 kg/m3)",kg,0.823,0.26,from Okoumei hardwood (FSC/PEFC)
"PMMA (Acrilylic Polymethyl Methacrylate), closed loop chemic",kg,0.743,-0.44,#VALUE!
PMMA (Polymethyl methacrylate),kg,3.75,1.24,Plastics Europe LCI database
PMMA (Polymethyl methacrylate) chemical upcycled,kg,4.493,0.8,#VALUE!
PMMA (Polymethyl methacrylate) co-firing in electrical power,kg,0.155,0.01,"HEATS OF COMBUSTION OF HIGH TEMPERATURE POLYMERS, Richard N. Walters*, Stacey M. Hackett* and Richard E. Lyon"
"PMMA (Polymethyl methacrylate) waste combustion, clean tech, without heat recove",kg,2.2,0.31,0
PMMA (Polymethyl methacrylate) waste incineration with elect,kg,1.075,0.14,"HEATS OF COMBUSTION OF HIGH TEMPERATURE POLYMERS, Richard N. Walters*, Stacey M. Hackett* and Richard E. Lyon"
Pockwood FSC/PEFC1250 (kg/m3),kg,0.226,0.05,"for detailed calculations of input data for Simapro, see Ecocosts calculations wood 2022.xlsx at https://www.ecocostsvalue.com/lca/wood-lca-issues/"
Pockwood natural forest 1250 (kg/m3),kg,3.676,3.45,"for detailed calculations of input data for Simapro, see Ecocosts calculations wood 2022.xlsx at https://www.ecocostsvalue.com/lca/wood-lca-issues/"
"Polychloroprene (Neoprene , CR) rubber",kg,5.255,1.28,energy from CESedupack
"Polychloroprene (Neoprene, CR) co-firing in electrical power",kg,-0.014,0.5,"energy from stoichiometric calculation, see excel file 'embedded oil, heat of combustion, CO2 emissions and pyrolysis plastics&chemicals.xls' at https://www.ecocostsvalue.com/lca/eol-and-recycling/"
"Polychloroprene (Neoprene, CR) waste combustion, clean tech, without heat recove",kg,1.99,0.8,0
"Polychloroprene (Neoprene, CR) waste incineration with elect",kg,0.888,0.63,"energy from stoichiometric calculation, see excel file 'embedded oil, heat of combustion, CO2 emissions and pyrolysis plastics&chemicals.xls' at https://www.ecocostsvalue.com/lca/eol-and-recycling/"
Polyester (unsaturated resin),kg,2.162,1.28,"Sandra Roos, Magdalena Szpieg (2012) Life Cycle assessment of Z-Bee ( Swerea IVF AB, Sweden )"
Polyester co-firing in electrical power plant,kg,-0.048,-0.02,"energy from stoichiometric calculation, see excel file 'embedded oil, heat of combustion, CO2 emissions and pyrolysis plastics&chemicals.xls' at https://www.ecocostsvalue.com/lca/eol-and-recycling/"
"Polyester waste combustion, clean tech, without heat recovery",kg,2.29,0.33,0
Polyester waste incineration with electricity,kg,1.004,0.14,"energy from stoichiometric calculation, see excel file 'embedded oil, heat of combustion, CO2 emissions and pyrolysis plastics&chemicals.xls' at https://www.ecocostsvalue.com/lca/eol-and-recycling/"
Polyether-polyols,kg,2.875,1.15,Plastics Europe LCI database
Polyether-polyols co-firing in electrical power plant,kg,0.241,0.01,"energy from stoichiometric calculation, see excel file 'embedded oil, heat of combustion, CO2 emissions and pyrolysis plastics&chemicals.xls' at https://www.ecocostsvalue.com/lca/eol-and-recycling/"
"Polyether-polyols waste combustion, clean tech, without heat recovery",kg,2.84,0.4,0
Polyether-polyols waste incineration with electricity,kg,1.41,0.19,"energy from stoichiometric calculation, see excel file 'embedded oil, heat of combustion, CO2 emissions and pyrolysis plastics&chemicals.xls' at https://www.ecocostsvalue.com/lca/eol-and-recycling/"
"POM (Polyoxymethyleen, polyacetaal)",kg,3.2,0.85,Plastics Europe LCI database
POM (Polyoxymethylene) chemical upcycled,kg,4.277,0.65,#VALUE!
"POM (Polyoxymethylene, polyacetaal) co-firing in electrical",kg,0.175,0.01,"HEATS OF COMBUSTION OF HIGH TEMPERATURE POLYMERS, Richard N. Walters*, Stacey M. Hackett* and Richard E. Lyon"
"POM (Polyoxymethylene, Polyacetaal) waste combustion, clean tech, without heat r",kg,1.47,0.21,0
"POM (Polyoxymethylene, Polyacetaal) waste incineration with",kg,0.757,0.1,"HEATS OF COMBUSTION OF HIGH TEMPERATURE POLYMERS, Richard N. Walters*, Stacey M. Hackett* and Richard E. Lyon"
"POM, Acetal (Polyoxymethylene), closed loop chemical upcycli",kg,1.077,-0.21,#VALUE!
Poplar FSC/PEFC 440 (kg/m3),kg,0.199,0.04,"for detailed calculations of input data for Simapro, see Ecocosts calculations wood 2022.xlsx at https://www.ecocostsvalue.com/lca/wood-lca-issues/"
Porcelain,kg,0.42,0.08,"Environmental assessment for the production of porcelain in the Netherlands, situation 1988. Transport of raw materials included."
Pork fresh,kg,2.773,1.88,Danish Food LCA data; Dalgaard and Halberg (2004 and Thrane (2004)
"Potatoe starch, DE",kg,0.631,0.12,"data from ProBas, Umwelt Bundesambt"
Potatoes,kg,0.128,0.09,Danish Food LCA data; Dalgaard and Halberg (2004 and Thrane (2004)
"Potatoes, DE",kg,0.041,0.01,"data from ProBas, Umwelt Bundesambt, plus pesticide proxi"
Powder coating aluminium,m2,3.997,0.95,"confidential manufacturing data, titanium white"
Powder coating steel,m2,3.956,1.03,"confidential manufacturing data, titanium white"
Power sawing (petrol),s,0.002,0,"per hour 1.7 kg Petrol, plus emissions, plus lubricants"
PP (Polypropylene),kg,1.63,1.08,Plastics Europe LCI database
PP (Polypropylene) chemical upcycled,kg,1.876,0.34,#VALUE!
PP (Polypropylene) co-firing in electrical power plant,kg,-0.339,-0.07,"HEATS OF COMBUSTION OF HIGH TEMPERATURE POLYMERS, Richard N. Walters*, Stacey M. Hackett* and Richard E. Lyon"
"PP (Polypropylene) waste combustion, clean tech, without heat recovery",kg,3.14,0.45,0
PP (Polypropylene) waste incineration with electricity,kg,1.227,0.17,"HEATS OF COMBUSTION OF HIGH TEMPERATURE POLYMERS, Richard N. Walters*, Stacey M. Hackett* and Richard E. Lyon"
"PP (Polypropylene), closed loop chemical upcycling credit",kg,0.246,-0.74,#VALUE!
PP GF30,kg,1.513,0.84,30% glass fibre from Idemat
PPS (polyphenylene sulfide),kg,7.166,4.5,midpoints calculated from EI data
PPS co-firing in electrical power plant,kg,0.159,5.92,from literature: HEATS OF COMBUSTION OF HIGH TEMPERATURE POLYMERS
"PPS waste combustion, clean tech, without heat recovery",kg,2.44,6.26,0
PPS waste incineration with electricity,kg,1.185,6.07,"HEATS OF COMBUSTION OF HIGH TEMPERATURE POLYMERS. Richard N. Walters*, Stacey M. Hackett* and Richard E. Lyon"
Praseodymium,kg,39.041,109.72,"Nuss and Eckelman, 2014, Life Cycle Assessment of Metals: A Scientific Synthesis, PLOS ONE, - supporting information- "
pretreatment of cotton,kg,1.725,0.32,"Van der Velden, Patel, Vogtlander,2014. LCA benchmarking study on textiles, made of cotton, polyester, nylon, acryl, or ellastane. Int J of LCA Vol 19 pp 331-356"
"Printing Ink, Black, conventional",kg,1.622,0.61,data in https://www.proquest.com/docview/2311052374?pq-origsite=gscholar&fromopenview=true 
"Printing Ink, Black, UV, inkjet",kg,4.177,1.93,data in https://www.proquest.com/docview/2311052374?pq-origsite=gscholar&fromopenview=true 
"Printing Ink, Magenta, conventional",kg,1.654,0.89,data in https://www.proquest.com/docview/2311052374?pq-origsite=gscholar&fromopenview=true 
"Printing Ink, Magenta, UV, inkjet",kg,4.181,1.97,data in https://www.proquest.com/docview/2311052374?pq-origsite=gscholar&fromopenview=true 
"Printing Ink, Varnish, conventional",kg,2.613,0.97,data in https://www.proquest.com/docview/2311052374?pq-origsite=gscholar&fromopenview=true 
"Printing Ink, White, UV, inkjet",kg,4.089,2.12,data in https://www.proquest.com/docview/2311052374?pq-origsite=gscholar&fromopenview=true 
"Printing of multilayer film, UV, Inkjet",m2,0.022,0.01,"copy D.110.01.109 Idemat2023 Printing per m2 UV, inkjet"
"Printing per m2, 100%, offset, conventional",m2,0.012,0,data from printing company Vrijdag Eindhoven
"Printing per m2, 100%, UV, inkjet",m2,0.022,0.01,data from printing company Vrijdag Eindhoven
"Printing per m2, extra paint varnish layer",m2,0.008,0,data from printing company Vrijdag Eindhoven
"Printing per m2, offset, conventional, electricity only",m2,0.007,0,data from printing company Vrijdag Eindhoven
"Printing per m2, UV, inkjet, electricity only",m2,0.01,0,data from printing company Vrijdag Eindhoven
Propachlor (2-Chloro-N-phenyl-N-(propan-2-yl)acetamide),kg,11.47,1.9,"data from: Stout B.A. and Helsel Z.R.. 1987 ""Energy in World Agriculture, Volume 2"" Chapter 7"
Propanal,kg,3.483,0.56,Sutter J. Life Cycle Inventories of Petrochemical Solvents. Data v2.0. Uster December 2007. Research gate. https://www.researchgate.net/publication/313054728_Life_Cycle_Inventories_of_Petrochemical_Solvents_Data_v20_Uster_2007
Propane,kg,0.35,0.11,0
"Propanil (N-(3,4-Dichlorophenyl)propanamide)",kg,9.008,1.44,"data from: Stout B.A. and Helsel Z.R.. 1987 ""Energy in World Agriculture, Volume 2"" Chapter 7"
Propanol,kg,4.261,0.72,Sutter J. Life Cycle Inventories of Petrochemical Solvents. Data v2.0. Uster December 2007. Research gate. https://www.researchgate.net/publication/313054728_Life_Cycle_Inventories_of_Petrochemical_Solvents_Data_v20_Uster_2007
Propylene,kg,1.44,0.24,0
Propylene ammooxidation,kg,4.104,0.86,Sutter J. Life Cycle Inventories of Petrochemical Solvents. Data v2.0. Uster December 2007. Research gate. https://www.researchgate.net/publication/313054728_Life_Cycle_Inventories_of_Petrochemical_Solvents_Data_v20_Uster_2007
Propylene hydroformylation,kg,7.107,1.06,Sutter J. Life Cycle Inventories of Petrochemical Solvents. Data v2.0. Uster December 2007. Research gate. https://www.researchgate.net/publication/313054728_Life_Cycle_Inventories_of_Petrochemical_Solvents_Data_v20_Uster_2007
"PS (EPS, expandable polystyrene, white)",kg,2.28,1.18,Plastics Europe LCI database
"PS (GPPS, general purpose polystyrene)",kg,2.16,1.16,Plastics Europe LCI database
"PS (HIPS, high impact polysyrene)",kg,2.25,1.18,Plastics Europe LCI database
PS (Polystyrene) chemical upcycled,kg,2.481,0.37,#VALUE!
PS (Polystyrene) co-firing in electrical power plant,kg,-0.042,-0.03,"HEATS OF COMBUSTION OF HIGH TEMPERATURE POLYMERS, Richard N. Walters*, Stacey M. Hackett* and Richard E. Lyon"
"PS (Polystyrene) waste combustion, clean tech, without heat recovery",kg,3.38,0.48,0
PS (Polystyrene) waste incineration with electricity,kg,1.498,0.2,"HEATS OF COMBUSTION OF HIGH TEMPERATURE POLYMERS, Richard N. Walters*, Stacey M. Hackett* and Richard E. Lyon"
"PS (Polystyrene), closed loop chemical upcycle credit",kg,0.321,-0.79,#VALUE!
"PTFE (Teflon), chemical upcycled",kg,10.669,1.68,#VALUE!
"PTFE (Teflon, Polytetrafluoroethylene)",kg,9.415,1.99,#VALUE!
"PTFE (Teflon, Polytetrafluoroethylene) co-firing in electric",kg,0.334,0.04,"HEATS OF COMBUSTION OF HIGH TEMPERATURE POLYMERS, Richard N. Walters*, Stacey M. Hackett* and Richard E. Lyon"
"PTFE (Teflon, Polytetrafluoroethylene) waste incineration wi",kg,0.58,0.08,"HEATS OF COMBUSTION OF HIGH TEMPERATURE POLYMERS, Richard N. Walters*, Stacey M. Hackett* and Richard E. Lyon"
"PTFE (Teflon, Polytetrafluoroethylene) waste incineration with electricity",kg,0.88,0.12,0
"PTFE, Teflon (Polytetrafluoroethylene), closed loop chemical",kg,1.254,-0.31,#VALUE!
PTT (Polyltrimethylene terephthalate),kg,3.324,0.92,#VALUE!
PTT (Polyltrimethylene terephthalate) co-firing in electrica,kg,-0.18,-0.04,"HEATS OF COMBUSTION OF HIGH TEMPERATURE POLYMERS, Richard N. Walters*, Stacey M. Hackett* and Richard E. Lyon"
"PTT (Polyltrimethylene terephthalate) waste combustion, clean tech, without heat",kg,1.71,0.24,0
PTT (Polyltrimethylene terephthalate) waste incineration wit,kg,0.67,0.09,"HEATS OF COMBUSTION OF HIGH TEMPERATURE POLYMERS, Richard N. Walters*, Stacey M. Hackett* and Richard E. Lyon"
"PTT (Polyltrimethylene terephthalate), chemical upcycled",kg,4.117,0.62,#VALUE!
"PTT (Polyltrimethylene terephthalate), closed loop chemical",kg,0.793,-0.31,#VALUE!
PU (Polyurethane) co-firing in electrical power plant,kg,0.115,0,#VALUE!
PU (polyurethane) rubber for shoe soles,kg,4.646,1.43,"Idemat2023 Polyether-polyols + Idemat2023 MDI, percentages of the mix are confidential data from a Dutch shoe manufacturer: "
"PU (Polyurethane) waste combustion, clean tech, without heat recovery",kg,2.69,0.38,0
PU (Polyurethane) waste incineration with electricity,kg,1.274,0.17,#VALUE!
"PUR (Polyethane), closed loop chemical upcycling credit",kg,0.484,-0.59,#VALUE!
PUR (Polyurethane) chemical upcycled,kg,3.882,0.67,#VALUE!
PUR (Polyurethane) co-firing in electrical power plant,kg,0.115,-0.01,#VALUE!
"PUR (Polyurethane) waste combustion, clean tech, without heat recovery",kg,2.69,0.38,0
PUR (Polyurethane) waste incineration with electricity,kg,1.274,0.16,#VALUE!
PUR flex. block foam TDI,kg,3.398,1.26,34% Idemat2023 TDI + 68% Idemat2023 Polyether-polyols + 7.5% Idemat2023 Pentane blowing agent
PUR flex. moulded TDI,kg,3.382,1.26,Plastics Europe LCI database
PUR flex. moulded TDI with flame retardant,kg,3.561,1.1,Plastics Europe LCI database
PUR flex. moulded. MDI,kg,3.266,1.27,Plastics Europe LCI database
PUR rigid foam MDI,kg,3.201,1.23,62% Idemat2023 MDI + 39% Idemat2023 Polyether-polyols + 6% Idemat2023 Pentane blowing agent
Purpleheart FSC/PEFC 850 (kg/m3),kg,0.225,0.05,"for detailed calculations of input data for Simapro, see Ecocosts calculations wood 2022.xlsx at https://www.ecocostsvalue.com/lca/wood-lca-issues/"
Purpleheart natural forest 850 (kg/m3),kg,3.675,4.84,"for detailed calculations of input data for Simapro, see Ecocosts calculations wood 2022.xlsx at https://www.ecocostsvalue.com/lca/wood-lca-issues/"
PV cell,m2,412.927,93.77,calculated from PV panel (in Idemat sector Electricity per fuel)
PV panel (irradiation 1100 kWh per m2 ) in MJ,MJ,0.025,0.01,Litt. D. Yang at al. Life-cycle assessment of China's multi-crystalline silicon photovoltaic modules considering international tradeJournal of Cleaner Production 94 (2015) 35-45 (Scenario 2 and 3: data per kWp)
PVB (Polyvinyl butyral),kg,2.334,0.98,equals Idemat2023 PVA
PVC (Polyvinylchloride emulsion polymerised),kg,2.22,0.77,Plastics Europe LCI database
PVC (Polyvinylchloride suspension polymerised),kg,1.99,0.71,Plastics Europe LCI database
PVC (Polyvinylchloride) chemical upcycled,kg,2.387,0.43,#VALUE!
PVC (Polyvinylchloride) co-firing in electrical power plant,kg,-0.138,-0.03,#VALUE!
PVC (Polyvinylchloride) waste incineration with electricity,kg,0.559,0.07,#VALUE!
"PVC (Polyvinylchloride), closed loop chemical upcycling cred",kg,0.351,-0.29,#VALUE!
"PVC (Polyvinylchloride, trade mix)",kg,2.036,0.72,"80% suspension polymerised, 20% emulsion polymerised"
PVDC (Polyvinyliden chloride),kg,4.577,3.63,Plastics Europe LCI database
PVDC (Polyvinyliden chloride) co-firing in electrical power,kg,0.063,0.95,"energy from stoichiometric calculation, see excel file 'embedded oil, heat of combustion, CO2 emissions and pyrolysis plastics&chemicals.xls' at https://www.ecocostsvalue.com/lca/eol-and-recycling/"
"PVDC (Polyvinyliden chloride) waste combustion, clean tech, without heat recover",kg,0.91,1.08,0
PVDC (Polyvinyliden chloride) waste incineration with electr,kg,0.444,1.01,"energy from stoichiometric calculation, see excel file 'embedded oil, heat of combustion, CO2 emissions and pyrolysis plastics&chemicals.xls' at https://www.ecocostsvalue.com/lca/eol-and-recycling/"
"PVOH (Polyvinyl alcohol) and PVA (Polyvinyl acetate, wood gluel)",kg,3.251,1.33,EPD info http://cpmdatabase.cpm.chalmers.se/Scripts/sheet.asp?AcId=ancpny0011155
PVOH (PVA) co-firing in electrical power plant,kg,0.265,0.02,from literature: HEATS OF COMBUSTION OF HIGH TEMPERATURE POLYMERS
"PVOH (PVA) waste combustion, clean tech, without heat recovery",kg,2,0.28,0
PVOH (PVA) waste incineration with electricity,kg,1.047,0.14,"HEATS OF COMBUSTION OF HIGH TEMPERATURE POLYMERS, Richard N. Walters*, Stacey M. Hackett* and Richard E. Lyon"
PZT Piezo-electric ceramic,kg,222.777,66.51,#VALUE!
Quicklime,kg,2.513,0.48,0
R-1234 yf,kg,0.093,0.3,"data from: A. Baral, R. Minjares and R. A. Urban, ""Upstream climate impacts from production of R-134a and R-1234yf refrigerants used in mobile air conditioning systems"", The International Council on Clean Transportation, 2013."
R-134a,kg,0.034,0.22,"data from: A. Baral, R. Minjares and R. A. Urban, ""Upstream climate impacts from production of R-134a and R-1234yf refrigerants used in mobile air conditioning systems"", The International Council on Clean Transportation, 2013."
R-744 (CO2),kg,0.482,0.08,"copy from A.030.04.102 Idemat Carbon dioxide, liquid "
Radiata Pine FSC/PEFC 450 (kg/m3),kg,0.397,0.1,"for detailed calculations of input data for Simapro, see Ecocosts calculations wood 2022.xlsx at https://www.ecocostsvalue.com/lca/wood-lca-issues/"
Radish fresh from greenhouse,kg,4.513,0.72,"Franziska Stoessel,* Ronnie Juraske, Stephan Pfister, and Stefanie Hellweg ""Life Cycle Inventory and Carbon and Water FoodPrint of Fruits and Vegetables: Application to a Swiss Retailer"
"Rape cake, Europe",kg,0.197,0.15,#VALUE!
"Rape oil, Europe",kg,0.608,0.47,"Fridrihsone et al. ""Environmental Life Cycle Assessment of Rapeseed and Rapeseed Oil Produced in Northern Europe: A Latvian Case Study"" Sustainability 2020, 12, 5699; doi:10.3390/su12145699 "
Recycled borosilicate glass (Pyrex),kg,1.083,0.19,"no loss of materials and 2.5% less energy per 10% recycled (=25% less energy), see https://www.gpi.org/glass-recycling-facts, plus extra transport"
Recycled silica glass,kg,2.455,0.42,"no loss of materials and 2.5% less energy per 10% recycled (=25% less energy), see https://www.gpi.org/glass-recycling-facts, plus extra transport"
Recycling mixed polymer,kg,0.399,0.07,Recycling of (soft) polymer mixtures with a contamination of 10%.  All processes from collection to granulate included. Data still valid.
Red cabbage fresh,kg,0.14,0.05,"Franziska Stoessel,* Ronnie Juraske, Stephan Pfister, and Stefanie Hellweg ""Life Cycle Inventory and Carbon and Water FoodPrint of Fruits and Vegetables: Application to a Swiss Retailer"
"Red Cedar, Western 370 (kg/m3)",kg,0.396,0.1,"for detailed calculations of input data for Simapro, see Ecocosts calculations wood 2022.xlsx at https://www.ecocostsvalue.com/lca/wood-lca-issues/"
"Red Clay Brick, for housing and roads, packed",kg,0.278,0.04,"EPD from IBU, Bricks Wienerberger AS, Bratsberg, Norway http://wpp.cobuilder.com/DocumentHandler?suppliername=wienerberger-as&name=bricks&params=0A85935177D4B950510500B3609B0A186E119C689058EDCDBADF62964C9D2903"
Red oak FSC/PEFC 700 (kg/m3),kg,0.275,0.07,"for detailed calculations of input data for Simapro, see Ecocosts calculations wood 2022.xlsx at https://www.ecocostsvalue.com/lca/wood-lca-issues/"
"Revap LNG (liquified natural gas) from US in EU for heat, ex",kg,1.023,0.19,#VALUE!
Rhenium,kg,798.944,"5,908.97","Nuss and Eckelman, 2014, Life Cycle Assessment of Metals: A Scientific Synthesis, PLOS ONE, - supporting information- . Table S38. hardly no recycling, no data in RMIS – Raw Materials Information System, assesed 2023-07-13"
"Rhodium, CRM (primary)",kg,30427.831,"298,832.78","ProBas, Umwelt Bundesambt"
"Rhodium, CRM (secondary)",kg,3106.034,573.8,"Nuss and Eckelman, 2014, Life Cycle Assessment of Metals: A Scientific Synthesis, PLOS ONE, - supporting information- "
"Rhodium, CRM, trade mix (64% prim 36% sec)",kg,20591.984,"191,459.55",JRC report : Towards recycling indicators based on EU flows and raw materials analysis system data. 2018
"Rhodium, recycling credit closed loop (91% virgin part in t",kg,-24862.835,"-271,415.67",#VALUE!
"Rigid Polymer Foam, co-firing in electrical power plant",kg,-0.494,-0.09,"CO2 emmssions from combustion and credits for the delivered energy, see Idemat2022 PE (Polyethylene) co-firing in electrical power plant"
"Rigid Polymer Foam, waste incineration with electricity",kg,1.141,0.16,"CO2 emmssions from combustion and credits for the delivered energy, see Idemat2023 PE (Polyethylene) waste incineration with electricity"
Roasting chicken (3 MJe per kg product),kg,0.282,0.07,0
Robinia FSC/PEFC 740 (kg/m3),kg,0.237,0.05,"for detailed calculations of input data for Simapro, see Ecocosts calculations wood 2022.xlsx at https://www.ecocostsvalue.com/lca/wood-lca-issues/"
Rolling aluminium foil,kg,0.997,0.17,LCA for  rolling of  aluminium foil 7-12um. 
Rolling aluminium sheet,kg,0.829,0.14,LCA for  rolling of sheet aluminium typically for AlMg0.4Si1.2
Rolling brass,kg,0.442,0.08,LCA for the production of brass sheet. Average data for the Netherlands 1990.
Rolling steel,kg,0.887,0.16,electricity 9.6 MJ per kg
Rolls fresh,kg,0.666,0.4,Danish Food LCA data; Dalgaard and Halberg (2004 and Thrane (2004)
Roof tiles,kg,0.361,0.05,"from EPD of IBU: ""Tondachziegel"" CREATON AG, Werk Dorfen/Bayern"
Rosin,kg,6.682,1.2,0
"Rosin (from wood, pine) waste combustion, clean tech, without heat recovery",kg,0,0.01,0
"Rosin (from wood, pine) waste incineration with electricity",kg,-1.124,-0.16,"energy from stoichiometric calculation, see excel file 'embedded oil, heat of combustion, CO2 emissions and pyrolysis plastics&chemicals.xls' at https://www.ecocostsvalue.com/lca/eol-and-recycling/"
S355J2G1W,kg,0.904,0.22,mix of the Idemat data of the basic metals
Samarium,kg,120.114,144.44,"Nuss and Eckelman, 2014, Life Cycle Assessment of Metals: A Scientific Synthesis, PLOS ONE, - supporting information- "
SAN (Styrene-acrylonitrile copolymer),kg,2.96,1.25,Plastics Europe LCI database
Sand,kg,0.002,0,"LCA for sand in the Netherlands. Average data. Book: LCA based assessment of sustainability: the eco-costs/value ratio (EVR) 2010 Vogtlander J. published by DAP, Delft. Section 9"
"Sand-lime bricks, light (600 kg/m3)",kg,0.134,0.02,from EPD of IBU: Kalksandsteine Bundesverband Kalksandsteinindustrie e.V. http://bau-umwelt.de/download/CY17753788X13944544aa2XY513c/EPD_BKS_2009111_D.pdf 
Sapelli FSC/PEFC 650 (kg/m3),kg,0.243,0.06,"for detailed calculations of input data for Simapro, see Ecocosts calculations wood 2022.xlsx at https://www.ecocostsvalue.com/lca/wood-lca-issues/"
Sapelli natural forest 650 (kg/m3),kg,3.693,8.07,"for detailed calculations of input data for Simapro, see Ecocosts calculations wood 2022.xlsx at https://www.ecocostsvalue.com/lca/wood-lca-issues/"
Sapupira FSC/PEFC 1075 (kg/m3) wet,kg,0.226,0.05,"for detailed calculations of input data for Simapro, see Ecocosts calculations wood 2022.xlsx at https://www.ecocostsvalue.com/lca/wood-lca-issues/"
Sapupira natural forest 1075 (kg/m3) wet,kg,2.665,3.78,"for detailed calculations of input data for Simapro, see Ecocosts calculations wood 2022.xlsx at https://www.ecocostsvalue.com/lca/wood-lca-issues/"
Sawing Al. band saw,m,0.406,0.07,specific manufacturer: energy 2.965 MJ per m
Sawing Al. circular saw,m,0.811,0.14,specific manufacturer: energy 5.93 MJ per m
SBR (Styrene butadiene rubber),kg,3.462,1.3,Idemat2023 PB (Polybutadiene) + Idemat2023 Styrene + 25% Idemat2023 Carbon black
SBR (Styrene butadiene rubber) co-firing in electrical power,kg,0.158,0,"energy from stoichiometric calculation, see excel file 'embedded oil, heat of combustion, CO2 emissions and pyrolysis plastics&chemicals.xls' at https://www.ecocostsvalue.com/lca/eol-and-recycling/"
"SBR (Styrene butadiene rubber) waste combustion, clean tech, without heat recove",kg,3.45,0.5,0
SBR (Styrene butadiene rubber) waste incineration with elect,kg,1.64,0.22,"energy from stoichiometric calculation, see excel file 'embedded oil, heat of combustion, CO2 emissions and pyrolysis plastics&chemicals.xls' at https://www.ecocostsvalue.com/lca/eol-and-recycling/"
Scandium,kg,8.872,"3,540.13","Nuss and Eckelman, 2014, Life Cycle Assessment of Metals: A Scientific Synthesis, PLOS ONE, - supporting information- "
Scots pine FSC/PEFC 520 (kg/m3),kg,0.192,0.04,"for detailed calculations of input data for Simapro, see Ecocosts calculations wood 2022.xlsx at https://www.ecocostsvalue.com/lca/wood-lca-issues/"
Scouring aluminium,kg,0.851,0.15,electricity 6.22 MJ per kilogram removed materia
"Scrap separation Mn, Fe, Cu, Ni and Zn",kg,0.013,0,0
"Scrap, collection&sorting (alum.)",kg,0.046,0.01,0
"Scrap, collection&sorting (copper)",kg,0.046,0.01,0
"Scrap, collection&sorting (iron and glass)",kg,0.03,0.01,0
"Scrap, collection&sorting (other non-ferro metals)",kg,0.091,0.03,0
"Scrap, collection&sorting (Pb)",kg,0.076,0.02,0
"Scrap, collection&sorting (Stainless st)",kg,0.091,0.03,0
Seam welding Al. 0.25,m,2.704,0.47,"Continuous welding process, aluminium sheet  0.25 mm (x2); energy 19.765 MJ per meter joint; no emissions available"
Seam welding Al. 1.5,m,8.651,1.5,"Continuous welding process, aluminium sheet 1.5  mm (x2); energy 63.248 MJ per meter joint; no emissions available."
Seam welding Al. 2.5,m,12.436,2.16,"Continuous welding process, aluminium sheet 2.5  mm (x2); energy 90.92 MJ per meter joint; no emissions available"
"Semichemical fluting, FSC",kg,0.431,0.1,"data from FEFCO 2022 database, data from 2021, https://www.fefco.org/lca Annex 1 assessed july 2022"
"Semichemical fluting, wood waste based",kg,0.431,0.1,"data from FEFCO 2022 database, data from 2021, https://www.fefco.org/lca Annex 1 assessed july 2022"
Shaving hardwood per kg dry mass removed,kg,0.821,0.14,"CES Edupack data ""across the grain"" "
Shaving softwood per kg dry mass removed,kg,0.616,0.11,"CES Edupack data ""across the grain"" "
Shrimps fresh,kg,2.736,0.74,Danisch food study update by Delft University of Technology
Shrimps frozen,kg,9.458,2.46,Danisch food study update by Delft University of Technology
Silica glass,kg,2.743,0.46,no LCA data are available. It makes sense to set the environmental data equal to the data on ceramic glass as a proxi
Silicagel,kg,3.454,0.52,"Roes, Tabak, Shen, Nieuwlaar, Patel. August 2010. Influence of using nanoobjects as filler on functionality-based energy use of nanocomposites.  Journal of Nanoparticle Research 12(6):2011-2028"
Silicon (metallurgical) for steel,kg,5.429,1.97,#VALUE!
"Silicon (purified) for electronics and PV cells, gross",kg,213.888,51.59,#VALUE!
Silicon carbide,kg,17.269,3.66,production energy from CESedupack
Silicon Nitride,kg,3.394,1.21,"heating to 1400 - 1500 degrees, specific heat between 670 and 700 J/kg, use electricity (like sintering). Note that the reaction as such is exotherm"
Silicone rubber (PDMS),kg,7.28,1.84,"Litt. Bernd Brandt, Evelin Kletzer, Harald Pilz, Dariya Hadzhiyska, Peter Seizov. Silicon-Chemistry Carbon Balance An assessment of Greenhouse GasEmissions and Reductions. Section 3, Table 2 and Fig. 2."
Silicone rubber co-firing in electrical power plant,kg,0.248,0.02,"energy from stoichiometric calculation, see excel file 'embedded oil, heat of combustion, CO2 emissions and pyrolysis plastics&chemicals.xls' at https://www.ecocostsvalue.com/lca/eol-and-recycling/"
"Silicone rubbers combustion, clean tech, without heat recovery",kg,1.91,0.27,0
Silicone rubbers waste incineration with electricity,kg,0.996,0.13,"energy from stoichiometric calculation, see excel file 'embedded oil, heat of combustion, CO2 emissions and pyrolysis plastics&chemicals.xls' at https://www.ecocostsvalue.com/lca/eol-and-recycling/"
Silver (primary),kg,123.699,713.14,"ProBas, Umwelt Bundesambt"
Silver (secondary),kg,14.374,3.05,"Nuss and Eckelman, 2014, Life Cycle Assessment of Metals: A Scientific Synthesis, PLOS ONE, - supporting information- "
Silver fir FSC/PEFC 450 (kg/m3),kg,0.237,0.05,"for detailed calculations of input data for Simapro, see Ecocosts calculations wood 2022.xlsx at https://www.ecocostsvalue.com/lca/wood-lca-issues/"
Silver trade mix (81% prim 19% sec),kg,102.927,578.22,JRC report : Towards recycling indicators based on EU flows and raw materials analysis system data. 2018
"Silver, recycling credit closed loop (45% virgin part trade",kg,-49.196,-319.54,#VALUE!
Simmon/Persimmon FSC/PEFC 835 (kg/m3),kg,0.219,0.05,"for detailed calculations of input data for Simapro, see Ecocosts calculations wood 2022.xlsx at https://www.ecocostsvalue.com/lca/wood-lca-issues/"
SMC and DMC 25% GL,kg,1.493,0.46,Idemat data mix
SMC and DMC 50% GL,kg,1.436,0.44,Idemat data mix
SMC co-firing in electrical power plant,kg,0.319,0.03,CO2 emissions from combustion and credits for the delivered energy -17.2 MJth gas
"SMC waste combustion, clean tech, without heat recovery",kg,1.72,0.24,0
SMC waste incineration with electricity,kg,1.019,0.14,CO2 emissions from combustion and credits for the delivered energy -8.6 MJth gas
"SmCo (1:5) magnet, 20 MGOe",kg,53.654,78.88,"Cullit BV and Graham CD. Introducttion to magnetic materials 2nd edition, Wiley"
"Sodium Carbonate (soda, Na2CO3)",kg,1.139,0.24,0
Sodium Chloride (US),kg,0.161,0.03,0
"Sodium Chloride, NaCl (plasticseurope)",kg,0.06,0.02,0
Sodium Chlorite,kg,0.06,0.02,0
Sodium cocoamphoacetate,kg,3.381,0.5,#VALUE!
Sodium cumene sulphonate,kg,1.723,0.26,#VALUE!
Sodium Cumenesulphonate,kg,2.211,1.47,0
Sodium dodecylbenzenesulfonate,kg,1.736,0.26,0
Sodium Hydroxide (US 2011),kg,0.738,0.13,0
"Sodium Hydroxide, NaOH (average of USLCI, Plasticseurope, EU",kg,0.749,0.15,0
"Sodium Hydroxide, NaOH (European Chlor-Alkali Industry 2022)",kg,0.65,0.14,0
"Sodium Hydroxide, NaOH (Plasticseurope 2013)",kg,0.86,0.16,0
"Sodium Hypochlorite, NaOCl (European Chlor-Alkali Industry 2",kg,0.63,0.13,0
"Sodium Hypochlorite, NaOCl (Plasticseurope 2013)",kg,0.93,0.18,0
Sodium Silicate,kg,1.304,0.2,"Matthias Fawer, Martin Concannon, Wolfram Rieber. 1999. Life Cycle Inventories for the Production of Sodium Silicates. Int. J. LCA 4 (4) 207-212 (1999)"
Sodium Sulphate,kg,3.457,0.52,"Roes, Tabak, Shen, Nieuwlaar, Patel. August 2010. Influence of using nanoobjects as filler on functionality-based energy use of nanocomposites.  Journal of Nanoparticle Research 12(6):2011-2028"
"Softwood 0% MC, co-firing in electrical power plant",kg,-1.744,-0.24,credits for the delivered energy -21.4 MJth gas
"Softwood 0% MC, combustion in small elec. power plant",kg,-1.222,-0.17,credits for the delivered energy -15.0 MJth gas
"Softwood 12% MC, co-firing in electrical power plant",kg,-1.507,-0.21,credits for the delivered energy -18.5 MJth gas
"Softwood 12% MC, combustion in small elec. power plant",kg,-1.055,-0.14,credits for the delivered energy -12.95 MJth gas
"Softwood, 0%MC, waste incineration with electricity",kg,-0.959,-0.13,credits for the delivered energy -11.77 MJth gas
"Softwood, 12%MC, waste incineration with electricity",kg,-0.831,-0.11,credits for the delivered energy -10.2 MJth gas
"Softwood, fresh, 50% MC, co-firing in electrical power plant",kg,-0.766,-0.1,credits for the delivered energy -9.4 MJth gas
"Softwood, fresh, 50% MC, combustion in small elec. power pla",kg,-0.536,-0.06,credits for the delivered energy -9.4 MJth gas
"Softwood,fresh, 50%MC, waste incineration with electricity",kg,-0.424,-0.05,credits for the delivered energy -5.2 MJth gas
solder Lead Tin/Lead 60/40 (normal),kg,10.818,17.67,LCA of components with Idemat LCIs
"solder leadfree electronic industry (Ag3.9, Cu0.6)",kg,20.048,49.21,LCA of components with Idemat LCIs
solder Tin/Lead 63/37 solder electronic industry,kg,11.264,18.43,LCA of components with Idemat LCIs
"Solvent based paint, transparent, incl evaporation solvent",kg,3.742,2.11,"data from: ""Life-cycle assessment of Architectural coatings"", Coatings Tech, may 2021"
"Solvent based paint, white, incl evaporation solvent",kg,4.363,3.44,"data from: ""Life-cycle assessment of Architectural coatings"", Coatings Tech, may 2021"
Sorona (PTT) biobased,kg,3.324,0.92,"copy Idemat2023 PTT (Polyltrimethylene terephthalate), confidential Dupont report (University of Utrecht plus De;lft University of Technology)"
Soy meal at coast Brazil,kg,5.936,1.58,#VALUE!
Soy meal at coast USA,kg,0.487,0.11,#VALUE!
"Soy oil, refined at coast Brazil",kg,6.182,1.65,#VALUE!
"Soy oil, refined at coast USA",kg,0.511,0.11,#VALUE!
"Soybean grain, harvested and transported to coast Brazil",kg,5.676,1.53,#VALUE!
"Soybean grain, harvested and transported to coast USA",kg,0.335,0.08,#VALUE!
Soybean oil from Brazil in Rotterdam,kg,6.237,1.66,#VALUE!
Soybean oil from USA in Rotterdam,kg,0.558,0.13,#VALUE!
"Soybean oil, crude, degummed at coast Brazil",kg,5.94,1.58,#VALUE!
"Soybean oil, crude, degummed at coast USA",kg,0.488,0.11,#VALUE!
Spinac fresh,kg,0.322,0.48,copy agri-footprint
spinning cotton 100 dtex,kg,4.973,0.86,"Van der Velden, Patel, Vogtlander,2014. LCA benchmarking study on textiles, made of cotton, polyester, nylon, acryl, or ellastane. Int J of LCA Vol 19 pp 331-356"
spinning cotton 150 dtex,kg,3.314,0.58,"Van der Velden, Patel, Vogtlander,2014. LCA benchmarking study on textiles, made of cotton, polyester, nylon, acryl, or ellastane. Int J of LCA Vol 19 pp 331-356"
spinning cotton 200 dtex,kg,2.487,0.43,"Van der Velden, Patel, Vogtlander,2014. LCA benchmarking study on textiles, made of cotton, polyester, nylon, acryl, or ellastane. Int J of LCA Vol 19 pp 331-356"
spinning cotton 300 dtex,kg,1.659,0.29,"Van der Velden, Patel, Vogtlander,2014. LCA benchmarking study on textiles, made of cotton, polyester, nylon, acryl, or ellastane. Int J of LCA Vol 19 pp 331-356"
spinning cotton 400 dtex,kg,1.246,0.22,"Van der Velden, Patel, Vogtlander,2014. LCA benchmarking study on textiles, made of cotton, polyester, nylon, acryl, or ellastane. Int J of LCA Vol 19 pp 331-356"
spinning cotton 45 dtex,kg,11.05,1.92,"Van der Velden, Patel, Vogtlander,2014. LCA benchmarking study on textiles, made of cotton, polyester, nylon, acryl, or ellastane. Int J of LCA Vol 19 pp 331-356"
spinning cotton 500 dtex,kg,0.995,0.17,"Van der Velden, Patel, Vogtlander,2014. LCA benchmarking study on textiles, made of cotton, polyester, nylon, acryl, or ellastane. Int J of LCA Vol 19 pp 331-356"
spinning cotton 70 dtex,kg,7.106,1.23,"Van der Velden, Patel, Vogtlander,2014. LCA benchmarking study on textiles, made of cotton, polyester, nylon, acryl, or ellastane. Int J of LCA Vol 19 pp 331-356"
spinning extruder polymer filaments (80 - 500 dtex),kg,0.942,0.17,"Van der Velden, Patel, Vogtlander,2014. LCA benchmarking study on textiles, made of cotton, polyester, nylon, acryl, or ellastane. Int J of LCA Vol 19 pp 331-356"
spinning viscose fibres (80-500 dtex),kg,0.227,0.04,"Van der Velden, Patel, Vogtlander,2014. LCA benchmarking study on textiles, made of cotton, polyester, nylon, acryl, or ellastane. Int J of LCA Vol 19 pp 331-356"
Spot welding Al. 0.5,p,0.027,0,"Spot  welding process, aluminium sheet 0.5  mm (x2); energy 0.198 MJ per weld; no emissions available"
Spot welding Al. 1,p,0.054,0.01,"Spot  welding process, aluminium sheet 1  mm (x2); energy 0.3953 MJ per weld; no emissions available"
Spot welding Al. 1.5,p,0.108,0.02,"Spot  welding process, aluminium sheet 1.5  mm (x2); energy 0.791 MJ per weld; no emissions available"
Spot welding Al. 3,p,0.254,0.04,"Spot  welding process, aluminium sheet 3 mm (x2); energy 1.858 MJ per weld; no emissions available"
"Spruce, European FSC/PEFC 460 (kg/m3)",kg,0.166,0.03,"for detailed calculations of input data for Simapro, see Ecocosts calculations wood 2022.xlsx at https://www.ecocostsvalue.com/lca/wood-lca-issues/"
St13,kg,0.904,0.22,mix of the Idemat data of the basic metals
St14,kg,0.904,0.22,mix of the Idemat data of the basic metals
"Stainless Steel (secondary), average",kg,1.935,0.45,energy from CESedupack
Starch PBS 50%-50% (Polybutylene succinate) co-firing in ele,kg,-1.385,-0.19,https://en.wikipedia.org/wiki/Starch
"Starch PBS 50%-50% (Polybutylene succinate) waste combustion, clean tech, withou",kg,0,0.01,0
Starch PBS 50%-50% (Polybutylene succinate) waste incinerati,kg,-0.762,-0.1,https://en.wikipedia.org/wiki/Starch
Starch-PBS 50%-50% blend biodegradeble plastic chemical upcy,kg,2.192,0.38,#VALUE!
"Starch-PBS 50%-50% blend biodegradeble plastic, closed loop",kg,0,0,#VALUE!
Steel (21% sec = standard mix average) EU hot rolled coil,kg,0.931,0.22,"copy from ELCD Steel hot rolled coil, blast furnace route, prod. mix, thickness 2-7 mm, width 600-2100 mm RER S"
"Steel (secondary), beams, sheet",kg,0.645,0.12,"steel beams Germany electrosteel, from EPD of IBU 2021 (by Gabi). Structural section steel CELSA Group https://epd-online.com/EmbeddedEpdList/Download/12971"
"Steel beams, pipes, sheet (from trade mix 44% recycled)",kg,0.848,0.19,market mix in the Netherlands
Steel hot rolled sheet USA,kg,2.305,0.52,"calculated from USLCI Hot rolled sheet, steel, at plant, RNA"
"Steel, recycling credit closed loop (56% virgin part in trad",kg,-0.16,-0.06,#VALUE!
Sterculia/Niangon FSC/PEFC 700 (kg/m3),kg,0.354,0.07,"for detailed calculations of input data for Simapro, see Ecocosts calculations wood 2022.xlsx at https://www.ecocostsvalue.com/lca/wood-lca-issues/"
Sterculia/Niangon natural forest 700 (kg/m3),kg,3.804,4.04,"for detailed calculations of input data for Simapro, see Ecocosts calculations wood 2022.xlsx at https://www.ecocostsvalue.com/lca/wood-lca-issues/"
Stoneware,kg,0.41,0.08,"Environmental assessment for the production of sanitary ware in the  Netherlands, situation 2000. Transport of raw materials included."
stonewool,kg,1.269,0.23,from EPD of IBU: Rockwool (by thinkstep) 2018
Strawberry (Switserland) excl transport,kg,0.221,0.07,"Franziska Stoessel,* Ronnie Juraske, Stephan Pfister, and Stefanie Hellweg ""Life Cycle Inventory and Carbon and Water FoodPrint of Fruits and Vegetables: Application to a Swiss Retailer"
Strontium,kg,4.817,1.39,"Nuss and Eckelman, 2014, Life Cycle Assessment of Metals: A Scientific Synthesis, PLOS ONE, - supporting information- . Table S38. hardly no recycling, no data in RMIS – Raw Materials Information System, assesed 2023-07-13"
Styrene,kg,2.09,0.31,"data from Plastic Europe, with small correction on ecotoxicity"
Sugar (in kg bag),kg,1.024,0.37,0
Sulphur,kg,0,0,"is waste from refineries and power plantes, so no eco-costs (""cut-off""at the waste stockpile)"
Sulphuric acid,kg,0.089,0.02,#VALUE!
Supermalloy,kg,9.438,21.29,mix of the Idemat data of the basic metals + extra melting energy
Sycamore FSCA.160.05.128/PEFC 615 (kg/m3),kg,0.307,0.07,"for detailed calculations of input data for Simapro, see Ecocosts calculations wood 2022.xlsx at https://www.ecocostsvalue.com/lca/wood-lca-issues/"
Tantalum (EoL-RIR = 87%),kg,202.641,"1,363.01","LCI from ProBas, Umwelt Buindesambt. 1% recycled. Litt. recycle rate EoL-RIR from erostat data or report JRC, Towards Recycling Indicators based on EU flows and Raw Materials System Analysis data. 2018"
Tchitola FSC/PEFC 630 (kg/m3),kg,0.245,0.06,"for detailed calculations of input data for Simapro, see Ecocosts calculations wood 2022.xlsx at https://www.ecocostsvalue.com/lca/wood-lca-issues/"
Tchitola natural forest 630 (kg/m3),kg,3.695,5.85,"for detailed calculations of input data for Simapro, see Ecocosts calculations wood 2022.xlsx at https://www.ecocostsvalue.com/lca/wood-lca-issues/"
TDI (toluene diisocyanate),kg,3.14,1.01,Plastics Europe LCI database
TDI co-firing in electrical power plant,kg,0.316,0.03,"energy from stoichiometric calculation, see excel file 'embedded oil, heat of combustion, CO2 emissions and pyrolysis plastics&chemicals.xls' at https://www.ecocostsvalue.com/lca/eol-and-recycling/"
"TDI waste combustion, clean tech, without heat recovery",kg,2.28,0.32,0
TDI waste incineration with electricity,kg,1.2,0.16,"energy from stoichiometric calculation, see excel file 'embedded oil, heat of combustion, CO2 emissions and pyrolysis plastics&chemicals.xls' at https://www.ecocostsvalue.com/lca/eol-and-recycling/"
Teak FSC/PEFC 665 (kg/m3),kg,0.3,0.07,"for detailed calculations of input data for Simapro, see Ecocosts calculations wood 2022.xlsx at https://www.ecocostsvalue.com/lca/wood-lca-issues/"
Teak natural forest 665 (kg/m3),kg,3.75,5.13,"for detailed calculations of input data for Simapro, see Ecocosts calculations wood 2022.xlsx at https://www.ecocostsvalue.com/lca/wood-lca-issues/"
Tellurium (EoL-RIR = 1%),kg,44.538,124.38,"Nuss and Eckelman, 2014, Life Cycle Assessment of Metals: A Scientific Synthesis, PLOS ONE, - supporting information- , 1% recycled, see JRC report : Towards recycling indicators based on EU flows and raw materials analysis system data. 2018"
Terbium,kg,602.004,"1,565.58","Nuss and Eckelman, 2014, Life Cycle Assessment of Metals: A Scientific Synthesis, PLOS ONE, - supporting information- "
Tetrahydrofuran,kg,5.492,0.92,Sutter J. Life Cycle Inventories of Petrochemical Solvents. Data v2.0. Uster December 2007. Research gate. https://www.researchgate.net/publication/313054728_Life_Cycle_Inventories_of_Petrochemical_Solvents_Data_v20_Uster_2007
texturing polymer fibres,kg,0.492,0.09,"Van der Velden, Patel, Vogtlander,2014. LCA benchmarking study on textiles, made of cotton, polyester, nylon, acryl, or ellastane. Int J of LCA Vol 19 pp 331-356"
Thallium,kg,331.814,"3,368.09",copy ProBas
"thermo forming, machine only",kg,0.217,0.04,0
"thermo forming, production site",kg,0.443,0.08,0
Thorium,kg,111.269,151.51,"Nuss and Eckelman, 2014, Life Cycle Assessment of Metals: A Scientific Synthesis, PLOS ONE, - supporting information- . Table S38. hardly no recycling, no data in RMIS – Raw Materials Information System, assesed 2023-07-13"
TiAl5Sn2,kg,37.448,22.03,mix of the Idemat data of the basic metals + extra melting energy
TiAl6V4,kg,37.042,22.22,mix of the Idemat data of the basic metals + extra melting energy
Tiama FSC/PEFC 560 (kg/m3),kg,0.25,0.06,"for detailed calculations of input data for Simapro, see Ecocosts calculations wood 2022.xlsx at https://www.ecocostsvalue.com/lca/wood-lca-issues/"
Tiama natural forest 560 (kg/m3),kg,3.7,9.24,"for detailed calculations of input data for Simapro, see Ecocosts calculations wood 2022.xlsx at https://www.ecocostsvalue.com/lca/wood-lca-issues/"
Tin (virgin),kg,16.769,27.88,"LCI from ProBas, Umwelt Bundesambt. 32% recycled. Litt. recycle rate EoL-RIR from erostat data or report JRC, Towards Recycling Indicators based on EU flows and Raw Materials System Analysis data. 2018"
Titanium (primary),kg,29.56,20.75,#VALUE!
Titanium (secondary),kg,19.188,3.34,"39 kWh/kg Ti. Litt. Bravard and Portal, 1971. Energy Expenditures Associated with the Production and Recycle of Metals. Oak Ridge National Laboratories. Available at https://www.osti.gov/servlets/purl/7351678"
Titanium dioxide,kg,7.544,10.24,"Middlemas et al 2015 Life cycle assessment comparison of emerging and traditional Titanium dioxide manufacturing processes, Journal of Cleaner Production 89 (2015) 137e147"
"Titanium trade mix (99% prim, 1% sec)",kg,29.456,20.58,JRC report : Towards recycling indicators based on EU flows and raw materials analysis system data. 2018
"Titanium, recycling credit closed loop (81% virgin part in",kg,-8.402,-14.11,#VALUE!
TiV15SnCrAl3,kg,35.881,24.11,mix of the Idemat data of the basic metals + extra melting energy
Toluene,kg,1.22,0.21,#VALUE!
"Tomatoes fresh from dutch greenhouse with light, average",kg,2.695,0.41,#VALUE!
"Tomatoes fresh from dutch greenhouse with light, dec-feb",kg,4.038,0.61,#VALUE!
"Tomatoes fresh from dutch greenhouse with light, jun-sep",kg,1.353,0.21,#VALUE!
"Tomatoes fresh from dutch greenhouse without light, 40% geot",kg,0.959,0.15,#VALUE!
"Tomatoes fresh from dutch greenhouse without light, average",kg,1.537,0.23,#VALUE!
"Tomatoes fresh from dutch greenhouse without light, dec-feb",kg,2.3,0.35,#VALUE!
"Tomatoes fresh from dutch greenhouse without light, jun-sep",kg,0.774,0.12,#VALUE!
"Tomatoes fresh from french greenhouse, without light, averag",kg,2.188,0.34,"Boulard T, Raeppel C, Brun R, Lecompte F, Hayer F, Carmassi G, Gaillard G. 2011 Environmental impact of greenhouse tomato production in France. Agronomy Sust. Developm. (2011) 31:757–777. DOI 10.1007/s13593-011-0031-3 "
Tomatoes fresh from greenhouse,kg,0.834,0.14,"Franziska Stoessel,* Ronnie Juraske, Stephan Pfister, and Stefanie Hellweg ""Life Cycle Inventory and Carbon and Water FoodPrint of Fruits and Vegetables: Application to a Swiss Retailer"
Tomatoes fresh from maroc,kg,0.062,0.04,"Payen S, Basset-Mens C, Perret S. LCA of local and imported tomato: an energy and water trade-off Journal of Cleaner Production 87 (2015) 139e148"
Tomatoes fresh from spain,kg,0.052,0.04,"Payen S, Basset-Mens C, Perret S. LCA of local and imported tomato: an energy and water trade-off Journal of Cleaner Production 87 (2015) 139e148"
"Tomatoes fresh from swiss greenhouse, average",kg,0.834,0.14,"Franziska Stoessel,* Ronnie Juraske, Stephan Pfister, and Stefanie Hellweg ""Life Cycle Inventory and Carbon and Water FoodPrint of Fruits and Vegetables: Application to a Swiss Retailer"
Toxaphene (Polychlorocamphene),kg,3.441,0.56,"data from: Stout B.A. and Helsel Z.R.. 1987 ""Energy in World Agriculture, Volume 2"" Chapter 7"
Tractor (240 pk),tkm,0.221,0.06,test Niedersachsen 7 tractors in 2013 https://nieuwetractorkopen.nl/wp-content/uploads/2018/07/2013-03-Doordruk-Schleppertest-Grondig.pdf
"Train, freight diesel (tkm)",tkm,0.019,0.01,calculation based on energy
"Train, freight, electric (tkm)",tkm,0.01,0,calculation based on energy
Transport tomatoes bern-nuremberg,kg,0.015,0,Idemat transport
Transport tomatoes marocco-nuremberg,kg,0.101,0.03,Idemat transport
Transport tomatoes naaldwijk-nuremberg,kg,0.02,0.01,Idemat transport
Transport tomatoes rennes-nuremberg,kg,0.031,0.01,Idemat transport
Transport tomatoes spain-nuremberg,kg,0.062,0.02,Idemat transport
"Transport, pipeline, natural gas",tkm,0.074,0.01,"calculated from compressor energy, plus methane leakage"
"Transport, pipeline, petroleum",tkm,0.007,0,"calculated from USCLI data, transport energy only (by far the most important component)"
Triethanolamine,kg,2.992,0.44,#VALUE!
Triethylene glycol (TEG),kg,1.97,0.31,0
"Trifluralin (2,6-Dinitro-N,N-dipropyl-4-(trifluoromethyl)ani",kg,6.384,1.07,"data from: Stout B.A. and Helsel Z.R.. 1987 ""Energy in World Agriculture, Volume 2"" Chapter 7"
Trout frozen,kg,17.382,4.84,Danisch food study update by Delft University of Technology
Truck +trailer Euro 6 (meter),m,0.001,0,#VALUE!
"Truck+container, 28 tons net (max weight/volume ratio 0,41 t",m3km,0.031,0.01,"50% average payload, calculated from Idemat2023 Truck +trailer  Euro 6 (meter)"
"Truck+container, 28 tons net (min weight/volume ratio 0,41 t",tkm,0.076,0.02,"50% average payload, calculated from Idemat2023 Truck +trailer  Euro 6 (meter)"
"Truck+trailer 24 tons net (max weight/volume ratio 0,32 ton/",m3km,0.028,0.01,"50% average payload, calculated from Idemat2023 Truck +trailer  Euro 6 (meter)"
"Truck+trailer 24 tons net (min weight/volume ratio 0,32 ton/",tkm,0.089,0.03,"50% average payload, calculated from Idemat2023 Truck +trailer  Euro 6 (meter)"
Tungsten Carbide,kg,1.628,23.85,"WC , 94% weight W. It is heated to 2000 degrees to form WC, where the specific heat of W= 133 J/kg.K = 0.266MJ (take electricity)"
"Tungsten, CRM (EoL-RIR=42%)",kg,1.693,25.37,"LCI data from ProBas, Umwelt Bundesambt. 42% recycled. Litt. recycle rate EoL-RIR from erostat data or report JRC, Towards Recycling Indicators based on EU flows and Raw Materials System Analysis data. 2018"
"Turning Al (per kg removed, removed Al not counted)",kg,0.066,0.01,required electricity 0.48 MJ per kg removed
"Turrning steel (per kg removed, steel removed not counted)",kg,0.105,0.02,required electricity 0.77 MJ per kg removed
UF (urea-formaldehyde resin),kg,1.604,0.85,"James B. Wilson, 2010, LIFE-CYCLE INVENTORY OF FORMALDEHYDE-BASED RESINS USED IN WOOD COMPOSITES IN TERMS OF RESOURCES, EMISSIONS, ENERGY AND CARBON,  WOOD AND FIBER SCIENCE, MARCH 2010, V. 42(CORRIM SPECIAL ISSUE)"
Urea (AdBlue),kg,5.298,0.92,Urea production from ammonia and carbon dioxide. A proxi is fertiliser N
Utile FSC/PEFC 640 (kg/m3),kg,0.244,0.06,"for detailed calculations of input data for Simapro, see Ecocosts calculations wood 2022.xlsx at https://www.ecocostsvalue.com/lca/wood-lca-issues/"
Utile natural forest 640 (kg/m3),kg,3.694,5.78,"for detailed calculations of input data for Simapro, see Ecocosts calculations wood 2022.xlsx at https://www.ecocostsvalue.com/lca/wood-lca-issues/"
"V2O5, Vanadium pentoxide",kg,9.651,19.51,"Selina Weber, Jens F. Peters, Manuel Baumann and Marcel Weil. Life cycle assessment of a Vanadium Redox Flow Battery. Supporting information. 2018."
Vanadium (primary),kg,17.22,34.81,"Selina Weber, Jens F. Peters, Manuel Baumann and Marcel Weil. Life cycle assessment of a Vanadium Redox Flow Battery. Supporting information. 2018."
Vanadium trade mix (99% prim 1% sec),kg,17.047,34.47,#VALUE!
Vine tomatoes fresh from greenhouse,kg,0.792,0.13,"Franziska Stoessel,* Ronnie Juraske, Stephan Pfister, and Stefanie Hellweg ""Life Cycle Inventory and Carbon and Water FoodPrint of Fruits and Vegetables: Application to a Swiss Retailer"
Viscose production,kg,1.5,0.35,"Shen L., Patel M. K. Life cycle assessment of man-made cellulose fibres. Lenzinger Berichte 88 (2010) 1-59 (viscose fibre type ""Lensing Modal"")"
Walnut FSC/PEFC 670 (kg/m3),kg,0.275,0.07,"for detailed calculations of input data for Simapro, see Ecocosts calculations wood 2022.xlsx at https://www.ecocostsvalue.com/lca/wood-lca-issues/"
Waste to recycling prosesses,kg,0,0,0
"Water based paint, transparent",kg,2.261,0.6,"data from: ""Life-cycle assessment of Architectural coatings"", Coatings Tech, may 2021"
"Water based paint, white",kg,3.204,2.33,"data from: ""Life-cycle assessment of Architectural coatings"", Coatings Tech, may 2021"
Wawa FSC/PEFC 390 (kg/m3),kg,0.287,0.07,"for detailed calculations of input data for Simapro, see Ecocosts calculations wood 2022.xlsx at https://www.ecocostsvalue.com/lca/wood-lca-issues/"
Wawa natural forest 390 (kg/m3),kg,3.737,8.39,"for detailed calculations of input data for Simapro, see Ecocosts calculations wood 2022.xlsx at https://www.ecocostsvalue.com/lca/wood-lca-issues/"
weaving 100 dtex,kg,7.288,1.27,"Van der Velden, Patel, Vogtlander,2014. LCA benchmarking study on textiles, made of cotton, polyester, nylon, acryl, or ellastane. Int J of LCA Vol 19 pp 331-356"
weaving 15 dtex,kg,48.587,8.44,"Van der Velden, Patel, Vogtlander,2014. LCA benchmarking study on textiles, made of cotton, polyester, nylon, acryl, or ellastane. Int J of LCA Vol 19 pp 331-356"
weaving 150 dtex,kg,4.86,0.84,"Van der Velden, Patel, Vogtlander,2014. LCA benchmarking study on textiles, made of cotton, polyester, nylon, acryl, or ellastane. Int J of LCA Vol 19 pp 331-356"
weaving 200 dtex,kg,3.644,0.63,"Van der Velden, Patel, Vogtlander,2014. LCA benchmarking study on textiles, made of cotton, polyester, nylon, acryl, or ellastane. Int J of LCA Vol 19 pp 331-356"
weaving 30 dtex,kg,24.291,4.22,"Van der Velden, Patel, Vogtlander,2014. LCA benchmarking study on textiles, made of cotton, polyester, nylon, acryl, or ellastane. Int J of LCA Vol 19 pp 331-356"
weaving 300 dtex,kg,2.428,0.42,"Van der Velden, Patel, Vogtlander,2014. LCA benchmarking study on textiles, made of cotton, polyester, nylon, acryl, or ellastane. Int J of LCA Vol 19 pp 331-356"
weaving 400 dtex,kg,1.822,0.32,"Van der Velden, Patel, Vogtlander,2014. LCA benchmarking study on textiles, made of cotton, polyester, nylon, acryl, or ellastane. Int J of LCA Vol 19 pp 331-356"
weaving 45 dtex,kg,16.196,2.81,"Van der Velden, Patel, Vogtlander,2014. LCA benchmarking study on textiles, made of cotton, polyester, nylon, acryl, or ellastane. Int J of LCA Vol 19 pp 331-356"
weaving 500 dtex,kg,1.458,0.25,"Van der Velden, Patel, Vogtlander,2014. LCA benchmarking study on textiles, made of cotton, polyester, nylon, acryl, or ellastane. Int J of LCA Vol 19 pp 331-356"
weaving 70 dtex,kg,10.41,1.81,"Van der Velden, Patel, Vogtlander,2014. LCA benchmarking study on textiles, made of cotton, polyester, nylon, acryl, or ellastane. Int J of LCA Vol 19 pp 331-356"
Welding aluminium arc (0.0183 kg electrode),m,0.188,0.06,"specific case of welding, required 0.0183 kg Aluminium, 0.004 kg Argon, 0.15 MJe"
welding shipbuilding (FCAW) per kg electrode,kg,209.3,31.61,#VALUE!
welding steel arc (MAG) 0.0536 kg electrode,m,0.149,0.07,Average data for steel arc (MAG) welding in the Netherlands 1990. 1m steel.  0.0536 kg 14NiCr14 electrode plus 0.025 kg Argon plus 0.028 MJ electricity
"welding steel, autogenious 0.0536 kg electrode",m,0.109,0.07,Average data for steel autogenious welding in the Netherlands 1990. 1m steel.  0.0536 kg 14NiCr14 electrode plus 0.01 kg acetylene
Wengé FSC/PEFC 830 (kg/m3),kg,0.23,0.05,"for detailed calculations of input data for Simapro, see Ecocosts calculations wood 2022.xlsx at https://www.ecocostsvalue.com/lca/wood-lca-issues/"
Wengé natural forest 830 (kg/m3),kg,3.68,6.42,"for detailed calculations of input data for Simapro, see Ecocosts calculations wood 2022.xlsx at https://www.ecocostsvalue.com/lca/wood-lca-issues/"
White asparagus fresh,kg,0.319,0.14,"Franziska Stoessel,* Ronnie Juraske, Stephan Pfister, and Stefanie Hellweg ""Life Cycle Inventory and Carbon and Water FoodPrint of Fruits and Vegetables: Application to a Swiss Retailer"
White cabbage fresh,kg,0.135,0.04,"Franziska Stoessel,* Ronnie Juraske, Stephan Pfister, and Stefanie Hellweg ""Life Cycle Inventory and Carbon and Water FoodPrint of Fruits and Vegetables: Application to a Swiss Retailer"
Willow FSC/PEFC 450 (kg/m3),kg,0.161,0.03,"for detailed calculations of input data for Simapro, see Ecocosts calculations wood 2022.xlsx at https://www.ecocostsvalue.com/lca/wood-lca-issues/"
"Wood chips and saw dust, credit per kg EoL, 0% MC",kg,-1.895,-0.35,"Wood waste (chips as well as saw dust) is used for pulp, wood products and combustion. According to section 4.3.3.1 of ISO 14044, it is calculated as 100% feedstock for combustion, applying the Lower Heating Value."
"Wood chips and saw dust, credit per kg EoL, 12% MC",kg,-1.636,-0.3,"Wood waste (chips as well as saw dust) is used for pulp, wood products and combustion. According to section 4.3.3.1 of ISO 14044, it is calculated as 100% feedstock for combustion, applying the Lower Heating Value."
"Wood chips and saw dust, credit per kg EoL, 50% MC",kg,-0.832,-0.15,"Wood waste (chips as well as saw dust) is used for pulp, wood products and combustion. According to section 4.3.3.1 of ISO 14044, it is calculated as 100% feedstock for combustion, applying the Lower Heating Value."
"Wool (Australia, transported to Rotterdam)",kg,78.077,10.94,#VALUE!
Wool at farm Australia,kg,77.758,10.85,#VALUE!
"Wool from Australia, transported to Rotterdam",kg,78.077,10.94,"Idemat2023 Wool (Australia, transported to Rotterdam)"
X10Cr13 (mart 410) 23% inox scrap (China),kg,5.614,1.47,#VALUE!
X10Cr13 (mart 410) 44% inox scrap (World),kg,4.592,1.19,#VALUE!
"X10Cr13 (mart 410) 70% inox scrap (EU, USA)",kg,3.384,0.85,#VALUE!
X10CrNiMoNb 23% inox scrap (China),kg,7.544,4.92,#VALUE!
X10CrNiMoNb 44% inox scrap (World),kg,5.986,3.68,#VALUE!
"X10CrNiMoNb 70% inox scrap (EU, USA)",kg,4.145,2.21,#VALUE!
X10CrNiS (303) 23% inox scrap (China),kg,6.833,3.23,#VALUE!
X10CrNiS (303) 44% inox scrap (World),kg,5.473,2.46,#VALUE!
"X10CrNiS (303) 70% inox scrap (EU, USA)",kg,3.865,1.55,#VALUE!
X12Cr13 (416) 23% inox scrap (China),kg,5.164,1.28,#VALUE!
X12Cr13 (416) 44% inox scrap (World),kg,4.267,1.05,#VALUE!
"X12Cr13 (416) 70% inox scrap (EU, USA)",kg,3.207,0.78,#VALUE!
X12CrNi 18 9,kg,6.481,3.65,mix of the Idemat data of the basic metals
X12CrNi17 7 (301) 23% inox scrap (China),kg,5.164,1.28,#VALUE!
X12CrNi17 7 (301) 44% inox scrap (World),kg,4.267,1.05,#VALUE!
"X12CrNi17 7 (301) 70% inox scrap (EU, USA)",kg,3.207,0.78,#VALUE!
X12Ni5 (1.5680),kg,1.071,0.59,mix of the Idemat data of the basic metals
X20Cr13 (420) 23% inox scrap (China),kg,5.227,1.61,#VALUE!
X20Cr13 (420) 44% inox scrap (World),kg,4.313,1.29,#VALUE!
"X20Cr13 (420) 70% inox scrap (EU, USA)",kg,3.232,0.91,#VALUE!
X22CrNi17 (431) 23% inox scrap (China),kg,5.892,1.79,#VALUE!
X22CrNi17 (431) 44% inox scrap (World),kg,4.793,1.42,#VALUE!
"X22CrNi17 (431) 70% inox scrap (EU, USA)",kg,3.494,0.98,#VALUE!
X2CrNiMo1712 (316L) 23% imox scrap (China),kg,7.119,4.63,#VALUE!
X2CrNiMo1712 (316L) 44% imox scrap (World),kg,5.679,3.47,#VALUE!
"X2CrNiMo1712 (316L) 70% imox scrap (EU, USA)",kg,3.977,2.1,#VALUE!
X30Cr13 (~420) 23% inox scrap (China),kg,5.161,1.28,#VALUE!
X30Cr13 (~420) 44% inox scrap (World),kg,4.265,1.05,#VALUE!
"X30Cr13 (~420) 70% inox scrap (EU, USA)",kg,3.206,0.78,#VALUE!
X35CrMo17 23% inox scrap (China),kg,5.805,1.83,#VALUE!
X35CrMo17 44% inox scrap (World),kg,4.73,1.45,#VALUE!
"X35CrMo17 70% inox scrap (EU, USA)",kg,3.46,1,#VALUE!
X5CrNi18 (304) 23% inox scrap (China),kg,7.106,3.47,#VALUE!
X5CrNi18 (304) 44% inox scrap (World),kg,5.67,2.63,#VALUE!
"X5CrNi18 (304) 70% inox scrap (EU, USA)",kg,3.972,1.64,#VALUE!
X5CrNiMo18 (316) 23% inox scrap (China),kg,7.332,4.66,#VALUE!
X5CrNiMo18 (316) 44% inox scrap (World),kg,5.833,3.49,#VALUE!
"X5CrNiMo18 (316) 70% inox scrap (EU, USA)",kg,4.061,2.11,#VALUE!
X6Cr17 (430) 23% inox scrap (China),kg,5.745,1.43,#VALUE!
X6Cr17 (430) 44% inox scrap (World),kg,4.687,1.16,#VALUE!
"X6Cr17 (430) 70% inox scrap (EU, USA)",kg,3.436,0.84,#VALUE!
X6CrNi18 (~304) 23% inox scrap (China),kg,7.106,3.47,#VALUE!
X6CrNi18 (~304) 44% inox scrap (World),kg,5.67,2.63,#VALUE!
"X6CrNi18 (~304) 70% inox scrap (EU, USA)",kg,3.972,1.64,#VALUE!
X7CrAl13 (405) 23% inox scrap (China),kg,5.17,1.29,#VALUE!
X7CrAl13 (405) 44% inox scrap (World),kg,4.271,1.05,#VALUE!
"X7CrAl13 (405) 70% inox scrap (EU, USA)",kg,3.209,0.78,#VALUE!
X8Ni9,kg,1.877,2.45,mix of the Idemat data of the basic metals
X90CrCoMoV17 23% inox scrap (China),kg,5.858,1.7,#VALUE!
X90CrCoMoV17 44% inox scrap (World),kg,4.768,1.35,#VALUE!
"X90CrCoMoV17 70% inox scrap (EU, USA)",kg,3.481,0.94,#VALUE!
X90CrMoV18 (440B) 23% inox scrap (China),kg,5.402,1.36,#VALUE!
X90CrMoV18 (440B) 44% inox scrap (World),kg,4.439,1.11,#VALUE!
"X90CrMoV18 (440B) 70% inox scrap (EU, USA)",kg,3.301,0.81,#VALUE!
Xylene,kg,1.43,0.25,#VALUE!
Yang FSC/PEFC 750 (kg/m3),kg,0.287,0.07,"for detailed calculations of input data for Simapro, see Ecocosts calculations wood 2022.xlsx at https://www.ecocostsvalue.com/lca/wood-lca-issues/"
Yang natural forest 750 (kg/m3),kg,3.737,4.61,"for detailed calculations of input data for Simapro, see Ecocosts calculations wood 2022.xlsx at https://www.ecocostsvalue.com/lca/wood-lca-issues/"
Yellow pine FSC/PEFC 540 (kg/m3),kg,0.205,0.05,"for detailed calculations of input data for Simapro, see Ecocosts calculations wood 2022.xlsx at https://www.ecocostsvalue.com/lca/wood-lca-issues/"
Ytterbium,kg,253.513,120.21,"Nuss and Eckelman, 2014, Life Cycle Assessment of Metals: A Scientific Synthesis, PLOS ONE, - supporting information- "
Yttrium,kg,30.665,115.55,"Nuss and Eckelman, 2014, Life Cycle Assessment of Metals: A Scientific Synthesis, PLOS ONE, - supporting information- "
Zamak3,kg,3.975,2.41,mix of the Idemat data of the basic metals + extra melting energy
Zamak5,kg,3.998,2.44,mix of the Idemat data of the basic metals + extra melting energy
Zebrano/Goncalo-alvez FSC/PEFC 900 (kg/m3),kg,0.346,0.07,"for detailed calculations of input data for Simapro, see Ecocosts calculations wood 2022.xlsx at https://www.ecocostsvalue.com/lca/wood-lca-issues/"
Zebrano/Goncalo-alvez natural forest 900 (kg/m3),kg,3.796,3.24,"for detailed calculations of input data for Simapro, see Ecocosts calculations wood 2022.xlsx at https://www.ecocostsvalue.com/lca/wood-lca-issues/"
Zinc (primary),kg,3.294,2.63,"LCA of international zinc association, excluding water and AL, because of unaccuracies. Correction for pure sulfur."
Zinc (secondary),kg,0.934,0.15,https://www.vmzinc.com/zinc-and-sustainability/advantages-of-vmzinc-solutions/production/low-grey-energy.html
Zinc (super plastic),kg,4.485,2.39,mix of the Idemat data of the basic metals + extra melting energy
Zinc Oxide,kg,3.325,2,Zinc plus extra energy 
Zinc trade mix (86% prim 14% sec),kg,2.964,2.28,JRC report : Towards recycling indicators based on EU flows and raw materials analysis system data. 2018
"Zinc, recycling credit closed loop (69% virgin part in trade",kg,-1.629,-1.71,#VALUE!
Zirconia,kg,0.32,0.57,"ZrO2. Litt. Thinkstep report Life Cycle Assessment of Zircon Sand Production Applied to Ceramic Tiles (Stage 1), study for the Zircon Industry Association. See also website https://www.zircon-association.org/zirconia.html"
ZnCuTi,kg,4.067,2.57,mix of the Idemat data of the basic metals + extra melting energy
Zucchini fresh,kg,0.126,0.04,"Franziska Stoessel,* Ronnie Juraske, Stephan Pfister, and Stefanie Hellweg ""Life Cycle Inventory and Carbon and Water FoodPrint of Fruits and Vegetables: Application to a Swiss Retailer"
