heading,short number, Simapro group,Unit,Process,Total eco-cost (euro),kgCO2e,,,
agriculture,A.010.02.101,"Materials, agricultural, animal production",kg ,"Leather Chrome tanning, hides from Argentia",6.110457923,17.94887895,,,
agriculture,A.010.02.102,"Materials, agricultural, animal production",kg ,"Leather Vegetable tanning, hides from Europe",3.044671211,20.26787519,,,
agriculture,A.010.02.103,"Materials, agricultural, animal production",kg ,"Wool (Australia, transported to Rotterdam)",12.21106378,88.0557594,,,
agriculture,A.010.02.104,"Materials, agricultural, animal production",kg ,Wool at farm Australia,12.11720132,87.69510526,,,\
agriculture,A.010.04.101,"Materials, agricultural, others",kg ,Crude palm kernel oil refined,0.795738648,1.067559474,,,
agriculture,A.010.04.102,"Materials, agricultural, others",kg ,"Palm kernel oil, crude from trees",0.68663576,0.704477857,,,
agriculture,A.010.04.103,"Materials, agricultural, others",kg ,"Potatoe starch, DE",0.130303342,0.711898241,,,
agriculture,A.010.04.104,"Materials, agricultural, others",kg ,"Potatoes, DE",0.010923793,0.046376159,,,
agriculture,A.010.04.105,"Materials, agricultural, others",kg ,"Rape cake, Europe",0.153677411,0.221091368,,,
agriculture,A.010.04.106,"Materials, agricultural, others",kg ,Soy meal at coast Brazil,1.580039367,6.689380376,,,
agriculture,A.010.04.107,"Materials, agricultural, others",kg ,Soy meal at coast USA,0.116879078,0.548808165,,,
agriculture,A.010.04.108,"Materials, agricultural, others",kg ,"Soy oil, refined at coast Brazil",1.645146354,6.966199023,,,
agriculture,A.010.04.109,"Materials, agricultural, others",kg ,"Soy oil, refined at coast USA",0.122429449,0.575680391,,,
agriculture,A.010.04.110,"Materials, agricultural, others",kg ,"Soybean grain, harvested and transported to coast Brazil",1.517243085,6.395459774,,,
agriculture,A.010.04.111,"Materials, agricultural, others",kg ,"Soybean grain, harvested and transported to coast USA",0.083235062,0.377233429,,,
agriculture,A.010.04.112,"Materials, agricultural, others",kg ,"Soybean oil, crude, degummed at coast Brazil",1.581109075,6.693909173,,,
agriculture,A.010.04.113,"Materials, agricultural, others",kg ,"Soybean oil, crude, degummed at coast USA",0.116958207,0.549179722,,,
agriculture,A.010.06.101,"Materials, agricultural, plant oils ",kg ,Palm oil in Rotterdam,0.819010937,1.156806015,,,
agriculture,A.010.06.102,"Materials, agricultural, plant oils ",kg ,"Rape oil, Europe",0.475554739,0.684167241,,,
agriculture,A.010.06.103,"Materials, agricultural, plant oils ",kg ,Soybean oil from Brazil in Rotterdam,1.661537338,7.028263985,,,
agriculture,A.010.06.104,"Materials, agricultural, plant oils ",kg ,Soybean oil from USA in Rotterdam,0.136198417,0.627663135,,,
agriculture,A.010.08.101,"Materials, agricultural, plant production",kg ,"bio-Cotton, China",0.963699693,0.323975917,,,
agriculture,A.010.08.102,"Materials, agricultural, plant production",kg ,"bio-Cotton, India",0.894936778,0.429972323,,,
agriculture,A.010.08.103,"Materials, agricultural, plant production",kg ,"bio-Cotton, USA",1.006067369,0.864541805,,,
agriculture,A.010.08.104,"Materials, agricultural, plant production",kg ,"Cotton, China",1.039273709,0.748933429,,,
agriculture,A.010.08.105,"Materials, agricultural, plant production",kg ,"Cotton, India",1.042404767,1.246951203,,,
agriculture,A.010.08.106,"Materials, agricultural, plant production",kg ,"Cotton, trade mix, China, India, USA",1.060781398,1.133013609,,,
agriculture,A.010.08.107,"Materials, agricultural, plant production",kg ,"Cotton, USA",1.117359243,1.488715639,,,
agriculture,A.010.08.108,"Materials, agricultural, plant production",kg ,"Jute fibres,  Bangladesh, rainfed",0.199554205,1.085250075,,,
agriculture,A.010.08.109,"Materials, agricultural, plant production",kg ,"Jute fibres, trade mix",0.293826409,1.085250075,,,
agriculture,A.010.08.110,"Materials, agricultural, plant production",kg ,"Jute fibres, Bangladesh",0.244212933,1.085250075,,,
agriculture,A.010.08.111,"Materials, agricultural, plant production",kg ,"Jute fibres, India",0.694907639,1.085250075,,,
agriculture,A.010.08.112,"Materials, agricultural, plant production",kg ,"Jute fibres, India, rainfed",0.260687398,1.085250075,,,
agriculture,A.010.08.113,"Materials, agricultural, plant production",kg ,"Kenaf fibres, Italy",0.285835362,0.374026977,,,
agriculture,A.010.08.114,"Materials, agricultural, plant production",kg ,"Kenaf fibres, India",0.322524992,0.374026977,,,
agriculture,A.010.08.115,"Materials, agricultural, plant production",kg ,Linseed produced in region,0.151773851,0.319359165,,,
agriculture,A.010.08.116,"Materials, agricultural, plant production",kg ,"European Flax, scutched, long fibres (12% moisture content)",0.378774055,1.553926165,,,
ceramics,A.020.01.101,"Materials, ceramics ",kg ,Alumina,1.216195074,4.057039774,,,
ceramics,A.020.01.102,"Materials, ceramics ",kg ,Aluminium Nitride,1.515070995,5.05404391,,,
ceramics,A.020.01.103,"Materials, ceramics ",kg ,Boron Carbide,1.6099035,8.192295489,,,
ceramics,A.020.01.104,"Materials, ceramics ",kg ,Germanium,1121.115137,837.642406,,,
ceramics,A.020.01.105,"Materials, ceramics ",kg ,Glaze (in addition to Porcelain and Stoneware),1.898326579,0.04274019,,,
ceramics,A.020.01.106,"Materials, ceramics ",kg ,Porcelain,0.089652265,0.473324414,,,
ceramics,A.020.01.107,"Materials, ceramics ",kg ,PZT Piezo-electric ceramic,71.34104066,251.2521278,,,
ceramics,A.020.01.108,"Materials, ceramics ",kg ,"Silicon (purified) for electronics and PV cells, gross",3.94337737,16.95408346,,,
ceramics,A.020.01.109,"Materials, ceramics ",kg ,Silicon carbide,4.015164269,19.47680902,,,
ceramics,A.020.01.110,"Materials, ceramics ",kg ,Silicon Nitride,1.273944543,3.847713158,,,
ceramics,A.020.01.111,"Materials, ceramics ",kg ,Stoneware,0.086612106,0.461634338,,,
ceramics,A.020.01.112,"Materials, ceramics ",kg ,Tungsten Carbide,24.1001801,1.826394586,,,
ceramics,A.020.01.113,"Materials, ceramics ",kg ,Zirconia,0.573989005,0.360902256,,,
chemicals,A.030.02.101,"Materials, chemicals, acids inorganic ",kg ,HCL (hydrochloric acid),0.124911442,0.235719759,,,
chemicals,A.030.02.102,"Materials, chemicals, acids inorganic ",kg ,Nitric acid,0.095724301,0.718226248,,,
chemicals,A.030.02.103,"Materials, chemicals, acids inorganic ",kg ,Phosphoric acid,0.12684645,0.528657977,,,
chemicals,A.030.02.104,"Materials, chemicals, acids inorganic ",kg ,Sulphuric acid,0.021739678,0.100285714,,,
chemicals,A.030.02.105,"Materials, chemicals, acids inorganic ",kg ,Boric acid,1.977162652,10.01851203,,,
chemicals,A.030.04.101,"Materials, chemicals, acids organic                                                                     ",kg ,Acetic acid trade mix,0.329885005,2.208157519,,,
chemicals,A.030.04.102,"Materials, chemicals, acids organic                                                                     ",kg ,Acetic Anhydride trade mix,0.781605228,2.117733684,,,
chemicals,A.030.04.103,"Materials, chemicals, acids organic                                                                     ",kg ,"Acetic Anhydride, Halcon process",0.623651973,1.07936203,,,
chemicals,A.030.04.104,"Materials, chemicals, acids organic                                                                     ",kg ,"Acetic Anhydride, Ketene process",1.062411017,3.963727744,,,
chemicals,A.030.04.105,"Materials, chemicals, acids organic                                                                     ",kg ,Chloroacetic acid (1),0.420891164,2.496072256,,,
chemicals,A.030.04.106,"Materials, chemicals, acids organic                                                                     ",kg ,Maleic acid,0.119655986,0.394845444,,,
chemicals,A.030.04.107,"Materials, chemicals, acids organic                                                                     ",kg ,Adipic acid,0.741602642,4.46375015,,,
chemicals,A.030.04.108,"Materials, chemicals, acids organic                                                                     ",kg ,"Methacrylic acid, copy",1.979510874,7.470351729,,,
chemicals,A.030.06.101,"Materials, chemicals, fertilisers inorganic and organic",kg ,Fertilizer-N,0.814322318,4.780433835,,,
chemicals,A.030.06.102,"Materials, chemicals, fertilisers inorganic and organic",kg ,Fertilizer-P,0.252315383,1.361981203,,,
chemicals,A.030.06.103,"Materials, chemicals, fertilisers inorganic and organic",kg ,Fertilizer-K,0.146849372,0.872589549,,,
chemicals,A.030.08.101,"Materials, chemicals, gases ",kg ,Argon,0.370704194,2.485101429,,,
chemicals,A.030.08.102,"Materials, chemicals, gases ",kg ,"Carbon dioxide, liquid",0.086491673,0.54380882,,,
chemicals,A.030.08.103,"Materials, chemicals, gases ",kg ,Carbon monoxide,0.288491206,1.572943985,,,
chemicals,A.030.08.104,"Materials, chemicals, gases ",kg ,Chlorine (US 2011),0.149518186,0.831874737,,,
chemicals,A.030.08.105,"Materials, chemicals, gases ",kg ,Chlorine (Plasticseurope 2013),0.206712975,1.015037594,,,
chemicals,A.030.08.106,"Materials, chemicals, gases ",kg ,Chlorine (European Chlor-Alkali Industry 2022),0.141074598,0.80075188,,,
chemicals,A.030.08.107,"Materials, chemicals, gases ",kg ,"Chlorine (average of USLCI, Plasticseurope, EU chlor-alkali ind.)",0.165768587,0.882554737,,,
chemicals,A.030.08.108,"Materials, chemicals, gases ",kg ,"Hydrogen, methane to hydrogen (SMR)",1.982105655,13.27059925,,,
chemicals,A.030.08.109,"Materials, chemicals, gases ",kg ,"Nitrogen, liquid",0.04642347,0.266396053,,,
chemicals,A.030.08.110,"Materials, chemicals, gases ",kg ,"Oxigen, liquid",0.067732384,0.389805556,,,
chemicals,A.030.10.101,"Materials, chemicals, inorganic ",kg ,Ammonia,0.351574873,2.642956992,,,
chemicals,A.030.10.103,"Materials, chemicals, inorganic ",kg ,Carbon black,0.700615996,3.664706316,,,
chemicals,A.030.10.105,"Materials, chemicals, inorganic ",kg ,Cobalt oxide (CoO),26.45279638,5.660131579,,,
chemicals,A.030.10.106,"Materials, chemicals, inorganic ",kg ,Graphite for batteries,2.757128432,10.32144737,,,
chemicals,A.030.10.107,"Materials, chemicals, inorganic ",kg ,"H2O2, hydrogen peroxide, 70% in H2O",0.090018374,0.602318872,,,
chemicals,A.030.10.108,"Materials, chemicals, inorganic ",kg ,Hydrogen Sulfide,0.154950726,1.030352707,,,
chemicals,A.030.10.109,"Materials, chemicals, inorganic ",kg ,"KOH, Potassium hydroxide",0.312008473,1.91043797,,,
chemicals,A.030.10.110,"Materials, chemicals, inorganic ",kg ,Lime,0.138599455,0.68097088,,,
chemicals,A.030.10.111,"Materials, chemicals, inorganic ",kg ,Manganese dioxide,0.613251166,0.92115188,,,
chemicals,A.030.10.112,"Materials, chemicals, inorganic ",kg ,Nickel in FerroNickel (27%),22.27555336,50.85959549,,,
chemicals,A.030.10.113,"Materials, chemicals, inorganic ",kg ,Nickel in Nickel Sufate (22%) for car batteries,41.65491077,27.73929474,,,
chemicals,A.030.10.114,"Materials, chemicals, inorganic ",kg ,Quicklime,0.523838924,2.833889925,,,
chemicals,A.030.10.115,"Materials, chemicals, inorganic ",kg ,Silicagel,0.582520557,3.895217895,,,
chemicals,A.030.10.116,"Materials, chemicals, inorganic ",kg ,"Sodium Carbonate  (soda, Na2CO3)",0.259195225,1.285093308,,,
chemicals,A.030.10.117,"Materials, chemicals, inorganic ",kg ,Sodium Chloride (US),0.03356562,0.181792053,,,
chemicals,A.030.10.118,"Materials, chemicals, inorganic ",kg ,"Sodium Chloride, NaCl (plasticseurope)",0.021261821,0.067669173,,,
chemicals,A.030.10.119,"Materials, chemicals, inorganic ",kg ,Sodium Chlorite,0.021763827,0.067669173,,,
chemicals,A.030.10.120,"Materials, chemicals, inorganic ",kg ,Sodium Cumenesulphonate,1.551917513,2.493365639,,,
chemicals,A.030.10.121,"Materials, chemicals, inorganic ",kg ,Sodium Hydroxide (US 2011),0.149518186,0.831874737,,,
chemicals,A.030.10.122,"Materials, chemicals, inorganic ",kg ,"Sodium Hydroxide, NaOH (European Chlor-Alkali Industry 2022)",0.153362534,0.733082707,,,
chemicals,A.030.10.123,"Materials, chemicals, inorganic ",kg ,"Sodium Hydroxide, NaOH (Plasticseurope 2013)",0.176129938,0.969924812,,,
chemicals,A.030.10.124,"Materials, chemicals, inorganic ",kg ,"Sodium Hydroxide, NaOH (average of USLCI, Plasticseurope, EU Chlor-Alkali ind.)",0.15967022,0.844960752,,,
chemicals,A.030.10.125,"Materials, chemicals, inorganic ",kg ,"Sodium Hypochlorite, NaOCl (European Chlor-Alkali Industry 2022)",0.14372706,0.710526316,,,
chemicals,A.030.10.126,"Materials, chemicals, inorganic ",kg ,"Sodium Hypochlorite, NaOCl (Plasticseurope 2013)",0.195719288,1.04887218,,,
chemicals,A.030.10.127,"Materials, chemicals, inorganic ",kg ,Sodium Silicate,0.218999803,1.470192932,,,
chemicals,A.030.10.128,"Materials, chemicals, inorganic ",kg ,Sodium Sulphate,0.582996478,3.898400301,,,
chemicals,A.030.10.129,"Materials, chemicals, inorganic ",kg ,Sulphur,0,0,,,
chemicals,A.030.10.130,"Materials, chemicals, inorganic ",kg ,Titanium dioxide,10.38146128,8.508741353,,,
chemicals,A.030.10.131,"Materials, chemicals, inorganic ",kg ,Urea (AdBlue),1.017902893,5.975542256,,,
chemicals,A.030.10.132,"Materials, chemicals, inorganic ",kg ,"V2O5, Vanadium pentoxide",19.81673462,10.88388947,,,
chemicals,A.030.10.133,"Materials, chemicals, inorganic ",kg ,Zinc Oxide,2.025752387,3.650575714,,,
chemicals,A.030.10.134,"Materials, chemicals, inorganic ",kg ,"LiFePO4 (lithium iron phosphate, LFP)",3.335407605,9.924224812,,,
chemicals,A.030.10.135,"Materials, chemicals, inorganic ",kg ,Chromium oxide,3.161572235,6.140958947,,,
chemicals,A.030.10.136,"Materials, chemicals, inorganic ",kg ,Magnesium oxide,0.558739139,2.02038406,,,
chemicals,A.030.10.137,"Materials, chemicals, inorganic ",kg ,Ferric Chloride,0.099461153,0.52953285,,,
chemicals,A.030.10.138,"Materials, chemicals, inorganic ",,Talc (Talcum) in Rotterdam,0.035039492,,,,
chemicals,A.030.14.101,"Materials, chemicals, organic               ",kg ,Acetone,0.293235474,1.84962406,,,
chemicals,A.030.14.102,"Materials, chemicals, organic               ",kg ,Acetylene (Ethyne),0.293235474,1.84962406,,,
chemicals,A.030.14.103,"Materials, chemicals, organic               ",kg ,Acrylonitrile,0.694884198,3.729439323,,,
chemicals,A.030.14.104,"Materials, chemicals, organic               ",kg ,Alkenyl Succinic Anhydride (ASA),1.859766938,10.95942256,,,
chemicals,A.030.14.105,"Materials, chemicals, organic               ",kg ,Alkyl Ketene Dimer (AKD),0.873473444,5.325029173,,,
chemicals,A.030.14.106,"Materials, chemicals, organic               ",kg ,Benzene,0.354494066,2.097744361,,,
chemicals,A.030.14.107,"Materials, chemicals, organic               ",kg ,Butadiene,0.352702357,2.233082707,,,
chemicals,A.030.14.108,"Materials, chemicals, organic               ",kg ,Butane,0.119655986,0.394845444,,,
chemicals,A.030.14.109,"Materials, chemicals, organic               ",kg ,Cumene hydroperoxide,0.321140972,1.920451128,,,
chemicals,A.030.14.110,"Materials, chemicals, organic               ",kg ,Diethylene glycol (DEG),0.329137471,2.097744361,,,
chemicals,A.030.14.111,"Materials, chemicals, organic               ",kg ,Dipropylene glycol monomethyl ether,1.521645171,4.586200827,,,
chemicals,A.030.14.112,"Materials, chemicals, organic               ",kg ,"Ethanol (alcohol), bio-based from agricultural waste",0.245266534,1.609698722,,,
chemicals,A.030.14.113,"Materials, chemicals, organic               ",kg ,"Ethanol (alcohol), synthetic",0.192561128,1.220157744,,,
chemicals,A.030.14.114,"Materials, chemicals, organic               ",kg ,Ethylbenzene,0.38571112,2.515037594,,,
chemicals,A.030.14.115,"Materials, chemicals, organic               ",kg ,Ethylene,0.285166328,1.781954887,,,
chemicals,A.030.14.116,"Materials, chemicals, organic               ",kg ,Ethylene dichloride,0.243587409,1.324497519,,,
chemicals,A.030.14.117,"Materials, chemicals, organic               ",kg ,Ethylene oxide (1),0.352188853,2.255639098,,,
chemicals,A.030.14.118,"Materials, chemicals, organic               ",kg ,Methanol,0.194056962,1.068504737,,,
chemicals,A.030.14.119,"Materials, chemicals, organic               ",kg ,Methylamine,0.750770144,4.119149925,,,
chemicals,A.030.14.120,"Materials, chemicals, organic               ",kg ,Monoethylene glycol (MEG),0.279353189,1.781954887,,,
chemicals,A.030.14.121,"Materials, chemicals, organic               ",kg ,Pentane blowing agent,0.237972982,1.275889624,,,
chemicals,A.030.14.122,"Materials, chemicals, organic               ",kg ,Propane,0.119655986,0.394845444,,,
chemicals,A.030.14.123,"Materials, chemicals, organic               ",kg ,Propylene,0.264166328,1.62406015,,,
chemicals,A.030.14.124,"Materials, chemicals, organic               ",kg ,Phenol,0.320555242,2.018796992,,,
chemicals,A.030.14.125,"Materials, chemicals, organic               ",kg ,Rosin,1.336850055,7.535840602,,,
chemicals,A.030.14.126,"Materials, chemicals, organic               ",kg ,Styrene,0.36471112,2.357142857,,,
chemicals,A.030.14.127,"Materials, chemicals, organic               ",kg ,Toluene,0.239825398,1.37593985,,,
chemicals,A.030.14.128,"Materials, chemicals, organic               ",kg ,Triethylene glycol (TEG),0.348622111,2.221804511,,,
chemicals,A.030.14.129,"Materials, chemicals, organic               ",kg ,Xylene,0.281635968,1.612781955,,,
chemicals,A.030.14.130,"Materials, chemicals, organic               ",kg ,Acrylonitrile from propylene ammoxidation,0.859776837,4.234777594,,,
chemicals,A.030.14.131,"Materials, chemicals, organic               ",kg ,Acetonitrile from propylene ammoxidation,0.856742344,4.219831353,,,
chemicals,A.030.14.132,"Materials, chemicals, organic               ",kg ,Hydrogen cyanide from propylene ammoxidation,0.861348482,4.242518647,,,
chemicals,A.030.14.133,"Materials, chemicals, organic               ",kg ,"Grease, Lithium-based",1.888046365,2.157800752,,,
chemicals,A.030.14.134,"Materials, chemicals, organic               ",kg ,"Grease, polymer (Polyalphaolefin + polypropylene)",2.793130062,6.259398496,,,
chemicals,A.030.14.135,"Materials, chemicals, organic               ",kg ,"EMAA (Ethylene-Methacrylic Acid Copolymer), without water",2.063704727,6.048252481,,,
chemicals,A.030.14.136,"Materials, chemicals, organic               ",kg ,Carnauba Wax from Brazil in Rotterdam (De Monchy),0.076483216,0.298052902,,,
chemicals,A.030.18.101,"Materials, chemicals, organic, solvents",kg ,1-Butanol,0.519964378,3.281106165,,,
chemicals,A.030.18.102,"Materials, chemicals, organic, solvents",kg ,1-Pentanol,0.564972213,3.622094737,,,
chemicals,A.030.18.103,"Materials, chemicals, organic, solvents",kg ,"1,4-Dioxane",0.723923552,4.661274361,,,
chemicals,A.030.18.104,"Materials, chemicals, organic, solvents",kg ,2-Butanol,0.611203198,3.870758722,,,
chemicals,A.030.18.105,"Materials, chemicals, organic, solvents",kg ,2-Methyl-1-butanol,0.563653096,3.613637744,,,
chemicals,A.030.18.106,"Materials, chemicals, organic, solvents",kg ,2-Methyl-1-propanol,0.525069079,3.31331812,,,
chemicals,A.030.18.107,"Materials, chemicals, organic, solvents",kg ,2-Methyl-2-butanol,0.699679264,3.613127669,,,
chemicals,A.030.18.108,"Materials, chemicals, organic, solvents",kg ,2-Methylpentane,0.29655965,1.552003609,,,
chemicals,A.030.18.109,"Materials, chemicals, organic, solvents",kg ,3-Methyl-1-butanol,0.565081985,3.622798496,,,
chemicals,A.030.18.110,"Materials, chemicals, organic, solvents",kg ,3-Methyl-1-butyl acetate,0.972386823,5.653709699,,,
chemicals,A.030.18.111,"Materials, chemicals, organic, solvents",kg ,4-Methyl-2-pentanone,0.747888912,3.992236241,,,
chemicals,A.030.18.112,"Materials, chemicals, organic, solvents",kg ,Acetic acid,0.21559802,1.145843083,,,
chemicals,A.030.18.113,"Materials, chemicals, organic, solvents",kg ,Acetic anhydride,0.450649403,2.835645414,,,
chemicals,A.030.18.114,"Materials, chemicals, organic, solvents",kg ,Acetone (2),0.215412001,1.144854436,,,
chemicals,A.030.18.115,"Materials, chemicals, organic, solvents",kg ,Benzal chloride,0.871135844,2.409421729,,,
chemicals,A.030.18.116,"Materials, chemicals, organic, solvents",kg ,Benzaldehyde,2.06070935,4.395523759,,,
chemicals,A.030.18.117,"Materials, chemicals, organic, solvents",kg ,Benzene chlorination (per kg benzene),0.416199762,2.217743158,,,
chemicals,A.030.18.118,"Materials, chemicals, organic, solvents",kg ,Benzyl alcohol,1.499165869,4.49394985,,,
chemicals,A.030.18.119,"Materials, chemicals, organic, solvents",kg ,Benzyl chloride,0.691327533,2.321762632,,,
chemicals,A.030.18.120,"Materials, chemicals, organic, solvents",kg ,"Butane-1,4-diol",0.722981858,4.530016165,,,
chemicals,A.030.18.121,"Materials, chemicals, organic, solvents",kg ,"Butane-1,4-diol dehydrogenation",0.798497489,4.996878947,,,
chemicals,A.030.18.122,"Materials, chemicals, organic, solvents",kg ,Butane oxidation,0.345998556,1.838885414,,,
chemicals,A.030.18.123,"Materials, chemicals, organic, solvents",kg ,"Butanes from butene,",0.611158985,3.870478722,,,
chemicals,A.030.18.124,"Materials, chemicals, organic, solvents",kg ,Butene hydration,0.690953682,4.375819699,,,
chemicals,A.030.18.125,"Materials, chemicals, organic, solvents",kg ,Butene hydroformylation,1.138523174,7.299188722,,,
chemicals,A.030.18.126,"Materials, chemicals, organic, solvents",kg ,Butyl acetate,0.656858524,4.188363609,,,
chemicals,A.030.18.127,"Materials, chemicals, organic, solvents",kg ,Butyrolactone,0.840321868,5.258609699,,,
chemicals,A.030.18.128,"Materials, chemicals, organic, solvents",kg ,Cyclohexane,0.567631645,3.505415489,,,
chemicals,A.030.18.129,"Materials, chemicals, organic, solvents",kg ,Cyclohexanone,0.922564622,5.27946015,,,
chemicals,A.030.18.130,"Materials, chemicals, organic, solvents",kg ,Ethanol from ethylene,0.23878202,1.466172481,,,
chemicals,A.030.18.131,"Materials, chemicals, organic, solvents",kg ,Diethyl ether,0.235523212,1.446162707,,,
chemicals,A.030.18.132,"Materials, chemicals, organic, solvents",kg ,Dimethyl sulfoxide,0.322204939,1.891566466,,,
chemicals,A.030.18.133,"Materials, chemicals, organic, solvents",kg ,Dimethylamine,0.414964404,1.512840301,,,
chemicals,A.030.18.134,"Materials, chemicals, organic, solvents",kg ,Ethyl acetate from ethanol and acetic acid,0.533368978,3.288145113,,,
chemicals,A.030.18.135,"Materials, chemicals, organic, solvents",kg ,"Ethyl acetate, from Butane oxidation",0.215583715,1.145767068,,,
chemicals,A.030.18.136,"Materials, chemicals, organic, solvents",kg ,"Ethyl acetate, from Ethyl Alcohol",0.5370679,3.377131353,,,
chemicals,A.030.18.137,"Materials, chemicals, organic, solvents",kg ,Ethylene glycol diethyl ether,0.743824117,2.808252256,,,
chemicals,A.030.18.138,"Materials, chemicals, organic, solvents",kg ,Ethylene glycol dimethyl ether,0.357978575,2.213634662,,,
chemicals,A.030.18.139,"Materials, chemicals, organic, solvents",kg ,Ethylene glycol monoethyl ether,0.290789457,1.800495639,,,
chemicals,A.030.18.140,"Materials, chemicals, organic, solvents",kg ,Ethylene hydration,0.382725214,2.350014361,,,
chemicals,A.030.18.141,"Materials, chemicals, organic, solvents",kg ,Formic acid by butane oxidation,0.2153841,1.144706165,,,
chemicals,A.030.18.142,"Materials, chemicals, organic, solvents",kg ,Formic acid by methyl formate hydrolysis,0.772889716,5.170750977,,,
chemicals,A.030.18.143,"Materials, chemicals, organic, solvents",kg ,"Hydrochloric acid (do not use, use A.030.02.101. of plastic europe)",2.658997516,14.16861353,,,
chemicals,A.030.18.144,"Materials, chemicals, organic, solvents",kg ,Hydrogen from Reppe process,0.844886393,5.287173835,,,
chemicals,A.030.18.145,"Materials, chemicals, organic, solvents",kg ,Isobutyl acetate,0.678783706,4.327454887,,,
chemicals,A.030.18.146,"Materials, chemicals, organic, solvents",kg ,Isopropyl acetate,0.935278939,5.252382932,,,
chemicals,A.030.18.147,"Materials, chemicals, organic, solvents",kg ,Methyl acetate,0.215507675,1.145362932,,,
chemicals,A.030.18.148,"Materials, chemicals, organic, solvents",kg ,Methyl ethyl ketone,0.21560836,1.145898045,,,
chemicals,A.030.18.149,"Materials, chemicals, organic, solvents",kg ,Methyl formate,0.512391147,2.879760752,,,
chemicals,A.030.18.150,"Materials, chemicals, organic, solvents",kg ,Methylcyclohexane,1.033360018,5.556899699,,,
chemicals,A.030.18.151,"Materials, chemicals, organic, solvents",kg ,Monochlorobenzene,2.666453168,14.20834135,,,
chemicals,A.030.18.152,"Materials, chemicals, organic, solvents",kg ,N-Dimethyl-2-pyrrolidone,1.088447702,6.561081429,,,
chemicals,A.030.18.153,"Materials, chemicals, organic, solvents",kg ,"N,N-Dimethylformamide",0.452693916,1.975563233,,,
chemicals,A.030.18.154,"Materials, chemicals, organic, solvents",kg ,o-dichlorobenzene,2.654577029,14.14505865,,,
chemicals,A.030.18.155,"Materials, chemicals, organic, solvents",kg ,p-dichlorobenzene,2.658082477,14.16373759,,,
chemicals,A.030.18.156,"Materials, chemicals, organic, solvents",kg ,Propanal,0.637630342,3.927711579,,,
chemicals,A.030.18.157,"Materials, chemicals, organic, solvents",kg ,Propanol,0.938621571,4.805676391,,,
chemicals,A.030.18.158,"Materials, chemicals, organic, solvents",kg ,Propylene ammooxidation,0.939652882,4.628202105,,,
chemicals,A.030.18.159,"Materials, chemicals, organic, solvents",kg ,Propylene hydroformylation,1.191508043,8.01542782,,,
chemicals,A.030.18.160,"Materials, chemicals, organic, solvents",kg ,Tetrahydrofuran,0.99017357,6.192880226,,,
chemicals,A.030.22.101,"Materials, chemicals, pesticides ",kg ,Pesticides (unspecified),4.869617603,21.34276842,,,
chemicals,A.030.23.101,"Materials, chemicals, pesticides, fungicides",kg ,"Benomyl (1-(Butylcarbamoyl)-1H-1,3-benzimidazol-2-yl methylcarbamate)",3.111687088,19.25719474,,,
chemicals,A.030.23.102,"Materials, chemicals, pesticides, fungicides",kg ,"Captan ((3aR,7aS)-2-[(Trichloromethyl)sulfanyl]-3a,4,7,7a-tetrahydro-1H-isoindole-1,3",0.885117396,5.517229323,,,
chemicals,A.030.23.103,"Materials, chemicals, pesticides, fungicides",kg ,Ferbam (Iron(III) Dimethyldithiocarbamate),0.703097392,4.614469624,,,
chemicals,A.030.23.104,"Materials, chemicals, pesticides, fungicides",kg ,"Maneb ( [[2-[(Dithio Carboxyl)amino]ethyl]carbodithioate]](2-)-kS,kS']manganese)",0.807028254,4.810972556,,,
chemicals,A.030.24.101,"Materials, chemicals, pesticides, herbicides",kg ,"2,4-D (2,4-Dichlorophenoxyacetic acid)",0.914233967,5.545399023,,,
chemicals,A.030.24.102,"Materials, chemicals, pesticides, herbicides",kg ,"2,4,5-T (2,4,5-Trichlorophenoxyacetic acid)",1.036928755,6.527839173,,,
chemicals,A.030.24.103,"Materials, chemicals, pesticides, herbicides",kg ,"Alachlor (2-Chloro-N-(2,6-diethylphenyl)-N-(methoxymethyl)acetamide)",2.051751667,12.52493684,,,
chemicals,A.030.24.104,"Materials, chemicals, pesticides, herbicides",kg ,"Bentazone (3-isopropyl-2,1,3-benzothiadiazine-4-one-2,2-dioxide)",3.411884852,20.04081203,,,
chemicals,A.030.24.105,"Materials, chemicals, pesticides, herbicides",kg ,"Butylate (Butylated hydroxytoluene, 2,6-Di-tert-butyl-4-methylphenol)",0.931962307,5.699087895,,,
chemicals,A.030.24.106,"Materials, chemicals, pesticides, herbicides",kg ,"Chloramben (3-Amino-2,5-dichlorobenzoic acid)",0.78551556,4.688528797,,,
chemicals,A.030.24.107,"Materials, chemicals, pesticides, herbicides",kg ,"Chlorsulfuron (2-chloro-N-[(4-methoxy-6-methyl-1,3,5-triazin-2-yl)carbamoyl]benzene-1",3.079443452,19.40544737,,,
chemicals,A.030.24.108,"Materials, chemicals, pesticides, herbicides",kg ,"Cyanazine (2-[[4-Chloro-6-(ethylamino)-1,3,5-triazin-2-yl]amino]-2-methylpropanenitri",1.349632785,8.063032331,,,
chemicals,A.030.24.109,"Materials, chemicals, pesticides, herbicides",kg ,"Dicamba (3,6-Dichloro-2-methoxybenzoic acid)",1.947714794,12.11064586,,,
chemicals,A.030.24.110,"Materials, chemicals, pesticides, herbicides",kg ,"Dinoseb (2-(Butan-2-yl)-4,6-dinitrophenol)",0.674357694,4.010003083,,,
chemicals,A.030.24.111,"Materials, chemicals, pesticides, herbicides",kg ,"Diquat (6,7-dihydrodipyrido[1,2-a:2',1'-c]pyrazine-5,8-diium dibromide)",3.429524204,22.16076692,,,
chemicals,A.030.24.112,"Materials, chemicals, pesticides, herbicides",kg ,"Diuron, DCMU (3-(3,4-dichlorophenyl)-1,1-dimethylurea)",1.545258837,9.44107218,,,
chemicals,A.030.24.113,"Materials, chemicals, pesticides, herbicides",kg ,EPTC ( S-Ethyl dipropylthiocarbamate),1.463672354,8.882366917,,,
chemicals,A.030.24.114,"Materials, chemicals, pesticides, herbicides",kg ,Fluazifop-butyl ( (2R)-2-(4-([5-(trifluoromethyl)-2-pyridyl]oxy)phenoxy)propanoic aci,5.717115112,33.93910075,,,
chemicals,A.030.24.115,"Materials, chemicals, pesticides, herbicides",kg ,"Fluometuron (N,N-Dimethyl-N'-[3-(trifluoromethyl)phenyl]urea)",2.132669043,13.12218722,,,
chemicals,A.030.24.116,"Materials, chemicals, pesticides, herbicides",kg ,Glyphosate (N-(Phosphonomethyl)glycine),3.682897523,22.82069925,,,
chemicals,A.030.24.117,"Materials, chemicals, pesticides, herbicides",kg ,"Linuron (3-(3,4-dichlorophenyl)-1-methoxy-1-methylurea)",1.630192476,9.924009023,,,
chemicals,A.030.24.118,"Materials, chemicals, pesticides, herbicides",kg ,MCPA (2-methyl-4-chlorophenoxyacetic acid),1.126973789,6.775539624,,,
chemicals,A.030.24.119,"Materials, chemicals, pesticides, herbicides",kg ,Metolachlor ((RS)-2-Chloro-N-(2-ethyl-6-methyl-phenyl)-N-(1-methoxypropan-2-yl)acetam,2.067018968,12.55938797,,,
chemicals,A.030.24.120,"Materials, chemicals, pesticides, herbicides",kg ,"Paraquat (1,1'-Dimethyl[4,4'-bipyridine]-1,1'-diium dichloride)",3.944439042,25.14189173,,,
chemicals,A.030.24.121,"Materials, chemicals, pesticides, herbicides",kg ,Propachlor (2-Chloro-N-phenyl-N-(propan-2-yl)acetamide),2.122661664,12.93553534,,,
chemicals,A.030.24.122,"Materials, chemicals, pesticides, herbicides",kg ,"Propanil (N-(3,4-Dichlorophenyl)propanamide)",1.611290195,10.15964211,,,
chemicals,A.030.24.123,"Materials, chemicals, pesticides, herbicides",kg ,"Trifluralin (2,6-Dinitro-N,N-dipropyl-4-(trifluoromethyl)aniline)",1.195471168,7.200308947,,,
chemicals,A.030.25.101,"Materials, chemicals, pesticides, insecticides",kg ,Carbaryl (Naphthalen-1-yl methylcarbamate),0.955180573,5.925614361,,,
chemicals,A.030.25.102,"Materials, chemicals, pesticides, insecticides",kg ,"Carbofuran (2,2-Dimethyl-2,3-dihydro-1-benzofuran-7-yl methylcarbamate)",3.580720251,21.02937218,,,
chemicals,A.030.25.103,"Materials, chemicals, pesticides, insecticides",kg ,"Chlordimeform (N'-(4-chloro-2-methylphenyl)-N,N-dimethylmethanimidamide)",1.776130219,10.92538496,,,
chemicals,A.030.25.104,"Materials, chemicals, pesticides, insecticides",kg ,"Cypermethrin ([Cyano-(3-phenoxyphenyl)methyl]3-(2,2-dichloroethenyl)-2,2-dimethylcycl",5.167067621,32.59370301,,,
chemicals,A.030.25.105,"Materials, chemicals, pesticides, insecticides",kg ,"Lindane (Hexachlorocyclohexane, or benzene hexachloride, BHC)",0.632551521,3.897510752,,,
chemicals,A.030.25.106,"Materials, chemicals, pesticides, insecticides",kg ,Malathion (Diethyl 2-[(dimethoxyphosphorothioyl)sulfanyl]butanedioate),1.613178259,9.802715038,,,
chemicals,A.030.25.107,"Materials, chemicals, pesticides, insecticides",kg ,"Methoxychlor (1,1'-(2,2,2-Trichloroethane-1,1-diyl)bis(4-methoxybenzene))",0.818478238,5.151452782,,,
chemicals,A.030.25.108,"Materials, chemicals, pesticides, insecticides",kg ,"Methyl  parathion (O,O-Dimethyl O-4-nitrophenyl phosphorothioate)",1.21546862,7.473527143,,,
chemicals,A.030.25.109,"Materials, chemicals, pesticides, insecticides",kg ,"Parathion (O,O-Diethyl O-(4-nitrophenyl) phosphorothioate)",1.037304921,6.425513985,,,
chemicals,A.030.25.110,"Materials, chemicals, pesticides, insecticides",kg ,"Phorate (O,O-Diethyl S-[(ethylsulfanyl)methyl] phosphorodithioate)",1.525171829,9.256394737,,,
chemicals,A.030.25.111,"Materials, chemicals, pesticides, insecticides",kg ,Toxaphene (Polychlorocamphene),0.623861856,3.880632105,,,
chemicals,A.030.26.101,"Materials, chemicals, printing ink",kg ,"Printing Ink, Black, conventional",0.664365822,1.828952932,,,
chemicals,A.030.26.102,"Materials, chemicals, printing ink",kg ,"Printing Ink, Black, UV, inkjet",2.093610751,4.710377143,,,
chemicals,A.030.26.103,"Materials, chemicals, printing ink",kg ,"Printing Ink, Magenta, conventional",0.940638406,1.865902632,,,
chemicals,A.030.26.104,"Materials, chemicals, printing ink",kg ,"Printing Ink, Magenta, UV, inkjet",2.128810129,4.715196617,,,
chemicals,A.030.26.105,"Materials, chemicals, printing ink",kg ,"Printing Ink, Varnish, conventional",1.015575582,2.981594286,,,
chemicals,A.030.26.106,"Materials, chemicals, printing ink",kg ,"Printing Ink, White, UV, inkjet",2.280623221,4.611396692,,,
chemicals,A.030.28.101,"Materials, chemicals, refrigerants",kg ,R-1234 yf,0.302643736,0.104751248,,,
chemicals,A.030.28.102,"Materials, chemicals, refrigerants",kg ,R-134a,0.220207682,0.038316904,,,
chemicals,A.030.28.103,"Materials, chemicals, refrigerants",kg ,R-744 (CO2),0.086491673,0.54380882,,,
chemicals,A.030.30.101,"Materials, chemicals, washing agents, auxiliaries",kg ,Carboxymethyl cellulose,0.818087862,4.675806842,,,
chemicals,A.030.30.102,"Materials, chemicals, washing agents, auxiliaries",kg ,"Fluorescent whitening agent, DAS1, triazinylaminostilben type",5.095102707,12.3659594,,,
chemicals,A.030.30.103,"Materials, chemicals, washing agents, auxiliaries",kg ,"Fluorescent whitening agent, distyrylbiphenyl type",7.313131047,25.46971203,,,
chemicals,A.030.30.104,"Materials, chemicals, washing agents, auxiliaries",kg ,Sodium dodecylbenzenesulfonate,0.288435504,1.958132932,,,
chemicals,A.030.36.101,"Materials, chemicals, washing agents, precursors",kg ,3-dimethylamino-propylamine,0.799524905,5.421585639,,,
chemicals,A.030.36.102,"Materials, chemicals, washing agents, precursors",kg ,Aminoethylethanol-amine,0.485574834,3.307464662,,,
chemicals,A.030.36.103,"Materials, chemicals, washing agents, precursors",kg ,Beef tallow,0.404500349,2.903708346,,,
chemicals,A.030.36.104,"Materials, chemicals, washing agents, precursors",kg ,C16–C18 fatty alcohol (palm oil),0.295634777,2.129436767,,,
chemicals,A.030.36.105,"Materials, chemicals, washing agents, precursors",kg ,C16–C18 fatty alcohol (tallow),0.456624433,3.255494211,,,
chemicals,A.030.36.106,"Materials, chemicals, washing agents, precursors",kg ,Chloroacetic acid (2),0.239538386,1.61839,,,
chemicals,A.030.36.107,"Materials, chemicals, washing agents, precursors",kg ,Coconut oil methyl ester,0.110282187,0.764340526,,,
chemicals,A.030.36.108,"Materials, chemicals, washing agents, precursors",kg ,Cumene,0.202389584,1.374891203,,,
chemicals,A.030.36.109,"Materials, chemicals, washing agents, precursors",kg ,Diethanolamine,0.363372196,2.46959015,,,
chemicals,A.030.36.110,"Materials, chemicals, washing agents, precursors",kg ,Dimethylamine (2),0.499495424,3.393851353,,,
chemicals,A.030.36.111,"Materials, chemicals, washing agents, precursors",kg ,Dimethylsulfate,0.193742228,1.310291203,,,
chemicals,A.030.36.112,"Materials, chemicals, washing agents, precursors",kg ,Ethylene oxide (2),0.263929566,1.790217669,,,
chemicals,A.030.36.113,"Materials, chemicals, washing agents, precursors",kg ,Hydrogen peroxide,0.408545775,2.761990301,,,
chemicals,A.030.36.114,"Materials, chemicals, washing agents, precursors",kg ,Palm kernel oil methyl ester,0.25346179,1.831830075,,,
chemicals,A.030.36.115,"Materials, chemicals, washing agents, precursors",kg ,Palm oil methyl ester,0.235673833,1.711482857,,,
chemicals,A.030.36.116,"Materials, chemicals, washing agents, precursors",kg ,Triethanolamine,0.496499439,3.374428195,,,
chemicals,A.030.38.101,"Materials, chemicals, washing agents, surfactants",kg ,C12–C13 sodium alkyl ether sulphate. 2 EO,0.399777376,2.709052707,,,
chemicals,A.030.38.102,"Materials, chemicals, washing agents, surfactants",kg ,C12–C14 alcohol ethoxylate. 3 EO,0.301911783,2.115591353,,,
chemicals,A.030.38.103,"Materials, chemicals, washing agents, surfactants",kg ,C12–C14 alcohol ethoxylate. 7 EO,0.337753375,2.326778496,,,
chemicals,A.030.38.104,"Materials, chemicals, washing agents, surfactants",kg ,C12–C14 amine oxide,0.419210367,2.920101955,,,
chemicals,A.030.38.105,"Materials, chemicals, washing agents, surfactants",kg ,C12–C14 sodium alkyl ether sulphate. 2 EO,0.297491964,2.045338571,,,
chemicals,A.030.38.106,"Materials, chemicals, washing agents, surfactants",kg ,C12–C14 sodium alkyl sulphate,0.427871925,2.92414,,,
chemicals,A.030.38.107,"Materials, chemicals, washing agents, surfactants",kg ,C12–C15 alcohol ethoxylate. 3 EO,0.440312394,2.986769925,,,
chemicals,A.030.38.108,"Materials, chemicals, washing agents, surfactants",kg ,C12–C15 alcohol ethoxylate. 7 EO,0.381961537,2.590073008,,,
chemicals,A.030.38.109,"Materials, chemicals, washing agents, surfactants",kg ,C16–C18 alcohol ethoxylate. > 20 EO,0.395977605,2.713420075,,,
chemicals,A.030.38.110,"Materials, chemicals, washing agents, surfactants",kg ,C16–C18 triethanolamine esterquats,0.47286693,3.198396241,,,
chemicals,A.030.38.111,"Materials, chemicals, washing agents, surfactants",kg ,C8–C18 alkyl amidopropyl betaine,0.523370155,3.579805414,,,
chemicals,A.030.38.112,"Materials, chemicals, washing agents, surfactants",kg ,Cocamide diethanolamine,0.17385703,1.194185414,,,
chemicals,A.030.38.113,"Materials, chemicals, washing agents, surfactants",kg ,Linear alkylbenzene sulphonic acid,0.288435504,1.958132932,,,
chemicals,A.030.38.114,"Materials, chemicals, washing agents, surfactants",kg ,Sodium cocoamphoacetate,0.560784939,3.812953383,,,
chemicals,A.030.38.115,"Materials, chemicals, washing agents, surfactants",kg ,Sodium cumene sulphonate,0.286868123,1.943313759,,,
building materials,A.040.01.101,"Materials, construction, binders ",kg ,Cement (blastfurnace CEM III B 42.5 N),0.074820372,0.461269729,,,
building materials,A.040.01.102,"Materials, construction, binders ",kg ,Cement (Portland CEM I 52.5 N),0.188691616,1.018574436,,,
building materials,A.040.01.103,"Materials, construction, binders ",kg ,Gypsum,0.022153286,0.137640534,,,
building materials,A.040.03.101,"Materials, construction, bitumen  and asphalt",kg ,Bitumen,0.888428046,0.513838474,,,
building materials,A.040.03.102,"Materials, construction, bitumen  and asphalt",kg ,Asphalt,0.283477328,1.051762857,,,
building materials,A.040.05.101,"Materials, construction, bricks ",kg ,"Red Clay Brick, for housing and roads, packed",0.049672553,0.313082707,,,
building materials,A.040.05.102,"Materials, construction, bricks ",kg ,"Concrete blocks, light  (439 kg/m3)",0.043680607,0.251768376,,,
building materials,A.040.05.103,"Materials, construction, bricks ",kg ,Roof tiles,0.05854606,0.407142857,,,
building materials,A.040.05.104,"Materials, construction, bricks ",kg ,"Sand-lime bricks, light (600 kg/m3)",0.021480787,0.15056391,,,
building materials,A.040.07.101,"Materials, construction, concrete",m3 ,Concrete,64.59892096,344.5976466,,,
building materials,A.040.07.102,"Materials, construction, concrete",m3 ,"Concrete (reinforced, 40 kg steel per 1000 kg)",82.00257577,422.5329474,,,
building materials,A.040.09.101,"Materials, construction, insulation",kg ,cork slab insulation,0.276970477,1.051848496,,,
building materials,A.040.09.102,"Materials, construction, insulation",kg ,glasswool,0.304898562,1.398496241,,,
building materials,A.040.09.103,"Materials, construction, insulation",kg ,stonewool,0.261157483,1.430803534,,,
building materials,A.040.11.101,"Materials, construction, others",kg ,Blastfurnace slags,0.000766599,0.003346032,,,
building materials,A.040.11.102,"Materials, construction, others",kg ,Clinker,0.135274846,0.960625639,,,
building materials,A.040.11.103,"Materials, construction, others",kg ,Crushed concrete aggregate (recycled),0.00228112,0.008937431,,,
building materials,A.040.11.104,"Materials, construction, others",kg ,Gravel,0.001736864,0.007163837,,,
building materials,A.040.11.105,"Materials, construction, others",kg ,Ground (earthmoving),6.12E-05,0.000253274,,,
building materials,A.040.11.106,"Materials, construction, others",kg ,Linoleum,0.850469137,1.777850677,,,
building materials,A.040.11.107,"Materials, construction, others",kg ,Plasticizers for concrete,0.407280468,2.120300752,,,
building materials,A.040.11.108,"Materials, construction, others",kg ,Sand,0.000615948,0.002621492,,,
building materials,A.040.13.101,"Materials, construction, paints",kg ,"Solvent based paint, transparent, incl evaporation solvent",3.743433458,4.220512256,,,
building materials,A.040.13.102,"Materials, construction, paints",kg ,"Solvent based paint, white, incl evaporation solvent",4.828078545,4.921203308,,,
building materials,A.040.13.103,"Materials, construction, paints",kg ,"Water based paint, transparent",0.811572415,2.549852857,,,
building materials,A.040.13.104,"Materials, construction, paints",kg ,"Water based paint, white",2.520481184,3.61394015,,,
electronics,A.050.04.101,"Materials, electronics, others",p ,AA cell battery (Alkaline),0.032213038,0.07917994,,,
electronics,A.050.04.102,"Materials, electronics, others",p ,AA cell battery (Li-ion),0.182743587,0.202053105,,,
electronics,A.050.04.103,"Materials, electronics, others",p ,"Computer desktop, including 27 inch display",168.2615302,1065.344211,,,
electronics,A.050.04.104,"Materials, electronics, others",p ,"Computer laptop, 15 inch display",80.8752644,481.4415489,,,
electronics,A.050.04.105,"Materials, electronics, others",m ,"Electric cord, 6A (1320W), 3x0.75 mm2, domestic (per m)",0.120974781,0.179893549,,,
electronics,A.050.04.106,"Materials, electronics, others",kg ,"Electric motor, less than 500 W, estimate",1.95195188,2.926863308,,,
electronics,A.050.04.109,"Materials, electronics, others",p ,"LCD flat screen, 27 inch, including casing and electronics",55.84030613,362.2818647,,,
electronics,A.050.04.110,"Materials, electronics, others",kg ,Lead battery cars (39 Wh per kg),0.555983075,0.954166992,,,
electronics,A.050.04.111,"Materials, electronics, others",p ,LED light bulb 8 watt.,1.126487811,1.526087068,,,
electronics,A.050.04.112,"Materials, electronics, others",kg ,Lithium-ion LiCoO2 laptop battery (180 Wh/kg),26.99730484,79.49365414,,,
electronics,A.050.04.113,"Materials, electronics, others",kg ,"Lithium LiFePO4 (145 Wh per kg, incl packaging, excl electronics)",2.996494405,9.18801203,,,
electronics,A.050.04.114,"Materials, electronics, others",kg ,"Lithium NMC 811 (215 Wh per kg, incl packaging, excl electronics)",9.959731174,13.58286541,,,
electronics,A.050.04.115,"Materials, electronics, others",kg ,Mica (fire proof electric insulation) estimate,0.35176843,2.361497368,,,
electronics,A.050.04.116,"Materials, electronics, others",p ,NiCd battery AA-cell,0.284519729,0.240032526,,,
electronics,A.050.04.117,"Materials, electronics, others",p ,NiCd battery C-cell,0.897601301,0.462755947,,,
electronics,A.050.04.118,"Materials, electronics, others",kg ,NiMH battery for laptops (54 Wh per kg),24.70315951,59.93385188,,,
electronics,A.050.04.120,"Materials, electronics, others",kg ,solder Tin/Lead 63/37 solder electronic industry,18.84291781,12.70427218,,,
electronics,A.050.04.121,"Materials, electronics, others",kg ,"solder leadfree electronic industry (Ag3.9, Cu0.6)",49.94502426,22.61022857,,,
electronics,A.050.04.122,"Materials, electronics, others",kg ,solder Lead Tin/Lead  60/40 (normal),18.0594896,12.20091053,,,
electronics,A.050.04.123,"Materials, electronics, others",m2 ,PV cell (Mono-Si) per m2 in Rotterdam,17.77880127,65.05517594,,,
electronics,A.050.06.101,"Materials, electronics, ICs, PCBs and internet",p ,"IC die (not packaged), Logic N28 per cm2",0.152538166,0.916041278,,,
electronics,A.050.06.102,"Materials, electronics, ICs, PCBs and internet",p ,"IC die (not packaged), Logic N20 per cm2",0.157873777,0.949533233,,,
electronics,A.050.06.103,"Materials, electronics, ICs, PCBs and internet",p ,"IC die (not packaged), Logic N14 per cm2",0.167044979,1.005238797,,,
electronics,A.050.06.104,"Materials, electronics, ICs, PCBs and internet",p ,"IC die (not packaged), Logic N10 per cm2",0.19168191,1.155695414,,,
electronics,A.050.06.105,"Materials, electronics, ICs, PCBs and internet",p ,"IC die (not packaged), Logic N7 per cm2",0.253962575,1.534527895,,,
electronics,A.050.06.106,"Materials, electronics, ICs, PCBs and internet",p ,"IC die (not packaged), Logic N5 per cm2",0.267263894,1.606379774,,,
electronics,A.050.06.107,"Materials, electronics, ICs, PCBs and internet",p ,"IC die (not packaged), Logic N3 per cm2",0.301366533,1.806474511,,,
electronics,A.050.06.301,"Materials, electronics, ICs, PCBs and internet",m2 ,PCB = Printed Circuit Board (empty),6.942358925,11.3815015,,,
electronics,A.050.06.302,"Materials, electronics, ICs, PCBs and internet",kg ,"PCB of laptop (including componenets, excluding ICs)",27.53747799,18.69802256,,,
electronics,A.050.06.303,"Materials, electronics, ICs, PCBs and internet",kg ,"PCB of mobile phone (including componenets, excluding ICs)",52.36227146,34.03229474,,,
electronics,A.050.06.304,"Materials, electronics, ICs, PCBs and internet",kg ,"PCB of refrigerator (including componenets, excluding ICs)",5.849597927,5.599676692,,,
electronics,A.050.06.305,"Materials, electronics, ICs, PCBs and internet",kg ,"PCB of washing machine (including componenets, excluding ICs)",2.936236211,3.910928947,,,
electronics,A.050.06.401,"Materials, electronics, ICs, PCBs and internet",kg ,PCB of average laptop (including ICs),28.984037,27.3691,,,
electronics,A.050.06.501,"Materials, electronics, ICs, PCBs and internet",p ,One day 1.5 GB internet traffic for one user = user.day,0.03308209,0.191593256,,,
electronics,A.050.06.502,"Materials, electronics, ICs, PCBs and internet",p ,One year 1 GB datastorage in datacentres = GB.year,0.671230813,3.887399398,,,
fibres,A.060.01.101,"Materials, fibers",kg ,Aramid st gr,14.93497717,17.65484662,,,
fibres,A.060.01.102,"Materials, fibers",kg ,Carbon fibre,12.67461329,85.08741353,,,
fibres,A.060.01.103,"Materials, fibers",kg ,Glass fibre,0.304898562,1.398496241,,,
fuels,A.070.02.101,"Materials, fuels, .EU fuel labels",m3 ,Diesel B7 including combustion CO2,777.3645865,3223.889173,,,
fuels,A.070.02.102,"Materials, fuels, .EU fuel labels",m3 ,Diesel B10 including combustion CO2,760.1404032,3157.318346,,,
fuels,A.070.02.103,"Materials, fuels, .EU fuel labels",m3 ,"Diesel B100 (FAME), including combustion CO2",179.4139452,845.93,,,
fuels,A.070.02.104,"Materials, fuels, .EU fuel labels",m3 ,"Diesel XTL (HVO) form tallow waste, including combustion CO2",64.11127138,331.7788496,,,
fuels,A.070.02.201,"Materials, fuels, .EU fuel labels",m3 ,Gasoline E5 including combustion CO2,750.4935086,3249.468722,,,
fuels,A.070.02.202,"Materials, fuels, .EU fuel labels",m3 ,Gasoline E10 including combustion CO2,722.0685409,3147.952632,,,
fuels,A.070.02.203,"Materials, fuels, .EU fuel labels",m3 ,Gasoline E85 including combustion CO2,291.2336594,1620.898271,,,
fuels,A.070.02.301,"Materials, fuels, .EU fuel labels",kg ,CNG including combustion CO2,1.026999414,4.410578797,,,
fuels,A.070.02.302,"Materials, fuels, .EU fuel labels",kg ,LNG including combustion CO2,1.026999414,4.410578797,,,
fuels,A.070.02.303,"Materials, fuels, .EU fuel labels",m3 ,LPG including combustion CO2,480.1816302,1933.460376,,,
fuels,A.070.02.304,"Materials, fuels, .EU fuel labels",kg ,Brown Hydrogen including combustion CO2,1.982105655,13.27059925,,,
fuels,A.070.03.101,"Materials, fuels, .EU lease segments",m ," Gasoline E10, lease segment A (5.14 l/100km), including combustion CO2",3.71E-05,0.000161805,,,
fuels,A.070.03.102,"Materials, fuels, .EU lease segments",m ," Gasoline E10, lease segment B (6.04 l/100km), including combustion CO2",4.36E-05,0.000190136,,,
fuels,A.070.03.103,"Materials, fuels, .EU lease segments",m ," Gasoline E10, lease segment C (7.10 l/100km), including combustion CO2",5.13E-05,0.000223505,,,
fuels,A.070.03.104,"Materials, fuels, .EU lease segments",m ," Gasoline E10, lease segment D (7.20 l/100km), including combustion CO2",5.20E-05,0.000226653,,,
fuels,A.070.03.105,"Materials, fuels, .EU lease segments",m ," Gasoline E10, lease segment E (9.44 l/100km), including combustion CO2",6.82E-05,0.000297167,,,
fuels,A.070.03.202,"Materials, fuels, .EU lease segments",m ," Diesel B10, lease segment B (4.83 l/100km), including combustion CO2",3.67E-05,0.000152498,,,
fuels,A.070.03.203,"Materials, fuels, .EU lease segments",m ," Diesel B10, lease segment C (5.03 l/100km), including combustion CO2",3.82E-05,0.000158813,,,
fuels,A.070.03.204,"Materials, fuels, .EU lease segments",m ," Diesel B10, lease segment D (5.41 l/100km), including combustion CO2",4.11E-05,0.000170811,,,
fuels,A.070.03.205,"Materials, fuels, .EU lease segments",m ," Diesel B10, lease segment E (10.20 l/100km), including combustion CO2",7.75E-05,0.000322046,,,
fuels,A.070.03.301,"Materials, fuels, .EU lease segments",m ," BEV, lease segment A (14.86 kWh/100km), WTW CO2",1.15E-05,5.35E-05,,,
fuels,A.070.03.302,"Materials, fuels, .EU lease segments",m ," BEV, lease segment B (15.78 kWh/100km), WTW CO2",1.22E-05,5.68E-05,,,
fuels,A.070.03.303,"Materials, fuels, .EU lease segments",m ," BEV, lease segment C (16.98 kWh/100km), WTW CO2",1.31E-05,6.12E-05,,,
fuels,A.070.03.304,"Materials, fuels, .EU lease segments",m ," BEV, lease segment D (17.98 kWh/100km), WTW CO2",1.39E-05,6.48E-05,,,
fuels,A.070.03.305,"Materials, fuels, .EU lease segments",m ," BEV, lease segment E (23.83 kWh/100km), WTW CO2",1.84E-05,8.58E-05,,,
fuels,A.070.03.401,"Materials, fuels, .EU lease segments",m ," Euro 6 max additional emisions CO, NOx, PM, NMVOC",1.40E-06,0,,,
fuels,A.070.04.101,"Materials, fuels, biofuels",kg ,biodiesel (palm oil methyl ester),0.883521924,1.472904135,,,
fuels,A.070.04.102,"Materials, fuels, biofuels",kg ,biodiesel (rape methyl ester),0.541017603,1.007329474,,,
fuels,A.070.04.103,"Materials, fuels, biofuels",kg ,"biodiesel (soybean ester, 50% Brazil, 50% USA)",0.964330735,4.151125789,,,
fuels,A.070.04.104,"Materials, fuels, biofuels",kg ,"biodiesel (soybean ester, 100% USA)",0.201661277,0.950825338,,,
fuels,A.070.04.105,"Materials, fuels, biofuels",kg ,ethanol,0.252118688,1.634603835,,,
fuels,A.070.04.106,"Materials, fuels, biofuels",kg ,petrol (85% ethanol),0.299216741,1.527337744,,,
fuels,A.070.04.107,"Materials, fuels, biofuels",kg ,Diesel B100 (FAME),0.201661277,0.950825338,,,
fuels,A.070.04.108,"Materials, fuels, biofuels",kg ,Diesel XTL (HVO) from USA soybean oil in Europe,0.228412634,1.175151203,,,
fuels,A.070.04.109,"Materials, fuels, biofuels",kg ,Diesel XTL (HVO) from agricultural waste,0.103479314,0.590804812,,,
fuels,A.070.04.110,"Materials, fuels, biofuels",kg ,Diesel XTL (HVO) from tallow (waste),0.082190649,0.425340489,,,
fuels,A.070.06.101,"Materials, fuels, coal",kg ,Anthracite coal  at mine,0.288297387,0.765975789,,,
fuels,A.070.06.102,"Materials, fuels, coal",kg ,"Anthracite coal (33 MJ/kg), including combustion",1.613232684,4.006853534,,,
fuels,A.070.06.103,"Materials, fuels, coal",kg ,Bituminous coal  at mine US,0.030889142,0.193144038,,,
fuels,A.070.06.104,"Materials, fuels, coal",kg ,"Bituminous coal (26.4 MJ/kg), US, including combustion",0.738739994,3.307371504,,,
fuels,A.070.07.101,"Materials, fuels, lignite",kg ,Lignite at open pit mine (excluding combustion),0.011461571,0.050946332,,,
fuels,A.070.08.101,"Materials, fuels, LPG",kg ,LPG for chemical feedstock,0.119655986,0.394845444,,,
fuels,A.070.08.102,"Materials, fuels, LPG",kg ,LPG for transport (excluding combustion),0.489655983,0.394845444,,,
fuels,A.070.08.103,"Materials, fuels, LPG",kg ,LPG for transport including combustion,0.941155979,3.789582256,,,
fuels,A.070.09.101,"Materials, fuels, natural gas",kg ,"CNG (compressed natural gas) for transport, excl. combustion",0.614499414,1.309075038,,,
fuels,A.070.09.102,"Materials, fuels, natural gas",kg ,"CNG (compressed natural gas) for transport, including combustion",1.026999414,4.410578797,,,
fuels,A.070.09.103,"Materials, fuels, natural gas",kg ,Natural gas general EU for feedstock (excl. combustion),0.244499409,1.309075038,,,
fuels,A.070.09.104,"Materials, fuels, natural gas",kg ,Natural gas general EU for heat (incl. combustion),0.656999409,4.410578797,,,
fuels,A.070.09.105,"Materials, fuels, natural gas",kg ,"Revap LNG (liquified natural gas) from US in EU for feedstock, excl. combustion",0.205975484,1.154055639,,,
fuels,A.070.09.201,"Materials, fuels, natural gas",m3 ,"Nat Gas 40 MJ/Nm3 from LNG for heat, incl. combustion",0.458129992,3.152266241,,,
fuels,A.070.09.202,"Materials, fuels, natural gas",m3 ,"Nat Gas 40 MJ/Nm3 from Norway, Algeria, UK, for heat, incl. combustion",0.486666231,3.267095414,,,
fuels,A.070.09.203,"Materials, fuels, natural gas",m3 ,"Nat Gas 35 MJ/Nm3 from Netherlands, for heat, incl. combustion",0.476265651,3.191994361,,,
fuels,A.070.10.101,"Materials, fuels, oil                                           ",kg ,Crude oil EU General (for feedstock),0.042386124,0.214394316,,,
fuels,A.070.10.102,"Materials, fuels, oil                                           ",kg ,Crude oil US General (for feedstock),0.067022559,0.367226203,,,
fuels,A.070.10.103,"Materials, fuels, oil                                           ",kg ,Diesel low-sulphur (excluding combustion),0.51606866,0.543712135,,,
fuels,A.070.10.104,"Materials, fuels, oil                                           ",kg ,Diesel low-sulphur including combustion CO2,0.987068656,4.085065489,,,
fuels,A.070.10.105,"Materials, fuels, oil                                           ",MJ ,"Diesel low-sulphur including combustion CO2, per MJ",0.023220673,0.095966842,,,
fuels,A.070.10.106,"Materials, fuels, oil                                           ",kg ,Heavy fuel oil for heat including combustion CO2,0.579428049,4.05519188,,,
fuels,A.070.10.107,"Materials, fuels, oil                                           ",kg ,Heavy fuel oil in transport (including combustion CO2),0.949428048,4.05519188,,,
fuels,A.070.10.108,"Materials, fuels, oil                                           ",kg ,Kerosene (excluding combustion),0.47654123,0.449250865,,,
fuels,A.070.10.109,"Materials, fuels, oil                                           ",kg ,Kerosene including combustion CO2,0.947541235,3.990604286,,,
fuels,A.070.10.110,"Materials, fuels, oil                                           ",kg ,Petrol including combustion CO2,1.037105722,4.460850075,,,
fuels,A.070.10.111,"Materials, fuels, oil                                           ",kg ,Petrol (excluding combustion),0.566105722,0.919496692,,,
fuels,A.070.10.112,"Materials, fuels, oil                                           ",kg ,Naphtha (for feedstock),0.176564238,0.79477406,,,
fuels,A.070.11.101,"Materials, fuels, uranium                                ",kg ,Fuel grade uranium (4.52% enriched U-235; 3615 GJ/kg),28015.19275,3270.297068,,,
glass,A.080.01.101,"Materials, glass, construction",kg ,Glass for windows and facades (float glass),0.265685784,1.627120827,,,
glass,A.080.02.101,"Materials,  glass, other glass",kg ,Borosilicate glass (Pyrex),0.389044787,2.144982556,,,
glass,A.080.02.102,"Materials,  glass, other glass",kg ,Ceramic glass,0.531371577,3.254241729,,,
glass,A.080.02.103,"Materials,  glass, other glass",kg ,Recycled borosilicate glass (Pyrex),0.219794087,1.301460902,,,
glass,A.080.02.104,"Materials,  glass, other glass",kg ,Recycled silica glass,0.485479881,2.928581805,,,
glass,A.080.02.105,"Materials,  glass, other glass",kg ,Silica glass,0.531371577,3.254241729,,,
glass,A.080.03.101,"Materials,  glass, bottles",kg ,"Glass bottles, 100% recycled",0.175756396,1.144349398,,,
glass,A.080.03.102,"Materials,  glass, bottles",kg ,"Glass bottles, recycled average EU 74%",0.199138031,1.269869925,,,
glass,A.080.03.103,"Materials,  glass, bottles",kg ,"Glass bottles, virgin",0.265685784,1.627120827,,,
glass,A.080.03.104,"Materials,  glass, bottles",kg ,"Glass bottles, flint (=clean transparant), EoL-RIR in Europe 40%",0.229714029,1.434012256,,,
glass,A.080.03.105,"Materials,  glass, bottles",kg ,"Glass bottles, brown, EoL-RIR in Europe 50%",0.22072109,1.385735113,,,
glass,A.080.03.106,"Materials,  glass, bottles",kg ,"Glass bottles, green, EoL-RIR in Europe 80%",0.193742274,1.240903684,,,
glass,A.080.03.107,"Materials,  glass, bottles",kg ,"Glass bottles, unspecified colour, EoL-RIR in Europe 52%",0.218922504,1.376079699,,,
laminates,A.090.01.101,"Materials, laminates",kg ,Glare 1-3/2-0.3,3.711320997,15.01209699,,,
laminates,A.090.01.102,"Materials, laminates",kg ,Glare 3-3/2-0.2,2.897429713,12.02545038,,,
laminates,A.090.01.103,"Materials, laminates",kg ,Glare 3-6/5-0.4,2.390909249,8.838912782,,,
laminates,A.090.01.104,"Materials, laminates",kg ,Glare 4-6/5-0.4,8.530813282,31.35441053,,,
laminates,A.090.01.105,"Materials, laminates",m2 ,"Hylite (1 m2, 1.2 mm thickness, 1.8 ton/m3)",5.057215089,14.37767293,,,
"metals, ferro",A.100.02.101,"Materials, metals, ferro",kg ,Steel hot rolled sheet USA,0.573370296,2.600047594,,,
"metals, ferro",A.100.02.102,"Materials, metals, ferro",kg ,Steel (21% sec = standard mix average) EU hot rolled coil,0.240471375,1.049603459,,,
"metals, ferro",A.100.02.103,"Materials, metals, ferro",kg ,"Steel (secondary), beams, sheet",0.128715829,0.724792947,,,
"metals, ferro",A.100.02.104,"Materials, metals, ferro",kg ,"Steel beams, pipes, sheet (from trade mix 44% recycled)",0.208062268,0.955408421,,,
"metals, non-ferro",A.100.04.101,"Materials, metals, ferro, cast irons",kg ,GG15,0.316767853,1.620533985,,,
"metals, ferro",A.100.04.102,"Materials, metals, ferro, cast irons",kg ,GG35,0.316767853,1.620533985,,,
"metals, ferro",A.100.04.103,"Materials, metals, ferro, cast irons",kg ,GGG-NiCr,2.907171793,2.831033609,,,
"metals, ferro",A.100.04.104,"Materials, metals, ferro, cast irons",kg ,GGG-NiSiCr,2.926384227,2.87890218,,,
"metals, ferro",A.100.04.105,"Materials, metals, ferro, cast irons",kg ,GGG40,0.316767853,1.620533985,,,
"metals, ferro",A.100.04.106,"Materials, metals, ferro, cast irons",kg ,GGG60,0.396504529,1.811036165,,,
"metals, ferro",A.100.04.107,"Materials, metals, ferro, cast irons",kg ,GGG70,0.331711317,1.679299173,,,
"metals, ferro",A.100.04.108,"Materials, metals, ferro, cast irons",kg ,GGL-NiCuCr,2.325612077,2.53377797,,,
"metals, ferro",A.100.06.101,"Materials, metals, ferro, stainless steel ",kg ,"Stainless Steel (secondary), average",0.49191937,2.179255564,,,
"metals, ferro",A.100.06.102,"Materials, metals, ferro, stainless steel ",kg ,GX12Cr14 (CA15) 23% inox scrap (China),1.444671739,5.289965263,,,
"metals, ferro",A.100.06.103,"Materials, metals, ferro, stainless steel ",kg ,GX12Cr14 (CA15) 44% inox scrap (World),1.180018306,4.425879248,,,
"metals, ferro",A.100.06.104,"Materials, metals, ferro, stainless steel ",kg ,"GX12Cr14 (CA15) 70% inox scrap (EU, USA)",0.867246067,3.404686692,,,
"metals, ferro",A.100.06.105,"Materials, metals, ferro, stainless steel ",kg ,GX5CrNi19 10 (CF8) 23% inox scrap (China),3.489774624,7.126335414,,,
"metals, ferro",A.100.06.106,"Materials, metals, ferro, stainless steel ",kg ,GX5CrNi19 10 (CF8) 44% inox scrap (World),2.657037063,5.752146541,,,
"metals, ferro",A.100.06.107,"Materials, metals, ferro, stainless steel ",kg ,"GX5CrNi19 10 (CF8) 70% inox scrap (EU, USA)",1.672892655,4.128105188,,,
"metals, ferro",A.100.06.108,"Materials, metals, ferro, stainless steel ",kg ,X10Cr13 (mart 410) 23% inox scrap (China),1.454406954,5.74571782,,,
"metals, ferro",A.100.06.109,"Materials, metals, ferro, stainless steel ",kg ,X10Cr13 (mart 410) 44% inox scrap (World),1.187049299,4.75503391,,,
"metals, ferro",A.100.06.110,"Materials, metals, ferro, stainless steel ",kg ,"X10Cr13 (mart 410) 70% inox scrap (EU, USA)",0.871081149,3.584225564,,,
"metals, ferro",A.100.06.111,"Materials, metals, ferro, stainless steel ",kg ,X10CrNiMoNb 23% inox scrap (China),4.974419187,7.664227068,,,
"metals, ferro",A.100.06.112,"Materials, metals, ferro, stainless steel ",kg ,X10CrNiMoNb 44% inox scrap (World),3.729280349,6.140623759,,,
"metals, ferro",A.100.06.113,"Materials, metals, ferro, stainless steel ",kg ,"X10CrNiMoNb 70% inox scrap (EU, USA)",2.257752633,4.34000188,,,
"metals, ferro",A.100.06.114,"Materials, metals, ferro, stainless steel ",kg ,X10CrNiS (303) 23% inox scrap (China),3.248387409,6.859674812,,,
"metals, ferro",A.100.06.115,"Materials, metals, ferro, stainless steel ",kg ,X10CrNiS (303) 44% inox scrap (World),2.482701838,5.559558346,,,
"metals, ferro",A.100.06.116,"Materials, metals, ferro, stainless steel ",kg ,"X10CrNiS (303) 70% inox scrap (EU, USA)",1.577800712,4.023057068,,,
"metals, ferro",A.100.06.117,"Materials, metals, ferro, stainless steel ",kg ,X12Cr13 (416) 23% inox scrap (China),1.252678867,5.212227895,,,
"metals, ferro",A.100.06.118,"Materials, metals, ferro, stainless steel ",kg ,X12Cr13 (416) 44% inox scrap (World),1.041356781,4.369735564,,,
"metals, ferro",A.100.06.119,"Materials, metals, ferro, stainless steel ",kg ,"X12Cr13 (416) 70% inox scrap (EU, USA)",0.791612508,3.374062857,,,
"metals, ferro",A.100.06.120,"Materials, metals, ferro, stainless steel ",kg ,X12CrNi17 7 (301) 23% inox scrap (China),1.252678867,5.212227895,,,
"metals, ferro",A.100.06.121,"Materials, metals, ferro, stainless steel ",kg ,X12CrNi17 7 (301) 44% inox scrap (World),1.041356781,4.369735564,,,
"metals, ferro",A.100.06.122,"Materials, metals, ferro, stainless steel ",kg ,"X12CrNi17 7 (301) 70% inox scrap (EU, USA)",0.791612508,3.374062857,,,
"metals, ferro",A.100.06.123,"Materials, metals, ferro, stainless steel ",kg ,X20Cr13 (420) 23% inox scrap (China),1.584203654,5.283515038,,,
"metals, ferro",A.100.06.124,"Materials, metals, ferro, stainless steel ",kg ,X20Cr13 (420) 44% inox scrap (World),1.280791353,4.421220752,,,
"metals, ferro",A.100.06.125,"Materials, metals, ferro, stainless steel ",kg ,"X20Cr13 (420) 70% inox scrap (EU, USA)",0.922213178,3.402145639,,,
"metals, ferro",A.100.06.126,"Materials, metals, ferro, stainless steel ",kg ,X22CrNi17 (431) 23% inox scrap (China),1.753410578,5.892205038,,,
"metals, ferro",A.100.06.127,"Materials, metals, ferro, stainless steel ",kg ,X22CrNi17 (431) 44% inox scrap (World),1.402996357,4.860830226,,,
"metals, ferro",A.100.06.128,"Materials, metals, ferro, stainless steel ",kg ,"X22CrNi17 (431) 70% inox scrap (EU, USA)",0.988870456,3.641932632,,,
"metals, ferro",A.100.06.129,"Materials, metals, ferro, stainless steel ",kg ,X2CrNiMo1712 (316L) 23% imox scrap (China),4.65865428,7.182688722,,,
"metals, ferro",A.100.06.130,"Materials, metals, ferro, stainless steel ",kg ,X2CrNiMo1712 (316L) 44% imox scrap (World),3.501227894,5.792846165,,,
"metals, ferro",A.100.06.131,"Materials, metals, ferro, stainless steel ",kg ,"X2CrNiMo1712 (316L) 70% imox scrap (EU, USA)",2.133360409,4.150304962,,,
"metals, ferro",A.100.06.132,"Materials, metals, ferro, stainless steel ",kg ,X30Cr13 (~420) 23% inox scrap (China),1.250872438,5.208769925,,,
"metals, ferro",A.100.06.133,"Materials, metals, ferro, stainless steel ",kg ,X30Cr13 (~420) 44% inox scrap (World),1.040052144,4.367238195,,,
"metals, ferro",A.100.06.134,"Materials, metals, ferro, stainless steel ",kg ,"X30Cr13 (~420) 70% inox scrap (EU, USA)",0.790900883,3.372700602,,,
"metals, ferro",A.100.06.135,"Materials, metals, ferro, stainless steel ",kg ,X35CrMo17 23% inox scrap (China),1.783043806,5.793827218,,,
"metals, ferro",A.100.06.136,"Materials, metals, ferro, stainless steel ",kg ,X35CrMo17 44% inox scrap (World),1.424398128,4.789779549,,,
"metals, ferro",A.100.06.137,"Materials, metals, ferro, stainless steel ",kg ,"X35CrMo17 70% inox scrap (EU, USA)",1.000544146,3.603177744,,,
"metals, ferro",A.100.06.138,"Materials, metals, ferro, stainless steel ",kg ,X5CrNi18 (304) 23% inox scrap (China),3.489929736,7.120528195,,,
"metals, ferro",A.100.06.139,"Materials, metals, ferro, stainless steel ",kg ,X5CrNi18 (304) 44% inox scrap (World),2.657149028,5.747952481,,,
"metals, ferro",A.100.06.140,"Materials, metals, ferro, stainless steel ",kg ,"X5CrNi18 (304) 70% inox scrap (EU, USA)",1.672953735,4.125817519,,,
"metals, ferro",A.100.06.141,"Materials, metals, ferro, stainless steel ",kg ,X5CrNiMo18 (316) 23% inox scrap (China),4.686794288,7.375716165,,,
"metals, ferro",A.100.06.142,"Materials, metals, ferro, stainless steel ",kg ,X5CrNiMo18 (316) 44% inox scrap (World),3.52155128,5.932254887,,,
"metals, ferro",A.100.06.143,"Materials, metals, ferro, stainless steel ",kg ,"X5CrNiMo18 (316) 70% inox scrap (EU, USA)",2.144445844,4.22634609,,,
"metals, ferro",A.100.06.144,"Materials, metals, ferro, stainless steel ",kg ,X6Cr17 (430) 23% inox scrap (China),1.383262807,5.726996466,,,
"metals, ferro",A.100.06.145,"Materials, metals, ferro, stainless steel ",kg ,X6Cr17 (430) 44% inox scrap (World),1.135667412,4.741512932,,,
"metals, ferro",A.100.06.146,"Materials, metals, ferro, stainless steel ",kg ,"X6Cr17 (430) 70% inox scrap (EU, USA)",0.843054662,3.576850451,,,
"metals, ferro",A.100.06.147,"Materials, metals, ferro, stainless steel ",kg ,X6CrNi18 (~304) 23% inox scrap (China),3.489929736,7.120528195,,,
"metals, ferro",A.100.06.148,"Materials, metals, ferro, stainless steel ",kg ,X6CrNi18 (~304) 44% inox scrap (World),2.657149028,5.747952481,,,
"metals, ferro",A.100.06.149,"Materials, metals, ferro, stainless steel ",kg ,"X6CrNi18 (~304) 70% inox scrap (EU, USA)",1.672953735,4.125817519,,,
"metals, ferro",A.100.06.150,"Materials, metals, ferro, stainless steel ",kg ,X7CrAl13 (405) 23% inox scrap (China),1.254039483,5.21895406,,,
"metals, ferro",A.100.06.151,"Materials, metals, ferro, stainless steel ",kg ,X7CrAl13 (405) 44% inox scrap (World),1.042339445,4.374593383,,,
"metals, ferro",A.100.06.152,"Materials, metals, ferro, stainless steel ",kg ,"X7CrAl13 (405) 70% inox scrap (EU, USA)",0.792148507,3.376712556,,,
"metals, ferro",A.100.06.153,"Materials, metals, ferro, stainless steel ",kg ,X90CrCoMoV17 23% inox scrap (China),1.64987687,5.840198045,,,
"metals, ferro",A.100.06.154,"Materials, metals, ferro, stainless steel ",kg ,X90CrCoMoV17 44% inox scrap (World),1.328222002,4.823269624,,,
"metals, ferro",A.100.06.155,"Materials, metals, ferro, stainless steel ",kg ,"X90CrCoMoV17 70% inox scrap (EU, USA)",0.948084442,3.621445038,,,
"metals, ferro",A.100.06.156,"Materials, metals, ferro, stainless steel ",kg ,X90CrMoV18 (440B) 23% inox scrap (China),1.323049015,5.416675639,,,
"metals, ferro",A.100.06.157,"Materials, metals, ferro, stainless steel ",kg ,X90CrMoV18 (440B) 44% inox scrap (World),1.092179669,4.517392256,,,
"metals, ferro",A.100.06.158,"Materials, metals, ferro, stainless steel ",kg ,"X90CrMoV18 (440B) 70% inox scrap (EU, USA)",0.819334083,3.454602857,,,
"metals, ferro",A.100.08.101,"Materials, metals, ferro, steel automation ",kg ,10SPb20 (1.0721),0.257018858,1.077666015,,,
"metals, ferro",A.100.08.102,"Materials, metals, ferro, steel automation ",kg ,35S20 (1.0726),0.252868286,1.079807068,,,
"metals, ferro",A.100.08.103,"Materials, metals, ferro, steel automation ",kg ,9S20,0.310057471,1.098693609,,,
"metals, ferro",A.100.08.104,"Materials, metals, ferro, steel automation ",kg ,9SMnPb (1.0718),0.257537504,1.074796992,,,
"metals, ferro",A.100.10.101,"Materials, metals, ferro, steel cast ",kg ,GS-10Ni6,0.651088639,1.232874812,,,
"metals, ferro",A.100.10.102,"Materials, metals, ferro, steel cast ",kg ,GS-22Mo4,0.384498068,1.19913015,,,
"metals, ferro",A.100.10.103,"Materials, metals, ferro, steel cast ",kg ,GS-25CrMo4,1.924312818,1.88639782,,,
"metals, ferro",A.100.10.104,"Materials, metals, ferro, steel cast ",kg ,GS-45.3,0.267470438,1.110808722,,,
"metals, ferro",A.100.10.105,"Materials, metals, ferro, steel cast ",kg ,GS-70,0.236364985,1.007072331,,,
"metals, ferro",A.100.10.106,"Materials, metals, ferro, steel cast ",kg ,GS-X40CrNiSi 25 12,5.032493443,8.115563158,,,
"metals, ferro",A.100.10.107,"Materials, metals, ferro, steel cast ",kg ,HA,1.333177328,3.175245564,,,
"metals, ferro",A.100.10.108,"Materials, metals, ferro, steel cast ",kg ,HT,10.36142494,8.504440602,,,
"metals, ferro",A.100.12.101,"Materials, metals, ferro, steel construction ",kg ,Fe360,0.238108132,1.019900602,,,
"metals, ferro",A.100.12.102,"Materials, metals, ferro, steel construction ",kg ,Fe470,0.238108132,1.019900602,,,
"metals, ferro",A.100.12.103,"Materials, metals, ferro, steel construction ",kg ,Fe520,0.238108132,1.019900602,,,
"metals, ferro",A.100.12.104,"Materials, metals, ferro, steel construction ",kg ,St13,0.238108132,1.019900602,,,
"metals, ferro",A.100.14.101,"Materials, metals, ferro, steel draw ",kg ,A517a,0.440836825,1.257287068,,,
"metals, ferro",A.100.14.102,"Materials, metals, ferro, steel draw ",kg ,A517b,0.400572654,1.221348346,,,
"metals, ferro",A.100.14.103,"Materials, metals, ferro, steel draw ",kg ,S355J2G1W,0.238108132,1.019900602,,,
"metals, ferro",A.100.14.104,"Materials, metals, ferro, steel draw ",kg ,St14,0.238108132,1.019900602,,,
"metals, ferro",A.100.16.101,"Materials, metals, ferro, steel high grade ",kg ,14NiCr14,1.234410702,1.810134135,,,
"metals, ferro",A.100.16.102,"Materials, metals, ferro, steel high grade ",kg ,15Cr3,0.28742165,1.218347895,,,
"metals, ferro",A.100.16.103,"Materials, metals, ferro, steel high grade ",kg ,18NiCr8,0.878141588,1.750599624,,,
"metals, ferro",A.100.16.104,"Materials, metals, ferro, steel high grade ",kg ,25CrMo4,0.440298138,1.329893835,,,
"metals, ferro",A.100.16.105,"Materials, metals, ferro, steel high grade ",kg ,30CrNiMo8,1.086027704,1.785351579,,,
"metals, ferro",A.100.16.106,"Materials, metals, ferro, steel high grade ",kg ,34Cr4,0.321011742,1.338544436,,,
"metals, ferro",A.100.16.107,"Materials, metals, ferro, steel high grade ",kg ,34CrAl6,0.354712607,1.468804962,,,
"metals, ferro",A.100.16.108,"Materials, metals, ferro, steel high grade ",kg ,35NiCr18,1.47957267,1.879765789,,,
"metals, ferro",A.100.16.109,"Materials, metals, ferro, steel high grade ",kg ,36NiCr6,0.663769962,1.356480075,,,
"metals, ferro",A.100.16.110,"Materials, metals, ferro, steel high grade ",kg ,37MnSi5,0.276581709,1.139359248,,,
"metals, ferro",A.100.16.111,"Materials, metals, ferro, steel high grade ",kg ,42CrMo4,0.441117238,1.331167143,,,
"metals, ferro",A.100.16.112,"Materials, metals, ferro, steel high grade ",kg ,50 CrV4,0.473133951,1.33864,,,
"metals, ferro",A.100.16.113,"Materials, metals, ferro, steel high grade ",kg ,C15,0.250131697,1.072380752,,,
"metals, ferro",A.100.16.114,"Materials, metals, ferro, steel high grade ",kg ,C35,0.427705207,1.216712556,,,
"metals, ferro",A.100.16.115,"Materials, metals, ferro, steel high grade ",kg ,C45,0.428644555,1.218510677,,,
"metals, ferro",A.100.16.116,"Materials, metals, ferro, steel high grade ",kg ,C55,0.251071036,1.074178872,,,
"metals, ferro",A.100.16.117,"Materials, metals, ferro, steel high grade ",kg ,C60,0.251071036,1.074178872,,,
"metals, ferro",A.100.18.101,"Materials, metals, ferro, steel high temperature ",kg ,13CrMo4 5 (1.7335),0.558385451,1.305679624,,,
"metals, ferro",A.100.18.102,"Materials, metals, ferro, steel high temperature ",kg ,21MoV53,0.652049141,1.254329323,,,
"metals, ferro",A.100.18.103,"Materials, metals, ferro, steel high temperature ",kg ,22Mo4,0.434462246,1.107916842,,,
"metals, ferro",A.100.18.104,"Materials, metals, ferro, steel high temperature ",kg ,28NiCrMo4,0.673884668,1.223007669,,,
"metals, ferro",A.100.20.101,"Materials, metals, ferro, steel low temperature ",kg ,15NiMn6 (1.6228),0.623820965,1.247046165,,,
"metals, ferro",A.100.20.102,"Materials, metals, ferro, steel low temperature ",kg ,A514(A),0.411886415,1.234403158,,,
"metals, ferro",A.100.20.103,"Materials, metals, ferro, steel low temperature ",kg ,ASt35 (1.0346),0.250663056,1.074667519,,,
"metals, ferro",A.100.20.104,"Materials, metals, ferro, steel low temperature ",kg ,X12CrNi 18 9,3.620008922,6.209696241,,,
"metals, ferro",A.100.20.105,"Materials, metals, ferro, steel low temperature ",kg ,X12Ni5 (1.5680),0.624203019,1.208489248,,,
"metals, ferro",A.100.20.106,"Materials, metals, ferro, steel low temperature ",kg ,X8Ni9,2.565548495,2.11735797,,,
"metals, ferro",A.100.22.101,"Materials, metals, ferro, steel spring ",kg ,38Si6,0.274152736,1.137883609,,,
"metals, ferro",A.100.22.102,"Materials, metals, ferro, steel spring ",kg ,50CrV4,0.369603319,1.351066992,,,
"metals, ferro",A.100.22.103,"Materials, metals, ferro, steel spring ",kg ,55Si7,0.279258656,1.150038195,,,
"metals, ferro",A.100.22.104,"Materials, metals, ferro, steel spring ",kg ,67SiCr5,0.293054839,1.228265789,,,
"metals, non-ferro",A.100.24.101,"Materials, metals, non ferro        Note: when 'virgin' is added it is 100% primary, when nothing is added it is a european market mix accoding to JRC report : Towards recycling indicators based on EU flows and raw materials analysis system data. 2018",kg ,Aluminium (primary),2.978229909,9.787857143,,,
"metals, non-ferro",A.100.24.102,"Materials, metals, non ferro        Note: when 'virgin' is added it is 100% primary, when nothing is added it is a european market mix accoding to JRC report : Towards recycling indicators based on EU flows and raw materials analysis system data. 2018",kg ,Aluminium (secondary),0.148295133,0.960379098,,,
"metals, non-ferro",A.100.24.103,"Materials, metals, non ferro        Note: when 'virgin' is added it is 100% primary, when nothing is added it is a european market mix accoding to JRC report : Towards recycling indicators based on EU flows and raw materials analysis system data. 2018",kg ,Aluminium trade mix (76% prim 24% sec),2.29904551,7.669262406,,,
"metals, non-ferro",A.100.24.104,"Materials, metals, non ferro        Note: when 'virgin' is added it is 100% primary, when nothing is added it is a european market mix accoding to JRC report : Towards recycling indicators based on EU flows and raw materials analysis system data. 2018",kg ,"Antimony, CRM (EoL-RIR = 18%)",10.23457642,13.5288015,,,
"metals, non-ferro",A.100.24.105,"Materials, metals, non ferro        Note: when 'virgin' is added it is 100% primary, when nothing is added it is a european market mix accoding to JRC report : Towards recycling indicators based on EU flows and raw materials analysis system data. 2018",kg ,Cadmium (EoL-RIR = 0%),20.52047121,3.715558496,,,
"metals, non-ferro",A.100.24.106,"Materials, metals, non ferro        Note: when 'virgin' is added it is 100% primary, when nothing is added it is a european market mix accoding to JRC report : Towards recycling indicators based on EU flows and raw materials analysis system data. 2018",kg ,"Chromium, CRM (EoL-RIR = 21%)",5.977387212,23.50608647,,,
"metals, non-ferro",A.100.24.107,"Materials, metals, non ferro        Note: when 'virgin' is added it is 100% primary, when nothing is added it is a european market mix accoding to JRC report : Towards recycling indicators based on EU flows and raw materials analysis system data. 2018",kg ,"Cobalt, CRM (EoL-RIR = 22%)",40.69660979,8.707894737,,,
"metals, non-ferro",A.100.24.108,"Materials, metals, non ferro        Note: when 'virgin' is added it is 100% primary, when nothing is added it is a european market mix accoding to JRC report : Towards recycling indicators based on EU flows and raw materials analysis system data. 2018",kg ,Copper (primary),5.442372987,4.304969474,,,
"metals, non-ferro",A.100.24.109,"Materials, metals, non ferro        Note: when 'virgin' is added it is 100% primary, when nothing is added it is a european market mix accoding to JRC report : Towards recycling indicators based on EU flows and raw materials analysis system data. 2018",kg ,Copper (secondary),0.160582658,0.905375038,,,
"metals, non-ferro",A.100.24.110,"Materials, metals, non ferro        Note: when 'virgin' is added it is 100% primary, when nothing is added it is a european market mix accoding to JRC report : Towards recycling indicators based on EU flows and raw materials analysis system data. 2018",kg ,"Copper wire, plate, pipe, trade mix ( 70% prim 30% sec)",3.857835891,3.285091128,,,
"metals, non-ferro",A.100.24.111,"Materials, metals, non ferro        Note: when 'virgin' is added it is 100% primary, when nothing is added it is a european market mix accoding to JRC report : Towards recycling indicators based on EU flows and raw materials analysis system data. 2018",kg ,"Gallium, CRM (EoL-RIR = 0%)",195.9406581,209.8691729,,,
"metals, non-ferro",A.100.24.112,"Materials, metals, non ferro        Note: when 'virgin' is added it is 100% primary, when nothing is added it is a european market mix accoding to JRC report : Towards recycling indicators based on EU flows and raw materials analysis system data. 2018",kg ,Gold (primary),33788.24558,20191.44286,,,
"metals, non-ferro",A.100.24.113,"Materials, metals, non ferro        Note: when 'virgin' is added it is 100% primary, when nothing is added it is a european market mix accoding to JRC report : Towards recycling indicators based on EU flows and raw materials analysis system data. 2018",kg ,Gold (secondary),111.1424007,746.1229173,,,
"metals, non-ferro",A.100.24.114,"Materials, metals, non ferro        Note: when 'virgin' is added it is 100% primary, when nothing is added it is a european market mix accoding to JRC report : Towards recycling indicators based on EU flows and raw materials analysis system data. 2018",kg ,Gold trade mix (76% prim 24% sec),25705.74122,15524.56541,,,
"metals, non-ferro",A.100.24.115,"Materials, metals, non ferro        Note: when 'virgin' is added it is 100% primary, when nothing is added it is a european market mix accoding to JRC report : Towards recycling indicators based on EU flows and raw materials analysis system data. 2018",kg ,"Indium, CRM (EoL-RIR= 0%)",776.3035662,168.2672932,,,
"metals, non-ferro",A.100.24.116,"Materials, metals, non ferro        Note: when 'virgin' is added it is 100% primary, when nothing is added it is a european market mix accoding to JRC report : Towards recycling indicators based on EU flows and raw materials analysis system data. 2018",kg ,Lead (primary),2.390929275,2.133666617,,,
"metals, non-ferro",A.100.24.117,"Materials, metals, non ferro        Note: when 'virgin' is added it is 100% primary, when nothing is added it is a european market mix accoding to JRC report : Towards recycling indicators based on EU flows and raw materials analysis system data. 2018",kg ,Lead (secondary),0.107232673,0.684717947,,,
"metals, non-ferro",A.100.24.118,"Materials, metals, non ferro        Note: when 'virgin' is added it is 100% primary, when nothing is added it is a european market mix accoding to JRC report : Towards recycling indicators based on EU flows and raw materials analysis system data. 2018",kg ,Lead trade mix ( 20% prim 80% sec),0.563971997,0.974507669,,,
"metals, non-ferro",A.100.24.119,"Materials, metals, non ferro        Note: when 'virgin' is added it is 100% primary, when nothing is added it is a european market mix accoding to JRC report : Towards recycling indicators based on EU flows and raw materials analysis system data. 2018",kg ,Lithium (EoL-RIR = 0%),9.622273565,20.6887218,,,
"metals, non-ferro",A.100.24.120,"Materials, metals, non ferro        Note: when 'virgin' is added it is 100% primary, when nothing is added it is a european market mix accoding to JRC report : Towards recycling indicators based on EU flows and raw materials analysis system data. 2018",kg ,"Magnesium, CRM (primary)",4.578433508,29.86329398,,,
"metals, non-ferro",A.100.24.121,"Materials, metals, non ferro        Note: when 'virgin' is added it is 100% primary, when nothing is added it is a european market mix accoding to JRC report : Towards recycling indicators based on EU flows and raw materials analysis system data. 2018",kg ,"Magnesium, CRM (secondary)",0.08807019,0.55607606,,,
"metals, non-ferro",A.100.24.122,"Materials, metals, non ferro        Note: when 'virgin' is added it is 100% primary, when nothing is added it is a european market mix accoding to JRC report : Towards recycling indicators based on EU flows and raw materials analysis system data. 2018",kg ,"Magnesium, CRM, trade mix (93% prim 7% sec)",4.264108067,27.81178872,,,
"metals, non-ferro",A.100.24.123,"Materials, metals, non ferro        Note: when 'virgin' is added it is 100% primary, when nothing is added it is a european market mix accoding to JRC report : Towards recycling indicators based on EU flows and raw materials analysis system data. 2018",kg ,Manganese (EoL_RIR= 9%),1.179813186,2.847744361,,,
"metals, non-ferro",A.100.24.124,"Materials, metals, non ferro        Note: when 'virgin' is added it is 100% primary, when nothing is added it is a european market mix accoding to JRC report : Towards recycling indicators based on EU flows and raw materials analysis system data. 2018",kg ,Mercury (virgin),4672.698126,130.1086466,,,
"metals, non-ferro",A.100.24.125,"Materials, metals, non ferro        Note: when 'virgin' is added it is 100% primary, when nothing is added it is a european market mix accoding to JRC report : Towards recycling indicators based on EU flows and raw materials analysis system data. 2018",kg ,Molybdenum (EoL-RIR = 9%),52.21199981,9.737593985,,,
"metals, non-ferro",A.100.24.126,"Materials, metals, non ferro        Note: when 'virgin' is added it is 100% primary, when nothing is added it is a european market mix accoding to JRC report : Towards recycling indicators based on EU flows and raw materials analysis system data. 2018",kg ,Nickel (primary),30.81981511,14.76936992,,,
"metals, non-ferro",A.100.24.127,"Materials, metals, non ferro        Note: when 'virgin' is added it is 100% primary, when nothing is added it is a european market mix accoding to JRC report : Towards recycling indicators based on EU flows and raw materials analysis system data. 2018",kg ,Nickel (secondary),0.096282683,0.611208301,,,
"metals, non-ferro",A.100.24.128,"Materials, metals, non ferro        Note: when 'virgin' is added it is 100% primary, when nothing is added it is a european market mix accoding to JRC report : Towards recycling indicators based on EU flows and raw materials analysis system data. 2018",kg ,Nickel trade mix (84% prim 16% sec),25.90405037,12.50406391,,,
"metals, non-ferro",A.100.24.129,"Materials, metals, non ferro        Note: when 'virgin' is added it is 100% primary, when nothing is added it is a european market mix accoding to JRC report : Towards recycling indicators based on EU flows and raw materials analysis system data. 2018",kg ,"Palladium, CRM (primary)",30549.04384,26729.32331,,,
"metals, non-ferro",A.100.24.130,"Materials, metals, non ferro        Note: when 'virgin' is added it is 100% primary, when nothing is added it is a european market mix accoding to JRC report : Towards recycling indicators based on EU flows and raw materials analysis system data. 2018",kg ,"Palladium, CRM (secondary)",46.12683311,309.6593835,,,
"metals, non-ferro",A.100.24.131,"Materials, metals, non ferro        Note: when 'virgin' is added it is 100% primary, when nothing is added it is a european market mix accoding to JRC report : Towards recycling indicators based on EU flows and raw materials analysis system data. 2018",kg ,"Palladium, CRM, trade mix (67% prim 33% sec)",20483.08111,18010.83459,,,
"metals, non-ferro",A.100.24.132,"Materials, metals, non ferro        Note: when 'virgin' is added it is 100% primary, when nothing is added it is a european market mix accoding to JRC report : Towards recycling indicators based on EU flows and raw materials analysis system data. 2018",kg ,"Platinum, CRM (primary)",24106.53538,37556.39098,,,
"metals, non-ferro",A.100.24.133,"Materials, metals, non ferro        Note: when 'virgin' is added it is 100% primary, when nothing is added it is a european market mix accoding to JRC report : Towards recycling indicators based on EU flows and raw materials analysis system data. 2018",kg ,"Platinum, CRM (secondary)",162.8811065,1093.456015,,,
"metals, non-ferro",A.100.24.134,"Materials, metals, non ferro        Note: when 'virgin' is added it is 100% primary, when nothing is added it is a european market mix accoding to JRC report : Towards recycling indicators based on EU flows and raw materials analysis system data. 2018",kg ,"Platinum, CRM, trade mix (75% prim 25% sec)",18120.62182,28440.65714,,,
"metals, non-ferro",A.100.24.135,"Materials, metals, non ferro        Note: when 'virgin' is added it is 100% primary, when nothing is added it is a european market mix accoding to JRC report : Towards recycling indicators based on EU flows and raw materials analysis system data. 2018",kg ,"Rhodium, CRM (primary)",19590.24329,39360.90226,,,
"metals, non-ferro",A.100.24.136,"Materials, metals, non ferro        Note: when 'virgin' is added it is 100% primary, when nothing is added it is a european market mix accoding to JRC report : Towards recycling indicators based on EU flows and raw materials analysis system data. 2018",kg ,"Rhodium, CRM (secondary)",459.8995909,3087.405188,,,
"metals, non-ferro",A.100.24.137,"Materials, metals, non ferro        Note: when 'virgin' is added it is 100% primary, when nothing is added it is a european market mix accoding to JRC report : Towards recycling indicators based on EU flows and raw materials analysis system data. 2018",kg ,"Rhodium, CRM, trade mix (64% prim 36% sec)",12703.31957,26302.44361,,,
"metals, non-ferro",A.100.24.138,"Materials, metals, non ferro        Note: when 'virgin' is added it is 100% primary, when nothing is added it is a european market mix accoding to JRC report : Towards recycling indicators based on EU flows and raw materials analysis system data. 2018",kg ,Silicon (metallurgical) for steel,2.078847317,6.15575218,,,
"metals, non-ferro",A.100.24.139,"Materials, metals, non ferro        Note: when 'virgin' is added it is 100% primary, when nothing is added it is a european market mix accoding to JRC report : Towards recycling indicators based on EU flows and raw materials analysis system data. 2018",kg ,Silver (primary),717.5348043,139.5101504,,,
"metals, non-ferro",A.100.24.140,"Materials, metals, non ferro        Note: when 'virgin' is added it is 100% primary, when nothing is added it is a european market mix accoding to JRC report : Towards recycling indicators based on EU flows and raw materials analysis system data. 2018",kg ,Silver (secondary),3.341963053,16.21123609,,,
"metals, non-ferro",A.100.24.141,"Materials, metals, non ferro        Note: when 'virgin' is added it is 100% primary, when nothing is added it is a european market mix accoding to JRC report : Towards recycling indicators based on EU flows and raw materials analysis system data. 2018",kg ,Silver trade mix (81% prim 19% sec),581.838165,116.0833534,,,
"metals, non-ferro",A.100.24.142,"Materials, metals, non ferro        Note: when 'virgin' is added it is 100% primary, when nothing is added it is a european market mix accoding to JRC report : Towards recycling indicators based on EU flows and raw materials analysis system data. 2018",kg ,Tantalum (EoL-RIR = 87%),634.4522606,228.541985,,,
"metals, non-ferro",A.100.24.143,"Materials, metals, non ferro        Note: when 'virgin' is added it is 100% primary, when nothing is added it is a european market mix accoding to JRC report : Towards recycling indicators based on EU flows and raw materials analysis system data. 2018",kg ,Tellurium (EoL-RIR = 1%),125.2858066,50.2306985,,,
"metals, non-ferro",A.100.24.144,"Materials, metals, non ferro        Note: when 'virgin' is added it is 100% primary, when nothing is added it is a european market mix accoding to JRC report : Towards recycling indicators based on EU flows and raw materials analysis system data. 2018",kg ,Tin (virgin),28.50519661,18.91240602,,,
"metals, non-ferro",A.100.24.145,"Materials, metals, non ferro        Note: when 'virgin' is added it is 100% primary, when nothing is added it is a european market mix accoding to JRC report : Towards recycling indicators based on EU flows and raw materials analysis system data. 2018",kg ,Titanium (primary),21.3562401,33.33766466,,,
"metals, non-ferro",A.100.24.146,"Materials, metals, non ferro        Note: when 'virgin' is added it is 100% primary, when nothing is added it is a european market mix accoding to JRC report : Towards recycling indicators based on EU flows and raw materials analysis system data. 2018",kg ,Titanium (secondary),3.740480378,21.63817218,,,
"metals, non-ferro",A.100.24.147,"Materials, metals, non ferro        Note: when 'virgin' is added it is 100% primary, when nothing is added it is a european market mix accoding to JRC report : Towards recycling indicators based on EU flows and raw materials analysis system data. 2018",kg ,"Titanium trade mix (99% prim, 1% sec)",21.18008309,33.22066992,,,
"metals, non-ferro",A.100.24.148,"Materials, metals, non ferro        Note: when 'virgin' is added it is 100% primary, when nothing is added it is a european market mix accoding to JRC report : Towards recycling indicators based on EU flows and raw materials analysis system data. 2018",kg ,"Tungsten, CRM (EoL-RIR=42%)",25.63095137,1.89932015,,,
"metals, non-ferro",A.100.24.149,"Materials, metals, non ferro        Note: when 'virgin' is added it is 100% primary, when nothing is added it is a european market mix accoding to JRC report : Towards recycling indicators based on EU flows and raw materials analysis system data. 2018",kg ,Vanadium (primary),35.35900005,19.42012331,,,
"metals, non-ferro",A.100.24.150,"Materials, metals, non ferro        Note: when 'virgin' is added it is 100% primary, when nothing is added it is a european market mix accoding to JRC report : Towards recycling indicators based on EU flows and raw materials analysis system data. 2018",kg ,Vanadium trade mix (99% prim 1% sec),35.00541048,19.22592256,,,
"metals, non-ferro",A.100.24.151,"Materials, metals, non ferro        Note: when 'virgin' is added it is 100% primary, when nothing is added it is a european market mix accoding to JRC report : Towards recycling indicators based on EU flows and raw materials analysis system data. 2018",kg ,Zinc (primary),2.690470809,3.715558496,,,
"metals, non-ferro",A.100.24.152,"Materials, metals, non ferro        Note: when 'virgin' is added it is 100% primary, when nothing is added it is a european market mix accoding to JRC report : Towards recycling indicators based on EU flows and raw materials analysis system data. 2018",kg ,Zinc (secondary),0.162897926,1.051379173,,,
"metals, non-ferro",A.100.24.153,"Materials, metals, non ferro        Note: when 'virgin' is added it is 100% primary, when nothing is added it is a european market mix accoding to JRC report : Towards recycling indicators based on EU flows and raw materials analysis system data. 2018",kg ,Zinc trade mix (86% prim 14% sec),2.336610569,3.342573383,,,
"metals, non-ferro",A.100.24.154,"Materials, metals, non ferro        Note: when 'virgin' is added it is 100% primary, when nothing is added it is a european market mix accoding to JRC report : Towards recycling indicators based on EU flows and raw materials analysis system data. 2018",kg ,Tungsten (primary),44.08005848,3.236842105,,,
"metals, non-ferro",A.100.24.155,"Materials, metals, non ferro        Note: when 'virgin' is added it is 100% primary, when nothing is added it is a european market mix accoding to JRC report : Towards recycling indicators based on EU flows and raw materials analysis system data. 2018",kg ,Tungsten (secondary),0.007191759,0.041650708,,,
"metals, non-ferro",A.100.25.101,"Materials, metals, particular metals    ",kg ,Arsenic (as co-product of Copper),2.368372987,4.801210075,,,
"metals, non-ferro",A.100.25.102,"Materials, metals, particular metals    ",kg ,Barium,0.885450857,3.425232406,,,
"metals, non-ferro",A.100.25.103,"Materials, metals, particular metals    ",kg ,Berylium,376.2566486,631.5323835,,,
"metals, non-ferro",A.100.25.104,"Materials, metals, particular metals    ",kg ,Bismuth (as co-product of Lead),26.17092958,2.133666617,,,
"metals, non-ferro",A.100.25.105,"Materials, metals, particular metals    ",kg ,Boron,11.17041039,56.60176241,,,
"metals, non-ferro",A.100.25.107,"Materials, metals, particular metals    ",kg ,Hafnium,344.048704,349.882797,,,
"metals, non-ferro",A.100.25.108,"Materials, metals, particular metals    ",kg ,Niobium,40.36828861,0.203007519,,,
"metals, non-ferro",A.100.25.109,"Materials, metals, particular metals    ",kg ,Rhenium,5925.185473,901.064812,,,
"metals, non-ferro",A.100.25.110,"Materials, metals, particular metals    ",kg ,Strontium,1.488338926,5.432919774,,,
"metals, non-ferro",A.100.25.111,"Materials, metals, particular metals    ",kg ,Thallium,3375.077554,374.2263158,,,
"metals, non-ferro",A.100.25.112,"Materials, metals, particular metals    ",kg ,Thorium,153.7701603,125.4912932,,,
"metals, non-ferro",A.100.26.101,"Materials, metals, rare earth    ",kg ,Cerium,118.6112824,29.27423534,,,
"metals, non-ferro",A.100.26.102,"Materials, metals, rare earth    ",kg ,Dysprosium,1306.86717,136.6311128,,,
"metals, non-ferro",A.100.26.103,"Materials, metals, rare earth    ",kg ,Erbium,214.0139141,111.4395489,,,
"metals, non-ferro",A.100.26.104,"Materials, metals, rare earth    ",kg ,Eutropium,1749.62884,904.0407519,,,
"metals, non-ferro",A.100.26.105,"Materials, metals, rare earth    ",kg ,Gadolinium,67.03749653,106.7744511,,,
"metals, non-ferro",A.100.26.106,"Materials, metals, rare earth    ",kg ,Lanthanum,119.610711,25.25175639,,,
"metals, non-ferro",A.100.26.107,"Materials, metals, rare earth    ",kg ,"Mischmetal: Cerium 67%, lanthanum 20%, Neodimium 11%, rest 2%",130.096934,29.97730376,,,
"metals, non-ferro",A.100.26.108,"Materials, metals, rare earth    ",kg ,Neodymium,222.6824424,40.29671654,,,
"metals, non-ferro",A.100.26.109,"Materials, metals, rare earth    ",kg ,Praseodymium,110.5081187,44.0288,,,
"metals, non-ferro",A.100.26.110,"Materials, metals, rare earth    ",kg ,Samarium,146.8753478,135.4648346,,,
"metals, non-ferro",A.100.26.111,"Materials, metals, rare earth    ",kg ,Scandium,3540.312877,10.00386391,,,
"metals, non-ferro",A.100.26.112,"Materials, metals, rare earth    ",kg ,Terbium,1577.797496,678.9494511,,,
"metals, non-ferro",A.100.26.113,"Materials, metals, rare earth    ",kg ,Ytterbium,125.3513902,285.9144436,,,
"metals, non-ferro",A.100.26.114,"Materials, metals, rare earth    ",kg ,Yttrium,116.1734418,34.58196466,,,
"metals, non-ferro",A.100.28.100,"Materials, metals, non ferro, aluminiums ",kg ,Al99,2.29904551,7.669262406,,,
"metals, non-ferro",A.100.28.101,"Materials, metals, non ferro, aluminiums ",kg ,AlCuMg1 (2017),2.416562529,7.928080451,,,
"metals, non-ferro",A.100.28.102,"Materials, metals, non ferro, aluminiums ",kg ,AlCuMg2 (2024),2.441720953,8.094144361,,,
"metals, non-ferro",A.100.28.103,"Materials, metals, non ferro, aluminiums ",kg ,AlCuMgPb (2011),2.513765779,8.064521053,,,
"metals, non-ferro",A.100.28.104,"Materials, metals, non ferro, aluminiums ",kg ,AlCuSiMg (2036),2.386443427,7.877818045,,,
"metals, non-ferro",A.100.28.105,"Materials, metals, non ferro, aluminiums ",kg ,AlMg1 (5005),2.37002419,8.21526391,,,
"metals, non-ferro",A.100.28.106,"Materials, metals, non ferro, aluminiums ",kg ,AlMg3 (5754a),2.345038554,8.419880451,,,
"metals, non-ferro",A.100.28.107,"Materials, metals, non ferro, aluminiums ",kg ,AlMg4.5Mn (5182),2.434324433,8.900966165,,,
"metals, non-ferro",A.100.28.108,"Materials, metals, non ferro, aluminiums ",kg ,AlMgSi0.5 (6060 and 6063),2.354940181,8.09467218,,,
"metals, non-ferro",A.100.28.109,"Materials, metals, non ferro, aluminiums ",kg ,AlMgSi0.7 (6005),2.360622551,8.124099248,,,
"metals, non-ferro",A.100.28.110,"Materials, metals, non ferro, aluminiums ",kg ,AlMn1 (3003),2.339181214,7.965623308,,,
"metals, non-ferro",A.100.28.111,"Materials, metals, non ferro, aluminiums ",kg ,AlMn1.2Mg1 (3004),2.356593437,8.157406015,,,
"metals, non-ferro",A.100.28.112,"Materials, metals, non ferro, aluminiums ",kg ,AlSiMgMn (6009),2.355264863,8.098759398,,,
"metals, non-ferro",A.100.28.113,"Materials, metals, non ferro, aluminiums ",kg ,AlZnCuMg (7075),2.418914219,8.176556391,,,
"metals, non-ferro",A.100.28.114,"Materials, metals, non ferro, aluminiums ",kg ,G-AlCu4TiMg (204),2.419369692,7.833832331,,,
"metals, non-ferro",A.100.28.115,"Materials, metals, non ferro, aluminiums ",kg ,G-AlMg3 (242),2.398535434,8.567118797,,,
"metals, non-ferro",A.100.28.116,"Materials, metals, non ferro, aluminiums ",kg ,G-AlMg5 (314),2.481795688,8.834804511,,,
"metals, non-ferro",A.100.28.117,"Materials, metals, non ferro, aluminiums ",kg ,G-AlSi12 (230),2.320232528,7.7733,,,
"metals, non-ferro",A.100.28.118,"Materials, metals, non ferro, aluminiums ",kg ,G-AlSi12Cu (231),2.325606665,7.781381955,,,
"metals, non-ferro",A.100.28.119,"Materials, metals, non ferro, aluminiums ",kg ,G-AlSi7Mg (Thixo),2.336435534,7.943741353,,,
"metals, non-ferro",A.100.28.120,"Materials, metals, non ferro, aluminiums ",kg ,G-AlSi8Cu3 (380),2.36295682,7.677354135,,,
"metals, non-ferro",A.100.30.098,"Materials, metals, non ferro, coppers ",kg ,Copper (European Copper Instituut),5.145593191,3.605018797,,,
"metals, non-ferro",A.100.30.099,"Materials, metals, non ferro, coppers ",kg ,"Copper (US), study Thinkstep, tubes",5.595259522,4.66555015,,,
"metals, non-ferro",A.100.30.100,"Materials, metals, non ferro, coppers ",kg ,Cu-E,3.857835891,3.285091128,,,
"metals, non-ferro",A.100.30.101,"Materials, metals, non ferro, coppers ",kg ,CuAg-E,4.468417725,3.594137368,,,
"metals, non-ferro",A.100.30.102,"Materials, metals, non ferro, coppers ",kg ,CuAl5,3.963825769,3.790748421,,,
"metals, non-ferro",A.100.30.103,"Materials, metals, non ferro, coppers ",kg ,CuNi10Fe,6.020872513,4.363794887,,,
"metals, non-ferro",A.100.30.104,"Materials, metals, non ferro, coppers ",kg ,CuNi18Zn,7.550653091,5.148965564,,,
"metals, non-ferro",A.100.30.105,"Materials, metals, non ferro, coppers ",kg ,CuNi44Mn,13.54204693,7.518851128,,,
"metals, non-ferro",A.100.30.106,"Materials, metals, non ferro, coppers ",kg ,CuSn6.7P,5.534094939,4.521798947,,,
"metals, non-ferro",A.100.30.107,"Materials, metals, non ferro, coppers ",kg ,CuSn8,5.858368396,4.728239173,,,
"metals, non-ferro",A.100.30.108,"Materials, metals, non ferro, coppers ",kg ,CuZn15,3.658395818,3.486676316,,,
"metals, non-ferro",A.100.30.109,"Materials, metals, non ferro, coppers ",kg ,CuZn30,3.430212006,3.495298647,,,
"metals, non-ferro",A.100.30.110,"Materials, metals, non ferro, coppers ",kg ,CuZn37,3.323726222,3.499322406,,,
"metals, non-ferro",A.100.30.111,"Materials, metals, non ferro, coppers ",kg ,CuZn40,3.278089455,3.501046842,,,
"metals, non-ferro",A.100.30.112,"Materials, metals, non ferro, coppers ",kg ,"CuZn40Pb (Brass, alpha-beta, machinable)",3.244730838,3.466101729,,,
"metals, non-ferro",A.100.30.113,"Materials, metals, non ferro, coppers ",kg ,G-CuAl10Fe,3.622179641,3.849406466,,,
"metals, non-ferro",A.100.30.114,"Materials, metals, non ferro, coppers ",kg ,G-CuAl10Ni,4.780460927,4.322917669,,,
"metals, non-ferro",A.100.30.115,"Materials, metals, non ferro, coppers ",kg ,G-CuNi10,6.003524703,4.368928947,,,
"metals, non-ferro",A.100.30.116,"Materials, metals, non ferro, coppers ",kg ,G-CuSn10,6.351315651,5.040785489,,,
"metals, non-ferro",A.100.30.117,"Materials, metals, non ferro, coppers ",kg ,G-CuSn12,6.844262871,5.353331729,,,
"metals, non-ferro",A.100.30.118,"Materials, metals, non ferro, coppers ",kg ,G-CuSn5Zn5Pb5,4.969541076,4.204722632,,,
"metals, non-ferro",A.100.30.119,"Materials, metals, non ferro, coppers ",kg ,G-CuZn15,3.658395818,3.486676316,,,
"metals, non-ferro",A.100.30.120,"Materials, metals, non ferro, coppers ",kg ,G-CuZn37Pb,3.293928685,3.50397188,,,
"metals, non-ferro",A.100.30.121,"Materials, metals, non ferro, coppers ",kg ,G-CuZn40,3.278089455,3.501046842,,,
"metals, non-ferro",A.100.32.101,"Materials, metals, non ferro, magnesiums",kg ,AM100A,4.141167498,26.28713985,,,
"metals, non-ferro",A.100.32.102,"Materials, metals, non ferro, magnesiums",kg ,AM503,4.303746501,28.02678797,,,
"metals, non-ferro",A.100.32.103,"Materials, metals, non ferro, magnesiums",kg ,G-MgAl6Zn3,4.161944988,26.35876391,,,
"metals, non-ferro",A.100.32.104,"Materials, metals, non ferro, magnesiums",kg ,G-MgAl8Zn1,4.173911181,26.59178647,,,
"metals, non-ferro",A.100.32.105,"Materials, metals, non ferro, magnesiums",kg ,G-MgAl9Zn2,4.122268116,25.99918045,,,
"metals, non-ferro",A.100.32.106,"Materials, metals, non ferro, magnesiums",kg ,GD-MgAl9Zn1,4.146400285,26.30979098,,,
"metals, non-ferro",A.100.32.107,"Materials, metals, non ferro, magnesiums",kg ,MgAl3Zn,4.256362547,27.42746015,,,
"metals, non-ferro",A.100.32.108,"Materials, metals, non ferro, magnesiums",kg ,MgZn6Zr,4.23504718,26.98054962,,,
"metals, non-ferro",A.100.32.109,"Materials, metals, non ferro, magnesiums",kg ,MgMn1.5,4.294493572,27.95189549,,,
"metals, non-ferro",A.100.32.110,"Materials, metals, non ferro, magnesiums",kg ,MgAl6Zn,4.189127466,26.73495338,,,
"metals, non-ferro",A.100.34.101,"Materials, metals, non ferro, nickels",kg ,Duranik,24.72583219,12.91922707,,,
"metals, non-ferro",A.100.34.102,"Materials, metals, non ferro, nickels",kg ,Invar,10.88170977,9.979490977,,,
"metals, non-ferro",A.100.34.103,"Materials, metals, non ferro, nickels",kg ,Mumetal,20.48029209,11.08718346,,,
"metals, non-ferro",A.100.34.104,"Materials, metals, non ferro, nickels",kg ,Ni 99.6,25.90405037,12.50406391,,,
"metals, non-ferro",A.100.34.105,"Materials, metals, non ferro, nickels",kg ,Ni span C902,11.9255497,8.418678195,,,
"metals, non-ferro",A.100.34.106,"Materials, metals, non ferro, nickels",kg ,NiCr 80 20,22.00358023,15.27416842,,,
"metals, non-ferro",A.100.34.107,"Materials, metals, non ferro, nickels",kg ,NiCr20Co18Ti,23.80106905,14.91424361,,,
"metals, non-ferro",A.100.34.108,"Materials, metals, non ferro, nickels",kg ,NiCr20TiAl,21.51966645,15.69911654,,,
"metals, non-ferro",A.100.34.109,"Materials, metals, non ferro, nickels",kg ,NiCu30Al,19.78440144,12.06481053,,,
"metals, non-ferro",A.100.34.110,"Materials, metals, non ferro, nickels",kg ,NiCu30Fe,18.53108373,9.940698496,,,
"metals, non-ferro",A.100.34.111,"Materials, metals, non ferro, nickels",kg ,NiFe 50 50,13.24575301,7.553565414,,,
"metals, non-ferro",A.100.34.112,"Materials, metals, non ferro, nickels",kg ,NiMo30,33.11863277,12.14810526,,,
"metals, non-ferro",A.100.34.113,"Materials, metals, non ferro, nickels",kg ,Supermalloy,22.17159418,10.64454812,,,
"metals, non-ferro",A.100.36.101,"Materials, metals, non ferro, titaniums",kg ,TiAl5Sn2,22.79767773,42.23412632,,,
"metals, non-ferro",A.100.36.102,"Materials, metals, non ferro, titaniums",kg ,TiAl6V4,22.97875296,41.77652932,,,
"metals, non-ferro",A.100.36.103,"Materials, metals, non ferro, titaniums",kg ,TiV15SnCrAl3,24.82964267,40.28296391,,,
"metals, non-ferro",A.100.38.101,"Materials, metals, non ferro, zincs",kg ,G-ZnAlCu,2.570828894,4.554558496,,,
"metals, non-ferro",A.100.38.102,"Materials, metals, non ferro, zincs",kg ,Zamak3,2.485956464,4.482286541,,,
"metals, non-ferro",A.100.38.103,"Materials, metals, non ferro, zincs",kg ,Zamak5,2.514890209,4.506924662,,,
"metals, non-ferro",A.100.38.104,"Materials, metals, non ferro, zincs",kg ,ZnCuTi,2.650222528,4.584509774,,,
"metals, non-ferro",A.100.38.105,"Materials, metals, non ferro, zincs",kg ,Zinc (super plastic),2.479605994,5.058046015,,,
"metals, non-ferro",A.100.40.101,"Materials, metals, non ferro, magnets",kg ,"Barium Ferrite magnet, ceramic 4 MGOe",1.236653511,6.875808797,,,
"metals, non-ferro",A.100.40.102,"Materials, metals, non ferro, magnets",kg ,Neodymium magnet (NdFeB) 50 MGOe,83.14283581,19.43879699,,,
"metals, non-ferro",A.100.40.103,"Materials, metals, non ferro, magnets",kg ,Neodymium magnet (NdFeB) 50 MGOe recycled,4.897749085,5.261129699,,,
"metals, non-ferro",A.100.40.104,"Materials, metals, non ferro, magnets",kg ,"Neodymium magnet (NdFeB) corrosion resistant, 40 MGOe",108.7334919,22.47361353,,,
"metals, non-ferro",A.100.40.105,"Materials, metals, non ferro, magnets",kg ,"Neodymium magnet (NdFeB) corrosion resistant, 40 MGOe recycled",6.198391198,5.414198947,,,
"metals, non-ferro",A.100.40.106,"Materials, metals, non ferro, magnets",kg ,"SmCo (1:5) magnet, 20 MGOe",79.98640214,60.51086917,,,
"metals, non-ferro",A.100.40.107,"Materials, metals, non ferro, magnets",kg ,"Nitride magnet (Fe16N2), 20-80 MGOe",1.280908091,7.110919925,,,
paper & packaging,A.120.01.101,"Materials, paper and packaging, general",kg ,Board (solid) and recycled paper (test liner and fluting) in Europe,0.105232176,0.835804511,,,
paper & packaging,A.120.01.102,"Materials, paper and packaging, general",kg ,Brown paper (kraft liner),0.097802533,0.444102053,,,
paper & packaging,A.120.01.103,"Materials, paper and packaging, general",m2 ,Brown paper (kraft liner) 70 gr/m2,0.00684652,0.031088698,,,
paper & packaging,A.120.01.104,"Materials, paper and packaging, general",kg ,"Brown paper (kraft liner), FSC or wood waste based",0.097802533,0.444102053,,,
paper & packaging,A.120.01.105,"Materials, paper and packaging, general",kg ,Moulded fibre products.,0.075165839,0.597003211,,,
paper & packaging,A.120.01.106,"Materials, paper and packaging, general",kg ,"Paper, woodfree uncoated, bleached",0.097874913,0.454983165,,,
paper & packaging,A.120.01.107,"Materials, paper and packaging, general",m2 ,"Paper, woodfree uncoated, bleached 80 gr/m2",0.007829993,0.036398653,,,
paper & packaging,A.120.01.108,"Materials, paper and packaging, general",kg ,"Paper, woodfree uncoated, bleached, FSC or waste wood based",0.097874913,0.454983165,,,
paper & packaging,A.120.01.109,"Materials, paper and packaging, general",kg ,Semichemical fluting,0.121728031,0.539476188,,,
paper & packaging,A.120.01.110,"Materials, paper and packaging, general",kg ,"Semichemical fluting, FCS or wood waste based",0.121728031,0.539476188,,,
paper & packaging,A.120.01.111,"Materials, paper and packaging, general",kg ,Folding Boxboard GC1,0.105630899,0.503683624,,,
paper & packaging,A.120.01.112,"Materials, paper and packaging, general",kg ,Folding Boxboard GC2 or GC3,0.130123729,0.65383918,,,
paper & packaging,A.120.01.113,"Materials, paper and packaging, general",kg ,Paper and board for (fat) food packaging,0.105559241,0.492911323,,,
paper & packaging,A.120.10.101,"Materials, packaging MAP films",m2 ,film HDPE 50 mu,0.055793136,0.107771451,,,
paper & packaging,A.120.10.102,"Materials, packaging MAP films",m2 ,film LDPE 50 mu,0.058479017,0.107999714,,,
paper & packaging,A.120.10.103,"Materials, packaging MAP films",m2 ,film PC 50 mu,0.089090323,0.24440303,,,
paper & packaging,A.120.10.104,"Materials, packaging MAP films",m2 ,film PET / PE+EVOH+PE 62 mu for MAP,0.077546496,0.168197579,,,
paper & packaging,A.120.10.105,"Materials, packaging MAP films",m2 ,film PET 50 mu,0.072937678,0.186901835,,,
paper & packaging,A.120.10.106,"Materials, packaging MAP films",m2 ,film PET+ALOx / LDPE 62 mu for MAP,0.076227746,0.152093406,,,
paper & packaging,A.120.10.107,"Materials, packaging MAP films",m2 ,film PET+PVOH / LDPE 62 mu for MAP,0.076468491,0.152147293,,,
paper & packaging,A.120.10.108,"Materials, packaging MAP films",m2 ,film PLA (biobased) 50 mu,0.041326657,0.275278489,,,
paper & packaging,A.120.10.109,"Materials, packaging MAP films",m2 ,film PP 50 mu,0.056547257,0.094510015,,,
paper & packaging,A.120.10.110,"Materials, packaging MAP films",m2 ,film PP+PVDC 62 mu for MAP,0.153523248,0.225667624,,,
paper & packaging,A.120.10.111,"Materials, packaging MAP films",m2 ,film PS (shrink) 50 mu,0.066677067,0.140431602,,,
paper & packaging,A.120.10.112,"Materials, packaging MAP films",m2 ,"film PVC (stiff, shrink) 50 mu",0.071047726,0.194347398,,,
paper & packaging,A.120.10.113,"Materials, packaging MAP films",m2 ,"Printing of multilayer film, UV, Inkjet",0.008253953,0.024910289,,,
paper & packaging,A.120.20.101,"Materials, packaging MAP gasses",m3 ,MAP Carbon Dioxide gas at 1 bar 0 degr C,0.170388597,1.071303383,,,
paper & packaging,A.120.20.102,"Materials, packaging MAP gasses",m3 ,MAP Nitrogen gas at 1 bar 0 degr C,0.058493572,0.335659023,,,
paper & packaging,A.120.20.103,"Materials, packaging MAP gasses",m3 ,MAP Oxygen gas at 1 bar 0 degr C,0.09685731,0.557421947,,,
plastics,A.120.30.101,"Materials, plastics, packaging micellanious",kg ,"Mycelium composite protective packaging, Grown Bio, 121 kg/m3",0.053008668,0.248433541,,,
plastics,A.120.30.102,"Materials, plastics, packaging micellanious",kg ,Paperfoam,0.193481616,1.010374361,,,
plastics,A.130.01.101,"Materials, plastics, bioplastics",kg ,"bio-PE (Polyethylene) not biodegradable, from ethanol (Brazil, Braskem)",1.460649333,1.127819549,,,
plastics,A.130.01.102,"Materials, plastics, bioplastics",kg ,"CA (Cellulose polymers, biodegradable)",1.437186239,9.648141353,,,
plastics,A.130.01.103,"Materials, plastics, bioplastics",kg ,"PA-11 (Nylon-11), bio-based not biodegradable",1.447882711,5.097744361,,,
plastics,A.130.01.104,"Materials, plastics, bioplastics",kg ,"bio-PET (Polyethylene terephthalate) not biodegradable, from sugarcane",1.015835037,2.469924812,,,
plastics,A.130.01.105,"Materials, plastics, bioplastics",kg ,"PHA, PHB (Polyhydroxyalkanoates, biodegradable) from wastewater sludge",0.475476692,2.945472556,,,
plastics,A.130.01.106,"Materials, plastics, bioplastics",kg ,"PLA (Polylactide, biodegradable) of corn stover",0.594561975,3.996256316,,,
plastics,A.130.01.107,"Materials, plastics, bioplastics",kg ,PBS-Starch 50%-50% blend biodegradable plastic,0.421424045,2.472099248,,,
plastics,A.130.01.108,"Materials, plastics, bioplastics",kg ,"PBS (Polybutylene succinate, biodegradable thermoplastic)",0.712544754,4.232300301,,,
plastics,A.130.01.109,"Materials, plastics, bioplastics",kg ,"PBAT (polybutylene adipate-co-terephthalate, biodegradable thermoplastic)",0.749532364,4.570973985,,,
plastics,A.130.01.110,"Materials, plastics, bioplastics",kg ,"bio-PE (Polyethylene) not biodegradable, from tallow (waste), HVO",1.027597988,1.660641654,,,
plastics,A.130.01.111,"Materials, plastics, bioplastics",kg ,"bio-PP (Polypropylene) not biodegradable, from tallow (waste), HVO",1.095802536,1.468912331,,,
plastics,A.130.01.112,"Materials, plastics, bioplastics",kg ,"PEF (Polyethylene furan-2,5-dicarboxylate) not biodegradable, from sugarcane",0.724657362,1.047512481,,,
plastics,A.130.03.101,"Materials, plastics, recycled plastics",kg ,"Mechanical recycled pellets (rPET, rPE, rPP, rPVC), downcycled",0.106738011,0.62129315,,,
plastics,A.130.03.102,"Materials, plastics, recycled plastics",kg ,Moulded Recycled mixed polymer (downcycled),0.162281518,0.966577594,,,
plastics,A.130.03.103,"Materials, plastics, recycled plastics",kg ,ABS (Acrylonitrile butadiene styrene) chemical upcycled,0.678984692,3.370948947,,,
plastics,A.130.03.104,"Materials, plastics, recycled plastics",kg ,"CA (Cellelose acetate, tetra, bio-degradable) chemical upcycled",1.437186239,9.648141353,,,
plastics,A.130.03.105,"Materials, plastics, recycled plastics",kg ,EVA (Ethylene vinyl acetate) chemical upcycled,0.954175527,4.852392331,,,
plastics,A.130.03.106,"Materials, plastics, recycled plastics",kg ,"Flexible Polymeer Foam (PE), chemical upcycled",0.493076727,2.383213534,,,
plastics,A.130.03.107,"Materials, plastics, recycled plastics",kg ,"Ionomer, chemical upcycled",2.735831251,13.33648195,,,
plastics,A.130.03.108,"Materials, plastics, recycled plastics",kg ,"PA-11 (Nylon-11), not biodegradable, chemical upcycled",0.835582711,5.097744361,,,
plastics,A.130.03.109,"Materials, plastics, recycled plastics",kg ,PA (Nylons) chemical upcycled,0.919222212,5.654872256,,,
plastics,A.130.03.110,"Materials, plastics, recycled plastics",kg ,PC (Polycarbonate) chemical upclycled,0.788587553,4.336998797,,,
plastics,A.130.03.111,"Materials, plastics, recycled plastics",kg ,"bio-PE (Polyethylene) non biodegradable, chemical upcycled",0.396386048,2.304266165,,,
plastics,A.130.03.112,"Materials, plastics, recycled plastics",kg ,"PE (HDPE, High density Polyethylene), chemical upcycled",0.396386048,2.304266165,,,
plastics,A.130.03.113,"Materials, plastics, recycled plastics",kg ,PET (Polyethylene terephthalate) chemical upcycled,0.275460842,1.421543759,,,
plastics,A.130.03.114,"Materials, plastics, recycled plastics",kg ,"PHA, PHB (Polyhydroxyalkanoates, biodegradeble), chemical upcycled",0.475476692,2.945472556,,,
plastics,A.130.03.115,"Materials, plastics, recycled plastics",kg ,"PLA (Polylactide, starch based biodegradeble plastic), chemical upcycled",0.594561975,3.996256316,,,
plastics,A.130.03.116,"Materials, plastics, recycled plastics",kg ,PMMA (Polymethyl methacrylate) chemical upcycled,0.703495485,5.233246165,,,
plastics,A.130.03.117,"Materials, plastics, recycled plastics",kg ,POM (Polyoxymethylene) chemical upcycled,0.726742031,4.820793985,,,
plastics,A.130.03.118,"Materials, plastics, recycled plastics",kg ,PP (Polypropylene) chemical upcycled,0.464590606,2.112536842,,,
plastics,A.130.03.119,"Materials, plastics, recycled plastics",kg ,PS (Polystyrene) chemical upcycled,0.44420822,2.795276617,,,
plastics,A.130.03.120,"Materials, plastics, recycled plastics",kg ,"PTFE (Teflon), chemical upcycled",2.821323848,14.94449699,,,
plastics,A.130.03.121,"Materials, plastics, recycled plastics",kg ,"PTT (Polyltrimethylene terephthalate), chemical upcycled",0.689804051,4.639743759,,,
plastics,A.130.03.122,"Materials, plastics, recycled plastics",kg ,PUR (Polyurethane) chemical upcycled,0.718882516,4.278366617,,,
plastics,A.130.03.123,"Materials, plastics, recycled plastics",kg ,PVC (Polyvinylchloride) chemical upcycled,0.690718387,2.930130677,,,
plastics,A.130.03.124,"Materials, plastics, recycled plastics",kg ,Starch-PBS 50%-50% blend biodegradeble plastic chemical upcycled,0.421424045,2.472099248,,,
plastics,A.130.03.125,"Materials, plastics, recycled plastics",kg ,PBS biodegradeble plastic chemical upcycled,0.712544754,4.232300301,,,
plastics,A.130.03.126,"Materials, plastics, recycled plastics",kg ,"PBAT (polybutylene adipate-co-terephthalate), closed loop chemical upcycling credit b",0.749532364,4.570973985,,,
plastics,A.130.03.127,"Materials, plastics, recycled plastics",kg ,"PAN (Polyacrylonitrile fibres), chemical upcycled",0.949579643,6.059905263,,,
plastics,A.130.03.128,"Materials, plastics, recycled plastics",kg ,"bio-PP (Polypropylene) non biodegradable, chemical upcycled",0.464590598,2.112536842,,,
plastics,A.130.03.129,"Materials, plastics, recycled plastics",kg ,"bio-PET (Polyethylene terephthalate) non biodegradable, chemical upcycled",0.275460842,1.421543759,,,
plastics,A.130.03.130,"Materials, plastics, recycled plastics",kg ,"PEF (Polyethylene furan-2,5-dicarboxylate), closed loop chemical upcycling credit bio",0.724657362,1.047512481,,,
plastics,A.130.05.100,"Materials, plastics, Rubbers                     ",kg ,BR (butadiene rubber),1.769855803,4.470148947,,,
plastics,A.130.05.101,"Materials, plastics, Rubbers                     ",kg ,BR and IIR (butadiene rubber and butyl rubber) in tires,1.502545852,4.268788271,,,
plastics,A.130.05.102,"Materials, plastics, Rubbers                     ",kg ,EPDM (ethylene propylene diene monomer rubber),1.583568748,3.947368421,,,
plastics,A.130.05.103,"Materials, plastics, Rubbers                     ",kg ,EVA (ethylene vinyl acetate rubber),1.416361494,4.08196594,,,
plastics,A.130.05.104,"Materials, plastics, Rubbers                     ",kg ,IR (polyisoprene rubber),1.422926809,3.00899203,,,
plastics,A.130.05.105,"Materials, plastics, Rubbers                     ",kg ,Natural rubber,2.028776204,1.562340752,,,
plastics,A.130.05.106,"Materials, plastics, Rubbers                     ",kg ,NBR (nitrile rubber),1.553871267,4.024169699,,,
plastics,A.130.05.107,"Materials, plastics, Rubbers                     ",kg ,"Polychloroprene (Neoprene , CR) rubber",1.376582958,5.926715263,,,
plastics,A.130.05.108,"Materials, plastics, Rubbers                     ",kg ,PU (polyurethane) rubber for shoe soles,1.53455774,5.240311504,,,
plastics,A.130.05.109,"Materials, plastics, Rubbers                     ",kg ,SAN (Styrene-acrylonitrile copolymer),1.385942459,3.067669173,,,
plastics,A.130.05.110,"Materials, plastics, Rubbers                     ",kg ,SBR (Styrene butadiene rubber),1.394708395,3.904294737,,,
plastics,A.130.05.111,"Materials, plastics, Rubbers                     ",kg ,Silicone rubber (PDMS),1.987460121,8.210582707,,,
plastics,A.130.07.101,"Materials, plastics, Thermoplasts                         ",kg ,ABS (Acrylonitrile butadiene styrene),1.385957736,3.033834586,,,
plastics,A.130.07.102,"Materials, plastics, Thermoplasts                         ",kg ,ABS 30% glass fibre,1.061639986,2.543233083,,,
plastics,A.130.07.103,"Materials, plastics, Thermoplasts                         ",kg ,Ionomer,3.472804763,13.06229098,,,
plastics,A.130.07.104,"Materials, plastics, Thermoplasts                         ",kg ,"PA 6 (Nylon 6, Polyamide 6)",1.447882711,5.097744361,,,
plastics,A.130.07.105,"Materials, plastics, Thermoplasts                         ",kg ,PA 6 30% glass fibre,1.104987467,3.987969925,,,
plastics,A.130.07.106,"Materials, plastics, Thermoplasts                         ",kg ,"PA 66 (Nylon 66, Polyamide 6-6)",1.834663616,7.218045113,,,
plastics,A.130.07.107,"Materials, plastics, Thermoplasts                         ",kg ,PA 66 30% glass fibre,1.375734098,5.472180451,,,
plastics,A.130.07.108,"Materials, plastics, Thermoplasts                         ",kg ,PB-1 (Polybutylene),1.201564132,1.838345865,,,
plastics,A.130.07.109,"Materials, plastics, Thermoplasts                         ",kg ,PC (Polycarbonate),1.443605975,3.834586466,,,
plastics,A.130.07.110,"Materials, plastics, Thermoplasts                         ",kg ,PC 30% glass fibre,1.101993751,3.103759398,,,
plastics,A.130.07.111,"Materials, plastics, Thermoplasts                         ",kg ,"PE (HDPE, High density Polyethylene)",1.133359567,2.030075188,,,
plastics,A.130.07.112,"Materials, plastics, Thermoplasts                         ",kg ,"PE (LDPE, Low density Polyethylene)",1.230050247,2.109022556,,,
plastics,A.130.07.113,"Materials, plastics, Thermoplasts                         ",kg ,"PE (LLDPE, Linear low density Polyethylene)",1.191670378,2.018796992,,,
plastics,A.130.07.114,"Materials, plastics, Thermoplasts                         ",kg ,PE (Polyethylene) expanded,1.332001984,2.761748271,,,
plastics,A.130.07.116,"Materials, plastics, Thermoplasts                         ",kg ,PET (Polyethylene terephthalate) 30% glass fibre,0.802554094,2.148496241,,,
plastics,A.130.07.117,"Materials, plastics, Thermoplasts                         ",kg ,PET (Polyethylene terephthalate) amorphous,1.017983179,2.332094211,,,
plastics,A.130.07.118,"Materials, plastics, Thermoplasts                         ",kg ,PET (Polyethylene terephthalate) bottle grade,1.015835037,2.469924812,,,
plastics,A.130.07.119,"Materials, plastics, Thermoplasts                         ",kg ,PMMA (Polymethyl methacrylate),1.127753159,4.398496241,,,
plastics,A.130.07.120,"Materials, plastics, Thermoplasts                         ",kg ,"POM (Polyoxymethyleen, polyacetaal)",0.915883745,3.609022556,,,
plastics,A.130.07.121,"Materials, plastics, Thermoplasts                         ",kg ,PP (Polypropylene),1.201564132,1.838345865,,,
plastics,A.130.07.122,"Materials, plastics, Thermoplasts                         ",kg ,PP GF30,0.932564457,1.706390977,,,
plastics,A.130.07.123,"Materials, plastics, Thermoplasts                         ",kg ,"PS (EPS, expandable polystyrene, white)",1.257962016,2.571428571,,,
plastics,A.130.07.124,"Materials, plastics, Thermoplasts                         ",kg ,"PS (GPPS, general purpose polystyrene)",1.228806622,2.436090226,,,
plastics,A.130.07.125,"Materials, plastics, Thermoplasts                         ",kg ,"PS (HIPS, high impact polysyrene)",1.244505469,2.537593985,,,
plastics,A.130.07.126,"Materials, plastics, Thermoplasts                         ",kg ,"PTFE (Teflon, Polytetrafluoroethylene)",3.112716167,13.53383459,,,
plastics,A.130.07.127,"Materials, plastics, Thermoplasts                         ",kg ,PTT (Polyltrimethylene terephthalate),0.982769496,3.748991955,,,
plastics,A.130.07.128,"Materials, plastics, Thermoplasts                         ",kg ,"PVOH (Polyvinyl alcohol) and PVA (Polyvinyl acetate, wood gluel)",1.414389353,3.66681203,,,
plastics,A.130.07.129,"Materials, plastics, Thermoplasts                         ",kg ,PVC (Polyvinylchloride emulsion polymerised),1.012643535,2.672932331,,,
plastics,A.130.07.130,"Materials, plastics, Thermoplasts                         ",kg ,PVC (Polyvinylchloride suspension polymerised),0.964007565,2.503759398,,,
plastics,A.130.07.131,"Materials, plastics, Thermoplasts                         ",kg ,"PVC (Polyvinylchloride, trade mix)",0.973734757,2.537593985,,,
plastics,A.130.07.132,"Materials, plastics, Thermoplasts                         ",kg ,PVDC (Polyvinyliden chloride),3.716782868,5.162384511,,,
plastics,A.130.07.133,"Materials, plastics, Thermoplasts                         ",kg ,PAN Polyacrylonitrile fibres,1.524313165,5.785714286,,,
plastics,A.130.09.101,"Materials, plastics, Thermosets                          ",kg ,Carbon fiber-reinforced plastic,3.58636741,22.60599248,,,
plastics,A.130.09.102,"Materials, plastics, Thermosets                          ",kg ,"Epoxy resin & HCL from Bisphenol A 33%, Epichlorohydrin 66%",1.374025855,2.592917368,,,
plastics,A.130.09.103,"Materials, plastics, Thermosets                          ",kg ,MF (melamine formaldehyde resin),0.964518039,1.99657218,,,
plastics,A.130.09.104,"Materials, plastics, Thermosets                          ",kg ,PF (phenol formaldehyde resin),0.939808248,1.529754135,,,
plastics,A.130.09.105,"Materials, plastics, Thermosets                          ",kg ,Phenolics (Bakelite),0.919273465,1.815389925,,,
plastics,A.130.09.106,"Materials, plastics, Thermosets                          ",kg ,Polyester (unsaturated resin),1.328347362,2.438446842,,,
plastics,A.130.09.107,"Materials, plastics, Thermosets                          ",kg ,PUR flex. block foam TDI,1.30428765,3.73603188,,,
plastics,A.130.09.108,"Materials, plastics, Thermosets                          ",kg ,PUR flex. moulded  TDI with flame retardant,1.170106265,4.015638872,,,
plastics,A.130.09.109,"Materials, plastics, Thermosets                          ",kg ,PUR flex. moulded TDI,1.304096297,3.718144662,,,
plastics,A.130.09.110,"Materials, plastics, Thermosets                          ",kg ,PUR flex. moulded. MDI,1.269420567,3.587464211,,,
plastics,A.130.09.111,"Materials, plastics, Thermosets                          ",kg ,PUR rigid foam MDI,1.234939269,3.533825865,,,
plastics,A.130.09.112,"Materials, plastics, Thermosets                          ",kg ,Sheet molding compound 25% glass fibre,0.493938672,1.683762707,,,
plastics,A.130.09.113,"Materials, plastics, Thermosets                          ",kg ,Sheet molding compound 50% glass fibre,0.465455071,1.619864962,,,
plastics,A.130.09.114,"Materials, plastics, Thermosets                          ",kg ,UF (urea-formaldehyde resin),0.909175683,1.809063158,,,
plastics,A.130.11.101,"Materials, plastics, Special              ",kg ,Bisphenol A,1.099947331,2.553023008,,,
plastics,A.130.11.102,"Materials, plastics, Special              ",kg ,DEHP (diisooctyl phthalate),1.077513188,2.481203008,,,
plastics,A.130.11.103,"Materials, plastics, Special              ",kg ,DINP (diisononyl phthalate),1.077513188,2.481203008,,,
plastics,A.130.11.104,"Materials, plastics, Special              ",kg ,Epichlorohydrin,1.342623932,2.295,,,
plastics,A.130.11.105,"Materials, plastics, Special              ",kg ,"EVOH (Ethylene vinyl alcohol), film barrier of gasses",1.487203456,5.899451053,,,
plastics,A.130.11.106,"Materials, plastics, Special              ",kg ,Formaldehyde,0.558316966,1.068504737,,,
plastics,A.130.11.107,"Materials, plastics, Special              ",kg ,MDI (Methylene diphenyl diisocyanate),1.112894696,3.112781955,,,
plastics,A.130.11.108,"Materials, plastics, Special              ",kg ,MMA (Methyl methacrylate),0.511741054,4.172932331,,,
plastics,A.130.11.109,"Materials, plastics, Special              ",kg ,Nafion,129.7312959,937.2180451,,,
plastics,A.130.11.111,"Materials, plastics, Special              ",kg ,PEEK (Polyetheretherketone),5.62364085,20.30075188,,,
plastics,A.130.11.112,"Materials, plastics, Special              ",kg ,PEI (PolyEther Imide),2.76277555,11.01707143,,,
plastics,A.130.11.113,"Materials, plastics, Special              ",kg ,Phthalic anhydride,1.472009494,3.688880602,,,
plastics,A.130.11.114,"Materials, plastics, Special              ",kg ,Polyether-polyols,1.229104108,3.242481203,,,
plastics,A.130.11.115,"Materials, plastics, Special              ",kg ,PPS (polyphenylene sulfide),4.823743893,8.082399248,,,
plastics,A.130.11.116,"Materials, plastics, Special              ",kg ,PVB (Polyvinyl butyral),1.036228798,2.632753383,,,
plastics,A.130.11.117,"Materials, plastics, Special              ",kg ,TDI (toluene diisocyanate),1.207925505,3.541353383,,,
plastics,A.130.11.118,"Materials, plastics, Special              ",kg ,"PE for bottles with deposit in EU (RR=80%, RIR=25%)",0.876704186,1.677879699,,,
plastics,A.130.11.119,"Materials, plastics, Special              ",kg ,"PET for bottles with deposit in EU (RR=80%, RIR=25%)",0.788560788,2.007766917,,,
plastics,A.130.11.120,"Materials, plastics, Special              ",kg ,"PP for bottles with deposit in EU (RR=80%, RIR=25%)",0.927857596,1.534082707,,,
plastics,A.130.11.121,"Materials, plastics, Special              ",kg ,"PVC for bottles with deposit in EU (RR=80%, RIR=25%)",0.756985572,2.058518797,,,
textile,A.140.01.101,"Materials, textiles, materials",kg ,Acrylic fibres,2.142073165,5.785714286,,,
textile,A.140.01.102,"Materials, textiles, materials",kg ,BioCotton fibre from China/India (without global seatransport),0.929318241,0.37697412,,,
textile,A.140.01.103,"Materials, textiles, materials",kg ,BioCotton fibre from USA (without global seatransport),1.006067369,0.864541805,,,
textile,A.140.01.104,"Materials, textiles, materials",kg ,Cotton fibre from China/India (without global seatransport),1.040839235,0.997942331,,,
textile,A.140.01.105,"Materials, textiles, materials",kg ,Cotton fibre from USA (without global seatransport),1.117359243,1.488715639,,,
textile,A.140.01.106,"Materials, textiles, materials",kg ,Cotton fibre trade mix (without global seatransport),1.060781398,1.133013609,,,
textile,A.140.01.107,"Materials, textiles, materials",kg ,Elastane (polyurethane) pellets,1.304096297,3.718144662,,,
textile,A.140.01.108,"Materials, textiles, materials",kg ,Fleece from recycled PET bottles,1.420969241,8.612018045,,,
textile,A.140.01.109,"Materials, textiles, materials",kg ,"Jute fibre incl. degumming, market mix",0.880907819,4.290562105,,,
textile,A.140.01.110,"Materials, textiles, materials",kg ,"Jute fibre incl. degumming, India, irrigation",1.550713479,4.290562105,,,
textile,A.140.01.111,"Materials, textiles, materials",kg ,"Jute fibre incl. degumming, India, rain fed, renewable fuel",0.89615323,4.48109812,,,
textile,A.140.01.112,"Materials, textiles, materials",kg ,"Kenaf fibre incl. degumming, India",0.928834454,3.102819624,,,
textile,A.140.01.113,"Materials, textiles, materials",kg ,"Kenaf fibre incl. degumming, Italy, renewable fule",0.63076923,1.513173459,,,
textile,A.140.01.114,"Materials, textiles, materials",kg ,Nylon pellets,1.641273162,6.157894737,,,
textile,A.140.01.115,"Materials, textiles, materials",kg ,Polyester = PET pellets,1.017983179,2.332094211,,,
textile,A.140.01.116,"Materials, textiles, materials",kg ,PLA (polylactide) pellets,0.594561975,3.996256316,,,
textile,A.140.01.117,"Materials, textiles, materials",kg ,Sorona (PTT) biobased pellets,0.982769496,3.748991955,,,
textile,A.140.01.118,"Materials, textiles, materials",kg ,Viscose production,0.383047642,1.691729323,,,
textile,A.140.01.119,"Materials, textiles, materials",kg ,"Wool from Australia, transported to Rotterdam",12.21106378,88.0557594,,,
textile,A.140.01.120,"Materials, textiles, materials",kg ,PP (Polypropylene) pellets,1.201564132,1.838345865,,,
textile,A.140.01.121,"Materials, textiles, materials",kg ,Flax fibres for spinning linen,0.378774055,1.553926165,,,
textile,A.140.03.101,"Materials, textiles, processes",kg ,"dyeing, with pollution, without materials input, India",7.411238855,3.145351729,,,
textile,A.140.03.102,"Materials, textiles, processes",kg ,"dyeing, without materials input, Europe",0.477747717,3.145351729,,,
textile,A.140.03.103,"Materials, textiles, processes",kg ,heat setting and washing synthetic fabrics,0.186211993,1.179370677,,,
textile,A.140.03.104,"Materials, textiles, processes",kg ,knitting  83 dtex,0.048903959,0.283224812,,,
textile,A.140.03.105,"Materials, textiles, processes",kg ,knitting 200 dtex,0.020136925,0.116621985,,,
textile,A.140.03.106,"Materials, textiles, processes",kg ,knitting 300 dtex,0.013424616,0.077747985,,,
textile,A.140.03.107,"Materials, textiles, processes",kg ,pretreatment of cotton,0.266944857,1.747864286,,,
textile,A.140.03.108,"Materials, textiles, processes",kg ,spinning cotton  45 dtex,2.151774204,12.46189173,,,
textile,A.140.03.109,"Materials, textiles, processes",kg ,spinning cotton  70 dtex,1.383694384,8.013596241,,,
textile,A.140.03.110,"Materials, textiles, processes",kg ,spinning cotton 100 dtex,0.968490178,5.60896203,,,
textile,A.140.03.111,"Materials, textiles, processes",kg ,spinning cotton 150 dtex,0.645340481,3.737456842,,,
textile,A.140.03.112,"Materials, textiles, processes",kg ,spinning cotton 200 dtex,0.484245086,2.804480977,,,
textile,A.140.03.113,"Materials, textiles, processes",kg ,spinning cotton 300 dtex,0.323149689,1.871505113,,,
textile,A.140.03.114,"Materials, textiles, processes",kg ,spinning cotton 400 dtex,0.242601996,1.405017218,,,
textile,A.140.03.115,"Materials, textiles, processes",kg ,spinning cotton 500 dtex,0.193698035,1.121792406,,,
textile,A.140.03.116,"Materials, textiles, processes",kg ,spinning extruder polymer filaments  (80 - 500 dtex),0.173947651,1.035165714,,,
textile,A.140.03.117,"Materials, textiles, processes",kg ,spinning viscose fibres (80-500 dtex),0.042872917,0.252459835,,,
textile,A.140.03.118,"Materials, textiles, processes",kg ,texturing polymer fibres,0.095890117,0.555342774,,,
textile,A.140.03.119,"Materials, textiles, processes",kg ,weaving  15 dtex,9.461477758,54.79567143,,,
textile,A.140.03.120,"Materials, textiles, processes",kg ,weaving  30 dtex,4.730259402,27.39505865,,,
textile,A.140.03.121,"Materials, textiles, processes",kg ,weaving  45 dtex,3.153825957,18.26522406,,,
textile,A.140.03.122,"Materials, textiles, processes",kg ,weaving  70 dtex,2.027117021,11.73994586,,,
textile,A.140.03.123,"Materials, textiles, processes",kg ,weaving 100 dtex,1.419173707,8.219072932,,,
textile,A.140.03.124,"Materials, textiles, processes",kg ,weaving 150 dtex,0.946435446,5.481233158,,,
textile,A.140.03.125,"Materials, textiles, processes",kg ,weaving 200 dtex,0.709586865,4.109536541,,,
textile,A.140.03.126,"Materials, textiles, processes",kg ,weaving 300 dtex,0.472738271,2.73783985,,,
textile,A.140.03.127,"Materials, textiles, processes",kg ,weaving 400 dtex,0.354793432,2.054768271,,,
textile,A.140.03.128,"Materials, textiles, processes",kg ,weaving 500 dtex,0.283834742,1.643814586,,,
textile,A.140.03.129,"Materials, textiles, processes",kg ,"Geotextiles (PP, 500 dTex, woven)",1.659346524,4.517326165,,,
water,A.150.01.101,"Materials, water",kg ,drinking water europe,0.000151616,0.000709574,,,
water,A.150.01.102,"Materials, water",kg ,industrial reverse osmosis water europe,0.002876579,0.009673317,,,
wood,A.160.01.101,"Materials, wood, Class I (>25y)",kg ,Afrormosia FSC/PEFC 700 (kg/m3),0.058337942,0.267130444,,,
wood,A.160.01.102,"Materials, wood, Class I (>25y)",kg ,"Afrormosia natural forest, clear cut 700 (kg/m3)",5.383979222,4.158107895,,,
wood,A.160.01.103,"Materials, wood, Class I (>25y)",kg ,Afzelia FCS/PEFC 820 (kg/m3),0.055923992,0.257848286,,,
wood,A.160.01.104,"Materials, wood, Class I (>25y)",kg ,"Afzelia natural forest, clear cut 820 (kg/m3)",6.550323985,4.148825714,,,
wood,A.160.01.105,"Materials, wood, Class I (>25y)",kg ,Guaiacum wood FSC/PEFC 1250 (kg/m3),0.054636552,0.252897797,,,
wood,A.160.01.106,"Materials, wood, Class I (>25y)",kg ,"Guaiacum wood natural forest, clear cut 1250 (kg/m3)",3.509061557,4.143875263,,,
wood,A.160.01.107,"Materials, wood, Class I (>25y)",kg ,Iroko FSC/PEFC 650 (kg/m3),0.061717471,0.280125474,,,
wood,A.160.01.108,"Materials, wood, Class I (>25y)",kg ,"Iroko natural forest, clear cut 650 (kg/m3)",5.302342432,4.171102932,,,
wood,A.160.01.109,"Materials, wood, Class I (>25y)",kg ,Makore FSC/PEFC 660 (kg/m3),0.058820732,0.26898688,,,
wood,A.160.01.110,"Materials, wood, Class I (>25y)",kg ,"Makore natural forest, clear cut 660 (kg/m3)",5.213570714,4.159964361,,,
wood,A.160.01.111,"Materials, wood, Class I (>25y)",kg ,Mansonia FSC/PEFC 620 (kg/m3),0.060430032,0.275174992,,,
wood,A.160.01.112,"Materials, wood, Class I (>25y)",kg ,"Mansonia natural forest, clear cut 620 (kg/m3)",6.009523795,4.166152406,,,
wood,A.160.01.113,"Materials, wood, Class I (>25y)",kg ,Moabi FSC/PEFC 815 (kg/m3),0.056084922,0.258467098,,,
wood,A.160.01.114,"Materials, wood, Class I (>25y)",kg ,"Moabi natural forest, clear cut 815 (kg/m3)",6.550484912,4.149444511,,,
wood,A.160.01.115,"Materials, wood, Class I (>25y)",kg ,"Padouk, African FSC/PEFC 740 (kg/m3)",0.057533292,0.264036391,,,
wood,A.160.01.116,"Materials, wood, Class I (>25y)",kg ,"Padouk, African natural forest, clear cut 740 (kg/m3)",7.170233277,4.155013835,,,
wood,A.160.01.117,"Materials, wood, Class I (>25y)",kg ,"Palissander, Indisch FSC/PEFC 850 (kg/m3)",0.054475622,0.252278985,,,
wood,A.160.01.118,"Materials, wood, Class I (>25y)",kg ,"Palissander, Indisch natural forest, clear cut 850 (kg/m3)",4.90007563,4.143256466,,,
wood,A.160.01.119,"Materials, wood, Class I (>25y)",kg ,Robinia FSC/PEFC 740 (kg/m3),0.058233307,0.263361308,,,
wood,A.160.01.120,"Materials, wood, Class I (>25y)",kg ,Teak FSC/PEFC 665 (kg/m3),0.0763621,0.336437271,,,
wood,A.160.01.121,"Materials, wood, Class I (>25y)",kg ,"Teak natural forest, clear cut 665 (kg/m3)",5.188174573,4.227414737,,,
wood,A.160.02.101,"Materials, wood, Class II (15-25y)",kg ,Agba FSC/PEFC 500 (kg/m3),0.064775141,0.291882887,,,
wood,A.160.02.102,"Materials, wood, Class II (15-25y)",kg ,"Agba natural forest, clear cut 500 (kg/m3)",10.40637518,4.182860301,,,
wood,A.160.02.103,"Materials, wood, Class II (15-25y)",kg ,Angelique FSC 735 (kg/m3),0.055923992,0.257848286,,,
wood,A.160.02.104,"Materials, wood, Class II (15-25y)",kg ,"Angelique natural forest, clear cut 735 (kg/m3)",5.571348985,4.148825714,,,
wood,A.160.02.105,"Materials, wood, Class II (15-25y)",kg ,Azobé FSC/PEFC 1060 (kg/m3),0.055280272,0.255373038,,,
wood,A.160.02.106,"Materials, wood, Class II (15-25y)",kg ,"Azobé natural forest, clear cut 1060 (kg/m3)",5.175680266,4.146350451,,,
wood,A.160.02.107,"Materials, wood, Class II (15-25y)",kg ,Bosse clair FSC/PEFC 575 (kg/m3),0.061878401,0.280744286,,,
wood,A.160.02.108,"Materials, wood, Class II (15-25y)",kg ,"Bosse clair natural forest, clear cut 575 (kg/m3)",9.098178359,4.171721729,,,
wood,A.160.02.109,"Materials, wood, Class II (15-25y)",kg ,Bubinga FSC/PEFC 830 (kg/m3),0.055763062,0.257229474,,,
wood,A.160.02.110,"Materials, wood, Class II (15-25y)",kg ,"Bubinga natural forest, clear cut 830 (kg/m3)",6.481463057,4.148206917,,,
wood,A.160.02.111,"Materials, wood, Class II (15-25y)",kg ,"Cedar, American FSC/PEFC 490 (kg/m3)",0.066706302,0.299308617,,,
wood,A.160.02.112,"Materials, wood, Class II (15-25y)",kg ,"Cedar, American natural forest, clear cut 490 (kg/m3)",9.324563834,4.19028609,,,
wood,A.160.02.113,"Materials, wood, Class II (15-25y)",kg ,Chestnut FSC/PEFC 540 (kg/m3),0.044153567,0.113140526,,,
wood,A.160.02.114,"Materials, wood, Class II (15-25y)",kg ,Cordia FCS/PEFC 540 (kg/m3),0.07121234,0.316635323,,,
wood,A.160.02.115,"Materials, wood, Class II (15-25y)",kg ,"Cordia natural forest, clear cut 540 (kg/m3)",6.256462344,4.207612782,,,
wood,A.160.02.116,"Materials, wood, Class II (15-25y)",kg ,Idigbo FSC/PEFC 550 (kg/m3),0.059625382,0.272080932,,,
wood,A.160.02.117,"Materials, wood, Class II (15-25y)",kg ,"Idigbo natural forest, clear cut 550 (kg/m3)",5.042625349,4.163058346,,,
wood,A.160.02.118,"Materials, wood, Class II (15-25y)",kg ,Mahogany FSC/PEFC 1110 (kg/m3),0.055602132,0.256610662,,,
wood,A.160.02.119,"Materials, wood, Class II (15-25y)",kg ,"Mahogany natural forest, clear cut 1110 (kg/m3)",3.88100713,4.14758812,,,
wood,A.160.02.120,"Materials, wood, Class II (15-25y)",kg ,Meranti FSC/PEFC 640 (kg/m3),0.079902559,0.350051113,,,
wood,A.160.02.121,"Materials, wood, Class II (15-25y)",kg ,"Meranti natural forest, clear cut640 (kg/m3)",8.22310261,4.241028571,,,
wood,A.160.02.122,"Materials, wood, Class II (15-25y)",kg ,Merbau FSC/PEFC 800 (kg/m3),0.07233885,0.320967,,,
wood,A.160.02.123,"Materials, wood, Class II (15-25y)",kg ,"Merbau natural forest, clear cut 800 (kg/m3)",6.704138844,4.211944436,,,
wood,A.160.02.124,"Materials, wood, Class II (15-25y)",kg ,"Oak, European FSC/PEFC 710 (kg/m3)",0.051381151,0.23845618,,,
wood,A.160.02.125,"Materials, wood, Class II (15-25y)",kg ,Purpleheart FSC/PEFC 850 (kg/m3),0.054314692,0.251660173,,,
wood,A.160.02.126,"Materials, wood, Class II (15-25y)",kg ,"Purpleheart natural forest, clear cut 850 (kg/m3)",4.899914693,4.142637594,,,
wood,A.160.02.127,"Materials, wood, Class II (15-25y)",kg ,"Red Cedar, Western 370 (kg/m3)",0.104555879,0.444367541,,,
wood,A.160.02.128,"Materials, wood, Class II (15-25y)",kg ,Utile FSC/PEFC 640 (kg/m3),0.059947242,0.273318556,,,
wood,A.160.02.129,"Materials, wood, Class II (15-25y)",kg ,"Utile natural forest, clear cut 640 (kg/m3)",5.839008514,4.164296015,,,
wood,A.160.02.130,"Materials, wood, Class II (15-25y)",kg ,Wengé FSC/PEFC 830 (kg/m3),0.055763062,0.257229474,,,
wood,A.160.02.131,"Materials, wood, Class II (15-25y)",kg ,"Wengé natural forest, clear cut 830 (kg/m3)",6.481463057,4.148206917,,,
wood,A.160.03.101,"Materials, wood, Class III (10-15y)",kg ,Carapa FSC/PEFC 610 (kg/m3),0.059464451,0.27146212,,,
wood,A.160.03.102,"Materials, wood, Class III (10-15y)",kg ,"Carapa natural forest, clear cut 610 (kg/m3)",6.605389422,4.162439549,,,
wood,A.160.03.103,"Materials, wood, Class III (10-15y)",kg ,Dibetou FSC/PEFC550 (kg/m3),0.062843981,0.28445715,,,
wood,A.160.03.104,"Materials, wood, Class III (10-15y)",kg ,"Dibetou natural forest, clear cut 550 (kg/m3)",9.511343932,4.175434586,,,
wood,A.160.03.105,"Materials, wood, Class III (10-15y)",kg ,Kauri FSC/PEFC 485 (kg/m3),0.091972308,0.396461932,,,
wood,A.160.03.106,"Materials, wood, Class III (10-15y)",kg ,"Kauri natural forest, clear cut 485 (kg/m3)",10.70837199,4.287439398,,,
wood,A.160.03.107,"Materials, wood, Class III (10-15y)",kg ,Kotibe FSC/PEFCt 760 (kg/m3),0.056567711,0.260323526,,,
wood,A.160.03.108,"Materials, wood, Class III (10-15y)",kg ,"Kotibe natural forest, clear cut 760 (kg/m3)",3.796097703,4.151300977,,,
wood,A.160.03.109,"Materials, wood, Class III (10-15y)",kg ,Larch FSC/PEFC 600 (kg/m3),0.056567711,0.260323526,,,
wood,A.160.03.110,"Materials, wood, Class III (10-15y)",kg ,"Mahogany, African FSC/PEFC 640 (kg/m3)",0.059947242,0.273318556,,,
wood,A.160.03.111,"Materials, wood, Class III (10-15y)",kg ,"Mahogany, African natural forest, clear cut 640 (kg/m3)",8.203147214,4.164296015,,,
wood,A.160.03.112,"Materials, wood, Class III (10-15y)",kg ,Movigui FSC/PEFC 710 (kg/m3),0.055763062,0.257229474,,,
wood,A.160.03.113,"Materials, wood, Class III (10-15y)",kg ,"Movigui natural forest, clear cut 710 (kg/m3)",3.149513057,4.148206917,,,
wood,A.160.03.114,"Materials, wood, Class III (10-15y)",kg ,Mutenye FSC/PEFCt 820 (kg/m3),0.057694222,0.264655203,,,
wood,A.160.03.115,"Materials, wood, Class III (10-15y)",kg ,"Mutenye natural forest, clear cut 820 (kg/m3)",3.563644204,4.155632632,,,
wood,A.160.03.116,"Materials, wood, Class III (10-15y)",kg ,Niangon FSC/PEFC 710 (kg/m3),0.055763062,0.257229474,,,
wood,A.160.03.117,"Materials, wood, Class III (10-15y)",kg ,"Niangon natural forest, clear cut 710 (kg/m3)",4.008263057,4.148206917,,,
wood,A.160.03.118,"Materials, wood, Class III (10-15y)",kg ,Olon FSC/PEFC 485 (kg/m3),0.065579791,0.29497694,,,
wood,A.160.03.119,"Materials, wood, Class III (10-15y)",kg ,"Olon natural forest, clear cut 485 (kg/m3)",10.68197962,4.185954361,,,
wood,A.160.03.120,"Materials, wood, Class III (10-15y)",kg ,Oregon Pine FSC/PEFC 505 (kg/m3),0.086178829,0.374184737,,,
wood,A.160.03.121,"Materials, wood, Class III (10-15y)",kg ,"Oregon Pine natural forest, clear cut 505 (kg/m3)",3.693191339,0.182455414,,,
wood,A.160.03.122,"Materials, wood, Class III (10-15y)",kg ,"Tchitola natural forest, clear cut 630 (kg/m3)",5.914739441,4.164914812,,,
wood,A.160.03.123,"Materials, wood, Class III (10-15y)",kg ,Peroba FSC/PEFC 750 (kg/m3),0.058337942,0.267130444,,,
wood,A.160.03.124,"Materials, wood, Class III (10-15y)",kg ,"Peroba natural forest, clear cut 750 (kg/m3)",5.470712922,4.158107895,,,
wood,A.160.03.125,"Materials, wood, Class III (10-15y)",kg ,Pitch Pine FSC/PEFC 750 (kg/m3),0.058337942,0.267130444,,,
wood,A.160.03.126,"Materials, wood, Class III (10-15y)",kg ,"Pitch Pine natural forest, clear cut 750 (kg/m3)",7.102337922,4.158107895,,,
wood,A.160.03.127,"Materials, wood, Class III (10-15y)",kg ,Sapelli FSC/PEFC 650 (kg/m3),0.059625382,0.272080932,,,
wood,A.160.03.128,"Materials, wood, Class III (10-15y)",kg ,"Sapelli natural forest, clear cut 650 (kg/m3)",8.134125349,4.163058346,,,
wood,A.160.03.129,"Materials, wood, Class III (10-15y)",kg ,Scots pine FSC/PEFC 520 (kg/m3),0.04432761,0.215999195,,,
wood,A.160.03.130,"Materials, wood, Class III (10-15y)",kg ,Tchitola FSC/PEFC 630 (kg/m3),0.060108172,0.273937368,,,
wood,A.160.03.131,"Materials, wood, Class III (10-15y)",kg ,Tiama FSC/PEFC 560 (kg/m3),0.061717471,0.280125474,,,
wood,A.160.03.132,"Materials, wood, Class III (10-15y)",kg ,"Tiama natural forest, clear cut 560 (kg/m3)",9.304117432,4.171102932,,,
wood,A.160.03.133,"Materials, wood, Class III (10-15y)",kg ,Walnut FSC/PEFC 670 (kg/m3),0.069653567,0.30486985,,,
wood,A.160.03.134,"Materials, wood, Class III (10-15y)",kg ,Yang FSC/PEFC 750 (kg/m3),0.07249978,0.321585812,,,
wood,A.160.03.135,"Materials, wood, Class III (10-15y)",kg ,"Yang natural forest, clear cut 750 (kg/m3)",4.669062271,4.212563233,,,
wood,A.160.04.101,"Materials, wood, Class IV (5-10y)",kg ,Aningre FSC/PEFC 580 (kg/m3),0.058659802,0.268368068,,,
wood,A.160.04.102,"Materials, wood, Class IV (5-10y)",kg ,"Aningre natural forest, clear cut 580 (kg/m3)",4.801209777,4.159345489,,,
wood,A.160.04.103,"Materials, wood, Class IV (5-10y)",kg ,Avodire FSC/PEFC 550 (kg/m3),0.059625382,0.272080932,,,
wood,A.160.04.104,"Materials, wood, Class IV (5-10y)",kg ,"Avodire natural forest, clear cut 550 (kg/m3)",5.042625349,4.163058346,,,
wood,A.160.04.105,"Materials, wood, Class IV (5-10y)",kg ,Balsa FSC/PEFC 150 (kg/m3),0.144132758,0.590248571,,,
wood,A.160.04.106,"Materials, wood, Class IV (5-10y)",kg ,"Balsa natural forest, clear cut 150 (kg/m3)",41.45225797,4.481226015,,,
wood,A.160.04.107,"Materials, wood, Class IV (5-10y)",kg ,Birch FSC/PEFC 660 (kg/m3),0.069653567,0.30486985,,,
wood,A.160.04.108,"Materials, wood, Class IV (5-10y)",kg ,Elm FSC/PEFC 650 (kg/m3),0.069653567,0.30486985,,,
wood,A.160.04.109,"Materials, wood, Class IV (5-10y)",kg ,Emeri FSC/PEFC 515 (kg/m3),0.061878401,0.280744286,,,
wood,A.160.04.110,"Materials, wood, Class IV (5-10y)",kg ,"Emeri natural forest, clear cut 515 (kg/m3)",7.689828359,4.171721729,,,
wood,A.160.04.111,"Materials, wood, Class IV (5-10y)",kg ,Hemlock FSC/PEFCt 490 (kg/m3),0.087627199,0.379754038,,,
wood,A.160.04.112,"Materials, wood, Class IV (5-10y)",kg ,Hickory FSC/PEFCt 800 (kg/m3),0.053044956,0.246777759,,,
wood,A.160.04.113,"Materials, wood, Class IV (5-10y)",kg ,Limba FSC/PEFC 560 (kg/m3),0.059303522,0.270843316,,,
wood,A.160.04.114,"Materials, wood, Class IV (5-10y)",kg ,"Limba natural forest, clear cut 560 (kg/m3)",4.939253495,4.161820752,,,
wood,A.160.04.115,"Materials, wood, Class IV (5-10y)",kg ,Menkulang FSC/PEFC 710 (kg/m3),0.07427001,0.328392729,,,
wood,A.160.04.116,"Materials, wood, Class IV (5-10y)",kg ,"Menkulang natural forest, clear cut 710 (kg/m3)",4.885519989,4.21937015,,,
wood,A.160.04.117,"Materials, wood, Class IV (5-10y)",kg ,Mersawa FSC/PEFC 640 (kg/m3),0.07764954,0.341387759,,,
wood,A.160.04.118,"Materials, wood, Class IV (5-10y)",kg ,"Mersawa natural forest, clear cut 640 (kg/m3)",5.361212,4.232365188,,,
wood,A.160.04.119,"Materials, wood, Class IV (5-10y)",kg ,Okoume FSC/PEFC forest 440 (kg/m3),0.067832811,0.303640293,,,
wood,A.160.04.120,"Materials, wood, Class IV (5-10y)",kg ,"Okoume natural forest, clear cut 440 (kg/m3)",11.71473263,4.194617744,,,
wood,A.160.04.121,"Materials, wood, Class IV (5-10y)",kg ,Parana Pine FSC/PEFC 540 (kg/m3),0.061556542,0.279506669,,,
wood,A.160.04.122,"Materials, wood, Class IV (5-10y)",kg ,"Parana Pine natural forest, clear cut 540 (kg/m3)",7.380356505,4.170484135,,,
wood,A.160.04.123,"Materials, wood, Class IV (5-10y)",kg ,Radiata Pine FSC/PEFC 450 (kg/m3),0.104685777,0.445348,,,
wood,A.160.04.124,"Materials, wood, Class IV (5-10y)",kg ,Red oak FSC/PEFC 700 (kg/m3),0.069653567,0.30486985,,,
wood,A.160.04.125,"Materials, wood, Class IV (5-10y)",kg ,Silver fir FSC/PEFC 450 (kg/m3),0.058233307,0.263361308,,,
wood,A.160.04.126,"Materials, wood, Class IV (5-10y)",kg ,"Spruce, European FSC/PEFC 460 (kg/m3)",0.036628628,0.186394925,,,
wood,A.160.04.127,"Materials, wood, Class IV (5-10y)",kg ,Yellow pine FSC/PEFC 540 (kg/m3),0.048521213,0.229382977,,,
wood,A.160.05.101,"Materials, wood, Class V (<5y)",kg ,Abura FSC/PEFC 560 (kg/m3),0.064936071,0.292501699,,,
wood,A.160.05.102,"Materials, wood, Class V (<5y)",kg ,"Abura natural forest, clear cut 560 (kg/m3)",6.035498615,4.183479173,,,
wood,A.160.05.103,"Materials, wood, Class V (<5y)",kg ,Ahorn FSC/PEFC 640 (kg/m3),0.069653567,0.30486985,,,
wood,A.160.05.104,"Materials, wood, Class V (<5y)",kg ,Alder FSC/PEFC 530 (kg/m3),0.069653567,0.30486985,,,
wood,A.160.05.105,"Materials, wood, Class V (<5y)",kg ,Antiaris FSC/PEFC 445 (kg/m3),0.063648631,0.287551211,,,
wood,A.160.05.106,"Materials, wood, Class V (<5y)",kg ,"Antiaris natural forest, clear cut 445 (kg/m3)",6.077148678,4.178528647,,,
wood,A.160.05.107,"Materials, wood, Class V (<5y)",kg ,Ash FSC/PEFC 700 (kg/m3),0.069653567,0.30486985,,,
wood,A.160.05.108,"Materials, wood, Class V (<5y)",kg ,Aspen FSC/PEFC 440 (kg/m3),0.081073825,0.346378383,,,
wood,A.160.05.109,"Materials, wood, Class V (<5y)",kg ,Baboen FSC/PEFC 410 (kg/m3),0.102274448,0.43607591,,,
wood,A.160.05.110,"Materials, wood, Class V (<5y)",kg ,"Baboen natural forest, clear cut 410 (kg/m3)",9.585124464,4.327053383,,,
wood,A.160.05.111,"Materials, wood, Class V (<5y)",kg ,"Beech, European FSC/PEFC 710 (kg/m3)",0.038362056,0.191136451,,,
wood,A.160.05.112,"Materials, wood, Class V (<5y)",kg ,Black poplar FSC/PEFC 440 (kg/m3),0.069653567,0.30486985,,,
wood,A.160.05.113,"Materials, wood, Class V (<5y)",kg ,Blue gum FSC/PEFC 900 (kg/m3),0.07523559,0.332105594,,,
wood,A.160.05.114,"Materials, wood, Class V (<5y)",kg ,"Blue gum natural forest, clear cut 900 (kg/m3)",1.949560563,4.223083008,,,
wood,A.160.05.115,"Materials, wood, Class V (<5y)",kg ,Canaria FSC/PEFC 830 (kg/m3),0.055763062,0.257229474,,,
wood,A.160.05.116,"Materials, wood, Class V (<5y)",kg ,"Canaria natural forest, clear cut 830 (kg/m3)",6.481463057,4.148206917,,,
wood,A.160.05.117,"Materials, wood, Class V (<5y)",kg ,Cottonwood FSC/PEFC 440 (kg/m3),0.060590961,0.275793797,,,
wood,A.160.05.118,"Materials, wood, Class V (<5y)",kg ,"Cottonwood natural forest, clear cut 440 (kg/m3)",1.134560962,4.166771278,,,
wood,A.160.05.119,"Materials, wood, Class V (<5y)",kg ,Hornbean FSC/PEFC 750 (kg/m3),0.046813047,0.221852767,,,
wood,A.160.05.120,"Materials, wood, Class V (<5y)",kg ,Horse chestnut FSC/PEFC 450 (kg/m3),0.046813047,0.221852767,,,
wood,A.160.05.121,"Materials, wood, Class V (<5y)",kg ,Ilomba FSC/PEFC 480 (kg/m3),0.065740721,0.295595752,,,
wood,A.160.05.122,"Materials, wood, Class V (<5y)",kg ,"Ilomba natural forest, clear cut 480 (kg/m3)",6.98092825,4.186573158,,,
wood,A.160.05.123,"Materials, wood, Class V (<5y)",kg ,Koto FSC/PEFC 560 (kg/m3),0.059303522,0.270843316,,,
wood,A.160.05.124,"Materials, wood, Class V (<5y)",kg ,"Koto natural forest, clear cut 560 (kg/m3)",4.939253495,4.161820752,,,
wood,A.160.05.125,"Materials, wood, Class V (<5y)",kg ,Linde FSC/PEFC 540 (kg/m3),0.046813047,0.221852767,,,
wood,A.160.05.126,"Materials, wood, Class V (<5y)",kg ,Platan FSC/PEFC 620 (kg/m3),0.046813047,0.221852767,,,
wood,A.160.05.127,"Materials, wood, Class V (<5y)",kg ,Poplar FSC/PEFC 440 (kg/m3),0.046813047,0.221852767,,,
wood,A.160.05.129,"Materials, wood, Class V (<5y)",kg ,Wawa FSC/PEFC 390 (kg/m3),0.072354366,0.320786173,,,
wood,A.160.05.130,"Materials, wood, Class V (<5y)",kg ,Sycamore FSC/PEFC 615 (kg/m3),0.078293259,0.343863,,,
wood,A.160.05.131,"Materials, wood, Class V (<5y)",kg ,"Wawa natural forest, clear cut 390 (kg/m3)",8.447416865,4.211763609,,,
wood,A.160.05.132,"Materials, wood, Class V (<5y)",kg ,Willow FSC/PEFC 450 (kg/m3),0.035392789,0.180344233,,,
wood,A.160.06.101,"Materials, wood, unknown durability",kg ,Anzala/Mukulungu FSC/PEFC 940 (kg/m3),0.053670973,0.249184932,,,
wood,A.160.06.102,"Materials, wood, unknown durability",kg ,"Anzala/Mukulungu natural forest, clear cut 940 (kg/m3)",3.181770985,4.140162406,,,
wood,A.160.06.103,"Materials, wood, unknown durability",kg ,Coromandel Ebony FSC/PEFC 1100 (kg/m3),0.069120251,0.308590782,,,
wood,A.160.06.104,"Materials, wood, unknown durability",kg ,"Coromandel Ebony natural forest, clear cut 1100 (kg/m3)",6.168495261,4.199568195,,,
wood,A.160.06.105,"Materials, wood, unknown durability",kg ,Dabema FSC/PEFC 690 (kg/m3),0.058659802,0.268368068,,,
wood,A.160.06.106,"Materials, wood, unknown durability",kg ,"Dabema natural forest, clear cut 690 (kg/m3)",7.652259777,4.159345489,,,
wood,A.160.06.107,"Materials, wood, unknown durability",kg ,Emien FSC/PEFC 360 (kg/m3),0.071539253,0.317315211,,,
wood,A.160.06.108,"Materials, wood, unknown durability",kg ,"Emien natural forest, clear cut 360 (kg/m3)",7.390339263,4.208292632,,,
wood,A.160.06.109,"Materials, wood, unknown durability",kg ,Incense cedar FSC/PEFC 385 (kg/m3),0.096078549,0.411962744,,,
wood,A.160.06.110,"Materials, wood, unknown durability",kg ,Missanda/Tali FSC/PEFC 900 (kg/m3),0.053670973,0.249184932,,,
wood,A.160.06.111,"Materials, wood, unknown durability",kg ,"Missanda/Tali natural forest, clear cut 900 (kg/m3)",3.284820985,4.140162406,,,
wood,A.160.06.112,"Materials, wood, unknown durability",kg ,"Mountain ash, European FEC/PEFC 700 (kg/m3)",0.046813047,0.221852767,,,
wood,A.160.06.113,"Materials, wood, unknown durability",kg ,Mubura FSC/PEFC 830 (kg/m3),0.049969583,0.234952278,,,
wood,A.160.06.114,"Materials, wood, unknown durability",kg ,"Mubura natural forest, clear cut 830 (kg/m3)",3.521569611,4.125929699,,,
wood,A.160.06.115,"Materials, wood, unknown durability",kg ,Niove FSC/PEFC 850 (kg/m3),0.055602132,0.256610662,,,
wood,A.160.06.116,"Materials, wood, unknown durability",kg ,"Niove natural forest, clear cut 850 (kg/m3)",6.34390213,4.14758812,,,
wood,A.160.06.117,"Materials, wood, unknown durability",kg ,Onzabili FSC/PEFCt 550 (kg/m3),0.062843981,0.28445715,,,
wood,A.160.06.118,"Materials, wood, unknown durability",kg ,"Onzabili natural forest, clear cut 550 (kg/m3)",9.511343932,4.175434586,,,
wood,A.160.06.119,"Materials, wood, unknown durability",kg ,Ozigo/Igaganga FSC/PEFC 650 (kg/m3),0.056889573,0.26156115,,,
wood,A.160.06.120,"Materials, wood, unknown durability",kg ,"Ozigo/Igaganga natural forest, clear cut 650 (kg/m3)",3.408264558,4.152538571,,,
wood,A.160.06.121,"Materials, wood, unknown durability",kg ,Parasolier FSC/PEFC 190 (kg/m3),0.11415359,0.477184586,,,
wood,A.160.06.122,"Materials, wood, unknown durability",kg ,"Parasolier natural forest, clear cut 190 (kg/m3)",13.51290374,4.36816203,,,
wood,A.160.06.123,"Materials, wood, unknown durability",kg ,Pear FSC/PEFC 680 (kg/m3),0.0506198,0.235688947,,,
wood,A.160.06.124,"Materials, wood, unknown durability",kg ,Pockwood FSC/PEFC1250 (kg/m3),0.054636552,0.252897797,,,
wood,A.160.06.125,"Materials, wood, unknown durability",kg ,"Pockwood natural forest, clear cut 1250 (kg/m3)",3.509061557,4.143875263,,,
wood,A.160.06.126,"Materials, wood, unknown durability",kg ,Simmon/Persimmon FSC/PEFC 835 (kg/m3),0.052544463,0.244853256,,,
wood,A.160.06.127,"Materials, wood, unknown durability",kg ,Sterculia/Niangon FSC/PEFC 700 (kg/m3),0.079896521,0.396683977,,,
wood,A.160.06.128,"Materials, wood, unknown durability",kg ,"Sterculia/Niangon natural forest, clear cut 700 (kg/m3)",4.101096516,4.287661429,,,
wood,A.160.06.129,"Materials, wood, unknown durability",kg ,Zebrano/Goncalo-alvez FSC/PEFC 900 (kg/m3),0.077643502,0.388020624,,,
wood,A.160.06.130,"Materials, wood, unknown durability",kg ,"Zebrano/Goncalo-alvez natural forest, clear cut 900 (kg/m3)",3.308793507,4.278998045,,,
wood,A.160.07.101,"Materials, wood, fot wet civil engineering",kg ,Angelim Vermelho FSC/PEFC 1430 (kg/m3) wet,0.054636552,0.252897797,,,
wood,A.160.07.102,"Materials, wood, fot wet civil engineering",kg ,"Angelim Vermelho natural forest, clear cut 1430 (kg/m3) wet",2.992836557,2.974326391,,,
wood,A.160.07.103,"Materials, wood, fot wet civil engineering",kg ,Cumaru FSC/PEFC 1200 (kg/m3) wet,0.054636552,0.252897797,,,
wood,A.160.07.104,"Materials, wood, fot wet civil engineering",kg ,"Cumaru natural forest, clear cut 1200 (kg/m3) wet",3.547461557,3.657785038,,,
wood,A.160.07.105,"Materials, wood, fot wet civil engineering",kg ,Massaranduba FCS/PEFC 1200 (kg/m3) wet,0.054636552,0.252897797,,,
wood,A.160.07.106,"Materials, wood, fot wet civil engineering",kg ,"Massaranduba natural forest, clear cut 1200 (kg/m3) wet",3.547461557,3.657785038,,,
wood,A.160.07.107,"Materials, wood, fot wet civil engineering",kg ,Okan FSC/PEFC 1075 (kg/m3) wet,0.053670973,0.249184932,,,
wood,A.160.07.108,"Materials, wood, fot wet civil engineering",kg ,"Okan natural forest, clear cut 1075 (kg/m3) wet",2.763720985,3.57963609,,,
wood,A.160.07.109,"Materials, wood, fot wet civil engineering",kg ,Sapupira FSC/PEFC 1075 (kg/m3) wet,0.054636552,0.252897797,,,
wood,A.160.07.110,"Materials, wood, fot wet civil engineering",kg ,"Sapupira natural forest, clear cut 1075 (kg/m3) wet",3.821136557,3.003649699,,,
wood,A.160.09.101,"Materials, wood, products",kg ,"Acetylated Radiata pine = durable wood, s.g. 515 kg/m3 (Netherlands)",0.348433643,1.773852105,,,
wood,A.160.09.102,"Materials, wood, products",kg ,"Acetylated Scots pine = durable wood, s.g. 540 kg/m3 (Netherlands)",0.284338993,1.602809323,,,
wood,A.160.09.103,"Materials, wood, products",kg ,"Bamboo (local at forest road, China)",0.032767122,0.156680406,,,
wood,A.160.09.104,"Materials, wood, products",kg ,"CCA wood (Scots pine with Cromium, Copper and Asenic) incl EoL",1.327622725,0.337369647,,,
wood,A.160.09.105,"Materials, wood, products",kg ,Cork at factory gate in Portugal 150 kg/m3,0.088792924,0.309283639,,,
wood,A.160.09.106,"Materials, wood, products",kg ,Cork at forest road 150 kg/m3,0.063211544,0.216304511,,,
wood,A.160.09.107,"Materials, wood, products",kg ,Cork granulate 150 kg/m3,0.041754597,0.229264556,,,
wood,A.160.09.108,"Materials, wood, products",kg ,Cork granulate glued = aggregate (e.g. slab for insulation) 150 kg/m3,0.259916223,0.989862406,,,
wood,A.160.09.109,"Materials, wood, products",kg ,MDF at factury gate,0.191242357,0.725710917,,,
wood,A.160.09.110,"Materials, wood, products",kg ,Particle board  standard (Rotterdam),0.20477401,0.776452481,,,
wood,A.160.09.111,"Materials, wood, products",kg ,Particle board biodegradable at factury gate,0.155874847,0.971585639,,,
wood,A.160.09.112,"Materials, wood, products",kg ,Particle board high humidity P5 (Rotterdam),0.247172385,0.936926316,,,
wood,A.160.09.113,"Materials, wood, products",kg ,"Plato wood = thermal treated European Spruce, s.g. 420 kg/m3",0.087563652,0.47385994,,,
wood,A.160.09.114,"Materials, wood, products",kg ,Plywood Bamboo (density approx 700 kg/m3),0.131992981,0.251449549,,,
wood,A.160.09.115,"Materials, wood, products",kg ,"Plywood, indoor use (softwood 600 kg/m3)",0.213090524,0.72067785,,,
wood,A.160.09.116,"Materials, wood, products",kg ,"Plywood, outdoor use, Okoumei plantation (500 kg/m3)",0.275774302,0.926358571,,,
electricity,B.030.01.101,"Energy, electricity by fuel",MJ ,"Electricity coal, EU, US, China, 38% efficiency",0.054533786,0.333887459,,,
electricity,B.030.01.102,"Energy, electricity by fuel",MJ ,"Electricity from offshore windmill (5MW, capacity factor 0.47)",0.000783837,0.002585614,,,
electricity,B.030.01.103,"Energy, electricity by fuel",MJ ,"Electricity gas, EU, US, China, 60% efficiency",0.033350258,0.194726752,,,
electricity,B.030.01.104,"Energy, electricity by fuel",MJ ,Electricity nuclear (US),0.02365027,0.002760767,,,
electricity,B.030.01.105,"Energy, electricity by fuel",MJ ,"Electricity oil, EU, US, China, 45% efficiency",0.048953611,0.272667571,,,
electricity,B.030.01.106,"Energy, electricity by fuel",MJ ,Hydro-electric power (Norway),0.00049986,0.001867032,,,
electricity,B.030.01.107,"Energy, electricity by fuel",MJ ,"PV panel, Mono-Si (irradiation 1100 kWh per m2 ) in MJ",0.000979872,0.003585492,,,
electricity general industry,B.040.01.101,"Energy, electricity general",MJ ,Electricity General Industry,0.026636143,0.15426188,,,
electricity general industry,B.040.01.104,"Energy, electricity general",MJ ,"Electricity Low Voltage, domestic use General",0.028038045,0.162380925,,,
electricity EU ,B.042.01.101,"Energy, electricity EU, UK, CH, Norway production",MJ ,Electricity .EU-27 production,0.021421594,0.100057068,,,
electricity EU ,B.042.01.102,"Energy, electricity EU, UK, CH, Norway production",MJ ,Electricity Austria production,0.00666683,0.044174665,,,
electricity EU ,B.042.01.103,"Energy, electricity EU, UK, CH, Norway production",MJ ,Electricity Belgium production,0.020796773,0.064452701,,,
electricity EU ,B.042.01.104,"Energy, electricity EU, UK, CH, Norway production",MJ ,Electricity Bulgaria production,0.03435972,0.154083654,,,
electricity EU ,B.042.01.105,"Energy, electricity EU, UK, CH, Norway production",MJ ,Electricity Croatia production,0.009478751,0.060749754,,,
electricity EU ,B.042.01.106,"Energy, electricity EU, UK, CH, Norway production",MJ ,Electricity Cyprus production,0.041909202,0.209351985,,,
electricity EU ,B.042.01.107,"Energy, electricity EU, UK, CH, Norway production",MJ ,Electricity Czechia production,0.032990437,0.147851301,,,
electricity EU ,B.042.01.108,"Energy, electricity EU, UK, CH, Norway production",MJ ,Electricity Denmark production,0.006937571,0.04136157,,,
electricity EU ,B.042.01.109,"Energy, electricity EU, UK, CH, Norway production",MJ ,Electricity Estonia production,0.041479307,0.227042421,,,
electricity EU ,B.042.01.110,"Energy, electricity EU, UK, CH, Norway production",MJ ,Electricity Finland production,0.013529533,0.026144417,,,
electricity EU ,B.042.01.111,"Energy, electricity EU, UK, CH, Norway production",MJ ,Electricity France production,0.020274508,0.03090773,,,
electricity EU ,B.042.01.112,"Energy, electricity EU, UK, CH, Norway production",MJ ,Electricity Germany production,0.022364649,0.140424639,,,
electricity EU ,B.042.01.113,"Energy, electricity EU, UK, CH, Norway production",MJ ,Electricity Greece production,0.030334132,0.163986143,,,
electricity EU ,B.042.01.114,"Energy, electricity EU, UK, CH, Norway production",MJ ,Electricity Hungary production,0.023820185,0.078906105,,,
electricity EU ,B.042.01.115,"Energy, electricity EU, UK, CH, Norway production",MJ ,Electricity Ireland production,0.019328122,0.130215534,,,
electricity EU ,B.042.01.116,"Energy, electricity EU, UK, CH, Norway production",MJ ,Electricity Italy production,0.016975275,0.114338977,,,
electricity EU ,B.042.01.117,"Energy, electricity EU, UK, CH, Norway production",MJ ,Electricity Latvia production,0.008708879,0.043552265,,,
electricity EU ,B.042.01.118,"Energy, electricity EU, UK, CH, Norway production",MJ ,Electricity Lithuania production,0.012711275,0.072387084,,,
electricity EU ,B.042.01.119,"Energy, electricity EU, UK, CH, Norway production",MJ ,Electricity Luxembourg production,0.00582777,0.028589962,,,
electricity EU ,B.042.01.120,"Energy, electricity EU, UK, CH, Norway production",MJ ,Electricity Malta production,0.031523066,0.163383977,,,
electricity EU ,B.042.01.121,"Energy, electricity EU, UK, CH, Norway production",MJ ,Electricity Netherlands production,0.020612761,0.133885293,,,
electricity EU ,B.042.01.122,"Energy, electricity EU, UK, CH, Norway production",MJ ,Electricity Norway production,0.000922828,0.004419404,,,
electricity EU ,B.042.01.123,"Energy, electricity EU, UK, CH, Norway production",MJ ,Electricity Poland production,0.038885559,0.241259053,,,
electricity EU ,B.042.01.124,"Energy, electricity EU, UK, CH, Norway production",MJ ,Electricity Portugal production,0.013192736,0.079000797,,,
electricity EU ,B.042.01.125,"Energy, electricity EU, UK, CH, Norway production",MJ ,Electricity Romania production,0.022246645,0.097136526,,,
electricity EU ,B.042.01.126,"Energy, electricity EU, UK, CH, Norway production",MJ ,Electricity Slovakia production,0.022626436,0.046568199,,,
electricity EU ,B.042.01.127,"Energy, electricity EU, UK, CH, Norway production",MJ ,Electricity Slovenia production,0.022461274,0.078668737,,,
electricity EU ,B.042.01.128,"Energy, electricity EU, UK, CH, Norway production",MJ ,Electricity Spain production,0.020260023,0.088741662,,,
electricity EU ,B.042.01.129,"Energy, electricity EU, UK, CH, Norway production",MJ ,Electricity Sweden production,0.008222929,0.005115978,,,
electricity EU ,B.042.01.130,"Energy, electricity EU, UK, CH, Norway production",MJ ,Electricity United Kingdom  production,0.018732331,0.097717526,,,
electricity EU ,B.042.01.131,"Energy, electricity EU, UK, CH, Norway production",MJ ,Electricity Switzerland production,0.0113714,0.01242316,,,
electricity EU ,B.042.02.101,"Energy, electricity EU UK, CH, Norway consumption",MJ ,Electricity .EU-27 consumption,0.021421594,0.100057068,,,
electricity EU ,B.042.02.102,"Energy, electricity EU UK, CH, Norway consumption",MJ ,Electricity Austria consumption,0.007849204,0.050972911,,,
electricity EU ,B.042.02.103,"Energy, electricity EU UK, CH, Norway consumption",MJ ,Electricity Belgium consumption,0.019551817,0.055092128,,,
electricity EU ,B.042.02.104,"Energy, electricity EU UK, CH, Norway consumption",MJ ,Electricity Bulgaria consumption,0.03435972,0.154083654,,,
electricity EU ,B.042.02.105,"Energy, electricity EU UK, CH, Norway consumption",MJ ,Electricity Croatia consumption,0.011301418,0.07133411,,,
electricity EU ,B.042.02.106,"Energy, electricity EU UK, CH, Norway consumption",MJ ,Electricity Cyprus consumption,0.041909202,0.209351985,,,
electricity EU ,B.042.02.107,"Energy, electricity EU UK, CH, Norway consumption",MJ ,Electricity Czechia consumption,0.032990437,0.147851301,,,
electricity EU ,B.042.02.108,"Energy, electricity EU UK, CH, Norway consumption",MJ ,Electricity Denmark consumption,0.00727975,0.04355785,,,
electricity EU ,B.042.02.109,"Energy, electricity EU UK, CH, Norway consumption",MJ ,Electricity Estonia consumption,0.038283388,0.21080215,,,
electricity EU ,B.042.02.110,"Energy, electricity EU UK, CH, Norway consumption",MJ ,Electricity Finland consumption,0.014926656,0.035844655,,,
electricity EU ,B.042.02.111,"Energy, electricity EU UK, CH, Norway consumption",MJ ,Electricity France consumption,0.020618392,0.033019918,,,
electricity EU ,B.042.02.112,"Energy, electricity EU UK, CH, Norway consumption",MJ ,Electricity Germany consumption,0.022364649,0.140424639,,,
electricity EU ,B.042.02.113,"Energy, electricity EU UK, CH, Norway consumption",MJ ,Electricity Greece consumption,0.029432786,0.160014045,,,
electricity EU ,B.042.02.114,"Energy, electricity EU UK, CH, Norway consumption",MJ ,Electricity Hungary consumption,0.024849084,0.085508797,,,
electricity EU ,B.042.02.115,"Energy, electricity EU UK, CH, Norway consumption",MJ ,Electricity Ireland consumption,0.019320125,0.130079338,,,
electricity EU ,B.042.02.116,"Energy, electricity EU UK, CH, Norway consumption",MJ ,Electricity Italy consumption,0.016975275,0.114338977,,,
electricity EU ,B.042.02.117,"Energy, electricity EU UK, CH, Norway consumption",MJ ,Electricity Latvia consumption,0.009757085,0.051387643,,,
electricity EU ,B.042.02.118,"Energy, electricity EU UK, CH, Norway consumption",MJ ,Electricity Lithuania consumption,0.013730329,0.080441429,,,
electricity EU ,B.042.02.119,"Energy, electricity EU UK, CH, Norway consumption",MJ ,Electricity Luxembourg consumption,0.012979478,0.07767715,,,
electricity EU ,B.042.02.120,"Energy, electricity EU UK, CH, Norway consumption",MJ ,Electricity Malta consumption,0.022889196,0.134923353,,,
electricity EU ,B.042.02.121,"Energy, electricity EU UK, CH, Norway consumption",MJ ,Electricity Netherlands consumption,0.020242232,0.128599053,,,
electricity EU ,B.042.02.122,"Energy, electricity EU UK, CH, Norway consumption",MJ ,Electricity Norway consumption,0.000922828,0.004419404,,,
electricity EU ,B.042.02.123,"Energy, electricity EU UK, CH, Norway consumption",MJ ,Electricity Poland consumption,0.038885559,0.241259053,,,
electricity EU ,B.042.02.124,"Energy, electricity EU UK, CH, Norway consumption",MJ ,Electricity Portugal consumption,0.013192736,0.079000797,,,
electricity EU ,B.042.02.125,"Energy, electricity EU UK, CH, Norway consumption",MJ ,Electricity Romania consumption,0.021962183,0.097383195,,,
electricity EU ,B.042.02.126,"Energy, electricity EU UK, CH, Norway consumption",MJ ,Electricity Slovakia consumption,0.022801918,0.047779121,,,
electricity EU ,B.042.02.127,"Energy, electricity EU UK, CH, Norway consumption",MJ ,Electricity Slovenia consumption,0.022617833,0.07954791,,,
electricity EU ,B.042.02.128,"Energy, electricity EU UK, CH, Norway consumption",MJ ,Electricity Spain consumption,0.020454256,0.090410301,,,
electricity EU ,B.042.02.129,"Energy, electricity EU UK, CH, Norway consumption",MJ ,Electricity Sweden consumption,0.008222929,0.005115978,,,
electricity EU ,B.042.02.130,"Energy, electricity EU UK, CH, Norway consumption",MJ ,Electricity United Kingdom  consumption,0.018732331,0.097717526,,,
electricity EU ,B.042.02.131,"Energy, electricity EU UK, CH, Norway consumption",MJ ,Electricity Switzerland consumption,0.014380581,0.033816426,,,
electricity Rest of the World,B.044.01.101,"Energy, electricity Rest of the World",MJ ,Electricity Africa production,0.033348967,0.191647677,,,
electricity Rest of the World,B.044.01.102,"Energy, electricity Rest of the World",MJ ,Electricity Asia Pacific production,0.034948792,0.204645571,,,
electricity Rest of the World,B.044.01.103,"Energy, electricity Rest of the World",MJ ,Electricity Central America production,0.000604326,0.00252138,,,
electricity Rest of the World,B.044.01.104,"Energy, electricity Rest of the World",MJ ,Electricity CIS production,0.032008127,0.162474782,,,
electricity Rest of the World,B.044.01.105,"Energy, electricity Rest of the World",MJ ,Electricity .Middle Africa production,0.000579851,0.001965297,,,
electricity Rest of the World,B.044.01.106,"Energy, electricity Rest of the World",MJ ,Electricity .Middle East production,0.038585809,0.211661714,,,
electricity Rest of the World,B.044.01.107,"Energy, electricity Rest of the World",MJ ,Electricity .North America production,0.027851748,0.137837917,,,
electricity Rest of the World,B.044.01.108,"Energy, electricity Rest of the World",MJ ,Electricity .South America production,0.010493876,0.055947832,,,
electricity Rest of the World,B.044.01.109,"Energy, electricity Rest of the World",MJ ,Electricity Western Africa production,0.000246878,0.000974864,,,
electricity Rest of the World,B.044.01.110,"Energy, electricity Rest of the World",MJ ,Electricity World production,0.031047287,0.170979098,,,
electricity Rest of the World,B.044.01.111,"Energy, electricity Rest of the World",MJ ,Electricity Afghanistan production,0.008041027,0.043363642,,,
electricity Rest of the World,B.044.01.112,"Energy, electricity Rest of the World",MJ ,Electricity Albania production,0.000620471,0.002181515,,,
electricity Rest of the World,B.044.01.113,"Energy, electricity Rest of the World",MJ ,Electricity Algeria production,0.038243602,0.212052038,,,
electricity Rest of the World,B.044.01.114,"Energy, electricity Rest of the World",MJ ,Electricity American Samoa production,0.045017032,0.249246489,,,
electricity Rest of the World,B.044.01.115,"Energy, electricity Rest of the World",MJ ,Electricity Angola production,0.012644639,0.069179768,,,
electricity Rest of the World,B.044.01.116,"Energy, electricity Rest of the World",MJ ,Electricity Antigua and Barbuda production,0.042774864,0.236697602,,,
electricity Rest of the World,B.044.01.117,"Energy, electricity Rest of the World",MJ ,Electricity Argentina production,0.026392628,0.13952606,,,
electricity Rest of the World,B.044.01.118,"Energy, electricity Rest of the World",MJ ,Electricity Armenia production,0.023091591,0.093611594,,,
electricity Rest of the World,B.044.01.119,"Energy, electricity Rest of the World",MJ ,Electricity Aruba production,0.037929401,0.209743459,,,
electricity Rest of the World,B.044.01.120,"Energy, electricity Rest of the World",MJ ,Electricity Australia production,0.030272012,0.194950256,,,
electricity Rest of the World,B.044.01.121,"Energy, electricity Rest of the World",MJ ,Electricity Azerbaijan production,0.038366574,0.212580301,,,
electricity Rest of the World,B.044.01.122,"Energy, electricity Rest of the World",MJ ,Electricity Bahamas production,0.045017032,0.249246489,,,
electricity Rest of the World,B.044.01.123,"Energy, electricity Rest of the World",MJ ,Electricity Bahrain production,0.038159228,0.211639,,,
electricity Rest of the World,B.044.01.124,"Energy, electricity Rest of the World",MJ ,Electricity Bangladesh production,0.041029322,0.232050586,,,
electricity Rest of the World,B.044.01.125,"Energy, electricity Rest of the World",MJ ,Electricity Barbados production,0.042083355,0.232827391,,,
electricity Rest of the World,B.044.01.126,"Energy, electricity Rest of the World",MJ ,Electricity Belarus production,0.035307828,0.178038248,,,
electricity Rest of the World,B.044.01.127,"Energy, electricity Rest of the World",MJ ,Electricity Belize production,0.028298425,0.156487857,,,
electricity Rest of the World,B.044.01.128,"Energy, electricity Rest of the World",MJ ,Electricity Benin production,0.04338212,0.240096271,,,
electricity Rest of the World,B.044.01.129,"Energy, electricity Rest of the World",MJ ,Electricity Bermuda production (no data),0,0,,,
electricity Rest of the World,B.044.01.130,"Energy, electricity Rest of the World",MJ ,Electricity Bhutan production,0.000579851,0.001965297,,,
electricity Rest of the World,B.044.01.131,"Energy, electricity Rest of the World",MJ ,Electricity Bolivia production,0.023785042,0.131414105,,,
electricity Rest of the World,B.044.01.132,"Energy, electricity Rest of the World",MJ ,Electricity Bosnia and Herzegovina production,0.032462952,0.199428609,,,
electricity Rest of the World,B.044.01.133,"Energy, electricity Rest of the World",MJ ,Electricity Botswana production,0.050456563,0.306164075,,,
electricity Rest of the World,B.044.01.134,"Energy, electricity Rest of the World",MJ ,Electricity Brazil production,0.00578951,0.02890425,,,
electricity Rest of the World,B.044.01.135,"Energy, electricity Rest of the World",MJ ,Electricity Brunei production,0.045147027,0.26636606,,,
electricity Rest of the World,B.044.01.136,"Energy, electricity Rest of the World",MJ ,Electricity Burkina Faso production,0.039533237,0.218644444,,,
electricity Rest of the World,B.044.01.137,"Energy, electricity Rest of the World",MJ ,Electricity Burundi production,0.014286195,0.078237617,,,
electricity Rest of the World,B.044.01.138,"Energy, electricity Rest of the World",MJ ,Electricity Cambodia production,0.024611586,0.149484932,,,
electricity Rest of the World,B.044.01.139,"Energy, electricity Rest of the World",MJ ,Electricity Cameroon production,0.017318812,0.095110075,,,
electricity Rest of the World,B.044.01.140,"Energy, electricity Rest of the World",MJ ,Electricity Canada production,0.011183026,0.045833657,,,
electricity Rest of the World,B.044.01.141,"Energy, electricity Rest of the World",MJ ,Electricity Cape Verde production,0.038241161,0.211469474,,,
electricity Rest of the World,B.044.01.142,"Energy, electricity Rest of the World",MJ ,Electricity Cayman Islands production,0.043942019,0.243229895,,,
electricity Rest of the World,B.044.01.143,"Energy, electricity Rest of the World",MJ ,Electricity Central African Republic production,0.000579851,0.001965297,,,
electricity Rest of the World,B.044.01.144,"Energy, electricity Rest of the World",MJ ,Electricity Chad production,0.043588667,0.241287571,,,
electricity Rest of the World,B.044.01.145,"Energy, electricity Rest of the World",MJ ,Electricity Chile production,0.019896869,0.126637241,,,
electricity Rest of the World,B.044.01.146,"Energy, electricity Rest of the World",MJ ,Electricity China production,0.027968716,0.197597271,,,
electricity Rest of the World,B.044.01.147,"Energy, electricity Rest of the World",MJ ,Electricity Colombia production,0.010862773,0.060959774,,,
electricity Rest of the World,B.044.01.148,"Energy, electricity Rest of the World",MJ ,Electricity Comoros production,0.045017032,0.249246489,,,
electricity Rest of the World,B.044.01.149,"Energy, electricity Rest of the World",MJ ,Electricity Congo production,0.029729238,0.164571023,,,
electricity Rest of the World,B.044.01.150,"Energy, electricity Rest of the World",MJ ,Electricity Cook Islands production,0.029321869,0.161404368,,,
electricity Rest of the World,B.044.01.151,"Energy, electricity Rest of the World",MJ ,Electricity Costa Rica production,0.001424925,0.006792881,,,
electricity Rest of the World,B.044.01.152,"Energy, electricity Rest of the World",MJ ,Electricity Cote d'Ivoire production,0.028825701,0.159371789,,,
electricity Rest of the World,B.044.01.153,"Energy, electricity Rest of the World",MJ ,Electricity Cuba production,0.037107705,0.205442466,,,
electricity Rest of the World,B.044.01.154,"Energy, electricity Rest of the World",MJ ,Electricity Democratic Republic of Congo production,0.000705314,0.002662325,,,
electricity Rest of the World,B.044.01.155,"Energy, electricity Rest of the World",MJ ,Electricity Djibouti production,0.045017032,0.249246489,,,
electricity Rest of the World,B.044.01.156,"Energy, electricity Rest of the World",MJ ,Electricity Dominica production,0.034561226,0.191062684,,,
electricity Rest of the World,B.044.01.157,"Energy, electricity Rest of the World",MJ ,Electricity Dominican Republic production,0.037057487,0.211551218,,,
electricity Rest of the World,B.044.01.158,"Energy, electricity Rest of the World",MJ ,Electricity Eastern Africa production,0.000488239,0.001822082,,,
electricity Rest of the World,B.044.01.159,"Energy, electricity Rest of the World",MJ ,Electricity Ecuador production,0.011322091,0.06175794,,,
electricity Rest of the World,B.044.01.160,"Energy, electricity Rest of the World",MJ ,Electricity Egypt production,0.035622534,0.197299248,,,
electricity Rest of the World,B.044.01.161,"Energy, electricity Rest of the World",MJ ,Electricity El Salvador production,0.012136807,0.066509544,,,
electricity Rest of the World,B.044.01.162,"Energy, electricity Rest of the World",MJ ,Electricity Equatorial Guinea production,0.031247764,0.172624143,,,
electricity Rest of the World,B.044.01.163,"Energy, electricity Rest of the World",MJ ,Electricity Eritrea production,0.04414508,0.244366376,,,
electricity Rest of the World,B.044.01.164,"Energy, electricity Rest of the World",MJ ,Electricity Eswatini production,0.002629249,0.014136735,,,
electricity Rest of the World,B.044.01.165,"Energy, electricity Rest of the World",MJ ,Electricity Ethiopia production,0.000629626,0.002227996,,,
electricity Rest of the World,B.044.01.166,"Energy, electricity Rest of the World",MJ ,Electricity Falkland Islands production,0.022877331,0.125883075,,,
electricity Rest of the World,B.044.01.167,"Energy, electricity Rest of the World",MJ ,Electricity Faroe Islands production,0.028107366,0.155110128,,,
electricity Rest of the World,B.044.01.168,"Energy, electricity Rest of the World",MJ ,Electricity Fiji production,0.016530956,0.09088394,,,
electricity Rest of the World,B.044.01.169,"Energy, electricity Rest of the World",MJ ,Electricity French Guiana production,0.017639626,0.031687922,,,
electricity Rest of the World,B.044.01.170,"Energy, electricity Rest of the World",MJ ,Electricity French Polynesia production,0.030787622,0.169973812,,,
electricity Rest of the World,B.044.01.171,"Energy, electricity Rest of the World",MJ ,Electricity Gabon production,0.025218988,0.139086609,,,
electricity Rest of the World,B.044.01.172,"Energy, electricity Rest of the World",MJ ,Electricity Gambia production,0.045017032,0.249246489,,,
electricity Rest of the World,B.044.01.173,"Energy, electricity Rest of the World",MJ ,Electricity Georgia (country) production,0.00952938,0.051897357,,,
electricity Rest of the World,B.044.01.174,"Energy, electricity Rest of the World",MJ ,Electricity Ghana production,0.026165683,0.144614744,,,
electricity Rest of the World,B.044.01.175,"Energy, electricity Rest of the World",MJ ,Electricity Greenland production,0.007986048,0.043178827,,,
electricity Rest of the World,B.044.01.176,"Energy, electricity Rest of the World",MJ ,Electricity Grenada production,0.045017032,0.249246489,,,
electricity Rest of the World,B.044.01.177,"Energy, electricity Rest of the World",MJ ,Electricity Guadeloupe production,0.034761579,0.192697857,,,
electricity Rest of the World,B.044.01.178,"Energy, electricity Rest of the World",MJ ,Electricity Guam production,0.043292287,0.239593496,,,
electricity Rest of the World,B.044.01.179,"Energy, electricity Rest of the World",MJ ,Electricity Guatemala production,0.017313839,0.102162195,,,
electricity Rest of the World,B.044.01.180,"Energy, electricity Rest of the World",MJ ,Electricity Guinea production,0.01276555,0.069766455,,,
electricity Rest of the World,B.044.01.181,"Energy, electricity Rest of the World",MJ ,Electricity Guinea-Bissau production,0.045017032,0.249246489,,,
electricity Rest of the World,B.044.01.182,"Energy, electricity Rest of the World",MJ ,Electricity Guyana production,0.039940125,0.22111794,,,
electricity Rest of the World,B.044.01.183,"Energy, electricity Rest of the World",MJ ,Electricity Haiti production,0.039181844,0.216775203,,,
electricity Rest of the World,B.044.01.184,"Energy, electricity Rest of the World",MJ ,Electricity Honduras production,0.022732917,0.126708128,,,
electricity Rest of the World,B.044.01.185,"Energy, electricity Rest of the World",MJ ,Electricity Hong Kong production,0.046143999,0.273116797,,,
electricity Rest of the World,B.044.01.186,"Energy, electricity Rest of the World",MJ ,Electricity Iceland production,0.000408932,0.001386008,,,
electricity Rest of the World,B.044.01.187,"Energy, electricity Rest of the World",MJ ,Electricity India  production,0.038186321,0.258301714,,,
electricity Rest of the World,B.044.01.188,"Energy, electricity Rest of the World",MJ ,Electricity Indonesia production,0.038111347,0.250045286,,,
electricity Rest of the World,B.044.01.189,"Energy, electricity Rest of the World",MJ ,Electricity Iran production,0.037211701,0.205027917,,,
electricity Rest of the World,B.044.01.190,"Energy, electricity Rest of the World",MJ ,Electricity Iraq production,0.037258681,0.206503301,,,
electricity Rest of the World,B.044.01.191,"Energy, electricity Rest of the World",MJ ,Electricity Israel production,0.039612607,0.228159617,,,
electricity Rest of the World,B.044.01.192,"Energy, electricity Rest of the World",MJ ,Electricity Jamaica production,0.035538807,0.196671752,,,
electricity Rest of the World,B.044.01.193,"Energy, electricity Rest of the World",MJ ,Electricity Japan production,0.027484005,0.172909744,,,
electricity Rest of the World,B.044.01.194,"Energy, electricity Rest of the World",MJ ,Electricity Jordan production,0.030685863,0.169658496,,,
electricity Rest of the World,B.044.01.195,"Energy, electricity Rest of the World",MJ ,Electricity Kazakhstan production,0.042220848,0.253406383,,,
electricity Rest of the World,B.044.01.196,"Energy, electricity Rest of the World",MJ ,Electricity Kenya production,0.004998469,0.027067319,,,
electricity Rest of the World,B.044.01.197,"Energy, electricity Rest of the World",MJ ,Electricity Kiribati production,0.045017032,0.249246489,,,
electricity Rest of the World,B.044.01.198,"Energy, electricity Rest of the World",MJ ,Electricity Kosovo production,0.048665434,0.300034647,,,
electricity Rest of the World,B.044.01.199,"Energy, electricity Rest of the World",MJ ,Electricity Kuwait production,0.038144562,0.211557075,,,
electricity Rest of the World,B.044.01.200,"Energy, electricity Rest of the World",MJ ,Electricity Kyrgyzstan production,0.005760676,0.034087786,,,
electricity Rest of the World,B.044.01.201,"Energy, electricity Rest of the World",MJ ,Electricity Laos production,0.014453533,0.088006113,,,
electricity Rest of the World,B.044.01.202,"Energy, electricity Rest of the World",MJ ,Electricity Lebanon production,0.040367357,0.223548105,,,
electricity Rest of the World,B.044.01.203,"Energy, electricity Rest of the World",MJ ,Electricity Lesotho production,0.000579851,0.001965297,,,
electricity Rest of the World,B.044.01.204,"Energy, electricity Rest of the World",MJ ,Electricity Liberia production,0.019417351,0.106791015,,,
electricity Rest of the World,B.044.01.205,"Energy, electricity Rest of the World",MJ ,Electricity Libya production,0.040138987,0.222495398,,,
electricity Rest of the World,B.044.01.206,"Energy, electricity Rest of the World",MJ ,Electricity Macau production,0.038169425,0.211696316,,,
electricity Rest of the World,B.044.01.207,"Energy, electricity Rest of the World",MJ ,Electricity Madagascar production,0.030613458,0.173139105,,,
electricity Rest of the World,B.044.01.208,"Energy, electricity Rest of the World",MJ ,Electricity Malawi production,0.008074683,0.043548258,,,
electricity Rest of the World,B.044.01.209,"Energy, electricity Rest of the World",MJ ,Electricity Malaysia production,0.036876189,0.217787534,,,
electricity Rest of the World,B.044.01.210,"Energy, electricity Rest of the World",MJ ,Electricity Maldives production,0.042044462,0.232609714,,,
electricity Rest of the World,B.044.01.211,"Energy, electricity Rest of the World",MJ ,Electricity Mali production,0.029038401,0.160389195,,,
electricity Rest of the World,B.044.01.212,"Energy, electricity Rest of the World",MJ ,Electricity Mauritania production (no data),0,0,,,
electricity Rest of the World,B.044.01.213,"Energy, electricity Rest of the World",MJ ,Electricity Mauritius production,0.037607893,0.215784241,,,
electricity Rest of the World,B.044.01.214,"Energy, electricity Rest of the World",MJ ,Electricity Mexico production,0.031086627,0.16998388,,,
electricity Rest of the World,B.044.01.215,"Energy, electricity Rest of the World",MJ ,Electricity Moldova production,0.044777131,0.269872902,,,
electricity Rest of the World,B.044.01.216,"Energy, electricity Rest of the World",MJ ,Electricity Mongolia production,0.047483445,0.292667699,,,
electricity Rest of the World,B.044.01.217,"Energy, electricity Rest of the World",MJ ,Electricity Montenegro production,0.025059767,0.153705271,,,
electricity Rest of the World,B.044.01.218,"Energy, electricity Rest of the World",MJ ,Electricity Montserrat production,0.045017032,0.249246489,,,
electricity Rest of the World,B.044.01.219,"Energy, electricity Rest of the World",MJ ,Electricity Morocco production,0.039629405,0.238092459,,,
electricity Rest of the World,B.044.01.220,"Energy, electricity Rest of the World",MJ ,Electricity Mozambique production,0.008068551,0.043705617,,,
electricity Rest of the World,B.044.01.221,"Energy, electricity Rest of the World",MJ ,Electricity Myanmar production,0.024085756,0.134156368,,,
electricity Rest of the World,B.044.01.222,"Energy, electricity Rest of the World",MJ ,Electricity Namibia production,0.004040485,0.021953054,,,
electricity Rest of the World,B.044.01.223,"Energy, electricity Rest of the World",MJ ,Electricity Nauru production,0.045017032,0.249246489,,,
electricity Rest of the World,B.044.01.224,"Energy, electricity Rest of the World",MJ ,Electricity Nepal production,0.00067356,0.002463645,,,
electricity Rest of the World,B.044.01.225,"Energy, electricity Rest of the World",MJ ,Electricity Netherlands Antilles production (no data),0,0,,,
electricity Rest of the World,B.044.01.226,"Energy, electricity Rest of the World",MJ ,Electricity New Caledonia production (no data),0,0,,,
electricity Rest of the World,B.044.01.227,"Energy, electricity Rest of the World",MJ ,Electricity New Zealand production,0.006019325,0.032541705,,,
electricity Rest of the World,B.044.01.228,"Energy, electricity Rest of the World",MJ ,Electricity Nicaragua production,0.020627289,0.113826,,,
electricity Rest of the World,B.044.01.229,"Energy, electricity Rest of the World",MJ ,Electricity Niger production,0.040657265,0.224845902,,,
electricity Rest of the World,B.044.01.230,"Energy, electricity Rest of the World",MJ ,Electricity Nigeria production,0.028095694,0.15605282,,,
electricity Rest of the World,B.044.01.231,"Energy, electricity Rest of the World",MJ ,Electricity North Korea production,0.009215894,0.05550474,,,
electricity Rest of the World,B.044.01.232,"Energy, electricity Rest of the World",MJ ,Electricity North Macedonia production,0.034784871,0.20828918,,,
electricity Rest of the World,B.044.01.233,"Energy, electricity Rest of the World",MJ ,Electricity Oman production,0.038029701,0.21091097,,,
electricity Rest of the World,B.044.01.234,"Energy, electricity Rest of the World",MJ ,Electricity Pakistan production,0.02757217,0.135713218,,,
electricity Rest of the World,B.044.01.235,"Energy, electricity Rest of the World",MJ ,Electricity Palestine production,0.033423614,0.184639962,,,
electricity Rest of the World,B.044.01.236,"Energy, electricity Rest of the World",MJ ,Electricity Panama production,0.012156053,0.068809437,,,
electricity Rest of the World,B.044.01.237,"Energy, electricity Rest of the World",MJ ,Electricity Papua New Guinea production,0.033163516,0.183411977,,,
electricity Rest of the World,B.044.01.238,"Energy, electricity Rest of the World",MJ ,Electricity Paraguay production,0.000656708,0.002394876,,,
electricity Rest of the World,B.044.01.239,"Energy, electricity Rest of the World",MJ ,Electricity Peru production,0.018246335,0.100755075,,,
electricity Rest of the World,B.044.01.240,"Energy, electricity Rest of the World",MJ ,Electricity Philippines production,0.041949424,0.233162165,,,
electricity Rest of the World,B.044.01.241,"Energy, electricity Rest of the World",MJ ,Electricity Puerto Rico production,0.043876618,0.242880323,,,
electricity Rest of the World,B.044.01.242,"Energy, electricity Rest of the World",MJ ,Electricity Qatar production,0.038145736,0.211564406,,,
electricity Rest of the World,B.044.01.243,"Energy, electricity Rest of the World",MJ ,Electricity Reunion production,0.03151642,0.174205549,,,
electricity Rest of the World,B.044.01.244,"Energy, electricity Rest of the World",MJ ,Electricity Russia production,0.031032467,0.150210105,,,
electricity Rest of the World,B.044.01.245,"Energy, electricity Rest of the World",MJ ,Electricity Rwanda production,0.018721732,0.102831368,,,
electricity Rest of the World,B.044.01.246,"Energy, electricity Rest of the World",MJ ,Electricity Saint Helena production (no data),0,0,,,
electricity Rest of the World,B.044.01.247,"Energy, electricity Rest of the World",MJ ,Electricity Saint Kitts and Nevis production,0.043004332,0.238031632,,,
electricity Rest of the World,B.044.01.248,"Energy, electricity Rest of the World",MJ ,Electricity Saint Lucia production,0.045017032,0.249246489,,,
electricity Rest of the World,B.044.01.249,"Energy, electricity Rest of the World",MJ ,Electricity Saint Pierre and Miquelon production,0.045017032,0.249246489,,,
electricity Rest of the World,B.044.01.250,"Energy, electricity Rest of the World",MJ ,Electricity Saint Vincent and the Grenadines production,0.033907737,0.187426188,,,
electricity Rest of the World,B.044.01.251,"Energy, electricity Rest of the World",MJ ,Electricity Samoa production,0.029944999,0.165226752,,,
electricity Rest of the World,B.044.01.252,"Energy, electricity Rest of the World",MJ ,Electricity Sao Tome and Principe production,0.040573314,0.224518368,,,
electricity Rest of the World,B.044.01.253,"Energy, electricity Rest of the World",MJ ,Electricity Saudi Arabia production,0.040342088,0.223601293,,,
electricity Rest of the World,B.044.01.254,"Energy, electricity Rest of the World",MJ ,Electricity Senegal production,0.035390132,0.198919466,,,
electricity Rest of the World,B.044.01.255,"Energy, electricity Rest of the World",MJ ,Electricity Serbia production,0.036081437,0.220912466,,,
electricity Rest of the World,B.044.01.256,"Energy, electricity Rest of the World",MJ ,Electricity Seychelles production,0.040110192,0.221800902,,,
electricity Rest of the World,B.044.01.257,"Energy, electricity Rest of the World",MJ ,Electricity Sierra Leone production,0.005059548,0.026833785,,,
electricity Rest of the World,B.044.01.258,"Energy, electricity Rest of the World",MJ ,Electricity Singapore production,0.037608955,0.208530195,,,
electricity Rest of the World,B.044.01.259,"Energy, electricity Rest of the World",MJ ,Electricity Solomon Islands production,0.045017032,0.249246489,,,
electricity Rest of the World,B.044.01.260,"Energy, electricity Rest of the World",MJ ,Electricity Somalia production,0.041065981,0.227160083,,,
electricity Rest of the World,B.044.01.261,"Energy, electricity Rest of the World",MJ ,Electricity South Africa production,0.046156188,0.286483436,,,
electricity Rest of the World,B.044.01.262,"Energy, electricity Rest of the World",MJ ,Electricity South Korea production,0.032172979,0.172221579,,,
electricity Rest of the World,B.044.01.263,"Energy, electricity Rest of the World",MJ ,Electricity South Sudan production,0.044328646,0.245393752,,,
electricity Rest of the World,B.044.01.264,"Energy, electricity Rest of the World",MJ ,Electricity Sri Lanka production,0.029767291,0.172434038,,,
electricity Rest of the World,B.044.01.265,"Energy, electricity Rest of the World",MJ ,Electricity Sudan production,0.016345033,0.089764421,,,
electricity Rest of the World,B.044.01.266,"Energy, electricity Rest of the World",MJ ,Electricity Suriname production,0.022629933,0.124655744,,,
electricity Rest of the World,B.044.01.267,"Energy, electricity Rest of the World",MJ ,Electricity Syria production,0.038830293,0.215335835,,,
electricity Rest of the World,B.044.01.268,"Energy, electricity Rest of the World",MJ ,Electricity Taiwan production,0.040328695,0.226144361,,,
electricity Rest of the World,B.044.01.269,"Energy, electricity Rest of the World",MJ ,Electricity Tajikistan production,0.004668696,0.026619437,,,
electricity Rest of the World,B.044.01.270,"Energy, electricity Rest of the World",MJ ,Electricity Tanzania production,0.023831373,0.131557023,,,
electricity Rest of the World,B.044.01.271,"Energy, electricity Rest of the World",MJ ,Electricity Thailand production,0.035318123,0.202159526,,,
electricity Rest of the World,B.044.01.272,"Energy, electricity Rest of the World",MJ ,Electricity Togo production,0.031669413,0.175053932,,,
electricity Rest of the World,B.044.01.273,"Energy, electricity Rest of the World",MJ ,Electricity Tonga production,0.040112294,0.221795827,,,
electricity Rest of the World,B.044.01.274,"Energy, electricity Rest of the World",MJ ,Electricity Trinidad and Tobago production,0.038202919,0.211874902,,,
electricity Rest of the World,B.044.01.275,"Energy, electricity Rest of the World",MJ ,Electricity Tunisia production,0.036628163,0.203063135,,,
electricity Rest of the World,B.044.01.276,"Energy, electricity Rest of the World",MJ ,Electricity Turkey production,0.024391113,0.166067045,,,
electricity Rest of the World,B.044.01.277,"Energy, electricity Rest of the World",MJ ,Electricity Turkmenistan production,0.038169425,0.211696316,,,
electricity Rest of the World,B.044.01.278,"Energy, electricity Rest of the World",MJ ,Electricity Turks and Caicos Islands production,0.045017032,0.249246489,,,
electricity Rest of the World,B.044.01.279,"Energy, electricity Rest of the World",MJ ,Electricity U.S. Pacific Islands production (no data),0,0,,,
electricity Rest of the World,B.044.01.280,"Energy, electricity Rest of the World",MJ ,Electricity Uganda production,0.002054202,0.010161229,,,
electricity Rest of the World,B.044.01.281,"Energy, electricity Rest of the World",MJ ,Electricity Ukraine production,0.027287606,0.079245759,,,
electricity Rest of the World,B.044.01.282,"Energy, electricity Rest of the World",MJ ,Electricity United Arab Emirates production,0.034973032,0.176353444,,,
electricity Rest of the World,B.044.01.283,"Energy, electricity Rest of the World",MJ ,Electricity United States production,0.030518121,0.165131308,,,
electricity Rest of the World,B.044.01.284,"Energy, electricity Rest of the World",MJ ,Electricity United States Virgin Islands production,0.043895951,0.24297206,,,
electricity Rest of the World,B.044.01.285,"Energy, electricity Rest of the World",MJ ,Electricity Uruguay production,0.006634532,0.03572602,,,
electricity Rest of the World,B.044.01.286,"Energy, electricity Rest of the World",MJ ,Electricity Uzbekistan production,0.037230306,0.211351075,,,
electricity Rest of the World,B.044.01.287,"Energy, electricity Rest of the World",MJ ,Electricity Vanuatu production,0.032980611,0.182267654,,,
electricity Rest of the World,B.044.01.288,"Energy, electricity Rest of the World",MJ ,Electricity Venezuela production,0.014680881,0.080569383,,,
electricity Rest of the World,B.044.01.289,"Energy, electricity Rest of the World",MJ ,Electricity Vietnam production,0.025050134,0.154756782,,,
electricity Rest of the World,B.044.01.290,"Energy, electricity Rest of the World",MJ ,Electricity Yemen production,0.036912223,0.204048098,,,
electricity Rest of the World,B.044.01.291,"Energy, electricity Rest of the World",MJ ,Electricity Zambia production,0.004420622,0.024937316,,,
electricity Rest of the World,B.044.01.292,"Energy, electricity Rest of the World",MJ ,Electricity Zimbabwe production,0.023611859,0.144683586,,,
electricity Canada,B.046.02.101,"Energy, electricity Canada",MJ ,Electricity Alberta production,0.035204661,0.21246312,,,
electricity Canada,B.046.02.102,"Energy, electricity Canada",MJ ,Electricity British Columbia production,0.00140504,0.007137165,,,
electricity Canada,B.046.02.103,"Energy, electricity Canada",MJ ,Electricity Manitoba production,0.000125294,0.000794092,,,
electricity Canada,B.046.02.104,"Energy, electricity Canada",MJ ,Electricity New Brunswick production,0.026777971,0.11111388,,,
electricity Canada,B.046.02.105,"Energy, electricity Canada",MJ ,Electricity Newfoundland and Labrador production,0.001251721,0.006342632,,,
electricity Canada,B.046.02.106,"Energy, electricity Canada",MJ ,Electricity Northwest Territories production,0.014729344,0.068320423,,,
electricity Canada,B.046.02.107,"Energy, electricity Canada",MJ ,Electricity Nova Scotia production,0.04047049,0.251462256,,,
electricity Canada,B.046.02.108,"Energy, electricity Canada",MJ ,Electricity Nunavut production,0.050309121,0.290939068,,,
electricity Canada,B.046.02.109,"Energy, electricity Canada",MJ ,Electricity Ontario production,0.015892624,0.017581728,,,
electricity Canada,B.046.02.110,"Energy, electricity Canada",MJ ,Electricity Prince Edward Island production,0.014465191,0.103441301,,,
electricity Canada,B.046.02.111,"Energy, electricity Canada",MJ ,Electricity Quebec production,0.000180301,0.000862829,,,
electricity Canada,B.046.02.112,"Energy, electricity Canada",MJ ,Electricity Saskatchewan production,0.042797564,0.268770045,,,
electricity Canada,B.046.02.113,"Energy, electricity Canada",MJ ,Electricity Yukon production,0.006744998,0.036403371,,,
electricity China,B.046.04.101,"Energy, electricity China",MJ ,Electricity CHN production,0.035398027,0.195507504,,,
electricity China,B.046.04.102,"Energy, electricity China",MJ ,Electricity Anhui production,0.044341635,0.308312256,,,
electricity China,B.046.04.103,"Energy, electricity China",MJ ,Electricity Tianjin production,0.041564464,0.308007714,,,
electricity China,B.046.04.104,"Energy, electricity China",MJ ,Electricity Henan production,0.040480174,0.299972729,,,
electricity China,B.046.04.105,"Energy, electricity China",MJ ,Electricity Shanghai production,0.040480174,0.299972729,,,
electricity China,B.046.04.106,"Energy, electricity China",MJ ,Electricity Shanxi production,0.039757314,0.294616075,,,
electricity China,B.046.04.107,"Energy, electricity China",MJ ,Electricity Shaanxi production,0.039034454,0.289259421,,,
electricity China,B.046.04.108,"Energy, electricity China",MJ ,Electricity Heilongjiang production,0.036865873,0.273189451,,,
electricity China,B.046.04.109,"Energy, electricity China",MJ ,Electricity Shandong production,0.038249288,0.278618541,,,
electricity China,B.046.04.110,"Energy, electricity China",MJ ,Electricity Inner Mongolia production,0.036143013,0.267832797,,,
electricity China,B.046.04.111,"Energy, electricity China",MJ ,Electricity Hebei production,0.035781582,0.265154466,,,
electricity China,B.046.04.112,"Energy, electricity China",MJ ,Electricity Ningxia production,0.035420151,0.262476135,,,
electricity China,B.046.04.113,"Energy, electricity China",MJ ,Electricity Jiangxi production,0.036143013,0.267832797,,,
electricity China,B.046.04.114,"Energy, electricity China",MJ ,Electricity Jiangsu production,0.038496883,0.268090917,,,
electricity China,B.046.04.115,"Energy, electricity China",MJ ,Electricity Xinjiang production,0.033613001,0.249084496,,,
electricity China,B.046.04.116,"Energy, electricity China",MJ ,Electricity Hainan production,0.04069099,0.263054135,,,
electricity China,B.046.04.117,"Energy, electricity China",MJ ,Electricity Jilin production,0.03252871,0.241049511,,,
electricity China,B.046.04.118,"Energy, electricity China",MJ ,Electricity Liaoning production,0.032890029,0.219979586,,,
electricity China,B.046.04.119,"Energy, electricity China",MJ ,Electricity National production,0.02963727,0.219622895,,,
electricity China,B.046.04.120,"Energy, electricity China",MJ ,Electricity Chongqing production,0.0299987,0.222301218,,,
electricity China,B.046.04.121,"Energy, electricity China",MJ ,Electricity Zhejiang production,0.032374112,0.214645624,,,
electricity China,B.046.04.122,"Energy, electricity China",MJ ,Electricity Beijin production,0.028914409,0.214266233,,,
electricity China,B.046.04.123,"Energy, electricity China",MJ ,Electricity Fujian production,0.029669859,0.201155609,,,
electricity China,B.046.04.124,"Energy, electricity China",MJ ,Electricity Guangdong production,0.031515074,0.198719263,,,
electricity China,B.046.04.125,"Energy, electricity China",MJ ,Electricity Hunan production,0.026022968,0.192839609,,,
electricity China,B.046.04.126,"Energy, electricity China",MJ ,Electricity Guizhou production,0.026022968,0.192839609,,,
electricity China,B.046.04.127,"Energy, electricity China",MJ ,Electricity Gansu production,0.021685807,0.160699677,,,
electricity China,B.046.04.128,"Energy, electricity China",MJ ,Electricity Guangxi production,0.024079715,0.163600887,,,
electricity China,B.046.04.129,"Energy, electricity China",MJ ,Electricity Hubei production,0.018432936,0.136594722,,,
electricity China,B.046.04.130,"Energy, electricity China",MJ ,Electricity Qinghai production,0.010120043,0.074993183,,,
electricity China,B.046.04.131,"Energy, electricity China",MJ ,Electricity Sichuan production,0.007228602,0.053566559,,,
electricity China,B.046.04.132,"Energy, electricity China",MJ ,Electricity Yunnan production,0.003614301,0.02678328,,,
electricity India,B.046.06.101,"Energy, electricity India",MJ ,Electricity Andaman  & Nicobar production,0.047630776,0.275796023,,,
electricity India,B.046.06.102,"Energy, electricity India",MJ ,Electricity Andhra Pradesh production,0.038375255,0.260759263,,,
electricity India,B.046.06.103,"Energy, electricity India",MJ ,Electricity Arunachal Pradesh production,0.000550999,0.002092606,,,
electricity India,B.046.06.104,"Energy, electricity India",MJ ,Electricity Assam production,0.040983098,0.256574263,,,
electricity India,B.046.06.105,"Energy, electricity India",MJ ,Electricity Bihar production,0.048658585,0.335513429,,,
electricity India,B.046.06.106,"Energy, electricity India",MJ ,Electricity Chandigarh production,0.000523782,0.001965297,,,
electricity India,B.046.06.107,"Energy, electricity India",MJ ,Electricity Chhattisgarh production,0.048160428,0.332064707,,,
electricity India,B.046.06.108,"Energy, electricity India",MJ ,Electricity Dadra & Nagar Naveli production,0.000459252,0.001723172,,,
electricity India,B.046.06.109,"Energy, electricity India",MJ ,Electricity Delhi production,0.038636445,0.206868895,,,
electricity India,B.046.06.110,"Energy, electricity India",MJ ,Electricity Goa production,0.00502038,0.023105302,,,
electricity India,B.046.06.111,"Energy, electricity India",MJ ,Electricity Gujarat production,0.030962333,0.203490684,,,
electricity India,B.046.06.112,"Energy, electricity India",MJ ,Electricity Haryana production,0.046804175,0.322471361,,,
electricity India,B.046.06.113,"Energy, electricity India",MJ ,Electricity Himachal Pradesh production,0.000532066,0.002004043,,,
electricity India,B.046.06.114,"Energy, electricity India",MJ ,Electricity Jammu & Kashmir and Ladajh production,0.000523782,0.001965297,,,
electricity India,B.046.06.115,"Energy, electricity India",MJ ,Electricity Jharkhand production,0.048330281,0.333269008,,,
electricity India,B.046.06.116,"Energy, electricity India",MJ ,Electricity Karnataka production,0.023102851,0.141452083,,,
electricity India,B.046.06.117,"Energy, electricity India",MJ ,Electricity Kerala production,0.000921635,0.003821186,,,
electricity India,B.046.06.118,"Energy, electricity India",MJ ,Electricity Lakshadweep production,0.006440513,0.029641183,,,
electricity India,B.046.06.119,"Energy, electricity India",MJ ,Electricity Madhya Pradesh production,0.044004306,0.302924098,,,
electricity India,B.046.06.120,"Energy, electricity India",MJ ,Electricity Maharashtra production,0.040381387,0.267504835,,,
electricity India,B.046.06.121,"Energy, electricity India",MJ ,Electricity Manipur production,0.000614308,0.002388738,,,
electricity India,B.046.06.122,"Energy, electricity India",MJ ,Electricity Meghalaya production,0.000523782,0.001965297,,,
electricity India,B.046.06.123,"Energy, electricity India",MJ ,Electricity Mizoram production,0.000585908,0.002255894,,,
electricity India,B.046.06.124,"Energy, electricity India",MJ ,Electricity Nagaland production,0.000523782,0.001965297,,,
electricity India,B.046.06.125,"Energy, electricity India",MJ ,Electricity Odisha production,0.044379875,0.30577206,,,
electricity India,B.046.06.126,"Energy, electricity India",MJ ,Electricity Puducherry production,0.039535974,0.211537647,,,
electricity India,B.046.06.127,"Energy, electricity India",MJ ,Electricity Punjab production,0.039350664,0.270284992,,,
electricity India,B.046.06.128,"Energy, electricity India",MJ ,Electricity Rajasthan production,0.030844855,0.195244429,,,
electricity India,B.046.06.129,"Energy, electricity India",MJ ,Electricity Sikkim production,0.000529107,0.001990205,,,
electricity India,B.046.06.130,"Energy, electricity India",MJ ,Electricity Tamil Nadu production,0.032064419,0.195186496,,,
electricity USA,B.046.08.101,"Energy, electricity USA",MJ ,Electricity Alabama production,0.028713026,0.139125579,,,
electricity USA,B.046.08.102,"Energy, electricity USA",MJ ,Electricity Alaska production,0.041093594,0.204158519,,,
electricity USA,B.046.08.103,"Energy, electricity USA",MJ ,Electricity Arizona production,0.027115078,0.132309744,,,
electricity USA,B.046.08.104,"Energy, electricity USA",MJ ,Electricity Arkansas production,0.034321365,0.185003383,,,
electricity USA,B.046.08.105,"Energy, electricity USA",MJ ,Electricity California production,0.019310656,0.105821519,,,
electricity USA,B.046.08.106,"Energy, electricity USA",MJ ,Electricity Colorado production,0.029913887,0.204833308,,,
electricity USA,B.046.08.107,"Energy, electricity USA",MJ ,Electricity Connecticut production,0.026331857,0.111097383,,,
electricity USA,B.046.08.108,"Energy, electricity USA",MJ ,Electricity Delaware production,0.03528226,0.233724481,,,
electricity USA,B.046.08.109,"Energy, electricity USA",MJ ,Electricity District of Columbia production,0.039883297,0.210283481,,,
electricity USA,B.046.08.110,"Energy, electricity USA",MJ ,Electricity Florida production,0.028586952,0.169201669,,,
electricity USA,B.046.08.111,"Energy, electricity USA",MJ ,Electricity Georgia (USA) production,0.029284108,0.144419444,,,
electricity USA,B.046.08.112,"Energy, electricity USA",MJ ,Electricity Hawaii production,0.044948491,0.244599248,,,
electricity USA,B.046.08.113,"Energy, electricity USA",MJ ,Electricity Idaho production,0.011307164,0.065882562,,,
electricity USA,B.046.08.114,"Energy, electricity USA",MJ ,Electricity Illinois production,0.030603803,0.117068737,,,
electricity USA,B.046.08.115,"Energy, electricity USA",MJ ,Electricity Indiana production,0.040835471,0.275343113,,,
electricity USA,B.046.08.116,"Energy, electricity USA",MJ ,Electricity Iowa production,0.023907696,0.155645977,,,
electricity USA,B.046.08.117,"Energy, electricity USA",MJ ,Electricity Kansas production,0.024666094,0.144708263,,,
electricity USA,B.046.08.118,"Energy, electricity USA",MJ ,Electricity Kentucky production,0.043369841,0.292004361,,,
electricity USA,B.046.08.119,"Energy, electricity USA",MJ ,Electricity Louisiana production,0.034390173,0.188799827,,,
electricity USA,B.046.08.120,"Energy, electricity USA",MJ ,Electricity Maine production,0.015102406,0.083418338,,,
electricity USA,B.046.08.121,"Energy, electricity USA",MJ ,Electricity Maryland production,0.028222396,0.127593624,,,
electricity USA,B.046.08.122,"Energy, electricity USA",MJ ,Electricity Massachusetts production,0.028370283,0.183514534,,,
electricity USA,B.046.08.123,"Energy, electricity USA",MJ ,Electricity Michigan production,0.035246176,0.179316143,,,
electricity USA,B.046.08.124,"Energy, electricity USA",MJ ,Electricity Minnesota production,0.028395307,0.14795718,,,
electricity USA,B.046.08.125,"Energy, electricity USA",MJ ,Electricity Mississippi production,0.029223786,0.163291677,,,
electricity USA,B.046.08.126,"Energy, electricity USA",MJ ,Electricity Missouri production,0.044891915,0.277777805,,,
electricity USA,B.046.08.127,"Energy, electricity USA",MJ ,Electricity Montana production,0.027161167,0.181273812,,,
electricity USA,B.046.08.128,"Energy, electricity USA",MJ ,Electricity Nebraska production,0.036278833,0.19975694,,,
electricity USA,B.046.08.129,"Energy, electricity USA",MJ ,Electricity Nevada production,0.022815876,0.14749588,,,
electricity USA,B.046.08.130,"Energy, electricity USA",MJ ,Electricity New Hampshire production,0.022726778,0.058203977,,,
electricity USA,B.046.08.131,"Energy, electricity USA",MJ ,Electricity New Jersey production,0.027204038,0.105828534,,,
electricity USA,B.046.08.132,"Energy, electricity USA",MJ ,Electricity New Mexico production,0.027371775,0.186032812,,,
electricity USA,B.046.08.133,"Energy, electricity USA",MJ ,Electricity New York2 production,0.02159465,0.099301857,,,
electricity USA,B.046.08.134,"Energy, electricity USA",MJ ,Electricity North Carolina production,0.028205333,0.129426654,,,
electricity USA,B.046.08.135,"Energy, electricity USA",MJ ,Electricity North Dakota production,0.035573332,0.227375774,,,
electricity USA,B.046.08.136,"Energy, electricity USA",MJ ,Electricity Ohio production,0.036646036,0.212068579,,,
electricity USA,B.046.08.137,"Energy, electricity USA",MJ ,Electricity Oklahoma production,0.021312955,0.138287398,,,
electricity USA,B.046.08.138,"Energy, electricity USA",MJ ,Electricity Oregon production,0.011206282,0.065891889,,,
electricity USA,B.046.08.139,"Energy, electricity USA",MJ ,Electricity Pennsylvania production,0.028899689,0.139337038,,,
electricity USA,B.046.08.140,"Energy, electricity USA",MJ ,Electricity Rhode Island production,0.026387942,0.172837376,,,
electricity USA,B.046.08.141,"Energy, electricity USA",MJ ,Electricity South Carolina production,0.028653966,0.101864293,,,
electricity USA,B.046.08.142,"Energy, electricity USA",MJ ,Electricity South Dakota production,0.008461477,0.056236733,,,
electricity USA,B.046.08.143,"Energy, electricity USA",MJ ,Electricity Tennessee production,0.029820064,0.128870376,,,
electricity USA,B.046.08.144,"Energy, electricity USA",MJ ,Electricity Texas production,0.028452857,0.171396617,,,
electricity USA,B.046.08.145,"Energy, electricity USA",MJ ,Electricity Utah production,0.039218571,0.259464406,,,
electricity USA,B.046.08.146,"Energy, electricity USA",MJ ,Electricity Vermont production,0.003304662,0.005713488,,,
electricity USA,B.046.08.147,"Energy, electricity USA",MJ ,Electricity Virginia production,0.027331668,0.128768586,,,
electricity USA,B.046.08.148,"Energy, electricity USA",MJ ,Electricity Washington production,0.008987066,0.042570659,,,
electricity USA,B.046.08.149,"Energy, electricity USA",MJ ,Electricity West Virginia production,0.045838594,0.313244143,,,
electricity USA,B.046.08.150,"Energy, electricity USA",MJ ,Electricity Wisconsin production,0.035197054,0.214178947,,,
electricity USA,B.046.08.151,"Energy, electricity USA",MJ ,Electricity Wyoming production,0.044199503,0.29783782,,,
heat,B.050.01.101,"Energy, heat",MJ ,"Industrial Heat, General",0.013687488,0.09188706,,,
heat,B.050.01.102,"Energy, heat",MJ ,"Domestic Heat, General, from heat pump",0.006659036,0.03856547,,,
heat,B.050.01.103,"Energy, heat",MJ ,"Energy gas, condensing, low NOx (=heat), incl. combustion",0.013796988,0.092622158,,,
heat,B.050.01.104,"Energy, heat",MJ ,"Heat from anthracite coal (33 MJ/kg), incl. combustion",0.048885839,0.121419805,,,
heat,B.050.01.105,"Energy, heat",MJ ,"Heat from coal (bituminous 26.4 MJ/kg), incl. combustion",0.027982576,0.125279226,,,
heat,B.050.01.106,"Energy, heat",MJ ,"Heat from heavy oil for chemical processes, incl. combustion",0.0240429,0.116627602,,,
heat,B.050.01.107,"Energy, heat",MJ ,"Heat from natural gas for chemical processes, incl. combustion",0.013687488,0.09188706,,,
transport,C.010.01.101,"Transport, air                                                                   ",tkm,"Air traffic continental (min weight/volume ratio 0,167 ton/m3) (tkm)",0.383048336,1.596241729,,,
transport,C.010.01.102,"Transport, air                                                                   ",tkm,"Air traffic intercontinental (min weight/volume ratio 0,167 ton/m3) (tkm)",0.171243005,0.651798692,,,
transport,C.010.01.103,"Transport, air                                                                   ",m3km,"Air traffic continental (max weight/volume ratio 0,167 ton/m3) (m3km)*",0.06401922,0.266781346,,,
transport,C.010.01.104,"Transport, air                                                                   ",m3km,"Air traffic intercontinental (max weight/volume ratio 0,167 ton/m3) (m3km)*",0.028620001,0.108935714,,,
transport,C.010.01.105,"Transport, air                                                                   ",paskm,Air passenger continental,0.038304834,0.159624173,,,
transport,C.010.01.106,"Transport, air                                                                   ",paskm,Air passenger intercontinental,0.0171243,0.065179869,,,
transport,C.030.01.101,"Transport, pipeline                                                        ",tkm,"Transport, pipeline, natural gas",0.012295488,0.083047947,,,
transport,C.030.01.102,"Transport, pipeline                                                        ",tkm,"Transport, pipeline, petroleum",0.001428763,0.008274608,,,
transport,C.050.01.101,"Transport, rail                                         ",tkm,"Train, freight diesel (tkm)",0.005310429,0.021977653,,,
transport,C.050.01.102,"Transport, rail                                         ",tkm,"Train, freight, electric (tkm)",0.001917802,0.011106856,,,
transport,C.050.01.103,"Transport, rail                                         ",paskm,Passenger-kilometer per train,0.00863011,0.04998085,,,
transport,C.060.01.103,"Transport, road                                     ",tkm,Tractor (240 pk),0.060211189,0.249189,,,
transport,C.060.01.104,"Transport, road                                     ",m,"Truck +trailer  Euro 6, B7 diesel (output per meter)",0.000319767,0.001162239,,,
transport,C.060.01.105,"Transport, road                                     ",tkm,"Truck+container, 28 tons net B7(min weight/volume ratio 0,41 ton/m3) (tkm)",0.022840518,0.083017075,,,
transport,C.060.01.106,"Transport, road                                     ",tkm,"Truck+trailer 24 tons net B7 (min weight/volume ratio 0,32 ton/m3) (tkm)",0.026647271,0.096853256,,,
transport,C.060.01.107,"Transport, road                                     ",m3km,"Truck+container, 28 tons net B7 (max weight/volume ratio 0,41 ton/m3) (m3km)*",0.009363609,0.034033355,,,
transport,C.060.01.108,"Transport, road                                     ",m3km,"Truck+trailer 24 tons net B7 (max weight/volume ratio 0,32 ton/m3) (m3km)*",0.008527127,0.030993042,,,
transport,C.060.03.104,"Transport, road                                     ",m,"Truck +trailer  Euro 6, HVO diesel (output per meter)",0.000105791,0.000294606,,,
transport,C.060.03.105,"Transport, road                                     ",tkm,"Truck+container, 28 tons net HVO (min weight/volume ratio 0,41 ton/m3) (tkm)",0.007556519,0.021043284,,,
transport,C.060.03.106,"Transport, road                                     ",tkm,"Truck+trailer 24 tons net HVO (min weight/volume ratio 0,32 ton/m3) (tkm)",0.008815939,0.024550498,,,
transport,C.060.03.107,"Transport, road                                     ",m3km,"Truck+container, 28 tons net HVO (max weight/volume ratio 0,41 ton/m3) (m3km)*",0.003097841,0.008626823,,,
transport,C.060.03.108,"Transport, road                                     ",m3km,"Truck+trailer 24 tons net HVO (max weight/volume ratio 0,32 ton/m3) (m3km)*",0.0028211,0.007856159,,,
transport,C.070.01.101,"Transport, water                                     ",tkm,Barge 1475 dwt,0.00560458,0.022711724,,,
transport,C.070.01.102,"Transport, water                                     ",tkm,"Bulk carrier Handysize dwt 16.383, 12.5 knots",0.0016093,0.006188109,,,
transport,C.070.01.103,"Transport, water                                     ",tkm,Bulk carrier Panamax,0.000964212,0.003707604,,,
transport,C.070.01.104,"Transport, water                                     ",tkm,"Coaster Class A (coast US, North and Baltic sea)",0.00377544,0.014517393,,,
transport,C.070.01.105,"Transport, water                                     ",tkm,Container feeder Handysize 1577 TEU 13  knots,0.003297183,0.012678388,,,
transport,C.070.01.106,"Transport, water                                     ",tkm,"Container ship (min weight/volume ratio 0,41 ton/m3)",0.001400649,0.005385802,,,
transport,C.070.01.107,"Transport, water                                     ",tkm,Oil Supertanker,0.000845585,0.00325146,,,
transport,C.070.01.108,"Transport, water                                     ",m3km,"Container ship (max weight/volume ratio 0,41 ton/m3) (m3km)*",0.000574625,0.00220956,,,
processing metals,D.050.01.101,"Processing, metals, chipless shaping and laser cutting",kg ,Deep drawing steel,0.097754647,0.566141105,,,
processing metals,D.050.01.102,"Processing, metals, chipless shaping and laser cutting",kg ,Rolling steel,0.131399886,0.882115789,,,
processing metals,D.050.01.103,"Processing, metals, chipless shaping and laser cutting",m ,"Fiber Laser cutting 1000 W, Steel 1mm thick, 1 meter",0.000106545,0.000617048,,,
processing metals,D.050.01.104,"Processing, metals, chipless shaping and laser cutting",m ,"Fiber Laser cutting 6000 W, Steel 10mm thick, 1 meter",0.005327229,0.030852376,,,
processing metals,D.060.01.101,"Processing, metals, chipping per kg removed, the ecoburden of the removed materials in Idemat not included, in Ecoinvent included",kg ,"Drilling steel (per kg removed, the removed steel not counted)",0.02050983,0.118781647,,,
processing metals,D.060.01.102,"Processing, metals, chipping per kg removed, the ecoburden of the removed materials in Idemat not included, in Ecoinvent included",kg ,"Milling steel (per kg removed, revomed steel not counted)",0.02050983,0.118781647,,,
processing metals,D.060.01.103,"Processing, metals, chipping per kg removed, the ecoburden of the removed materials in Idemat not included, in Ecoinvent included",kg ,"Turrning steel (per kg removed, steel removed not counted)",0.02050983,0.118781647,,,
processing metals,D.070.01.101,"Processing, metals, coating ",m2 ,Electroplating Chrome (single side),1.346945684,2.405009699,,,
processing metals,D.070.01.102,"Processing, metals, coating ",m2 ,Electroplating Nickel (single side),1.613262735,1.425759925,,,
processing metals,D.070.01.103,"Processing, metals, coating ",m2 ,"Electroplating Zinc, incl. outside use, per 10 years (10  micron, single side)",1.324353292,3.26419812,,,
processing metals,D.070.01.104,"Processing, metals, coating ",m2 ,"Electroplating Zinc, inside use or painted (5 micron)",0.479140902,1.636418421,,,
processing metals,D.070.01.105,"Processing, metals, coating ",m2 ,"Hot-dip Zinc plating, pieces, outside use, single side",4.467502074,15.68352406,,,
processing metals,D.070.01.106,"Processing, metals, coating ",m2 ,Phosphating (Fe s),0.142400158,0.757257744,,,
processing metals,D.070.01.107,"Processing, metals, coating ",m2 ,Phosphating (Zn i),0.034330418,0.013588469,,,
processing metals,D.070.01.108,"Processing, metals, coating ",m2 ,Phosphating (Zn s),0.01558366,0.006741369,,,
processing metals,D.070.01.109,"Processing, metals, coating ",m2 ,Powder coating aluminium,0.814964586,3.984012632,,,
processing metals,D.070.01.110,"Processing, metals, coating ",m2 ,Powder coating steel,0.902545487,3.966481278,,,
processing metals,D.090.01.101,"Processing, metals, welding steel",m ,"Electric MIG welding 4mm steel, 0.125 kg electrode",0.219403463,1.240697444,,,
processing metals,D.090.01.102,"Processing, metals, welding steel",kg ,welding shipbuilding (FCAW) per kg electrode,35.41514316,236.0393609,,,
processing metals,D.090.01.103,"Processing, metals, welding steel",m ,welding steel arc (MAG) 0.0536 kg electrode,0.076177831,0.16347006,,,
processing metals,D.090.01.104,"Processing, metals, welding steel",m ,"welding steel, autogenious 0.0536 kg electrode",0.069709354,0.118000632,,,
processing metals,D.100.01.101,"Processing, non-ferro",m2 ,Anodising,0.440784087,2.433859173,,,
processing metals,D.100.01.102,"Processing, non-ferro",m ,Autogenuous welding Al 1,0.115813953,0.670730662,,,
processing metals,D.100.01.103,"Processing, non-ferro",m ,Autogenuous welding Al 2,0.315878026,1.829391654,,,
processing metals,D.100.01.104,"Processing, non-ferro",m ,Autogenuous welding Al 3,0.49487291,2.866031504,,,
processing metals,D.100.01.105,"Processing, non-ferro",kg ,Cold transforming Al,0.019497657,0.112919699,,,
processing metals,D.100.01.106,"Processing, non-ferro",m ,"Fiber Laser cutting 1000 W, Aluminium 1mm thick, 1 meter",0.000159817,0.000925571,,,
processing metals,D.100.01.107,"Processing, non-ferro",m ,"Fiber Laser cutting 6000 W, Aluminium 10mm thick, 1 meter",0.009589012,0.055534277,,,
processing metals,D.100.01.108,"Processing, non-ferro",kg ,"Drilling Al. (per kg removed, removed Al not counted)",0.012785349,0.074045703,,,
processing metals,D.100.01.109,"Processing, non-ferro",kg ,Extruding alum,0.171154567,0.884047895,,,
processing metals,D.100.01.110,"Processing, non-ferro",kg ,Forging aluminium,0.042884191,0.248361632,,,
processing metals,D.100.01.111,"Processing, non-ferro",kg ,Machining aluminium,0.012785349,0.074045703,,,
processing metals,D.100.01.112,"Processing, non-ferro",m ,MIG-arc welding Al 10,0.6527986,3.78065015,,,
processing metals,D.100.01.113,"Processing, non-ferro",m ,MIG-arc welding Al 12,1.147751415,6.647144436,,,
processing metals,D.100.01.114,"Processing, non-ferro",m ,MIG-arc welding Al 4,0.126361864,0.731818361,,,
processing metals,D.100.01.115,"Processing, non-ferro",m ,MIG-arc welding Al 5 I-jnt,0.27381955,1.585812105,,,
processing metals,D.100.01.116,"Processing, non-ferro",m ,MIG-arc welding Al 5 V-jnt,0.410729331,2.378718195,,,
processing metals,D.100.01.117,"Processing, non-ferro",m ,MIG-arc welding Al 6 V-jnt,0.487441423,2.822992406,,,
processing metals,D.100.01.118,"Processing, non-ferro",m ,MIG-arc welding Al 8,0.621154866,3.597387068,,,
processing metals,D.100.01.119,"Processing, non-ferro",kg ,"Milling Al. (per kg removed, removed Al not counted)",0.012785349,0.074045703,,,
processing metals,D.100.01.120,"Processing, non-ferro",kg ,Rolling aluminium foil,0.198894785,1.124103008,,,
processing metals,D.100.01.121,"Processing, non-ferro",kg ,Rolling aluminium sheet,0.163584974,0.934840451,,,
processing metals,D.100.01.122,"Processing, non-ferro",kg ,Rolling brass,0.091848141,0.498254451,,,
processing metals,D.100.01.123,"Processing, non-ferro",m ,Sawing Al. band saw,0.078976166,0.457386481,,,
processing metals,D.100.01.124,"Processing, non-ferro",m ,Sawing Al. circular saw,0.157952327,0.914772932,,,
processing metals,D.100.01.125,"Processing, non-ferro",kg ,Scouring aluminium,0.165676809,0.959508872,,,
processing metals,D.100.01.126,"Processing, non-ferro",m ,Seam welding Al. 0.25,0.526463377,3.04898609,,,
processing metals,D.100.01.127,"Processing, non-ferro",m ,Seam welding Al. 1.5,1.684682821,9.756755639,,,
processing metals,D.100.01.128,"Processing, non-ferro",m ,Seam welding Al. 2.5,2.42175816,14.02549023,,,
processing metals,D.100.01.129,"Processing, non-ferro",p ,Spot welding Al. 0.5,0.005273956,0.030543853,,,
processing metals,D.100.01.130,"Processing, non-ferro",p ,Spot welding Al. 1,0.010529268,0.060979722,,,
processing metals,D.100.01.131,"Processing, non-ferro",p ,Spot welding Al. 1.5,0.02106919,0.12202115,,,
processing metals,D.100.01.132,"Processing, non-ferro",p ,Spot welding Al. 3,0.049489954,0.286618571,,,
processing metals,D.100.01.133,"Processing, non-ferro",kg ,"Turning Al (per kg removed, removed Al not counted)",0.012785349,0.074045703,,,
processing metals,D.100.01.134,"Processing, non-ferro",m ,Welding aluminium arc (0.0183 kg electrode),0.059979845,0.212197474,,,
paper & packaging,D.110.01.101,"Processing, Paper and packaging",kg ,"Corrugated board box making,  (excl the paper)",0.02449283,0.150155556,,,
paper & packaging,D.110.01.102,"Processing, Paper and packaging",m2 ,"Printing per m2, 100%, offset, conventional",0.004253806,0.013866456,,,
paper & packaging,D.110.01.103,"Processing, Paper and packaging",m2 ,"Printing per m2, 100%, UV, inkjet",0.008253953,0.024910289,,,
paper & packaging,D.110.01.104,"Processing, Paper and packaging",m2 ,"Printing per m2, offset, conventional, electricity only",0.001425594,0.008256259,,,
paper & packaging,D.110.01.105,"Processing, Paper and packaging",m2 ,"Printing per m2, UV, inkjet, electricity only",0.001853273,0.010733136,,,
paper & packaging,D.110.01.106,"Processing, Paper and packaging",m2 ,"Printing per m2, extra paint varnish layer",0.003053525,0.008964741,,,
plastics,D.120.01.101,"Processing, plastics",kg ,"blow moulding, machine only",0.04123275,0.238797391,,,
plastics,D.120.01.102,"Processing, plastics",kg ,"blow moulding, production site",0.213834956,1.238414361,,,
plastics,D.120.01.103,"Processing, plastics",kg ,"extrusion, machine only",0.023972529,0.138835692,,,
plastics,D.120.01.104,"Processing, plastics",kg ,"extrusion, production site",0.065205279,0.377633083,,,
plastics,D.120.01.105,"Processing, plastics",kg ,"injection moulding, machine only",0.089177808,0.516468774,,,
plastics,D.120.01.106,"Processing, plastics",kg ,"injection moulding, production site",0.22725958,1.316162406,,,
plastics,D.120.01.107,"Processing, plastics",kg ,Recycling mixed polymer,0.073103711,0.450108827,,,
plastics,D.120.01.108,"Processing, plastics",kg ,"thermo forming, machine only",0.042191651,0.24435082,,,
plastics,D.120.01.109,"Processing, plastics",kg ,"thermo forming, production site",0.086301105,0.499808496,,,
wood,D.140.01.101,"Processing, wood",s ,Chain sawing,0.000204152,0.000835352,,,
wood,D.140.01.102,"Processing, wood",s ,Power sawing (petrol),0.000621609,0.002669734,,,
wood,D.140.01.103,"Processing, wood",kg ,Shaving hardwood per kg dry mass removed,0.159816859,0.925571278,,,
wood,D.140.01.104,"Processing, wood",kg ,Shaving softwood per kg dry mass removed,0.119862645,0.694178466,,,
end-of-life,F.010.01.101,"waste treatment, co-firing power plant elastomers ",kg ,BR and IIR (Butyl rubber) co-firing in electrical power plant,-0.063077312,-0.253128895,,,
end-of-life,F.010.01.102,"waste treatment, co-firing power plant elastomers ",kg ,EVA (Ethylene vinyl acetate) co-firing in electrical power plant,-0.053884855,-0.305467105,,,
end-of-life,F.010.01.103,"waste treatment, co-firing power plant elastomers ",kg ,IR (Polyisoprene rubber) co-firing in electrical power plant,-0.084163502,-0.416461353,,,
end-of-life,F.010.01.104,"waste treatment, co-firing power plant elastomers ",kg ,Natural rubber co-firing in electrical power plant,-0.533207288,-3.822501654,,,
end-of-life,F.010.01.105,"waste treatment, co-firing power plant elastomers ",kg ,"Polychloroprene (Neoprene, CR) co-firing in electrical power plant",0.496823342,-0.016060738,,,
end-of-life,F.010.01.106,"waste treatment, co-firing power plant elastomers ",kg ,PU (Polyurethane) co-firing in electrical power plant,-0.004896477,0.130203534,,,
end-of-life,F.010.01.107,"waste treatment, co-firing power plant elastomers ",kg ,SBR (Styrene butadiene rubber) co-firing in electrical power plant,0.00125388,0.178740278,,,
end-of-life,F.010.01.108,"waste treatment, co-firing power plant elastomers ",kg ,Silicone rubber co-firing in electrical power plant,0.018535047,0.279639346,,,
end-of-life,F.020.01.101,"waste treatment, co-firing power plant others ",kg ,CFRP (50%) co-firing in electrical power plant,0.006751255,0.118773887,,,
end-of-life,F.020.01.102,"waste treatment, co-firing power plant others ",kg ,DMC (50%) co-firing in electrical power plant,0.006751255,0.118773887,,,
end-of-life,F.020.01.103,"waste treatment, co-firing power plant others ",kg ,"Flexible Polymer Foam, co-firing in electrical power plant",0.023692344,0.35992118,,,
end-of-life,F.020.01.104,"waste treatment, co-firing power plant others ",kg ,GFRP (50%) co-firing in electrical power plant,0.006751255,0.118773887,,,
end-of-life,F.020.01.105,"waste treatment, co-firing power plant others ",kg ,"Hardwood 0% MC, Bamboo, Cork, co-firing in electrical power plant",-0.226613539,-1.635589624,,,
end-of-life,F.020.01.106,"waste treatment, co-firing power plant others ",kg ,"Hardwood 12% MC, Bamboo, Cork, co-firing in electrical power plant",-0.193352942,-1.41230406,,,
end-of-life,F.020.01.107,"waste treatment, co-firing power plant others ",kg ,"Hardwood, fresh, 50% MC, Bamboo, Cork, co-firing in electrical power plant",-0.088369916,-0.707530353,,,
end-of-life,F.020.01.108,"waste treatment, co-firing power plant others ",kg ,"Paper, Cardboard, Leather, Cotton (12% MC) co-firing in electrical power plant",-0.188288574,-1.378305865,,,
end-of-life,F.020.01.109,"waste treatment, co-firing power plant others ",kg ,"Rigid Polymer Foam, co-firing in electrical power plant",-0.102465478,-0.556809429,,,
end-of-life,F.020.01.110,"waste treatment, co-firing power plant others ",kg ,SMC (50%) co-firing in electrical power plant,0.047733992,0.432901865,,,
end-of-life,F.020.01.111,"waste treatment, co-firing power plant others ",kg ,"Softwood 0% MC, co-firing in electrical power plant",-0.230049566,-1.663155789,,,
end-of-life,F.020.01.112,"waste treatment, co-firing power plant others ",kg ,"Softwood 12% MC, co-firing in electrical power plant",-0.195830843,-1.43343812,,,
end-of-life,F.020.01.113,"waste treatment, co-firing power plant others ",kg ,"Softwood, fresh, 50% MC, co-firing in electrical power plant",-0.089068438,-0.71671906,,,
end-of-life,F.030.01.101,"waste treatment, co-firing power plant thermoplastics ",kg ,ABS (Acrylonitrile butadiene styrene) co-firing in electrical power plant,-0.019545855,0.03193487,,,
end-of-life,F.030.01.102,"waste treatment, co-firing power plant thermoplastics ",kg ,bio-PE (Polyethylene) co-firing in electrical power plant,-0.573063338,-4.098162782,,,
end-of-life,F.030.01.103,"waste treatment, co-firing power plant thermoplastics ",kg ,CA (Cellulose polymers) co-firing in electrical power plant,-0.188260275,-1.369117143,,,
end-of-life,F.030.01.104,"waste treatment, co-firing power plant thermoplastics ",kg ,Ionomer co-firing in electrical power plant,-0.009263226,0.109371744,,,
end-of-life,F.030.01.105,"waste treatment, co-firing power plant thermoplastics ",kg ,PA-11 (Nylon-11) co-firing in electrical power plant,-0.363491977,-2.642671805,,,
end-of-life,F.030.01.106,"waste treatment, co-firing power plant thermoplastics ",kg ,"PA (Nylons, Polyamides) co-firing in electrical power plant",0.000707898,0.143042481,,,
end-of-life,F.030.01.107,"waste treatment, co-firing power plant thermoplastics ",kg ,PC (Polycarbonate) co-firing in electrical power plant,0.053939027,0.549989015,,,
end-of-life,F.030.01.108,"waste treatment, co-firing power plant thermoplastics ",kg ,PE (Polyethylene) co-firing in electrical power plant,-0.102465478,-0.556809429,,,
end-of-life,F.030.01.111,"waste treatment, co-firing power plant thermoplastics ",kg ,PET (Polyethylene terephthalate) co-firing in electrical power plant,0.050877033,0.449089271,,,
end-of-life,F.030.01.112,"waste treatment, co-firing power plant thermoplastics ",kg ,PHA (Polyhydroxyalkanoates) co-firing in electrical power plant,-0.340544371,-2.416629624,,,
end-of-life,F.030.01.113,"waste treatment, co-firing power plant thermoplastics ",kg ,PLA (Polylactide) co-firing in electrical power plant,-0.223579658,-1.608023534,,,
end-of-life,F.030.01.114,"waste treatment, co-firing power plant thermoplastics ",kg ,PMMA (Polymethyl methacrylate) co-firing in electrical power plant,0.007221064,0.174837842,,,
end-of-life,F.030.01.115,"waste treatment, co-firing power plant thermoplastics ",kg ,"POM (Polyoxymethylene, polyacetaal) co-firing in electrical power plant",0.016005374,0.196890504,,,
end-of-life,F.030.01.116,"waste treatment, co-firing power plant thermoplastics ",kg ,PP (Polypropylene) co-firing in electrical power plant,-0.077930918,-0.381305143,,,
end-of-life,F.030.01.117,"waste treatment, co-firing power plant thermoplastics ",kg ,PS (Polystyrene) co-firing in electrical power plant,-0.033022733,-0.047226383,,,
end-of-life,F.030.01.118,"waste treatment, co-firing power plant thermoplastics ",kg ,"PTFE (Teflon, Polytetrafluoroethylene) co-firing in electrical power plant",0.045789685,0.37683791,,,
end-of-life,F.030.01.119,"waste treatment, co-firing power plant thermoplastics ",kg ,PTT (Polyltrimethylene terephthalate) co-firing in electrical power plant,-0.045232382,-0.203208331,,,
end-of-life,F.030.01.120,"waste treatment, co-firing power plant thermoplastics ",kg ,PUR (Polyurethane) co-firing in electrical power plant,0.023692344,0.35992118,,,
end-of-life,F.030.01.121,"waste treatment, co-firing power plant thermoplastics ",kg ,PVC (Polyvinylchloride) co-firing in electrical power plant,-0.013554119,-0.01779796,,,
end-of-life,F.030.01.122,"waste treatment, co-firing power plant thermoplastics ",kg ,PVDC (Polyvinyliden chloride) co-firing in electrical power plant,0.002729021,0.070690381,,,
end-of-life,F.030.01.123,"waste treatment, co-firing power plant thermoplastics ",kg ,Starch PBS 50%-50% (Polybutylene succinate) co-firing in electrical power plant,-0.206964034,-1.479381654,,,
end-of-life,F.030.01.124,"waste treatment, co-firing power plant thermoplastics ",kg ,PBS (Polybutylene succinate) co-firing in electrical power plant,-0.343338461,-2.453384436,,,
end-of-life,F.030.01.125,"waste treatment, co-firing power plant thermoplastics ",kg ,PBAT (Polybutylene adipate terephthalate) co-firing in electrical power plant,-0.339500309,-2.425818346,,,
end-of-life,F.030.01.126,"waste treatment, co-firing power plant thermoplastics ",kg ,PHB (Polyhydroxybutyrate) co-firing in electrical power plant,-0.324147689,-2.31555391,,,
end-of-life,F.030.01.127,"waste treatment, co-firing power plant thermoplastics ",kg ,PAN (Polyacrylonitrile fibres) co-firing in electrical power plant,-0.008488114,0.079225038,,,
end-of-life,F.030.01.128,"waste treatment, co-firing power plant thermoplastics ",kg ,bio-PP (Polypropylene) co-firing in electrical power plant,-0.549067789,-3.923577368,,,
end-of-life,F.030.01.129,"waste treatment, co-firing power plant thermoplastics ",kg ,bio-PET (Polyethylene terephthalate) co-firing in electrical power plant,-0.023747206,-0.067869983,,,
end-of-life,F.030.01.130,"waste treatment, co-firing power plant thermoplastics ",kg ,PEF (Polyethylene terephthalate) co-firing in electrical power plant,-0.28289458,-2.021515263,,,
end-of-life,F.040.01.101,"waste treatment, co-firing power plant thermosets ",kg ,Epoxies co-firing in electrical power plant,-0.013872467,0.053773653,,,
end-of-life,F.040.01.102,"waste treatment, co-firing power plant thermosets ",kg ,Phenolics (Bakelite) co-firing in electrical power plant,0.006203186,0.20122094,,,
end-of-life,F.040.01.103,"waste treatment, co-firing power plant thermosets ",kg ,Polyester co-firing in electrical power plant,-0.025470852,-0.054451813,,,
end-of-life,F.044.01.101,"waste treatment, co-firing power plant  Special plastics",kg ,Bisphenol A  co-firing in electrical power plant,0.011761578,0.245502977,,,
end-of-life,F.044.01.102,"waste treatment, co-firing power plant  Special plastics",kg ,DEHP co-firing in electrical power plant,-0.058636247,-0.251543128,,,
end-of-life,F.044.01.103,"waste treatment, co-firing power plant  Special plastics",kg ,DINP co-firing in electrical power plant,-0.061678514,-0.272840774,,,
end-of-life,F.044.01.104,"waste treatment, co-firing power plant  Special plastics",kg ,Epichlorohydrin  co-firing in electrical power plant,-0.013023561,-0.013618981,,,
end-of-life,F.044.01.105,"waste treatment, co-firing power plant  Special plastics",kg ,EVOH  co-firing in electrical power plant,-0.090627368,-0.491733466,,,
end-of-life,F.044.01.106,"waste treatment, co-firing power plant  Special plastics",kg ,Formaldehyde  co-firing in electrical power plant,-0.005788857,0.040682507,,,
end-of-life,F.044.01.107,"waste treatment, co-firing power plant  Special plastics",kg ,MDI  co-firing in electrical power plant,0.035940163,0.40460597,,,
end-of-life,F.044.01.108,"waste treatment, co-firing power plant  Special plastics",kg ,MMA monomer  co-firing in electrical power plant,0.002148204,0.138083015,,,
end-of-life,F.044.01.109,"waste treatment, co-firing power plant  Special plastics",kg ,Nafion co-firing in electrical power plant,0.0162836,0.152532744,,,
end-of-life,F.044.01.110,"waste treatment, co-firing power plant  Special plastics",kg ,Paperfoam  co-firing in electrical power plant,-0.206964034,-1.479381654,,,
end-of-life,F.044.01.111,"waste treatment, co-firing power plant  Special plastics",kg ,PEEK (Polyetheretherketone)  co-firing in electrical power plant,0.028273998,0.360185556,,,
end-of-life,F.044.01.112,"waste treatment, co-firing power plant  Special plastics",kg ,PEI (Polyether Imide) co-firing in electrical power plant,0.047512846,0.668183444,,,
end-of-life,F.044.01.113,"waste treatment, co-firing power plant  Special plastics",kg ,Phthalic anhydride co-firing in electrical power plant,0.081781729,0.717827474,,,
end-of-life,F.044.01.114,"waste treatment, co-firing power plant  Special plastics",kg ,Polyether-polyols co-firing in electrical power plant,0.015776046,0.271810353,,,
end-of-life,F.044.01.115,"waste treatment, co-firing power plant  Special plastics",kg ,PPS  co-firing in electrical power plant,0.005940163,0.17904206,,,
end-of-life,F.044.01.116,"waste treatment, co-firing power plant  Special plastics",kg ,PVOH (PVA) co-firing in electrical power plant,0.026150478,0.298444752,,,
end-of-life,F.044.01.117,"waste treatment, co-firing power plant  Special plastics",kg ,TDI co-firing in electrical power plant,0.03210428,0.356950459,,,
end-of-life,F.050.01.101,"waste treatment, combustion in small elec. power plant",kg ,"Hardwood 0% MC, Bamboo, Cork, combustion in small elec. power plant",-0.153522361,-1.144912782,,,
end-of-life,F.050.01.102,"waste treatment, combustion in small elec. power plant",kg ,"Hardwood 12% MC, Bamboo, Cork, combustion in small elec. power plant",-0.130801126,-0.992380226,,,
end-of-life,F.050.01.103,"waste treatment, combustion in small elec. power plant",kg ,"Hardwood, fresh, 50% MC, Bamboo, Cork, combustion in small elec. power plant",-0.056888693,-0.496190113,,,
end-of-life,F.050.01.104,"waste treatment, combustion in small elec. power plant",kg ,"Paper, Cardboard, Leather, Cotton (12% MC) combustion in small elec. power plant",-0.126694884,-0.964814135,,,
end-of-life,F.050.01.105,"waste treatment, combustion in small elec. power plant",kg ,"Softwood 0% MC, combustion in small elec. power plant",-0.156137127,-1.166965639,,,
end-of-life,F.050.01.106,"waste treatment, combustion in small elec. power plant",kg ,"Softwood 12% MC, combustion in small elec. power plant",-0.131499651,-1.001568947,,,
end-of-life,F.050.01.107,"waste treatment, combustion in small elec. power plant",kg ,"Softwood, fresh, 50% MC, combustion in small elec. power plant",-0.057039716,-0.501703338,,,
end-of-life,F.070.01.101,"waste treatment,  municipal waste incineration with electricity, elastomers ",kg ,BR and IIR (Butyl rubber) waste incineration with electricity,0.214641818,1.611259549,,,
end-of-life,F.070.01.102,"waste treatment,  municipal waste incineration with electricity, elastomers ",kg ,EVA (Ethylene vinyl acetate) waste incineration with electricity,0.141846218,1.00851782,,,
end-of-life,F.070.01.103,"waste treatment,  municipal waste incineration with electricity, elastomers ",kg ,IR (Polyisoprene rubber) waste incineration with electricity,0.188628131,1.414847744,,,
end-of-life,F.070.01.104,"waste treatment,  municipal waste incineration with electricity, elastomers ",kg ,Natural rubber waste incineration with electricity,-0.276977511,-2.102375865,,,
end-of-life,F.070.01.105,"waste treatment,  municipal waste incineration with electricity, elastomers ",kg ,"Polychloroprene (Neoprene, CR) waste incineration with electricity",0.648343838,1.001129023,,,
end-of-life,F.070.01.106,"waste treatment,  municipal waste incineration with electricity, elastomers ",kg ,PU (Polyurethane) waste incineration with electricity,0.1897396,1.436837519,,,
end-of-life,F.070.01.107,"waste treatment,  municipal waste incineration with electricity, elastomers ",kg ,SBR (Styrene butadiene rubber) waste incineration with electricity,0.250092406,1.849246992,,,
end-of-life,F.070.01.108,"waste treatment,  municipal waste incineration with electricity, elastomers ",kg ,Silicone rubbers waste incineration with electricity,0.144186186,1.123162556,,,
end-of-life,F.080.01.101,"waste treatment,  municipal waste incineration with electricity, others ",kg ,CFRP (50%) waste incineration with electricity,0.101879295,0.757388947,,,
end-of-life,F.080.01.102,"waste treatment,  municipal waste incineration with electricity, others ",kg ,DMC (50%) waste incineration with electricity,0.101879295,0.757388947,,,
end-of-life,F.080.01.103,"waste treatment,  municipal waste incineration with electricity, others ",kg ,"Flexible Polymer Foam, waste incineration with electricity",0.202998434,1.563641654,,,
end-of-life,F.080.01.104,"waste treatment,  municipal waste incineration with electricity, others ",kg ,GFRP (50%) waste incineration with electricity,0.101879295,0.757388947,,,
end-of-life,F.080.01.105,"waste treatment,  municipal waste incineration with electricity, others ",kg ,"Hardwood 0%MC, Bamboo, Cork, waste incineration with electricity",-0.116976762,-0.899574286,,,
end-of-life,F.080.01.106,"waste treatment,  municipal waste incineration with electricity, others ",kg ,"Hardwood 12%MC, Bamboo, Cork, waste incineration with electricity",-0.09863553,-0.776445639,,,
end-of-life,F.080.01.107,"waste treatment,  municipal waste incineration with electricity, others ",kg ,"Hardwood, fresh, 50%MC, Bamboo, Cork, waste incineration with electricity",-0.041011208,-0.389601128,,,
end-of-life,F.080.01.108,"waste treatment,  municipal waste incineration with electricity, others ",kg ,"Paper, Cardboard, Leather, Cotton (12%MC) waste incineration with electricity",-0.095898028,-0.758068195,,,
end-of-life,F.080.01.109,"waste treatment,  municipal waste incineration with electricity, others ",kg ,"Rigid Polymer Foam, waste incineration with electricity",0.172242401,1.287363835,,,
end-of-life,F.080.01.110,"waste treatment,  municipal waste incineration with electricity, others ",kg ,SMC (50%) waste incineration with electricity,0.154496394,1.149620902,,,
end-of-life,F.080.01.111,"waste treatment,  municipal waste incineration with electricity, others ",kg ,"Softwood, 0%MC, waste incineration with electricity",-0.119180913,-0.918870602,,,
end-of-life,F.080.01.112,"waste treatment,  municipal waste incineration with electricity, others ",kg ,"Softwood, 12%MC, waste incineration with electricity",-0.100018431,-0.790228722,,,
end-of-life,F.080.01.113,"waste treatment,  municipal waste incineration with electricity, others ",kg ,"Softwood,fresh, 50%MC, waste incineration with electricity",-0.041162231,-0.395114353,,,
end-of-life,F.080.01.114,"waste treatment,  municipal waste incineration with electricity, others ",kg ,"Paper and Cardboard, as wet household waste, waste incineration with electricity",0.017693966,0,,,
end-of-life,F.090.01.101,"waste treatment,  municipal waste incineration with electricity, thermoplastics ",kg ,ABS (Acrylonitrile butadiene styrene) waste incineration with electricity,0.214920806,1.60596015,,,
end-of-life,F.090.01.102,"waste treatment,  municipal waste incineration with electricity, thermoplastics ",kg ,bio-PE (Polyethylene) waste incineration with electricity,-0.298355464,-2.253989549,,,
end-of-life,F.090.01.103,"waste treatment,  municipal waste incineration with electricity, thermoplastics ",kg ,CA (Cellulose polymers) waste incineration with electricity,-0.096485672,-0.753014436,,,
end-of-life,F.090.01.104,"waste treatment,  municipal waste incineration with electricity, thermoplastics ",kg ,Ionomer waste incineration with electricity,0.220823447,1.653993233,,,
end-of-life,F.090.01.105,"waste treatment,  municipal waste incineration with electricity, thermoplastics ",kg ,PA-11 (Nylon-11) waste incineration with electricity,-0.186375881,-1.453653233,,,
end-of-life,F.090.01.106,"waste treatment,  municipal waste incineration with electricity, thermoplastics ",kg ,"PA (Nylons, Polyamides) waste incineration with electricity",0.177823994,1.332061053,,,
end-of-life,F.090.01.107,"waste treatment,  municipal waste incineration with electricity, thermoplastics ",kg ,PC (Polycarbonate) waste incineration with electricity,0.239404484,1.795058647,,,
end-of-life,F.090.01.108,"waste treatment,  municipal waste incineration with electricity, thermoplastics ",kg ,PE (Polyethylene) waste incineration with electricity,0.172242401,1.287363835,,,
end-of-life,F.090.01.111,"waste treatment,  municipal waste incineration with electricity, thermoplastics ",kg ,PET (Polyethylene terephthalate) waste incineration with electricity,0.193911278,1.409309023,,,
end-of-life,F.090.01.112,"waste treatment,  municipal waste incineration with electricity, thermoplastics ",kg ,PHA (Polyhydroxyalkanoates) waste incineration with electricity,-0.179032016,-1.332362331,,,
end-of-life,F.090.01.113,"waste treatment,  municipal waste incineration with electricity, thermoplastics ",kg ,PLA (Polylactide) waste incineration with electricity,-0.11579069,-0.884412932,,,
end-of-life,F.090.01.114,"waste treatment,  municipal waste incineration with electricity, thermoplastics ",kg ,PMMA (Polymethyl methacrylate) waste incineration with electricity,0.161752797,1.212242707,,,
end-of-life,F.090.01.115,"waste treatment,  municipal waste incineration with electricity, thermoplastics ",kg ,"POM (Polyoxymethylene, Polyacetaal) waste incineration with electricity",0.113870916,0.853883008,,,
end-of-life,F.090.01.116,"waste treatment,  municipal waste incineration with electricity, thermoplastics ",kg ,PP (Polypropylene) waste incineration with electricity,0.185005723,1.383845263,,,
end-of-life,F.090.01.117,"waste treatment,  municipal waste incineration with electricity, thermoplastics ",kg ,PS (Polystyrene) waste incineration with electricity,0.225670785,1.689439023,,,
end-of-life,F.090.01.118,"waste treatment,  municipal waste incineration with electricity, thermoplastics ",kg ,"PTFE (Teflon, Polytetrafluoroethylene) waste incineration with electricity",0.087125898,0.654336827,,,
end-of-life,F.090.01.119,"waste treatment,  municipal waste incineration with electricity, thermoplastics ",kg ,PTT (Polyltrimethylene terephthalate) waste incineration with electricity,0.09766499,0.756092556,,,
end-of-life,F.090.01.120,"waste treatment,  municipal waste incineration with electricity, thermoplastics ",kg ,PUR (Polyurethane) waste incineration with electricity,0.202998434,1.563641654,,,
end-of-life,F.090.01.121,"waste treatment,  municipal waste incineration with electricity, thermoplastics ",kg ,PVC (Polyvinylchloride) waste incineration with electricity,0.094646879,0.705812624,,,
end-of-life,F.090.01.122,"waste treatment,  municipal waste incineration with electricity, thermoplastics ",kg ,PVDC (Polyvinyliden chloride) waste incineration with electricity,0.066786463,0.500721812,,,
end-of-life,F.090.01.123,"waste treatment,  municipal waste incineration with electricity, thermoplastics ",kg ,Starch PBS 50%-50% (Polybutylene succinate) waste incineration with electricity,-0.107059518,-0.813200451,,,
end-of-life,F.090.01.124,"waste treatment,  municipal waste incineration with electricity, thermoplastics ",kg ,PBS (Polybutylene succinate)  incineration with electricity,-0.185762575,-1.341551053,,,
end-of-life,F.090.01.125,"waste treatment,  municipal waste incineration with electricity, thermoplastics ",kg ,PBAT (Polybutylene adipate terephthalate) waste incineration with electricity,-0.184393824,-1.332362331,,,
end-of-life,F.090.01.126,"waste treatment,  municipal waste incineration with electricity, thermoplastics ",kg ,PHB (Polyhydroxybutyrate) waste incineration with electricity,-0.174812587,-1.268041429,,,
end-of-life,F.090.01.127,"waste treatment,  municipal waste incineration with electricity, thermoplastics ",kg ,PAN (Polyacrylonitrile fibres) waste incineration with electricity,0.174924226,1.310511654,,,
end-of-life,F.090.01.128,"waste treatment,  municipal waste incineration with electricity, thermoplastics ",kg ,bio-PP (Polypropylene) waste incineration with electricity,-0.285994277,-2.15750812,,,
end-of-life,F.090.01.129,"waste treatment,  municipal waste incineration with electricity, thermoplastics ",kg ,bio-PET (Polyethylene terephthalate) waste incineration with electricity,0.11901329,0.89051203,,,
end-of-life,F.090.01.130,"waste treatment,  municipal waste incineration with electricity, thermoplastics ",kg ,"PEF (Polyethylene furan-2,5-dicarboxylate) waste incineration with electricity",-0.147388451,-1.111833383,,,
end-of-life,F.100.01.101,"waste treatment,  municipal waste incineration with electricity, thermosets ",kg ,Epoxies waste incineration with electricity,0.188702349,1.413702105,,,
end-of-life,F.100.01.102,"waste treatment,  municipal waste incineration with electricity, thermosets ",kg ,Phenolics (Bakelite) waste incineration with electricity,0.205219261,1.537258797,,,
end-of-life,F.100.01.103,"waste treatment,  municipal waste incineration with electricity, thermosets ",kg ,Polyester waste incineration with electricity,0.151371484,1.132728947,,,
end-of-life,F.104.01.101,"waste treatment,  municipal waste incineration with electricity, Special plastics",kg ,Bisphenol A  waste incineration with electricity,0.213788894,1.60175594,,,
end-of-life,F.104.01.102,"waste treatment,  municipal waste incineration with electricity, Special plastics",kg ,DEHP  waste incineration with electricity,0.163101054,1.237027218,,,
end-of-life,F.104.01.103,"waste treatment,  municipal waste incineration with electricity, Special plastics",kg ,DINP  waste incineration with electricity,0.163754412,1.240539098,,,
end-of-life,F.104.01.104,"waste treatment,  municipal waste incineration with electricity, Special plastics",kg ,Epichlorohydrin  waste incineration with electricity,0.095928842,0.717802008,,,
end-of-life,F.104.01.105,"waste treatment,  municipal waste incineration with electricity, Special plastics",kg ,EVOH  waste incineration with electricity,0.127003686,0.969270752,,,
end-of-life,F.104.01.106,"waste treatment,  municipal waste incineration with electricity, Special plastics",kg ,Formaldehyde  waste incineration with electricity,0.10261605,0.768428045,,,
end-of-life,F.104.01.107,"waste treatment,  municipal waste incineration with electricity, Special plastics",kg ,MDI  waste incineration with electricity,0.208402512,1.562382932,,,
end-of-life,F.104.01.108,"waste treatment,  municipal waste incineration with electricity, Special plastics",kg ,MMA monomer  waste incineration with electricity,0.159143691,1.192027594,,,
end-of-life,F.104.01.109,"waste treatment,  municipal waste incineration with electricity, Special plastics",kg ,Nafion  waste incineration with electricity,0.061178559,0.453922293,,,
end-of-life,F.104.01.110,"waste treatment,  municipal waste incineration with electricity, Special plastics",kg ,Paperfoam  waste incineration with electricity,-0.107059518,-0.813200451,,,
end-of-life,F.104.01.111,"waste treatment,  municipal waste incineration with electricity, Special plastics",kg ,PEEK (Polyetheretherketone)  waste incineration with electricity,0.216613832,1.624551504,,,
end-of-life,F.104.01.112,"waste treatment,  municipal waste incineration with electricity, Special plastics",kg ,PEI (Polyether Imide) waste incineration with electricity,0.221207066,1.834230226,,,
end-of-life,F.104.01.113,"waste treatment,  municipal waste incineration with electricity, Special plastics",kg ,Phthalic anhydride waste incineration with electricity,0.213592236,1.60269985,,,
end-of-life,F.104.01.114,"waste treatment,  municipal waste incineration with electricity, Special plastics",kg ,Polyether-polyols waste incineration with electricity,0.212191493,1.590389624,,,
end-of-life,F.104.01.115,"waste treatment,  municipal waste incineration with electricity, Special plastics",kg ,PPS  waste incineration with electricity,0.178402512,1.336819023,,,
end-of-life,F.104.01.116,"waste treatment,  municipal waste incineration with electricity, Special plastics",kg ,PVOH (PVA) waste incineration with electricity,0.157550362,1.180560526,,,
end-of-life,F.104.01.117,"waste treatment,  municipal waste incineration with electricity, Special plastics",kg ,TDI waste incineration with electricity,0.180476646,1.353006165,,,
end-of-life,F.105.01.101,"waste treatment,  municipal waste incineration with electricity, Additives",kg ,AKD (Alkyl ketene dimers) waste incineration with electricity,-0.291392145,-2.082160752,,,
end-of-life,F.105.01.102,"waste treatment,  municipal waste incineration with electricity, Additives",kg ,ASA (Acrylonitrile styrene acrylate) waste incineration with electricity,0.152506509,1.213161579,,,
end-of-life,F.105.01.103,"waste treatment,  municipal waste incineration with electricity, Additives",kg ,"Rosin (from wood, pine) waste incineration with electricity",-0.275495906,-1.925952782,,,
end-of-life,F.106.01.101,"no heat recovery, waste combustion, elastomeres",kg ,"BR and IIR (Butyl rubber) waste combustion, clean tech, without heat recovery",0.554228385,3.890977444,,,
end-of-life,F.106.01.102,"no heat recovery, waste combustion, elastomeres",kg ,"EVA (Ethylene vinyl acetate) waste combustion, clean tech, without heat recovery",0.381377255,2.616541353,,,
end-of-life,F.106.01.103,"no heat recovery, waste combustion, elastomeres",kg ,"IR (Polyisoprene rubber) waste combustion, clean tech, without heat recovery",0.522192204,3.654135338,,,
end-of-life,F.106.01.104,"no heat recovery, waste combustion, elastomeres",kg ,"Natural rubber waste combustion, clean tech, without heat recovery",0.036192204,0,,,
end-of-life,F.106.01.105,"no heat recovery, waste combustion, elastomeres",kg ,"Polychloroprene (Neoprene, CR) waste combustion, clean tech, without heat recovery",0.833535543,2.244360902,,,
end-of-life,F.106.01.106,"no heat recovery, waste combustion, elastomeres",kg ,"PU (Polyurethane) waste combustion, clean tech, without heat recovery",0.427628136,3.033834586,,,
end-of-life,F.106.01.107,"no heat recovery, waste combustion, elastomeres",kg ,"SBR (Styrene butadiene rubber) waste combustion, clean tech, without heat recovery",0.554228385,3.890977444,,,
end-of-life,F.106.01.108,"no heat recovery, waste combustion, elastomeres",kg ,"Silicone rubbers combustion, clean tech, without heat recovery",0.297759797,2.154135338,,,
end-of-life,F.106.02.101,"no heat recovery, waste combustion, others",kg ,"CFRP (50%) waste combustion, clean tech, without heat recovery",0.492038565,3.597744361,,,
end-of-life,F.106.02.102,"no heat recovery, waste combustion, others",kg ,"DMC (50%) waste combustion, clean tech, without heat recovery",0.217538565,1.533834586,,,
end-of-life,F.106.02.103,"no heat recovery, waste combustion, others",kg ,"Flexible Polymer Foam, waste combustion, clean tech, without heat recovery",0.421998238,3.033834586,,,
end-of-life,F.106.02.104,"no heat recovery, waste combustion, others",kg ,"GFRP (50%) waste combustion, clean tech, without heat recovery",0.217538565,1.533834586,,,
end-of-life,F.106.02.110,"no heat recovery, waste combustion, others",kg ,"SMC waste combustion, clean tech, without heat recovery",0.272208791,1.939849624,,,
end-of-life,F.106.03.101,"no heat recovery, waste combustion, thermoplasts",kg ,"ABS (Acrylonitrile butadiene styrene) waste combustion, clean tech, without heat reco",0.501536803,3.530075188,,,
end-of-life,F.106.03.102,"no heat recovery, waste combustion, thermoplasts",kg ,"bio-PE (Polyethylene) waste combustion, clean tech, without heat recovery",0.037398611,0,,,
end-of-life,F.106.03.103,"no heat recovery, waste combustion, thermoplasts",kg ,"CA (Cellulose polymers) waste combustion, clean tech, without heat recovery",0.015683288,0,,,
end-of-life,F.106.03.104,"no heat recovery, waste combustion, thermoplasts",kg ,"Ionomer waste combustion, clean tech, without heat recovery",0.501964441,3.541353383,,,
end-of-life,F.106.03.105,"no heat recovery, waste combustion, thermoplasts",kg ,"PA-11 (Nylon-11) waste combustion, clean tech, without heat recovery",0.03016017,0,,,
end-of-life,F.106.03.106,"no heat recovery, waste combustion, thermoplasts",kg ,"PA (Nylons, Polyamides) waste combustion, clean tech, without heat recovery",0.394360046,2.785714286,,,
end-of-life,F.106.03.107,"no heat recovery, waste combustion, thermoplasts",kg ,"PC (Polycarbonate) waste combustion, clean tech, without heat recovery",0.465932407,3.315789474,,,
end-of-life,F.106.03.108,"no heat recovery, waste combustion, thermoplasts",kg ,"PE (Polyethylene) waste combustion, clean tech, without heat recovery",0.507996475,3.541353383,,,
end-of-life,F.106.03.111,"no heat recovery, waste combustion, thermoplasts",kg ,"PET (Polyethylene terephthalate) waste combustion, clean tech, without heat recovery",0.368700498,2.582706767,,,
end-of-life,F.106.03.112,"no heat recovery, waste combustion, thermoplasts",kg ,"PHA (Polyhydroxyalkanoates) waste combustion, clean tech, without heat recovery",0.019436554,0,,,
end-of-life,F.106.03.113,"no heat recovery, waste combustion, thermoplasts",kg ,"PLA (Polylactide) waste combustion, clean tech, without heat recovery",0.015951379,0,,,
end-of-life,F.106.03.114,"no heat recovery, waste combustion, thermoplasts",kg ,"PMMA (Polymethyl methacrylate) waste combustion, clean tech, without heat recovery",0.350777006,2.481203008,,,
end-of-life,F.106.03.115,"no heat recovery, waste combustion, thermoplasts",kg ,"POM (Polyoxymethylene, Polyacetaal) waste combustion, clean tech, without heat recove",0.23363643,1.657894737,,,
end-of-life,F.106.03.116,"no heat recovery, waste combustion, thermoplasts",kg ,"PP (Polypropylene) waste combustion, clean tech, without heat recovery",0.506387933,3.541353383,,,
end-of-life,F.106.03.117,"no heat recovery, waste combustion, thermoplasts",kg ,"PS (Polystyrene) waste combustion, clean tech, without heat recovery",0.541851752,3.812030075,,,
end-of-life,F.106.03.118,"no heat recovery, waste combustion, thermoplasts",kg ,"PTFE (Teflon, Polytetrafluoroethylene) waste incineration with electricity",0.137495853,0.992481203,,,
end-of-life,F.106.03.119,"no heat recovery, waste combustion, thermoplasts",kg ,"PTT (Polyltrimethylene terephthalate) waste combustion, clean tech, without heat reco",0.272317334,1.928571429,,,
end-of-life,F.106.03.120,"no heat recovery, waste combustion, thermoplasts",kg ,"PUR (Polyurethane) waste combustion, clean tech, without heat recovery",0.421998238,3.033834586,,,
end-of-life,F.106.03.122,"no heat recovery, waste combustion, thermoplasts",kg ,"PVDC (Polyvinyliden chloride) waste combustion, clean tech, without heat recovery",1.097398453,1.026315789,,,
end-of-life,F.106.03.123,"no heat recovery, waste combustion, thermoplasts",kg ,"Starch PBS 50%-50% (Polybutylene succinate) waste combustion, clean tech, without hea",0.014074746,0,,,
end-of-life,F.106.03.124,"no heat recovery, waste combustion, thermoplasts",kg ,"PBS (Polybutylene succinate) waste combustion, clean tech, without heat recovery",0.015951379,0,,,
end-of-life,F.106.03.125,"no heat recovery, waste combustion, thermoplasts",kg ,"PBAT (Polybutylene adipate terepht)waste comb., clean tech, without heat recov.",0.015951379,0,,,
end-of-life,F.106.03.126,"no heat recovery, waste combustion, thermoplasts",kg ,"PHB (Polyhydroxybutyrate) waste combustion, clean tech, without heat recovery",0.015951379,0,,,
end-of-life,F.106.03.127,"no heat recovery, waste combustion, thermoplasts",kg ,"PAN (Polyacrylonitrile fibres) waste combustion, clean tech, without heat recovery",0.398030272,2.808270677,,,
end-of-life,F.106.03.128,"no heat recovery, waste combustion, thermoplasts",kg ,"bio-PP (Polypropylene) waste combustion, clean tech, without heat recovery",0.035387933,0,,,
end-of-life,F.106.03.129,"no heat recovery, waste combustion, thermoplasts",kg ,"bio-PET (Polyethylene terephthalate) waste combustion, clean tech, without heat recov",0.362802509,2.582706767,,,
end-of-life,F.106.03.130,"no heat recovery, waste combustion, thermoplasts",kg ,"PEF (Polyethylene terephthalate) waste combustion, clean tech, without heat recovery",0.018230147,0,,,
end-of-life,F.106.04.101,"no heat recovery, waste combustion, thermosets",kg ,"Epoxies waste combustion, clean tech, without heat recovery",0.43507713,3.067669173,,,
end-of-life,F.106.04.102,"no heat recovery, waste combustion, thermosets",kg ,"Phenolics (Bakelite) waste combustion, clean tech, without heat recovery",0.44830904,3.169172932,,,
end-of-life,F.106.04.103,"no heat recovery, waste combustion, thermosets",kg ,"Polyester waste combustion, clean tech, without heat recovery",0.367360046,2.582706767,,,
end-of-life,F.106.05.101,"no heat recovery, waste combustion, Special plastics",kg ,"Bisphenol A  waste combustion, clean tech, without heat recovery",0.460711176,3.259398496,,,
end-of-life,F.106.05.102,"no heat recovery, waste combustion, Special plastics",kg ,"DEHP  waste combustion, clean tech, without heat recovery",0.434113311,3.056390977,,,
end-of-life,F.106.05.103,"no heat recovery, waste combustion, Special plastics",kg ,"DINP  waste combustion, clean tech, without heat recovery",0.439283537,3.090225564,,,
end-of-life,F.106.05.104,"no heat recovery, waste combustion, Special plastics",kg ,"Epichlorohydrin  waste combustion, clean tech, without heat recovery",0.729384018,1.612781955,,,
end-of-life,F.106.05.105,"no heat recovery, waste combustion, Special plastics",kg ,"EVOH  waste combustion, clean tech, without heat recovery",0.39254095,2.751879699,,,
end-of-life,F.106.05.106,"no heat recovery, waste combustion, Special plastics",kg ,"Formaldehyde  waste combustion, clean tech, without heat recovery",0.235110927,1.657894737,,,
end-of-life,F.106.05.107,"no heat recovery, waste combustion, Special plastics",kg ,"MDI  waste combustion, clean tech, without heat recovery",0.41918982,2.977443609,,,
end-of-life,F.106.05.108,"no heat recovery, waste combustion, Special plastics",kg ,"MMA monomer  waste combustion, clean tech, without heat recovery",0.351179142,2.481203008,,,
end-of-life,F.106.05.109,"no heat recovery, waste combustion, Special plastics",kg ,"Nafion  waste combustion, clean tech, without heat recovery",1.3783421,0.823308271,,,
end-of-life,F.106.05.110,"no heat recovery, waste combustion, Special plastics",kg ,"Paperfoam  waste combustion, clean tech, without heat recovery",0.014074746,0,,,
end-of-life,F.106.05.111,"no heat recovery, waste combustion, Special plastics",kg ,"PEEK (Polyetheretherketone)  waste combustion, clean tech, without heat recovery",0.446700498,3.169172932,,,
end-of-life,F.106.05.112,"no heat recovery, waste combustion, Special plastics",kg ,"PEI (Polyether Imide) waste combustion, clean tech, without heat recovery",0.4335,3.259398496,,,
end-of-life,F.106.05.113,"no heat recovery, waste combustion, Special plastics",kg ,"Phthalic anhydride waste combustion, clean tech, without heat recovery",0.374693966,2.684210526,,,
end-of-life,F.106.05.114,"no heat recovery, waste combustion, Special plastics",kg ,"Polyether-polyols waste combustion, clean tech, without heat recovery",0.452406904,3.203007519,,,
end-of-life,F.106.05.115,"no heat recovery, waste combustion, Special plastics",kg ,"PPS  waste combustion, clean tech, without heat recovery",6.5947107,2.751879699,,,
end-of-life,F.106.05.116,"no heat recovery, waste combustion, Special plastics",kg ,"PVOH (PVA) waste combustion, clean tech, without heat recovery",0.317693966,2.255639098,,,
end-of-life,F.106.05.117,"no heat recovery, waste combustion, Special plastics",kg ,"TDI waste combustion, clean tech, without heat recovery",0.361972735,2.571428571,,,
end-of-life,F.106.06.101,"no heat recovery, waste combustion, Additives",kg ,"AKD (Alkyl ketene dimers) waste combustion, clean tech, without heat recovery",0.018766328,0,,,
end-of-life,F.106.06.102,"no heat recovery, waste combustion, Additives",kg ,"ASA (Acrylonitrile styrene acrylate) waste combustion, clean tech, without heat recov",0.341393842,2.481203008,,,
end-of-life,F.106.06.103,"no heat recovery, waste combustion, Additives",kg ,"Rosin (from wood, pine) waste combustion, clean tech, without heat recovery",0.011393842,0,,,
end-of-life,F.108.01.101,"waste treatment, packaging end-of-life (municipal waste incineration)",m2 ,film HDPE 50 mu in mun waste inc,0.008146381,0.060904802,,,
end-of-life,F.108.01.102,"waste treatment, packaging end-of-life (municipal waste incineration)",m2 ,film LDPE 50 mu in mun waste inc,0.008146381,0.060904802,,,
end-of-life,F.108.01.103,"waste treatment, packaging end-of-life (municipal waste incineration)",m2 ,film PC 50 mu in mun waste inc,0.012722256,0.095339293,,,
end-of-life,F.108.01.104,"waste treatment, packaging end-of-life (municipal waste incineration)",m2 ,film PET / PE+EVOH+PE 62 mu in mun waste inc,0.010713361,0.080107722,,,
end-of-life,F.108.01.105,"waste treatment, packaging end-of-life (municipal waste incineration)",m2 ,film PET 50 mu in mun waste inc,0.012833399,0.09620706,,,
end-of-life,F.108.01.106,"waste treatment, packaging end-of-life (municipal waste incineration)",m2 ,film PET+ALOx / LDPE 62 mu in mun waste inc,0.010653861,0.079711805,,,
end-of-life,F.108.01.107,"waste treatment, packaging end-of-life (municipal waste incineration)",m2 ,film PET+PVOH / LDPE 62 mu in mun waste inc,0.014249508,0.106763233,,,
end-of-life,F.108.01.108,"waste treatment, packaging end-of-life (municipal waste incineration)",m2 ,film PLA (biobased) 50 mu in mun waste inc,-0.008378141,-0.063218296,,,
end-of-life,F.108.01.109,"waste treatment, packaging end-of-life (municipal waste incineration)",m2 ,film PP 50 mu in mun waste inc,0.008393993,0.062783576,,,
end-of-life,F.108.01.110,"waste treatment, packaging end-of-life (municipal waste incineration)",m2 ,film PP+PVDC 62 mu in mun waste inc,0.00889722,0.066547775,,,
end-of-life,F.108.01.111,"waste treatment, packaging end-of-life (municipal waste incineration)",m2 ,film PS (shrink) 50 mu in mun waste inc,0.011821655,0.088519669,,,
end-of-life,F.108.01.112,"waste treatment, packaging end-of-life (municipal waste incineration)",m2 ,"film PVC (stiff, shrink) 50 mu in mun waste inc",0.00620595,0.047214471,,,
end-of-life,F.110.01.100,"waste treatment, recycling credit metals (note: can only be applied when the a market mix is used at the input, not for secondary metals at the input, since that would cause double counting)",kg ,Metals open loop recycling credit,0,0,,,
end-of-life,F.110.01.101,"waste treatment, recycling credit metals (note: can only be applied when the a market mix is used at the input, not for secondary metals at the input, since that would cause double counting)",kg ,"Aluminium, recycling credit closed loop (76% virgin part trade mix)",-2.150750396,-6.708883308,,,
end-of-life,F.110.01.102,"waste treatment, recycling credit metals (note: can only be applied when the a market mix is used at the input, not for secondary metals at the input, since that would cause double counting)",kg ,"Copper, recycling credit closed loop (45% virgin part in trade mix)",-2.376805612,-1.529817444,,,
end-of-life,F.110.01.103,"waste treatment, recycling credit metals (note: can only be applied when the a market mix is used at the input, not for secondary metals at the input, since that would cause double counting)",kg ,"Gold, recycling credit closed loop (80% virgin part trade mix)",-26941.68215,-15556.25564,,,
end-of-life,F.110.01.104,"waste treatment, recycling credit metals (note: can only be applied when the a market mix is used at the input, not for secondary metals at the input, since that would cause double counting)",kg ,"Lead, recycling credit  closed loop (25% virgin part in trade mix)",-0.570924167,-0.362237173,,,
end-of-life,F.110.01.105,"waste treatment, recycling credit metals (note: can only be applied when the a market mix is used at the input, not for secondary metals at the input, since that would cause double counting)",kg ,"Magnesium, recycling credit closed loop (90% virgin part in trade mix)",-4.041327003,-26.37649624,,,
end-of-life,F.110.01.106,"waste treatment, recycling credit metals (note: can only be applied when the a market mix is used at the input, not for secondary metals at the input, since that would cause double counting)",kg ,"Nickel, recycling credit closed loop (66% virgin part in trade mix)",-20.27753175,-9.344386466,,,
end-of-life,F.110.01.107,"waste treatment, recycling credit metals (note: can only be applied when the a market mix is used at the input, not for secondary metals at the input, since that would cause double counting)",kg ,"Palladium, recycling credit  closed loop (91% virgin part in trade mix)",-27757.65481,-24041.89398,,,
end-of-life,F.110.01.108,"waste treatment, recycling credit metals (note: can only be applied when the a market mix is used at the input, not for secondary metals at the input, since that would cause double counting)",kg ,"Platinum, recycling credit  closed loop (88.5% virgin part in trade mix)",-21190.13408,-32269.69774,,,
end-of-life,F.110.01.109,"waste treatment, recycling credit metals (note: can only be applied when the a market mix is used at the input, not for secondary metals at the input, since that would cause double counting)",kg ,"Rhodium, recycling credit  closed loop (91% virgin part in trade mix)",-17408.61279,-33008.88271,,,
end-of-life,F.110.01.110,"waste treatment, recycling credit metals (note: can only be applied when the a market mix is used at the input, not for secondary metals at the input, since that would cause double counting)",kg ,"Silver, recycling credit closed loop (45% virgin part trade mix)",-321.3867813,-55.48451128,,,
end-of-life,F.110.01.111,"waste treatment, recycling credit metals (note: can only be applied when the a market mix is used at the input, not for secondary metals at the input, since that would cause double counting)",kg ,"Steel, recycling credit closed loop (56% virgin part in trade mix)",-0.062583107,-0.181893895,,,
end-of-life,F.110.01.112,"waste treatment, recycling credit metals (note: can only be applied when the a market mix is used at the input, not for secondary metals at the input, since that would cause double counting)",kg ,"Titanium, recycling credit  closed loop (81% virgin part in trade mix)",-14.26876566,-9.476589474,,,
end-of-life,F.110.01.113,"waste treatment, recycling credit metals (note: can only be applied when the a market mix is used at the input, not for secondary metals at the input, since that would cause double counting)",kg ,"Zinc, recycling credit closed loop (69% virgin part in trade mix)",-1.744025242,-1.838283684,,,
end-of-life,F.120.01.100,"waste treatment, upcycling credit plastics ",kg ,Plastics open loop recycling credit,0,0,,,
end-of-life,F.120.01.101,"waste treatment, upcycling credit plastics ",kg ,"ABS, closed loop chemical upcycling credit",-0.706973057,0.337114338,,,
end-of-life,F.120.01.102,"waste treatment, upcycling credit plastics ",kg ,"bio-PE (Polyethylene), closed loop chemical upcycling credit",-0.631211928,0.643624549,,,
end-of-life,F.120.01.103,"waste treatment, upcycling credit plastics ",kg ,"CA (Cellulose polymers), closed loop chemical upcycling credit",0,0,,,
end-of-life,F.120.01.104,"waste treatment, upcycling credit plastics ",kg ,"EVA (Ethylene vinyl acetate), closed loop chemical upcycling credit",-0.462185971,0.770426316,,,
end-of-life,F.120.01.105,"waste treatment, upcycling credit plastics ",kg ,"Ionomer, closed loop chemical upcycling credit",-0.736973517,0.274191015,,,
end-of-life,F.120.01.106,"waste treatment, upcycling credit plastics ",kg ,"PA-11 (nylon-11), closed loop chemical upcycling credit",-0.6123,0,,,
end-of-life,F.120.01.107,"waste treatment, upcycling credit plastics ",kg ,"PA (nylons, polyamides), closed loop chemical upcycling credit",-0.528660501,0.557127895,,,
end-of-life,F.120.01.108,"waste treatment, upcycling credit plastics ",kg ,"PC (Polycarbonate), closed loop chemical upcycling credit",-0.655018419,0.502412361,,,
end-of-life,F.120.01.109,"waste treatment, upcycling credit plastics ",kg ,"PE (Polyethylene), closed loop chemical upcycling credit",-0.736973517,0.274191015,,,
end-of-life,F.120.01.111,"waste treatment, upcycling credit plastics ",kg ,"PET (Polyethylene terephthalate, closed loop chemical upcycling credit",-0.740374201,-1.048381053,,,
end-of-life,F.120.01.112,"waste treatment, upcycling credit plastics ",kg ,"PHA, PHB (Polyhydroxyalkanoates), closed loop chemical upcycling credit",0,0,,,
end-of-life,F.120.01.113,"waste treatment, upcycling credit plastics ",kg ,"PLA (Polylactide), closed loop chemical upcycling credit",0,0,,,
end-of-life,F.120.01.114,"waste treatment, upcycling credit plastics ",kg ,"PMMA (Acrilylic Polymethyl Methacrylate), closed loop chemical upcycling credit",-0.424257678,0.834749925,,,
end-of-life,F.120.01.115,"waste treatment, upcycling credit plastics ",kg ,"POM, Acetal (Polyoxymethylene), closed loop chemical upcycling credit",-0.189141717,1.211771429,,,
end-of-life,F.120.01.116,"waste treatment, upcycling credit plastics ",kg ,"PP (Polypropylene), closed loop chemical upcycling credit",-0.736973517,0.274191015,,,
end-of-life,F.120.01.117,"waste treatment, upcycling credit plastics ",kg ,"PS (Polystyrene), closed loop chemical upcycle credit",-0.784598402,0.359186414,,,
end-of-life,F.120.01.118,"waste treatment, upcycling credit plastics ",kg ,"PTFE, Teflon (Polytetrafluoroethylene), closed loop chemical upcycling credit",-0.291392304,1.410662556,,,
end-of-life,F.120.01.119,"waste treatment, upcycling credit plastics ",kg ,"PTT (Polyltrimethylene terephthalate), closed loop chemical upcycling credit",-0.292965446,0.890751805,,,
end-of-life,F.120.01.120,"waste treatment, upcycling credit plastics ",kg ,"PUR (Polyethane), closed loop chemical upcycling credit",-0.585405143,0.542334692,,,
end-of-life,F.120.01.121,"waste treatment, upcycling credit plastics ",kg ,"PVC (Polyvinylchloride), closed loop chemical upcycling credit",-0.283016377,0.392536677,,,
end-of-life,F.120.01.122,"waste treatment, upcycling credit plastics ",kg ,"Starch-PBS 50%-50% blend biodegradeble plastic, closed loop chemical upcycling credit",0,0,,,
end-of-life,F.120.01.123,"waste treatment, upcycling credit plastics ",kg ,"PBS (Polybutylene succinate), closed loop chemical upcycling credit",-1.31E-17,-5.67E-17,,,
end-of-life,F.120.01.124,"waste treatment, upcycling credit plastics ",kg ,"PBAT (polybutylene adipate-co-terephthalate), closed loop chemical upcycling credit",-4.83E-17,-3.31E-16,,,
end-of-life,F.120.01.125,"waste treatment, upcycling credit plastics ",kg ,"PAN (Polyacrylonitrile fibres), closed loop chemical upcycling credit",-0.574733517,0.274191015,,,
end-of-life,F.120.01.126,"waste treatment, upcycling credit plastics ",kg ,"Bio-PP (Polypropylene), closed loop chemical upcycling credit",-0.631211928,0.643624549,,,
end-of-life,F.120.01.127,"waste treatment, upcycling credit plastics ",kg ,"Bio-PET (Polyethylene terephthalate), closed loop chemical upcycling credit",-0.740374201,-1.048381053,,,
end-of-life,F.120.01.128,"waste treatment, upcycling credit plastics ",kg ,"PEF (Polyethylene furan-2,5-dicarboxylate), closed loop chemical upcycling credit",0,0,,,
end-of-life,F.130.01.101,"waste treatment, waste handling, collection & sorting",kg ,anaerobic digestion (fermentation) cow dung,-0.011115999,-0.081655722,,,
end-of-life,F.130.01.102,"waste treatment, waste handling, collection & sorting",kg ,anaerobic digestion (fermentation) food waste,-0.038778411,-0.267359466,,,
end-of-life,F.130.01.103,"waste treatment, waste handling, collection & sorting",kg ,anaerobic digestion (fermentation) garden waste,-0.033303416,-0.230604647,,,
end-of-life,F.130.01.104,"waste treatment, waste handling, collection & sorting",kg ,composting biodegradable plastics,0,0,,,
end-of-life,F.130.01.105,"waste treatment, waste handling, collection & sorting",kg ,composting organic waste (without transport),-0.003257289,-0.019121735,,,
end-of-life,F.130.01.106,"waste treatment, waste handling, collection & sorting",kg ,landfill (inert waste),0.141,0,,,
end-of-life,F.130.01.107,"waste treatment, waste handling, collection & sorting",kg ,landfill organic waste without CH4 emission prevention,0.342227461,2.527443609,,,
end-of-life,F.130.01.108,"waste treatment, waste handling, collection & sorting",kg ,Torrefied wood excl EoL credit,0.024833234,0.14799906,,,
end-of-life,F.130.01.109,"waste treatment, waste handling, collection & sorting",kg ,Torrefied wood incl EoL credit,-0.257539641,-1.747630977,,,
end-of-life,F.130.01.110,"waste treatment, waste handling, collection & sorting",kg ,Waste to recycling prosesses,0,0,,,
end-of-life,F.130.03.101,"waste treatment, waste handling, collection & sorting",kg ,"plastic waste, collection&sorting",0.027408622,0.099620489,,,
end-of-life,F.130.03.102,"waste treatment, waste handling, collection & sorting",kg ,"Scrap separation Mn, Fe, Cu, Ni and Zn",0.002589033,0.014994255,,,
end-of-life,F.130.03.103,"waste treatment, waste handling, collection & sorting",kg ,"Scrap, collection&sorting (alum.)",0.013704311,0.049810246,,,
end-of-life,F.130.03.104,"waste treatment, waste handling, collection & sorting",kg ,"Scrap, collection&sorting (copper)",0.013704311,0.049810246,,,
end-of-life,F.130.03.105,"waste treatment, waste handling, collection & sorting",kg ,"Scrap, collection&sorting (iron and glass)",0.009136207,0.033206831,,,
end-of-life,F.130.03.106,"waste treatment, waste handling, collection & sorting",kg ,"Scrap, collection&sorting (other non-ferro metals)",0.027408622,0.099620489,,,
end-of-life,F.130.03.107,"waste treatment, waste handling, collection & sorting",kg ,"Scrap, collection&sorting (Pb)",0.022840518,0.083017075,,,
end-of-life,F.130.03.108,"waste treatment, waste handling, collection & sorting",kg ,"Scrap, collection&sorting (Stainless st)",0.027408622,0.099620489,,,
end-of-life,F.130.05.101,"waste treatment, waste handling, collection & sorting",kg ,Carbon storage in wood >100 years (per kg wood 12%MC),0.2265,1.703007519,,,
end-of-life,F.130.05.102,"waste treatment, waste handling, collection & sorting",kg ,landfill of bio-PE (incl carbon sequestration),-0.33,-3.541353383,,,
end-of-life,F.130.05.103,"waste treatment, waste handling, collection & sorting",kg ,landfill of bio-PP (incl carbon sequestration),-0.33,-3.541353383,,,
end-of-life,F.130.05.104,"waste treatment, waste handling, collection & sorting",kg ,landfill of bio-PET (incl carbon sequestration),0.0753,-0.493984962,,,
end-of-life,F.130.05.105,"waste treatment, waste handling, collection & sorting",kg ,landfill of PEF (incl carbon sequestration),-0.1485,-2.176691729,,,
end-of-life,F.130.05.106,"waste treatment, waste handling, collection & sorting",kg ,landfill of PA-11 (Nylon-11) (incl carbon sequestration),-0.228,-2.77443609,,,
end-of-life,F.130.05.107,"waste treatment, waste handling, collection & sorting",,landfill of biodegradable bioplastics,0,0,,,
end-of-life,F.130.07.101,"waste treatment, waste handling, collection & sorting",kg ,Carbon uptake per kg Cement < 100 years,0.1335,-0.056390977,,,
end-of-life,F.130.07.102,"waste treatment, waste handling, collection & sorting",kg ,Carbon uptake per kg Cement > 100 years,0.123,-0.135338346,,,
food,M.020.01.101,"Material, Food, Potatoes and root vegetables",kg ,Pre-baked frozen fries,0.503661531,2.746916015,,,
food,M.020.01.102,"Material, Food, Potatoes and root vegetables",kg ,Potatoes without skin,0.094183759,0.382833789,,,
food,M.020.02.101,"Material, Food, Alcoholic beverages",kg ,Beer (bottle),0.091240829,0.467009594,,,
food,M.020.02.102,"Material, Food, Alcoholic beverages",kg ,Young gin,0.424731275,2.596865188,,,
food,M.020.02.103,"Material, Food, Alcoholic beverages",kg ,"Wine, red",0.395033556,2.105936015,,,
food,M.020.02.104,"Material, Food, Alcoholic beverages",kg ,"Wine, rose",0.412046114,2.235521729,,,
food,M.020.02.105,"Material, Food, Alcoholic beverages",kg ,"Wine, white dry",0.429058662,2.365107368,,,
food,M.020.03.101,"Material, Food, Bread",kg ,"Baguette, white",0.249094107,1.126747895,,,
food,M.020.03.102,"Material, Food, Bread",kg ,"Bread, multigrain",0.24334206,1.095656692,,,
food,M.020.03.103,"Material, Food, Bread",kg ,"Bread, rye",0.265413089,1.331091504,,,
food,M.020.03.104,"Material, Food, Bread",kg ,"Bread, white water",0.24342558,1.088296617,,,
food,M.020.03.105,"Material, Food, Bread",kg ,"Bread, whole wheat",0.205580372,0.931701654,,,
food,M.020.03.106,"Material, Food, Bread",kg ,Currant Bun,0.353776771,1.618934211,,,
food,M.020.03.107,"Material, Food, Bread",kg ,Crispbread,0.356984266,1.693345338,,,
food,M.020.03.108,"Material, Food, Bread",kg ,Croissant,0.464137189,2.311438722,,,
food,M.020.03.109,"Material, Food, Bread",kg ,"White bread, hard",0.24342558,1.088296617,,,
food,M.020.03.110,"Material, Food, Bread",kg ,"White bread, soft",0.24342558,1.088296617,,,
food,M.020.04.101,"Material, Food, Miscellaneous",kg ,Mealworms,0.842557638,3.726263008,,,
food,M.020.04.102,"Material, Food, Miscellaneous",kg ,"Seaweed kelp, raw",0.083495442,0.521108053,,,
food,M.020.05.101,"Material, Food, Eggs",kg ,Chicken egg,1.133133928,3.784413684,,,
food,M.020.06.101,"Material, Food, Fruit",kg ,Applesauce (can),0.311735181,1.865481278,,,
food,M.020.06.102,"Material, Food, Fruit",kg ,Applesauce (glass),0.336525968,1.933251805,,,
food,M.020.06.103,"Material, Food, Fruit",kg ,Apple,0.070062433,0.355902729,,,
food,M.020.06.104,"Material, Food, Fruit",kg ,Apricots,0.153620774,0.815952707,,,
food,M.020.06.105,"Material, Food, Fruit",kg ,Avocado,0.160425728,0.750433128,,,
food,M.020.06.106,"Material, Food, Fruit",kg ,Banana,0.092792314,0.396328827,,,
food,M.020.06.107,"Material, Food, Fruit",kg ,Coconut milk (can),0.242580192,1.382022707,,,
food,M.020.06.108,"Material, Food, Fruit",kg ,Coconut milk (pack),0.148050897,0.83400218,,,
food,M.020.06.109,"Material, Food, Fruit",kg ,"Dates, dried",0.384595079,1.722611579,,,
food,M.020.06.110,"Material, Food, Fruit",kg ,"Figs, dried",0.537861596,2.746516165,,,
food,M.020.06.111,"Material, Food, Fruit",kg ,Figs,0.155068389,0.806761805,,,
food,M.020.06.112,"Material, Food, Fruit",kg ,Fruit snack,0.234137565,1.342505639,,,
food,M.020.06.113,"Material, Food, Fruit",kg ,Grapes,0.137218745,0.709914752,,,
food,M.020.06.114,"Material, Food, Fruit",kg ,Kiwi,0.106854475,0.464329737,,,
food,M.020.06.115,"Material, Food, Fruit",kg ,Lemon,0.085694787,0.448789293,,,
food,M.020.06.116,"Material, Food, Fruit",kg ,Mandarine,0.108619912,0.504672218,,,
food,M.020.06.117,"Material, Food, Fruit",kg ,Mango,0.204030261,1.164340977,,,
food,M.020.06.118,"Material, Food, Fruit",kg ,Honeydew melon,0.106617437,0.598236451,,,
food,M.020.06.119,"Material, Food, Fruit",kg ,Olives (can),0.335955084,1.578170977,,,
food,M.020.06.120,"Material, Food, Fruit",kg ,Olives (glass),0.360745867,1.645941504,,,
food,M.020.06.121,"Material, Food, Fruit",kg ,Orange,0.08790811,0.412456639,,,
food,M.020.06.122,"Material, Food, Fruit",kg ,Peach,0.086203722,0.435833842,,,
food,M.020.06.123,"Material, Food, Fruit",kg ,Pineapple,0.08542884,0.362368331,,,
food,M.020.06.124,"Material, Food, Fruit",kg ,Strawberries,0.758160794,5.099893308,,,
food,M.020.07.101,"Material, Food, Pastries and cookies",kg ,Stuffed biscuit,0.92172978,3.788028195,,,
food,M.020.07.102,"Material, Food, Pastries and cookies",kg ,Apple pie with butter,0.819259297,3.409206842,,,
food,M.020.07.103,"Material, Food, Pastries and cookies",kg ,Apple pie with margarine,0.433039919,2.177357218,,,
food,M.020.07.104,"Material, Food, Pastries and cookies",kg ,"Biscuit, wheat/whole wheat",0.617692993,3.402217594,,,
food,M.020.07.105,"Material, Food, Pastries and cookies",kg ,"Biscuit, fruit",0.614246499,2.606782632,,,
food,M.020.07.106,"Material, Food, Pastries and cookies",kg ,Biscuit,0.559382174,2.983690902,,,
food,M.020.07.107,"Material, Food, Pastries and cookies",kg ,Gingerbread,0.276669241,1.277986992,,,
food,M.020.07.108,"Material, Food, Pastries and cookies",kg ,Cake with butter,1.598708745,5.608425564,,,
food,M.020.07.109,"Material, Food, Pastries and cookies",kg ,Cake without butter,0.76467764,3.146086541,,,
food,M.020.07.110,"Material, Food, Pastries and cookies",kg ,Syrup waffle,0.863095783,3.737066316,,,
food,M.020.08.101,"Material, Food, Grain products and binders",kg ,"Bread dough, pizza base/pie",0.303368889,1.355450752,,,
food,M.020.08.102,"Material, Food, Grain products and binders",kg ,Wheat flour,0.253956196,0.919031729,,,
food,M.020.08.103,"Material, Food, Grain products and binders",kg ,"Muesli, crispy with fruit",0.405060495,1.829107895,,,
food,M.020.08.104,"Material, Food, Grain products and binders",kg ,Oatmeal,0.279122612,1.10445203,,,
food,M.020.08.105,"Material, Food, Grain products and binders",kg ,Pasta,0.31415931,1.308254962,,,
food,M.020.08.106,"Material, Food, Grain products and binders",kg ,"Rice, pericarp",0.481320536,2.22300797,,,
food,M.020.08.107,"Material, Food, Grain products and binders",kg ,"Rice, white",0.574440198,2.594775564,,,
food,M.020.09.101,"Material, Food, Vegetable",kg ,Bean sprouts,0.242834127,1.574665263,,,
food,M.020.09.102,"Material, Food, Vegetable",kg ,Frozen green beans (plastic),0.222389323,0.94888797,,,
food,M.020.09.103,"Material, Food, Vegetable",kg ,Green beans (can),0.309994758,1.443915414,,,
food,M.020.09.104,"Material, Food, Vegetable",kg ,Green beans (glass),0.334785532,1.511685865,,,
food,M.020.09.105,"Material, Food, Vegetable",kg ,Green beans (plastic),0.164456128,0.545400098,,,
food,M.020.09.106,"Material, Food, Vegetable",kg ,Broccoli,0.197665591,0.638269338,,,
food,M.020.09.107,"Material, Food, Vegetable",kg ,Carrot,0.065939227,0.269936308,,,
food,M.020.09.108,"Material, Food, Vegetable",kg ,Cauliflower,0.197665591,0.638269338,,,
food,M.020.09.109,"Material, Food, Vegetable",kg ,Chicory,0.094065075,0.359790602,,,
food,M.020.09.110,"Material, Food, Vegetable",kg ,Zucchini,0.274318512,1.68438015,,,
food,M.020.09.111,"Material, Food, Vegetable",kg ,Cucumber with peel,0.222673751,1.570150301,,,
food,M.020.09.112,"Material, Food, Vegetable",kg ,Kale,0.105476319,0.408757053,,,
food,M.020.09.113,"Material, Food, Vegetable",kg ,"Lettuce, medium",0.100064119,0.396945293,,,
food,M.020.09.114,"Material, Food, Vegetable",kg ,Lettuce,0.100064119,0.396945293,,,
food,M.020.09.115,"Material, Food, Vegetable",kg ,Mushrooms,0.380800474,2.160661579,,,
food,M.020.09.116,"Material, Food, Vegetable",kg ,Onion,0.083841294,0.324402774,,,
food,M.020.09.117,"Material, Food, Vegetable",kg ,Peas with carrots (canned),0.305248444,1.549586391,,,
food,M.020.09.118,"Material, Food, Vegetable",kg ,Peas with carrots (glass),0.33003922,1.617356842,,,
food,M.020.09.119,"Material, Food, Vegetable",kg ,"Peas, frozen",0.141780031,0.548743977,,,
food,M.020.09.120,"Material, Food, Vegetable",kg ,"Spinach, frozen",0.21707021,0.92353594,,,
food,M.020.09.121,"Material, Food, Vegetable",kg ,Bell pepper,0.369794037,2.660549774,,,
food,M.020.09.122,"Material, Food, Vegetable",kg ,Corn (canned),0.305002998,1.445187293,,,
food,M.020.09.123,"Material, Food, Vegetable",kg ,Corn (glass),0.329793786,1.51295782,,,
food,M.020.09.124,"Material, Food, Vegetable",kg ,Tomato,0.204760011,1.494496917,,,
food,M.020.10.101,"Material, Food, Savory sandwich filling",kg ,Fish salade,1.173912429,6.373438346,,,
food,M.020.10.102,"Material, Food, Savory sandwich filling",kg ,Hummus natural,1.006193063,6.301427444,,,
food,M.020.10.103,"Material, Food, Savory sandwich filling",kg ,Peanut butter,1.396286072,9.03787594,,,
food,M.020.11.101,"Material, Food, Savory sauces",kg ,"Gravy from gravy powder, 25% fat",0.311387046,1.597059624,,,
food,M.020.11.102,"Material, Food, Savory sauces",kg ,French fries sauce,0.591979785,2.826817068,,,
food,M.020.11.103,"Material, Food, Savory sauces",kg ,Mayonnaise,1.165078735,5.712528647,,,
food,M.020.11.104,"Material, Food, Savory sauces",kg ,Oriental sauce (glass),0.453001103,2.106441504,,,
food,M.020.11.105,"Material, Food, Savory sauces",kg ,Tomato sauce (glass),0.220581508,1.150861203,,,
food,M.020.12.101,"Material, Food, Savory snacks and pretzels",kg ,"Chips, potato",0.86206243,4.722280075,,,
food,M.020.12.102,"Material, Food, Savory snacks and pretzels",kg ,"Croquette, beef",2.046438741,6.607436541,,,
food,M.020.12.103,"Material, Food, Savory snacks and pretzels",kg ,Popcorn,0.210250659,0.912212556,,,
food,M.020.12.104,"Material, Food, Savory snacks and pretzels",kg ,Sausage roll,1.400666298,5.257515639,,,
food,M.020.12.105,"Material, Food, Savory snacks and pretzels",kg ,Frikandel,0.911871435,3.917461429,,,
food,M.020.13.101,"Material, Food, Cheese",kg ,"Cheese, 20+",3.262826724,11.22088195,,,
food,M.020.13.102,"Material, Food, Cheese",kg ,"Cheese Edam, 40+",3.452152715,11.86737293,,,
food,M.020.13.103,"Material, Food, Cheese",kg ,"Goat cheese, fresh",2.527219514,9.131128571,,,
food,M.020.13.104,"Material, Food, Cheese",kg ,"Cheese Gouda,48+",4.11666926,14.13649774,,,
food,M.020.13.105,"Material, Food, Cheese",kg ,Mozzarella,2.643160175,9.079267669,,,
food,M.020.13.106,"Material, Food, Cheese",kg ,"Aged cheese, 48+",4.11666926,14.13649774,,,
food,M.020.13.107,"Material, Food, Cheese",kg ,"Cheese spread, 48+",2.69473295,9.377370677,,,
food,M.020.14.101,"Material, Food, Herbs and spices",kg ,"Stock cube, vegetable",0.395877878,2.264804662,,,
food,M.020.15.101,"Material, Food, Milk and milk products",kg ,"Milk, churn",0.413563152,1.470721805,,,
food,M.020.15.102,"Material, Food, Milk and milk products",kg ,Cream,1.354624441,4.610064662,,,
food,M.020.15.103,"Material, Food, Milk and milk products",kg ,"Custard, full variety of flavors",0.511670191,2.037429699,,,
food,M.020.15.104,"Material, Food, Milk and milk products",kg ,"Custard, vanilla",0.511670191,2.037429699,,,
food,M.020.15.105,"Material, Food, Milk and milk products",kg ,"Cottage cheese, whole",1.324498051,4.795154511,,,
food,M.020.15.106,"Material, Food, Milk and milk products",kg ,Cream/vanilla ice cream,1.135144105,4.392089624,,,
food,M.020.15.107,"Material, Food, Milk and milk products",kg ,"Chocolate milk, whole",0.627006366,2.553723609,,,
food,M.020.15.108,"Material, Food, Milk and milk products",kg ,"Chocolate milk, semi-skimmed",0.59324694,2.440690376,,,
food,M.020.15.109,"Material, Food, Milk and milk products",kg ,"Milk, semi-skimmed",0.558435798,2.030752481,,,
food,M.020.15.110,"Material, Food, Milk and milk products",kg ,"Milk, skimmed",0.539680558,1.967956241,,,
food,M.020.15.111,"Material, Food, Milk and milk products",kg ,"Milk, whole",0.577191048,2.093548797,,,
food,M.020.15.112,"Material, Food, Milk and milk products",kg ,"Yogurt drink, sweetener",0.557439655,2.202610602,,,
food,M.020.15.113,"Material, Food, Milk and milk products",kg ,"Yogurt, whole",0.615332572,2.378517519,,,
food,M.020.15.114,"Material, Food, Milk and milk products",kg ,"Yogurt, semi-skimmed",0.596577332,2.315721278,,,
food,M.020.15.115,"Material, Food, Milk and milk products",kg ,"Yogurt, low-fat with fruits",0.534473911,2.173588346,,,
food,M.020.15.116,"Material, Food, Milk and milk products",kg ,"Yogurt, low fat",0.577822081,2.252924962,,,
food,M.020.16.101,"Material, Food, Non-alcoholic drinks",kg ,Coffee,1.053934003,3.697156466,,,
food,M.020.16.102,"Material, Food, Non-alcoholic drinks",kg ,Cola Light,0.072598892,0.474214023,,,
food,M.020.16.103,"Material, Food, Non-alcoholic drinks",kg ,Icetea,0.115437661,0.600791549,,,
food,M.020.16.104,"Material, Food, Non-alcoholic drinks",kg ,"Fruit drink, 12% fruit concentrate",0.099326265,0.576505459,,,
food,M.020.16.105,"Material, Food, Non-alcoholic drinks",kg ,"Fruit drink, 8% fruit concentrate",0.076500386,0.455125541,,,
food,M.020.16.106,"Material, Food, Non-alcoholic drinks",kg ,Apple juice,0.11856949,0.631420444,,,
food,M.020.16.107,"Material, Food, Non-alcoholic drinks",kg ,"Orange juice, pasteurized",0.24947921,1.307484135,,,
food,M.020.16.108,"Material, Food, Non-alcoholic drinks",kg ,"Syrup, light",0.101181238,0.612336579,,,
food,M.020.16.109,"Material, Food, Non-alcoholic drinks",kg ,Syrup,0.253828264,1.271765714,,,
food,M.020.16.110,"Material, Food, Non-alcoholic drinks",kg ,"Syrup, sweetened",0.880946431,3.553765263,,,
food,M.020.16.111,"Material, Food, Non-alcoholic drinks",kg ,"Mineral water, average",0.037189567,0.235976361,,,
food,M.020.16.112,"Material, Food, Non-alcoholic drinks",kg ,Coke,0.096974815,0.56299606,,,
food,M.020.16.113,"Material, Food, Non-alcoholic drinks",kg ,"Soft drink, light",0.072598892,0.474214023,,,
food,M.020.16.114,"Material, Food, Non-alcoholic drinks",kg ,"Soda, sugar and caffeine",0.081130465,0.505287737,,,
food,M.020.16.115,"Material, Food, Non-alcoholic drinks",kg ,Tea,2.989109037,6.986161278,,,
food,M.020.17.101,"Material, Food, Nuts and seeds",kg ,"Almonds, without membrane",1.544076207,4.927377669,,,
food,M.020.17.102,"Material, Food, Nuts and seeds",kg ,"Cashew nuts, unsalted",1.579971388,4.25480797,,,
food,M.020.17.103,"Material, Food, Nuts and seeds",kg ,"Hazelnuts, unsalted",1.03848976,3.854907519,,,
food,M.020.17.104,"Material, Food, Nuts and seeds",kg ,Flax seed,0.425345227,1.568239323,,,
food,M.020.17.105,"Material, Food, Nuts and seeds",kg ,"Peanuts, unsalted",1.161913586,7.642755639,,,
food,M.020.17.106,"Material, Food, Nuts and seeds",kg ,"Pistachios, salted",0.434805275,1.74610015,,,
food,M.020.17.107,"Material, Food, Nuts and seeds",kg ,"Pistachios, unsalted",0.438047968,1.756792556,,,
food,M.020.17.108,"Material, Food, Nuts and seeds",kg ,"Walnuts, unsalted",0.88617501,3.216782707,,,
food,M.020.18.101,"Material, Food, Legumes",kg ,Kidney beans (can),0.343661766,1.666365113,,,
food,M.020.18.102,"Material, Food, Legumes",kg ,Kidney beans (glass),0.368452549,1.734135639,,,
food,M.020.18.103,"Material, Food, Legumes",kg ,Chickpeas,1.089478062,7.011301729,,,
food,M.020.19.101,"Material, Food, Baby food",kg ,"Infant formula, milk powder",1.875833048,7.242966316,,,
food,M.020.20.101,"Material, Food, Sugar, candy, sweet toppings and sweet sauces",kg ,"Sprinkles, milk",0.842535949,3.339409774,,,
food,M.020.20.102,"Material, Food, Sugar, candy, sweet toppings and sweet sauces",kg ,"Sprinkles, pure",0.504564028,2.208279774,,,
food,M.020.20.103,"Material, Food, Sugar, candy, sweet toppings and sweet sauces",kg ,"Chocolate, milk",1.598152455,6.287934737,,,
food,M.020.20.104,"Material, Food, Sugar, candy, sweet toppings and sweet sauces",kg ,"Chocolate spread, duo",0.908382902,4.519498195,,,
food,M.020.20.105,"Material, Food, Sugar, candy, sweet toppings and sweet sauces",kg ,"Chocolate spread, hazelnut",0.969579878,4.616038195,,,
food,M.020.20.106,"Material, Food, Sugar, candy, sweet toppings and sweet sauces",kg ,Honey (glass),0.228710264,1.175263684,,,
food,M.020.20.107,"Material, Food, Sugar, candy, sweet toppings and sweet sauces",kg ,Honey (bottle),0.162155332,0.885029098,,,
food,M.020.20.108,"Material, Food, Sugar, candy, sweet toppings and sweet sauces",kg ,Water ice,0.148477623,0.800478496,,,
food,M.020.20.109,"Material, Food, Sugar, candy, sweet toppings and sweet sauces",kg ,Jam (glass),0.395678755,1.888830226,,,
food,M.020.20.110,"Material, Food, Sugar, candy, sweet toppings and sweet sauces",kg ,Granulated sugar,0.229232093,0.819039173,,,
food,M.020.20.111,"Material, Food, Sugar, candy, sweet toppings and sweet sauces",kg ,Apple syrup,0.228360276,1.323367218,,,
food,M.020.21.101,"Material, Food, Fats and oils",kg ,"Butter, salted",3.726446217,12.68190977,,,
food,M.020.21.102,"Material, Food, Fats and oils",kg ,"Butter, unsalted",3.726292757,12.68106917,,,
food,M.020.21.103,"Material, Food, Fats and oils",kg ,Frying fat,1.029046545,4.99502406,,,
food,M.020.21.104,"Material, Food, Fats and oils",kg ,Halvarine,0.465229811,2.435324812,,,
food,M.020.21.105,"Material, Food, Fats and oils",kg ,Margarine,0.916027306,4.997672481,,,
food,M.020.21.106,"Material, Food, Fats and oils",kg ,"Oil, olive",1.817655113,7.328705489,,,
food,M.020.21.107,"Material, Food, Fats and oils",kg ,"Oil, sunflower",1.071886642,5.050736842,,,
food,M.020.22.101,"Material, Food, Fish",kg ,Catfish,2.81574116,18.89220376,,,
food,M.020.22.102,"Material, Food, Fish",kg ,Fried fish,1.10188731,6.69020812,,,
food,M.020.22.103,"Material, Food, Fish",kg ,Cod fillet,0.970900576,6.057006692,,,
food,M.020.22.104,"Material, Food, Fish",kg ,Fish sticks,0.904358047,5.440716842,,,
food,M.020.22.105,"Material, Food, Fish",kg ,Herring in tomato sauce,0.347946546,2.054451353,,,
food,M.020.22.106,"Material, Food, Fish",kg ,"Herring, in (sweet) and sour",0.621059869,3.682473008,,,
food,M.020.22.107,"Material, Food, Fish",kg ,"Herring, salted",0.434141266,2.637905489,,,
food,M.020.22.108,"Material, Food, Fish",kg ,Lemon sole,1.021933086,6.359024286,,,
food,M.020.22.109,"Material, Food, Fish",kg ,"Mackerel fillet, smoked",0.321286536,1.95784812,,,
food,M.020.22.110,"Material, Food, Fish",kg ,Pangasius,1.922049034,12.20433684,,,
food,M.020.22.111,"Material, Food, Fish",kg ,Plaice,1.021933086,6.359024286,,,
food,M.020.22.112,"Material, Food, Fish",kg ,Pollock,1.265900104,7.866994737,,,
food,M.020.22.113,"Material, Food, Fish",kg ,"Canned salmon, farmed fish",1.029816141,6.212346015,,,
food,M.020.22.114,"Material, Food, Fish",kg ,"Canned salmon, wild catch",0.651480269,3.925174887,,,
food,M.020.22.115,"Material, Food, Fish",kg ,"Salmon fillet, farmed fish",0.988623341,5.99417782,,,
food,M.020.22.116,"Material, Food, Fish",kg ,"Salmon fillet, wild catch",0.610287471,3.707006692,,,
food,M.020.22.117,"Material, Food, Fish",kg ,"Smoked salmon, farmed fish",1.102421221,6.692068797,,,
food,M.020.22.118,"Material, Food, Fish",kg ,"Smoked salmon, wild catch",0.682048024,4.150767519,,,
food,M.020.22.119,"Material, Food, Fish",kg ,Dutch shrimps,2.027753683,11.83813835,,,
food,M.020.22.120,"Material, Food, Fish",kg ,Tilapia,3.775370318,21.29581429,,,
food,M.020.22.121,"Material, Food, Fish",kg ,Trout,1.857491645,11.56654887,,,
food,M.020.22.122,"Material, Food, Fish",kg ,Canned tuna,2.551795975,15.4265391,,,
food,M.020.22.123,"Material, Food, Fish",kg ,Gourmet fish,0.764691578,4.264014662,,,
food,M.020.23.101,"Material, Food, Meat and poultry",kg ,Beef fritters,8.359303234,25.05030677,,,
food,M.020.23.102,"Material, Food, Meat and poultry",kg ,Beef roast,10.25820385,30.61305188,,,
food,M.020.23.103,"Material, Food, Meat and poultry",kg ,Beef steak,8.359303234,25.05030677,,,
food,M.020.23.104,"Material, Food, Meat and poultry",kg ,Chicken breast,1.658489274,7.243346992,,,
food,M.020.23.105,"Material, Food, Meat and poultry",kg ,"Chicken, with skin",1.658489274,7.243346992,,,
food,M.020.23.106,"Material, Food, Meat and poultry",kg ,Hamburger,7.632938184,22.94567744,,,
food,M.020.23.108,"Material, Food, Meat and poultry",kg ,"Minced meat, beef",8.665400382,25.51009323,,,
food,M.020.23.109,"Material, Food, Meat and poultry",kg ,"Minced meat, half-and-half",5.44392649,17.1418609,,,
food,M.020.23.110,"Material, Food, Meat and poultry",kg ,"Pork, lean",2.115793738,8.346984962,,,
food,M.020.23.111,"Material, Food, Meat and poultry",kg ,"Pork, fat",2.115793738,8.346984962,,,
food,M.020.23.112,"Material, Food, Meat and poultry",kg ,Pork shoulder chop,2.115793738,8.346984962,,,
food,M.020.23.113,"Material, Food, Meat and poultry",kg ,Knaksausage (can),4.304019436,14.03017895,,,
food,M.020.23.114,"Material, Food, Meat and poultry",kg ,Knaksausage (glass),4.328810189,14.09794962,,,
food,M.020.23.115,"Material, Food, Meat and poultry",kg ,Pork bratwurst,3.280447751,11.47530301,,,
food,M.020.23.116,"Material, Food, Meat and poultry",kg ,Beef smoked sausage,7.110627749,21.47187895,,,
food,M.020.23.117,"Material, Food, Meat and poultry",kg ,Veal,5.658467634,20.98236692,,,
food,M.020.24.101,"Material, Food, Meat substitutes and dairy substitutes",kg ,"Vegetarian minced meat, mycoprotein",0.661967395,3.78302,,,
food,M.020.24.102,"Material, Food, Meat substitutes and dairy substitutes",kg ,Vegetarian luncheon meat,1.106500796,4.879987895,,,
food,M.020.24.103,"Material, Food, Meat substitutes and dairy substitutes",kg ,"Soy drink, natural",0.119685122,0.748951534,,,
food,M.020.24.104,"Material, Food, Meat substitutes and dairy substitutes",kg ,Tahoe,0.548870954,3.689359398,,,
food,M.020.24.105,"Material, Food, Meat substitutes and dairy substitutes",kg ,Vegetarian disc,0.786807467,3.705350301,,,
food,M.020.24.106,"Material, Food, Meat substitutes and dairy substitutes",kg ,Vegetarian hamburger,0.461687564,2.944457218,,,
food,M.020.24.107,"Material, Food, Meat substitutes and dairy substitutes",kg ,Vegetarian schnitzel,1.166102709,4.913881504,,,
food,M.020.25.101,"Material, Food, Meats",kg ,Breakfast bacon,2.63069978,10.68184887,,,
food,M.020.25.102,"Material, Food, Meats",kg ,Beef smoked meat,9.180008056,27.44454135,,,
food,M.020.25.103,"Material, Food, Meats",kg ,Chicken breast,2.126606321,9.522668421,,,
food,M.020.25.104,"Material, Food, Meats",kg ,Filet Americain,5.714500739,17.68382932,,,
food,M.020.25.105,"Material, Food, Meats",kg ,Gammon,2.63069978,10.68184887,,,
food,M.020.25.106,"Material, Food, Meats",kg ,Shoulder ham,2.632183611,10.68826316,,,
food,M.020.25.107,"Material, Food, Meats",kg ,Spread liver sausage,1.28403709,5.495719699,,,
food,M.020.25.108,"Material, Food, Meats",kg ,Roast minced meat,2.177208248,8.040542857,,,
food,M.020.25.109,"Material, Food, Meats",kg ,Cooked sausage,4.566858002,15.13384586,,,
food,M.020.25.110,"Material, Food, Meats",kg ,Sandwich sausage,1.516808597,6.313719774,,,
food,M.020.25.111,"Material, Food, Meats",kg ,Beef sausage,8.074999879,24.2265609,,,
food,M.020.25.112,"Material, Food, Processing in kitchen",kg ,Saveloy,4.363876995,14.67840376,,,
food,N.010.10.101,"Material, Food, Processing in kitchen",kg ,Baking (1.5 MJe per kg product),0.039954215,0.23139282,,,
food,N.010.10.102,"Material, Food, Processing in kitchen",kg ,Boiling (1.1 MJe per kg product),0.029299758,0.169688068,,,
food,N.010.10.103,"Material, Food, Processing in kitchen",kg ,Roasting chicken (3 MJe per kg product),0.079908431,0.462785647,,,
chem proxi,P.030.00.100,"Material, proxi data, chemicals",kg ,"1,4-dioxanes (n=1, std= -)",0.723923552,4.661274361,,,
chem proxi,P.030.00.200,"Material, proxi data, chemicals",kg ,"1-hydroxy-4-unsubstituted benzenoids (n=1, std=-)",0.320555242,2.018796992,,,
chem proxi,P.030.11.100,"Material, proxi data, chemicals",kg ,"Acetylides (n=1, std=-)",0.293235474,1.84962406,,,
chem proxi,P.030.11.200,"Material, proxi data, chemicals",kg ,"Alcohols and polyols (n=14, std=0.21)",0.490089036,2.958501654,,,
chem proxi,P.030.11.300,"Material, proxi data, chemicals",kg ,"Alkali metal chlorides (n=3, std=0.006)",0.025530423,0.105710135,,,
chem proxi,P.030.11.400,"Material, proxi data, chemicals",kg ,"Alkali metal hydroxides (n=4, std=0.07)",0.158203828,0.88906406,,,
chem proxi,P.030.11.500,"Material, proxi data, chemicals",kg ,"Alkali metal hypochlorites (n=2, std=0.015)",0.169723174,0.879699248,,,
chem proxi,P.030.11.600,"Material, proxi data, chemicals",kg ,"Alkali metal silicates (n=2, std=0.22)",0.40099814,2.684296617,,,
chem proxi,P.030.11.700,"Material, proxi data, chemicals",kg ,"Alkaline earth metal oxides (n=2, std=0.23)",0.331219185,1.757430376,,,
chem proxi,P.030.11.800,"Material, proxi data, chemicals",kg ,"Alkanes (n=5, std=0.2)",0.277000716,1.497612556,,,
chem proxi,P.030.11.900,"Material, proxi data, chemicals",kg ,"Alpha-halocarboxylic acids and derivatives (n=2, std=0.11)",0.330214775,2.057231128,,,
chem proxi,P.030.11.910,"Material, proxi data, chemicals",kg ,"Amines (n=7, std=0.16)",0.544314475,3.371272857,,,
chem proxi,P.030.12.100,"Material, proxi data, chemicals",kg ,"Benzene and substituted derivatives (n=3, std=0.38)",0.537113678,2.340734586,,,
chem proxi,P.030.12.200,"Material, proxi data, chemicals",kg ,"Benzenesulfonic acids and derivatives (n=3, std=0.50)",0.70907371,2.131604135,,,
chem proxi,P.030.12.300,"Material, proxi data, chemicals",kg ,"Benzoyl derivatives (n=1, std=-)",2.06070935,4.395523759,,,
chem proxi,P.030.12.400,"Material, proxi data, chemicals",kg ,"Benzyl alcohols (n=1, std=-)",1.499165869,4.49394985,,,
chem proxi,P.030.12.500,"Material, proxi data, chemicals",kg ,"Benzyl halides (n=1, std=-)",0.691327533,2.321762632,,,
chem proxi,P.030.13.100,"Material, proxi data, chemicals",kg ,"Carbonyl compounds (n=6, std=0.32)",0.505389948,2.88996406,,,
chem proxi,P.030.13.200,"Material, proxi data, chemicals",kg ,"Carboxylic acid derivatives (n=10, std=0.30)",0.570992129,3.323364135,,,
chem proxi,P.030.13.300,"Material, proxi data, chemicals",kg ,"Carboxylic acids (n=4, std=0.29)",0.38343921,2.417364436,,,
chem proxi,P.030.13.400,"Material, proxi data, chemicals",kg ,"Cumenes (n=2, std=0.1107)",0.261765272,1.647671128,,,
chem proxi,P.030.13.500,"Material, proxi data, chemicals",kg ,"Cycloalkanes (n=2, std=0.12)",0.800495832,4.531157594,,,
chem proxi,P.030.14.100,"Material, proxi data, chemicals",kg ,"Dicarboxylic acids and derivatives (n=5, std=0.35)",0.607594726,2.078262857,,,
chem proxi,P.030.15.100,"Material, proxi data, chemicals",kg ,"Epoxides (n=2, std=0.05)",0.308059204,2.022928346,,,
chem proxi,P.030.15.200,"Material, proxi data, chemicals",kg ,"Ethers (n=7, std=0.35)",0.546788583,2.453470677,,,
chem proxi,P.030.17.100,"Material, proxi data, chemicals",kg ,"Gamma butyrolactones (n=1, std=-)",0.840321868,5.258609699,,,
chem proxi,P.030.18.100,"Material, proxi data, chemicals",kg ,"Halobenzenes (n=3, std=0.005)",2.659704195,14.17237895,,,
chem proxi,P.030.18.200,"Material, proxi data, chemicals",kg ,"Halogen hydrides (n=1, std=- )",0.124911442,0.235719759,,,
chem proxi,P.030.18.300,"Material, proxi data, chemicals",kg ,"Homogeneous halogens (n=3, std=0.0025)",0.12432644,0.66191606,,,
chem proxi,P.030.18.400,"Material, proxi data, chemicals",kg ,"Homogeneous metalloid compounds (n=1, std=-)",1.977162652,10.01851203,,,
chem proxi,P.030.18.500,"Material, proxi data, chemicals",kg ,"Homogeneous noble gases (n=1, std=-)",0.370704194,2.485101429,,,
chem proxi,P.030.18.600,"Material, proxi data, chemicals",kg ,"Homogeneous other non-metal compounds (n=4, std=0.11)",0.28465756,1.895052556,,,
chem proxi,P.030.18.700,"Material, proxi data, chemicals",kg ,"Homogeneous transition metal compounds (n=2, std=12.24)",31.96523199,39.29944511,,,
chem proxi,P.030.23.100,"Material, proxi data, chemicals",kg ,"Metalloid oxides (n=1, std=-)",0.582520557,3.895217895,,,
chem proxi,P.030.23.200,"Material, proxi data, chemicals",kg ,"Miscellaneous mixed metal/non-metals (n=3, std=9.43)",10.2704825,6.771260902,,,
chem proxi,P.030.24.100,"Material, proxi data, chemicals",kg ,"N-alkylpyrrolidines (n=1, std=-)",1.088447712,6.561081504,,,
chem proxi,P.030.24.200,"Material, proxi data, chemicals",kg ,"Non-metal nitrates (n=1, std=-)",0.095724301,0.718226248,,,
chem proxi,P.030.24.300,"Material, proxi data, chemicals",kg ,"Non-metal phosphates (n=1, std=-)",0.12684645,0.528657977,,,
chem proxi,P.030.24.400,"Material, proxi data, chemicals",kg ,"Non-metal sulfates (n=1, std=-)",0.021739678,0.100285714,,,
chem proxi,P.030.25.100,"Material, proxi data, chemicals",kg ,"Olefins (n=1, std=-)",0.352702357,2.233082707,,,
chem proxi,P.030.25.200,"Material, proxi data, chemicals",kg ,"Organic carbonic acids (n=1, std=-)",0.259195225,1.285093308,,,
chem proxi,P.030.25.300,"Material, proxi data, chemicals",kg ,"Organic cyanides (n=1, std=-)",0.694884198,3.729439323,,,
chem proxi,P.030.25.400,"Material, proxi data, chemicals",kg ,"Organochlorides (n=1, std=-)",0.243587409,1.324497519,,,
chem proxi,P.030.25.500,"Material, proxi data, chemicals",kg ,"Organofluorides (n=1, std=-)",0.220207682,0.038316904,,,
chem proxi,P.030.25.600,"Material, proxi data, chemicals",kg ,"Other non-metal nitrides (n=1, std=-)",0.04642347,0.266396053,,,
chem proxi,P.030.25.700,"Material, proxi data, chemicals",kg ,"Other non-metal oxides (n=2, std=0)",0.17298335,1.087617669,,,
chem proxi,P.030.25.800,"Material, proxi data, chemicals",kg ,"Other non-metal sulfides (n=2, std=0.08)",0.154950726,1.030352707,,,
chem proxi,P.030.29.100,"Material, proxi data, chemicals",kg ,"Styrenes (n=1, std=-)",0.36471112,2.357142857,,,
chem proxi,P.030.29.200,"Material, proxi data, chemicals",kg ,"Sulfoxides (n=1, std=-)",0.322204939,1.891566466,,,
chem proxi,P.030.29.300,"Material, proxi data, chemicals",kg ,"Sulfuric acid esters (n=1, std=-)",0.193742228,1.310291203,,,
chem proxi,P.030.30.100,"Material, proxi data, chemicals",kg ,"Tetrahydrofurans (n=1, std=-)",0.99017357,6.192880226,,,
chem proxi,P.030.30.200,"Material, proxi data, chemicals",kg ,"Toluenes (n=1, std=-)",0.239825398,1.37593985,,,
chem proxi,P.030.30.300,"Material, proxi data, chemicals",kg ,"Transition metal oxides (n=2, std=13.45)",28.47854857,9.310707519,,,
chem proxi,P.030.31.100,"Material, proxi data, chemicals",kg ,"Unsaturated aliphatic hydrocarbons (n=1, std=-)",0.285166328,1.781954887,,,
chem proxi,P.030.31.200,"Material, proxi data, chemicals",kg ,"Unsaturated aliphatic hydrocarbons (n=1, std=-)",0.264166328,1.62406015,,,
chem proxi,P.030.31.300,"Material, proxi data, chemicals",kg ,"Ureas (n=1, std=-)",1.017902893,5.975542256,,,
chem proxi,P.030.32.100,"Material, proxi data, chemicals",kg ,"Vinyl fluorides (n=1, std=-)",0.302643736,0.104751248,,,
chem proxi,P.030.34.100,"Material, proxi data, chemicals",kg ,"Xylenes (n=1, std=-)",0.281635968,1.612781955,,,
chem proxi,P.030.51.100,"Material, proxi data, chemicals",kg ,"Acrylic acids and derivatives (n=2, std=0.10)",0.833055136,4.031954887,,,
chem proxi,P.030.52.100,"Material, proxi data, chemicals",kg ,"Benzenediols (n=2, std=1.80)",2.080715209,9.954135338,,,
chem proxi,P.030.52.200,"Material, proxi data, chemicals",kg ,"Benzoic acids and derivatives (n=2, std=0.10)",1.00837902,4.519172932,,,
chem proxi,P.030.53.100,"Material, proxi data, chemicals",kg ,"Carbohydrates and carbohydrate conjugates (n=2, std=0.61)",0.942384868,2.465413534,,,
chem proxi,P.030.53.200,"Material, proxi data, chemicals",kg ,"Carbonic acid diesters (n=2, std=0.12)",0.501963104,2.279323308,,,
chem proxi,P.030.54.100,"Material, proxi data, chemicals",kg ,"Diphenylmethanes (n=2, std=0.66)",1.289462321,4.515789474,,,
chem proxi,P.030.58.100,"Material, proxi data, chemicals",kg ,"Halomethanes (n=6, std=3.60)",1.884986397,7.396240602,,,
chem proxi,P.030.59.100,"Material, proxi data, chemicals",kg ,"Isoindolines (n=2, std=2.69)",2.053923219,8.494736842,,,
chem proxi,P.030.63.100,"Material, proxi data, chemicals",kg ,"Methylpyridines (n=2, std=3.53)",2.816665593,4.772932331,,,
chem proxi,P.030.64.100,"Material, proxi data, chemicals",kg ,"Nitrobenzenes (n=4, std=1.15)",0.67210862,2.914285714,,,
chem proxi,P.030.65.100,"Material, proxi data, chemicals",kg ,"Organic alkali metal salts (n=3, std=0.25)",0.711810674,2.542105263,,,
chem proxi,P.030.65.200,"Material, proxi data, chemicals",kg ,"Organobromides (class) (n=2, std=0.15)",1.276192928,6.293233083,,,
chem proxi,P.030.65.300,"Material, proxi data, chemicals",kg ,"Organosilicon compounds (n=2, std=0.02)",1.176381348,5.143984962,,,
chem proxi,P.030.66.100,"Material, proxi data, chemicals",kg ,"Phenoxy compounds (n=2, std=0.47)",1.158294251,4.730075188,,,
chem proxi,P.030.66.200,"Material, proxi data, chemicals",kg ,"Phenylpropanes (n=5, std=0.69)",1.140093458,5.50037594,,,
chem proxi,P.030.66.300,"Material, proxi data, chemicals",kg ,"Pyrazoles (n=2, std=3.47)",5.4139338,20.47218045,,,
chem proxi,P.030.66.400,"Material, proxi data, chemicals",kg ,"Pyridazines and derivatives (n=2, std=0.00)",4.368669666,14.31766917,,,
chem proxi,P.030.66.500,"Material, proxi data, chemicals",kg ,"Pyridines and derivatives (class) (n=2, std=1.64)",2.515761293,10.98834586,,,
chem proxi,P.030.71.100,"Material, proxi data, chemicals",kg ,"Amino acids, peptides, and analogues (n=1, std=-)",3.682897523,22.82069925,,,
chem proxi,P.030.71.200,"Material, proxi data, chemicals",kg ,"Aminotriazines (n=1, std=-)",1.349632785,8.063032331,,,
chem proxi,P.030.71.300,"Material, proxi data, chemicals",kg ,"Anilides (n=4, std=0.20)",1.963180572,12.04487519,,,
chem proxi,P.030.71.400,"Material, proxi data, chemicals",kg ,"Aniline and substituted anilines (n=1, std=-)",1.195471168,7.200308947,,,
chem proxi,P.030.72.100,"Material, proxi data, chemicals",kg ,"Benzene and substituted derivatives (n=1, std=-)",5.717115112,33.93910075,,,
chem proxi,P.030.72.200,"Material, proxi data, chemicals",kg ,"Benzenoids (n=1, std=-)",3.411884852,20.04081203,,,
chem proxi,P.030.72.300,"Material, proxi data, chemicals",kg ,"Benzimidazoles (n=1, std=-)",3.111687088,19.25719474,,,
chem proxi,P.030.72.400,"Material, proxi data, chemicals",kg ,"Benzoic acids and derivatives (n=2, std=0.70)",1.366615161,8.399587218,,,
chem proxi,P.030.73.100,"Material, proxi data, chemicals",kg ,"Coumarans (n=1, std=-)",3.580720251,21.02937218,,,
chem proxi,P.030.73.200,"Material, proxi data, chemicals",kg ,"Cyclohexyl halides (n=1, std=-)",0.632551521,3.897510752,,,
chem proxi,P.030.74.100,"Material, proxi data, chemicals",kg ,"Diphenylmethanes (n=1, std=-)",0.818478238,5.151452782,,,
chem proxi,P.030.74.200,"Material, proxi data, chemicals",kg ,"Dithiophosphate O-esters (n=1, std=-)",1.525171829,9.256394737,,,
chem proxi,P.030.76.100,"Material, proxi data, chemicals",kg ,"Fatty acid esters (n=2, std=2.12)",3.390122932,21.19820902,,,
chem proxi,P.030.78.100,"Material, proxi data, chemicals",kg ,"Halobenzenes (n=1, std=-)",1.776130219,10.92538496,,,
chem proxi,P.030.79.100,"Material, proxi data, chemicals",kg ,"Isoindolines (n=1, std=-)",0.885117396,5.517229323,,,
chem proxi,P.030.84.100,"Material, proxi data, chemicals",kg ,"N-phenylureas (n=3, std=0.27)",1.769373448,10.82908947,,,
chem proxi,P.030.84.200,"Material, proxi data, chemicals",kg ,"Naphthalenes (n=1, std=-)",0.955180573,5.925614361,,,
chem proxi,P.030.84.300,"Material, proxi data, chemicals",kg ,"Nitrophenols (n=1, std=-)",0.674357694,4.010003083,,,
chem proxi,P.030.85.100,"Material, proxi data, chemicals",kg ,"Organic transition metal salts (n=1, std=-)",0.703097392,4.614469624,,,
chem proxi,P.030.86.100,"Material, proxi data, chemicals",kg ,"Phenoxyacetic acid derivatives (n=3, std=0.09)",1.026045503,6.28292594,,,
chem proxi,P.030.86.200,"Material, proxi data, chemicals",kg ,"Phenylpropanes (n=1, std=-)",0.931962307,5.699087895,,,
chem proxi,P.030.86.300,"Material, proxi data, chemicals",kg ,"Pyridines and derivatives (n=1, std=-)",3.944439042,25.14189173,,,
chem proxi,P.030.86.400,"Material, proxi data, chemicals",kg ,"Pyridinium derivatives (n=1, std=-)",3.429524204,22.16076692,,,
chem proxi,P.030.88.100,"Material, proxi data, chemicals",kg ,"Sulfonylureas (n=1, std=-)",3.079443452,19.40544737,,,
chem proxi,P.030.90.100,"Material, proxi data, chemicals",kg ,"Thiocarbamic acid derivatives (n=1, std=-)",1.463672354,8.882366917,,,
chem proxi,P.030.90.200,"Material, proxi data, chemicals",kg ,"Thiophosphoric acid esters (n=2, std=0.11)",1.126386776,6.949520602,,,
scope 1 & downsrtream,Q.010.10.001,Scope 1 and downstream direct emissions,kg ,"Carbon Dioxide (CO2), fossil, direct emissions (scope1 and downstream)",0.15,1.127819549,,,
scope 1 & downsrtream,Q.010.10.002,Scope 1 and downstream direct emissions,kg ,"Carbon Dioxide (CO2), biogenic, direct emissions (scope1 and downstream)",0,0,,,
scope 1 & downsrtream,Q.010.10.003,Scope 1 and downstream direct emissions,kg ,"Methane (CH4), fossil, direct emissions (scope1 and downstream)",4.543222417,33.60902256,,,
scope 1 & downsrtream,Q.010.10.004,Scope 1 and downstream direct emissions,kg ,"Methane (CH4), biogenic, direct emissions (scope1 and downstream)",4.123222417,30.45112782,,,
scope 1 & downsrtream,Q.010.10.005,Scope 1 and downstream direct emissions,kg ,"Carbon Monoxide (CO), fossil, direct emissions (scope1 and downstream)",0.279137987,0,,,
scope 1 & downsrtream,Q.010.10.006,Scope 1 and downstream direct emissions,kg ,"Carbon monoxide (CO), biogenic, direct emissions (scope1 and downstream)",6.60E-05,0,,,
scope 1 & downsrtream,Q.010.10.007,Scope 1 and downstream direct emissions,kg ,"Nitrous oxide (N2O), direct emissions (scope1 and downstream)",40.95346572,307.8947368,,,
scope 1 & downsrtream,Q.010.10.009,Scope 1 and downstream direct emissions,kg ,"Butane (C4H10), direct emissions (scope1 and downstream)",3.642463378,0.006766917,,,
scope 1 & downsrtream,Q.010.10.010,Scope 1 and downstream direct emissions,kg ,"Ethane (C2H6), direct emissions (scope1 and downstream)",1.338948167,0.492857143,,,
scope 1 & downsrtream,Q.010.10.011,Scope 1 and downstream direct emissions,kg ,"Pentane (C5H12), direct emissions (scope1 and downstream)",4.082095095,0,,,
scope 1 & downsrtream,Q.010.10.012,Scope 1 and downstream direct emissions,kg ,"Propane (C3H8), direct emissions (scope1 and downstream)",1.820830259,0.022556391,,,
scope 1 & downsrtream,Q.010.10.013,Scope 1 and downstream direct emissions,kg ,"Sulfur hexafluoride (SF6), direct emissions (scope1 and downstream)",3780.000241,28421.05263,,,
scope 1 & downsrtream,Q.010.10.014,Scope 1 and downstream direct emissions,kg ,"Tetrafluoroethane, HFC-134a ( direct emissions (scope1 and downstream)",229.5123199,1725.56391,,,
scope 1 & downsrtream,Q.010.10.015,Scope 1 and downstream direct emissions,kg ,"Trifluoroethane, HFC-143a ( direct emissions (scope1 and downstream)",871.5,6552.631579,,,
scope 1 & downsrtream,Q.010.10.016,Scope 1 and downstream direct emissions,kg ,"Difluoromethane, HFC32 ( direct emissions (scope1 and downstream)",115.6502849,869.5488722,,,
scope 1 & downsrtream,Q.010.10.017,Scope 1 and downstream direct emissions,kg ,"Tetrafluoropropene, HFO-1234yf ( direct emissions (scope1 and downstream)",0.075154976,0.565037594,,,
scope 1 & downsrtream,Q.010.20.001,Scope 1 and downstream direct emissions,kg ,"Sulfur Dioxide (SO2), direct emissions (scope1 and downstream)",10.517832,0,,,
scope 1 & downsrtream,Q.010.30.001,Scope 1 and downstream direct emissions,kg ,"Ammonia (NH3), direct emissions (scope1 and downstream)",20.05523839,0,,,
scope 1 & downsrtream,Q.010.30.002,Scope 1 and downstream direct emissions,kg ,"Nitrate (NO3), direct emissions (scope1 and downstream)",5.38,0,,,
scope 1 & downsrtream,Q.010.30.003,Scope 1 and downstream direct emissions,kg ,"Nitrogen Oxides (NOx), direct emissions (scope1 and downstream)",13.40452,0,,,
scope 1 & downsrtream,Q.010.30.004,Scope 1 and downstream direct emissions,kg ,"Non-methane volatile organic compounds (NMVOC), direct emissions (scope1 and downstre",6.158306117,0,,,
scope 1 & downsrtream,Q.010.30.005,Scope 1 and downstream direct emissions,kg ,"Phosphate (PO4), direct emissions (scope1 and downstream)",5.38,0,,,
scope 1 & downsrtream,Q.010.30.006,Scope 1 and downstream direct emissions,kg ,"Phosphorous (P), direct emissions (scope1 and downstream)",16.46405328,0,,,
scope 1 & downsrtream,Q.010.30.007,Scope 1 and downstream direct emissions,kg ,"Phosphoric acid (H3O4P), direct emissions (scope1 and downstream)",5.226076719,0,,,
scope 1 & downsrtream,Q.010.40.001,Scope 1 and downstream direct emissions,kg ,"Acetone (CH3COCH3), direct emissions (scope1 and downstream)",0.974927919,0,,,
scope 1 & downsrtream,Q.010.40.002,Scope 1 and downstream direct emissions,kg ,"Benzene (C6H6), direct emissions (scope1 and downstream)",2.527734806,0,,,
scope 1 & downsrtream,Q.010.40.003,Scope 1 and downstream direct emissions,kg ,"Benzyl Chloride (C7H7Cl ), direct emissions (scope1 and downstream)",0.50931432,0,,,
scope 1 & downsrtream,Q.010.40.004,Scope 1 and downstream direct emissions,kg ,"1-Butanol (C4H10O), direct emissions (scope1 and downstream)",6.4345703,0,,,
scope 1 & downsrtream,Q.010.40.005,Scope 1 and downstream direct emissions,kg ,"Butadiene (C4H6), direct emissions (scope1 and downstream)",9.338287752,0,,,
scope 1 & downsrtream,Q.010.40.006,Scope 1 and downstream direct emissions,kg ,"Butyl acetate (C6H12O2), direct emissions (scope1 and downstream)",2.782805949,0,,,
scope 1 & downsrtream,Q.010.40.006,Scope 1 and downstream direct emissions,kg ,"Chloroform (CHCl3), direct emissions (scope1 and downstream)",3.704602228,23.23308271,,,
scope 1 & downsrtream,Q.010.40.007,Scope 1 and downstream direct emissions,kg ,"Dichloro-ethane (C2H4Cl2), direct emissions (scope1 and downstream)",0.000708137,0,,,
scope 1 & downsrtream,Q.010.40.008,Scope 1 and downstream direct emissions,kg ,"Dimethyl ether (C2H6O), direct emissions (scope1 and downstream)",1.952490189,0,,,
scope 1 & downsrtream,Q.010.40.009,Scope 1 and downstream direct emissions,kg ,"Ethanol (C2H5OH), direct emissions (scope1 and downstream)",4.130421014,0,,,
scope 1 & downsrtream,Q.010.40.010,Scope 1 and downstream direct emissions,kg ,"Ethyl acetate  (C4H8O2), direct emissions (scope1 and downstream)",2.166462447,0,,,
scope 1 & downsrtream,Q.010.40.011,Scope 1 and downstream direct emissions,kg ,"Ethylene (C2H4), direct emissions (scope1 and downstream)",10.34294455,0,,,
scope 1 & downsrtream,Q.010.40.012,Scope 1 and downstream direct emissions,kg ,"Formaldehyde (CH2O), direct emissions (scope1 and downstream)",18.08109084,0,,,
scope 1 & downsrtream,Q.010.40.013,Scope 1 and downstream direct emissions,kg ,"Hexane (C6H14), direct emissions (scope1 and downstream)",5.010719511,0,,,
scope 1 & downsrtream,Q.010.40.014,Scope 1 and downstream direct emissions,kg ,"Isoprene (C5H8), direct emissions (scope1 and downstream)",11.32456281,0,,,
scope 1 & downsrtream,Q.010.40.015,Scope 1 and downstream direct emissions,kg ,"Methanol (CH3OH), direct emissions (scope1 and downstream)",1.446177614,0,,,
scope 1 & downsrtream,Q.010.40.016,Scope 1 and downstream direct emissions,kg ,"1-Propanol (C3H8O), direct emissions (scope1 and downstream)",5.803273997,0,,,
scope 1 & downsrtream,Q.010.40.017,Scope 1 and downstream direct emissions,kg ,"Naphthalene (C10H8), direct emissions (scope1 and downstream)",1.167272055,0,,,
scope 1 & downsrtream,Q.010.40.018,Scope 1 and downstream direct emissions,kg ,"Propylene (C3H6), direct emissions (scope1 and downstream)",11.6280513,0,,,
scope 1 & downsrtream,Q.010.40.019,Scope 1 and downstream direct emissions,kg ,"Styrene (C8H8), direct emissions (scope1 and downstream)",1.944201203,0,,,
scope 1 & downsrtream,Q.010.40.020,Scope 1 and downstream direct emissions,kg ,"Tetrachloroethylene (C2Cl4), direct emissions (scope1 and downstream)",1.743315173,7.15037594,,,
scope 1 & downsrtream,Q.010.40.021,Scope 1 and downstream direct emissions,kg ,"Toluene (C6H5CH3), direct emissions (scope1 and downstream)",6.610846651,0,,,
scope 1 & downsrtream,Q.010.40.022,Scope 1 and downstream direct emissions,kg ,"Trichloroethylene (C2HCl3), direct emissions (scope1 and downstream)",3.391987822,0.04962406,,,
scope 1 & downsrtream,Q.010.40.023,Scope 1 and downstream direct emissions,kg ,"Turpentine, direct emissions (scope1 and downstream)",0.002129439,0,,,
scope 1 & downsrtream,Q.010.40.023,Scope 1 and downstream direct emissions,kg ,"White spirit, direct emissions (scope1 and downstream)",0.048662736,0,,,
scope 1 & downsrtream,Q.010.40.024,Scope 1 and downstream direct emissions,kg ,"Xylene (C6H4(CH3)2), direct emissions (scope1 and downstream)",0.028167628,0,,,
scope 1 & downsrtream,Q.010.40.025,Scope 1 and downstream direct emissions,kg ,"Particulates PM2.5, direct emissions (scope1 and downstream)",40.1,0,,,
